# vsim -sv_seed 888493 -coverage -coveranalysis -debugDB -l counter_chk_888493.log -voptargs="+acc" -assertdebug -c testbench -do "coverage save -codeAll -cvg -onexit counter_chk.ucdb; log -r /*;run -all;" "+counter_chk" 
# Start time: 08:27:45 on May 12,2026
# ** Note: (vsim-8009) Loading existing optimized design _opt
# //  Questa Sim-64
# //  Version 10.6d_1 linux_x86_64 Apr 11 2018
# //
# //  Copyright 1991-2018 Mentor Graphics Corporation
# //  All Rights Reserved.
# //
# //  QuestaSim and its associated documentation contain trade
# //  secrets and commercial or financial information that are the property of
# //  Mentor Graphics Corporation and are privileged, confidential,
# //  and exempt from disclosure under the Freedom of Information Act,
# //  5 U.S.C. Section 552. Furthermore, this information
# //  is prohibited from disclosure under the Trade Secrets Act,
# //  18 U.S.C. Section 1905.
# //
# Loading sv_std.std
# Loading work.dut_if(fast)
# Loading work.timer_pkg(fast)
# Loading work.test_pkg(fast)
# Loading work.testbench(fast)
# Loading work.dut_if(fast)
# Loading work.timer_top(fast)
# Loading work.timer_register(fast)
# Loading work.timer_clock_divisor(fast)
# Loading work.timer_counter(fast)
# Loading work.timer_interrupt(fast)
# ** Note: (vsim-8716) Reusing existing debug database vsim.dbg.
# coverage save -codeAll -cvg -onexit counter_chk.ucdb
#  log -r /*
# run -all
# [Environment] Environment is building
# 
# ===== t=0 Case 4.1 Start count up =====
# 
#   0
# [Stimulus] Packet is sent to Driver
# [Driver] Data is sent to DUT
# [Monitor] Data is sent to Scoreboard
# [base] Write finished! Write data 01 at Address 00
# [Scoreboard] Get packet from Monitor: Address: 00, Data: 00
# [Stimulus] Packet is sent to Driver
# [Driver] Data is sent to DUT
# [Monitor] Data is sent to Scoreboard
# [base] Write finished! Write data 01 at Address 03
# [Scoreboard] Get packet from Monitor: Address: 03, Data: 00
# 
# ===== t=1370000 PASSED SUCCESSFULLY !!! Expected timing is 1280000, Actual timing is 1299999 =====
# 
# 
# ===== t=1370000 Case 4.2 Start count down =====
# 
# [Stimulus] Packet is sent to Driver
# [Driver] Data is sent to DUT
# [Monitor] Data is sent to Scoreboard
# [base] Write finished! Write data 02 at Address 00
# [Scoreboard] Get packet from Monitor: Address: 00, Data: 00
# [Stimulus] Packet is sent to Driver
# [Driver] Data is sent to DUT
# [Monitor] Data is sent to Scoreboard
# [base] Write finished! Write data 03 at Address 00
# [Scoreboard] Get packet from Monitor: Address: 00, Data: 00
# [Stimulus] Packet is sent to Driver
# [Driver] Data is sent to DUT
# [Monitor] Data is sent to Scoreboard
# [base] Write finished! Write data 02 at Address 03
# [Scoreboard] Get packet from Monitor: Address: 03, Data: 00
# 
# ===== t=2810000 PASSED SUCCESSFULLY !!! Expected timing is 1280000, Actual timing is 1299999 =====
# 
# 
# ===== t=2810000 Case 4.3 Load data and count up =====
# 
# [Stimulus] Packet is sent to Driver
# [Driver] Data is sent to DUT
# [Monitor] Data is sent to Scoreboard
# [base] Write finished! Write data 01 at Address 03
# [Scoreboard] Get packet from Monitor: Address: 03, Data: 00
# [Stimulus] Packet is sent to Driver
# [Driver] Data is sent to DUT
# [Monitor] Data is sent to Scoreboard
# [Base] Write finished! Write Random Data 03 at Address 02
# [Scoreboard] Get packet from Monitor: Address: 02, Data: 00
# [Stimulus] Packet is sent to Driver
#   1
# [Driver] Data is sent to DUT
# [Monitor] Data is sent to Scoreboard
# [base] Write finished! Write data 04 at Address 00
# [Scoreboard] Get packet from Monitor: Address: 00, Data: 00
# [Stimulus] Packet is sent to Driver
#   0
# [Driver] Data is sent to DUT
# [Monitor] Data is sent to Scoreboard
# [base] Write finished! Write data 01 at Address 00
# [Scoreboard] Get packet from Monitor: Address: 00, Data: 00
# 
# ===== t=4370000 PASSED SUCCESSFULLY !!! Expected timing is 1265000, Actual timing is 1279999 =====
# 
# [Stimulus] Packet is sent to Driver
# [Driver] Data is sent to DUT
# [Monitor] Data is sent to Scoreboard
# [base] Write finished! Write data 01 at Address 03
# [Scoreboard] Get packet from Monitor: Address: 03, Data: 00
# [Stimulus] Packet is sent to Driver
# [Driver] Data is sent to DUT
# [Monitor] Data is sent to Scoreboard
# [Base] Write finished! Write Random Data 0d at Address 02
# [Scoreboard] Get packet from Monitor: Address: 02, Data: 00
# [Stimulus] Packet is sent to Driver
#   1
# [Driver] Data is sent to DUT
# [Monitor] Data is sent to Scoreboard
# [base] Write finished! Write data 04 at Address 00
# [Scoreboard] Get packet from Monitor: Address: 00, Data: 00
# [Stimulus] Packet is sent to Driver
#   0
# [Driver] Data is sent to DUT
# [Monitor] Data is sent to Scoreboard
# [base] Write finished! Write data 01 at Address 00
# [Scoreboard] Get packet from Monitor: Address: 00, Data: 00
# 
# ===== t=5870000 PASSED SUCCESSFULLY !!! Expected timing is 1215000, Actual timing is 1219999 =====
# 
# [Stimulus] Packet is sent to Driver
# [Driver] Data is sent to DUT
# [Monitor] Data is sent to Scoreboard
# [base] Write finished! Write data 01 at Address 03
# [Scoreboard] Get packet from Monitor: Address: 03, Data: 00
# [Stimulus] Packet is sent to Driver
# [Driver] Data is sent to DUT
# [Monitor] Data is sent to Scoreboard
# [Base] Write finished! Write Random Data ce at Address 02
# [Scoreboard] Get packet from Monitor: Address: 02, Data: 00
# [Stimulus] Packet is sent to Driver
#   1
# [Driver] Data is sent to DUT
# [Monitor] Data is sent to Scoreboard
# [base] Write finished! Write data 04 at Address 00
# [Scoreboard] Get packet from Monitor: Address: 00, Data: 00
# [Stimulus] Packet is sent to Driver
#   0
# [Driver] Data is sent to DUT
# [Monitor] Data is sent to Scoreboard
# [base] Write finished! Write data 01 at Address 00
# [Scoreboard] Get packet from Monitor: Address: 00, Data: 00
# 
# ===== t=6410000 PASSED SUCCESSFULLY !!! Expected timing is 250000, Actual timing is 259999 =====
# 
# [Stimulus] Packet is sent to Driver
# [Driver] Data is sent to DUT
# [Monitor] Data is sent to Scoreboard
# [base] Write finished! Write data 01 at Address 03
# [Scoreboard] Get packet from Monitor: Address: 03, Data: 00
# [Stimulus] Packet is sent to Driver
# [Driver] Data is sent to DUT
# [Monitor] Data is sent to Scoreboard
# [Base] Write finished! Write Random Data dd at Address 02
# [Scoreboard] Get packet from Monitor: Address: 02, Data: 00
# [Stimulus] Packet is sent to Driver
#   1
# [Driver] Data is sent to DUT
# [Monitor] Data is sent to Scoreboard
# [base] Write finished! Write data 04 at Address 00
# [Scoreboard] Get packet from Monitor: Address: 00, Data: 00
# [Stimulus] Packet is sent to Driver
#   0
# [Driver] Data is sent to DUT
# [Monitor] Data is sent to Scoreboard
# [base] Write finished! Write data 01 at Address 00
# [Scoreboard] Get packet from Monitor: Address: 00, Data: 00
# 
# ===== t=6870000 PASSED SUCCESSFULLY !!! Expected timing is 175000, Actual timing is 179999 =====
# 
# [Stimulus] Packet is sent to Driver
# [Driver] Data is sent to DUT
# [Monitor] Data is sent to Scoreboard
# [base] Write finished! Write data 01 at Address 03
# [Scoreboard] Get packet from Monitor: Address: 03, Data: 00
# [Stimulus] Packet is sent to Driver
# [Driver] Data is sent to DUT
# [Monitor] Data is sent to Scoreboard
# [Base] Write finished! Write Random Data 25 at Address 02
# [Scoreboard] Get packet from Monitor: Address: 02, Data: 00
# [Stimulus] Packet is sent to Driver
#   1
# [Driver] Data is sent to DUT
# [Monitor] Data is sent to Scoreboard
# [base] Write finished! Write data 04 at Address 00
# [Scoreboard] Get packet from Monitor: Address: 00, Data: 00
# [Stimulus] Packet is sent to Driver
#   0
# [Driver] Data is sent to DUT
# [Monitor] Data is sent to Scoreboard
# [base] Write finished! Write data 01 at Address 00
# [Scoreboard] Get packet from Monitor: Address: 00, Data: 00
# 
# ===== t=8250000 PASSED SUCCESSFULLY !!! Expected timing is 1095000, Actual timing is 1099999 =====
# 
# [Stimulus] Packet is sent to Driver
# [Driver] Data is sent to DUT
# [Monitor] Data is sent to Scoreboard
# [base] Write finished! Write data 01 at Address 03
# [Scoreboard] Get packet from Monitor: Address: 03, Data: 00
# [Stimulus] Packet is sent to Driver
# [Driver] Data is sent to DUT
# [Monitor] Data is sent to Scoreboard
# [Base] Write finished! Write Random Data 00 at Address 02
# [Scoreboard] Get packet from Monitor: Address: 02, Data: 00
# [Stimulus] Packet is sent to Driver
#   1
# [Driver] Data is sent to DUT
# [Monitor] Data is sent to Scoreboard
# [base] Write finished! Write data 04 at Address 00
# [Scoreboard] Get packet from Monitor: Address: 00, Data: 00
# [Stimulus] Packet is sent to Driver
#   0
# [Driver] Data is sent to DUT
# [Monitor] Data is sent to Scoreboard
# [base] Write finished! Write data 01 at Address 00
# [Scoreboard] Get packet from Monitor: Address: 00, Data: 00
# 
# ===== t=9830000 PASSED SUCCESSFULLY !!! Expected timing is 1280000, Actual timing is 1299999 =====
# 
# [Stimulus] Packet is sent to Driver
# [Driver] Data is sent to DUT
# [Monitor] Data is sent to Scoreboard
# [base] Write finished! Write data 01 at Address 03
# [Scoreboard] Get packet from Monitor: Address: 03, Data: 00
# [Stimulus] Packet is sent to Driver
# [Driver] Data is sent to DUT
# [Monitor] Data is sent to Scoreboard
# [Base] Write finished! Write Random Data 4c at Address 02
# [Scoreboard] Get packet from Monitor: Address: 02, Data: 00
# [Stimulus] Packet is sent to Driver
#   1
# [Driver] Data is sent to DUT
# [Monitor] Data is sent to Scoreboard
# [base] Write finished! Write data 04 at Address 00
# [Scoreboard] Get packet from Monitor: Address: 00, Data: 00
# [Stimulus] Packet is sent to Driver
#   0
# [Driver] Data is sent to DUT
# [Monitor] Data is sent to Scoreboard
# [base] Write finished! Write data 01 at Address 00
# [Scoreboard] Get packet from Monitor: Address: 00, Data: 00
# 
# ===== t=11030000 PASSED SUCCESSFULLY !!! Expected timing is 900000, Actual timing is 919999 =====
# 
# [Stimulus] Packet is sent to Driver
# [Driver] Data is sent to DUT
# [Monitor] Data is sent to Scoreboard
# [base] Write finished! Write data 01 at Address 03
# [Scoreboard] Get packet from Monitor: Address: 03, Data: 00
# [Stimulus] Packet is sent to Driver
# [Driver] Data is sent to DUT
# [Monitor] Data is sent to Scoreboard
# [Base] Write finished! Write Random Data 6a at Address 02
# [Scoreboard] Get packet from Monitor: Address: 02, Data: 00
# [Stimulus] Packet is sent to Driver
#   1
# [Driver] Data is sent to DUT
# [Monitor] Data is sent to Scoreboard
# [base] Write finished! Write data 04 at Address 00
# [Scoreboard] Get packet from Monitor: Address: 00, Data: 00
# [Stimulus] Packet is sent to Driver
#   0
# [Driver] Data is sent to DUT
# [Monitor] Data is sent to Scoreboard
# [base] Write finished! Write data 01 at Address 00
# [Scoreboard] Get packet from Monitor: Address: 00, Data: 00
# 
# ===== t=12070000 PASSED SUCCESSFULLY !!! Expected timing is 750000, Actual timing is 759999 =====
# 
# [Stimulus] Packet is sent to Driver
# [Driver] Data is sent to DUT
# [Monitor] Data is sent to Scoreboard
# [base] Write finished! Write data 01 at Address 03
# [Scoreboard] Get packet from Monitor: Address: 03, Data: 00
# [Stimulus] Packet is sent to Driver
# [Driver] Data is sent to DUT
# [Monitor] Data is sent to Scoreboard
# [Base] Write finished! Write Random Data 03 at Address 02
# [Scoreboard] Get packet from Monitor: Address: 02, Data: 00
# [Stimulus] Packet is sent to Driver
#   1
# [Driver] Data is sent to DUT
# [Monitor] Data is sent to Scoreboard
# [base] Write finished! Write data 04 at Address 00
# [Scoreboard] Get packet from Monitor: Address: 00, Data: 00
# [Stimulus] Packet is sent to Driver
#   0
# [Driver] Data is sent to DUT
# [Monitor] Data is sent to Scoreboard
# [base] Write finished! Write data 01 at Address 00
# [Scoreboard] Get packet from Monitor: Address: 00, Data: 00
# 
# ===== t=13630000 PASSED SUCCESSFULLY !!! Expected timing is 1265000, Actual timing is 1279999 =====
# 
# [Stimulus] Packet is sent to Driver
# [Driver] Data is sent to DUT
# [Monitor] Data is sent to Scoreboard
# [base] Write finished! Write data 01 at Address 03
# [Scoreboard] Get packet from Monitor: Address: 03, Data: 00
# [Stimulus] Packet is sent to Driver
# [Driver] Data is sent to DUT
# [Monitor] Data is sent to Scoreboard
# [Base] Write finished! Write Random Data a0 at Address 02
# [Scoreboard] Get packet from Monitor: Address: 02, Data: 00
# [Stimulus] Packet is sent to Driver
#   1
# [Driver] Data is sent to DUT
# [Monitor] Data is sent to Scoreboard
# [base] Write finished! Write data 04 at Address 00
# [Scoreboard] Get packet from Monitor: Address: 00, Data: 00
# [Stimulus] Packet is sent to Driver
#   0
# [Driver] Data is sent to DUT
# [Monitor] Data is sent to Scoreboard
# [base] Write finished! Write data 01 at Address 00
# [Scoreboard] Get packet from Monitor: Address: 00, Data: 00
# 
# ===== t=14410000 PASSED SUCCESSFULLY !!! Expected timing is 480000, Actual timing is 499999 =====
# 
# [Stimulus] Packet is sent to Driver
# [Driver] Data is sent to DUT
# [Monitor] Data is sent to Scoreboard
# [base] Write finished! Write data 01 at Address 03
# [Scoreboard] Get packet from Monitor: Address: 03, Data: 00
# [Stimulus] Packet is sent to Driver
# [Driver] Data is sent to DUT
# [Monitor] Data is sent to Scoreboard
# [Base] Write finished! Write Random Data 4b at Address 02
# [Scoreboard] Get packet from Monitor: Address: 02, Data: 00
# [Stimulus] Packet is sent to Driver
#   1
# [Driver] Data is sent to DUT
# [Monitor] Data is sent to Scoreboard
# [base] Write finished! Write data 04 at Address 00
# [Scoreboard] Get packet from Monitor: Address: 00, Data: 00
# [Stimulus] Packet is sent to Driver
#   0
# [Driver] Data is sent to DUT
# [Monitor] Data is sent to Scoreboard
# [base] Write finished! Write data 01 at Address 00
# [Scoreboard] Get packet from Monitor: Address: 00, Data: 00
# 
# ===== t=15610000 PASSED SUCCESSFULLY !!! Expected timing is 905000, Actual timing is 919999 =====
# 
# [Stimulus] Packet is sent to Driver
# [Driver] Data is sent to DUT
# [Monitor] Data is sent to Scoreboard
# [base] Write finished! Write data 01 at Address 03
# [Scoreboard] Get packet from Monitor: Address: 03, Data: 00
# [Stimulus] Packet is sent to Driver
# [Driver] Data is sent to DUT
# [Monitor] Data is sent to Scoreboard
# [Base] Write finished! Write Random Data c2 at Address 02
# [Scoreboard] Get packet from Monitor: Address: 02, Data: 00
# [Stimulus] Packet is sent to Driver
#   1
# [Driver] Data is sent to DUT
# [Monitor] Data is sent to Scoreboard
# [base] Write finished! Write data 04 at Address 00
# [Scoreboard] Get packet from Monitor: Address: 00, Data: 00
# [Stimulus] Packet is sent to Driver
#   0
# [Driver] Data is sent to DUT
# [Monitor] Data is sent to Scoreboard
# [base] Write finished! Write data 01 at Address 00
# [Scoreboard] Get packet from Monitor: Address: 00, Data: 00
# 
# ===== t=16210000 PASSED SUCCESSFULLY !!! Expected timing is 310000, Actual timing is 319999 =====
# 
# [Stimulus] Packet is sent to Driver
# [Driver] Data is sent to DUT
# [Monitor] Data is sent to Scoreboard
# [base] Write finished! Write data 01 at Address 03
# [Scoreboard] Get packet from Monitor: Address: 03, Data: 00
# [Stimulus] Packet is sent to Driver
# [Driver] Data is sent to DUT
# [Monitor] Data is sent to Scoreboard
# [Base] Write finished! Write Random Data c1 at Address 02
# [Scoreboard] Get packet from Monitor: Address: 02, Data: 00
# [Stimulus] Packet is sent to Driver
#   1
# [Driver] Data is sent to DUT
# [Monitor] Data is sent to Scoreboard
# [base] Write finished! Write data 04 at Address 00
# [Scoreboard] Get packet from Monitor: Address: 00, Data: 00
# [Stimulus] Packet is sent to Driver
#   0
# [Driver] Data is sent to DUT
# [Monitor] Data is sent to Scoreboard
# [base] Write finished! Write data 01 at Address 00
# [Scoreboard] Get packet from Monitor: Address: 00, Data: 00
# 
# ===== t=16810000 PASSED SUCCESSFULLY !!! Expected timing is 315000, Actual timing is 319999 =====
# 
# [Stimulus] Packet is sent to Driver
# [Driver] Data is sent to DUT
# [Monitor] Data is sent to Scoreboard
# [base] Write finished! Write data 01 at Address 03
# [Scoreboard] Get packet from Monitor: Address: 03, Data: 00
# [Stimulus] Packet is sent to Driver
# [Driver] Data is sent to DUT
# [Monitor] Data is sent to Scoreboard
# [Base] Write finished! Write Random Data 14 at Address 02
# [Scoreboard] Get packet from Monitor: Address: 02, Data: 00
# [Stimulus] Packet is sent to Driver
#   1
# [Driver] Data is sent to DUT
# [Monitor] Data is sent to Scoreboard
# [base] Write finished! Write data 04 at Address 00
# [Scoreboard] Get packet from Monitor: Address: 00, Data: 00
# [Stimulus] Packet is sent to Driver
#   0
# [Driver] Data is sent to DUT
# [Monitor] Data is sent to Scoreboard
# [base] Write finished! Write data 01 at Address 00
# [Scoreboard] Get packet from Monitor: Address: 00, Data: 00
# 
# ===== t=18290000 PASSED SUCCESSFULLY !!! Expected timing is 1180000, Actual timing is 1199999 =====
# 
# [Stimulus] Packet is sent to Driver
# [Driver] Data is sent to DUT
# [Monitor] Data is sent to Scoreboard
# [base] Write finished! Write data 01 at Address 03
# [Scoreboard] Get packet from Monitor: Address: 03, Data: 00
# [Stimulus] Packet is sent to Driver
# [Driver] Data is sent to DUT
# [Monitor] Data is sent to Scoreboard
# [Base] Write finished! Write Random Data ec at Address 02
# [Scoreboard] Get packet from Monitor: Address: 02, Data: 00
# [Stimulus] Packet is sent to Driver
#   1
# [Driver] Data is sent to DUT
# [Monitor] Data is sent to Scoreboard
# [base] Write finished! Write data 04 at Address 00
# [Scoreboard] Get packet from Monitor: Address: 00, Data: 00
# [Stimulus] Packet is sent to Driver
#   0
# [Driver] Data is sent to DUT
# [Monitor] Data is sent to Scoreboard
# [base] Write finished! Write data 01 at Address 00
# [Scoreboard] Get packet from Monitor: Address: 00, Data: 00
# 
# ===== t=18690000 PASSED SUCCESSFULLY !!! Expected timing is 100000, Actual timing is 119999 =====
# 
# [Stimulus] Packet is sent to Driver
# [Driver] Data is sent to DUT
# [Monitor] Data is sent to Scoreboard
# [base] Write finished! Write data 01 at Address 03
# [Scoreboard] Get packet from Monitor: Address: 03, Data: 00
# [Stimulus] Packet is sent to Driver
# [Driver] Data is sent to DUT
# [Monitor] Data is sent to Scoreboard
# [Base] Write finished! Write Random Data 2e at Address 02
# [Scoreboard] Get packet from Monitor: Address: 02, Data: 00
# [Stimulus] Packet is sent to Driver
#   1
# [Driver] Data is sent to DUT
# [Monitor] Data is sent to Scoreboard
# [base] Write finished! Write data 04 at Address 00
# [Scoreboard] Get packet from Monitor: Address: 00, Data: 00
# [Stimulus] Packet is sent to Driver
#   0
# [Driver] Data is sent to DUT
# [Monitor] Data is sent to Scoreboard
# [base] Write finished! Write data 01 at Address 00
# [Scoreboard] Get packet from Monitor: Address: 00, Data: 00
# 
# ===== t=20030000 PASSED SUCCESSFULLY !!! Expected timing is 1050000, Actual timing is 1059999 =====
# 
# [Stimulus] Packet is sent to Driver
# [Driver] Data is sent to DUT
# [Monitor] Data is sent to Scoreboard
# [base] Write finished! Write data 01 at Address 03
# [Scoreboard] Get packet from Monitor: Address: 03, Data: 00
# [Stimulus] Packet is sent to Driver
# [Driver] Data is sent to DUT
# [Monitor] Data is sent to Scoreboard
# [Base] Write finished! Write Random Data 96 at Address 02
# [Scoreboard] Get packet from Monitor: Address: 02, Data: 00
# [Stimulus] Packet is sent to Driver
#   1
# [Driver] Data is sent to DUT
# [Monitor] Data is sent to Scoreboard
# [base] Write finished! Write data 04 at Address 00
# [Scoreboard] Get packet from Monitor: Address: 00, Data: 00
# [Stimulus] Packet is sent to Driver
#   0
# [Driver] Data is sent to DUT
# [Monitor] Data is sent to Scoreboard
# [base] Write finished! Write data 01 at Address 00
# [Scoreboard] Get packet from Monitor: Address: 00, Data: 00
# 
# ===== t=20850000 PASSED SUCCESSFULLY !!! Expected timing is 530000, Actual timing is 539999 =====
# 
# [Stimulus] Packet is sent to Driver
# [Driver] Data is sent to DUT
# [Monitor] Data is sent to Scoreboard
# [base] Write finished! Write data 01 at Address 03
# [Scoreboard] Get packet from Monitor: Address: 03, Data: 00
# [Stimulus] Packet is sent to Driver
# [Driver] Data is sent to DUT
# [Monitor] Data is sent to Scoreboard
# [Base] Write finished! Write Random Data 20 at Address 02
# [Scoreboard] Get packet from Monitor: Address: 02, Data: 00
# [Stimulus] Packet is sent to Driver
#   1
# [Driver] Data is sent to DUT
# [Monitor] Data is sent to Scoreboard
# [base] Write finished! Write data 04 at Address 00
# [Scoreboard] Get packet from Monitor: Address: 00, Data: 00
# [Stimulus] Packet is sent to Driver
#   0
# [Driver] Data is sent to DUT
# [Monitor] Data is sent to Scoreboard
# [base] Write finished! Write data 01 at Address 00
# [Scoreboard] Get packet from Monitor: Address: 00, Data: 00
# 
# ===== t=22270000 PASSED SUCCESSFULLY !!! Expected timing is 1120000, Actual timing is 1139999 =====
# 
# [Stimulus] Packet is sent to Driver
# [Driver] Data is sent to DUT
# [Monitor] Data is sent to Scoreboard
# [base] Write finished! Write data 01 at Address 03
# [Scoreboard] Get packet from Monitor: Address: 03, Data: 00
# [Stimulus] Packet is sent to Driver
# [Driver] Data is sent to DUT
# [Monitor] Data is sent to Scoreboard
# [Base] Write finished! Write Random Data 6f at Address 02
# [Scoreboard] Get packet from Monitor: Address: 02, Data: 00
# [Stimulus] Packet is sent to Driver
#   1
# [Driver] Data is sent to DUT
# [Monitor] Data is sent to Scoreboard
# [base] Write finished! Write data 04 at Address 00
# [Scoreboard] Get packet from Monitor: Address: 00, Data: 00
# [Stimulus] Packet is sent to Driver
#   0
# [Driver] Data is sent to DUT
# [Monitor] Data is sent to Scoreboard
# [base] Write finished! Write data 01 at Address 00
# [Scoreboard] Get packet from Monitor: Address: 00, Data: 00
# 
# ===== t=23290000 PASSED SUCCESSFULLY !!! Expected timing is 725000, Actual timing is 739999 =====
# 
# [Stimulus] Packet is sent to Driver
# [Driver] Data is sent to DUT
# [Monitor] Data is sent to Scoreboard
# [base] Write finished! Write data 01 at Address 03
# [Scoreboard] Get packet from Monitor: Address: 03, Data: 00
# [Stimulus] Packet is sent to Driver
# [Driver] Data is sent to DUT
# [Monitor] Data is sent to Scoreboard
# [Base] Write finished! Write Random Data d0 at Address 02
# [Scoreboard] Get packet from Monitor: Address: 02, Data: 00
# [Stimulus] Packet is sent to Driver
#   1
# [Driver] Data is sent to DUT
# [Monitor] Data is sent to Scoreboard
# [base] Write finished! Write data 04 at Address 00
# [Scoreboard] Get packet from Monitor: Address: 00, Data: 00
# [Stimulus] Packet is sent to Driver
#   0
# [Driver] Data is sent to DUT
# [Monitor] Data is sent to Scoreboard
# [base] Write finished! Write data 01 at Address 00
# [Scoreboard] Get packet from Monitor: Address: 00, Data: 00
# 
# ===== t=23830000 PASSED SUCCESSFULLY !!! Expected timing is 240000, Actual timing is 259999 =====
# 
# [Stimulus] Packet is sent to Driver
# [Driver] Data is sent to DUT
# [Monitor] Data is sent to Scoreboard
# [base] Write finished! Write data 01 at Address 03
# [Scoreboard] Get packet from Monitor: Address: 03, Data: 00
# [Stimulus] Packet is sent to Driver
# [Driver] Data is sent to DUT
# [Monitor] Data is sent to Scoreboard
# [Base] Write finished! Write Random Data 14 at Address 02
# [Scoreboard] Get packet from Monitor: Address: 02, Data: 00
# [Stimulus] Packet is sent to Driver
#   1
# [Driver] Data is sent to DUT
# [Monitor] Data is sent to Scoreboard
# [base] Write finished! Write data 04 at Address 00
# [Scoreboard] Get packet from Monitor: Address: 00, Data: 00
# [Stimulus] Packet is sent to Driver
#   0
# [Driver] Data is sent to DUT
# [Monitor] Data is sent to Scoreboard
# [base] Write finished! Write data 01 at Address 00
# [Scoreboard] Get packet from Monitor: Address: 00, Data: 00
# 
# ===== t=25310000 PASSED SUCCESSFULLY !!! Expected timing is 1180000, Actual timing is 1199999 =====
# 
# [Stimulus] Packet is sent to Driver
# [Driver] Data is sent to DUT
# [Monitor] Data is sent to Scoreboard
# [base] Write finished! Write data 01 at Address 03
# [Scoreboard] Get packet from Monitor: Address: 03, Data: 00
# [Stimulus] Packet is sent to Driver
# [Driver] Data is sent to DUT
# [Monitor] Data is sent to Scoreboard
# [Base] Write finished! Write Random Data 26 at Address 02
# [Scoreboard] Get packet from Monitor: Address: 02, Data: 00
# [Stimulus] Packet is sent to Driver
#   1
# [Driver] Data is sent to DUT
# [Monitor] Data is sent to Scoreboard
# [base] Write finished! Write data 04 at Address 00
# [Scoreboard] Get packet from Monitor: Address: 00, Data: 00
# [Stimulus] Packet is sent to Driver
#   0
# [Driver] Data is sent to DUT
# [Monitor] Data is sent to Scoreboard
# [base] Write finished! Write data 01 at Address 00
# [Scoreboard] Get packet from Monitor: Address: 00, Data: 00
# 
# ===== t=26690000 PASSED SUCCESSFULLY !!! Expected timing is 1090000, Actual timing is 1099999 =====
# 
# [Stimulus] Packet is sent to Driver
# [Driver] Data is sent to DUT
# [Monitor] Data is sent to Scoreboard
# [base] Write finished! Write data 01 at Address 03
# [Scoreboard] Get packet from Monitor: Address: 03, Data: 00
# [Stimulus] Packet is sent to Driver
# [Driver] Data is sent to DUT
# [Monitor] Data is sent to Scoreboard
# [Base] Write finished! Write Random Data 8c at Address 02
# [Scoreboard] Get packet from Monitor: Address: 02, Data: 00
# [Stimulus] Packet is sent to Driver
#   1
# [Driver] Data is sent to DUT
# [Monitor] Data is sent to Scoreboard
# [base] Write finished! Write data 04 at Address 00
# [Scoreboard] Get packet from Monitor: Address: 00, Data: 00
# [Stimulus] Packet is sent to Driver
#   0
# [Driver] Data is sent to DUT
# [Monitor] Data is sent to Scoreboard
# [base] Write finished! Write data 01 at Address 00
# [Scoreboard] Get packet from Monitor: Address: 00, Data: 00
# 
# ===== t=27570000 PASSED SUCCESSFULLY !!! Expected timing is 580000, Actual timing is 599999 =====
# 
# [Stimulus] Packet is sent to Driver
# [Driver] Data is sent to DUT
# [Monitor] Data is sent to Scoreboard
# [base] Write finished! Write data 01 at Address 03
# [Scoreboard] Get packet from Monitor: Address: 03, Data: 00
# [Stimulus] Packet is sent to Driver
# [Driver] Data is sent to DUT
# [Monitor] Data is sent to Scoreboard
# [Base] Write finished! Write Random Data 7b at Address 02
# [Scoreboard] Get packet from Monitor: Address: 02, Data: 00
# [Stimulus] Packet is sent to Driver
#   1
# [Driver] Data is sent to DUT
# [Monitor] Data is sent to Scoreboard
# [base] Write finished! Write data 04 at Address 00
# [Scoreboard] Get packet from Monitor: Address: 00, Data: 00
# [Stimulus] Packet is sent to Driver
#   0
# [Driver] Data is sent to DUT
# [Monitor] Data is sent to Scoreboard
# [base] Write finished! Write data 01 at Address 00
# [Scoreboard] Get packet from Monitor: Address: 00, Data: 00
# 
# ===== t=28530000 PASSED SUCCESSFULLY !!! Expected timing is 665000, Actual timing is 679999 =====
# 
# [Stimulus] Packet is sent to Driver
# [Driver] Data is sent to DUT
# [Monitor] Data is sent to Scoreboard
# [base] Write finished! Write data 01 at Address 03
# [Scoreboard] Get packet from Monitor: Address: 03, Data: 00
# [Stimulus] Packet is sent to Driver
# [Driver] Data is sent to DUT
# [Monitor] Data is sent to Scoreboard
# [Base] Write finished! Write Random Data da at Address 02
# [Scoreboard] Get packet from Monitor: Address: 02, Data: 00
# [Stimulus] Packet is sent to Driver
#   1
# [Driver] Data is sent to DUT
# [Monitor] Data is sent to Scoreboard
# [base] Write finished! Write data 04 at Address 00
# [Scoreboard] Get packet from Monitor: Address: 00, Data: 00
# [Stimulus] Packet is sent to Driver
#   0
# [Driver] Data is sent to DUT
# [Monitor] Data is sent to Scoreboard
# [base] Write finished! Write data 01 at Address 00
# [Scoreboard] Get packet from Monitor: Address: 00, Data: 00
# 
# ===== t=29010000 PASSED SUCCESSFULLY !!! Expected timing is 190000, Actual timing is 199999 =====
# 
# [Stimulus] Packet is sent to Driver
# [Driver] Data is sent to DUT
# [Monitor] Data is sent to Scoreboard
# [base] Write finished! Write data 01 at Address 03
# [Scoreboard] Get packet from Monitor: Address: 03, Data: 00
# [Stimulus] Packet is sent to Driver
# [Driver] Data is sent to DUT
# [Monitor] Data is sent to Scoreboard
# [Base] Write finished! Write Random Data d9 at Address 02
# [Scoreboard] Get packet from Monitor: Address: 02, Data: 00
# [Stimulus] Packet is sent to Driver
#   1
# [Driver] Data is sent to DUT
# [Monitor] Data is sent to Scoreboard
# [base] Write finished! Write data 04 at Address 00
# [Scoreboard] Get packet from Monitor: Address: 00, Data: 00
# [Stimulus] Packet is sent to Driver
#   0
# [Driver] Data is sent to DUT
# [Monitor] Data is sent to Scoreboard
# [base] Write finished! Write data 01 at Address 00
# [Scoreboard] Get packet from Monitor: Address: 00, Data: 00
# 
# ===== t=29490000 PASSED SUCCESSFULLY !!! Expected timing is 195000, Actual timing is 199999 =====
# 
# [Stimulus] Packet is sent to Driver
# [Driver] Data is sent to DUT
# [Monitor] Data is sent to Scoreboard
# [base] Write finished! Write data 01 at Address 03
# [Scoreboard] Get packet from Monitor: Address: 03, Data: 00
# [Stimulus] Packet is sent to Driver
# [Driver] Data is sent to DUT
# [Monitor] Data is sent to Scoreboard
# [Base] Write finished! Write Random Data ca at Address 02
# [Scoreboard] Get packet from Monitor: Address: 02, Data: 00
# [Stimulus] Packet is sent to Driver
#   1
# [Driver] Data is sent to DUT
# [Monitor] Data is sent to Scoreboard
# [base] Write finished! Write data 04 at Address 00
# [Scoreboard] Get packet from Monitor: Address: 00, Data: 00
# [Stimulus] Packet is sent to Driver
#   0
# [Driver] Data is sent to DUT
# [Monitor] Data is sent to Scoreboard
# [base] Write finished! Write data 01 at Address 00
# [Scoreboard] Get packet from Monitor: Address: 00, Data: 00
# 
# ===== t=30050000 PASSED SUCCESSFULLY !!! Expected timing is 270000, Actual timing is 279999 =====
# 
# [Stimulus] Packet is sent to Driver
# [Driver] Data is sent to DUT
# [Monitor] Data is sent to Scoreboard
# [base] Write finished! Write data 01 at Address 03
# [Scoreboard] Get packet from Monitor: Address: 03, Data: 00
# [Stimulus] Packet is sent to Driver
# [Driver] Data is sent to DUT
# [Monitor] Data is sent to Scoreboard
# [Base] Write finished! Write Random Data c6 at Address 02
# [Scoreboard] Get packet from Monitor: Address: 02, Data: 00
# [Stimulus] Packet is sent to Driver
#   1
# [Driver] Data is sent to DUT
# [Monitor] Data is sent to Scoreboard
# [base] Write finished! Write data 04 at Address 00
# [Scoreboard] Get packet from Monitor: Address: 00, Data: 00
# [Stimulus] Packet is sent to Driver
#   0
# [Driver] Data is sent to DUT
# [Monitor] Data is sent to Scoreboard
# [base] Write finished! Write data 01 at Address 00
# [Scoreboard] Get packet from Monitor: Address: 00, Data: 00
# 
# ===== t=30630000 PASSED SUCCESSFULLY !!! Expected timing is 290000, Actual timing is 299999 =====
# 
# [Stimulus] Packet is sent to Driver
# [Driver] Data is sent to DUT
# [Monitor] Data is sent to Scoreboard
# [base] Write finished! Write data 01 at Address 03
# [Scoreboard] Get packet from Monitor: Address: 03, Data: 00
# [Stimulus] Packet is sent to Driver
# [Driver] Data is sent to DUT
# [Monitor] Data is sent to Scoreboard
# [Base] Write finished! Write Random Data 52 at Address 02
# [Scoreboard] Get packet from Monitor: Address: 02, Data: 00
# [Stimulus] Packet is sent to Driver
#   1
# [Driver] Data is sent to DUT
# [Monitor] Data is sent to Scoreboard
# [base] Write finished! Write data 04 at Address 00
# [Scoreboard] Get packet from Monitor: Address: 00, Data: 00
# [Stimulus] Packet is sent to Driver
#   0
# [Driver] Data is sent to DUT
# [Monitor] Data is sent to Scoreboard
# [base] Write finished! Write data 01 at Address 00
# [Scoreboard] Get packet from Monitor: Address: 00, Data: 00
# 
# ===== t=31790000 PASSED SUCCESSFULLY !!! Expected timing is 870000, Actual timing is 879999 =====
# 
# [Stimulus] Packet is sent to Driver
# [Driver] Data is sent to DUT
# [Monitor] Data is sent to Scoreboard
# [base] Write finished! Write data 01 at Address 03
# [Scoreboard] Get packet from Monitor: Address: 03, Data: 00
# [Stimulus] Packet is sent to Driver
# [Driver] Data is sent to DUT
# [Monitor] Data is sent to Scoreboard
# [Base] Write finished! Write Random Data 5b at Address 02
# [Scoreboard] Get packet from Monitor: Address: 02, Data: 00
# [Stimulus] Packet is sent to Driver
#   1
# [Driver] Data is sent to DUT
# [Monitor] Data is sent to Scoreboard
# [base] Write finished! Write data 04 at Address 00
# [Scoreboard] Get packet from Monitor: Address: 00, Data: 00
# [Stimulus] Packet is sent to Driver
#   0
# [Driver] Data is sent to DUT
# [Monitor] Data is sent to Scoreboard
# [base] Write finished! Write data 01 at Address 00
# [Scoreboard] Get packet from Monitor: Address: 00, Data: 00
# 
# ===== t=32910000 PASSED SUCCESSFULLY !!! Expected timing is 825000, Actual timing is 839999 =====
# 
# [Stimulus] Packet is sent to Driver
# [Driver] Data is sent to DUT
# [Monitor] Data is sent to Scoreboard
# [base] Write finished! Write data 01 at Address 03
# [Scoreboard] Get packet from Monitor: Address: 03, Data: 00
# [Stimulus] Packet is sent to Driver
# [Driver] Data is sent to DUT
# [Monitor] Data is sent to Scoreboard
# [Base] Write finished! Write Random Data e9 at Address 02
# [Scoreboard] Get packet from Monitor: Address: 02, Data: 00
# [Stimulus] Packet is sent to Driver
#   1
# [Driver] Data is sent to DUT
# [Monitor] Data is sent to Scoreboard
# [base] Write finished! Write data 04 at Address 00
# [Scoreboard] Get packet from Monitor: Address: 00, Data: 00
# [Stimulus] Packet is sent to Driver
#   0
# [Driver] Data is sent to DUT
# [Monitor] Data is sent to Scoreboard
# [base] Write finished! Write data 01 at Address 00
# [Scoreboard] Get packet from Monitor: Address: 00, Data: 00
# 
# ===== t=33310000 PASSED SUCCESSFULLY !!! Expected timing is 115000, Actual timing is 119999 =====
# 
# [Stimulus] Packet is sent to Driver
# [Driver] Data is sent to DUT
# [Monitor] Data is sent to Scoreboard
# [base] Write finished! Write data 01 at Address 03
# [Scoreboard] Get packet from Monitor: Address: 03, Data: 00
# [Stimulus] Packet is sent to Driver
# [Driver] Data is sent to DUT
# [Monitor] Data is sent to Scoreboard
# [Base] Write finished! Write Random Data 68 at Address 02
# [Scoreboard] Get packet from Monitor: Address: 02, Data: 00
# [Stimulus] Packet is sent to Driver
#   1
# [Driver] Data is sent to DUT
# [Monitor] Data is sent to Scoreboard
# [base] Write finished! Write data 04 at Address 00
# [Scoreboard] Get packet from Monitor: Address: 00, Data: 00
# [Stimulus] Packet is sent to Driver
#   0
# [Driver] Data is sent to DUT
# [Monitor] Data is sent to Scoreboard
# [base] Write finished! Write data 01 at Address 00
# [Scoreboard] Get packet from Monitor: Address: 00, Data: 00
# 
# ===== t=34370000 PASSED SUCCESSFULLY !!! Expected timing is 760000, Actual timing is 779999 =====
# 
# [Stimulus] Packet is sent to Driver
# [Driver] Data is sent to DUT
# [Monitor] Data is sent to Scoreboard
# [base] Write finished! Write data 01 at Address 03
# [Scoreboard] Get packet from Monitor: Address: 03, Data: 00
# [Stimulus] Packet is sent to Driver
# [Driver] Data is sent to DUT
# [Monitor] Data is sent to Scoreboard
# [Base] Write finished! Write Random Data 29 at Address 02
# [Scoreboard] Get packet from Monitor: Address: 02, Data: 00
# [Stimulus] Packet is sent to Driver
#   1
# [Driver] Data is sent to DUT
# [Monitor] Data is sent to Scoreboard
# [base] Write finished! Write data 04 at Address 00
# [Scoreboard] Get packet from Monitor: Address: 00, Data: 00
# [Stimulus] Packet is sent to Driver
#   0
# [Driver] Data is sent to DUT
# [Monitor] Data is sent to Scoreboard
# [base] Write finished! Write data 01 at Address 00
# [Scoreboard] Get packet from Monitor: Address: 00, Data: 00
# 
# ===== t=35730000 PASSED SUCCESSFULLY !!! Expected timing is 1075000, Actual timing is 1079999 =====
# 
# [Stimulus] Packet is sent to Driver
# [Driver] Data is sent to DUT
# [Monitor] Data is sent to Scoreboard
# [base] Write finished! Write data 01 at Address 03
# [Scoreboard] Get packet from Monitor: Address: 03, Data: 00
# [Stimulus] Packet is sent to Driver
# [Driver] Data is sent to DUT
# [Monitor] Data is sent to Scoreboard
# [Base] Write finished! Write Random Data 55 at Address 02
# [Scoreboard] Get packet from Monitor: Address: 02, Data: 00
# [Stimulus] Packet is sent to Driver
#   1
# [Driver] Data is sent to DUT
# [Monitor] Data is sent to Scoreboard
# [base] Write finished! Write data 04 at Address 00
# [Scoreboard] Get packet from Monitor: Address: 00, Data: 00
# [Stimulus] Packet is sent to Driver
#   0
# [Driver] Data is sent to DUT
# [Monitor] Data is sent to Scoreboard
# [base] Write finished! Write data 01 at Address 00
# [Scoreboard] Get packet from Monitor: Address: 00, Data: 00
# 
# ===== t=36870000 PASSED SUCCESSFULLY !!! Expected timing is 855000, Actual timing is 859999 =====
# 
# [Stimulus] Packet is sent to Driver
# [Driver] Data is sent to DUT
# [Monitor] Data is sent to Scoreboard
# [base] Write finished! Write data 01 at Address 03
# [Scoreboard] Get packet from Monitor: Address: 03, Data: 00
# [Stimulus] Packet is sent to Driver
# [Driver] Data is sent to DUT
# [Monitor] Data is sent to Scoreboard
# [Base] Write finished! Write Random Data d7 at Address 02
# [Scoreboard] Get packet from Monitor: Address: 02, Data: 00
# [Stimulus] Packet is sent to Driver
#   1
# [Driver] Data is sent to DUT
# [Monitor] Data is sent to Scoreboard
# [base] Write finished! Write data 04 at Address 00
# [Scoreboard] Get packet from Monitor: Address: 00, Data: 00
# [Stimulus] Packet is sent to Driver
#   0
# [Driver] Data is sent to DUT
# [Monitor] Data is sent to Scoreboard
# [base] Write finished! Write data 01 at Address 00
# [Scoreboard] Get packet from Monitor: Address: 00, Data: 00
# 
# ===== t=37370000 PASSED SUCCESSFULLY !!! Expected timing is 205000, Actual timing is 219999 =====
# 
# [Stimulus] Packet is sent to Driver
# [Driver] Data is sent to DUT
# [Monitor] Data is sent to Scoreboard
# [base] Write finished! Write data 01 at Address 03
# [Scoreboard] Get packet from Monitor: Address: 03, Data: 00
# [Stimulus] Packet is sent to Driver
# [Driver] Data is sent to DUT
# [Monitor] Data is sent to Scoreboard
# [Base] Write finished! Write Random Data 4f at Address 02
# [Scoreboard] Get packet from Monitor: Address: 02, Data: 00
# [Stimulus] Packet is sent to Driver
#   1
# [Driver] Data is sent to DUT
# [Monitor] Data is sent to Scoreboard
# [base] Write finished! Write data 04 at Address 00
# [Scoreboard] Get packet from Monitor: Address: 00, Data: 00
# [Stimulus] Packet is sent to Driver
#   0
# [Driver] Data is sent to DUT
# [Monitor] Data is sent to Scoreboard
# [base] Write finished! Write data 01 at Address 00
# [Scoreboard] Get packet from Monitor: Address: 00, Data: 00
# 
# ===== t=38550000 PASSED SUCCESSFULLY !!! Expected timing is 885000, Actual timing is 899999 =====
# 
# [Stimulus] Packet is sent to Driver
# [Driver] Data is sent to DUT
# [Monitor] Data is sent to Scoreboard
# [base] Write finished! Write data 01 at Address 03
# [Scoreboard] Get packet from Monitor: Address: 03, Data: 00
# [Stimulus] Packet is sent to Driver
# [Driver] Data is sent to DUT
# [Monitor] Data is sent to Scoreboard
# [Base] Write finished! Write Random Data 3a at Address 02
# [Scoreboard] Get packet from Monitor: Address: 02, Data: 00
# [Stimulus] Packet is sent to Driver
#   1
# [Driver] Data is sent to DUT
# [Monitor] Data is sent to Scoreboard
# [base] Write finished! Write data 04 at Address 00
# [Scoreboard] Get packet from Monitor: Address: 00, Data: 00
# [Stimulus] Packet is sent to Driver
#   0
# [Driver] Data is sent to DUT
# [Monitor] Data is sent to Scoreboard
# [base] Write finished! Write data 01 at Address 00
# [Scoreboard] Get packet from Monitor: Address: 00, Data: 00
# 
# ===== t=39830000 PASSED SUCCESSFULLY !!! Expected timing is 990000, Actual timing is 999999 =====
# 
# [Stimulus] Packet is sent to Driver
# [Driver] Data is sent to DUT
# [Monitor] Data is sent to Scoreboard
# [base] Write finished! Write data 01 at Address 03
# [Scoreboard] Get packet from Monitor: Address: 03, Data: 00
# [Stimulus] Packet is sent to Driver
# [Driver] Data is sent to DUT
# [Monitor] Data is sent to Scoreboard
# [Base] Write finished! Write Random Data 94 at Address 02
# [Scoreboard] Get packet from Monitor: Address: 02, Data: 00
# [Stimulus] Packet is sent to Driver
#   1
# [Driver] Data is sent to DUT
# [Monitor] Data is sent to Scoreboard
# [base] Write finished! Write data 04 at Address 00
# [Scoreboard] Get packet from Monitor: Address: 00, Data: 00
# [Stimulus] Packet is sent to Driver
#   0
# [Driver] Data is sent to DUT
# [Monitor] Data is sent to Scoreboard
# [base] Write finished! Write data 01 at Address 00
# [Scoreboard] Get packet from Monitor: Address: 00, Data: 00
# 
# ===== t=40670000 PASSED SUCCESSFULLY !!! Expected timing is 540000, Actual timing is 559999 =====
# 
# [Stimulus] Packet is sent to Driver
# [Driver] Data is sent to DUT
# [Monitor] Data is sent to Scoreboard
# [base] Write finished! Write data 01 at Address 03
# [Scoreboard] Get packet from Monitor: Address: 03, Data: 00
# [Stimulus] Packet is sent to Driver
# [Driver] Data is sent to DUT
# [Monitor] Data is sent to Scoreboard
# [Base] Write finished! Write Random Data cd at Address 02
# [Scoreboard] Get packet from Monitor: Address: 02, Data: 00
# [Stimulus] Packet is sent to Driver
#   1
# [Driver] Data is sent to DUT
# [Monitor] Data is sent to Scoreboard
# [base] Write finished! Write data 04 at Address 00
# [Scoreboard] Get packet from Monitor: Address: 00, Data: 00
# [Stimulus] Packet is sent to Driver
#   0
# [Driver] Data is sent to DUT
# [Monitor] Data is sent to Scoreboard
# [base] Write finished! Write data 01 at Address 00
# [Scoreboard] Get packet from Monitor: Address: 00, Data: 00
# 
# ===== t=41210000 PASSED SUCCESSFULLY !!! Expected timing is 255000, Actual timing is 259999 =====
# 
# [Stimulus] Packet is sent to Driver
# [Driver] Data is sent to DUT
# [Monitor] Data is sent to Scoreboard
# [base] Write finished! Write data 01 at Address 03
# [Scoreboard] Get packet from Monitor: Address: 03, Data: 00
# [Stimulus] Packet is sent to Driver
# [Driver] Data is sent to DUT
# [Monitor] Data is sent to Scoreboard
# [Base] Write finished! Write Random Data 6d at Address 02
# [Scoreboard] Get packet from Monitor: Address: 02, Data: 00
# [Stimulus] Packet is sent to Driver
#   1
# [Driver] Data is sent to DUT
# [Monitor] Data is sent to Scoreboard
# [base] Write finished! Write data 04 at Address 00
# [Scoreboard] Get packet from Monitor: Address: 00, Data: 00
# [Stimulus] Packet is sent to Driver
#   0
# [Driver] Data is sent to DUT
# [Monitor] Data is sent to Scoreboard
# [base] Write finished! Write data 01 at Address 00
# [Scoreboard] Get packet from Monitor: Address: 00, Data: 00
# 
# ===== t=42230000 PASSED SUCCESSFULLY !!! Expected timing is 735000, Actual timing is 739999 =====
# 
# [Stimulus] Packet is sent to Driver
# [Driver] Data is sent to DUT
# [Monitor] Data is sent to Scoreboard
# [base] Write finished! Write data 01 at Address 03
# [Scoreboard] Get packet from Monitor: Address: 03, Data: 00
# [Stimulus] Packet is sent to Driver
# [Driver] Data is sent to DUT
# [Monitor] Data is sent to Scoreboard
# [Base] Write finished! Write Random Data 1a at Address 02
# [Scoreboard] Get packet from Monitor: Address: 02, Data: 00
# [Stimulus] Packet is sent to Driver
#   1
# [Driver] Data is sent to DUT
# [Monitor] Data is sent to Scoreboard
# [base] Write finished! Write data 04 at Address 00
# [Scoreboard] Get packet from Monitor: Address: 00, Data: 00
# [Stimulus] Packet is sent to Driver
#   0
# [Driver] Data is sent to DUT
# [Monitor] Data is sent to Scoreboard
# [base] Write finished! Write data 01 at Address 00
# [Scoreboard] Get packet from Monitor: Address: 00, Data: 00
# 
# ===== t=43670000 PASSED SUCCESSFULLY !!! Expected timing is 1150000, Actual timing is 1159999 =====
# 
# [Stimulus] Packet is sent to Driver
# [Driver] Data is sent to DUT
# [Monitor] Data is sent to Scoreboard
# [base] Write finished! Write data 01 at Address 03
# [Scoreboard] Get packet from Monitor: Address: 03, Data: 00
# [Stimulus] Packet is sent to Driver
# [Driver] Data is sent to DUT
# [Monitor] Data is sent to Scoreboard
# [Base] Write finished! Write Random Data 84 at Address 02
# [Scoreboard] Get packet from Monitor: Address: 02, Data: 00
# [Stimulus] Packet is sent to Driver
#   1
# [Driver] Data is sent to DUT
# [Monitor] Data is sent to Scoreboard
# [base] Write finished! Write data 04 at Address 00
# [Scoreboard] Get packet from Monitor: Address: 00, Data: 00
# [Stimulus] Packet is sent to Driver
#   0
# [Driver] Data is sent to DUT
# [Monitor] Data is sent to Scoreboard
# [base] Write finished! Write data 01 at Address 00
# [Scoreboard] Get packet from Monitor: Address: 00, Data: 00
# 
# ===== t=44590000 PASSED SUCCESSFULLY !!! Expected timing is 620000, Actual timing is 639999 =====
# 
# [Stimulus] Packet is sent to Driver
# [Driver] Data is sent to DUT
# [Monitor] Data is sent to Scoreboard
# [base] Write finished! Write data 01 at Address 03
# [Scoreboard] Get packet from Monitor: Address: 03, Data: 00
# [Stimulus] Packet is sent to Driver
# [Driver] Data is sent to DUT
# [Monitor] Data is sent to Scoreboard
# [Base] Write finished! Write Random Data bd at Address 02
# [Scoreboard] Get packet from Monitor: Address: 02, Data: 00
# [Stimulus] Packet is sent to Driver
#   1
# [Driver] Data is sent to DUT
# [Monitor] Data is sent to Scoreboard
# [base] Write finished! Write data 04 at Address 00
# [Scoreboard] Get packet from Monitor: Address: 00, Data: 00
# [Stimulus] Packet is sent to Driver
#   0
# [Driver] Data is sent to DUT
# [Monitor] Data is sent to Scoreboard
# [base] Write finished! Write data 01 at Address 00
# [Scoreboard] Get packet from Monitor: Address: 00, Data: 00
# 
# ===== t=45210000 PASSED SUCCESSFULLY !!! Expected timing is 335000, Actual timing is 339999 =====
# 
# [Stimulus] Packet is sent to Driver
# [Driver] Data is sent to DUT
# [Monitor] Data is sent to Scoreboard
# [base] Write finished! Write data 01 at Address 03
# [Scoreboard] Get packet from Monitor: Address: 03, Data: 00
# [Stimulus] Packet is sent to Driver
# [Driver] Data is sent to DUT
# [Monitor] Data is sent to Scoreboard
# [Base] Write finished! Write Random Data 1d at Address 02
# [Scoreboard] Get packet from Monitor: Address: 02, Data: 00
# [Stimulus] Packet is sent to Driver
#   1
# [Driver] Data is sent to DUT
# [Monitor] Data is sent to Scoreboard
# [base] Write finished! Write data 04 at Address 00
# [Scoreboard] Get packet from Monitor: Address: 00, Data: 00
# [Stimulus] Packet is sent to Driver
#   0
# [Driver] Data is sent to DUT
# [Monitor] Data is sent to Scoreboard
# [base] Write finished! Write data 01 at Address 00
# [Scoreboard] Get packet from Monitor: Address: 00, Data: 00
# 
# ===== t=46630000 PASSED SUCCESSFULLY !!! Expected timing is 1135000, Actual timing is 1139999 =====
# 
# [Stimulus] Packet is sent to Driver
# [Driver] Data is sent to DUT
# [Monitor] Data is sent to Scoreboard
# [base] Write finished! Write data 01 at Address 03
# [Scoreboard] Get packet from Monitor: Address: 03, Data: 00
# [Stimulus] Packet is sent to Driver
# [Driver] Data is sent to DUT
# [Monitor] Data is sent to Scoreboard
# [Base] Write finished! Write Random Data 82 at Address 02
# [Scoreboard] Get packet from Monitor: Address: 02, Data: 00
# [Stimulus] Packet is sent to Driver
#   1
# [Driver] Data is sent to DUT
# [Monitor] Data is sent to Scoreboard
# [base] Write finished! Write data 04 at Address 00
# [Scoreboard] Get packet from Monitor: Address: 00, Data: 00
# [Stimulus] Packet is sent to Driver
#   0
# [Driver] Data is sent to DUT
# [Monitor] Data is sent to Scoreboard
# [base] Write finished! Write data 01 at Address 00
# [Scoreboard] Get packet from Monitor: Address: 00, Data: 00
# 
# ===== t=47550000 PASSED SUCCESSFULLY !!! Expected timing is 630000, Actual timing is 639999 =====
# 
# [Stimulus] Packet is sent to Driver
# [Driver] Data is sent to DUT
# [Monitor] Data is sent to Scoreboard
# [base] Write finished! Write data 01 at Address 03
# [Scoreboard] Get packet from Monitor: Address: 03, Data: 00
# [Stimulus] Packet is sent to Driver
# [Driver] Data is sent to DUT
# [Monitor] Data is sent to Scoreboard
# [Base] Write finished! Write Random Data 45 at Address 02
# [Scoreboard] Get packet from Monitor: Address: 02, Data: 00
# [Stimulus] Packet is sent to Driver
#   1
# [Driver] Data is sent to DUT
# [Monitor] Data is sent to Scoreboard
# [base] Write finished! Write data 04 at Address 00
# [Scoreboard] Get packet from Monitor: Address: 00, Data: 00
# [Stimulus] Packet is sent to Driver
#   0
# [Driver] Data is sent to DUT
# [Monitor] Data is sent to Scoreboard
# [base] Write finished! Write data 01 at Address 00
# [Scoreboard] Get packet from Monitor: Address: 00, Data: 00
# 
# ===== t=48770000 PASSED SUCCESSFULLY !!! Expected timing is 935000, Actual timing is 939999 =====
# 
# [Stimulus] Packet is sent to Driver
# [Driver] Data is sent to DUT
# [Monitor] Data is sent to Scoreboard
# [base] Write finished! Write data 01 at Address 03
# [Scoreboard] Get packet from Monitor: Address: 03, Data: 00
# [Stimulus] Packet is sent to Driver
# [Driver] Data is sent to DUT
# [Monitor] Data is sent to Scoreboard
# [Base] Write finished! Write Random Data 96 at Address 02
# [Scoreboard] Get packet from Monitor: Address: 02, Data: 00
# [Stimulus] Packet is sent to Driver
#   1
# [Driver] Data is sent to DUT
# [Monitor] Data is sent to Scoreboard
# [base] Write finished! Write data 04 at Address 00
# [Scoreboard] Get packet from Monitor: Address: 00, Data: 00
# [Stimulus] Packet is sent to Driver
#   0
# [Driver] Data is sent to DUT
# [Monitor] Data is sent to Scoreboard
# [base] Write finished! Write data 01 at Address 00
# [Scoreboard] Get packet from Monitor: Address: 00, Data: 00
# 
# ===== t=49590000 PASSED SUCCESSFULLY !!! Expected timing is 530000, Actual timing is 539999 =====
# 
# [Stimulus] Packet is sent to Driver
# [Driver] Data is sent to DUT
# [Monitor] Data is sent to Scoreboard
# [base] Write finished! Write data 01 at Address 03
# [Scoreboard] Get packet from Monitor: Address: 03, Data: 00
# [Stimulus] Packet is sent to Driver
# [Driver] Data is sent to DUT
# [Monitor] Data is sent to Scoreboard
# [Base] Write finished! Write Random Data 63 at Address 02
# [Scoreboard] Get packet from Monitor: Address: 02, Data: 00
# [Stimulus] Packet is sent to Driver
#   1
# [Driver] Data is sent to DUT
# [Monitor] Data is sent to Scoreboard
# [base] Write finished! Write data 04 at Address 00
# [Scoreboard] Get packet from Monitor: Address: 00, Data: 00
# [Stimulus] Packet is sent to Driver
#   0
# [Driver] Data is sent to DUT
# [Monitor] Data is sent to Scoreboard
# [base] Write finished! Write data 01 at Address 00
# [Scoreboard] Get packet from Monitor: Address: 00, Data: 00
# 
# ===== t=50670000 PASSED SUCCESSFULLY !!! Expected timing is 785000, Actual timing is 799999 =====
# 
# [Stimulus] Packet is sent to Driver
# [Driver] Data is sent to DUT
# [Monitor] Data is sent to Scoreboard
# [base] Write finished! Write data 01 at Address 03
# [Scoreboard] Get packet from Monitor: Address: 03, Data: 00
# [Stimulus] Packet is sent to Driver
# [Driver] Data is sent to DUT
# [Monitor] Data is sent to Scoreboard
# [Base] Write finished! Write Random Data e6 at Address 02
# [Scoreboard] Get packet from Monitor: Address: 02, Data: 00
# [Stimulus] Packet is sent to Driver
#   1
# [Driver] Data is sent to DUT
# [Monitor] Data is sent to Scoreboard
# [base] Write finished! Write data 04 at Address 00
# [Scoreboard] Get packet from Monitor: Address: 00, Data: 00
# [Stimulus] Packet is sent to Driver
#   0
# [Driver] Data is sent to DUT
# [Monitor] Data is sent to Scoreboard
# [base] Write finished! Write data 01 at Address 00
# [Scoreboard] Get packet from Monitor: Address: 00, Data: 00
# 
# ===== t=51090000 PASSED SUCCESSFULLY !!! Expected timing is 130000, Actual timing is 139999 =====
# 
# [Stimulus] Packet is sent to Driver
# [Driver] Data is sent to DUT
# [Monitor] Data is sent to Scoreboard
# [base] Write finished! Write data 01 at Address 03
# [Scoreboard] Get packet from Monitor: Address: 03, Data: 00
# [Stimulus] Packet is sent to Driver
# [Driver] Data is sent to DUT
# [Monitor] Data is sent to Scoreboard
# [Base] Write finished! Write Random Data 49 at Address 02
# [Scoreboard] Get packet from Monitor: Address: 02, Data: 00
# [Stimulus] Packet is sent to Driver
#   1
# [Driver] Data is sent to DUT
# [Monitor] Data is sent to Scoreboard
# [base] Write finished! Write data 04 at Address 00
# [Scoreboard] Get packet from Monitor: Address: 00, Data: 00
# [Stimulus] Packet is sent to Driver
#   0
# [Driver] Data is sent to DUT
# [Monitor] Data is sent to Scoreboard
# [base] Write finished! Write data 01 at Address 00
# [Scoreboard] Get packet from Monitor: Address: 00, Data: 00
# 
# ===== t=52290000 PASSED SUCCESSFULLY !!! Expected timing is 915000, Actual timing is 919999 =====
# 
# [Stimulus] Packet is sent to Driver
# [Driver] Data is sent to DUT
# [Monitor] Data is sent to Scoreboard
# [base] Write finished! Write data 01 at Address 03
# [Scoreboard] Get packet from Monitor: Address: 03, Data: 00
# [Stimulus] Packet is sent to Driver
# [Driver] Data is sent to DUT
# [Monitor] Data is sent to Scoreboard
# [Base] Write finished! Write Random Data c5 at Address 02
# [Scoreboard] Get packet from Monitor: Address: 02, Data: 00
# [Stimulus] Packet is sent to Driver
#   1
# [Driver] Data is sent to DUT
# [Monitor] Data is sent to Scoreboard
# [base] Write finished! Write data 04 at Address 00
# [Scoreboard] Get packet from Monitor: Address: 00, Data: 00
# [Stimulus] Packet is sent to Driver
#   0
# [Driver] Data is sent to DUT
# [Monitor] Data is sent to Scoreboard
# [base] Write finished! Write data 01 at Address 00
# [Scoreboard] Get packet from Monitor: Address: 00, Data: 00
# 
# ===== t=52870000 PASSED SUCCESSFULLY !!! Expected timing is 295000, Actual timing is 299999 =====
# 
# [Stimulus] Packet is sent to Driver
# [Driver] Data is sent to DUT
# [Monitor] Data is sent to Scoreboard
# [base] Write finished! Write data 01 at Address 03
# [Scoreboard] Get packet from Monitor: Address: 03, Data: 00
# [Stimulus] Packet is sent to Driver
# [Driver] Data is sent to DUT
# [Monitor] Data is sent to Scoreboard
# [Base] Write finished! Write Random Data 48 at Address 02
# [Scoreboard] Get packet from Monitor: Address: 02, Data: 00
# [Stimulus] Packet is sent to Driver
#   1
# [Driver] Data is sent to DUT
# [Monitor] Data is sent to Scoreboard
# [base] Write finished! Write data 04 at Address 00
# [Scoreboard] Get packet from Monitor: Address: 00, Data: 00
# [Stimulus] Packet is sent to Driver
#   0
# [Driver] Data is sent to DUT
# [Monitor] Data is sent to Scoreboard
# [base] Write finished! Write data 01 at Address 00
# [Scoreboard] Get packet from Monitor: Address: 00, Data: 00
# 
# ===== t=54090000 PASSED SUCCESSFULLY !!! Expected timing is 920000, Actual timing is 939999 =====
# 
# [Stimulus] Packet is sent to Driver
# [Driver] Data is sent to DUT
# [Monitor] Data is sent to Scoreboard
# [base] Write finished! Write data 01 at Address 03
# [Scoreboard] Get packet from Monitor: Address: 03, Data: 00
# [Stimulus] Packet is sent to Driver
# [Driver] Data is sent to DUT
# [Monitor] Data is sent to Scoreboard
# [Base] Write finished! Write Random Data bc at Address 02
# [Scoreboard] Get packet from Monitor: Address: 02, Data: 00
# [Stimulus] Packet is sent to Driver
#   1
# [Driver] Data is sent to DUT
# [Monitor] Data is sent to Scoreboard
# [base] Write finished! Write data 04 at Address 00
# [Scoreboard] Get packet from Monitor: Address: 00, Data: 00
# [Stimulus] Packet is sent to Driver
#   0
# [Driver] Data is sent to DUT
# [Monitor] Data is sent to Scoreboard
# [base] Write finished! Write data 01 at Address 00
# [Scoreboard] Get packet from Monitor: Address: 00, Data: 00
# 
# ===== t=54730000 PASSED SUCCESSFULLY !!! Expected timing is 340000, Actual timing is 359999 =====
# 
# [Stimulus] Packet is sent to Driver
# [Driver] Data is sent to DUT
# [Monitor] Data is sent to Scoreboard
# [base] Write finished! Write data 01 at Address 03
# [Scoreboard] Get packet from Monitor: Address: 03, Data: 00
# [Stimulus] Packet is sent to Driver
# [Driver] Data is sent to DUT
# [Monitor] Data is sent to Scoreboard
# [Base] Write finished! Write Random Data 2e at Address 02
# [Scoreboard] Get packet from Monitor: Address: 02, Data: 00
# [Stimulus] Packet is sent to Driver
#   1
# [Driver] Data is sent to DUT
# [Monitor] Data is sent to Scoreboard
# [base] Write finished! Write data 04 at Address 00
# [Scoreboard] Get packet from Monitor: Address: 00, Data: 00
# [Stimulus] Packet is sent to Driver
#   0
# [Driver] Data is sent to DUT
# [Monitor] Data is sent to Scoreboard
# [base] Write finished! Write data 01 at Address 00
# [Scoreboard] Get packet from Monitor: Address: 00, Data: 00
# 
# ===== t=56070000 PASSED SUCCESSFULLY !!! Expected timing is 1050000, Actual timing is 1059999 =====
# 
# [Stimulus] Packet is sent to Driver
# [Driver] Data is sent to DUT
# [Monitor] Data is sent to Scoreboard
# [base] Write finished! Write data 01 at Address 03
# [Scoreboard] Get packet from Monitor: Address: 03, Data: 00
# [Stimulus] Packet is sent to Driver
# [Driver] Data is sent to DUT
# [Monitor] Data is sent to Scoreboard
# [Base] Write finished! Write Random Data 59 at Address 02
# [Scoreboard] Get packet from Monitor: Address: 02, Data: 00
# [Stimulus] Packet is sent to Driver
#   1
# [Driver] Data is sent to DUT
# [Monitor] Data is sent to Scoreboard
# [base] Write finished! Write data 04 at Address 00
# [Scoreboard] Get packet from Monitor: Address: 00, Data: 00
# [Stimulus] Packet is sent to Driver
#   0
# [Driver] Data is sent to DUT
# [Monitor] Data is sent to Scoreboard
# [base] Write finished! Write data 01 at Address 00
# [Scoreboard] Get packet from Monitor: Address: 00, Data: 00
# 
# ===== t=57190000 PASSED SUCCESSFULLY !!! Expected timing is 835000, Actual timing is 839999 =====
# 
# [Stimulus] Packet is sent to Driver
# [Driver] Data is sent to DUT
# [Monitor] Data is sent to Scoreboard
# [base] Write finished! Write data 01 at Address 03
# [Scoreboard] Get packet from Monitor: Address: 03, Data: 00
# [Stimulus] Packet is sent to Driver
# [Driver] Data is sent to DUT
# [Monitor] Data is sent to Scoreboard
# [Base] Write finished! Write Random Data 75 at Address 02
# [Scoreboard] Get packet from Monitor: Address: 02, Data: 00
# [Stimulus] Packet is sent to Driver
#   1
# [Driver] Data is sent to DUT
# [Monitor] Data is sent to Scoreboard
# [base] Write finished! Write data 04 at Address 00
# [Scoreboard] Get packet from Monitor: Address: 00, Data: 00
# [Stimulus] Packet is sent to Driver
#   0
# [Driver] Data is sent to DUT
# [Monitor] Data is sent to Scoreboard
# [base] Write finished! Write data 01 at Address 00
# [Scoreboard] Get packet from Monitor: Address: 00, Data: 00
# 
# ===== t=58170000 PASSED SUCCESSFULLY !!! Expected timing is 695000, Actual timing is 699999 =====
# 
# [Stimulus] Packet is sent to Driver
# [Driver] Data is sent to DUT
# [Monitor] Data is sent to Scoreboard
# [base] Write finished! Write data 01 at Address 03
# [Scoreboard] Get packet from Monitor: Address: 03, Data: 00
# [Stimulus] Packet is sent to Driver
# [Driver] Data is sent to DUT
# [Monitor] Data is sent to Scoreboard
# [Base] Write finished! Write Random Data 99 at Address 02
# [Scoreboard] Get packet from Monitor: Address: 02, Data: 00
# [Stimulus] Packet is sent to Driver
#   1
# [Driver] Data is sent to DUT
# [Monitor] Data is sent to Scoreboard
# [base] Write finished! Write data 04 at Address 00
# [Scoreboard] Get packet from Monitor: Address: 00, Data: 00
# [Stimulus] Packet is sent to Driver
#   0
# [Driver] Data is sent to DUT
# [Monitor] Data is sent to Scoreboard
# [base] Write finished! Write data 01 at Address 00
# [Scoreboard] Get packet from Monitor: Address: 00, Data: 00
# 
# ===== t=58970000 PASSED SUCCESSFULLY !!! Expected timing is 515000, Actual timing is 519999 =====
# 
# [Stimulus] Packet is sent to Driver
# [Driver] Data is sent to DUT
# [Monitor] Data is sent to Scoreboard
# [base] Write finished! Write data 01 at Address 03
# [Scoreboard] Get packet from Monitor: Address: 03, Data: 00
# [Stimulus] Packet is sent to Driver
# [Driver] Data is sent to DUT
# [Monitor] Data is sent to Scoreboard
# [Base] Write finished! Write Random Data bf at Address 02
# [Scoreboard] Get packet from Monitor: Address: 02, Data: 00
# [Stimulus] Packet is sent to Driver
#   1
# [Driver] Data is sent to DUT
# [Monitor] Data is sent to Scoreboard
# [base] Write finished! Write data 04 at Address 00
# [Scoreboard] Get packet from Monitor: Address: 00, Data: 00
# [Stimulus] Packet is sent to Driver
#   0
# [Driver] Data is sent to DUT
# [Monitor] Data is sent to Scoreboard
# [base] Write finished! Write data 01 at Address 00
# [Scoreboard] Get packet from Monitor: Address: 00, Data: 00
# 
# ===== t=59590000 PASSED SUCCESSFULLY !!! Expected timing is 325000, Actual timing is 339999 =====
# 
# [Stimulus] Packet is sent to Driver
# [Driver] Data is sent to DUT
# [Monitor] Data is sent to Scoreboard
# [base] Write finished! Write data 01 at Address 03
# [Scoreboard] Get packet from Monitor: Address: 03, Data: 00
# [Stimulus] Packet is sent to Driver
# [Driver] Data is sent to DUT
# [Monitor] Data is sent to Scoreboard
# [Base] Write finished! Write Random Data d2 at Address 02
# [Scoreboard] Get packet from Monitor: Address: 02, Data: 00
# [Stimulus] Packet is sent to Driver
#   1
# [Driver] Data is sent to DUT
# [Monitor] Data is sent to Scoreboard
# [base] Write finished! Write data 04 at Address 00
# [Scoreboard] Get packet from Monitor: Address: 00, Data: 00
# [Stimulus] Packet is sent to Driver
#   0
# [Driver] Data is sent to DUT
# [Monitor] Data is sent to Scoreboard
# [base] Write finished! Write data 01 at Address 00
# [Scoreboard] Get packet from Monitor: Address: 00, Data: 00
# 
# ===== t=60110000 PASSED SUCCESSFULLY !!! Expected timing is 230000, Actual timing is 239999 =====
# 
# [Stimulus] Packet is sent to Driver
# [Driver] Data is sent to DUT
# [Monitor] Data is sent to Scoreboard
# [base] Write finished! Write data 01 at Address 03
# [Scoreboard] Get packet from Monitor: Address: 03, Data: 00
# [Stimulus] Packet is sent to Driver
# [Driver] Data is sent to DUT
# [Monitor] Data is sent to Scoreboard
# [Base] Write finished! Write Random Data 41 at Address 02
# [Scoreboard] Get packet from Monitor: Address: 02, Data: 00
# [Stimulus] Packet is sent to Driver
#   1
# [Driver] Data is sent to DUT
# [Monitor] Data is sent to Scoreboard
# [base] Write finished! Write data 04 at Address 00
# [Scoreboard] Get packet from Monitor: Address: 00, Data: 00
# [Stimulus] Packet is sent to Driver
#   0
# [Driver] Data is sent to DUT
# [Monitor] Data is sent to Scoreboard
# [base] Write finished! Write data 01 at Address 00
# [Scoreboard] Get packet from Monitor: Address: 00, Data: 00
# 
# ===== t=61350000 PASSED SUCCESSFULLY !!! Expected timing is 955000, Actual timing is 959999 =====
# 
# [Stimulus] Packet is sent to Driver
# [Driver] Data is sent to DUT
# [Monitor] Data is sent to Scoreboard
# [base] Write finished! Write data 01 at Address 03
# [Scoreboard] Get packet from Monitor: Address: 03, Data: 00
# [Stimulus] Packet is sent to Driver
# [Driver] Data is sent to DUT
# [Monitor] Data is sent to Scoreboard
# [Base] Write finished! Write Random Data eb at Address 02
# [Scoreboard] Get packet from Monitor: Address: 02, Data: 00
# [Stimulus] Packet is sent to Driver
#   1
# [Driver] Data is sent to DUT
# [Monitor] Data is sent to Scoreboard
# [base] Write finished! Write data 04 at Address 00
# [Scoreboard] Get packet from Monitor: Address: 00, Data: 00
# [Stimulus] Packet is sent to Driver
#   0
# [Driver] Data is sent to DUT
# [Monitor] Data is sent to Scoreboard
# [base] Write finished! Write data 01 at Address 00
# [Scoreboard] Get packet from Monitor: Address: 00, Data: 00
# 
# ===== t=61750000 PASSED SUCCESSFULLY !!! Expected timing is 105000, Actual timing is 119999 =====
# 
# [Stimulus] Packet is sent to Driver
# [Driver] Data is sent to DUT
# [Monitor] Data is sent to Scoreboard
# [base] Write finished! Write data 01 at Address 03
# [Scoreboard] Get packet from Monitor: Address: 03, Data: 00
# [Stimulus] Packet is sent to Driver
# [Driver] Data is sent to DUT
# [Monitor] Data is sent to Scoreboard
# [Base] Write finished! Write Random Data 72 at Address 02
# [Scoreboard] Get packet from Monitor: Address: 02, Data: 00
# [Stimulus] Packet is sent to Driver
#   1
# [Driver] Data is sent to DUT
# [Monitor] Data is sent to Scoreboard
# [base] Write finished! Write data 04 at Address 00
# [Scoreboard] Get packet from Monitor: Address: 00, Data: 00
# [Stimulus] Packet is sent to Driver
#   0
# [Driver] Data is sent to DUT
# [Monitor] Data is sent to Scoreboard
# [base] Write finished! Write data 01 at Address 00
# [Scoreboard] Get packet from Monitor: Address: 00, Data: 00
# 
# ===== t=62750000 PASSED SUCCESSFULLY !!! Expected timing is 710000, Actual timing is 719999 =====
# 
# [Stimulus] Packet is sent to Driver
# [Driver] Data is sent to DUT
# [Monitor] Data is sent to Scoreboard
# [base] Write finished! Write data 01 at Address 03
# [Scoreboard] Get packet from Monitor: Address: 03, Data: 00
# [Stimulus] Packet is sent to Driver
# [Driver] Data is sent to DUT
# [Monitor] Data is sent to Scoreboard
# [Base] Write finished! Write Random Data d2 at Address 02
# [Scoreboard] Get packet from Monitor: Address: 02, Data: 00
# [Stimulus] Packet is sent to Driver
#   1
# [Driver] Data is sent to DUT
# [Monitor] Data is sent to Scoreboard
# [base] Write finished! Write data 04 at Address 00
# [Scoreboard] Get packet from Monitor: Address: 00, Data: 00
# [Stimulus] Packet is sent to Driver
#   0
# [Driver] Data is sent to DUT
# [Monitor] Data is sent to Scoreboard
# [base] Write finished! Write data 01 at Address 00
# [Scoreboard] Get packet from Monitor: Address: 00, Data: 00
# 
# ===== t=63270000 PASSED SUCCESSFULLY !!! Expected timing is 230000, Actual timing is 239999 =====
# 
# [Stimulus] Packet is sent to Driver
# [Driver] Data is sent to DUT
# [Monitor] Data is sent to Scoreboard
# [base] Write finished! Write data 01 at Address 03
# [Scoreboard] Get packet from Monitor: Address: 03, Data: 00
# [Stimulus] Packet is sent to Driver
# [Driver] Data is sent to DUT
# [Monitor] Data is sent to Scoreboard
# [Base] Write finished! Write Random Data 2b at Address 02
# [Scoreboard] Get packet from Monitor: Address: 02, Data: 00
# [Stimulus] Packet is sent to Driver
#   1
# [Driver] Data is sent to DUT
# [Monitor] Data is sent to Scoreboard
# [base] Write finished! Write data 04 at Address 00
# [Scoreboard] Get packet from Monitor: Address: 00, Data: 00
# [Stimulus] Packet is sent to Driver
#   0
# [Driver] Data is sent to DUT
# [Monitor] Data is sent to Scoreboard
# [base] Write finished! Write data 01 at Address 00
# [Scoreboard] Get packet from Monitor: Address: 00, Data: 00
# 
# ===== t=64630000 PASSED SUCCESSFULLY !!! Expected timing is 1065000, Actual timing is 1079999 =====
# 
# [Stimulus] Packet is sent to Driver
# [Driver] Data is sent to DUT
# [Monitor] Data is sent to Scoreboard
# [base] Write finished! Write data 01 at Address 03
# [Scoreboard] Get packet from Monitor: Address: 03, Data: 00
# [Stimulus] Packet is sent to Driver
# [Driver] Data is sent to DUT
# [Monitor] Data is sent to Scoreboard
# [Base] Write finished! Write Random Data 3e at Address 02
# [Scoreboard] Get packet from Monitor: Address: 02, Data: 00
# [Stimulus] Packet is sent to Driver
#   1
# [Driver] Data is sent to DUT
# [Monitor] Data is sent to Scoreboard
# [base] Write finished! Write data 04 at Address 00
# [Scoreboard] Get packet from Monitor: Address: 00, Data: 00
# [Stimulus] Packet is sent to Driver
#   0
# [Driver] Data is sent to DUT
# [Monitor] Data is sent to Scoreboard
# [base] Write finished! Write data 01 at Address 00
# [Scoreboard] Get packet from Monitor: Address: 00, Data: 00
# 
# ===== t=65890000 PASSED SUCCESSFULLY !!! Expected timing is 970000, Actual timing is 979999 =====
# 
# [Stimulus] Packet is sent to Driver
# [Driver] Data is sent to DUT
# [Monitor] Data is sent to Scoreboard
# [base] Write finished! Write data 01 at Address 03
# [Scoreboard] Get packet from Monitor: Address: 03, Data: 00
# [Stimulus] Packet is sent to Driver
# [Driver] Data is sent to DUT
# [Monitor] Data is sent to Scoreboard
# [Base] Write finished! Write Random Data c6 at Address 02
# [Scoreboard] Get packet from Monitor: Address: 02, Data: 00
# [Stimulus] Packet is sent to Driver
#   1
# [Driver] Data is sent to DUT
# [Monitor] Data is sent to Scoreboard
# [base] Write finished! Write data 04 at Address 00
# [Scoreboard] Get packet from Monitor: Address: 00, Data: 00
# [Stimulus] Packet is sent to Driver
#   0
# [Driver] Data is sent to DUT
# [Monitor] Data is sent to Scoreboard
# [base] Write finished! Write data 01 at Address 00
# [Scoreboard] Get packet from Monitor: Address: 00, Data: 00
# 
# ===== t=66470000 PASSED SUCCESSFULLY !!! Expected timing is 290000, Actual timing is 299999 =====
# 
# [Stimulus] Packet is sent to Driver
# [Driver] Data is sent to DUT
# [Monitor] Data is sent to Scoreboard
# [base] Write finished! Write data 01 at Address 03
# [Scoreboard] Get packet from Monitor: Address: 03, Data: 00
# [Stimulus] Packet is sent to Driver
# [Driver] Data is sent to DUT
# [Monitor] Data is sent to Scoreboard
# [Base] Write finished! Write Random Data 4d at Address 02
# [Scoreboard] Get packet from Monitor: Address: 02, Data: 00
# [Stimulus] Packet is sent to Driver
#   1
# [Driver] Data is sent to DUT
# [Monitor] Data is sent to Scoreboard
# [base] Write finished! Write data 04 at Address 00
# [Scoreboard] Get packet from Monitor: Address: 00, Data: 00
# [Stimulus] Packet is sent to Driver
#   0
# [Driver] Data is sent to DUT
# [Monitor] Data is sent to Scoreboard
# [base] Write finished! Write data 01 at Address 00
# [Scoreboard] Get packet from Monitor: Address: 00, Data: 00
# 
# ===== t=67650000 PASSED SUCCESSFULLY !!! Expected timing is 895000, Actual timing is 899999 =====
# 
# [Stimulus] Packet is sent to Driver
# [Driver] Data is sent to DUT
# [Monitor] Data is sent to Scoreboard
# [base] Write finished! Write data 01 at Address 03
# [Scoreboard] Get packet from Monitor: Address: 03, Data: 00
# [Stimulus] Packet is sent to Driver
# [Driver] Data is sent to DUT
# [Monitor] Data is sent to Scoreboard
# [Base] Write finished! Write Random Data dc at Address 02
# [Scoreboard] Get packet from Monitor: Address: 02, Data: 00
# [Stimulus] Packet is sent to Driver
#   1
# [Driver] Data is sent to DUT
# [Monitor] Data is sent to Scoreboard
# [base] Write finished! Write data 04 at Address 00
# [Scoreboard] Get packet from Monitor: Address: 00, Data: 00
# [Stimulus] Packet is sent to Driver
#   0
# [Driver] Data is sent to DUT
# [Monitor] Data is sent to Scoreboard
# [base] Write finished! Write data 01 at Address 00
# [Scoreboard] Get packet from Monitor: Address: 00, Data: 00
# 
# ===== t=68130000 PASSED SUCCESSFULLY !!! Expected timing is 180000, Actual timing is 199999 =====
# 
# [Stimulus] Packet is sent to Driver
# [Driver] Data is sent to DUT
# [Monitor] Data is sent to Scoreboard
# [base] Write finished! Write data 01 at Address 03
# [Scoreboard] Get packet from Monitor: Address: 03, Data: 00
# [Stimulus] Packet is sent to Driver
# [Driver] Data is sent to DUT
# [Monitor] Data is sent to Scoreboard
# [Base] Write finished! Write Random Data 59 at Address 02
# [Scoreboard] Get packet from Monitor: Address: 02, Data: 00
# [Stimulus] Packet is sent to Driver
#   1
# [Driver] Data is sent to DUT
# [Monitor] Data is sent to Scoreboard
# [base] Write finished! Write data 04 at Address 00
# [Scoreboard] Get packet from Monitor: Address: 00, Data: 00
# [Stimulus] Packet is sent to Driver
#   0
# [Driver] Data is sent to DUT
# [Monitor] Data is sent to Scoreboard
# [base] Write finished! Write data 01 at Address 00
# [Scoreboard] Get packet from Monitor: Address: 00, Data: 00
# 
# ===== t=69250000 PASSED SUCCESSFULLY !!! Expected timing is 835000, Actual timing is 839999 =====
# 
# [Stimulus] Packet is sent to Driver
# [Driver] Data is sent to DUT
# [Monitor] Data is sent to Scoreboard
# [base] Write finished! Write data 01 at Address 03
# [Scoreboard] Get packet from Monitor: Address: 03, Data: 00
# [Stimulus] Packet is sent to Driver
# [Driver] Data is sent to DUT
# [Monitor] Data is sent to Scoreboard
# [Base] Write finished! Write Random Data 6f at Address 02
# [Scoreboard] Get packet from Monitor: Address: 02, Data: 00
# [Stimulus] Packet is sent to Driver
#   1
# [Driver] Data is sent to DUT
# [Monitor] Data is sent to Scoreboard
# [base] Write finished! Write data 04 at Address 00
# [Scoreboard] Get packet from Monitor: Address: 00, Data: 00
# [Stimulus] Packet is sent to Driver
#   0
# [Driver] Data is sent to DUT
# [Monitor] Data is sent to Scoreboard
# [base] Write finished! Write data 01 at Address 00
# [Scoreboard] Get packet from Monitor: Address: 00, Data: 00
# 
# ===== t=70270000 PASSED SUCCESSFULLY !!! Expected timing is 725000, Actual timing is 739999 =====
# 
# [Stimulus] Packet is sent to Driver
# [Driver] Data is sent to DUT
# [Monitor] Data is sent to Scoreboard
# [base] Write finished! Write data 01 at Address 03
# [Scoreboard] Get packet from Monitor: Address: 03, Data: 00
# [Stimulus] Packet is sent to Driver
# [Driver] Data is sent to DUT
# [Monitor] Data is sent to Scoreboard
# [Base] Write finished! Write Random Data 86 at Address 02
# [Scoreboard] Get packet from Monitor: Address: 02, Data: 00
# [Stimulus] Packet is sent to Driver
#   1
# [Driver] Data is sent to DUT
# [Monitor] Data is sent to Scoreboard
# [base] Write finished! Write data 04 at Address 00
# [Scoreboard] Get packet from Monitor: Address: 00, Data: 00
# [Stimulus] Packet is sent to Driver
#   0
# [Driver] Data is sent to DUT
# [Monitor] Data is sent to Scoreboard
# [base] Write finished! Write data 01 at Address 00
# [Scoreboard] Get packet from Monitor: Address: 00, Data: 00
# 
# ===== t=71170000 PASSED SUCCESSFULLY !!! Expected timing is 610000, Actual timing is 619999 =====
# 
# [Stimulus] Packet is sent to Driver
# [Driver] Data is sent to DUT
# [Monitor] Data is sent to Scoreboard
# [base] Write finished! Write data 01 at Address 03
# [Scoreboard] Get packet from Monitor: Address: 03, Data: 00
# [Stimulus] Packet is sent to Driver
# [Driver] Data is sent to DUT
# [Monitor] Data is sent to Scoreboard
# [Base] Write finished! Write Random Data b3 at Address 02
# [Scoreboard] Get packet from Monitor: Address: 02, Data: 00
# [Stimulus] Packet is sent to Driver
#   1
# [Driver] Data is sent to DUT
# [Monitor] Data is sent to Scoreboard
# [base] Write finished! Write data 04 at Address 00
# [Scoreboard] Get packet from Monitor: Address: 00, Data: 00
# [Stimulus] Packet is sent to Driver
#   0
# [Driver] Data is sent to DUT
# [Monitor] Data is sent to Scoreboard
# [base] Write finished! Write data 01 at Address 00
# [Scoreboard] Get packet from Monitor: Address: 00, Data: 00
# 
# ===== t=71850000 PASSED SUCCESSFULLY !!! Expected timing is 385000, Actual timing is 399999 =====
# 
# [Stimulus] Packet is sent to Driver
# [Driver] Data is sent to DUT
# [Monitor] Data is sent to Scoreboard
# [base] Write finished! Write data 01 at Address 03
# [Scoreboard] Get packet from Monitor: Address: 03, Data: 00
# [Stimulus] Packet is sent to Driver
# [Driver] Data is sent to DUT
# [Monitor] Data is sent to Scoreboard
# [Base] Write finished! Write Random Data 52 at Address 02
# [Scoreboard] Get packet from Monitor: Address: 02, Data: 00
# [Stimulus] Packet is sent to Driver
#   1
# [Driver] Data is sent to DUT
# [Monitor] Data is sent to Scoreboard
# [base] Write finished! Write data 04 at Address 00
# [Scoreboard] Get packet from Monitor: Address: 00, Data: 00
# [Stimulus] Packet is sent to Driver
#   0
# [Driver] Data is sent to DUT
# [Monitor] Data is sent to Scoreboard
# [base] Write finished! Write data 01 at Address 00
# [Scoreboard] Get packet from Monitor: Address: 00, Data: 00
# 
# ===== t=73010000 PASSED SUCCESSFULLY !!! Expected timing is 870000, Actual timing is 879999 =====
# 
# [Stimulus] Packet is sent to Driver
# [Driver] Data is sent to DUT
# [Monitor] Data is sent to Scoreboard
# [base] Write finished! Write data 01 at Address 03
# [Scoreboard] Get packet from Monitor: Address: 03, Data: 00
# [Stimulus] Packet is sent to Driver
# [Driver] Data is sent to DUT
# [Monitor] Data is sent to Scoreboard
# [Base] Write finished! Write Random Data 20 at Address 02
# [Scoreboard] Get packet from Monitor: Address: 02, Data: 00
# [Stimulus] Packet is sent to Driver
#   1
# [Driver] Data is sent to DUT
# [Monitor] Data is sent to Scoreboard
# [base] Write finished! Write data 04 at Address 00
# [Scoreboard] Get packet from Monitor: Address: 00, Data: 00
# [Stimulus] Packet is sent to Driver
#   0
# [Driver] Data is sent to DUT
# [Monitor] Data is sent to Scoreboard
# [base] Write finished! Write data 01 at Address 00
# [Scoreboard] Get packet from Monitor: Address: 00, Data: 00
# 
# ===== t=74430000 PASSED SUCCESSFULLY !!! Expected timing is 1120000, Actual timing is 1139999 =====
# 
# [Stimulus] Packet is sent to Driver
# [Driver] Data is sent to DUT
# [Monitor] Data is sent to Scoreboard
# [base] Write finished! Write data 01 at Address 03
# [Scoreboard] Get packet from Monitor: Address: 03, Data: 00
# [Stimulus] Packet is sent to Driver
# [Driver] Data is sent to DUT
# [Monitor] Data is sent to Scoreboard
# [Base] Write finished! Write Random Data 8a at Address 02
# [Scoreboard] Get packet from Monitor: Address: 02, Data: 00
# [Stimulus] Packet is sent to Driver
#   1
# [Driver] Data is sent to DUT
# [Monitor] Data is sent to Scoreboard
# [base] Write finished! Write data 04 at Address 00
# [Scoreboard] Get packet from Monitor: Address: 00, Data: 00
# [Stimulus] Packet is sent to Driver
#   0
# [Driver] Data is sent to DUT
# [Monitor] Data is sent to Scoreboard
# [base] Write finished! Write data 01 at Address 00
# [Scoreboard] Get packet from Monitor: Address: 00, Data: 00
# 
# ===== t=75310000 PASSED SUCCESSFULLY !!! Expected timing is 590000, Actual timing is 599999 =====
# 
# [Stimulus] Packet is sent to Driver
# [Driver] Data is sent to DUT
# [Monitor] Data is sent to Scoreboard
# [base] Write finished! Write data 01 at Address 03
# [Scoreboard] Get packet from Monitor: Address: 03, Data: 00
# [Stimulus] Packet is sent to Driver
# [Driver] Data is sent to DUT
# [Monitor] Data is sent to Scoreboard
# [Base] Write finished! Write Random Data 6d at Address 02
# [Scoreboard] Get packet from Monitor: Address: 02, Data: 00
# [Stimulus] Packet is sent to Driver
#   1
# [Driver] Data is sent to DUT
# [Monitor] Data is sent to Scoreboard
# [base] Write finished! Write data 04 at Address 00
# [Scoreboard] Get packet from Monitor: Address: 00, Data: 00
# [Stimulus] Packet is sent to Driver
#   0
# [Driver] Data is sent to DUT
# [Monitor] Data is sent to Scoreboard
# [base] Write finished! Write data 01 at Address 00
# [Scoreboard] Get packet from Monitor: Address: 00, Data: 00
# 
# ===== t=76330000 PASSED SUCCESSFULLY !!! Expected timing is 735000, Actual timing is 739999 =====
# 
# [Stimulus] Packet is sent to Driver
# [Driver] Data is sent to DUT
# [Monitor] Data is sent to Scoreboard
# [base] Write finished! Write data 01 at Address 03
# [Scoreboard] Get packet from Monitor: Address: 03, Data: 00
# [Stimulus] Packet is sent to Driver
# [Driver] Data is sent to DUT
# [Monitor] Data is sent to Scoreboard
# [Base] Write finished! Write Random Data be at Address 02
# [Scoreboard] Get packet from Monitor: Address: 02, Data: 00
# [Stimulus] Packet is sent to Driver
#   1
# [Driver] Data is sent to DUT
# [Monitor] Data is sent to Scoreboard
# [base] Write finished! Write data 04 at Address 00
# [Scoreboard] Get packet from Monitor: Address: 00, Data: 00
# [Stimulus] Packet is sent to Driver
#   0
# [Driver] Data is sent to DUT
# [Monitor] Data is sent to Scoreboard
# [base] Write finished! Write data 01 at Address 00
# [Scoreboard] Get packet from Monitor: Address: 00, Data: 00
# 
# ===== t=76950000 PASSED SUCCESSFULLY !!! Expected timing is 330000, Actual timing is 339999 =====
# 
# [Stimulus] Packet is sent to Driver
# [Driver] Data is sent to DUT
# [Monitor] Data is sent to Scoreboard
# [base] Write finished! Write data 01 at Address 03
# [Scoreboard] Get packet from Monitor: Address: 03, Data: 00
# [Stimulus] Packet is sent to Driver
# [Driver] Data is sent to DUT
# [Monitor] Data is sent to Scoreboard
# [Base] Write finished! Write Random Data fa at Address 02
# [Scoreboard] Get packet from Monitor: Address: 02, Data: 00
# [Stimulus] Packet is sent to Driver
#   1
# [Driver] Data is sent to DUT
# [Monitor] Data is sent to Scoreboard
# [base] Write finished! Write data 04 at Address 00
# [Scoreboard] Get packet from Monitor: Address: 00, Data: 00
# [Stimulus] Packet is sent to Driver
#   0
# [Driver] Data is sent to DUT
# [Monitor] Data is sent to Scoreboard
# [base] Write finished! Write data 01 at Address 00
# [Scoreboard] Get packet from Monitor: Address: 00, Data: 00
# 
# ===== t=77270000 PASSED SUCCESSFULLY !!! Expected timing is 30000, Actual timing is 39999 =====
# 
# [Stimulus] Packet is sent to Driver
# [Driver] Data is sent to DUT
# [Monitor] Data is sent to Scoreboard
# [base] Write finished! Write data 01 at Address 03
# [Scoreboard] Get packet from Monitor: Address: 03, Data: 00
# [Stimulus] Packet is sent to Driver
# [Driver] Data is sent to DUT
# [Monitor] Data is sent to Scoreboard
# [Base] Write finished! Write Random Data 98 at Address 02
# [Scoreboard] Get packet from Monitor: Address: 02, Data: 00
# [Stimulus] Packet is sent to Driver
#   1
# [Driver] Data is sent to DUT
# [Monitor] Data is sent to Scoreboard
# [base] Write finished! Write data 04 at Address 00
# [Scoreboard] Get packet from Monitor: Address: 00, Data: 00
# [Stimulus] Packet is sent to Driver
#   0
# [Driver] Data is sent to DUT
# [Monitor] Data is sent to Scoreboard
# [base] Write finished! Write data 01 at Address 00
# [Scoreboard] Get packet from Monitor: Address: 00, Data: 00
# 
# ===== t=78090000 PASSED SUCCESSFULLY !!! Expected timing is 520000, Actual timing is 539999 =====
# 
# [Stimulus] Packet is sent to Driver
# [Driver] Data is sent to DUT
# [Monitor] Data is sent to Scoreboard
# [base] Write finished! Write data 01 at Address 03
# [Scoreboard] Get packet from Monitor: Address: 03, Data: 00
# [Stimulus] Packet is sent to Driver
# [Driver] Data is sent to DUT
# [Monitor] Data is sent to Scoreboard
# [Base] Write finished! Write Random Data de at Address 02
# [Scoreboard] Get packet from Monitor: Address: 02, Data: 00
# [Stimulus] Packet is sent to Driver
#   1
# [Driver] Data is sent to DUT
# [Monitor] Data is sent to Scoreboard
# [base] Write finished! Write data 04 at Address 00
# [Scoreboard] Get packet from Monitor: Address: 00, Data: 00
# [Stimulus] Packet is sent to Driver
#   0
# [Driver] Data is sent to DUT
# [Monitor] Data is sent to Scoreboard
# [base] Write finished! Write data 01 at Address 00
# [Scoreboard] Get packet from Monitor: Address: 00, Data: 00
# 
# ===== t=78550000 PASSED SUCCESSFULLY !!! Expected timing is 170000, Actual timing is 179999 =====
# 
# [Stimulus] Packet is sent to Driver
# [Driver] Data is sent to DUT
# [Monitor] Data is sent to Scoreboard
# [base] Write finished! Write data 01 at Address 03
# [Scoreboard] Get packet from Monitor: Address: 03, Data: 00
# [Stimulus] Packet is sent to Driver
# [Driver] Data is sent to DUT
# [Monitor] Data is sent to Scoreboard
# [Base] Write finished! Write Random Data 12 at Address 02
# [Scoreboard] Get packet from Monitor: Address: 02, Data: 00
# [Stimulus] Packet is sent to Driver
#   1
# [Driver] Data is sent to DUT
# [Monitor] Data is sent to Scoreboard
# [base] Write finished! Write data 04 at Address 00
# [Scoreboard] Get packet from Monitor: Address: 00, Data: 00
# [Stimulus] Packet is sent to Driver
#   0
# [Driver] Data is sent to DUT
# [Monitor] Data is sent to Scoreboard
# [base] Write finished! Write data 01 at Address 00
# [Scoreboard] Get packet from Monitor: Address: 00, Data: 00
# 
# ===== t=80030000 PASSED SUCCESSFULLY !!! Expected timing is 1190000, Actual timing is 1199999 =====
# 
# [Stimulus] Packet is sent to Driver
# [Driver] Data is sent to DUT
# [Monitor] Data is sent to Scoreboard
# [base] Write finished! Write data 01 at Address 03
# [Scoreboard] Get packet from Monitor: Address: 03, Data: 00
# [Stimulus] Packet is sent to Driver
# [Driver] Data is sent to DUT
# [Monitor] Data is sent to Scoreboard
# [Base] Write finished! Write Random Data e7 at Address 02
# [Scoreboard] Get packet from Monitor: Address: 02, Data: 00
# [Stimulus] Packet is sent to Driver
#   1
# [Driver] Data is sent to DUT
# [Monitor] Data is sent to Scoreboard
# [base] Write finished! Write data 04 at Address 00
# [Scoreboard] Get packet from Monitor: Address: 00, Data: 00
# [Stimulus] Packet is sent to Driver
#   0
# [Driver] Data is sent to DUT
# [Monitor] Data is sent to Scoreboard
# [base] Write finished! Write data 01 at Address 00
# [Scoreboard] Get packet from Monitor: Address: 00, Data: 00
# 
# ===== t=80450000 PASSED SUCCESSFULLY !!! Expected timing is 125000, Actual timing is 139999 =====
# 
# [Stimulus] Packet is sent to Driver
# [Driver] Data is sent to DUT
# [Monitor] Data is sent to Scoreboard
# [base] Write finished! Write data 01 at Address 03
# [Scoreboard] Get packet from Monitor: Address: 03, Data: 00
# [Stimulus] Packet is sent to Driver
# [Driver] Data is sent to DUT
# [Monitor] Data is sent to Scoreboard
# [Base] Write finished! Write Random Data a5 at Address 02
# [Scoreboard] Get packet from Monitor: Address: 02, Data: 00
# [Stimulus] Packet is sent to Driver
#   1
# [Driver] Data is sent to DUT
# [Monitor] Data is sent to Scoreboard
# [base] Write finished! Write data 04 at Address 00
# [Scoreboard] Get packet from Monitor: Address: 00, Data: 00
# [Stimulus] Packet is sent to Driver
#   0
# [Driver] Data is sent to DUT
# [Monitor] Data is sent to Scoreboard
# [base] Write finished! Write data 01 at Address 00
# [Scoreboard] Get packet from Monitor: Address: 00, Data: 00
# 
# ===== t=81190000 PASSED SUCCESSFULLY !!! Expected timing is 455000, Actual timing is 459999 =====
# 
# [Stimulus] Packet is sent to Driver
# [Driver] Data is sent to DUT
# [Monitor] Data is sent to Scoreboard
# [base] Write finished! Write data 01 at Address 03
# [Scoreboard] Get packet from Monitor: Address: 03, Data: 00
# [Stimulus] Packet is sent to Driver
# [Driver] Data is sent to DUT
# [Monitor] Data is sent to Scoreboard
# [Base] Write finished! Write Random Data 18 at Address 02
# [Scoreboard] Get packet from Monitor: Address: 02, Data: 00
# [Stimulus] Packet is sent to Driver
#   1
# [Driver] Data is sent to DUT
# [Monitor] Data is sent to Scoreboard
# [base] Write finished! Write data 04 at Address 00
# [Scoreboard] Get packet from Monitor: Address: 00, Data: 00
# [Stimulus] Packet is sent to Driver
#   0
# [Driver] Data is sent to DUT
# [Monitor] Data is sent to Scoreboard
# [base] Write finished! Write data 01 at Address 00
# [Scoreboard] Get packet from Monitor: Address: 00, Data: 00
# 
# ===== t=82650000 PASSED SUCCESSFULLY !!! Expected timing is 1160000, Actual timing is 1179999 =====
# 
# [Stimulus] Packet is sent to Driver
# [Driver] Data is sent to DUT
# [Monitor] Data is sent to Scoreboard
# [base] Write finished! Write data 01 at Address 03
# [Scoreboard] Get packet from Monitor: Address: 03, Data: 00
# [Stimulus] Packet is sent to Driver
# [Driver] Data is sent to DUT
# [Monitor] Data is sent to Scoreboard
# [Base] Write finished! Write Random Data 1e at Address 02
# [Scoreboard] Get packet from Monitor: Address: 02, Data: 00
# [Stimulus] Packet is sent to Driver
#   1
# [Driver] Data is sent to DUT
# [Monitor] Data is sent to Scoreboard
# [base] Write finished! Write data 04 at Address 00
# [Scoreboard] Get packet from Monitor: Address: 00, Data: 00
# [Stimulus] Packet is sent to Driver
#   0
# [Driver] Data is sent to DUT
# [Monitor] Data is sent to Scoreboard
# [base] Write finished! Write data 01 at Address 00
# [Scoreboard] Get packet from Monitor: Address: 00, Data: 00
# 
# ===== t=84070000 PASSED SUCCESSFULLY !!! Expected timing is 1130000, Actual timing is 1139999 =====
# 
# [Stimulus] Packet is sent to Driver
# [Driver] Data is sent to DUT
# [Monitor] Data is sent to Scoreboard
# [base] Write finished! Write data 01 at Address 03
# [Scoreboard] Get packet from Monitor: Address: 03, Data: 00
# [Stimulus] Packet is sent to Driver
# [Driver] Data is sent to DUT
# [Monitor] Data is sent to Scoreboard
# [Base] Write finished! Write Random Data e1 at Address 02
# [Scoreboard] Get packet from Monitor: Address: 02, Data: 00
# [Stimulus] Packet is sent to Driver
#   1
# [Driver] Data is sent to DUT
# [Monitor] Data is sent to Scoreboard
# [base] Write finished! Write data 04 at Address 00
# [Scoreboard] Get packet from Monitor: Address: 00, Data: 00
# [Stimulus] Packet is sent to Driver
#   0
# [Driver] Data is sent to DUT
# [Monitor] Data is sent to Scoreboard
# [base] Write finished! Write data 01 at Address 00
# [Scoreboard] Get packet from Monitor: Address: 00, Data: 00
# 
# ===== t=84510000 PASSED SUCCESSFULLY !!! Expected timing is 155000, Actual timing is 159999 =====
# 
# [Stimulus] Packet is sent to Driver
# [Driver] Data is sent to DUT
# [Monitor] Data is sent to Scoreboard
# [base] Write finished! Write data 01 at Address 03
# [Scoreboard] Get packet from Monitor: Address: 03, Data: 00
# [Stimulus] Packet is sent to Driver
# [Driver] Data is sent to DUT
# [Monitor] Data is sent to Scoreboard
# [Base] Write finished! Write Random Data 79 at Address 02
# [Scoreboard] Get packet from Monitor: Address: 02, Data: 00
# [Stimulus] Packet is sent to Driver
#   1
# [Driver] Data is sent to DUT
# [Monitor] Data is sent to Scoreboard
# [base] Write finished! Write data 04 at Address 00
# [Scoreboard] Get packet from Monitor: Address: 00, Data: 00
# [Stimulus] Packet is sent to Driver
#   0
# [Driver] Data is sent to DUT
# [Monitor] Data is sent to Scoreboard
# [base] Write finished! Write data 01 at Address 00
# [Scoreboard] Get packet from Monitor: Address: 00, Data: 00
# 
# ===== t=85470000 PASSED SUCCESSFULLY !!! Expected timing is 675000, Actual timing is 679999 =====
# 
# [Stimulus] Packet is sent to Driver
# [Driver] Data is sent to DUT
# [Monitor] Data is sent to Scoreboard
# [base] Write finished! Write data 01 at Address 03
# [Scoreboard] Get packet from Monitor: Address: 03, Data: 00
# [Stimulus] Packet is sent to Driver
# [Driver] Data is sent to DUT
# [Monitor] Data is sent to Scoreboard
# [Base] Write finished! Write Random Data 05 at Address 02
# [Scoreboard] Get packet from Monitor: Address: 02, Data: 00
# [Stimulus] Packet is sent to Driver
#   1
# [Driver] Data is sent to DUT
# [Monitor] Data is sent to Scoreboard
# [base] Write finished! Write data 04 at Address 00
# [Scoreboard] Get packet from Monitor: Address: 00, Data: 00
# [Stimulus] Packet is sent to Driver
#   0
# [Driver] Data is sent to DUT
# [Monitor] Data is sent to Scoreboard
# [base] Write finished! Write data 01 at Address 00
# [Scoreboard] Get packet from Monitor: Address: 00, Data: 00
# 
# ===== t=87010000 PASSED SUCCESSFULLY !!! Expected timing is 1255000, Actual timing is 1259999 =====
# 
# [Stimulus] Packet is sent to Driver
# [Driver] Data is sent to DUT
# [Monitor] Data is sent to Scoreboard
# [base] Write finished! Write data 01 at Address 03
# [Scoreboard] Get packet from Monitor: Address: 03, Data: 00
# [Stimulus] Packet is sent to Driver
# [Driver] Data is sent to DUT
# [Monitor] Data is sent to Scoreboard
# [Base] Write finished! Write Random Data 11 at Address 02
# [Scoreboard] Get packet from Monitor: Address: 02, Data: 00
# [Stimulus] Packet is sent to Driver
#   1
# [Driver] Data is sent to DUT
# [Monitor] Data is sent to Scoreboard
# [base] Write finished! Write data 04 at Address 00
# [Scoreboard] Get packet from Monitor: Address: 00, Data: 00
# [Stimulus] Packet is sent to Driver
#   0
# [Driver] Data is sent to DUT
# [Monitor] Data is sent to Scoreboard
# [base] Write finished! Write data 01 at Address 00
# [Scoreboard] Get packet from Monitor: Address: 00, Data: 00
# 
# ===== t=88490000 PASSED SUCCESSFULLY !!! Expected timing is 1195000, Actual timing is 1199999 =====
# 
# [Stimulus] Packet is sent to Driver
# [Driver] Data is sent to DUT
# [Monitor] Data is sent to Scoreboard
# [base] Write finished! Write data 01 at Address 03
# [Scoreboard] Get packet from Monitor: Address: 03, Data: 00
# [Stimulus] Packet is sent to Driver
# [Driver] Data is sent to DUT
# [Monitor] Data is sent to Scoreboard
# [Base] Write finished! Write Random Data 9c at Address 02
# [Scoreboard] Get packet from Monitor: Address: 02, Data: 00
# [Stimulus] Packet is sent to Driver
#   1
# [Driver] Data is sent to DUT
# [Monitor] Data is sent to Scoreboard
# [base] Write finished! Write data 04 at Address 00
# [Scoreboard] Get packet from Monitor: Address: 00, Data: 00
# [Stimulus] Packet is sent to Driver
#   0
# [Driver] Data is sent to DUT
# [Monitor] Data is sent to Scoreboard
# [base] Write finished! Write data 01 at Address 00
# [Scoreboard] Get packet from Monitor: Address: 00, Data: 00
# 
# ===== t=89290000 PASSED SUCCESSFULLY !!! Expected timing is 500000, Actual timing is 519999 =====
# 
# [Stimulus] Packet is sent to Driver
# [Driver] Data is sent to DUT
# [Monitor] Data is sent to Scoreboard
# [base] Write finished! Write data 01 at Address 03
# [Scoreboard] Get packet from Monitor: Address: 03, Data: 00
# [Stimulus] Packet is sent to Driver
# [Driver] Data is sent to DUT
# [Monitor] Data is sent to Scoreboard
# [Base] Write finished! Write Random Data f5 at Address 02
# [Scoreboard] Get packet from Monitor: Address: 02, Data: 00
# [Stimulus] Packet is sent to Driver
#   1
# [Driver] Data is sent to DUT
# [Monitor] Data is sent to Scoreboard
# [base] Write finished! Write data 04 at Address 00
# [Scoreboard] Get packet from Monitor: Address: 00, Data: 00
# [Stimulus] Packet is sent to Driver
#   0
# [Driver] Data is sent to DUT
# [Monitor] Data is sent to Scoreboard
# [base] Write finished! Write data 01 at Address 00
# [Scoreboard] Get packet from Monitor: Address: 00, Data: 00
# 
# ===== t=89630000 PASSED SUCCESSFULLY !!! Expected timing is 55000, Actual timing is 59999 =====
# 
# [Stimulus] Packet is sent to Driver
# [Driver] Data is sent to DUT
# [Monitor] Data is sent to Scoreboard
# [base] Write finished! Write data 01 at Address 03
# [Scoreboard] Get packet from Monitor: Address: 03, Data: 00
# [Stimulus] Packet is sent to Driver
# [Driver] Data is sent to DUT
# [Monitor] Data is sent to Scoreboard
# [Base] Write finished! Write Random Data 15 at Address 02
# [Scoreboard] Get packet from Monitor: Address: 02, Data: 00
# [Stimulus] Packet is sent to Driver
#   1
# [Driver] Data is sent to DUT
# [Monitor] Data is sent to Scoreboard
# [base] Write finished! Write data 04 at Address 00
# [Scoreboard] Get packet from Monitor: Address: 00, Data: 00
# [Stimulus] Packet is sent to Driver
#   0
# [Driver] Data is sent to DUT
# [Monitor] Data is sent to Scoreboard
# [base] Write finished! Write data 01 at Address 00
# [Scoreboard] Get packet from Monitor: Address: 00, Data: 00
# 
# ===== t=91090000 PASSED SUCCESSFULLY !!! Expected timing is 1175000, Actual timing is 1179999 =====
# 
# [Stimulus] Packet is sent to Driver
# [Driver] Data is sent to DUT
# [Monitor] Data is sent to Scoreboard
# [base] Write finished! Write data 01 at Address 03
# [Scoreboard] Get packet from Monitor: Address: 03, Data: 00
# [Stimulus] Packet is sent to Driver
# [Driver] Data is sent to DUT
# [Monitor] Data is sent to Scoreboard
# [Base] Write finished! Write Random Data 3e at Address 02
# [Scoreboard] Get packet from Monitor: Address: 02, Data: 00
# [Stimulus] Packet is sent to Driver
#   1
# [Driver] Data is sent to DUT
# [Monitor] Data is sent to Scoreboard
# [base] Write finished! Write data 04 at Address 00
# [Scoreboard] Get packet from Monitor: Address: 00, Data: 00
# [Stimulus] Packet is sent to Driver
#   0
# [Driver] Data is sent to DUT
# [Monitor] Data is sent to Scoreboard
# [base] Write finished! Write data 01 at Address 00
# [Scoreboard] Get packet from Monitor: Address: 00, Data: 00
# 
# ===== t=92350000 PASSED SUCCESSFULLY !!! Expected timing is 970000, Actual timing is 979999 =====
# 
# [Stimulus] Packet is sent to Driver
# [Driver] Data is sent to DUT
# [Monitor] Data is sent to Scoreboard
# [base] Write finished! Write data 01 at Address 03
# [Scoreboard] Get packet from Monitor: Address: 03, Data: 00
# [Stimulus] Packet is sent to Driver
# [Driver] Data is sent to DUT
# [Monitor] Data is sent to Scoreboard
# [Base] Write finished! Write Random Data 77 at Address 02
# [Scoreboard] Get packet from Monitor: Address: 02, Data: 00
# [Stimulus] Packet is sent to Driver
#   1
# [Driver] Data is sent to DUT
# [Monitor] Data is sent to Scoreboard
# [base] Write finished! Write data 04 at Address 00
# [Scoreboard] Get packet from Monitor: Address: 00, Data: 00
# [Stimulus] Packet is sent to Driver
#   0
# [Driver] Data is sent to DUT
# [Monitor] Data is sent to Scoreboard
# [base] Write finished! Write data 01 at Address 00
# [Scoreboard] Get packet from Monitor: Address: 00, Data: 00
# 
# ===== t=93330000 PASSED SUCCESSFULLY !!! Expected timing is 685000, Actual timing is 699999 =====
# 
# [Stimulus] Packet is sent to Driver
# [Driver] Data is sent to DUT
# [Monitor] Data is sent to Scoreboard
# [base] Write finished! Write data 01 at Address 03
# [Scoreboard] Get packet from Monitor: Address: 03, Data: 00
# [Stimulus] Packet is sent to Driver
# [Driver] Data is sent to DUT
# [Monitor] Data is sent to Scoreboard
# [Base] Write finished! Write Random Data bd at Address 02
# [Scoreboard] Get packet from Monitor: Address: 02, Data: 00
# [Stimulus] Packet is sent to Driver
#   1
# [Driver] Data is sent to DUT
# [Monitor] Data is sent to Scoreboard
# [base] Write finished! Write data 04 at Address 00
# [Scoreboard] Get packet from Monitor: Address: 00, Data: 00
# [Stimulus] Packet is sent to Driver
#   0
# [Driver] Data is sent to DUT
# [Monitor] Data is sent to Scoreboard
# [base] Write finished! Write data 01 at Address 00
# [Scoreboard] Get packet from Monitor: Address: 00, Data: 00
# 
# ===== t=93950000 PASSED SUCCESSFULLY !!! Expected timing is 335000, Actual timing is 339999 =====
# 
# [Stimulus] Packet is sent to Driver
# [Driver] Data is sent to DUT
# [Monitor] Data is sent to Scoreboard
# [base] Write finished! Write data 01 at Address 03
# [Scoreboard] Get packet from Monitor: Address: 03, Data: 00
# [Stimulus] Packet is sent to Driver
# [Driver] Data is sent to DUT
# [Monitor] Data is sent to Scoreboard
# [Base] Write finished! Write Random Data 95 at Address 02
# [Scoreboard] Get packet from Monitor: Address: 02, Data: 00
# [Stimulus] Packet is sent to Driver
#   1
# [Driver] Data is sent to DUT
# [Monitor] Data is sent to Scoreboard
# [base] Write finished! Write data 04 at Address 00
# [Scoreboard] Get packet from Monitor: Address: 00, Data: 00
# [Stimulus] Packet is sent to Driver
#   0
# [Driver] Data is sent to DUT
# [Monitor] Data is sent to Scoreboard
# [base] Write finished! Write data 01 at Address 00
# [Scoreboard] Get packet from Monitor: Address: 00, Data: 00
# 
# ===== t=94770000 PASSED SUCCESSFULLY !!! Expected timing is 535000, Actual timing is 539999 =====
# 
# [Stimulus] Packet is sent to Driver
# [Driver] Data is sent to DUT
# [Monitor] Data is sent to Scoreboard
# [base] Write finished! Write data 01 at Address 03
# [Scoreboard] Get packet from Monitor: Address: 03, Data: 00
# [Stimulus] Packet is sent to Driver
# [Driver] Data is sent to DUT
# [Monitor] Data is sent to Scoreboard
# [Base] Write finished! Write Random Data 4c at Address 02
# [Scoreboard] Get packet from Monitor: Address: 02, Data: 00
# [Stimulus] Packet is sent to Driver
#   1
# [Driver] Data is sent to DUT
# [Monitor] Data is sent to Scoreboard
# [base] Write finished! Write data 04 at Address 00
# [Scoreboard] Get packet from Monitor: Address: 00, Data: 00
# [Stimulus] Packet is sent to Driver
#   0
# [Driver] Data is sent to DUT
# [Monitor] Data is sent to Scoreboard
# [base] Write finished! Write data 01 at Address 00
# [Scoreboard] Get packet from Monitor: Address: 00, Data: 00
# 
# ===== t=95970000 PASSED SUCCESSFULLY !!! Expected timing is 900000, Actual timing is 919999 =====
# 
# [Stimulus] Packet is sent to Driver
# [Driver] Data is sent to DUT
# [Monitor] Data is sent to Scoreboard
# [base] Write finished! Write data 01 at Address 03
# [Scoreboard] Get packet from Monitor: Address: 03, Data: 00
# [Stimulus] Packet is sent to Driver
# [Driver] Data is sent to DUT
# [Monitor] Data is sent to Scoreboard
# [Base] Write finished! Write Random Data d4 at Address 02
# [Scoreboard] Get packet from Monitor: Address: 02, Data: 00
# [Stimulus] Packet is sent to Driver
#   1
# [Driver] Data is sent to DUT
# [Monitor] Data is sent to Scoreboard
# [base] Write finished! Write data 04 at Address 00
# [Scoreboard] Get packet from Monitor: Address: 00, Data: 00
# [Stimulus] Packet is sent to Driver
#   0
# [Driver] Data is sent to DUT
# [Monitor] Data is sent to Scoreboard
# [base] Write finished! Write data 01 at Address 00
# [Scoreboard] Get packet from Monitor: Address: 00, Data: 00
# 
# ===== t=96490000 PASSED SUCCESSFULLY !!! Expected timing is 220000, Actual timing is 239999 =====
# 
# [Stimulus] Packet is sent to Driver
# [Driver] Data is sent to DUT
# [Monitor] Data is sent to Scoreboard
# [base] Write finished! Write data 01 at Address 03
# [Scoreboard] Get packet from Monitor: Address: 03, Data: 00
# [Stimulus] Packet is sent to Driver
# [Driver] Data is sent to DUT
# [Monitor] Data is sent to Scoreboard
# [Base] Write finished! Write Random Data 05 at Address 02
# [Scoreboard] Get packet from Monitor: Address: 02, Data: 00
# [Stimulus] Packet is sent to Driver
#   1
# [Driver] Data is sent to DUT
# [Monitor] Data is sent to Scoreboard
# [base] Write finished! Write data 04 at Address 00
# [Scoreboard] Get packet from Monitor: Address: 00, Data: 00
# [Stimulus] Packet is sent to Driver
#   0
# [Driver] Data is sent to DUT
# [Monitor] Data is sent to Scoreboard
# [base] Write finished! Write data 01 at Address 00
# [Scoreboard] Get packet from Monitor: Address: 00, Data: 00
# 
# ===== t=98030000 PASSED SUCCESSFULLY !!! Expected timing is 1255000, Actual timing is 1259999 =====
# 
# [Stimulus] Packet is sent to Driver
# [Driver] Data is sent to DUT
# [Monitor] Data is sent to Scoreboard
# [base] Write finished! Write data 01 at Address 03
# [Scoreboard] Get packet from Monitor: Address: 03, Data: 00
# [Stimulus] Packet is sent to Driver
# [Driver] Data is sent to DUT
# [Monitor] Data is sent to Scoreboard
# [Base] Write finished! Write Random Data 16 at Address 02
# [Scoreboard] Get packet from Monitor: Address: 02, Data: 00
# [Stimulus] Packet is sent to Driver
#   1
# [Driver] Data is sent to DUT
# [Monitor] Data is sent to Scoreboard
# [base] Write finished! Write data 04 at Address 00
# [Scoreboard] Get packet from Monitor: Address: 00, Data: 00
# [Stimulus] Packet is sent to Driver
#   0
# [Driver] Data is sent to DUT
# [Monitor] Data is sent to Scoreboard
# [base] Write finished! Write data 01 at Address 00
# [Scoreboard] Get packet from Monitor: Address: 00, Data: 00
# 
# ===== t=99490000 PASSED SUCCESSFULLY !!! Expected timing is 1170000, Actual timing is 1179999 =====
# 
# [Stimulus] Packet is sent to Driver
# [Driver] Data is sent to DUT
# [Monitor] Data is sent to Scoreboard
# [base] Write finished! Write data 01 at Address 03
# [Scoreboard] Get packet from Monitor: Address: 03, Data: 00
# [Stimulus] Packet is sent to Driver
# [Driver] Data is sent to DUT
# [Monitor] Data is sent to Scoreboard
# [Base] Write finished! Write Random Data 27 at Address 02
# [Scoreboard] Get packet from Monitor: Address: 02, Data: 00
# [Stimulus] Packet is sent to Driver
#   1
# [Driver] Data is sent to DUT
# [Monitor] Data is sent to Scoreboard
# [base] Write finished! Write data 04 at Address 00
# [Scoreboard] Get packet from Monitor: Address: 00, Data: 00
# [Stimulus] Packet is sent to Driver
#   0
# [Driver] Data is sent to DUT
# [Monitor] Data is sent to Scoreboard
# [base] Write finished! Write data 01 at Address 00
# [Scoreboard] Get packet from Monitor: Address: 00, Data: 00
# 
# ===== t=100870000 PASSED SUCCESSFULLY !!! Expected timing is 1085000, Actual timing is 1099999 =====
# 
# [Stimulus] Packet is sent to Driver
# [Driver] Data is sent to DUT
# [Monitor] Data is sent to Scoreboard
# [base] Write finished! Write data 01 at Address 03
# [Scoreboard] Get packet from Monitor: Address: 03, Data: 00
# [Stimulus] Packet is sent to Driver
# [Driver] Data is sent to DUT
# [Monitor] Data is sent to Scoreboard
# [Base] Write finished! Write Random Data bb at Address 02
# [Scoreboard] Get packet from Monitor: Address: 02, Data: 00
# [Stimulus] Packet is sent to Driver
#   1
# [Driver] Data is sent to DUT
# [Monitor] Data is sent to Scoreboard
# [base] Write finished! Write data 04 at Address 00
# [Scoreboard] Get packet from Monitor: Address: 00, Data: 00
# [Stimulus] Packet is sent to Driver
#   0
# [Driver] Data is sent to DUT
# [Monitor] Data is sent to Scoreboard
# [base] Write finished! Write data 01 at Address 00
# [Scoreboard] Get packet from Monitor: Address: 00, Data: 00
# 
# ===== t=101510000 PASSED SUCCESSFULLY !!! Expected timing is 345000, Actual timing is 359999 =====
# 
# [Stimulus] Packet is sent to Driver
# [Driver] Data is sent to DUT
# [Monitor] Data is sent to Scoreboard
# [base] Write finished! Write data 01 at Address 03
# [Scoreboard] Get packet from Monitor: Address: 03, Data: 00
# [Stimulus] Packet is sent to Driver
# [Driver] Data is sent to DUT
# [Monitor] Data is sent to Scoreboard
# [Base] Write finished! Write Random Data bd at Address 02
# [Scoreboard] Get packet from Monitor: Address: 02, Data: 00
# [Stimulus] Packet is sent to Driver
#   1
# [Driver] Data is sent to DUT
# [Monitor] Data is sent to Scoreboard
# [base] Write finished! Write data 04 at Address 00
# [Scoreboard] Get packet from Monitor: Address: 00, Data: 00
# [Stimulus] Packet is sent to Driver
#   0
# [Driver] Data is sent to DUT
# [Monitor] Data is sent to Scoreboard
# [base] Write finished! Write data 01 at Address 00
# [Scoreboard] Get packet from Monitor: Address: 00, Data: 00
# 
# ===== t=102130000 PASSED SUCCESSFULLY !!! Expected timing is 335000, Actual timing is 339999 =====
# 
# [Stimulus] Packet is sent to Driver
# [Driver] Data is sent to DUT
# [Monitor] Data is sent to Scoreboard
# [base] Write finished! Write data 01 at Address 03
# [Scoreboard] Get packet from Monitor: Address: 03, Data: 00
# [Stimulus] Packet is sent to Driver
# [Driver] Data is sent to DUT
# [Monitor] Data is sent to Scoreboard
# [Base] Write finished! Write Random Data 35 at Address 02
# [Scoreboard] Get packet from Monitor: Address: 02, Data: 00
# [Stimulus] Packet is sent to Driver
#   1
# [Driver] Data is sent to DUT
# [Monitor] Data is sent to Scoreboard
# [base] Write finished! Write data 04 at Address 00
# [Scoreboard] Get packet from Monitor: Address: 00, Data: 00
# [Stimulus] Packet is sent to Driver
#   0
# [Driver] Data is sent to DUT
# [Monitor] Data is sent to Scoreboard
# [base] Write finished! Write data 01 at Address 00
# [Scoreboard] Get packet from Monitor: Address: 00, Data: 00
# 
# ===== t=103430000 PASSED SUCCESSFULLY !!! Expected timing is 1015000, Actual timing is 1019999 =====
# 
# [Stimulus] Packet is sent to Driver
# [Driver] Data is sent to DUT
# [Monitor] Data is sent to Scoreboard
# [base] Write finished! Write data 01 at Address 03
# [Scoreboard] Get packet from Monitor: Address: 03, Data: 00
# [Stimulus] Packet is sent to Driver
# [Driver] Data is sent to DUT
# [Monitor] Data is sent to Scoreboard
# [Base] Write finished! Write Random Data 81 at Address 02
# [Scoreboard] Get packet from Monitor: Address: 02, Data: 00
# [Stimulus] Packet is sent to Driver
#   1
# [Driver] Data is sent to DUT
# [Monitor] Data is sent to Scoreboard
# [base] Write finished! Write data 04 at Address 00
# [Scoreboard] Get packet from Monitor: Address: 00, Data: 00
# [Stimulus] Packet is sent to Driver
#   0
# [Driver] Data is sent to DUT
# [Monitor] Data is sent to Scoreboard
# [base] Write finished! Write data 01 at Address 00
# [Scoreboard] Get packet from Monitor: Address: 00, Data: 00
# 
# ===== t=104350000 PASSED SUCCESSFULLY !!! Expected timing is 635000, Actual timing is 639999 =====
# 
# [Stimulus] Packet is sent to Driver
# [Driver] Data is sent to DUT
# [Monitor] Data is sent to Scoreboard
# [base] Write finished! Write data 01 at Address 03
# [Scoreboard] Get packet from Monitor: Address: 03, Data: 00
# [Stimulus] Packet is sent to Driver
# [Driver] Data is sent to DUT
# [Monitor] Data is sent to Scoreboard
# [Base] Write finished! Write Random Data 12 at Address 02
# [Scoreboard] Get packet from Monitor: Address: 02, Data: 00
# [Stimulus] Packet is sent to Driver
#   1
# [Driver] Data is sent to DUT
# [Monitor] Data is sent to Scoreboard
# [base] Write finished! Write data 04 at Address 00
# [Scoreboard] Get packet from Monitor: Address: 00, Data: 00
# [Stimulus] Packet is sent to Driver
#   0
# [Driver] Data is sent to DUT
# [Monitor] Data is sent to Scoreboard
# [base] Write finished! Write data 01 at Address 00
# [Scoreboard] Get packet from Monitor: Address: 00, Data: 00
# 
# ===== t=105830000 PASSED SUCCESSFULLY !!! Expected timing is 1190000, Actual timing is 1199999 =====
# 
# [Stimulus] Packet is sent to Driver
# [Driver] Data is sent to DUT
# [Monitor] Data is sent to Scoreboard
# [base] Write finished! Write data 01 at Address 03
# [Scoreboard] Get packet from Monitor: Address: 03, Data: 00
# [Stimulus] Packet is sent to Driver
# [Driver] Data is sent to DUT
# [Monitor] Data is sent to Scoreboard
# [Base] Write finished! Write Random Data 0b at Address 02
# [Scoreboard] Get packet from Monitor: Address: 02, Data: 00
# [Stimulus] Packet is sent to Driver
#   1
# [Driver] Data is sent to DUT
# [Monitor] Data is sent to Scoreboard
# [base] Write finished! Write data 04 at Address 00
# [Scoreboard] Get packet from Monitor: Address: 00, Data: 00
# [Stimulus] Packet is sent to Driver
#   0
# [Driver] Data is sent to DUT
# [Monitor] Data is sent to Scoreboard
# [base] Write finished! Write data 01 at Address 00
# [Scoreboard] Get packet from Monitor: Address: 00, Data: 00
# 
# ===== t=107350000 PASSED SUCCESSFULLY !!! Expected timing is 1225000, Actual timing is 1239999 =====
# 
# [Stimulus] Packet is sent to Driver
# [Driver] Data is sent to DUT
# [Monitor] Data is sent to Scoreboard
# [base] Write finished! Write data 01 at Address 03
# [Scoreboard] Get packet from Monitor: Address: 03, Data: 00
# [Stimulus] Packet is sent to Driver
# [Driver] Data is sent to DUT
# [Monitor] Data is sent to Scoreboard
# [Base] Write finished! Write Random Data b2 at Address 02
# [Scoreboard] Get packet from Monitor: Address: 02, Data: 00
# [Stimulus] Packet is sent to Driver
#   1
# [Driver] Data is sent to DUT
# [Monitor] Data is sent to Scoreboard
# [base] Write finished! Write data 04 at Address 00
# [Scoreboard] Get packet from Monitor: Address: 00, Data: 00
# [Stimulus] Packet is sent to Driver
#   0
# [Driver] Data is sent to DUT
# [Monitor] Data is sent to Scoreboard
# [base] Write finished! Write data 01 at Address 00
# [Scoreboard] Get packet from Monitor: Address: 00, Data: 00
# 
# ===== t=108030000 PASSED SUCCESSFULLY !!! Expected timing is 390000, Actual timing is 399999 =====
# 
# [Stimulus] Packet is sent to Driver
# [Driver] Data is sent to DUT
# [Monitor] Data is sent to Scoreboard
# [base] Write finished! Write data 01 at Address 03
# [Scoreboard] Get packet from Monitor: Address: 03, Data: 00
# [Stimulus] Packet is sent to Driver
# [Driver] Data is sent to DUT
# [Monitor] Data is sent to Scoreboard
# [Base] Write finished! Write Random Data bc at Address 02
# [Scoreboard] Get packet from Monitor: Address: 02, Data: 00
# [Stimulus] Packet is sent to Driver
#   1
# [Driver] Data is sent to DUT
# [Monitor] Data is sent to Scoreboard
# [base] Write finished! Write data 04 at Address 00
# [Scoreboard] Get packet from Monitor: Address: 00, Data: 00
# [Stimulus] Packet is sent to Driver
#   0
# [Driver] Data is sent to DUT
# [Monitor] Data is sent to Scoreboard
# [base] Write finished! Write data 01 at Address 00
# [Scoreboard] Get packet from Monitor: Address: 00, Data: 00
# 
# ===== t=108670000 PASSED SUCCESSFULLY !!! Expected timing is 340000, Actual timing is 359999 =====
# 
# [Stimulus] Packet is sent to Driver
# [Driver] Data is sent to DUT
# [Monitor] Data is sent to Scoreboard
# [base] Write finished! Write data 01 at Address 03
# [Scoreboard] Get packet from Monitor: Address: 03, Data: 00
# [Stimulus] Packet is sent to Driver
# [Driver] Data is sent to DUT
# [Monitor] Data is sent to Scoreboard
# [Base] Write finished! Write Random Data 1c at Address 02
# [Scoreboard] Get packet from Monitor: Address: 02, Data: 00
# [Stimulus] Packet is sent to Driver
#   1
# [Driver] Data is sent to DUT
# [Monitor] Data is sent to Scoreboard
# [base] Write finished! Write data 04 at Address 00
# [Scoreboard] Get packet from Monitor: Address: 00, Data: 00
# [Stimulus] Packet is sent to Driver
#   0
# [Driver] Data is sent to DUT
# [Monitor] Data is sent to Scoreboard
# [base] Write finished! Write data 01 at Address 00
# [Scoreboard] Get packet from Monitor: Address: 00, Data: 00
# 
# ===== t=110110000 PASSED SUCCESSFULLY !!! Expected timing is 1140000, Actual timing is 1159999 =====
# 
# [Stimulus] Packet is sent to Driver
# [Driver] Data is sent to DUT
# [Monitor] Data is sent to Scoreboard
# [base] Write finished! Write data 01 at Address 03
# [Scoreboard] Get packet from Monitor: Address: 03, Data: 00
# [Stimulus] Packet is sent to Driver
# [Driver] Data is sent to DUT
# [Monitor] Data is sent to Scoreboard
# [Base] Write finished! Write Random Data 68 at Address 02
# [Scoreboard] Get packet from Monitor: Address: 02, Data: 00
# [Stimulus] Packet is sent to Driver
#   1
# [Driver] Data is sent to DUT
# [Monitor] Data is sent to Scoreboard
# [base] Write finished! Write data 04 at Address 00
# [Scoreboard] Get packet from Monitor: Address: 00, Data: 00
# [Stimulus] Packet is sent to Driver
#   0
# [Driver] Data is sent to DUT
# [Monitor] Data is sent to Scoreboard
# [base] Write finished! Write data 01 at Address 00
# [Scoreboard] Get packet from Monitor: Address: 00, Data: 00
# 
# ===== t=111170000 PASSED SUCCESSFULLY !!! Expected timing is 760000, Actual timing is 779999 =====
# 
# [Stimulus] Packet is sent to Driver
# [Driver] Data is sent to DUT
# [Monitor] Data is sent to Scoreboard
# [base] Write finished! Write data 01 at Address 03
# [Scoreboard] Get packet from Monitor: Address: 03, Data: 00
# [Stimulus] Packet is sent to Driver
# [Driver] Data is sent to DUT
# [Monitor] Data is sent to Scoreboard
# [Base] Write finished! Write Random Data 70 at Address 02
# [Scoreboard] Get packet from Monitor: Address: 02, Data: 00
# [Stimulus] Packet is sent to Driver
#   1
# [Driver] Data is sent to DUT
# [Monitor] Data is sent to Scoreboard
# [base] Write finished! Write data 04 at Address 00
# [Scoreboard] Get packet from Monitor: Address: 00, Data: 00
# [Stimulus] Packet is sent to Driver
#   0
# [Driver] Data is sent to DUT
# [Monitor] Data is sent to Scoreboard
# [base] Write finished! Write data 01 at Address 00
# [Scoreboard] Get packet from Monitor: Address: 00, Data: 00
# 
# ===== t=112190000 PASSED SUCCESSFULLY !!! Expected timing is 720000, Actual timing is 739999 =====
# 
# [Stimulus] Packet is sent to Driver
# [Driver] Data is sent to DUT
# [Monitor] Data is sent to Scoreboard
# [base] Write finished! Write data 01 at Address 03
# [Scoreboard] Get packet from Monitor: Address: 03, Data: 00
# [Stimulus] Packet is sent to Driver
# [Driver] Data is sent to DUT
# [Monitor] Data is sent to Scoreboard
# [Base] Write finished! Write Random Data b4 at Address 02
# [Scoreboard] Get packet from Monitor: Address: 02, Data: 00
# [Stimulus] Packet is sent to Driver
#   1
# [Driver] Data is sent to DUT
# [Monitor] Data is sent to Scoreboard
# [base] Write finished! Write data 04 at Address 00
# [Scoreboard] Get packet from Monitor: Address: 00, Data: 00
# [Stimulus] Packet is sent to Driver
#   0
# [Driver] Data is sent to DUT
# [Monitor] Data is sent to Scoreboard
# [base] Write finished! Write data 01 at Address 00
# [Scoreboard] Get packet from Monitor: Address: 00, Data: 00
# 
# ===== t=112870000 PASSED SUCCESSFULLY !!! Expected timing is 380000, Actual timing is 399999 =====
# 
# [Stimulus] Packet is sent to Driver
# [Driver] Data is sent to DUT
# [Monitor] Data is sent to Scoreboard
# [base] Write finished! Write data 01 at Address 03
# [Scoreboard] Get packet from Monitor: Address: 03, Data: 00
# [Stimulus] Packet is sent to Driver
# [Driver] Data is sent to DUT
# [Monitor] Data is sent to Scoreboard
# [Base] Write finished! Write Random Data 1e at Address 02
# [Scoreboard] Get packet from Monitor: Address: 02, Data: 00
# [Stimulus] Packet is sent to Driver
#   1
# [Driver] Data is sent to DUT
# [Monitor] Data is sent to Scoreboard
# [base] Write finished! Write data 04 at Address 00
# [Scoreboard] Get packet from Monitor: Address: 00, Data: 00
# [Stimulus] Packet is sent to Driver
#   0
# [Driver] Data is sent to DUT
# [Monitor] Data is sent to Scoreboard
# [base] Write finished! Write data 01 at Address 00
# [Scoreboard] Get packet from Monitor: Address: 00, Data: 00
# 
# ===== t=114290000 PASSED SUCCESSFULLY !!! Expected timing is 1130000, Actual timing is 1139999 =====
# 
# [Stimulus] Packet is sent to Driver
# [Driver] Data is sent to DUT
# [Monitor] Data is sent to Scoreboard
# [base] Write finished! Write data 01 at Address 03
# [Scoreboard] Get packet from Monitor: Address: 03, Data: 00
# [Stimulus] Packet is sent to Driver
# [Driver] Data is sent to DUT
# [Monitor] Data is sent to Scoreboard
# [Base] Write finished! Write Random Data 33 at Address 02
# [Scoreboard] Get packet from Monitor: Address: 02, Data: 00
# [Stimulus] Packet is sent to Driver
#   1
# [Driver] Data is sent to DUT
# [Monitor] Data is sent to Scoreboard
# [base] Write finished! Write data 04 at Address 00
# [Scoreboard] Get packet from Monitor: Address: 00, Data: 00
# [Stimulus] Packet is sent to Driver
#   0
# [Driver] Data is sent to DUT
# [Monitor] Data is sent to Scoreboard
# [base] Write finished! Write data 01 at Address 00
# [Scoreboard] Get packet from Monitor: Address: 00, Data: 00
# 
# ===== t=115610000 PASSED SUCCESSFULLY !!! Expected timing is 1025000, Actual timing is 1039999 =====
# 
# [Stimulus] Packet is sent to Driver
# [Driver] Data is sent to DUT
# [Monitor] Data is sent to Scoreboard
# [base] Write finished! Write data 01 at Address 03
# [Scoreboard] Get packet from Monitor: Address: 03, Data: 00
# [Stimulus] Packet is sent to Driver
# [Driver] Data is sent to DUT
# [Monitor] Data is sent to Scoreboard
# [Base] Write finished! Write Random Data b8 at Address 02
# [Scoreboard] Get packet from Monitor: Address: 02, Data: 00
# [Stimulus] Packet is sent to Driver
#   1
# [Driver] Data is sent to DUT
# [Monitor] Data is sent to Scoreboard
# [base] Write finished! Write data 04 at Address 00
# [Scoreboard] Get packet from Monitor: Address: 00, Data: 00
# [Stimulus] Packet is sent to Driver
#   0
# [Driver] Data is sent to DUT
# [Monitor] Data is sent to Scoreboard
# [base] Write finished! Write data 01 at Address 00
# [Scoreboard] Get packet from Monitor: Address: 00, Data: 00
# 
# ===== t=116270000 PASSED SUCCESSFULLY !!! Expected timing is 360000, Actual timing is 379999 =====
# 
# [Stimulus] Packet is sent to Driver
# [Driver] Data is sent to DUT
# [Monitor] Data is sent to Scoreboard
# [base] Write finished! Write data 01 at Address 03
# [Scoreboard] Get packet from Monitor: Address: 03, Data: 00
# [Stimulus] Packet is sent to Driver
# [Driver] Data is sent to DUT
# [Monitor] Data is sent to Scoreboard
# [Base] Write finished! Write Random Data 07 at Address 02
# [Scoreboard] Get packet from Monitor: Address: 02, Data: 00
# [Stimulus] Packet is sent to Driver
#   1
# [Driver] Data is sent to DUT
# [Monitor] Data is sent to Scoreboard
# [base] Write finished! Write data 04 at Address 00
# [Scoreboard] Get packet from Monitor: Address: 00, Data: 00
# [Stimulus] Packet is sent to Driver
#   0
# [Driver] Data is sent to DUT
# [Monitor] Data is sent to Scoreboard
# [base] Write finished! Write data 01 at Address 00
# [Scoreboard] Get packet from Monitor: Address: 00, Data: 00
# 
# ===== t=117810000 PASSED SUCCESSFULLY !!! Expected timing is 1245000, Actual timing is 1259999 =====
# 
# [Stimulus] Packet is sent to Driver
# [Driver] Data is sent to DUT
# [Monitor] Data is sent to Scoreboard
# [base] Write finished! Write data 01 at Address 03
# [Scoreboard] Get packet from Monitor: Address: 03, Data: 00
# [Stimulus] Packet is sent to Driver
# [Driver] Data is sent to DUT
# [Monitor] Data is sent to Scoreboard
# [Base] Write finished! Write Random Data 72 at Address 02
# [Scoreboard] Get packet from Monitor: Address: 02, Data: 00
# [Stimulus] Packet is sent to Driver
#   1
# [Driver] Data is sent to DUT
# [Monitor] Data is sent to Scoreboard
# [base] Write finished! Write data 04 at Address 00
# [Scoreboard] Get packet from Monitor: Address: 00, Data: 00
# [Stimulus] Packet is sent to Driver
#   0
# [Driver] Data is sent to DUT
# [Monitor] Data is sent to Scoreboard
# [base] Write finished! Write data 01 at Address 00
# [Scoreboard] Get packet from Monitor: Address: 00, Data: 00
# 
# ===== t=118810000 PASSED SUCCESSFULLY !!! Expected timing is 710000, Actual timing is 719999 =====
# 
# [Stimulus] Packet is sent to Driver
# [Driver] Data is sent to DUT
# [Monitor] Data is sent to Scoreboard
# [base] Write finished! Write data 01 at Address 03
# [Scoreboard] Get packet from Monitor: Address: 03, Data: 00
# [Stimulus] Packet is sent to Driver
# [Driver] Data is sent to DUT
# [Monitor] Data is sent to Scoreboard
# [Base] Write finished! Write Random Data d1 at Address 02
# [Scoreboard] Get packet from Monitor: Address: 02, Data: 00
# [Stimulus] Packet is sent to Driver
#   1
# [Driver] Data is sent to DUT
# [Monitor] Data is sent to Scoreboard
# [base] Write finished! Write data 04 at Address 00
# [Scoreboard] Get packet from Monitor: Address: 00, Data: 00
# [Stimulus] Packet is sent to Driver
#   0
# [Driver] Data is sent to DUT
# [Monitor] Data is sent to Scoreboard
# [base] Write finished! Write data 01 at Address 00
# [Scoreboard] Get packet from Monitor: Address: 00, Data: 00
# 
# ===== t=119330000 PASSED SUCCESSFULLY !!! Expected timing is 235000, Actual timing is 239999 =====
# 
# [Stimulus] Packet is sent to Driver
# [Driver] Data is sent to DUT
# [Monitor] Data is sent to Scoreboard
# [base] Write finished! Write data 01 at Address 03
# [Scoreboard] Get packet from Monitor: Address: 03, Data: 00
# [Stimulus] Packet is sent to Driver
# [Driver] Data is sent to DUT
# [Monitor] Data is sent to Scoreboard
# [Base] Write finished! Write Random Data 98 at Address 02
# [Scoreboard] Get packet from Monitor: Address: 02, Data: 00
# [Stimulus] Packet is sent to Driver
#   1
# [Driver] Data is sent to DUT
# [Monitor] Data is sent to Scoreboard
# [base] Write finished! Write data 04 at Address 00
# [Scoreboard] Get packet from Monitor: Address: 00, Data: 00
# [Stimulus] Packet is sent to Driver
#   0
# [Driver] Data is sent to DUT
# [Monitor] Data is sent to Scoreboard
# [base] Write finished! Write data 01 at Address 00
# [Scoreboard] Get packet from Monitor: Address: 00, Data: 00
# 
# ===== t=120150000 PASSED SUCCESSFULLY !!! Expected timing is 520000, Actual timing is 539999 =====
# 
# [Stimulus] Packet is sent to Driver
# [Driver] Data is sent to DUT
# [Monitor] Data is sent to Scoreboard
# [base] Write finished! Write data 01 at Address 03
# [Scoreboard] Get packet from Monitor: Address: 03, Data: 00
# [Stimulus] Packet is sent to Driver
# [Driver] Data is sent to DUT
# [Monitor] Data is sent to Scoreboard
# [Base] Write finished! Write Random Data 81 at Address 02
# [Scoreboard] Get packet from Monitor: Address: 02, Data: 00
# [Stimulus] Packet is sent to Driver
#   1
# [Driver] Data is sent to DUT
# [Monitor] Data is sent to Scoreboard
# [base] Write finished! Write data 04 at Address 00
# [Scoreboard] Get packet from Monitor: Address: 00, Data: 00
# [Stimulus] Packet is sent to Driver
#   0
# [Driver] Data is sent to DUT
# [Monitor] Data is sent to Scoreboard
# [base] Write finished! Write data 01 at Address 00
# [Scoreboard] Get packet from Monitor: Address: 00, Data: 00
# 
# ===== t=121070000 PASSED SUCCESSFULLY !!! Expected timing is 635000, Actual timing is 639999 =====
# 
# [Stimulus] Packet is sent to Driver
# [Driver] Data is sent to DUT
# [Monitor] Data is sent to Scoreboard
# [base] Write finished! Write data 01 at Address 03
# [Scoreboard] Get packet from Monitor: Address: 03, Data: 00
# [Stimulus] Packet is sent to Driver
# [Driver] Data is sent to DUT
# [Monitor] Data is sent to Scoreboard
# [Base] Write finished! Write Random Data b0 at Address 02
# [Scoreboard] Get packet from Monitor: Address: 02, Data: 00
# [Stimulus] Packet is sent to Driver
#   1
# [Driver] Data is sent to DUT
# [Monitor] Data is sent to Scoreboard
# [base] Write finished! Write data 04 at Address 00
# [Scoreboard] Get packet from Monitor: Address: 00, Data: 00
# [Stimulus] Packet is sent to Driver
#   0
# [Driver] Data is sent to DUT
# [Monitor] Data is sent to Scoreboard
# [base] Write finished! Write data 01 at Address 00
# [Scoreboard] Get packet from Monitor: Address: 00, Data: 00
# 
# ===== t=121770000 PASSED SUCCESSFULLY !!! Expected timing is 400000, Actual timing is 419999 =====
# 
# [Stimulus] Packet is sent to Driver
# [Driver] Data is sent to DUT
# [Monitor] Data is sent to Scoreboard
# [base] Write finished! Write data 01 at Address 03
# [Scoreboard] Get packet from Monitor: Address: 03, Data: 00
# [Stimulus] Packet is sent to Driver
# [Driver] Data is sent to DUT
# [Monitor] Data is sent to Scoreboard
# [Base] Write finished! Write Random Data ad at Address 02
# [Scoreboard] Get packet from Monitor: Address: 02, Data: 00
# [Stimulus] Packet is sent to Driver
#   1
# [Driver] Data is sent to DUT
# [Monitor] Data is sent to Scoreboard
# [base] Write finished! Write data 04 at Address 00
# [Scoreboard] Get packet from Monitor: Address: 00, Data: 00
# [Stimulus] Packet is sent to Driver
#   0
# [Driver] Data is sent to DUT
# [Monitor] Data is sent to Scoreboard
# [base] Write finished! Write data 01 at Address 00
# [Scoreboard] Get packet from Monitor: Address: 00, Data: 00
# 
# ===== t=122470000 PASSED SUCCESSFULLY !!! Expected timing is 415000, Actual timing is 419999 =====
# 
# [Stimulus] Packet is sent to Driver
# [Driver] Data is sent to DUT
# [Monitor] Data is sent to Scoreboard
# [base] Write finished! Write data 01 at Address 03
# [Scoreboard] Get packet from Monitor: Address: 03, Data: 00
# [Stimulus] Packet is sent to Driver
# [Driver] Data is sent to DUT
# [Monitor] Data is sent to Scoreboard
# [Base] Write finished! Write Random Data ff at Address 02
# [Scoreboard] Get packet from Monitor: Address: 02, Data: 00
# [Stimulus] Packet is sent to Driver
#   1
# [Driver] Data is sent to DUT
# [Monitor] Data is sent to Scoreboard
# [base] Write finished! Write data 04 at Address 00
# [Scoreboard] Get packet from Monitor: Address: 00, Data: 00
# [Stimulus] Packet is sent to Driver
#   0
# [Driver] Data is sent to DUT
# [Monitor] Data is sent to Scoreboard
# [base] Write finished! Write data 01 at Address 00
# [Scoreboard] Get packet from Monitor: Address: 00, Data: 00
# 
# ===== t=122770000 PASSED SUCCESSFULLY !!! Expected timing is 5000, Actual timing is 19999 =====
# 
# [Stimulus] Packet is sent to Driver
# [Driver] Data is sent to DUT
# [Monitor] Data is sent to Scoreboard
# [base] Write finished! Write data 01 at Address 03
# [Scoreboard] Get packet from Monitor: Address: 03, Data: 00
# [Stimulus] Packet is sent to Driver
# [Driver] Data is sent to DUT
# [Monitor] Data is sent to Scoreboard
# [Base] Write finished! Write Random Data c1 at Address 02
# [Scoreboard] Get packet from Monitor: Address: 02, Data: 00
# [Stimulus] Packet is sent to Driver
#   1
# [Driver] Data is sent to DUT
# [Monitor] Data is sent to Scoreboard
# [base] Write finished! Write data 04 at Address 00
# [Scoreboard] Get packet from Monitor: Address: 00, Data: 00
# [Stimulus] Packet is sent to Driver
#   0
# [Driver] Data is sent to DUT
# [Monitor] Data is sent to Scoreboard
# [base] Write finished! Write data 01 at Address 00
# [Scoreboard] Get packet from Monitor: Address: 00, Data: 00
# 
# ===== t=123370000 PASSED SUCCESSFULLY !!! Expected timing is 315000, Actual timing is 319999 =====
# 
# [Stimulus] Packet is sent to Driver
# [Driver] Data is sent to DUT
# [Monitor] Data is sent to Scoreboard
# [base] Write finished! Write data 01 at Address 03
# [Scoreboard] Get packet from Monitor: Address: 03, Data: 00
# [Stimulus] Packet is sent to Driver
# [Driver] Data is sent to DUT
# [Monitor] Data is sent to Scoreboard
# [Base] Write finished! Write Random Data 6e at Address 02
# [Scoreboard] Get packet from Monitor: Address: 02, Data: 00
# [Stimulus] Packet is sent to Driver
#   1
# [Driver] Data is sent to DUT
# [Monitor] Data is sent to Scoreboard
# [base] Write finished! Write data 04 at Address 00
# [Scoreboard] Get packet from Monitor: Address: 00, Data: 00
# [Stimulus] Packet is sent to Driver
#   0
# [Driver] Data is sent to DUT
# [Monitor] Data is sent to Scoreboard
# [base] Write finished! Write data 01 at Address 00
# [Scoreboard] Get packet from Monitor: Address: 00, Data: 00
# 
# ===== t=124390000 PASSED SUCCESSFULLY !!! Expected timing is 730000, Actual timing is 739999 =====
# 
# [Stimulus] Packet is sent to Driver
# [Driver] Data is sent to DUT
# [Monitor] Data is sent to Scoreboard
# [base] Write finished! Write data 01 at Address 03
# [Scoreboard] Get packet from Monitor: Address: 03, Data: 00
# [Stimulus] Packet is sent to Driver
# [Driver] Data is sent to DUT
# [Monitor] Data is sent to Scoreboard
# [Base] Write finished! Write Random Data da at Address 02
# [Scoreboard] Get packet from Monitor: Address: 02, Data: 00
# [Stimulus] Packet is sent to Driver
#   1
# [Driver] Data is sent to DUT
# [Monitor] Data is sent to Scoreboard
# [base] Write finished! Write data 04 at Address 00
# [Scoreboard] Get packet from Monitor: Address: 00, Data: 00
# [Stimulus] Packet is sent to Driver
#   0
# [Driver] Data is sent to DUT
# [Monitor] Data is sent to Scoreboard
# [base] Write finished! Write data 01 at Address 00
# [Scoreboard] Get packet from Monitor: Address: 00, Data: 00
# 
# ===== t=124870000 PASSED SUCCESSFULLY !!! Expected timing is 190000, Actual timing is 199999 =====
# 
# [Stimulus] Packet is sent to Driver
# [Driver] Data is sent to DUT
# [Monitor] Data is sent to Scoreboard
# [base] Write finished! Write data 01 at Address 03
# [Scoreboard] Get packet from Monitor: Address: 03, Data: 00
# [Stimulus] Packet is sent to Driver
# [Driver] Data is sent to DUT
# [Monitor] Data is sent to Scoreboard
# [Base] Write finished! Write Random Data c3 at Address 02
# [Scoreboard] Get packet from Monitor: Address: 02, Data: 00
# [Stimulus] Packet is sent to Driver
#   1
# [Driver] Data is sent to DUT
# [Monitor] Data is sent to Scoreboard
# [base] Write finished! Write data 04 at Address 00
# [Scoreboard] Get packet from Monitor: Address: 00, Data: 00
# [Stimulus] Packet is sent to Driver
#   0
# [Driver] Data is sent to DUT
# [Monitor] Data is sent to Scoreboard
# [base] Write finished! Write data 01 at Address 00
# [Scoreboard] Get packet from Monitor: Address: 00, Data: 00
# 
# ===== t=125470000 PASSED SUCCESSFULLY !!! Expected timing is 305000, Actual timing is 319999 =====
# 
# [Stimulus] Packet is sent to Driver
# [Driver] Data is sent to DUT
# [Monitor] Data is sent to Scoreboard
# [base] Write finished! Write data 01 at Address 03
# [Scoreboard] Get packet from Monitor: Address: 03, Data: 00
# [Stimulus] Packet is sent to Driver
# [Driver] Data is sent to DUT
# [Monitor] Data is sent to Scoreboard
# [Base] Write finished! Write Random Data ce at Address 02
# [Scoreboard] Get packet from Monitor: Address: 02, Data: 00
# [Stimulus] Packet is sent to Driver
#   1
# [Driver] Data is sent to DUT
# [Monitor] Data is sent to Scoreboard
# [base] Write finished! Write data 04 at Address 00
# [Scoreboard] Get packet from Monitor: Address: 00, Data: 00
# [Stimulus] Packet is sent to Driver
#   0
# [Driver] Data is sent to DUT
# [Monitor] Data is sent to Scoreboard
# [base] Write finished! Write data 01 at Address 00
# [Scoreboard] Get packet from Monitor: Address: 00, Data: 00
# 
# ===== t=126010000 PASSED SUCCESSFULLY !!! Expected timing is 250000, Actual timing is 259999 =====
# 
# [Stimulus] Packet is sent to Driver
# [Driver] Data is sent to DUT
# [Monitor] Data is sent to Scoreboard
# [base] Write finished! Write data 01 at Address 03
# [Scoreboard] Get packet from Monitor: Address: 03, Data: 00
# [Stimulus] Packet is sent to Driver
# [Driver] Data is sent to DUT
# [Monitor] Data is sent to Scoreboard
# [Base] Write finished! Write Random Data 4e at Address 02
# [Scoreboard] Get packet from Monitor: Address: 02, Data: 00
# [Stimulus] Packet is sent to Driver
#   1
# [Driver] Data is sent to DUT
# [Monitor] Data is sent to Scoreboard
# [base] Write finished! Write data 04 at Address 00
# [Scoreboard] Get packet from Monitor: Address: 00, Data: 00
# [Stimulus] Packet is sent to Driver
#   0
# [Driver] Data is sent to DUT
# [Monitor] Data is sent to Scoreboard
# [base] Write finished! Write data 01 at Address 00
# [Scoreboard] Get packet from Monitor: Address: 00, Data: 00
# 
# ===== t=127190000 PASSED SUCCESSFULLY !!! Expected timing is 890000, Actual timing is 899999 =====
# 
# [Stimulus] Packet is sent to Driver
# [Driver] Data is sent to DUT
# [Monitor] Data is sent to Scoreboard
# [base] Write finished! Write data 01 at Address 03
# [Scoreboard] Get packet from Monitor: Address: 03, Data: 00
# [Stimulus] Packet is sent to Driver
# [Driver] Data is sent to DUT
# [Monitor] Data is sent to Scoreboard
# [Base] Write finished! Write Random Data 21 at Address 02
# [Scoreboard] Get packet from Monitor: Address: 02, Data: 00
# [Stimulus] Packet is sent to Driver
#   1
# [Driver] Data is sent to DUT
# [Monitor] Data is sent to Scoreboard
# [base] Write finished! Write data 04 at Address 00
# [Scoreboard] Get packet from Monitor: Address: 00, Data: 00
# [Stimulus] Packet is sent to Driver
#   0
# [Driver] Data is sent to DUT
# [Monitor] Data is sent to Scoreboard
# [base] Write finished! Write data 01 at Address 00
# [Scoreboard] Get packet from Monitor: Address: 00, Data: 00
# 
# ===== t=128590000 PASSED SUCCESSFULLY !!! Expected timing is 1115000, Actual timing is 1119999 =====
# 
# [Stimulus] Packet is sent to Driver
# [Driver] Data is sent to DUT
# [Monitor] Data is sent to Scoreboard
# [base] Write finished! Write data 01 at Address 03
# [Scoreboard] Get packet from Monitor: Address: 03, Data: 00
# [Stimulus] Packet is sent to Driver
# [Driver] Data is sent to DUT
# [Monitor] Data is sent to Scoreboard
# [Base] Write finished! Write Random Data 99 at Address 02
# [Scoreboard] Get packet from Monitor: Address: 02, Data: 00
# [Stimulus] Packet is sent to Driver
#   1
# [Driver] Data is sent to DUT
# [Monitor] Data is sent to Scoreboard
# [base] Write finished! Write data 04 at Address 00
# [Scoreboard] Get packet from Monitor: Address: 00, Data: 00
# [Stimulus] Packet is sent to Driver
#   0
# [Driver] Data is sent to DUT
# [Monitor] Data is sent to Scoreboard
# [base] Write finished! Write data 01 at Address 00
# [Scoreboard] Get packet from Monitor: Address: 00, Data: 00
# 
# ===== t=129390000 PASSED SUCCESSFULLY !!! Expected timing is 515000, Actual timing is 519999 =====
# 
# [Stimulus] Packet is sent to Driver
# [Driver] Data is sent to DUT
# [Monitor] Data is sent to Scoreboard
# [base] Write finished! Write data 01 at Address 03
# [Scoreboard] Get packet from Monitor: Address: 03, Data: 00
# [Stimulus] Packet is sent to Driver
# [Driver] Data is sent to DUT
# [Monitor] Data is sent to Scoreboard
# [Base] Write finished! Write Random Data 30 at Address 02
# [Scoreboard] Get packet from Monitor: Address: 02, Data: 00
# [Stimulus] Packet is sent to Driver
#   1
# [Driver] Data is sent to DUT
# [Monitor] Data is sent to Scoreboard
# [base] Write finished! Write data 04 at Address 00
# [Scoreboard] Get packet from Monitor: Address: 00, Data: 00
# [Stimulus] Packet is sent to Driver
#   0
# [Driver] Data is sent to DUT
# [Monitor] Data is sent to Scoreboard
# [base] Write finished! Write data 01 at Address 00
# [Scoreboard] Get packet from Monitor: Address: 00, Data: 00
# 
# ===== t=130730000 PASSED SUCCESSFULLY !!! Expected timing is 1040000, Actual timing is 1059999 =====
# 
# [Stimulus] Packet is sent to Driver
# [Driver] Data is sent to DUT
# [Monitor] Data is sent to Scoreboard
# [base] Write finished! Write data 01 at Address 03
# [Scoreboard] Get packet from Monitor: Address: 03, Data: 00
# [Stimulus] Packet is sent to Driver
# [Driver] Data is sent to DUT
# [Monitor] Data is sent to Scoreboard
# [Base] Write finished! Write Random Data b8 at Address 02
# [Scoreboard] Get packet from Monitor: Address: 02, Data: 00
# [Stimulus] Packet is sent to Driver
#   1
# [Driver] Data is sent to DUT
# [Monitor] Data is sent to Scoreboard
# [base] Write finished! Write data 04 at Address 00
# [Scoreboard] Get packet from Monitor: Address: 00, Data: 00
# [Stimulus] Packet is sent to Driver
#   0
# [Driver] Data is sent to DUT
# [Monitor] Data is sent to Scoreboard
# [base] Write finished! Write data 01 at Address 00
# [Scoreboard] Get packet from Monitor: Address: 00, Data: 00
# 
# ===== t=131390000 PASSED SUCCESSFULLY !!! Expected timing is 360000, Actual timing is 379999 =====
# 
# [Stimulus] Packet is sent to Driver
# [Driver] Data is sent to DUT
# [Monitor] Data is sent to Scoreboard
# [base] Write finished! Write data 01 at Address 03
# [Scoreboard] Get packet from Monitor: Address: 03, Data: 00
# [Stimulus] Packet is sent to Driver
# [Driver] Data is sent to DUT
# [Monitor] Data is sent to Scoreboard
# [Base] Write finished! Write Random Data 43 at Address 02
# [Scoreboard] Get packet from Monitor: Address: 02, Data: 00
# [Stimulus] Packet is sent to Driver
#   1
# [Driver] Data is sent to DUT
# [Monitor] Data is sent to Scoreboard
# [base] Write finished! Write data 04 at Address 00
# [Scoreboard] Get packet from Monitor: Address: 00, Data: 00
# [Stimulus] Packet is sent to Driver
#   0
# [Driver] Data is sent to DUT
# [Monitor] Data is sent to Scoreboard
# [base] Write finished! Write data 01 at Address 00
# [Scoreboard] Get packet from Monitor: Address: 00, Data: 00
# 
# ===== t=132630000 PASSED SUCCESSFULLY !!! Expected timing is 945000, Actual timing is 959999 =====
# 
# [Stimulus] Packet is sent to Driver
# [Driver] Data is sent to DUT
# [Monitor] Data is sent to Scoreboard
# [base] Write finished! Write data 01 at Address 03
# [Scoreboard] Get packet from Monitor: Address: 03, Data: 00
# [Stimulus] Packet is sent to Driver
# [Driver] Data is sent to DUT
# [Monitor] Data is sent to Scoreboard
# [Base] Write finished! Write Random Data e4 at Address 02
# [Scoreboard] Get packet from Monitor: Address: 02, Data: 00
# [Stimulus] Packet is sent to Driver
#   1
# [Driver] Data is sent to DUT
# [Monitor] Data is sent to Scoreboard
# [base] Write finished! Write data 04 at Address 00
# [Scoreboard] Get packet from Monitor: Address: 00, Data: 00
# [Stimulus] Packet is sent to Driver
#   0
# [Driver] Data is sent to DUT
# [Monitor] Data is sent to Scoreboard
# [base] Write finished! Write data 01 at Address 00
# [Scoreboard] Get packet from Monitor: Address: 00, Data: 00
# 
# ===== t=133070000 PASSED SUCCESSFULLY !!! Expected timing is 140000, Actual timing is 159999 =====
# 
# [Stimulus] Packet is sent to Driver
# [Driver] Data is sent to DUT
# [Monitor] Data is sent to Scoreboard
# [base] Write finished! Write data 01 at Address 03
# [Scoreboard] Get packet from Monitor: Address: 03, Data: 00
# [Stimulus] Packet is sent to Driver
# [Driver] Data is sent to DUT
# [Monitor] Data is sent to Scoreboard
# [Base] Write finished! Write Random Data 68 at Address 02
# [Scoreboard] Get packet from Monitor: Address: 02, Data: 00
# [Stimulus] Packet is sent to Driver
#   1
# [Driver] Data is sent to DUT
# [Monitor] Data is sent to Scoreboard
# [base] Write finished! Write data 04 at Address 00
# [Scoreboard] Get packet from Monitor: Address: 00, Data: 00
# [Stimulus] Packet is sent to Driver
#   0
# [Driver] Data is sent to DUT
# [Monitor] Data is sent to Scoreboard
# [base] Write finished! Write data 01 at Address 00
# [Scoreboard] Get packet from Monitor: Address: 00, Data: 00
# 
# ===== t=134130000 PASSED SUCCESSFULLY !!! Expected timing is 760000, Actual timing is 779999 =====
# 
# [Stimulus] Packet is sent to Driver
# [Driver] Data is sent to DUT
# [Monitor] Data is sent to Scoreboard
# [base] Write finished! Write data 01 at Address 03
# [Scoreboard] Get packet from Monitor: Address: 03, Data: 00
# [Stimulus] Packet is sent to Driver
# [Driver] Data is sent to DUT
# [Monitor] Data is sent to Scoreboard
# [Base] Write finished! Write Random Data 4b at Address 02
# [Scoreboard] Get packet from Monitor: Address: 02, Data: 00
# [Stimulus] Packet is sent to Driver
#   1
# [Driver] Data is sent to DUT
# [Monitor] Data is sent to Scoreboard
# [base] Write finished! Write data 04 at Address 00
# [Scoreboard] Get packet from Monitor: Address: 00, Data: 00
# [Stimulus] Packet is sent to Driver
#   0
# [Driver] Data is sent to DUT
# [Monitor] Data is sent to Scoreboard
# [base] Write finished! Write data 01 at Address 00
# [Scoreboard] Get packet from Monitor: Address: 00, Data: 00
# 
# ===== t=135330000 PASSED SUCCESSFULLY !!! Expected timing is 905000, Actual timing is 919999 =====
# 
# [Stimulus] Packet is sent to Driver
# [Driver] Data is sent to DUT
# [Monitor] Data is sent to Scoreboard
# [base] Write finished! Write data 01 at Address 03
# [Scoreboard] Get packet from Monitor: Address: 03, Data: 00
# [Stimulus] Packet is sent to Driver
# [Driver] Data is sent to DUT
# [Monitor] Data is sent to Scoreboard
# [Base] Write finished! Write Random Data 6c at Address 02
# [Scoreboard] Get packet from Monitor: Address: 02, Data: 00
# [Stimulus] Packet is sent to Driver
#   1
# [Driver] Data is sent to DUT
# [Monitor] Data is sent to Scoreboard
# [base] Write finished! Write data 04 at Address 00
# [Scoreboard] Get packet from Monitor: Address: 00, Data: 00
# [Stimulus] Packet is sent to Driver
#   0
# [Driver] Data is sent to DUT
# [Monitor] Data is sent to Scoreboard
# [base] Write finished! Write data 01 at Address 00
# [Scoreboard] Get packet from Monitor: Address: 00, Data: 00
# 
# ===== t=136370000 PASSED SUCCESSFULLY !!! Expected timing is 740000, Actual timing is 759999 =====
# 
# [Stimulus] Packet is sent to Driver
# [Driver] Data is sent to DUT
# [Monitor] Data is sent to Scoreboard
# [base] Write finished! Write data 01 at Address 03
# [Scoreboard] Get packet from Monitor: Address: 03, Data: 00
# [Stimulus] Packet is sent to Driver
# [Driver] Data is sent to DUT
# [Monitor] Data is sent to Scoreboard
# [Base] Write finished! Write Random Data dc at Address 02
# [Scoreboard] Get packet from Monitor: Address: 02, Data: 00
# [Stimulus] Packet is sent to Driver
#   1
# [Driver] Data is sent to DUT
# [Monitor] Data is sent to Scoreboard
# [base] Write finished! Write data 04 at Address 00
# [Scoreboard] Get packet from Monitor: Address: 00, Data: 00
# [Stimulus] Packet is sent to Driver
#   0
# [Driver] Data is sent to DUT
# [Monitor] Data is sent to Scoreboard
# [base] Write finished! Write data 01 at Address 00
# [Scoreboard] Get packet from Monitor: Address: 00, Data: 00
# 
# ===== t=136850000 PASSED SUCCESSFULLY !!! Expected timing is 180000, Actual timing is 199999 =====
# 
# [Stimulus] Packet is sent to Driver
# [Driver] Data is sent to DUT
# [Monitor] Data is sent to Scoreboard
# [base] Write finished! Write data 01 at Address 03
# [Scoreboard] Get packet from Monitor: Address: 03, Data: 00
# [Stimulus] Packet is sent to Driver
# [Driver] Data is sent to DUT
# [Monitor] Data is sent to Scoreboard
# [Base] Write finished! Write Random Data af at Address 02
# [Scoreboard] Get packet from Monitor: Address: 02, Data: 00
# [Stimulus] Packet is sent to Driver
#   1
# [Driver] Data is sent to DUT
# [Monitor] Data is sent to Scoreboard
# [base] Write finished! Write data 04 at Address 00
# [Scoreboard] Get packet from Monitor: Address: 00, Data: 00
# [Stimulus] Packet is sent to Driver
#   0
# [Driver] Data is sent to DUT
# [Monitor] Data is sent to Scoreboard
# [base] Write finished! Write data 01 at Address 00
# [Scoreboard] Get packet from Monitor: Address: 00, Data: 00
# 
# ===== t=137550000 PASSED SUCCESSFULLY !!! Expected timing is 405000, Actual timing is 419999 =====
# 
# [Stimulus] Packet is sent to Driver
# [Driver] Data is sent to DUT
# [Monitor] Data is sent to Scoreboard
# [base] Write finished! Write data 01 at Address 03
# [Scoreboard] Get packet from Monitor: Address: 03, Data: 00
# [Stimulus] Packet is sent to Driver
# [Driver] Data is sent to DUT
# [Monitor] Data is sent to Scoreboard
# [Base] Write finished! Write Random Data ff at Address 02
# [Scoreboard] Get packet from Monitor: Address: 02, Data: 00
# [Stimulus] Packet is sent to Driver
#   1
# [Driver] Data is sent to DUT
# [Monitor] Data is sent to Scoreboard
# [base] Write finished! Write data 04 at Address 00
# [Scoreboard] Get packet from Monitor: Address: 00, Data: 00
# [Stimulus] Packet is sent to Driver
#   0
# [Driver] Data is sent to DUT
# [Monitor] Data is sent to Scoreboard
# [base] Write finished! Write data 01 at Address 00
# [Scoreboard] Get packet from Monitor: Address: 00, Data: 00
# 
# ===== t=137850000 PASSED SUCCESSFULLY !!! Expected timing is 5000, Actual timing is 19999 =====
# 
# [Stimulus] Packet is sent to Driver
# [Driver] Data is sent to DUT
# [Monitor] Data is sent to Scoreboard
# [base] Write finished! Write data 01 at Address 03
# [Scoreboard] Get packet from Monitor: Address: 03, Data: 00
# [Stimulus] Packet is sent to Driver
# [Driver] Data is sent to DUT
# [Monitor] Data is sent to Scoreboard
# [Base] Write finished! Write Random Data 76 at Address 02
# [Scoreboard] Get packet from Monitor: Address: 02, Data: 00
# [Stimulus] Packet is sent to Driver
#   1
# [Driver] Data is sent to DUT
# [Monitor] Data is sent to Scoreboard
# [base] Write finished! Write data 04 at Address 00
# [Scoreboard] Get packet from Monitor: Address: 00, Data: 00
# [Stimulus] Packet is sent to Driver
#   0
# [Driver] Data is sent to DUT
# [Monitor] Data is sent to Scoreboard
# [base] Write finished! Write data 01 at Address 00
# [Scoreboard] Get packet from Monitor: Address: 00, Data: 00
# 
# ===== t=138830000 PASSED SUCCESSFULLY !!! Expected timing is 690000, Actual timing is 699999 =====
# 
# [Stimulus] Packet is sent to Driver
# [Driver] Data is sent to DUT
# [Monitor] Data is sent to Scoreboard
# [base] Write finished! Write data 01 at Address 03
# [Scoreboard] Get packet from Monitor: Address: 03, Data: 00
# [Stimulus] Packet is sent to Driver
# [Driver] Data is sent to DUT
# [Monitor] Data is sent to Scoreboard
# [Base] Write finished! Write Random Data 41 at Address 02
# [Scoreboard] Get packet from Monitor: Address: 02, Data: 00
# [Stimulus] Packet is sent to Driver
#   1
# [Driver] Data is sent to DUT
# [Monitor] Data is sent to Scoreboard
# [base] Write finished! Write data 04 at Address 00
# [Scoreboard] Get packet from Monitor: Address: 00, Data: 00
# [Stimulus] Packet is sent to Driver
#   0
# [Driver] Data is sent to DUT
# [Monitor] Data is sent to Scoreboard
# [base] Write finished! Write data 01 at Address 00
# [Scoreboard] Get packet from Monitor: Address: 00, Data: 00
# 
# ===== t=140070000 PASSED SUCCESSFULLY !!! Expected timing is 955000, Actual timing is 959999 =====
# 
# [Stimulus] Packet is sent to Driver
# [Driver] Data is sent to DUT
# [Monitor] Data is sent to Scoreboard
# [base] Write finished! Write data 01 at Address 03
# [Scoreboard] Get packet from Monitor: Address: 03, Data: 00
# [Stimulus] Packet is sent to Driver
# [Driver] Data is sent to DUT
# [Monitor] Data is sent to Scoreboard
# [Base] Write finished! Write Random Data a7 at Address 02
# [Scoreboard] Get packet from Monitor: Address: 02, Data: 00
# [Stimulus] Packet is sent to Driver
#   1
# [Driver] Data is sent to DUT
# [Monitor] Data is sent to Scoreboard
# [base] Write finished! Write data 04 at Address 00
# [Scoreboard] Get packet from Monitor: Address: 00, Data: 00
# [Stimulus] Packet is sent to Driver
#   0
# [Driver] Data is sent to DUT
# [Monitor] Data is sent to Scoreboard
# [base] Write finished! Write data 01 at Address 00
# [Scoreboard] Get packet from Monitor: Address: 00, Data: 00
# 
# ===== t=140810000 PASSED SUCCESSFULLY !!! Expected timing is 445000, Actual timing is 459999 =====
# 
# [Stimulus] Packet is sent to Driver
# [Driver] Data is sent to DUT
# [Monitor] Data is sent to Scoreboard
# [base] Write finished! Write data 01 at Address 03
# [Scoreboard] Get packet from Monitor: Address: 03, Data: 00
# [Stimulus] Packet is sent to Driver
# [Driver] Data is sent to DUT
# [Monitor] Data is sent to Scoreboard
# [Base] Write finished! Write Random Data 4b at Address 02
# [Scoreboard] Get packet from Monitor: Address: 02, Data: 00
# [Stimulus] Packet is sent to Driver
#   1
# [Driver] Data is sent to DUT
# [Monitor] Data is sent to Scoreboard
# [base] Write finished! Write data 04 at Address 00
# [Scoreboard] Get packet from Monitor: Address: 00, Data: 00
# [Stimulus] Packet is sent to Driver
#   0
# [Driver] Data is sent to DUT
# [Monitor] Data is sent to Scoreboard
# [base] Write finished! Write data 01 at Address 00
# [Scoreboard] Get packet from Monitor: Address: 00, Data: 00
# 
# ===== t=142010000 PASSED SUCCESSFULLY !!! Expected timing is 905000, Actual timing is 919999 =====
# 
# [Stimulus] Packet is sent to Driver
# [Driver] Data is sent to DUT
# [Monitor] Data is sent to Scoreboard
# [base] Write finished! Write data 01 at Address 03
# [Scoreboard] Get packet from Monitor: Address: 03, Data: 00
# [Stimulus] Packet is sent to Driver
# [Driver] Data is sent to DUT
# [Monitor] Data is sent to Scoreboard
# [Base] Write finished! Write Random Data 14 at Address 02
# [Scoreboard] Get packet from Monitor: Address: 02, Data: 00
# [Stimulus] Packet is sent to Driver
#   1
# [Driver] Data is sent to DUT
# [Monitor] Data is sent to Scoreboard
# [base] Write finished! Write data 04 at Address 00
# [Scoreboard] Get packet from Monitor: Address: 00, Data: 00
# [Stimulus] Packet is sent to Driver
#   0
# [Driver] Data is sent to DUT
# [Monitor] Data is sent to Scoreboard
# [base] Write finished! Write data 01 at Address 00
# [Scoreboard] Get packet from Monitor: Address: 00, Data: 00
# 
# ===== t=143490000 PASSED SUCCESSFULLY !!! Expected timing is 1180000, Actual timing is 1199999 =====
# 
# [Stimulus] Packet is sent to Driver
# [Driver] Data is sent to DUT
# [Monitor] Data is sent to Scoreboard
# [base] Write finished! Write data 01 at Address 03
# [Scoreboard] Get packet from Monitor: Address: 03, Data: 00
# [Stimulus] Packet is sent to Driver
# [Driver] Data is sent to DUT
# [Monitor] Data is sent to Scoreboard
# [Base] Write finished! Write Random Data 56 at Address 02
# [Scoreboard] Get packet from Monitor: Address: 02, Data: 00
# [Stimulus] Packet is sent to Driver
#   1
# [Driver] Data is sent to DUT
# [Monitor] Data is sent to Scoreboard
# [base] Write finished! Write data 04 at Address 00
# [Scoreboard] Get packet from Monitor: Address: 00, Data: 00
# [Stimulus] Packet is sent to Driver
#   0
# [Driver] Data is sent to DUT
# [Monitor] Data is sent to Scoreboard
# [base] Write finished! Write data 01 at Address 00
# [Scoreboard] Get packet from Monitor: Address: 00, Data: 00
# 
# ===== t=144630000 PASSED SUCCESSFULLY !!! Expected timing is 850000, Actual timing is 859999 =====
# 
# [Stimulus] Packet is sent to Driver
# [Driver] Data is sent to DUT
# [Monitor] Data is sent to Scoreboard
# [base] Write finished! Write data 01 at Address 03
# [Scoreboard] Get packet from Monitor: Address: 03, Data: 00
# [Stimulus] Packet is sent to Driver
# [Driver] Data is sent to DUT
# [Monitor] Data is sent to Scoreboard
# [Base] Write finished! Write Random Data 9f at Address 02
# [Scoreboard] Get packet from Monitor: Address: 02, Data: 00
# [Stimulus] Packet is sent to Driver
#   1
# [Driver] Data is sent to DUT
# [Monitor] Data is sent to Scoreboard
# [base] Write finished! Write data 04 at Address 00
# [Scoreboard] Get packet from Monitor: Address: 00, Data: 00
# [Stimulus] Packet is sent to Driver
#   0
# [Driver] Data is sent to DUT
# [Monitor] Data is sent to Scoreboard
# [base] Write finished! Write data 01 at Address 00
# [Scoreboard] Get packet from Monitor: Address: 00, Data: 00
# 
# ===== t=145410000 PASSED SUCCESSFULLY !!! Expected timing is 485000, Actual timing is 499999 =====
# 
# [Stimulus] Packet is sent to Driver
# [Driver] Data is sent to DUT
# [Monitor] Data is sent to Scoreboard
# [base] Write finished! Write data 01 at Address 03
# [Scoreboard] Get packet from Monitor: Address: 03, Data: 00
# [Stimulus] Packet is sent to Driver
# [Driver] Data is sent to DUT
# [Monitor] Data is sent to Scoreboard
# [Base] Write finished! Write Random Data 85 at Address 02
# [Scoreboard] Get packet from Monitor: Address: 02, Data: 00
# [Stimulus] Packet is sent to Driver
#   1
# [Driver] Data is sent to DUT
# [Monitor] Data is sent to Scoreboard
# [base] Write finished! Write data 04 at Address 00
# [Scoreboard] Get packet from Monitor: Address: 00, Data: 00
# [Stimulus] Packet is sent to Driver
#   0
# [Driver] Data is sent to DUT
# [Monitor] Data is sent to Scoreboard
# [base] Write finished! Write data 01 at Address 00
# [Scoreboard] Get packet from Monitor: Address: 00, Data: 00
# 
# ===== t=146310000 PASSED SUCCESSFULLY !!! Expected timing is 615000, Actual timing is 619999 =====
# 
# [Stimulus] Packet is sent to Driver
# [Driver] Data is sent to DUT
# [Monitor] Data is sent to Scoreboard
# [base] Write finished! Write data 01 at Address 03
# [Scoreboard] Get packet from Monitor: Address: 03, Data: 00
# [Stimulus] Packet is sent to Driver
# [Driver] Data is sent to DUT
# [Monitor] Data is sent to Scoreboard
# [Base] Write finished! Write Random Data ba at Address 02
# [Scoreboard] Get packet from Monitor: Address: 02, Data: 00
# [Stimulus] Packet is sent to Driver
#   1
# [Driver] Data is sent to DUT
# [Monitor] Data is sent to Scoreboard
# [base] Write finished! Write data 04 at Address 00
# [Scoreboard] Get packet from Monitor: Address: 00, Data: 00
# [Stimulus] Packet is sent to Driver
#   0
# [Driver] Data is sent to DUT
# [Monitor] Data is sent to Scoreboard
# [base] Write finished! Write data 01 at Address 00
# [Scoreboard] Get packet from Monitor: Address: 00, Data: 00
# 
# ===== t=146950000 PASSED SUCCESSFULLY !!! Expected timing is 350000, Actual timing is 359999 =====
# 
# [Stimulus] Packet is sent to Driver
# [Driver] Data is sent to DUT
# [Monitor] Data is sent to Scoreboard
# [base] Write finished! Write data 01 at Address 03
# [Scoreboard] Get packet from Monitor: Address: 03, Data: 00
# [Stimulus] Packet is sent to Driver
# [Driver] Data is sent to DUT
# [Monitor] Data is sent to Scoreboard
# [Base] Write finished! Write Random Data 3a at Address 02
# [Scoreboard] Get packet from Monitor: Address: 02, Data: 00
# [Stimulus] Packet is sent to Driver
#   1
# [Driver] Data is sent to DUT
# [Monitor] Data is sent to Scoreboard
# [base] Write finished! Write data 04 at Address 00
# [Scoreboard] Get packet from Monitor: Address: 00, Data: 00
# [Stimulus] Packet is sent to Driver
#   0
# [Driver] Data is sent to DUT
# [Monitor] Data is sent to Scoreboard
# [base] Write finished! Write data 01 at Address 00
# [Scoreboard] Get packet from Monitor: Address: 00, Data: 00
# 
# ===== t=148230000 PASSED SUCCESSFULLY !!! Expected timing is 990000, Actual timing is 999999 =====
# 
# [Stimulus] Packet is sent to Driver
# [Driver] Data is sent to DUT
# [Monitor] Data is sent to Scoreboard
# [base] Write finished! Write data 01 at Address 03
# [Scoreboard] Get packet from Monitor: Address: 03, Data: 00
# [Stimulus] Packet is sent to Driver
# [Driver] Data is sent to DUT
# [Monitor] Data is sent to Scoreboard
# [Base] Write finished! Write Random Data 61 at Address 02
# [Scoreboard] Get packet from Monitor: Address: 02, Data: 00
# [Stimulus] Packet is sent to Driver
#   1
# [Driver] Data is sent to DUT
# [Monitor] Data is sent to Scoreboard
# [base] Write finished! Write data 04 at Address 00
# [Scoreboard] Get packet from Monitor: Address: 00, Data: 00
# [Stimulus] Packet is sent to Driver
#   0
# [Driver] Data is sent to DUT
# [Monitor] Data is sent to Scoreboard
# [base] Write finished! Write data 01 at Address 00
# [Scoreboard] Get packet from Monitor: Address: 00, Data: 00
# 
# ===== t=149310000 PASSED SUCCESSFULLY !!! Expected timing is 795000, Actual timing is 799999 =====
# 
# [Stimulus] Packet is sent to Driver
# [Driver] Data is sent to DUT
# [Monitor] Data is sent to Scoreboard
# [base] Write finished! Write data 01 at Address 03
# [Scoreboard] Get packet from Monitor: Address: 03, Data: 00
# [Stimulus] Packet is sent to Driver
# [Driver] Data is sent to DUT
# [Monitor] Data is sent to Scoreboard
# [Base] Write finished! Write Random Data df at Address 02
# [Scoreboard] Get packet from Monitor: Address: 02, Data: 00
# [Stimulus] Packet is sent to Driver
#   1
# [Driver] Data is sent to DUT
# [Monitor] Data is sent to Scoreboard
# [base] Write finished! Write data 04 at Address 00
# [Scoreboard] Get packet from Monitor: Address: 00, Data: 00
# [Stimulus] Packet is sent to Driver
#   0
# [Driver] Data is sent to DUT
# [Monitor] Data is sent to Scoreboard
# [base] Write finished! Write data 01 at Address 00
# [Scoreboard] Get packet from Monitor: Address: 00, Data: 00
# 
# ===== t=149770000 PASSED SUCCESSFULLY !!! Expected timing is 165000, Actual timing is 179999 =====
# 
# [Stimulus] Packet is sent to Driver
# [Driver] Data is sent to DUT
# [Monitor] Data is sent to Scoreboard
# [base] Write finished! Write data 01 at Address 03
# [Scoreboard] Get packet from Monitor: Address: 03, Data: 00
# [Stimulus] Packet is sent to Driver
# [Driver] Data is sent to DUT
# [Monitor] Data is sent to Scoreboard
# [Base] Write finished! Write Random Data ec at Address 02
# [Scoreboard] Get packet from Monitor: Address: 02, Data: 00
# [Stimulus] Packet is sent to Driver
#   1
# [Driver] Data is sent to DUT
# [Monitor] Data is sent to Scoreboard
# [base] Write finished! Write data 04 at Address 00
# [Scoreboard] Get packet from Monitor: Address: 00, Data: 00
# [Stimulus] Packet is sent to Driver
#   0
# [Driver] Data is sent to DUT
# [Monitor] Data is sent to Scoreboard
# [base] Write finished! Write data 01 at Address 00
# [Scoreboard] Get packet from Monitor: Address: 00, Data: 00
# 
# ===== t=150170000 PASSED SUCCESSFULLY !!! Expected timing is 100000, Actual timing is 119999 =====
# 
# [Stimulus] Packet is sent to Driver
# [Driver] Data is sent to DUT
# [Monitor] Data is sent to Scoreboard
# [base] Write finished! Write data 01 at Address 03
# [Scoreboard] Get packet from Monitor: Address: 03, Data: 00
# [Stimulus] Packet is sent to Driver
# [Driver] Data is sent to DUT
# [Monitor] Data is sent to Scoreboard
# [Base] Write finished! Write Random Data 73 at Address 02
# [Scoreboard] Get packet from Monitor: Address: 02, Data: 00
# [Stimulus] Packet is sent to Driver
#   1
# [Driver] Data is sent to DUT
# [Monitor] Data is sent to Scoreboard
# [base] Write finished! Write data 04 at Address 00
# [Scoreboard] Get packet from Monitor: Address: 00, Data: 00
# [Stimulus] Packet is sent to Driver
#   0
# [Driver] Data is sent to DUT
# [Monitor] Data is sent to Scoreboard
# [base] Write finished! Write data 01 at Address 00
# [Scoreboard] Get packet from Monitor: Address: 00, Data: 00
# 
# ===== t=151170000 PASSED SUCCESSFULLY !!! Expected timing is 705000, Actual timing is 719999 =====
# 
# [Stimulus] Packet is sent to Driver
# [Driver] Data is sent to DUT
# [Monitor] Data is sent to Scoreboard
# [base] Write finished! Write data 01 at Address 03
# [Scoreboard] Get packet from Monitor: Address: 03, Data: 00
# [Stimulus] Packet is sent to Driver
# [Driver] Data is sent to DUT
# [Monitor] Data is sent to Scoreboard
# [Base] Write finished! Write Random Data b8 at Address 02
# [Scoreboard] Get packet from Monitor: Address: 02, Data: 00
# [Stimulus] Packet is sent to Driver
#   1
# [Driver] Data is sent to DUT
# [Monitor] Data is sent to Scoreboard
# [base] Write finished! Write data 04 at Address 00
# [Scoreboard] Get packet from Monitor: Address: 00, Data: 00
# [Stimulus] Packet is sent to Driver
#   0
# [Driver] Data is sent to DUT
# [Monitor] Data is sent to Scoreboard
# [base] Write finished! Write data 01 at Address 00
# [Scoreboard] Get packet from Monitor: Address: 00, Data: 00
# 
# ===== t=151830000 PASSED SUCCESSFULLY !!! Expected timing is 360000, Actual timing is 379999 =====
# 
# [Stimulus] Packet is sent to Driver
# [Driver] Data is sent to DUT
# [Monitor] Data is sent to Scoreboard
# [base] Write finished! Write data 01 at Address 03
# [Scoreboard] Get packet from Monitor: Address: 03, Data: 00
# [Stimulus] Packet is sent to Driver
# [Driver] Data is sent to DUT
# [Monitor] Data is sent to Scoreboard
# [Base] Write finished! Write Random Data 4c at Address 02
# [Scoreboard] Get packet from Monitor: Address: 02, Data: 00
# [Stimulus] Packet is sent to Driver
#   1
# [Driver] Data is sent to DUT
# [Monitor] Data is sent to Scoreboard
# [base] Write finished! Write data 04 at Address 00
# [Scoreboard] Get packet from Monitor: Address: 00, Data: 00
# [Stimulus] Packet is sent to Driver
#   0
# [Driver] Data is sent to DUT
# [Monitor] Data is sent to Scoreboard
# [base] Write finished! Write data 01 at Address 00
# [Scoreboard] Get packet from Monitor: Address: 00, Data: 00
# 
# ===== t=153030000 PASSED SUCCESSFULLY !!! Expected timing is 900000, Actual timing is 919999 =====
# 
# [Stimulus] Packet is sent to Driver
# [Driver] Data is sent to DUT
# [Monitor] Data is sent to Scoreboard
# [base] Write finished! Write data 01 at Address 03
# [Scoreboard] Get packet from Monitor: Address: 03, Data: 00
# [Stimulus] Packet is sent to Driver
# [Driver] Data is sent to DUT
# [Monitor] Data is sent to Scoreboard
# [Base] Write finished! Write Random Data 04 at Address 02
# [Scoreboard] Get packet from Monitor: Address: 02, Data: 00
# [Stimulus] Packet is sent to Driver
#   1
# [Driver] Data is sent to DUT
# [Monitor] Data is sent to Scoreboard
# [base] Write finished! Write data 04 at Address 00
# [Scoreboard] Get packet from Monitor: Address: 00, Data: 00
# [Stimulus] Packet is sent to Driver
#   0
# [Driver] Data is sent to DUT
# [Monitor] Data is sent to Scoreboard
# [base] Write finished! Write data 01 at Address 00
# [Scoreboard] Get packet from Monitor: Address: 00, Data: 00
# 
# ===== t=154590000 PASSED SUCCESSFULLY !!! Expected timing is 1260000, Actual timing is 1279999 =====
# 
# [Stimulus] Packet is sent to Driver
# [Driver] Data is sent to DUT
# [Monitor] Data is sent to Scoreboard
# [base] Write finished! Write data 01 at Address 03
# [Scoreboard] Get packet from Monitor: Address: 03, Data: 00
# [Stimulus] Packet is sent to Driver
# [Driver] Data is sent to DUT
# [Monitor] Data is sent to Scoreboard
# [Base] Write finished! Write Random Data af at Address 02
# [Scoreboard] Get packet from Monitor: Address: 02, Data: 00
# [Stimulus] Packet is sent to Driver
#   1
# [Driver] Data is sent to DUT
# [Monitor] Data is sent to Scoreboard
# [base] Write finished! Write data 04 at Address 00
# [Scoreboard] Get packet from Monitor: Address: 00, Data: 00
# [Stimulus] Packet is sent to Driver
#   0
# [Driver] Data is sent to DUT
# [Monitor] Data is sent to Scoreboard
# [base] Write finished! Write data 01 at Address 00
# [Scoreboard] Get packet from Monitor: Address: 00, Data: 00
# 
# ===== t=155290000 PASSED SUCCESSFULLY !!! Expected timing is 405000, Actual timing is 419999 =====
# 
# [Stimulus] Packet is sent to Driver
# [Driver] Data is sent to DUT
# [Monitor] Data is sent to Scoreboard
# [base] Write finished! Write data 01 at Address 03
# [Scoreboard] Get packet from Monitor: Address: 03, Data: 00
# [Stimulus] Packet is sent to Driver
# [Driver] Data is sent to DUT
# [Monitor] Data is sent to Scoreboard
# [Base] Write finished! Write Random Data 38 at Address 02
# [Scoreboard] Get packet from Monitor: Address: 02, Data: 00
# [Stimulus] Packet is sent to Driver
#   1
# [Driver] Data is sent to DUT
# [Monitor] Data is sent to Scoreboard
# [base] Write finished! Write data 04 at Address 00
# [Scoreboard] Get packet from Monitor: Address: 00, Data: 00
# [Stimulus] Packet is sent to Driver
#   0
# [Driver] Data is sent to DUT
# [Monitor] Data is sent to Scoreboard
# [base] Write finished! Write data 01 at Address 00
# [Scoreboard] Get packet from Monitor: Address: 00, Data: 00
# 
# ===== t=156590000 PASSED SUCCESSFULLY !!! Expected timing is 1000000, Actual timing is 1019999 =====
# 
# [Stimulus] Packet is sent to Driver
# [Driver] Data is sent to DUT
# [Monitor] Data is sent to Scoreboard
# [base] Write finished! Write data 01 at Address 03
# [Scoreboard] Get packet from Monitor: Address: 03, Data: 00
# [Stimulus] Packet is sent to Driver
# [Driver] Data is sent to DUT
# [Monitor] Data is sent to Scoreboard
# [Base] Write finished! Write Random Data 74 at Address 02
# [Scoreboard] Get packet from Monitor: Address: 02, Data: 00
# [Stimulus] Packet is sent to Driver
#   1
# [Driver] Data is sent to DUT
# [Monitor] Data is sent to Scoreboard
# [base] Write finished! Write data 04 at Address 00
# [Scoreboard] Get packet from Monitor: Address: 00, Data: 00
# [Stimulus] Packet is sent to Driver
#   0
# [Driver] Data is sent to DUT
# [Monitor] Data is sent to Scoreboard
# [base] Write finished! Write data 01 at Address 00
# [Scoreboard] Get packet from Monitor: Address: 00, Data: 00
# 
# ===== t=157590000 PASSED SUCCESSFULLY !!! Expected timing is 700000, Actual timing is 719999 =====
# 
# [Stimulus] Packet is sent to Driver
# [Driver] Data is sent to DUT
# [Monitor] Data is sent to Scoreboard
# [base] Write finished! Write data 01 at Address 03
# [Scoreboard] Get packet from Monitor: Address: 03, Data: 00
# [Stimulus] Packet is sent to Driver
# [Driver] Data is sent to DUT
# [Monitor] Data is sent to Scoreboard
# [Base] Write finished! Write Random Data c9 at Address 02
# [Scoreboard] Get packet from Monitor: Address: 02, Data: 00
# [Stimulus] Packet is sent to Driver
#   1
# [Driver] Data is sent to DUT
# [Monitor] Data is sent to Scoreboard
# [base] Write finished! Write data 04 at Address 00
# [Scoreboard] Get packet from Monitor: Address: 00, Data: 00
# [Stimulus] Packet is sent to Driver
#   0
# [Driver] Data is sent to DUT
# [Monitor] Data is sent to Scoreboard
# [base] Write finished! Write data 01 at Address 00
# [Scoreboard] Get packet from Monitor: Address: 00, Data: 00
# 
# ===== t=158150000 PASSED SUCCESSFULLY !!! Expected timing is 275000, Actual timing is 279999 =====
# 
# [Stimulus] Packet is sent to Driver
# [Driver] Data is sent to DUT
# [Monitor] Data is sent to Scoreboard
# [base] Write finished! Write data 01 at Address 03
# [Scoreboard] Get packet from Monitor: Address: 03, Data: 00
# [Stimulus] Packet is sent to Driver
# [Driver] Data is sent to DUT
# [Monitor] Data is sent to Scoreboard
# [Base] Write finished! Write Random Data 13 at Address 02
# [Scoreboard] Get packet from Monitor: Address: 02, Data: 00
# [Stimulus] Packet is sent to Driver
#   1
# [Driver] Data is sent to DUT
# [Monitor] Data is sent to Scoreboard
# [base] Write finished! Write data 04 at Address 00
# [Scoreboard] Get packet from Monitor: Address: 00, Data: 00
# [Stimulus] Packet is sent to Driver
#   0
# [Driver] Data is sent to DUT
# [Monitor] Data is sent to Scoreboard
# [base] Write finished! Write data 01 at Address 00
# [Scoreboard] Get packet from Monitor: Address: 00, Data: 00
# 
# ===== t=159630000 PASSED SUCCESSFULLY !!! Expected timing is 1185000, Actual timing is 1199999 =====
# 
# [Stimulus] Packet is sent to Driver
# [Driver] Data is sent to DUT
# [Monitor] Data is sent to Scoreboard
# [base] Write finished! Write data 01 at Address 03
# [Scoreboard] Get packet from Monitor: Address: 03, Data: 00
# [Stimulus] Packet is sent to Driver
# [Driver] Data is sent to DUT
# [Monitor] Data is sent to Scoreboard
# [Base] Write finished! Write Random Data eb at Address 02
# [Scoreboard] Get packet from Monitor: Address: 02, Data: 00
# [Stimulus] Packet is sent to Driver
#   1
# [Driver] Data is sent to DUT
# [Monitor] Data is sent to Scoreboard
# [base] Write finished! Write data 04 at Address 00
# [Scoreboard] Get packet from Monitor: Address: 00, Data: 00
# [Stimulus] Packet is sent to Driver
#   0
# [Driver] Data is sent to DUT
# [Monitor] Data is sent to Scoreboard
# [base] Write finished! Write data 01 at Address 00
# [Scoreboard] Get packet from Monitor: Address: 00, Data: 00
# 
# ===== t=160030000 PASSED SUCCESSFULLY !!! Expected timing is 105000, Actual timing is 119999 =====
# 
# [Stimulus] Packet is sent to Driver
# [Driver] Data is sent to DUT
# [Monitor] Data is sent to Scoreboard
# [base] Write finished! Write data 01 at Address 03
# [Scoreboard] Get packet from Monitor: Address: 03, Data: 00
# [Stimulus] Packet is sent to Driver
# [Driver] Data is sent to DUT
# [Monitor] Data is sent to Scoreboard
# [Base] Write finished! Write Random Data 4a at Address 02
# [Scoreboard] Get packet from Monitor: Address: 02, Data: 00
# [Stimulus] Packet is sent to Driver
#   1
# [Driver] Data is sent to DUT
# [Monitor] Data is sent to Scoreboard
# [base] Write finished! Write data 04 at Address 00
# [Scoreboard] Get packet from Monitor: Address: 00, Data: 00
# [Stimulus] Packet is sent to Driver
#   0
# [Driver] Data is sent to DUT
# [Monitor] Data is sent to Scoreboard
# [base] Write finished! Write data 01 at Address 00
# [Scoreboard] Get packet from Monitor: Address: 00, Data: 00
# 
# ===== t=161230000 PASSED SUCCESSFULLY !!! Expected timing is 910000, Actual timing is 919999 =====
# 
# [Stimulus] Packet is sent to Driver
# [Driver] Data is sent to DUT
# [Monitor] Data is sent to Scoreboard
# [base] Write finished! Write data 01 at Address 03
# [Scoreboard] Get packet from Monitor: Address: 03, Data: 00
# [Stimulus] Packet is sent to Driver
# [Driver] Data is sent to DUT
# [Monitor] Data is sent to Scoreboard
# [Base] Write finished! Write Random Data 86 at Address 02
# [Scoreboard] Get packet from Monitor: Address: 02, Data: 00
# [Stimulus] Packet is sent to Driver
#   1
# [Driver] Data is sent to DUT
# [Monitor] Data is sent to Scoreboard
# [base] Write finished! Write data 04 at Address 00
# [Scoreboard] Get packet from Monitor: Address: 00, Data: 00
# [Stimulus] Packet is sent to Driver
#   0
# [Driver] Data is sent to DUT
# [Monitor] Data is sent to Scoreboard
# [base] Write finished! Write data 01 at Address 00
# [Scoreboard] Get packet from Monitor: Address: 00, Data: 00
# 
# ===== t=162130000 PASSED SUCCESSFULLY !!! Expected timing is 610000, Actual timing is 619999 =====
# 
# [Stimulus] Packet is sent to Driver
# [Driver] Data is sent to DUT
# [Monitor] Data is sent to Scoreboard
# [base] Write finished! Write data 01 at Address 03
# [Scoreboard] Get packet from Monitor: Address: 03, Data: 00
# [Stimulus] Packet is sent to Driver
# [Driver] Data is sent to DUT
# [Monitor] Data is sent to Scoreboard
# [Base] Write finished! Write Random Data 63 at Address 02
# [Scoreboard] Get packet from Monitor: Address: 02, Data: 00
# [Stimulus] Packet is sent to Driver
#   1
# [Driver] Data is sent to DUT
# [Monitor] Data is sent to Scoreboard
# [base] Write finished! Write data 04 at Address 00
# [Scoreboard] Get packet from Monitor: Address: 00, Data: 00
# [Stimulus] Packet is sent to Driver
#   0
# [Driver] Data is sent to DUT
# [Monitor] Data is sent to Scoreboard
# [base] Write finished! Write data 01 at Address 00
# [Scoreboard] Get packet from Monitor: Address: 00, Data: 00
# 
# ===== t=163210000 PASSED SUCCESSFULLY !!! Expected timing is 785000, Actual timing is 799999 =====
# 
# [Stimulus] Packet is sent to Driver
# [Driver] Data is sent to DUT
# [Monitor] Data is sent to Scoreboard
# [base] Write finished! Write data 01 at Address 03
# [Scoreboard] Get packet from Monitor: Address: 03, Data: 00
# [Stimulus] Packet is sent to Driver
# [Driver] Data is sent to DUT
# [Monitor] Data is sent to Scoreboard
# [Base] Write finished! Write Random Data a1 at Address 02
# [Scoreboard] Get packet from Monitor: Address: 02, Data: 00
# [Stimulus] Packet is sent to Driver
#   1
# [Driver] Data is sent to DUT
# [Monitor] Data is sent to Scoreboard
# [base] Write finished! Write data 04 at Address 00
# [Scoreboard] Get packet from Monitor: Address: 00, Data: 00
# [Stimulus] Packet is sent to Driver
#   0
# [Driver] Data is sent to DUT
# [Monitor] Data is sent to Scoreboard
# [base] Write finished! Write data 01 at Address 00
# [Scoreboard] Get packet from Monitor: Address: 00, Data: 00
# 
# ===== t=163970000 PASSED SUCCESSFULLY !!! Expected timing is 475000, Actual timing is 479999 =====
# 
# [Stimulus] Packet is sent to Driver
# [Driver] Data is sent to DUT
# [Monitor] Data is sent to Scoreboard
# [base] Write finished! Write data 01 at Address 03
# [Scoreboard] Get packet from Monitor: Address: 03, Data: 00
# [Stimulus] Packet is sent to Driver
# [Driver] Data is sent to DUT
# [Monitor] Data is sent to Scoreboard
# [Base] Write finished! Write Random Data f2 at Address 02
# [Scoreboard] Get packet from Monitor: Address: 02, Data: 00
# [Stimulus] Packet is sent to Driver
#   1
# [Driver] Data is sent to DUT
# [Monitor] Data is sent to Scoreboard
# [base] Write finished! Write data 04 at Address 00
# [Scoreboard] Get packet from Monitor: Address: 00, Data: 00
# [Stimulus] Packet is sent to Driver
#   0
# [Driver] Data is sent to DUT
# [Monitor] Data is sent to Scoreboard
# [base] Write finished! Write data 01 at Address 00
# [Scoreboard] Get packet from Monitor: Address: 00, Data: 00
# 
# ===== t=164330000 PASSED SUCCESSFULLY !!! Expected timing is 70000, Actual timing is 79999 =====
# 
# [Stimulus] Packet is sent to Driver
# [Driver] Data is sent to DUT
# [Monitor] Data is sent to Scoreboard
# [base] Write finished! Write data 01 at Address 03
# [Scoreboard] Get packet from Monitor: Address: 03, Data: 00
# [Stimulus] Packet is sent to Driver
# [Driver] Data is sent to DUT
# [Monitor] Data is sent to Scoreboard
# [Base] Write finished! Write Random Data 06 at Address 02
# [Scoreboard] Get packet from Monitor: Address: 02, Data: 00
# [Stimulus] Packet is sent to Driver
#   1
# [Driver] Data is sent to DUT
# [Monitor] Data is sent to Scoreboard
# [base] Write finished! Write data 04 at Address 00
# [Scoreboard] Get packet from Monitor: Address: 00, Data: 00
# [Stimulus] Packet is sent to Driver
#   0
# [Driver] Data is sent to DUT
# [Monitor] Data is sent to Scoreboard
# [base] Write finished! Write data 01 at Address 00
# [Scoreboard] Get packet from Monitor: Address: 00, Data: 00
# 
# ===== t=165870000 PASSED SUCCESSFULLY !!! Expected timing is 1250000, Actual timing is 1259999 =====
# 
# [Stimulus] Packet is sent to Driver
# [Driver] Data is sent to DUT
# [Monitor] Data is sent to Scoreboard
# [base] Write finished! Write data 01 at Address 03
# [Scoreboard] Get packet from Monitor: Address: 03, Data: 00
# [Stimulus] Packet is sent to Driver
# [Driver] Data is sent to DUT
# [Monitor] Data is sent to Scoreboard
# [Base] Write finished! Write Random Data 7b at Address 02
# [Scoreboard] Get packet from Monitor: Address: 02, Data: 00
# [Stimulus] Packet is sent to Driver
#   1
# [Driver] Data is sent to DUT
# [Monitor] Data is sent to Scoreboard
# [base] Write finished! Write data 04 at Address 00
# [Scoreboard] Get packet from Monitor: Address: 00, Data: 00
# [Stimulus] Packet is sent to Driver
#   0
# [Driver] Data is sent to DUT
# [Monitor] Data is sent to Scoreboard
# [base] Write finished! Write data 01 at Address 00
# [Scoreboard] Get packet from Monitor: Address: 00, Data: 00
# 
# ===== t=166830000 PASSED SUCCESSFULLY !!! Expected timing is 665000, Actual timing is 679999 =====
# 
# [Stimulus] Packet is sent to Driver
# [Driver] Data is sent to DUT
# [Monitor] Data is sent to Scoreboard
# [base] Write finished! Write data 01 at Address 03
# [Scoreboard] Get packet from Monitor: Address: 03, Data: 00
# [Stimulus] Packet is sent to Driver
# [Driver] Data is sent to DUT
# [Monitor] Data is sent to Scoreboard
# [Base] Write finished! Write Random Data 7d at Address 02
# [Scoreboard] Get packet from Monitor: Address: 02, Data: 00
# [Stimulus] Packet is sent to Driver
#   1
# [Driver] Data is sent to DUT
# [Monitor] Data is sent to Scoreboard
# [base] Write finished! Write data 04 at Address 00
# [Scoreboard] Get packet from Monitor: Address: 00, Data: 00
# [Stimulus] Packet is sent to Driver
#   0
# [Driver] Data is sent to DUT
# [Monitor] Data is sent to Scoreboard
# [base] Write finished! Write data 01 at Address 00
# [Scoreboard] Get packet from Monitor: Address: 00, Data: 00
# 
# ===== t=167770000 PASSED SUCCESSFULLY !!! Expected timing is 655000, Actual timing is 659999 =====
# 
# [Stimulus] Packet is sent to Driver
# [Driver] Data is sent to DUT
# [Monitor] Data is sent to Scoreboard
# [base] Write finished! Write data 01 at Address 03
# [Scoreboard] Get packet from Monitor: Address: 03, Data: 00
# [Stimulus] Packet is sent to Driver
# [Driver] Data is sent to DUT
# [Monitor] Data is sent to Scoreboard
# [Base] Write finished! Write Random Data ad at Address 02
# [Scoreboard] Get packet from Monitor: Address: 02, Data: 00
# [Stimulus] Packet is sent to Driver
#   1
# [Driver] Data is sent to DUT
# [Monitor] Data is sent to Scoreboard
# [base] Write finished! Write data 04 at Address 00
# [Scoreboard] Get packet from Monitor: Address: 00, Data: 00
# [Stimulus] Packet is sent to Driver
#   0
# [Driver] Data is sent to DUT
# [Monitor] Data is sent to Scoreboard
# [base] Write finished! Write data 01 at Address 00
# [Scoreboard] Get packet from Monitor: Address: 00, Data: 00
# 
# ===== t=168470000 PASSED SUCCESSFULLY !!! Expected timing is 415000, Actual timing is 419999 =====
# 
# [Stimulus] Packet is sent to Driver
# [Driver] Data is sent to DUT
# [Monitor] Data is sent to Scoreboard
# [base] Write finished! Write data 01 at Address 03
# [Scoreboard] Get packet from Monitor: Address: 03, Data: 00
# [Stimulus] Packet is sent to Driver
# [Driver] Data is sent to DUT
# [Monitor] Data is sent to Scoreboard
# [Base] Write finished! Write Random Data af at Address 02
# [Scoreboard] Get packet from Monitor: Address: 02, Data: 00
# [Stimulus] Packet is sent to Driver
#   1
# [Driver] Data is sent to DUT
# [Monitor] Data is sent to Scoreboard
# [base] Write finished! Write data 04 at Address 00
# [Scoreboard] Get packet from Monitor: Address: 00, Data: 00
# [Stimulus] Packet is sent to Driver
#   0
# [Driver] Data is sent to DUT
# [Monitor] Data is sent to Scoreboard
# [base] Write finished! Write data 01 at Address 00
# [Scoreboard] Get packet from Monitor: Address: 00, Data: 00
# 
# ===== t=169170000 PASSED SUCCESSFULLY !!! Expected timing is 405000, Actual timing is 419999 =====
# 
# [Stimulus] Packet is sent to Driver
# [Driver] Data is sent to DUT
# [Monitor] Data is sent to Scoreboard
# [base] Write finished! Write data 01 at Address 03
# [Scoreboard] Get packet from Monitor: Address: 03, Data: 00
# [Stimulus] Packet is sent to Driver
# [Driver] Data is sent to DUT
# [Monitor] Data is sent to Scoreboard
# [Base] Write finished! Write Random Data 87 at Address 02
# [Scoreboard] Get packet from Monitor: Address: 02, Data: 00
# [Stimulus] Packet is sent to Driver
#   1
# [Driver] Data is sent to DUT
# [Monitor] Data is sent to Scoreboard
# [base] Write finished! Write data 04 at Address 00
# [Scoreboard] Get packet from Monitor: Address: 00, Data: 00
# [Stimulus] Packet is sent to Driver
#   0
# [Driver] Data is sent to DUT
# [Monitor] Data is sent to Scoreboard
# [base] Write finished! Write data 01 at Address 00
# [Scoreboard] Get packet from Monitor: Address: 00, Data: 00
# 
# ===== t=170070000 PASSED SUCCESSFULLY !!! Expected timing is 605000, Actual timing is 619999 =====
# 
# [Stimulus] Packet is sent to Driver
# [Driver] Data is sent to DUT
# [Monitor] Data is sent to Scoreboard
# [base] Write finished! Write data 01 at Address 03
# [Scoreboard] Get packet from Monitor: Address: 03, Data: 00
# [Stimulus] Packet is sent to Driver
# [Driver] Data is sent to DUT
# [Monitor] Data is sent to Scoreboard
# [Base] Write finished! Write Random Data 96 at Address 02
# [Scoreboard] Get packet from Monitor: Address: 02, Data: 00
# [Stimulus] Packet is sent to Driver
#   1
# [Driver] Data is sent to DUT
# [Monitor] Data is sent to Scoreboard
# [base] Write finished! Write data 04 at Address 00
# [Scoreboard] Get packet from Monitor: Address: 00, Data: 00
# [Stimulus] Packet is sent to Driver
#   0
# [Driver] Data is sent to DUT
# [Monitor] Data is sent to Scoreboard
# [base] Write finished! Write data 01 at Address 00
# [Scoreboard] Get packet from Monitor: Address: 00, Data: 00
# 
# ===== t=170890000 PASSED SUCCESSFULLY !!! Expected timing is 530000, Actual timing is 539999 =====
# 
# [Stimulus] Packet is sent to Driver
# [Driver] Data is sent to DUT
# [Monitor] Data is sent to Scoreboard
# [base] Write finished! Write data 01 at Address 03
# [Scoreboard] Get packet from Monitor: Address: 03, Data: 00
# [Stimulus] Packet is sent to Driver
# [Driver] Data is sent to DUT
# [Monitor] Data is sent to Scoreboard
# [Base] Write finished! Write Random Data d2 at Address 02
# [Scoreboard] Get packet from Monitor: Address: 02, Data: 00
# [Stimulus] Packet is sent to Driver
#   1
# [Driver] Data is sent to DUT
# [Monitor] Data is sent to Scoreboard
# [base] Write finished! Write data 04 at Address 00
# [Scoreboard] Get packet from Monitor: Address: 00, Data: 00
# [Stimulus] Packet is sent to Driver
#   0
# [Driver] Data is sent to DUT
# [Monitor] Data is sent to Scoreboard
# [base] Write finished! Write data 01 at Address 00
# [Scoreboard] Get packet from Monitor: Address: 00, Data: 00
# 
# ===== t=171410000 PASSED SUCCESSFULLY !!! Expected timing is 230000, Actual timing is 239999 =====
# 
# [Stimulus] Packet is sent to Driver
# [Driver] Data is sent to DUT
# [Monitor] Data is sent to Scoreboard
# [base] Write finished! Write data 01 at Address 03
# [Scoreboard] Get packet from Monitor: Address: 03, Data: 00
# [Stimulus] Packet is sent to Driver
# [Driver] Data is sent to DUT
# [Monitor] Data is sent to Scoreboard
# [Base] Write finished! Write Random Data 76 at Address 02
# [Scoreboard] Get packet from Monitor: Address: 02, Data: 00
# [Stimulus] Packet is sent to Driver
#   1
# [Driver] Data is sent to DUT
# [Monitor] Data is sent to Scoreboard
# [base] Write finished! Write data 04 at Address 00
# [Scoreboard] Get packet from Monitor: Address: 00, Data: 00
# [Stimulus] Packet is sent to Driver
#   0
# [Driver] Data is sent to DUT
# [Monitor] Data is sent to Scoreboard
# [base] Write finished! Write data 01 at Address 00
# [Scoreboard] Get packet from Monitor: Address: 00, Data: 00
# 
# ===== t=172390000 PASSED SUCCESSFULLY !!! Expected timing is 690000, Actual timing is 699999 =====
# 
# [Stimulus] Packet is sent to Driver
# [Driver] Data is sent to DUT
# [Monitor] Data is sent to Scoreboard
# [base] Write finished! Write data 01 at Address 03
# [Scoreboard] Get packet from Monitor: Address: 03, Data: 00
# [Stimulus] Packet is sent to Driver
# [Driver] Data is sent to DUT
# [Monitor] Data is sent to Scoreboard
# [Base] Write finished! Write Random Data b9 at Address 02
# [Scoreboard] Get packet from Monitor: Address: 02, Data: 00
# [Stimulus] Packet is sent to Driver
#   1
# [Driver] Data is sent to DUT
# [Monitor] Data is sent to Scoreboard
# [base] Write finished! Write data 04 at Address 00
# [Scoreboard] Get packet from Monitor: Address: 00, Data: 00
# [Stimulus] Packet is sent to Driver
#   0
# [Driver] Data is sent to DUT
# [Monitor] Data is sent to Scoreboard
# [base] Write finished! Write data 01 at Address 00
# [Scoreboard] Get packet from Monitor: Address: 00, Data: 00
# 
# ===== t=173030000 PASSED SUCCESSFULLY !!! Expected timing is 355000, Actual timing is 359999 =====
# 
# [Stimulus] Packet is sent to Driver
# [Driver] Data is sent to DUT
# [Monitor] Data is sent to Scoreboard
# [base] Write finished! Write data 01 at Address 03
# [Scoreboard] Get packet from Monitor: Address: 03, Data: 00
# [Stimulus] Packet is sent to Driver
# [Driver] Data is sent to DUT
# [Monitor] Data is sent to Scoreboard
# [Base] Write finished! Write Random Data 45 at Address 02
# [Scoreboard] Get packet from Monitor: Address: 02, Data: 00
# [Stimulus] Packet is sent to Driver
#   1
# [Driver] Data is sent to DUT
# [Monitor] Data is sent to Scoreboard
# [base] Write finished! Write data 04 at Address 00
# [Scoreboard] Get packet from Monitor: Address: 00, Data: 00
# [Stimulus] Packet is sent to Driver
#   0
# [Driver] Data is sent to DUT
# [Monitor] Data is sent to Scoreboard
# [base] Write finished! Write data 01 at Address 00
# [Scoreboard] Get packet from Monitor: Address: 00, Data: 00
# 
# ===== t=174250000 PASSED SUCCESSFULLY !!! Expected timing is 935000, Actual timing is 939999 =====
# 
# [Stimulus] Packet is sent to Driver
# [Driver] Data is sent to DUT
# [Monitor] Data is sent to Scoreboard
# [base] Write finished! Write data 01 at Address 03
# [Scoreboard] Get packet from Monitor: Address: 03, Data: 00
# [Stimulus] Packet is sent to Driver
# [Driver] Data is sent to DUT
# [Monitor] Data is sent to Scoreboard
# [Base] Write finished! Write Random Data d2 at Address 02
# [Scoreboard] Get packet from Monitor: Address: 02, Data: 00
# [Stimulus] Packet is sent to Driver
#   1
# [Driver] Data is sent to DUT
# [Monitor] Data is sent to Scoreboard
# [base] Write finished! Write data 04 at Address 00
# [Scoreboard] Get packet from Monitor: Address: 00, Data: 00
# [Stimulus] Packet is sent to Driver
#   0
# [Driver] Data is sent to DUT
# [Monitor] Data is sent to Scoreboard
# [base] Write finished! Write data 01 at Address 00
# [Scoreboard] Get packet from Monitor: Address: 00, Data: 00
# 
# ===== t=174770000 PASSED SUCCESSFULLY !!! Expected timing is 230000, Actual timing is 239999 =====
# 
# [Stimulus] Packet is sent to Driver
# [Driver] Data is sent to DUT
# [Monitor] Data is sent to Scoreboard
# [base] Write finished! Write data 01 at Address 03
# [Scoreboard] Get packet from Monitor: Address: 03, Data: 00
# [Stimulus] Packet is sent to Driver
# [Driver] Data is sent to DUT
# [Monitor] Data is sent to Scoreboard
# [Base] Write finished! Write Random Data 36 at Address 02
# [Scoreboard] Get packet from Monitor: Address: 02, Data: 00
# [Stimulus] Packet is sent to Driver
#   1
# [Driver] Data is sent to DUT
# [Monitor] Data is sent to Scoreboard
# [base] Write finished! Write data 04 at Address 00
# [Scoreboard] Get packet from Monitor: Address: 00, Data: 00
# [Stimulus] Packet is sent to Driver
#   0
# [Driver] Data is sent to DUT
# [Monitor] Data is sent to Scoreboard
# [base] Write finished! Write data 01 at Address 00
# [Scoreboard] Get packet from Monitor: Address: 00, Data: 00
# 
# ===== t=176070000 PASSED SUCCESSFULLY !!! Expected timing is 1010000, Actual timing is 1019999 =====
# 
# [Stimulus] Packet is sent to Driver
# [Driver] Data is sent to DUT
# [Monitor] Data is sent to Scoreboard
# [base] Write finished! Write data 01 at Address 03
# [Scoreboard] Get packet from Monitor: Address: 03, Data: 00
# [Stimulus] Packet is sent to Driver
# [Driver] Data is sent to DUT
# [Monitor] Data is sent to Scoreboard
# [Base] Write finished! Write Random Data 65 at Address 02
# [Scoreboard] Get packet from Monitor: Address: 02, Data: 00
# [Stimulus] Packet is sent to Driver
#   1
# [Driver] Data is sent to DUT
# [Monitor] Data is sent to Scoreboard
# [base] Write finished! Write data 04 at Address 00
# [Scoreboard] Get packet from Monitor: Address: 00, Data: 00
# [Stimulus] Packet is sent to Driver
#   0
# [Driver] Data is sent to DUT
# [Monitor] Data is sent to Scoreboard
# [base] Write finished! Write data 01 at Address 00
# [Scoreboard] Get packet from Monitor: Address: 00, Data: 00
# 
# ===== t=177130000 PASSED SUCCESSFULLY !!! Expected timing is 775000, Actual timing is 779999 =====
# 
# [Stimulus] Packet is sent to Driver
# [Driver] Data is sent to DUT
# [Monitor] Data is sent to Scoreboard
# [base] Write finished! Write data 01 at Address 03
# [Scoreboard] Get packet from Monitor: Address: 03, Data: 00
# [Stimulus] Packet is sent to Driver
# [Driver] Data is sent to DUT
# [Monitor] Data is sent to Scoreboard
# [Base] Write finished! Write Random Data 0e at Address 02
# [Scoreboard] Get packet from Monitor: Address: 02, Data: 00
# [Stimulus] Packet is sent to Driver
#   1
# [Driver] Data is sent to DUT
# [Monitor] Data is sent to Scoreboard
# [base] Write finished! Write data 04 at Address 00
# [Scoreboard] Get packet from Monitor: Address: 00, Data: 00
# [Stimulus] Packet is sent to Driver
#   0
# [Driver] Data is sent to DUT
# [Monitor] Data is sent to Scoreboard
# [base] Write finished! Write data 01 at Address 00
# [Scoreboard] Get packet from Monitor: Address: 00, Data: 00
# 
# ===== t=178630000 PASSED SUCCESSFULLY !!! Expected timing is 1210000, Actual timing is 1219999 =====
# 
# [Stimulus] Packet is sent to Driver
# [Driver] Data is sent to DUT
# [Monitor] Data is sent to Scoreboard
# [base] Write finished! Write data 01 at Address 03
# [Scoreboard] Get packet from Monitor: Address: 03, Data: 00
# [Stimulus] Packet is sent to Driver
# [Driver] Data is sent to DUT
# [Monitor] Data is sent to Scoreboard
# [Base] Write finished! Write Random Data 2b at Address 02
# [Scoreboard] Get packet from Monitor: Address: 02, Data: 00
# [Stimulus] Packet is sent to Driver
#   1
# [Driver] Data is sent to DUT
# [Monitor] Data is sent to Scoreboard
# [base] Write finished! Write data 04 at Address 00
# [Scoreboard] Get packet from Monitor: Address: 00, Data: 00
# [Stimulus] Packet is sent to Driver
#   0
# [Driver] Data is sent to DUT
# [Monitor] Data is sent to Scoreboard
# [base] Write finished! Write data 01 at Address 00
# [Scoreboard] Get packet from Monitor: Address: 00, Data: 00
# 
# ===== t=179990000 PASSED SUCCESSFULLY !!! Expected timing is 1065000, Actual timing is 1079999 =====
# 
# [Stimulus] Packet is sent to Driver
# [Driver] Data is sent to DUT
# [Monitor] Data is sent to Scoreboard
# [base] Write finished! Write data 01 at Address 03
# [Scoreboard] Get packet from Monitor: Address: 03, Data: 00
# [Stimulus] Packet is sent to Driver
# [Driver] Data is sent to DUT
# [Monitor] Data is sent to Scoreboard
# [Base] Write finished! Write Random Data 65 at Address 02
# [Scoreboard] Get packet from Monitor: Address: 02, Data: 00
# [Stimulus] Packet is sent to Driver
#   1
# [Driver] Data is sent to DUT
# [Monitor] Data is sent to Scoreboard
# [base] Write finished! Write data 04 at Address 00
# [Scoreboard] Get packet from Monitor: Address: 00, Data: 00
# [Stimulus] Packet is sent to Driver
#   0
# [Driver] Data is sent to DUT
# [Monitor] Data is sent to Scoreboard
# [base] Write finished! Write data 01 at Address 00
# [Scoreboard] Get packet from Monitor: Address: 00, Data: 00
# 
# ===== t=181050000 PASSED SUCCESSFULLY !!! Expected timing is 775000, Actual timing is 779999 =====
# 
# [Stimulus] Packet is sent to Driver
# [Driver] Data is sent to DUT
# [Monitor] Data is sent to Scoreboard
# [base] Write finished! Write data 01 at Address 03
# [Scoreboard] Get packet from Monitor: Address: 03, Data: 00
# [Stimulus] Packet is sent to Driver
# [Driver] Data is sent to DUT
# [Monitor] Data is sent to Scoreboard
# [Base] Write finished! Write Random Data 39 at Address 02
# [Scoreboard] Get packet from Monitor: Address: 02, Data: 00
# [Stimulus] Packet is sent to Driver
#   1
# [Driver] Data is sent to DUT
# [Monitor] Data is sent to Scoreboard
# [base] Write finished! Write data 04 at Address 00
# [Scoreboard] Get packet from Monitor: Address: 00, Data: 00
# [Stimulus] Packet is sent to Driver
#   0
# [Driver] Data is sent to DUT
# [Monitor] Data is sent to Scoreboard
# [base] Write finished! Write data 01 at Address 00
# [Scoreboard] Get packet from Monitor: Address: 00, Data: 00
# 
# ===== t=182330000 PASSED SUCCESSFULLY !!! Expected timing is 995000, Actual timing is 999999 =====
# 
# [Stimulus] Packet is sent to Driver
# [Driver] Data is sent to DUT
# [Monitor] Data is sent to Scoreboard
# [base] Write finished! Write data 01 at Address 03
# [Scoreboard] Get packet from Monitor: Address: 03, Data: 00
# [Stimulus] Packet is sent to Driver
# [Driver] Data is sent to DUT
# [Monitor] Data is sent to Scoreboard
# [Base] Write finished! Write Random Data c3 at Address 02
# [Scoreboard] Get packet from Monitor: Address: 02, Data: 00
# [Stimulus] Packet is sent to Driver
#   1
# [Driver] Data is sent to DUT
# [Monitor] Data is sent to Scoreboard
# [base] Write finished! Write data 04 at Address 00
# [Scoreboard] Get packet from Monitor: Address: 00, Data: 00
# [Stimulus] Packet is sent to Driver
#   0
# [Driver] Data is sent to DUT
# [Monitor] Data is sent to Scoreboard
# [base] Write finished! Write data 01 at Address 00
# [Scoreboard] Get packet from Monitor: Address: 00, Data: 00
# 
# ===== t=182930000 PASSED SUCCESSFULLY !!! Expected timing is 305000, Actual timing is 319999 =====
# 
# [Stimulus] Packet is sent to Driver
# [Driver] Data is sent to DUT
# [Monitor] Data is sent to Scoreboard
# [base] Write finished! Write data 01 at Address 03
# [Scoreboard] Get packet from Monitor: Address: 03, Data: 00
# [Stimulus] Packet is sent to Driver
# [Driver] Data is sent to DUT
# [Monitor] Data is sent to Scoreboard
# [Base] Write finished! Write Random Data 7a at Address 02
# [Scoreboard] Get packet from Monitor: Address: 02, Data: 00
# [Stimulus] Packet is sent to Driver
#   1
# [Driver] Data is sent to DUT
# [Monitor] Data is sent to Scoreboard
# [base] Write finished! Write data 04 at Address 00
# [Scoreboard] Get packet from Monitor: Address: 00, Data: 00
# [Stimulus] Packet is sent to Driver
#   0
# [Driver] Data is sent to DUT
# [Monitor] Data is sent to Scoreboard
# [base] Write finished! Write data 01 at Address 00
# [Scoreboard] Get packet from Monitor: Address: 00, Data: 00
# 
# ===== t=183890000 PASSED SUCCESSFULLY !!! Expected timing is 670000, Actual timing is 679999 =====
# 
# [Stimulus] Packet is sent to Driver
# [Driver] Data is sent to DUT
# [Monitor] Data is sent to Scoreboard
# [base] Write finished! Write data 01 at Address 03
# [Scoreboard] Get packet from Monitor: Address: 03, Data: 00
# [Stimulus] Packet is sent to Driver
# [Driver] Data is sent to DUT
# [Monitor] Data is sent to Scoreboard
# [Base] Write finished! Write Random Data 7d at Address 02
# [Scoreboard] Get packet from Monitor: Address: 02, Data: 00
# [Stimulus] Packet is sent to Driver
#   1
# [Driver] Data is sent to DUT
# [Monitor] Data is sent to Scoreboard
# [base] Write finished! Write data 04 at Address 00
# [Scoreboard] Get packet from Monitor: Address: 00, Data: 00
# [Stimulus] Packet is sent to Driver
#   0
# [Driver] Data is sent to DUT
# [Monitor] Data is sent to Scoreboard
# [base] Write finished! Write data 01 at Address 00
# [Scoreboard] Get packet from Monitor: Address: 00, Data: 00
# 
# ===== t=184830000 PASSED SUCCESSFULLY !!! Expected timing is 655000, Actual timing is 659999 =====
# 
# [Stimulus] Packet is sent to Driver
# [Driver] Data is sent to DUT
# [Monitor] Data is sent to Scoreboard
# [base] Write finished! Write data 01 at Address 03
# [Scoreboard] Get packet from Monitor: Address: 03, Data: 00
# [Stimulus] Packet is sent to Driver
# [Driver] Data is sent to DUT
# [Monitor] Data is sent to Scoreboard
# [Base] Write finished! Write Random Data e6 at Address 02
# [Scoreboard] Get packet from Monitor: Address: 02, Data: 00
# [Stimulus] Packet is sent to Driver
#   1
# [Driver] Data is sent to DUT
# [Monitor] Data is sent to Scoreboard
# [base] Write finished! Write data 04 at Address 00
# [Scoreboard] Get packet from Monitor: Address: 00, Data: 00
# [Stimulus] Packet is sent to Driver
#   0
# [Driver] Data is sent to DUT
# [Monitor] Data is sent to Scoreboard
# [base] Write finished! Write data 01 at Address 00
# [Scoreboard] Get packet from Monitor: Address: 00, Data: 00
# 
# ===== t=185250000 PASSED SUCCESSFULLY !!! Expected timing is 130000, Actual timing is 139999 =====
# 
# [Stimulus] Packet is sent to Driver
# [Driver] Data is sent to DUT
# [Monitor] Data is sent to Scoreboard
# [base] Write finished! Write data 01 at Address 03
# [Scoreboard] Get packet from Monitor: Address: 03, Data: 00
# [Stimulus] Packet is sent to Driver
# [Driver] Data is sent to DUT
# [Monitor] Data is sent to Scoreboard
# [Base] Write finished! Write Random Data 82 at Address 02
# [Scoreboard] Get packet from Monitor: Address: 02, Data: 00
# [Stimulus] Packet is sent to Driver
#   1
# [Driver] Data is sent to DUT
# [Monitor] Data is sent to Scoreboard
# [base] Write finished! Write data 04 at Address 00
# [Scoreboard] Get packet from Monitor: Address: 00, Data: 00
# [Stimulus] Packet is sent to Driver
#   0
# [Driver] Data is sent to DUT
# [Monitor] Data is sent to Scoreboard
# [base] Write finished! Write data 01 at Address 00
# [Scoreboard] Get packet from Monitor: Address: 00, Data: 00
# 
# ===== t=186170000 PASSED SUCCESSFULLY !!! Expected timing is 630000, Actual timing is 639999 =====
# 
# [Stimulus] Packet is sent to Driver
# [Driver] Data is sent to DUT
# [Monitor] Data is sent to Scoreboard
# [base] Write finished! Write data 01 at Address 03
# [Scoreboard] Get packet from Monitor: Address: 03, Data: 00
# [Stimulus] Packet is sent to Driver
# [Driver] Data is sent to DUT
# [Monitor] Data is sent to Scoreboard
# [Base] Write finished! Write Random Data d8 at Address 02
# [Scoreboard] Get packet from Monitor: Address: 02, Data: 00
# [Stimulus] Packet is sent to Driver
#   1
# [Driver] Data is sent to DUT
# [Monitor] Data is sent to Scoreboard
# [base] Write finished! Write data 04 at Address 00
# [Scoreboard] Get packet from Monitor: Address: 00, Data: 00
# [Stimulus] Packet is sent to Driver
#   0
# [Driver] Data is sent to DUT
# [Monitor] Data is sent to Scoreboard
# [base] Write finished! Write data 01 at Address 00
# [Scoreboard] Get packet from Monitor: Address: 00, Data: 00
# 
# ===== t=186670000 PASSED SUCCESSFULLY !!! Expected timing is 200000, Actual timing is 219999 =====
# 
# [Stimulus] Packet is sent to Driver
# [Driver] Data is sent to DUT
# [Monitor] Data is sent to Scoreboard
# [base] Write finished! Write data 01 at Address 03
# [Scoreboard] Get packet from Monitor: Address: 03, Data: 00
# [Stimulus] Packet is sent to Driver
# [Driver] Data is sent to DUT
# [Monitor] Data is sent to Scoreboard
# [Base] Write finished! Write Random Data 3f at Address 02
# [Scoreboard] Get packet from Monitor: Address: 02, Data: 00
# [Stimulus] Packet is sent to Driver
#   1
# [Driver] Data is sent to DUT
# [Monitor] Data is sent to Scoreboard
# [base] Write finished! Write data 04 at Address 00
# [Scoreboard] Get packet from Monitor: Address: 00, Data: 00
# [Stimulus] Packet is sent to Driver
#   0
# [Driver] Data is sent to DUT
# [Monitor] Data is sent to Scoreboard
# [base] Write finished! Write data 01 at Address 00
# [Scoreboard] Get packet from Monitor: Address: 00, Data: 00
# 
# ===== t=187930000 PASSED SUCCESSFULLY !!! Expected timing is 965000, Actual timing is 979999 =====
# 
# [Stimulus] Packet is sent to Driver
# [Driver] Data is sent to DUT
# [Monitor] Data is sent to Scoreboard
# [base] Write finished! Write data 01 at Address 03
# [Scoreboard] Get packet from Monitor: Address: 03, Data: 00
# [Stimulus] Packet is sent to Driver
# [Driver] Data is sent to DUT
# [Monitor] Data is sent to Scoreboard
# [Base] Write finished! Write Random Data cf at Address 02
# [Scoreboard] Get packet from Monitor: Address: 02, Data: 00
# [Stimulus] Packet is sent to Driver
#   1
# [Driver] Data is sent to DUT
# [Monitor] Data is sent to Scoreboard
# [base] Write finished! Write data 04 at Address 00
# [Scoreboard] Get packet from Monitor: Address: 00, Data: 00
# [Stimulus] Packet is sent to Driver
#   0
# [Driver] Data is sent to DUT
# [Monitor] Data is sent to Scoreboard
# [base] Write finished! Write data 01 at Address 00
# [Scoreboard] Get packet from Monitor: Address: 00, Data: 00
# 
# ===== t=188470000 PASSED SUCCESSFULLY !!! Expected timing is 245000, Actual timing is 259999 =====
# 
# [Stimulus] Packet is sent to Driver
# [Driver] Data is sent to DUT
# [Monitor] Data is sent to Scoreboard
# [base] Write finished! Write data 01 at Address 03
# [Scoreboard] Get packet from Monitor: Address: 03, Data: 00
# [Stimulus] Packet is sent to Driver
# [Driver] Data is sent to DUT
# [Monitor] Data is sent to Scoreboard
# [Base] Write finished! Write Random Data 6b at Address 02
# [Scoreboard] Get packet from Monitor: Address: 02, Data: 00
# [Stimulus] Packet is sent to Driver
#   1
# [Driver] Data is sent to DUT
# [Monitor] Data is sent to Scoreboard
# [base] Write finished! Write data 04 at Address 00
# [Scoreboard] Get packet from Monitor: Address: 00, Data: 00
# [Stimulus] Packet is sent to Driver
#   0
# [Driver] Data is sent to DUT
# [Monitor] Data is sent to Scoreboard
# [base] Write finished! Write data 01 at Address 00
# [Scoreboard] Get packet from Monitor: Address: 00, Data: 00
# 
# ===== t=189510000 PASSED SUCCESSFULLY !!! Expected timing is 745000, Actual timing is 759999 =====
# 
# [Stimulus] Packet is sent to Driver
# [Driver] Data is sent to DUT
# [Monitor] Data is sent to Scoreboard
# [base] Write finished! Write data 01 at Address 03
# [Scoreboard] Get packet from Monitor: Address: 03, Data: 00
# [Stimulus] Packet is sent to Driver
# [Driver] Data is sent to DUT
# [Monitor] Data is sent to Scoreboard
# [Base] Write finished! Write Random Data be at Address 02
# [Scoreboard] Get packet from Monitor: Address: 02, Data: 00
# [Stimulus] Packet is sent to Driver
#   1
# [Driver] Data is sent to DUT
# [Monitor] Data is sent to Scoreboard
# [base] Write finished! Write data 04 at Address 00
# [Scoreboard] Get packet from Monitor: Address: 00, Data: 00
# [Stimulus] Packet is sent to Driver
#   0
# [Driver] Data is sent to DUT
# [Monitor] Data is sent to Scoreboard
# [base] Write finished! Write data 01 at Address 00
# [Scoreboard] Get packet from Monitor: Address: 00, Data: 00
# 
# ===== t=190130000 PASSED SUCCESSFULLY !!! Expected timing is 330000, Actual timing is 339999 =====
# 
# [Stimulus] Packet is sent to Driver
# [Driver] Data is sent to DUT
# [Monitor] Data is sent to Scoreboard
# [base] Write finished! Write data 01 at Address 03
# [Scoreboard] Get packet from Monitor: Address: 03, Data: 00
# [Stimulus] Packet is sent to Driver
# [Driver] Data is sent to DUT
# [Monitor] Data is sent to Scoreboard
# [Base] Write finished! Write Random Data 4f at Address 02
# [Scoreboard] Get packet from Monitor: Address: 02, Data: 00
# [Stimulus] Packet is sent to Driver
#   1
# [Driver] Data is sent to DUT
# [Monitor] Data is sent to Scoreboard
# [base] Write finished! Write data 04 at Address 00
# [Scoreboard] Get packet from Monitor: Address: 00, Data: 00
# [Stimulus] Packet is sent to Driver
#   0
# [Driver] Data is sent to DUT
# [Monitor] Data is sent to Scoreboard
# [base] Write finished! Write data 01 at Address 00
# [Scoreboard] Get packet from Monitor: Address: 00, Data: 00
# 
# ===== t=191310000 PASSED SUCCESSFULLY !!! Expected timing is 885000, Actual timing is 899999 =====
# 
# [Stimulus] Packet is sent to Driver
# [Driver] Data is sent to DUT
# [Monitor] Data is sent to Scoreboard
# [base] Write finished! Write data 01 at Address 03
# [Scoreboard] Get packet from Monitor: Address: 03, Data: 00
# [Stimulus] Packet is sent to Driver
# [Driver] Data is sent to DUT
# [Monitor] Data is sent to Scoreboard
# [Base] Write finished! Write Random Data ca at Address 02
# [Scoreboard] Get packet from Monitor: Address: 02, Data: 00
# [Stimulus] Packet is sent to Driver
#   1
# [Driver] Data is sent to DUT
# [Monitor] Data is sent to Scoreboard
# [base] Write finished! Write data 04 at Address 00
# [Scoreboard] Get packet from Monitor: Address: 00, Data: 00
# [Stimulus] Packet is sent to Driver
#   0
# [Driver] Data is sent to DUT
# [Monitor] Data is sent to Scoreboard
# [base] Write finished! Write data 01 at Address 00
# [Scoreboard] Get packet from Monitor: Address: 00, Data: 00
# 
# ===== t=191870000 PASSED SUCCESSFULLY !!! Expected timing is 270000, Actual timing is 279999 =====
# 
# [Stimulus] Packet is sent to Driver
# [Driver] Data is sent to DUT
# [Monitor] Data is sent to Scoreboard
# [base] Write finished! Write data 01 at Address 03
# [Scoreboard] Get packet from Monitor: Address: 03, Data: 00
# [Stimulus] Packet is sent to Driver
# [Driver] Data is sent to DUT
# [Monitor] Data is sent to Scoreboard
# [Base] Write finished! Write Random Data 07 at Address 02
# [Scoreboard] Get packet from Monitor: Address: 02, Data: 00
# [Stimulus] Packet is sent to Driver
#   1
# [Driver] Data is sent to DUT
# [Monitor] Data is sent to Scoreboard
# [base] Write finished! Write data 04 at Address 00
# [Scoreboard] Get packet from Monitor: Address: 00, Data: 00
# [Stimulus] Packet is sent to Driver
#   0
# [Driver] Data is sent to DUT
# [Monitor] Data is sent to Scoreboard
# [base] Write finished! Write data 01 at Address 00
# [Scoreboard] Get packet from Monitor: Address: 00, Data: 00
# 
# ===== t=193410000 PASSED SUCCESSFULLY !!! Expected timing is 1245000, Actual timing is 1259999 =====
# 
# [Stimulus] Packet is sent to Driver
# [Driver] Data is sent to DUT
# [Monitor] Data is sent to Scoreboard
# [base] Write finished! Write data 01 at Address 03
# [Scoreboard] Get packet from Monitor: Address: 03, Data: 00
# [Stimulus] Packet is sent to Driver
# [Driver] Data is sent to DUT
# [Monitor] Data is sent to Scoreboard
# [Base] Write finished! Write Random Data 9e at Address 02
# [Scoreboard] Get packet from Monitor: Address: 02, Data: 00
# [Stimulus] Packet is sent to Driver
#   1
# [Driver] Data is sent to DUT
# [Monitor] Data is sent to Scoreboard
# [base] Write finished! Write data 04 at Address 00
# [Scoreboard] Get packet from Monitor: Address: 00, Data: 00
# [Stimulus] Packet is sent to Driver
#   0
# [Driver] Data is sent to DUT
# [Monitor] Data is sent to Scoreboard
# [base] Write finished! Write data 01 at Address 00
# [Scoreboard] Get packet from Monitor: Address: 00, Data: 00
# 
# ===== t=194190000 PASSED SUCCESSFULLY !!! Expected timing is 490000, Actual timing is 499999 =====
# 
# [Stimulus] Packet is sent to Driver
# [Driver] Data is sent to DUT
# [Monitor] Data is sent to Scoreboard
# [base] Write finished! Write data 01 at Address 03
# [Scoreboard] Get packet from Monitor: Address: 03, Data: 00
# [Stimulus] Packet is sent to Driver
# [Driver] Data is sent to DUT
# [Monitor] Data is sent to Scoreboard
# [Base] Write finished! Write Random Data 02 at Address 02
# [Scoreboard] Get packet from Monitor: Address: 02, Data: 00
# [Stimulus] Packet is sent to Driver
#   1
# [Driver] Data is sent to DUT
# [Monitor] Data is sent to Scoreboard
# [base] Write finished! Write data 04 at Address 00
# [Scoreboard] Get packet from Monitor: Address: 00, Data: 00
# [Stimulus] Packet is sent to Driver
#   0
# [Driver] Data is sent to DUT
# [Monitor] Data is sent to Scoreboard
# [base] Write finished! Write data 01 at Address 00
# [Scoreboard] Get packet from Monitor: Address: 00, Data: 00
# 
# ===== t=195750000 PASSED SUCCESSFULLY !!! Expected timing is 1270000, Actual timing is 1279999 =====
# 
# [Stimulus] Packet is sent to Driver
# [Driver] Data is sent to DUT
# [Monitor] Data is sent to Scoreboard
# [base] Write finished! Write data 01 at Address 03
# [Scoreboard] Get packet from Monitor: Address: 03, Data: 00
# [Stimulus] Packet is sent to Driver
# [Driver] Data is sent to DUT
# [Monitor] Data is sent to Scoreboard
# [Base] Write finished! Write Random Data 47 at Address 02
# [Scoreboard] Get packet from Monitor: Address: 02, Data: 00
# [Stimulus] Packet is sent to Driver
#   1
# [Driver] Data is sent to DUT
# [Monitor] Data is sent to Scoreboard
# [base] Write finished! Write data 04 at Address 00
# [Scoreboard] Get packet from Monitor: Address: 00, Data: 00
# [Stimulus] Packet is sent to Driver
#   0
# [Driver] Data is sent to DUT
# [Monitor] Data is sent to Scoreboard
# [base] Write finished! Write data 01 at Address 00
# [Scoreboard] Get packet from Monitor: Address: 00, Data: 00
# 
# ===== t=196970000 PASSED SUCCESSFULLY !!! Expected timing is 925000, Actual timing is 939999 =====
# 
# [Stimulus] Packet is sent to Driver
# [Driver] Data is sent to DUT
# [Monitor] Data is sent to Scoreboard
# [base] Write finished! Write data 01 at Address 03
# [Scoreboard] Get packet from Monitor: Address: 03, Data: 00
# [Stimulus] Packet is sent to Driver
# [Driver] Data is sent to DUT
# [Monitor] Data is sent to Scoreboard
# [Base] Write finished! Write Random Data 59 at Address 02
# [Scoreboard] Get packet from Monitor: Address: 02, Data: 00
# [Stimulus] Packet is sent to Driver
#   1
# [Driver] Data is sent to DUT
# [Monitor] Data is sent to Scoreboard
# [base] Write finished! Write data 04 at Address 00
# [Scoreboard] Get packet from Monitor: Address: 00, Data: 00
# [Stimulus] Packet is sent to Driver
#   0
# [Driver] Data is sent to DUT
# [Monitor] Data is sent to Scoreboard
# [base] Write finished! Write data 01 at Address 00
# [Scoreboard] Get packet from Monitor: Address: 00, Data: 00
# 
# ===== t=198090000 PASSED SUCCESSFULLY !!! Expected timing is 835000, Actual timing is 839999 =====
# 
# [Stimulus] Packet is sent to Driver
# [Driver] Data is sent to DUT
# [Monitor] Data is sent to Scoreboard
# [base] Write finished! Write data 01 at Address 03
# [Scoreboard] Get packet from Monitor: Address: 03, Data: 00
# [Stimulus] Packet is sent to Driver
# [Driver] Data is sent to DUT
# [Monitor] Data is sent to Scoreboard
# [Base] Write finished! Write Random Data 8b at Address 02
# [Scoreboard] Get packet from Monitor: Address: 02, Data: 00
# [Stimulus] Packet is sent to Driver
#   1
# [Driver] Data is sent to DUT
# [Monitor] Data is sent to Scoreboard
# [base] Write finished! Write data 04 at Address 00
# [Scoreboard] Get packet from Monitor: Address: 00, Data: 00
# [Stimulus] Packet is sent to Driver
#   0
# [Driver] Data is sent to DUT
# [Monitor] Data is sent to Scoreboard
# [base] Write finished! Write data 01 at Address 00
# [Scoreboard] Get packet from Monitor: Address: 00, Data: 00
# 
# ===== t=198970000 PASSED SUCCESSFULLY !!! Expected timing is 585000, Actual timing is 599999 =====
# 
# [Stimulus] Packet is sent to Driver
# [Driver] Data is sent to DUT
# [Monitor] Data is sent to Scoreboard
# [base] Write finished! Write data 01 at Address 03
# [Scoreboard] Get packet from Monitor: Address: 03, Data: 00
# [Stimulus] Packet is sent to Driver
# [Driver] Data is sent to DUT
# [Monitor] Data is sent to Scoreboard
# [Base] Write finished! Write Random Data 93 at Address 02
# [Scoreboard] Get packet from Monitor: Address: 02, Data: 00
# [Stimulus] Packet is sent to Driver
#   1
# [Driver] Data is sent to DUT
# [Monitor] Data is sent to Scoreboard
# [base] Write finished! Write data 04 at Address 00
# [Scoreboard] Get packet from Monitor: Address: 00, Data: 00
# [Stimulus] Packet is sent to Driver
#   0
# [Driver] Data is sent to DUT
# [Monitor] Data is sent to Scoreboard
# [base] Write finished! Write data 01 at Address 00
# [Scoreboard] Get packet from Monitor: Address: 00, Data: 00
# 
# ===== t=199810000 PASSED SUCCESSFULLY !!! Expected timing is 545000, Actual timing is 559999 =====
# 
# [Stimulus] Packet is sent to Driver
# [Driver] Data is sent to DUT
# [Monitor] Data is sent to Scoreboard
# [base] Write finished! Write data 01 at Address 03
# [Scoreboard] Get packet from Monitor: Address: 03, Data: 00
# [Stimulus] Packet is sent to Driver
# [Driver] Data is sent to DUT
# [Monitor] Data is sent to Scoreboard
# [Base] Write finished! Write Random Data 31 at Address 02
# [Scoreboard] Get packet from Monitor: Address: 02, Data: 00
# [Stimulus] Packet is sent to Driver
#   1
# [Driver] Data is sent to DUT
# [Monitor] Data is sent to Scoreboard
# [base] Write finished! Write data 04 at Address 00
# [Scoreboard] Get packet from Monitor: Address: 00, Data: 00
# [Stimulus] Packet is sent to Driver
#   0
# [Driver] Data is sent to DUT
# [Monitor] Data is sent to Scoreboard
# [base] Write finished! Write data 01 at Address 00
# [Scoreboard] Get packet from Monitor: Address: 00, Data: 00
# 
# ===== t=201130000 PASSED SUCCESSFULLY !!! Expected timing is 1035000, Actual timing is 1039999 =====
# 
# [Stimulus] Packet is sent to Driver
# [Driver] Data is sent to DUT
# [Monitor] Data is sent to Scoreboard
# [base] Write finished! Write data 01 at Address 03
# [Scoreboard] Get packet from Monitor: Address: 03, Data: 00
# [Stimulus] Packet is sent to Driver
# [Driver] Data is sent to DUT
# [Monitor] Data is sent to Scoreboard
# [Base] Write finished! Write Random Data 61 at Address 02
# [Scoreboard] Get packet from Monitor: Address: 02, Data: 00
# [Stimulus] Packet is sent to Driver
#   1
# [Driver] Data is sent to DUT
# [Monitor] Data is sent to Scoreboard
# [base] Write finished! Write data 04 at Address 00
# [Scoreboard] Get packet from Monitor: Address: 00, Data: 00
# [Stimulus] Packet is sent to Driver
#   0
# [Driver] Data is sent to DUT
# [Monitor] Data is sent to Scoreboard
# [base] Write finished! Write data 01 at Address 00
# [Scoreboard] Get packet from Monitor: Address: 00, Data: 00
# 
# ===== t=202210000 PASSED SUCCESSFULLY !!! Expected timing is 795000, Actual timing is 799999 =====
# 
# [Stimulus] Packet is sent to Driver
# [Driver] Data is sent to DUT
# [Monitor] Data is sent to Scoreboard
# [base] Write finished! Write data 01 at Address 03
# [Scoreboard] Get packet from Monitor: Address: 03, Data: 00
# [Stimulus] Packet is sent to Driver
# [Driver] Data is sent to DUT
# [Monitor] Data is sent to Scoreboard
# [Base] Write finished! Write Random Data c1 at Address 02
# [Scoreboard] Get packet from Monitor: Address: 02, Data: 00
# [Stimulus] Packet is sent to Driver
#   1
# [Driver] Data is sent to DUT
# [Monitor] Data is sent to Scoreboard
# [base] Write finished! Write data 04 at Address 00
# [Scoreboard] Get packet from Monitor: Address: 00, Data: 00
# [Stimulus] Packet is sent to Driver
#   0
# [Driver] Data is sent to DUT
# [Monitor] Data is sent to Scoreboard
# [base] Write finished! Write data 01 at Address 00
# [Scoreboard] Get packet from Monitor: Address: 00, Data: 00
# 
# ===== t=202810000 PASSED SUCCESSFULLY !!! Expected timing is 315000, Actual timing is 319999 =====
# 
# [Stimulus] Packet is sent to Driver
# [Driver] Data is sent to DUT
# [Monitor] Data is sent to Scoreboard
# [base] Write finished! Write data 01 at Address 03
# [Scoreboard] Get packet from Monitor: Address: 03, Data: 00
# [Stimulus] Packet is sent to Driver
# [Driver] Data is sent to DUT
# [Monitor] Data is sent to Scoreboard
# [Base] Write finished! Write Random Data c0 at Address 02
# [Scoreboard] Get packet from Monitor: Address: 02, Data: 00
# [Stimulus] Packet is sent to Driver
#   1
# [Driver] Data is sent to DUT
# [Monitor] Data is sent to Scoreboard
# [base] Write finished! Write data 04 at Address 00
# [Scoreboard] Get packet from Monitor: Address: 00, Data: 00
# [Stimulus] Packet is sent to Driver
#   0
# [Driver] Data is sent to DUT
# [Monitor] Data is sent to Scoreboard
# [base] Write finished! Write data 01 at Address 00
# [Scoreboard] Get packet from Monitor: Address: 00, Data: 00
# 
# ===== t=203430000 PASSED SUCCESSFULLY !!! Expected timing is 320000, Actual timing is 339999 =====
# 
# [Stimulus] Packet is sent to Driver
# [Driver] Data is sent to DUT
# [Monitor] Data is sent to Scoreboard
# [base] Write finished! Write data 01 at Address 03
# [Scoreboard] Get packet from Monitor: Address: 03, Data: 00
# [Stimulus] Packet is sent to Driver
# [Driver] Data is sent to DUT
# [Monitor] Data is sent to Scoreboard
# [Base] Write finished! Write Random Data 07 at Address 02
# [Scoreboard] Get packet from Monitor: Address: 02, Data: 00
# [Stimulus] Packet is sent to Driver
#   1
# [Driver] Data is sent to DUT
# [Monitor] Data is sent to Scoreboard
# [base] Write finished! Write data 04 at Address 00
# [Scoreboard] Get packet from Monitor: Address: 00, Data: 00
# [Stimulus] Packet is sent to Driver
#   0
# [Driver] Data is sent to DUT
# [Monitor] Data is sent to Scoreboard
# [base] Write finished! Write data 01 at Address 00
# [Scoreboard] Get packet from Monitor: Address: 00, Data: 00
# 
# ===== t=204970000 PASSED SUCCESSFULLY !!! Expected timing is 1245000, Actual timing is 1259999 =====
# 
# [Stimulus] Packet is sent to Driver
# [Driver] Data is sent to DUT
# [Monitor] Data is sent to Scoreboard
# [base] Write finished! Write data 01 at Address 03
# [Scoreboard] Get packet from Monitor: Address: 03, Data: 00
# [Stimulus] Packet is sent to Driver
# [Driver] Data is sent to DUT
# [Monitor] Data is sent to Scoreboard
# [Base] Write finished! Write Random Data 11 at Address 02
# [Scoreboard] Get packet from Monitor: Address: 02, Data: 00
# [Stimulus] Packet is sent to Driver
#   1
# [Driver] Data is sent to DUT
# [Monitor] Data is sent to Scoreboard
# [base] Write finished! Write data 04 at Address 00
# [Scoreboard] Get packet from Monitor: Address: 00, Data: 00
# [Stimulus] Packet is sent to Driver
#   0
# [Driver] Data is sent to DUT
# [Monitor] Data is sent to Scoreboard
# [base] Write finished! Write data 01 at Address 00
# [Scoreboard] Get packet from Monitor: Address: 00, Data: 00
# 
# ===== t=206450000 PASSED SUCCESSFULLY !!! Expected timing is 1195000, Actual timing is 1199999 =====
# 
# [Stimulus] Packet is sent to Driver
# [Driver] Data is sent to DUT
# [Monitor] Data is sent to Scoreboard
# [base] Write finished! Write data 01 at Address 03
# [Scoreboard] Get packet from Monitor: Address: 03, Data: 00
# [Stimulus] Packet is sent to Driver
# [Driver] Data is sent to DUT
# [Monitor] Data is sent to Scoreboard
# [Base] Write finished! Write Random Data 1a at Address 02
# [Scoreboard] Get packet from Monitor: Address: 02, Data: 00
# [Stimulus] Packet is sent to Driver
#   1
# [Driver] Data is sent to DUT
# [Monitor] Data is sent to Scoreboard
# [base] Write finished! Write data 04 at Address 00
# [Scoreboard] Get packet from Monitor: Address: 00, Data: 00
# [Stimulus] Packet is sent to Driver
#   0
# [Driver] Data is sent to DUT
# [Monitor] Data is sent to Scoreboard
# [base] Write finished! Write data 01 at Address 00
# [Scoreboard] Get packet from Monitor: Address: 00, Data: 00
# 
# ===== t=207890000 PASSED SUCCESSFULLY !!! Expected timing is 1150000, Actual timing is 1159999 =====
# 
# [Stimulus] Packet is sent to Driver
# [Driver] Data is sent to DUT
# [Monitor] Data is sent to Scoreboard
# [base] Write finished! Write data 01 at Address 03
# [Scoreboard] Get packet from Monitor: Address: 03, Data: 00
# [Stimulus] Packet is sent to Driver
# [Driver] Data is sent to DUT
# [Monitor] Data is sent to Scoreboard
# [Base] Write finished! Write Random Data b3 at Address 02
# [Scoreboard] Get packet from Monitor: Address: 02, Data: 00
# [Stimulus] Packet is sent to Driver
#   1
# [Driver] Data is sent to DUT
# [Monitor] Data is sent to Scoreboard
# [base] Write finished! Write data 04 at Address 00
# [Scoreboard] Get packet from Monitor: Address: 00, Data: 00
# [Stimulus] Packet is sent to Driver
#   0
# [Driver] Data is sent to DUT
# [Monitor] Data is sent to Scoreboard
# [base] Write finished! Write data 01 at Address 00
# [Scoreboard] Get packet from Monitor: Address: 00, Data: 00
# 
# ===== t=208570000 PASSED SUCCESSFULLY !!! Expected timing is 385000, Actual timing is 399999 =====
# 
# [Stimulus] Packet is sent to Driver
# [Driver] Data is sent to DUT
# [Monitor] Data is sent to Scoreboard
# [base] Write finished! Write data 01 at Address 03
# [Scoreboard] Get packet from Monitor: Address: 03, Data: 00
# [Stimulus] Packet is sent to Driver
# [Driver] Data is sent to DUT
# [Monitor] Data is sent to Scoreboard
# [Base] Write finished! Write Random Data bd at Address 02
# [Scoreboard] Get packet from Monitor: Address: 02, Data: 00
# [Stimulus] Packet is sent to Driver
#   1
# [Driver] Data is sent to DUT
# [Monitor] Data is sent to Scoreboard
# [base] Write finished! Write data 04 at Address 00
# [Scoreboard] Get packet from Monitor: Address: 00, Data: 00
# [Stimulus] Packet is sent to Driver
#   0
# [Driver] Data is sent to DUT
# [Monitor] Data is sent to Scoreboard
# [base] Write finished! Write data 01 at Address 00
# [Scoreboard] Get packet from Monitor: Address: 00, Data: 00
# 
# ===== t=209190000 PASSED SUCCESSFULLY !!! Expected timing is 335000, Actual timing is 339999 =====
# 
# [Stimulus] Packet is sent to Driver
# [Driver] Data is sent to DUT
# [Monitor] Data is sent to Scoreboard
# [base] Write finished! Write data 01 at Address 03
# [Scoreboard] Get packet from Monitor: Address: 03, Data: 00
# [Stimulus] Packet is sent to Driver
# [Driver] Data is sent to DUT
# [Monitor] Data is sent to Scoreboard
# [Base] Write finished! Write Random Data d7 at Address 02
# [Scoreboard] Get packet from Monitor: Address: 02, Data: 00
# [Stimulus] Packet is sent to Driver
#   1
# [Driver] Data is sent to DUT
# [Monitor] Data is sent to Scoreboard
# [base] Write finished! Write data 04 at Address 00
# [Scoreboard] Get packet from Monitor: Address: 00, Data: 00
# [Stimulus] Packet is sent to Driver
#   0
# [Driver] Data is sent to DUT
# [Monitor] Data is sent to Scoreboard
# [base] Write finished! Write data 01 at Address 00
# [Scoreboard] Get packet from Monitor: Address: 00, Data: 00
# 
# ===== t=209690000 PASSED SUCCESSFULLY !!! Expected timing is 205000, Actual timing is 219999 =====
# 
# [Stimulus] Packet is sent to Driver
# [Driver] Data is sent to DUT
# [Monitor] Data is sent to Scoreboard
# [base] Write finished! Write data 01 at Address 03
# [Scoreboard] Get packet from Monitor: Address: 03, Data: 00
# [Stimulus] Packet is sent to Driver
# [Driver] Data is sent to DUT
# [Monitor] Data is sent to Scoreboard
# [Base] Write finished! Write Random Data e7 at Address 02
# [Scoreboard] Get packet from Monitor: Address: 02, Data: 00
# [Stimulus] Packet is sent to Driver
#   1
# [Driver] Data is sent to DUT
# [Monitor] Data is sent to Scoreboard
# [base] Write finished! Write data 04 at Address 00
# [Scoreboard] Get packet from Monitor: Address: 00, Data: 00
# [Stimulus] Packet is sent to Driver
#   0
# [Driver] Data is sent to DUT
# [Monitor] Data is sent to Scoreboard
# [base] Write finished! Write data 01 at Address 00
# [Scoreboard] Get packet from Monitor: Address: 00, Data: 00
# 
# ===== t=210110000 PASSED SUCCESSFULLY !!! Expected timing is 125000, Actual timing is 139999 =====
# 
# [Stimulus] Packet is sent to Driver
# [Driver] Data is sent to DUT
# [Monitor] Data is sent to Scoreboard
# [base] Write finished! Write data 01 at Address 03
# [Scoreboard] Get packet from Monitor: Address: 03, Data: 00
# [Stimulus] Packet is sent to Driver
# [Driver] Data is sent to DUT
# [Monitor] Data is sent to Scoreboard
# [Base] Write finished! Write Random Data 46 at Address 02
# [Scoreboard] Get packet from Monitor: Address: 02, Data: 00
# [Stimulus] Packet is sent to Driver
#   1
# [Driver] Data is sent to DUT
# [Monitor] Data is sent to Scoreboard
# [base] Write finished! Write data 04 at Address 00
# [Scoreboard] Get packet from Monitor: Address: 00, Data: 00
# [Stimulus] Packet is sent to Driver
#   0
# [Driver] Data is sent to DUT
# [Monitor] Data is sent to Scoreboard
# [base] Write finished! Write data 01 at Address 00
# [Scoreboard] Get packet from Monitor: Address: 00, Data: 00
# 
# ===== t=211330000 PASSED SUCCESSFULLY !!! Expected timing is 930000, Actual timing is 939999 =====
# 
# [Stimulus] Packet is sent to Driver
# [Driver] Data is sent to DUT
# [Monitor] Data is sent to Scoreboard
# [base] Write finished! Write data 01 at Address 03
# [Scoreboard] Get packet from Monitor: Address: 03, Data: 00
# [Stimulus] Packet is sent to Driver
# [Driver] Data is sent to DUT
# [Monitor] Data is sent to Scoreboard
# [Base] Write finished! Write Random Data d2 at Address 02
# [Scoreboard] Get packet from Monitor: Address: 02, Data: 00
# [Stimulus] Packet is sent to Driver
#   1
# [Driver] Data is sent to DUT
# [Monitor] Data is sent to Scoreboard
# [base] Write finished! Write data 04 at Address 00
# [Scoreboard] Get packet from Monitor: Address: 00, Data: 00
# [Stimulus] Packet is sent to Driver
#   0
# [Driver] Data is sent to DUT
# [Monitor] Data is sent to Scoreboard
# [base] Write finished! Write data 01 at Address 00
# [Scoreboard] Get packet from Monitor: Address: 00, Data: 00
# 
# ===== t=211850000 PASSED SUCCESSFULLY !!! Expected timing is 230000, Actual timing is 239999 =====
# 
# [Stimulus] Packet is sent to Driver
# [Driver] Data is sent to DUT
# [Monitor] Data is sent to Scoreboard
# [base] Write finished! Write data 01 at Address 03
# [Scoreboard] Get packet from Monitor: Address: 03, Data: 00
# [Stimulus] Packet is sent to Driver
# [Driver] Data is sent to DUT
# [Monitor] Data is sent to Scoreboard
# [Base] Write finished! Write Random Data 62 at Address 02
# [Scoreboard] Get packet from Monitor: Address: 02, Data: 00
# [Stimulus] Packet is sent to Driver
#   1
# [Driver] Data is sent to DUT
# [Monitor] Data is sent to Scoreboard
# [base] Write finished! Write data 04 at Address 00
# [Scoreboard] Get packet from Monitor: Address: 00, Data: 00
# [Stimulus] Packet is sent to Driver
#   0
# [Driver] Data is sent to DUT
# [Monitor] Data is sent to Scoreboard
# [base] Write finished! Write data 01 at Address 00
# [Scoreboard] Get packet from Monitor: Address: 00, Data: 00
# 
# ===== t=212930000 PASSED SUCCESSFULLY !!! Expected timing is 790000, Actual timing is 799999 =====
# 
# [Stimulus] Packet is sent to Driver
# [Driver] Data is sent to DUT
# [Monitor] Data is sent to Scoreboard
# [base] Write finished! Write data 01 at Address 03
# [Scoreboard] Get packet from Monitor: Address: 03, Data: 00
# [Stimulus] Packet is sent to Driver
# [Driver] Data is sent to DUT
# [Monitor] Data is sent to Scoreboard
# [Base] Write finished! Write Random Data 9c at Address 02
# [Scoreboard] Get packet from Monitor: Address: 02, Data: 00
# [Stimulus] Packet is sent to Driver
#   1
# [Driver] Data is sent to DUT
# [Monitor] Data is sent to Scoreboard
# [base] Write finished! Write data 04 at Address 00
# [Scoreboard] Get packet from Monitor: Address: 00, Data: 00
# [Stimulus] Packet is sent to Driver
#   0
# [Driver] Data is sent to DUT
# [Monitor] Data is sent to Scoreboard
# [base] Write finished! Write data 01 at Address 00
# [Scoreboard] Get packet from Monitor: Address: 00, Data: 00
# 
# ===== t=213730000 PASSED SUCCESSFULLY !!! Expected timing is 500000, Actual timing is 519999 =====
# 
# [Stimulus] Packet is sent to Driver
# [Driver] Data is sent to DUT
# [Monitor] Data is sent to Scoreboard
# [base] Write finished! Write data 01 at Address 03
# [Scoreboard] Get packet from Monitor: Address: 03, Data: 00
# [Stimulus] Packet is sent to Driver
# [Driver] Data is sent to DUT
# [Monitor] Data is sent to Scoreboard
# [Base] Write finished! Write Random Data 32 at Address 02
# [Scoreboard] Get packet from Monitor: Address: 02, Data: 00
# [Stimulus] Packet is sent to Driver
#   1
# [Driver] Data is sent to DUT
# [Monitor] Data is sent to Scoreboard
# [base] Write finished! Write data 04 at Address 00
# [Scoreboard] Get packet from Monitor: Address: 00, Data: 00
# [Stimulus] Packet is sent to Driver
#   0
# [Driver] Data is sent to DUT
# [Monitor] Data is sent to Scoreboard
# [base] Write finished! Write data 01 at Address 00
# [Scoreboard] Get packet from Monitor: Address: 00, Data: 00
# 
# ===== t=215050000 PASSED SUCCESSFULLY !!! Expected timing is 1030000, Actual timing is 1039999 =====
# 
# [Stimulus] Packet is sent to Driver
# [Driver] Data is sent to DUT
# [Monitor] Data is sent to Scoreboard
# [base] Write finished! Write data 01 at Address 03
# [Scoreboard] Get packet from Monitor: Address: 03, Data: 00
# [Stimulus] Packet is sent to Driver
# [Driver] Data is sent to DUT
# [Monitor] Data is sent to Scoreboard
# [Base] Write finished! Write Random Data 5f at Address 02
# [Scoreboard] Get packet from Monitor: Address: 02, Data: 00
# [Stimulus] Packet is sent to Driver
#   1
# [Driver] Data is sent to DUT
# [Monitor] Data is sent to Scoreboard
# [base] Write finished! Write data 04 at Address 00
# [Scoreboard] Get packet from Monitor: Address: 00, Data: 00
# [Stimulus] Packet is sent to Driver
#   0
# [Driver] Data is sent to DUT
# [Monitor] Data is sent to Scoreboard
# [base] Write finished! Write data 01 at Address 00
# [Scoreboard] Get packet from Monitor: Address: 00, Data: 00
# 
# ===== t=216150000 PASSED SUCCESSFULLY !!! Expected timing is 805000, Actual timing is 819999 =====
# 
# [Stimulus] Packet is sent to Driver
# [Driver] Data is sent to DUT
# [Monitor] Data is sent to Scoreboard
# [base] Write finished! Write data 01 at Address 03
# [Scoreboard] Get packet from Monitor: Address: 03, Data: 00
# [Stimulus] Packet is sent to Driver
# [Driver] Data is sent to DUT
# [Monitor] Data is sent to Scoreboard
# [Base] Write finished! Write Random Data 12 at Address 02
# [Scoreboard] Get packet from Monitor: Address: 02, Data: 00
# [Stimulus] Packet is sent to Driver
#   1
# [Driver] Data is sent to DUT
# [Monitor] Data is sent to Scoreboard
# [base] Write finished! Write data 04 at Address 00
# [Scoreboard] Get packet from Monitor: Address: 00, Data: 00
# [Stimulus] Packet is sent to Driver
#   0
# [Driver] Data is sent to DUT
# [Monitor] Data is sent to Scoreboard
# [base] Write finished! Write data 01 at Address 00
# [Scoreboard] Get packet from Monitor: Address: 00, Data: 00
# 
# ===== t=217630000 PASSED SUCCESSFULLY !!! Expected timing is 1190000, Actual timing is 1199999 =====
# 
# [Stimulus] Packet is sent to Driver
# [Driver] Data is sent to DUT
# [Monitor] Data is sent to Scoreboard
# [base] Write finished! Write data 01 at Address 03
# [Scoreboard] Get packet from Monitor: Address: 03, Data: 00
# [Stimulus] Packet is sent to Driver
# [Driver] Data is sent to DUT
# [Monitor] Data is sent to Scoreboard
# [Base] Write finished! Write Random Data bc at Address 02
# [Scoreboard] Get packet from Monitor: Address: 02, Data: 00
# [Stimulus] Packet is sent to Driver
#   1
# [Driver] Data is sent to DUT
# [Monitor] Data is sent to Scoreboard
# [base] Write finished! Write data 04 at Address 00
# [Scoreboard] Get packet from Monitor: Address: 00, Data: 00
# [Stimulus] Packet is sent to Driver
#   0
# [Driver] Data is sent to DUT
# [Monitor] Data is sent to Scoreboard
# [base] Write finished! Write data 01 at Address 00
# [Scoreboard] Get packet from Monitor: Address: 00, Data: 00
# 
# ===== t=218270000 PASSED SUCCESSFULLY !!! Expected timing is 340000, Actual timing is 359999 =====
# 
# [Stimulus] Packet is sent to Driver
# [Driver] Data is sent to DUT
# [Monitor] Data is sent to Scoreboard
# [base] Write finished! Write data 01 at Address 03
# [Scoreboard] Get packet from Monitor: Address: 03, Data: 00
# [Stimulus] Packet is sent to Driver
# [Driver] Data is sent to DUT
# [Monitor] Data is sent to Scoreboard
# [Base] Write finished! Write Random Data e3 at Address 02
# [Scoreboard] Get packet from Monitor: Address: 02, Data: 00
# [Stimulus] Packet is sent to Driver
#   1
# [Driver] Data is sent to DUT
# [Monitor] Data is sent to Scoreboard
# [base] Write finished! Write data 04 at Address 00
# [Scoreboard] Get packet from Monitor: Address: 00, Data: 00
# [Stimulus] Packet is sent to Driver
#   0
# [Driver] Data is sent to DUT
# [Monitor] Data is sent to Scoreboard
# [base] Write finished! Write data 01 at Address 00
# [Scoreboard] Get packet from Monitor: Address: 00, Data: 00
# 
# ===== t=218710000 PASSED SUCCESSFULLY !!! Expected timing is 145000, Actual timing is 159999 =====
# 
# [Stimulus] Packet is sent to Driver
# [Driver] Data is sent to DUT
# [Monitor] Data is sent to Scoreboard
# [base] Write finished! Write data 01 at Address 03
# [Scoreboard] Get packet from Monitor: Address: 03, Data: 00
# [Stimulus] Packet is sent to Driver
# [Driver] Data is sent to DUT
# [Monitor] Data is sent to Scoreboard
# [Base] Write finished! Write Random Data 8e at Address 02
# [Scoreboard] Get packet from Monitor: Address: 02, Data: 00
# [Stimulus] Packet is sent to Driver
#   1
# [Driver] Data is sent to DUT
# [Monitor] Data is sent to Scoreboard
# [base] Write finished! Write data 04 at Address 00
# [Scoreboard] Get packet from Monitor: Address: 00, Data: 00
# [Stimulus] Packet is sent to Driver
#   0
# [Driver] Data is sent to DUT
# [Monitor] Data is sent to Scoreboard
# [base] Write finished! Write data 01 at Address 00
# [Scoreboard] Get packet from Monitor: Address: 00, Data: 00
# 
# ===== t=219570000 PASSED SUCCESSFULLY !!! Expected timing is 570000, Actual timing is 579999 =====
# 
# [Stimulus] Packet is sent to Driver
# [Driver] Data is sent to DUT
# [Monitor] Data is sent to Scoreboard
# [base] Write finished! Write data 01 at Address 03
# [Scoreboard] Get packet from Monitor: Address: 03, Data: 00
# [Stimulus] Packet is sent to Driver
# [Driver] Data is sent to DUT
# [Monitor] Data is sent to Scoreboard
# [Base] Write finished! Write Random Data 9a at Address 02
# [Scoreboard] Get packet from Monitor: Address: 02, Data: 00
# [Stimulus] Packet is sent to Driver
#   1
# [Driver] Data is sent to DUT
# [Monitor] Data is sent to Scoreboard
# [base] Write finished! Write data 04 at Address 00
# [Scoreboard] Get packet from Monitor: Address: 00, Data: 00
# [Stimulus] Packet is sent to Driver
#   0
# [Driver] Data is sent to DUT
# [Monitor] Data is sent to Scoreboard
# [base] Write finished! Write data 01 at Address 00
# [Scoreboard] Get packet from Monitor: Address: 00, Data: 00
# 
# ===== t=220370000 PASSED SUCCESSFULLY !!! Expected timing is 510000, Actual timing is 519999 =====
# 
# [Stimulus] Packet is sent to Driver
# [Driver] Data is sent to DUT
# [Monitor] Data is sent to Scoreboard
# [base] Write finished! Write data 01 at Address 03
# [Scoreboard] Get packet from Monitor: Address: 03, Data: 00
# [Stimulus] Packet is sent to Driver
# [Driver] Data is sent to DUT
# [Monitor] Data is sent to Scoreboard
# [Base] Write finished! Write Random Data 08 at Address 02
# [Scoreboard] Get packet from Monitor: Address: 02, Data: 00
# [Stimulus] Packet is sent to Driver
#   1
# [Driver] Data is sent to DUT
# [Monitor] Data is sent to Scoreboard
# [base] Write finished! Write data 04 at Address 00
# [Scoreboard] Get packet from Monitor: Address: 00, Data: 00
# [Stimulus] Packet is sent to Driver
#   0
# [Driver] Data is sent to DUT
# [Monitor] Data is sent to Scoreboard
# [base] Write finished! Write data 01 at Address 00
# [Scoreboard] Get packet from Monitor: Address: 00, Data: 00
# 
# ===== t=221910000 PASSED SUCCESSFULLY !!! Expected timing is 1240000, Actual timing is 1259999 =====
# 
# [Stimulus] Packet is sent to Driver
# [Driver] Data is sent to DUT
# [Monitor] Data is sent to Scoreboard
# [base] Write finished! Write data 01 at Address 03
# [Scoreboard] Get packet from Monitor: Address: 03, Data: 00
# [Stimulus] Packet is sent to Driver
# [Driver] Data is sent to DUT
# [Monitor] Data is sent to Scoreboard
# [Base] Write finished! Write Random Data 6f at Address 02
# [Scoreboard] Get packet from Monitor: Address: 02, Data: 00
# [Stimulus] Packet is sent to Driver
#   1
# [Driver] Data is sent to DUT
# [Monitor] Data is sent to Scoreboard
# [base] Write finished! Write data 04 at Address 00
# [Scoreboard] Get packet from Monitor: Address: 00, Data: 00
# [Stimulus] Packet is sent to Driver
#   0
# [Driver] Data is sent to DUT
# [Monitor] Data is sent to Scoreboard
# [base] Write finished! Write data 01 at Address 00
# [Scoreboard] Get packet from Monitor: Address: 00, Data: 00
# 
# ===== t=222930000 PASSED SUCCESSFULLY !!! Expected timing is 725000, Actual timing is 739999 =====
# 
# [Stimulus] Packet is sent to Driver
# [Driver] Data is sent to DUT
# [Monitor] Data is sent to Scoreboard
# [base] Write finished! Write data 01 at Address 03
# [Scoreboard] Get packet from Monitor: Address: 03, Data: 00
# [Stimulus] Packet is sent to Driver
# [Driver] Data is sent to DUT
# [Monitor] Data is sent to Scoreboard
# [Base] Write finished! Write Random Data 32 at Address 02
# [Scoreboard] Get packet from Monitor: Address: 02, Data: 00
# [Stimulus] Packet is sent to Driver
#   1
# [Driver] Data is sent to DUT
# [Monitor] Data is sent to Scoreboard
# [base] Write finished! Write data 04 at Address 00
# [Scoreboard] Get packet from Monitor: Address: 00, Data: 00
# [Stimulus] Packet is sent to Driver
#   0
# [Driver] Data is sent to DUT
# [Monitor] Data is sent to Scoreboard
# [base] Write finished! Write data 01 at Address 00
# [Scoreboard] Get packet from Monitor: Address: 00, Data: 00
# 
# ===== t=224250000 PASSED SUCCESSFULLY !!! Expected timing is 1030000, Actual timing is 1039999 =====
# 
# [Stimulus] Packet is sent to Driver
# [Driver] Data is sent to DUT
# [Monitor] Data is sent to Scoreboard
# [base] Write finished! Write data 01 at Address 03
# [Scoreboard] Get packet from Monitor: Address: 03, Data: 00
# [Stimulus] Packet is sent to Driver
# [Driver] Data is sent to DUT
# [Monitor] Data is sent to Scoreboard
# [Base] Write finished! Write Random Data 8b at Address 02
# [Scoreboard] Get packet from Monitor: Address: 02, Data: 00
# [Stimulus] Packet is sent to Driver
#   1
# [Driver] Data is sent to DUT
# [Monitor] Data is sent to Scoreboard
# [base] Write finished! Write data 04 at Address 00
# [Scoreboard] Get packet from Monitor: Address: 00, Data: 00
# [Stimulus] Packet is sent to Driver
#   0
# [Driver] Data is sent to DUT
# [Monitor] Data is sent to Scoreboard
# [base] Write finished! Write data 01 at Address 00
# [Scoreboard] Get packet from Monitor: Address: 00, Data: 00
# 
# ===== t=225130000 PASSED SUCCESSFULLY !!! Expected timing is 585000, Actual timing is 599999 =====
# 
# [Stimulus] Packet is sent to Driver
# [Driver] Data is sent to DUT
# [Monitor] Data is sent to Scoreboard
# [base] Write finished! Write data 01 at Address 03
# [Scoreboard] Get packet from Monitor: Address: 03, Data: 00
# [Stimulus] Packet is sent to Driver
# [Driver] Data is sent to DUT
# [Monitor] Data is sent to Scoreboard
# [Base] Write finished! Write Random Data cc at Address 02
# [Scoreboard] Get packet from Monitor: Address: 02, Data: 00
# [Stimulus] Packet is sent to Driver
#   1
# [Driver] Data is sent to DUT
# [Monitor] Data is sent to Scoreboard
# [base] Write finished! Write data 04 at Address 00
# [Scoreboard] Get packet from Monitor: Address: 00, Data: 00
# [Stimulus] Packet is sent to Driver
#   0
# [Driver] Data is sent to DUT
# [Monitor] Data is sent to Scoreboard
# [base] Write finished! Write data 01 at Address 00
# [Scoreboard] Get packet from Monitor: Address: 00, Data: 00
# 
# ===== t=225690000 PASSED SUCCESSFULLY !!! Expected timing is 260000, Actual timing is 279999 =====
# 
# [Stimulus] Packet is sent to Driver
# [Driver] Data is sent to DUT
# [Monitor] Data is sent to Scoreboard
# [base] Write finished! Write data 01 at Address 03
# [Scoreboard] Get packet from Monitor: Address: 03, Data: 00
# [Stimulus] Packet is sent to Driver
# [Driver] Data is sent to DUT
# [Monitor] Data is sent to Scoreboard
# [Base] Write finished! Write Random Data 8f at Address 02
# [Scoreboard] Get packet from Monitor: Address: 02, Data: 00
# [Stimulus] Packet is sent to Driver
#   1
# [Driver] Data is sent to DUT
# [Monitor] Data is sent to Scoreboard
# [base] Write finished! Write data 04 at Address 00
# [Scoreboard] Get packet from Monitor: Address: 00, Data: 00
# [Stimulus] Packet is sent to Driver
#   0
# [Driver] Data is sent to DUT
# [Monitor] Data is sent to Scoreboard
# [base] Write finished! Write data 01 at Address 00
# [Scoreboard] Get packet from Monitor: Address: 00, Data: 00
# 
# ===== t=226550000 PASSED SUCCESSFULLY !!! Expected timing is 565000, Actual timing is 579999 =====
# 
# [Stimulus] Packet is sent to Driver
# [Driver] Data is sent to DUT
# [Monitor] Data is sent to Scoreboard
# [base] Write finished! Write data 01 at Address 03
# [Scoreboard] Get packet from Monitor: Address: 03, Data: 00
# [Stimulus] Packet is sent to Driver
# [Driver] Data is sent to DUT
# [Monitor] Data is sent to Scoreboard
# [Base] Write finished! Write Random Data 96 at Address 02
# [Scoreboard] Get packet from Monitor: Address: 02, Data: 00
# [Stimulus] Packet is sent to Driver
#   1
# [Driver] Data is sent to DUT
# [Monitor] Data is sent to Scoreboard
# [base] Write finished! Write data 04 at Address 00
# [Scoreboard] Get packet from Monitor: Address: 00, Data: 00
# [Stimulus] Packet is sent to Driver
#   0
# [Driver] Data is sent to DUT
# [Monitor] Data is sent to Scoreboard
# [base] Write finished! Write data 01 at Address 00
# [Scoreboard] Get packet from Monitor: Address: 00, Data: 00
# 
# ===== t=227370000 PASSED SUCCESSFULLY !!! Expected timing is 530000, Actual timing is 539999 =====
# 
# [Stimulus] Packet is sent to Driver
# [Driver] Data is sent to DUT
# [Monitor] Data is sent to Scoreboard
# [base] Write finished! Write data 01 at Address 03
# [Scoreboard] Get packet from Monitor: Address: 03, Data: 00
# [Stimulus] Packet is sent to Driver
# [Driver] Data is sent to DUT
# [Monitor] Data is sent to Scoreboard
# [Base] Write finished! Write Random Data 58 at Address 02
# [Scoreboard] Get packet from Monitor: Address: 02, Data: 00
# [Stimulus] Packet is sent to Driver
#   1
# [Driver] Data is sent to DUT
# [Monitor] Data is sent to Scoreboard
# [base] Write finished! Write data 04 at Address 00
# [Scoreboard] Get packet from Monitor: Address: 00, Data: 00
# [Stimulus] Packet is sent to Driver
#   0
# [Driver] Data is sent to DUT
# [Monitor] Data is sent to Scoreboard
# [base] Write finished! Write data 01 at Address 00
# [Scoreboard] Get packet from Monitor: Address: 00, Data: 00
# 
# ===== t=228510000 PASSED SUCCESSFULLY !!! Expected timing is 840000, Actual timing is 859999 =====
# 
# [Stimulus] Packet is sent to Driver
# [Driver] Data is sent to DUT
# [Monitor] Data is sent to Scoreboard
# [base] Write finished! Write data 01 at Address 03
# [Scoreboard] Get packet from Monitor: Address: 03, Data: 00
# [Stimulus] Packet is sent to Driver
# [Driver] Data is sent to DUT
# [Monitor] Data is sent to Scoreboard
# [Base] Write finished! Write Random Data 8c at Address 02
# [Scoreboard] Get packet from Monitor: Address: 02, Data: 00
# [Stimulus] Packet is sent to Driver
#   1
# [Driver] Data is sent to DUT
# [Monitor] Data is sent to Scoreboard
# [base] Write finished! Write data 04 at Address 00
# [Scoreboard] Get packet from Monitor: Address: 00, Data: 00
# [Stimulus] Packet is sent to Driver
#   0
# [Driver] Data is sent to DUT
# [Monitor] Data is sent to Scoreboard
# [base] Write finished! Write data 01 at Address 00
# [Scoreboard] Get packet from Monitor: Address: 00, Data: 00
# 
# ===== t=229390000 PASSED SUCCESSFULLY !!! Expected timing is 580000, Actual timing is 599999 =====
# 
# [Stimulus] Packet is sent to Driver
# [Driver] Data is sent to DUT
# [Monitor] Data is sent to Scoreboard
# [base] Write finished! Write data 01 at Address 03
# [Scoreboard] Get packet from Monitor: Address: 03, Data: 00
# [Stimulus] Packet is sent to Driver
# [Driver] Data is sent to DUT
# [Monitor] Data is sent to Scoreboard
# [Base] Write finished! Write Random Data 44 at Address 02
# [Scoreboard] Get packet from Monitor: Address: 02, Data: 00
# [Stimulus] Packet is sent to Driver
#   1
# [Driver] Data is sent to DUT
# [Monitor] Data is sent to Scoreboard
# [base] Write finished! Write data 04 at Address 00
# [Scoreboard] Get packet from Monitor: Address: 00, Data: 00
# [Stimulus] Packet is sent to Driver
#   0
# [Driver] Data is sent to DUT
# [Monitor] Data is sent to Scoreboard
# [base] Write finished! Write data 01 at Address 00
# [Scoreboard] Get packet from Monitor: Address: 00, Data: 00
# 
# ===== t=230630000 PASSED SUCCESSFULLY !!! Expected timing is 940000, Actual timing is 959999 =====
# 
# [Stimulus] Packet is sent to Driver
# [Driver] Data is sent to DUT
# [Monitor] Data is sent to Scoreboard
# [base] Write finished! Write data 01 at Address 03
# [Scoreboard] Get packet from Monitor: Address: 03, Data: 00
# [Stimulus] Packet is sent to Driver
# [Driver] Data is sent to DUT
# [Monitor] Data is sent to Scoreboard
# [Base] Write finished! Write Random Data ea at Address 02
# [Scoreboard] Get packet from Monitor: Address: 02, Data: 00
# [Stimulus] Packet is sent to Driver
#   1
# [Driver] Data is sent to DUT
# [Monitor] Data is sent to Scoreboard
# [base] Write finished! Write data 04 at Address 00
# [Scoreboard] Get packet from Monitor: Address: 00, Data: 00
# [Stimulus] Packet is sent to Driver
#   0
# [Driver] Data is sent to DUT
# [Monitor] Data is sent to Scoreboard
# [base] Write finished! Write data 01 at Address 00
# [Scoreboard] Get packet from Monitor: Address: 00, Data: 00
# 
# ===== t=231030000 PASSED SUCCESSFULLY !!! Expected timing is 110000, Actual timing is 119999 =====
# 
# [Stimulus] Packet is sent to Driver
# [Driver] Data is sent to DUT
# [Monitor] Data is sent to Scoreboard
# [base] Write finished! Write data 01 at Address 03
# [Scoreboard] Get packet from Monitor: Address: 03, Data: 00
# [Stimulus] Packet is sent to Driver
# [Driver] Data is sent to DUT
# [Monitor] Data is sent to Scoreboard
# [Base] Write finished! Write Random Data ee at Address 02
# [Scoreboard] Get packet from Monitor: Address: 02, Data: 00
# [Stimulus] Packet is sent to Driver
#   1
# [Driver] Data is sent to DUT
# [Monitor] Data is sent to Scoreboard
# [base] Write finished! Write data 04 at Address 00
# [Scoreboard] Get packet from Monitor: Address: 00, Data: 00
# [Stimulus] Packet is sent to Driver
#   0
# [Driver] Data is sent to DUT
# [Monitor] Data is sent to Scoreboard
# [base] Write finished! Write data 01 at Address 00
# [Scoreboard] Get packet from Monitor: Address: 00, Data: 00
# 
# ===== t=231410000 PASSED SUCCESSFULLY !!! Expected timing is 90000, Actual timing is 99999 =====
# 
# [Stimulus] Packet is sent to Driver
# [Driver] Data is sent to DUT
# [Monitor] Data is sent to Scoreboard
# [base] Write finished! Write data 01 at Address 03
# [Scoreboard] Get packet from Monitor: Address: 03, Data: 00
# [Stimulus] Packet is sent to Driver
# [Driver] Data is sent to DUT
# [Monitor] Data is sent to Scoreboard
# [Base] Write finished! Write Random Data 95 at Address 02
# [Scoreboard] Get packet from Monitor: Address: 02, Data: 00
# [Stimulus] Packet is sent to Driver
#   1
# [Driver] Data is sent to DUT
# [Monitor] Data is sent to Scoreboard
# [base] Write finished! Write data 04 at Address 00
# [Scoreboard] Get packet from Monitor: Address: 00, Data: 00
# [Stimulus] Packet is sent to Driver
#   0
# [Driver] Data is sent to DUT
# [Monitor] Data is sent to Scoreboard
# [base] Write finished! Write data 01 at Address 00
# [Scoreboard] Get packet from Monitor: Address: 00, Data: 00
# 
# ===== t=232230000 PASSED SUCCESSFULLY !!! Expected timing is 535000, Actual timing is 539999 =====
# 
# [Stimulus] Packet is sent to Driver
# [Driver] Data is sent to DUT
# [Monitor] Data is sent to Scoreboard
# [base] Write finished! Write data 01 at Address 03
# [Scoreboard] Get packet from Monitor: Address: 03, Data: 00
# [Stimulus] Packet is sent to Driver
# [Driver] Data is sent to DUT
# [Monitor] Data is sent to Scoreboard
# [Base] Write finished! Write Random Data e2 at Address 02
# [Scoreboard] Get packet from Monitor: Address: 02, Data: 00
# [Stimulus] Packet is sent to Driver
#   1
# [Driver] Data is sent to DUT
# [Monitor] Data is sent to Scoreboard
# [base] Write finished! Write data 04 at Address 00
# [Scoreboard] Get packet from Monitor: Address: 00, Data: 00
# [Stimulus] Packet is sent to Driver
#   0
# [Driver] Data is sent to DUT
# [Monitor] Data is sent to Scoreboard
# [base] Write finished! Write data 01 at Address 00
# [Scoreboard] Get packet from Monitor: Address: 00, Data: 00
# 
# ===== t=232670000 PASSED SUCCESSFULLY !!! Expected timing is 150000, Actual timing is 159999 =====
# 
# [Stimulus] Packet is sent to Driver
# [Driver] Data is sent to DUT
# [Monitor] Data is sent to Scoreboard
# [base] Write finished! Write data 01 at Address 03
# [Scoreboard] Get packet from Monitor: Address: 03, Data: 00
# [Stimulus] Packet is sent to Driver
# [Driver] Data is sent to DUT
# [Monitor] Data is sent to Scoreboard
# [Base] Write finished! Write Random Data 99 at Address 02
# [Scoreboard] Get packet from Monitor: Address: 02, Data: 00
# [Stimulus] Packet is sent to Driver
#   1
# [Driver] Data is sent to DUT
# [Monitor] Data is sent to Scoreboard
# [base] Write finished! Write data 04 at Address 00
# [Scoreboard] Get packet from Monitor: Address: 00, Data: 00
# [Stimulus] Packet is sent to Driver
#   0
# [Driver] Data is sent to DUT
# [Monitor] Data is sent to Scoreboard
# [base] Write finished! Write data 01 at Address 00
# [Scoreboard] Get packet from Monitor: Address: 00, Data: 00
# 
# ===== t=233470000 PASSED SUCCESSFULLY !!! Expected timing is 515000, Actual timing is 519999 =====
# 
# [Stimulus] Packet is sent to Driver
# [Driver] Data is sent to DUT
# [Monitor] Data is sent to Scoreboard
# [base] Write finished! Write data 01 at Address 03
# [Scoreboard] Get packet from Monitor: Address: 03, Data: 00
# [Stimulus] Packet is sent to Driver
# [Driver] Data is sent to DUT
# [Monitor] Data is sent to Scoreboard
# [Base] Write finished! Write Random Data b7 at Address 02
# [Scoreboard] Get packet from Monitor: Address: 02, Data: 00
# [Stimulus] Packet is sent to Driver
#   1
# [Driver] Data is sent to DUT
# [Monitor] Data is sent to Scoreboard
# [base] Write finished! Write data 04 at Address 00
# [Scoreboard] Get packet from Monitor: Address: 00, Data: 00
# [Stimulus] Packet is sent to Driver
#   0
# [Driver] Data is sent to DUT
# [Monitor] Data is sent to Scoreboard
# [base] Write finished! Write data 01 at Address 00
# [Scoreboard] Get packet from Monitor: Address: 00, Data: 00
# 
# ===== t=234130000 PASSED SUCCESSFULLY !!! Expected timing is 365000, Actual timing is 379999 =====
# 
# [Stimulus] Packet is sent to Driver
# [Driver] Data is sent to DUT
# [Monitor] Data is sent to Scoreboard
# [base] Write finished! Write data 01 at Address 03
# [Scoreboard] Get packet from Monitor: Address: 03, Data: 00
# [Stimulus] Packet is sent to Driver
# [Driver] Data is sent to DUT
# [Monitor] Data is sent to Scoreboard
# [Base] Write finished! Write Random Data ab at Address 02
# [Scoreboard] Get packet from Monitor: Address: 02, Data: 00
# [Stimulus] Packet is sent to Driver
#   1
# [Driver] Data is sent to DUT
# [Monitor] Data is sent to Scoreboard
# [base] Write finished! Write data 04 at Address 00
# [Scoreboard] Get packet from Monitor: Address: 00, Data: 00
# [Stimulus] Packet is sent to Driver
#   0
# [Driver] Data is sent to DUT
# [Monitor] Data is sent to Scoreboard
# [base] Write finished! Write data 01 at Address 00
# [Scoreboard] Get packet from Monitor: Address: 00, Data: 00
# 
# ===== t=234850000 PASSED SUCCESSFULLY !!! Expected timing is 425000, Actual timing is 439999 =====
# 
# [Stimulus] Packet is sent to Driver
# [Driver] Data is sent to DUT
# [Monitor] Data is sent to Scoreboard
# [base] Write finished! Write data 01 at Address 03
# [Scoreboard] Get packet from Monitor: Address: 03, Data: 00
# [Stimulus] Packet is sent to Driver
# [Driver] Data is sent to DUT
# [Monitor] Data is sent to Scoreboard
# [Base] Write finished! Write Random Data 36 at Address 02
# [Scoreboard] Get packet from Monitor: Address: 02, Data: 00
# [Stimulus] Packet is sent to Driver
#   1
# [Driver] Data is sent to DUT
# [Monitor] Data is sent to Scoreboard
# [base] Write finished! Write data 04 at Address 00
# [Scoreboard] Get packet from Monitor: Address: 00, Data: 00
# [Stimulus] Packet is sent to Driver
#   0
# [Driver] Data is sent to DUT
# [Monitor] Data is sent to Scoreboard
# [base] Write finished! Write data 01 at Address 00
# [Scoreboard] Get packet from Monitor: Address: 00, Data: 00
# 
# ===== t=236150000 PASSED SUCCESSFULLY !!! Expected timing is 1010000, Actual timing is 1019999 =====
# 
# [Stimulus] Packet is sent to Driver
# [Driver] Data is sent to DUT
# [Monitor] Data is sent to Scoreboard
# [base] Write finished! Write data 01 at Address 03
# [Scoreboard] Get packet from Monitor: Address: 03, Data: 00
# [Stimulus] Packet is sent to Driver
# [Driver] Data is sent to DUT
# [Monitor] Data is sent to Scoreboard
# [Base] Write finished! Write Random Data d7 at Address 02
# [Scoreboard] Get packet from Monitor: Address: 02, Data: 00
# [Stimulus] Packet is sent to Driver
#   1
# [Driver] Data is sent to DUT
# [Monitor] Data is sent to Scoreboard
# [base] Write finished! Write data 04 at Address 00
# [Scoreboard] Get packet from Monitor: Address: 00, Data: 00
# [Stimulus] Packet is sent to Driver
#   0
# [Driver] Data is sent to DUT
# [Monitor] Data is sent to Scoreboard
# [base] Write finished! Write data 01 at Address 00
# [Scoreboard] Get packet from Monitor: Address: 00, Data: 00
# 
# ===== t=236650000 PASSED SUCCESSFULLY !!! Expected timing is 205000, Actual timing is 219999 =====
# 
# [Stimulus] Packet is sent to Driver
# [Driver] Data is sent to DUT
# [Monitor] Data is sent to Scoreboard
# [base] Write finished! Write data 01 at Address 03
# [Scoreboard] Get packet from Monitor: Address: 03, Data: 00
# [Stimulus] Packet is sent to Driver
# [Driver] Data is sent to DUT
# [Monitor] Data is sent to Scoreboard
# [Base] Write finished! Write Random Data 61 at Address 02
# [Scoreboard] Get packet from Monitor: Address: 02, Data: 00
# [Stimulus] Packet is sent to Driver
#   1
# [Driver] Data is sent to DUT
# [Monitor] Data is sent to Scoreboard
# [base] Write finished! Write data 04 at Address 00
# [Scoreboard] Get packet from Monitor: Address: 00, Data: 00
# [Stimulus] Packet is sent to Driver
#   0
# [Driver] Data is sent to DUT
# [Monitor] Data is sent to Scoreboard
# [base] Write finished! Write data 01 at Address 00
# [Scoreboard] Get packet from Monitor: Address: 00, Data: 00
# 
# ===== t=237730000 PASSED SUCCESSFULLY !!! Expected timing is 795000, Actual timing is 799999 =====
# 
# [Stimulus] Packet is sent to Driver
# [Driver] Data is sent to DUT
# [Monitor] Data is sent to Scoreboard
# [base] Write finished! Write data 01 at Address 03
# [Scoreboard] Get packet from Monitor: Address: 03, Data: 00
# [Stimulus] Packet is sent to Driver
# [Driver] Data is sent to DUT
# [Monitor] Data is sent to Scoreboard
# [Base] Write finished! Write Random Data 90 at Address 02
# [Scoreboard] Get packet from Monitor: Address: 02, Data: 00
# [Stimulus] Packet is sent to Driver
#   1
# [Driver] Data is sent to DUT
# [Monitor] Data is sent to Scoreboard
# [base] Write finished! Write data 04 at Address 00
# [Scoreboard] Get packet from Monitor: Address: 00, Data: 00
# [Stimulus] Packet is sent to Driver
#   0
# [Driver] Data is sent to DUT
# [Monitor] Data is sent to Scoreboard
# [base] Write finished! Write data 01 at Address 00
# [Scoreboard] Get packet from Monitor: Address: 00, Data: 00
# 
# ===== t=238590000 PASSED SUCCESSFULLY !!! Expected timing is 560000, Actual timing is 579999 =====
# 
# [Stimulus] Packet is sent to Driver
# [Driver] Data is sent to DUT
# [Monitor] Data is sent to Scoreboard
# [base] Write finished! Write data 01 at Address 03
# [Scoreboard] Get packet from Monitor: Address: 03, Data: 00
# [Stimulus] Packet is sent to Driver
# [Driver] Data is sent to DUT
# [Monitor] Data is sent to Scoreboard
# [Base] Write finished! Write Random Data 1b at Address 02
# [Scoreboard] Get packet from Monitor: Address: 02, Data: 00
# [Stimulus] Packet is sent to Driver
#   1
# [Driver] Data is sent to DUT
# [Monitor] Data is sent to Scoreboard
# [base] Write finished! Write data 04 at Address 00
# [Scoreboard] Get packet from Monitor: Address: 00, Data: 00
# [Stimulus] Packet is sent to Driver
#   0
# [Driver] Data is sent to DUT
# [Monitor] Data is sent to Scoreboard
# [base] Write finished! Write data 01 at Address 00
# [Scoreboard] Get packet from Monitor: Address: 00, Data: 00
# 
# ===== t=240030000 PASSED SUCCESSFULLY !!! Expected timing is 1145000, Actual timing is 1159999 =====
# 
# [Stimulus] Packet is sent to Driver
# [Driver] Data is sent to DUT
# [Monitor] Data is sent to Scoreboard
# [base] Write finished! Write data 01 at Address 03
# [Scoreboard] Get packet from Monitor: Address: 03, Data: 00
# [Stimulus] Packet is sent to Driver
# [Driver] Data is sent to DUT
# [Monitor] Data is sent to Scoreboard
# [Base] Write finished! Write Random Data 69 at Address 02
# [Scoreboard] Get packet from Monitor: Address: 02, Data: 00
# [Stimulus] Packet is sent to Driver
#   1
# [Driver] Data is sent to DUT
# [Monitor] Data is sent to Scoreboard
# [base] Write finished! Write data 04 at Address 00
# [Scoreboard] Get packet from Monitor: Address: 00, Data: 00
# [Stimulus] Packet is sent to Driver
#   0
# [Driver] Data is sent to DUT
# [Monitor] Data is sent to Scoreboard
# [base] Write finished! Write data 01 at Address 00
# [Scoreboard] Get packet from Monitor: Address: 00, Data: 00
# 
# ===== t=241070000 PASSED SUCCESSFULLY !!! Expected timing is 755000, Actual timing is 759999 =====
# 
# [Stimulus] Packet is sent to Driver
# [Driver] Data is sent to DUT
# [Monitor] Data is sent to Scoreboard
# [base] Write finished! Write data 01 at Address 03
# [Scoreboard] Get packet from Monitor: Address: 03, Data: 00
# [Stimulus] Packet is sent to Driver
# [Driver] Data is sent to DUT
# [Monitor] Data is sent to Scoreboard
# [Base] Write finished! Write Random Data a8 at Address 02
# [Scoreboard] Get packet from Monitor: Address: 02, Data: 00
# [Stimulus] Packet is sent to Driver
#   1
# [Driver] Data is sent to DUT
# [Monitor] Data is sent to Scoreboard
# [base] Write finished! Write data 04 at Address 00
# [Scoreboard] Get packet from Monitor: Address: 00, Data: 00
# [Stimulus] Packet is sent to Driver
#   0
# [Driver] Data is sent to DUT
# [Monitor] Data is sent to Scoreboard
# [base] Write finished! Write data 01 at Address 00
# [Scoreboard] Get packet from Monitor: Address: 00, Data: 00
# 
# ===== t=241810000 PASSED SUCCESSFULLY !!! Expected timing is 440000, Actual timing is 459999 =====
# 
# [Stimulus] Packet is sent to Driver
# [Driver] Data is sent to DUT
# [Monitor] Data is sent to Scoreboard
# [base] Write finished! Write data 01 at Address 03
# [Scoreboard] Get packet from Monitor: Address: 03, Data: 00
# [Stimulus] Packet is sent to Driver
# [Driver] Data is sent to DUT
# [Monitor] Data is sent to Scoreboard
# [Base] Write finished! Write Random Data a3 at Address 02
# [Scoreboard] Get packet from Monitor: Address: 02, Data: 00
# [Stimulus] Packet is sent to Driver
#   1
# [Driver] Data is sent to DUT
# [Monitor] Data is sent to Scoreboard
# [base] Write finished! Write data 04 at Address 00
# [Scoreboard] Get packet from Monitor: Address: 00, Data: 00
# [Stimulus] Packet is sent to Driver
#   0
# [Driver] Data is sent to DUT
# [Monitor] Data is sent to Scoreboard
# [base] Write finished! Write data 01 at Address 00
# [Scoreboard] Get packet from Monitor: Address: 00, Data: 00
# 
# ===== t=242570000 PASSED SUCCESSFULLY !!! Expected timing is 465000, Actual timing is 479999 =====
# 
# [Stimulus] Packet is sent to Driver
# [Driver] Data is sent to DUT
# [Monitor] Data is sent to Scoreboard
# [base] Write finished! Write data 01 at Address 03
# [Scoreboard] Get packet from Monitor: Address: 03, Data: 00
# [Stimulus] Packet is sent to Driver
# [Driver] Data is sent to DUT
# [Monitor] Data is sent to Scoreboard
# [Base] Write finished! Write Random Data 80 at Address 02
# [Scoreboard] Get packet from Monitor: Address: 02, Data: 00
# [Stimulus] Packet is sent to Driver
#   1
# [Driver] Data is sent to DUT
# [Monitor] Data is sent to Scoreboard
# [base] Write finished! Write data 04 at Address 00
# [Scoreboard] Get packet from Monitor: Address: 00, Data: 00
# [Stimulus] Packet is sent to Driver
#   0
# [Driver] Data is sent to DUT
# [Monitor] Data is sent to Scoreboard
# [base] Write finished! Write data 01 at Address 00
# [Scoreboard] Get packet from Monitor: Address: 00, Data: 00
# 
# ===== t=243510000 PASSED SUCCESSFULLY !!! Expected timing is 640000, Actual timing is 659999 =====
# 
# 
# ===== t=243510000 Case 4.4 Load data and count down =====
# 
# [Stimulus] Packet is sent to Driver
# [Driver] Data is sent to DUT
# [Monitor] Data is sent to Scoreboard
# [base] Write finished! Write data 02 at Address 03
# [Scoreboard] Get packet from Monitor: Address: 03, Data: 00
# [Stimulus] Packet is sent to Driver
# [Driver] Data is sent to DUT
# [Monitor] Data is sent to Scoreboard
# [Base] Write finished! Write Random Data 12 at Address 02
# [Scoreboard] Get packet from Monitor: Address: 02, Data: 00
# [Stimulus] Packet is sent to Driver
#   1
# [Driver] Data is sent to DUT
# [Monitor] Data is sent to Scoreboard
# [base] Write finished! Write data 06 at Address 00
# [Scoreboard] Get packet from Monitor: Address: 00, Data: 00
# [Stimulus] Packet is sent to Driver
#   0
# [Driver] Data is sent to DUT
# [Monitor] Data is sent to Scoreboard
# [base] Write finished! Write data 03 at Address 00
# [Scoreboard] Get packet from Monitor: Address: 00, Data: 00
# 
# ===== t=243890000 PASSED SUCCESSFULLY !!! Expected timing is 90000, Actual timing is 99999 =====
# 
# [Stimulus] Packet is sent to Driver
# [Driver] Data is sent to DUT
# [Monitor] Data is sent to Scoreboard
# [base] Write finished! Write data 02 at Address 03
# [Scoreboard] Get packet from Monitor: Address: 03, Data: 00
# [Stimulus] Packet is sent to Driver
# [Driver] Data is sent to DUT
# [Monitor] Data is sent to Scoreboard
# [Base] Write finished! Write Random Data a5 at Address 02
# [Scoreboard] Get packet from Monitor: Address: 02, Data: 00
# [Stimulus] Packet is sent to Driver
#   1
# [Driver] Data is sent to DUT
# [Monitor] Data is sent to Scoreboard
# [base] Write finished! Write data 06 at Address 00
# [Scoreboard] Get packet from Monitor: Address: 00, Data: 00
# [Stimulus] Packet is sent to Driver
#   0
# [Driver] Data is sent to DUT
# [Monitor] Data is sent to Scoreboard
# [base] Write finished! Write data 03 at Address 00
# [Scoreboard] Get packet from Monitor: Address: 00, Data: 00
# 
# ===== t=245010000 PASSED SUCCESSFULLY !!! Expected timing is 825000, Actual timing is 839999 =====
# 
# [Stimulus] Packet is sent to Driver
# [Driver] Data is sent to DUT
# [Monitor] Data is sent to Scoreboard
# [base] Write finished! Write data 02 at Address 03
# [Scoreboard] Get packet from Monitor: Address: 03, Data: 00
# [Stimulus] Packet is sent to Driver
# [Driver] Data is sent to DUT
# [Monitor] Data is sent to Scoreboard
# [Base] Write finished! Write Random Data fe at Address 02
# [Scoreboard] Get packet from Monitor: Address: 02, Data: 00
# [Stimulus] Packet is sent to Driver
#   1
# [Driver] Data is sent to DUT
# [Monitor] Data is sent to Scoreboard
# [base] Write finished! Write data 06 at Address 00
# [Scoreboard] Get packet from Monitor: Address: 00, Data: 00
# [Stimulus] Packet is sent to Driver
#   0
# [Driver] Data is sent to DUT
# [Monitor] Data is sent to Scoreboard
# [base] Write finished! Write data 03 at Address 00
# [Scoreboard] Get packet from Monitor: Address: 00, Data: 00
# 
# ===== t=246570000 PASSED SUCCESSFULLY !!! Expected timing is 1270000, Actual timing is 1279999 =====
# 
# [Stimulus] Packet is sent to Driver
# [Driver] Data is sent to DUT
# [Monitor] Data is sent to Scoreboard
# [base] Write finished! Write data 02 at Address 03
# [Scoreboard] Get packet from Monitor: Address: 03, Data: 00
# [Stimulus] Packet is sent to Driver
# [Driver] Data is sent to DUT
# [Monitor] Data is sent to Scoreboard
# [Base] Write finished! Write Random Data cf at Address 02
# [Scoreboard] Get packet from Monitor: Address: 02, Data: 00
# [Stimulus] Packet is sent to Driver
#   1
# [Driver] Data is sent to DUT
# [Monitor] Data is sent to Scoreboard
# [base] Write finished! Write data 06 at Address 00
# [Scoreboard] Get packet from Monitor: Address: 00, Data: 00
# [Stimulus] Packet is sent to Driver
#   0
# [Driver] Data is sent to DUT
# [Monitor] Data is sent to Scoreboard
# [base] Write finished! Write data 03 at Address 00
# [Scoreboard] Get packet from Monitor: Address: 00, Data: 00
# 
# ===== t=247910000 PASSED SUCCESSFULLY !!! Expected timing is 1035000, Actual timing is 1059999 =====
# 
# [Stimulus] Packet is sent to Driver
# [Driver] Data is sent to DUT
# [Monitor] Data is sent to Scoreboard
# [base] Write finished! Write data 02 at Address 03
# [Scoreboard] Get packet from Monitor: Address: 03, Data: 00
# [Stimulus] Packet is sent to Driver
# [Driver] Data is sent to DUT
# [Monitor] Data is sent to Scoreboard
# [Base] Write finished! Write Random Data 04 at Address 02
# [Scoreboard] Get packet from Monitor: Address: 02, Data: 00
# [Stimulus] Packet is sent to Driver
#   1
# [Driver] Data is sent to DUT
# [Monitor] Data is sent to Scoreboard
# [base] Write finished! Write data 06 at Address 00
# [Scoreboard] Get packet from Monitor: Address: 00, Data: 00
# [Stimulus] Packet is sent to Driver
#   0
# [Driver] Data is sent to DUT
# [Monitor] Data is sent to Scoreboard
# [base] Write finished! Write data 03 at Address 00
# [Scoreboard] Get packet from Monitor: Address: 00, Data: 00
# 
# ===== t=248230000 PASSED SUCCESSFULLY !!! Expected timing is 20000, Actual timing is 39999 =====
# 
# [Stimulus] Packet is sent to Driver
# [Driver] Data is sent to DUT
# [Monitor] Data is sent to Scoreboard
# [base] Write finished! Write data 02 at Address 03
# [Scoreboard] Get packet from Monitor: Address: 03, Data: 00
# [Stimulus] Packet is sent to Driver
# [Driver] Data is sent to DUT
# [Monitor] Data is sent to Scoreboard
# [Base] Write finished! Write Random Data 69 at Address 02
# [Scoreboard] Get packet from Monitor: Address: 02, Data: 00
# [Stimulus] Packet is sent to Driver
#   1
# [Driver] Data is sent to DUT
# [Monitor] Data is sent to Scoreboard
# [base] Write finished! Write data 06 at Address 00
# [Scoreboard] Get packet from Monitor: Address: 00, Data: 00
# [Stimulus] Packet is sent to Driver
#   0
# [Driver] Data is sent to DUT
# [Monitor] Data is sent to Scoreboard
# [base] Write finished! Write data 03 at Address 00
# [Scoreboard] Get packet from Monitor: Address: 00, Data: 00
# 
# ===== t=249050000 PASSED SUCCESSFULLY !!! Expected timing is 525000, Actual timing is 539999 =====
# 
# [Stimulus] Packet is sent to Driver
# [Driver] Data is sent to DUT
# [Monitor] Data is sent to Scoreboard
# [base] Write finished! Write data 02 at Address 03
# [Scoreboard] Get packet from Monitor: Address: 03, Data: 00
# [Stimulus] Packet is sent to Driver
# [Driver] Data is sent to DUT
# [Monitor] Data is sent to Scoreboard
# [Base] Write finished! Write Random Data d9 at Address 02
# [Scoreboard] Get packet from Monitor: Address: 02, Data: 00
# [Stimulus] Packet is sent to Driver
#   1
# [Driver] Data is sent to DUT
# [Monitor] Data is sent to Scoreboard
# [base] Write finished! Write data 06 at Address 00
# [Scoreboard] Get packet from Monitor: Address: 00, Data: 00
# [Stimulus] Packet is sent to Driver
#   0
# [Driver] Data is sent to DUT
# [Monitor] Data is sent to Scoreboard
# [base] Write finished! Write data 03 at Address 00
# [Scoreboard] Get packet from Monitor: Address: 00, Data: 00
# 
# ===== t=250430000 PASSED SUCCESSFULLY !!! Expected timing is 1085000, Actual timing is 1099999 =====
# 
# [Stimulus] Packet is sent to Driver
# [Driver] Data is sent to DUT
# [Monitor] Data is sent to Scoreboard
# [base] Write finished! Write data 02 at Address 03
# [Scoreboard] Get packet from Monitor: Address: 03, Data: 00
# [Stimulus] Packet is sent to Driver
# [Driver] Data is sent to DUT
# [Monitor] Data is sent to Scoreboard
# [Base] Write finished! Write Random Data b9 at Address 02
# [Scoreboard] Get packet from Monitor: Address: 02, Data: 00
# [Stimulus] Packet is sent to Driver
#   1
# [Driver] Data is sent to DUT
# [Monitor] Data is sent to Scoreboard
# [base] Write finished! Write data 06 at Address 00
# [Scoreboard] Get packet from Monitor: Address: 00, Data: 00
# [Stimulus] Packet is sent to Driver
#   0
# [Driver] Data is sent to DUT
# [Monitor] Data is sent to Scoreboard
# [base] Write finished! Write data 03 at Address 00
# [Scoreboard] Get packet from Monitor: Address: 00, Data: 00
# 
# ===== t=251650000 PASSED SUCCESSFULLY !!! Expected timing is 925000, Actual timing is 939999 =====
# 
# [Stimulus] Packet is sent to Driver
# [Driver] Data is sent to DUT
# [Monitor] Data is sent to Scoreboard
# [base] Write finished! Write data 02 at Address 03
# [Scoreboard] Get packet from Monitor: Address: 03, Data: 00
# [Stimulus] Packet is sent to Driver
# [Driver] Data is sent to DUT
# [Monitor] Data is sent to Scoreboard
# [Base] Write finished! Write Random Data d1 at Address 02
# [Scoreboard] Get packet from Monitor: Address: 02, Data: 00
# [Stimulus] Packet is sent to Driver
#   1
# [Driver] Data is sent to DUT
# [Monitor] Data is sent to Scoreboard
# [base] Write finished! Write data 06 at Address 00
# [Scoreboard] Get packet from Monitor: Address: 00, Data: 00
# [Stimulus] Packet is sent to Driver
#   0
# [Driver] Data is sent to DUT
# [Monitor] Data is sent to Scoreboard
# [base] Write finished! Write data 03 at Address 00
# [Scoreboard] Get packet from Monitor: Address: 00, Data: 00
# 
# ===== t=252990000 PASSED SUCCESSFULLY !!! Expected timing is 1045000, Actual timing is 1059999 =====
# 
# [Stimulus] Packet is sent to Driver
# [Driver] Data is sent to DUT
# [Monitor] Data is sent to Scoreboard
# [base] Write finished! Write data 02 at Address 03
# [Scoreboard] Get packet from Monitor: Address: 03, Data: 00
# [Stimulus] Packet is sent to Driver
# [Driver] Data is sent to DUT
# [Monitor] Data is sent to Scoreboard
# [Base] Write finished! Write Random Data b6 at Address 02
# [Scoreboard] Get packet from Monitor: Address: 02, Data: 00
# [Stimulus] Packet is sent to Driver
#   1
# [Driver] Data is sent to DUT
# [Monitor] Data is sent to Scoreboard
# [base] Write finished! Write data 06 at Address 00
# [Scoreboard] Get packet from Monitor: Address: 00, Data: 00
# [Stimulus] Packet is sent to Driver
#   0
# [Driver] Data is sent to DUT
# [Monitor] Data is sent to Scoreboard
# [base] Write finished! Write data 03 at Address 00
# [Scoreboard] Get packet from Monitor: Address: 00, Data: 00
# 
# ===== t=254190000 PASSED SUCCESSFULLY !!! Expected timing is 910000, Actual timing is 919999 =====
# 
# [Stimulus] Packet is sent to Driver
# [Driver] Data is sent to DUT
# [Monitor] Data is sent to Scoreboard
# [base] Write finished! Write data 02 at Address 03
# [Scoreboard] Get packet from Monitor: Address: 03, Data: 00
# [Stimulus] Packet is sent to Driver
# [Driver] Data is sent to DUT
# [Monitor] Data is sent to Scoreboard
# [Base] Write finished! Write Random Data 87 at Address 02
# [Scoreboard] Get packet from Monitor: Address: 02, Data: 00
# [Stimulus] Packet is sent to Driver
#   1
# [Driver] Data is sent to DUT
# [Monitor] Data is sent to Scoreboard
# [base] Write finished! Write data 06 at Address 00
# [Scoreboard] Get packet from Monitor: Address: 00, Data: 00
# [Stimulus] Packet is sent to Driver
#   0
# [Driver] Data is sent to DUT
# [Monitor] Data is sent to Scoreboard
# [base] Write finished! Write data 03 at Address 00
# [Scoreboard] Get packet from Monitor: Address: 00, Data: 00
# 
# ===== t=255170000 PASSED SUCCESSFULLY !!! Expected timing is 675000, Actual timing is 699999 =====
# 
# [Stimulus] Packet is sent to Driver
# [Driver] Data is sent to DUT
# [Monitor] Data is sent to Scoreboard
# [base] Write finished! Write data 02 at Address 03
# [Scoreboard] Get packet from Monitor: Address: 03, Data: 00
# [Stimulus] Packet is sent to Driver
# [Driver] Data is sent to DUT
# [Monitor] Data is sent to Scoreboard
# [Base] Write finished! Write Random Data 9d at Address 02
# [Scoreboard] Get packet from Monitor: Address: 02, Data: 00
# [Stimulus] Packet is sent to Driver
#   1
# [Driver] Data is sent to DUT
# [Monitor] Data is sent to Scoreboard
# [base] Write finished! Write data 06 at Address 00
# [Scoreboard] Get packet from Monitor: Address: 00, Data: 00
# [Stimulus] Packet is sent to Driver
#   0
# [Driver] Data is sent to DUT
# [Monitor] Data is sent to Scoreboard
# [base] Write finished! Write data 03 at Address 00
# [Scoreboard] Get packet from Monitor: Address: 00, Data: 00
# 
# ===== t=256250000 PASSED SUCCESSFULLY !!! Expected timing is 785000, Actual timing is 799999 =====
# 
# [Stimulus] Packet is sent to Driver
# [Driver] Data is sent to DUT
# [Monitor] Data is sent to Scoreboard
# [base] Write finished! Write data 02 at Address 03
# [Scoreboard] Get packet from Monitor: Address: 03, Data: 00
# [Stimulus] Packet is sent to Driver
# [Driver] Data is sent to DUT
# [Monitor] Data is sent to Scoreboard
# [Base] Write finished! Write Random Data 52 at Address 02
# [Scoreboard] Get packet from Monitor: Address: 02, Data: 00
# [Stimulus] Packet is sent to Driver
#   1
# [Driver] Data is sent to DUT
# [Monitor] Data is sent to Scoreboard
# [base] Write finished! Write data 06 at Address 00
# [Scoreboard] Get packet from Monitor: Address: 00, Data: 00
# [Stimulus] Packet is sent to Driver
#   0
# [Driver] Data is sent to DUT
# [Monitor] Data is sent to Scoreboard
# [base] Write finished! Write data 03 at Address 00
# [Scoreboard] Get packet from Monitor: Address: 00, Data: 00
# 
# ===== t=256950000 PASSED SUCCESSFULLY !!! Expected timing is 410000, Actual timing is 419999 =====
# 
# [Stimulus] Packet is sent to Driver
# [Driver] Data is sent to DUT
# [Monitor] Data is sent to Scoreboard
# [base] Write finished! Write data 02 at Address 03
# [Scoreboard] Get packet from Monitor: Address: 03, Data: 00
# [Stimulus] Packet is sent to Driver
# [Driver] Data is sent to DUT
# [Monitor] Data is sent to Scoreboard
# [Base] Write finished! Write Random Data 8f at Address 02
# [Scoreboard] Get packet from Monitor: Address: 02, Data: 00
# [Stimulus] Packet is sent to Driver
#   1
# [Driver] Data is sent to DUT
# [Monitor] Data is sent to Scoreboard
# [base] Write finished! Write data 06 at Address 00
# [Scoreboard] Get packet from Monitor: Address: 00, Data: 00
# [Stimulus] Packet is sent to Driver
#   0
# [Driver] Data is sent to DUT
# [Monitor] Data is sent to Scoreboard
# [base] Write finished! Write data 03 at Address 00
# [Scoreboard] Get packet from Monitor: Address: 00, Data: 00
# 
# ===== t=257970000 PASSED SUCCESSFULLY !!! Expected timing is 715000, Actual timing is 739999 =====
# 
# [Stimulus] Packet is sent to Driver
# [Driver] Data is sent to DUT
# [Monitor] Data is sent to Scoreboard
# [base] Write finished! Write data 02 at Address 03
# [Scoreboard] Get packet from Monitor: Address: 03, Data: 00
# [Stimulus] Packet is sent to Driver
# [Driver] Data is sent to DUT
# [Monitor] Data is sent to Scoreboard
# [Base] Write finished! Write Random Data 52 at Address 02
# [Scoreboard] Get packet from Monitor: Address: 02, Data: 00
# [Stimulus] Packet is sent to Driver
#   1
# [Driver] Data is sent to DUT
# [Monitor] Data is sent to Scoreboard
# [base] Write finished! Write data 06 at Address 00
# [Scoreboard] Get packet from Monitor: Address: 00, Data: 00
# [Stimulus] Packet is sent to Driver
#   0
# [Driver] Data is sent to DUT
# [Monitor] Data is sent to Scoreboard
# [base] Write finished! Write data 03 at Address 00
# [Scoreboard] Get packet from Monitor: Address: 00, Data: 00
# 
# ===== t=258670000 PASSED SUCCESSFULLY !!! Expected timing is 410000, Actual timing is 419999 =====
# 
# [Stimulus] Packet is sent to Driver
# [Driver] Data is sent to DUT
# [Monitor] Data is sent to Scoreboard
# [base] Write finished! Write data 02 at Address 03
# [Scoreboard] Get packet from Monitor: Address: 03, Data: 00
# [Stimulus] Packet is sent to Driver
# [Driver] Data is sent to DUT
# [Monitor] Data is sent to Scoreboard
# [Base] Write finished! Write Random Data 68 at Address 02
# [Scoreboard] Get packet from Monitor: Address: 02, Data: 00
# [Stimulus] Packet is sent to Driver
#   1
# [Driver] Data is sent to DUT
# [Monitor] Data is sent to Scoreboard
# [base] Write finished! Write data 06 at Address 00
# [Scoreboard] Get packet from Monitor: Address: 00, Data: 00
# [Stimulus] Packet is sent to Driver
#   0
# [Driver] Data is sent to DUT
# [Monitor] Data is sent to Scoreboard
# [base] Write finished! Write data 03 at Address 00
# [Scoreboard] Get packet from Monitor: Address: 00, Data: 00
# 
# ===== t=259490000 PASSED SUCCESSFULLY !!! Expected timing is 520000, Actual timing is 539999 =====
# 
# [Stimulus] Packet is sent to Driver
# [Driver] Data is sent to DUT
# [Monitor] Data is sent to Scoreboard
# [base] Write finished! Write data 02 at Address 03
# [Scoreboard] Get packet from Monitor: Address: 03, Data: 00
# [Stimulus] Packet is sent to Driver
# [Driver] Data is sent to DUT
# [Monitor] Data is sent to Scoreboard
# [Base] Write finished! Write Random Data 0c at Address 02
# [Scoreboard] Get packet from Monitor: Address: 02, Data: 00
# [Stimulus] Packet is sent to Driver
#   1
# [Driver] Data is sent to DUT
# [Monitor] Data is sent to Scoreboard
# [base] Write finished! Write data 06 at Address 00
# [Scoreboard] Get packet from Monitor: Address: 00, Data: 00
# [Stimulus] Packet is sent to Driver
#   0
# [Driver] Data is sent to DUT
# [Monitor] Data is sent to Scoreboard
# [base] Write finished! Write data 03 at Address 00
# [Scoreboard] Get packet from Monitor: Address: 00, Data: 00
# 
# ===== t=259850000 PASSED SUCCESSFULLY !!! Expected timing is 60000, Actual timing is 79999 =====
# 
# [Stimulus] Packet is sent to Driver
# [Driver] Data is sent to DUT
# [Monitor] Data is sent to Scoreboard
# [base] Write finished! Write data 02 at Address 03
# [Scoreboard] Get packet from Monitor: Address: 03, Data: 00
# [Stimulus] Packet is sent to Driver
# [Driver] Data is sent to DUT
# [Monitor] Data is sent to Scoreboard
# [Base] Write finished! Write Random Data 78 at Address 02
# [Scoreboard] Get packet from Monitor: Address: 02, Data: 00
# [Stimulus] Packet is sent to Driver
#   1
# [Driver] Data is sent to DUT
# [Monitor] Data is sent to Scoreboard
# [base] Write finished! Write data 06 at Address 00
# [Scoreboard] Get packet from Monitor: Address: 00, Data: 00
# [Stimulus] Packet is sent to Driver
#   0
# [Driver] Data is sent to DUT
# [Monitor] Data is sent to Scoreboard
# [base] Write finished! Write data 03 at Address 00
# [Scoreboard] Get packet from Monitor: Address: 00, Data: 00
# 
# ===== t=260750000 PASSED SUCCESSFULLY !!! Expected timing is 600000, Actual timing is 619999 =====
# 
# [Stimulus] Packet is sent to Driver
# [Driver] Data is sent to DUT
# [Monitor] Data is sent to Scoreboard
# [base] Write finished! Write data 02 at Address 03
# [Scoreboard] Get packet from Monitor: Address: 03, Data: 00
# [Stimulus] Packet is sent to Driver
# [Driver] Data is sent to DUT
# [Monitor] Data is sent to Scoreboard
# [Base] Write finished! Write Random Data 2a at Address 02
# [Scoreboard] Get packet from Monitor: Address: 02, Data: 00
# [Stimulus] Packet is sent to Driver
#   1
# [Driver] Data is sent to DUT
# [Monitor] Data is sent to Scoreboard
# [base] Write finished! Write data 06 at Address 00
# [Scoreboard] Get packet from Monitor: Address: 00, Data: 00
# [Stimulus] Packet is sent to Driver
#   0
# [Driver] Data is sent to DUT
# [Monitor] Data is sent to Scoreboard
# [base] Write finished! Write data 03 at Address 00
# [Scoreboard] Get packet from Monitor: Address: 00, Data: 00
# 
# ===== t=261250000 PASSED SUCCESSFULLY !!! Expected timing is 210000, Actual timing is 219999 =====
# 
# [Stimulus] Packet is sent to Driver
# [Driver] Data is sent to DUT
# [Monitor] Data is sent to Scoreboard
# [base] Write finished! Write data 02 at Address 03
# [Scoreboard] Get packet from Monitor: Address: 03, Data: 00
# [Stimulus] Packet is sent to Driver
# [Driver] Data is sent to DUT
# [Monitor] Data is sent to Scoreboard
# [Base] Write finished! Write Random Data 81 at Address 02
# [Scoreboard] Get packet from Monitor: Address: 02, Data: 00
# [Stimulus] Packet is sent to Driver
#   1
# [Driver] Data is sent to DUT
# [Monitor] Data is sent to Scoreboard
# [base] Write finished! Write data 06 at Address 00
# [Scoreboard] Get packet from Monitor: Address: 00, Data: 00
# [Stimulus] Packet is sent to Driver
#   0
# [Driver] Data is sent to DUT
# [Monitor] Data is sent to Scoreboard
# [base] Write finished! Write data 03 at Address 00
# [Scoreboard] Get packet from Monitor: Address: 00, Data: 00
# 
# ===== t=262190000 PASSED SUCCESSFULLY !!! Expected timing is 645000, Actual timing is 659999 =====
# 
# [Stimulus] Packet is sent to Driver
# [Driver] Data is sent to DUT
# [Monitor] Data is sent to Scoreboard
# [base] Write finished! Write data 02 at Address 03
# [Scoreboard] Get packet from Monitor: Address: 03, Data: 00
# [Stimulus] Packet is sent to Driver
# [Driver] Data is sent to DUT
# [Monitor] Data is sent to Scoreboard
# [Base] Write finished! Write Random Data 18 at Address 02
# [Scoreboard] Get packet from Monitor: Address: 02, Data: 00
# [Stimulus] Packet is sent to Driver
#   1
# [Driver] Data is sent to DUT
# [Monitor] Data is sent to Scoreboard
# [base] Write finished! Write data 06 at Address 00
# [Scoreboard] Get packet from Monitor: Address: 00, Data: 00
# [Stimulus] Packet is sent to Driver
#   0
# [Driver] Data is sent to DUT
# [Monitor] Data is sent to Scoreboard
# [base] Write finished! Write data 03 at Address 00
# [Scoreboard] Get packet from Monitor: Address: 00, Data: 00
# 
# ===== t=262610000 PASSED SUCCESSFULLY !!! Expected timing is 120000, Actual timing is 139999 =====
# 
# [Stimulus] Packet is sent to Driver
# [Driver] Data is sent to DUT
# [Monitor] Data is sent to Scoreboard
# [base] Write finished! Write data 02 at Address 03
# [Scoreboard] Get packet from Monitor: Address: 03, Data: 00
# [Stimulus] Packet is sent to Driver
# [Driver] Data is sent to DUT
# [Monitor] Data is sent to Scoreboard
# [Base] Write finished! Write Random Data 72 at Address 02
# [Scoreboard] Get packet from Monitor: Address: 02, Data: 00
# [Stimulus] Packet is sent to Driver
#   1
# [Driver] Data is sent to DUT
# [Monitor] Data is sent to Scoreboard
# [base] Write finished! Write data 06 at Address 00
# [Scoreboard] Get packet from Monitor: Address: 00, Data: 00
# [Stimulus] Packet is sent to Driver
#   0
# [Driver] Data is sent to DUT
# [Monitor] Data is sent to Scoreboard
# [base] Write finished! Write data 03 at Address 00
# [Scoreboard] Get packet from Monitor: Address: 00, Data: 00
# 
# ===== t=263470000 PASSED SUCCESSFULLY !!! Expected timing is 570000, Actual timing is 579999 =====
# 
# [Stimulus] Packet is sent to Driver
# [Driver] Data is sent to DUT
# [Monitor] Data is sent to Scoreboard
# [base] Write finished! Write data 02 at Address 03
# [Scoreboard] Get packet from Monitor: Address: 03, Data: 00
# [Stimulus] Packet is sent to Driver
# [Driver] Data is sent to DUT
# [Monitor] Data is sent to Scoreboard
# [Base] Write finished! Write Random Data 7c at Address 02
# [Scoreboard] Get packet from Monitor: Address: 02, Data: 00
# [Stimulus] Packet is sent to Driver
#   1
# [Driver] Data is sent to DUT
# [Monitor] Data is sent to Scoreboard
# [base] Write finished! Write data 06 at Address 00
# [Scoreboard] Get packet from Monitor: Address: 00, Data: 00
# [Stimulus] Packet is sent to Driver
#   0
# [Driver] Data is sent to DUT
# [Monitor] Data is sent to Scoreboard
# [base] Write finished! Write data 03 at Address 00
# [Scoreboard] Get packet from Monitor: Address: 00, Data: 00
# 
# ===== t=264390000 PASSED SUCCESSFULLY !!! Expected timing is 620000, Actual timing is 639999 =====
# 
# [Stimulus] Packet is sent to Driver
# [Driver] Data is sent to DUT
# [Monitor] Data is sent to Scoreboard
# [base] Write finished! Write data 02 at Address 03
# [Scoreboard] Get packet from Monitor: Address: 03, Data: 00
# [Stimulus] Packet is sent to Driver
# [Driver] Data is sent to DUT
# [Monitor] Data is sent to Scoreboard
# [Base] Write finished! Write Random Data 9b at Address 02
# [Scoreboard] Get packet from Monitor: Address: 02, Data: 00
# [Stimulus] Packet is sent to Driver
#   1
# [Driver] Data is sent to DUT
# [Monitor] Data is sent to Scoreboard
# [base] Write finished! Write data 06 at Address 00
# [Scoreboard] Get packet from Monitor: Address: 00, Data: 00
# [Stimulus] Packet is sent to Driver
#   0
# [Driver] Data is sent to DUT
# [Monitor] Data is sent to Scoreboard
# [base] Write finished! Write data 03 at Address 00
# [Scoreboard] Get packet from Monitor: Address: 00, Data: 00
# 
# ===== t=265470000 PASSED SUCCESSFULLY !!! Expected timing is 775000, Actual timing is 799999 =====
# 
# [Stimulus] Packet is sent to Driver
# [Driver] Data is sent to DUT
# [Monitor] Data is sent to Scoreboard
# [base] Write finished! Write data 02 at Address 03
# [Scoreboard] Get packet from Monitor: Address: 03, Data: 00
# [Stimulus] Packet is sent to Driver
# [Driver] Data is sent to DUT
# [Monitor] Data is sent to Scoreboard
# [Base] Write finished! Write Random Data 53 at Address 02
# [Scoreboard] Get packet from Monitor: Address: 02, Data: 00
# [Stimulus] Packet is sent to Driver
#   1
# [Driver] Data is sent to DUT
# [Monitor] Data is sent to Scoreboard
# [base] Write finished! Write data 06 at Address 00
# [Scoreboard] Get packet from Monitor: Address: 00, Data: 00
# [Stimulus] Packet is sent to Driver
#   0
# [Driver] Data is sent to DUT
# [Monitor] Data is sent to Scoreboard
# [base] Write finished! Write data 03 at Address 00
# [Scoreboard] Get packet from Monitor: Address: 00, Data: 00
# 
# ===== t=266190000 PASSED SUCCESSFULLY !!! Expected timing is 415000, Actual timing is 439999 =====
# 
# [Stimulus] Packet is sent to Driver
# [Driver] Data is sent to DUT
# [Monitor] Data is sent to Scoreboard
# [base] Write finished! Write data 02 at Address 03
# [Scoreboard] Get packet from Monitor: Address: 03, Data: 00
# [Stimulus] Packet is sent to Driver
# [Driver] Data is sent to DUT
# [Monitor] Data is sent to Scoreboard
# [Base] Write finished! Write Random Data 98 at Address 02
# [Scoreboard] Get packet from Monitor: Address: 02, Data: 00
# [Stimulus] Packet is sent to Driver
#   1
# [Driver] Data is sent to DUT
# [Monitor] Data is sent to Scoreboard
# [base] Write finished! Write data 06 at Address 00
# [Scoreboard] Get packet from Monitor: Address: 00, Data: 00
# [Stimulus] Packet is sent to Driver
#   0
# [Driver] Data is sent to DUT
# [Monitor] Data is sent to Scoreboard
# [base] Write finished! Write data 03 at Address 00
# [Scoreboard] Get packet from Monitor: Address: 00, Data: 00
# 
# ===== t=267250000 PASSED SUCCESSFULLY !!! Expected timing is 760000, Actual timing is 779999 =====
# 
# [Stimulus] Packet is sent to Driver
# [Driver] Data is sent to DUT
# [Monitor] Data is sent to Scoreboard
# [base] Write finished! Write data 02 at Address 03
# [Scoreboard] Get packet from Monitor: Address: 03, Data: 00
# [Stimulus] Packet is sent to Driver
# [Driver] Data is sent to DUT
# [Monitor] Data is sent to Scoreboard
# [Base] Write finished! Write Random Data 40 at Address 02
# [Scoreboard] Get packet from Monitor: Address: 02, Data: 00
# [Stimulus] Packet is sent to Driver
#   1
# [Driver] Data is sent to DUT
# [Monitor] Data is sent to Scoreboard
# [base] Write finished! Write data 06 at Address 00
# [Scoreboard] Get packet from Monitor: Address: 00, Data: 00
# [Stimulus] Packet is sent to Driver
#   0
# [Driver] Data is sent to DUT
# [Monitor] Data is sent to Scoreboard
# [base] Write finished! Write data 03 at Address 00
# [Scoreboard] Get packet from Monitor: Address: 00, Data: 00
# 
# ===== t=267870000 PASSED SUCCESSFULLY !!! Expected timing is 320000, Actual timing is 339999 =====
# 
# [Stimulus] Packet is sent to Driver
# [Driver] Data is sent to DUT
# [Monitor] Data is sent to Scoreboard
# [base] Write finished! Write data 02 at Address 03
# [Scoreboard] Get packet from Monitor: Address: 03, Data: 00
# [Stimulus] Packet is sent to Driver
# [Driver] Data is sent to DUT
# [Monitor] Data is sent to Scoreboard
# [Base] Write finished! Write Random Data 86 at Address 02
# [Scoreboard] Get packet from Monitor: Address: 02, Data: 00
# [Stimulus] Packet is sent to Driver
#   1
# [Driver] Data is sent to DUT
# [Monitor] Data is sent to Scoreboard
# [base] Write finished! Write data 06 at Address 00
# [Scoreboard] Get packet from Monitor: Address: 00, Data: 00
# [Stimulus] Packet is sent to Driver
#   0
# [Driver] Data is sent to DUT
# [Monitor] Data is sent to Scoreboard
# [base] Write finished! Write data 03 at Address 00
# [Scoreboard] Get packet from Monitor: Address: 00, Data: 00
# 
# ===== t=268830000 PASSED SUCCESSFULLY !!! Expected timing is 670000, Actual timing is 679999 =====
# 
# [Stimulus] Packet is sent to Driver
# [Driver] Data is sent to DUT
# [Monitor] Data is sent to Scoreboard
# [base] Write finished! Write data 02 at Address 03
# [Scoreboard] Get packet from Monitor: Address: 03, Data: 00
# [Stimulus] Packet is sent to Driver
# [Driver] Data is sent to DUT
# [Monitor] Data is sent to Scoreboard
# [Base] Write finished! Write Random Data d5 at Address 02
# [Scoreboard] Get packet from Monitor: Address: 02, Data: 00
# [Stimulus] Packet is sent to Driver
#   1
# [Driver] Data is sent to DUT
# [Monitor] Data is sent to Scoreboard
# [base] Write finished! Write data 06 at Address 00
# [Scoreboard] Get packet from Monitor: Address: 00, Data: 00
# [Stimulus] Packet is sent to Driver
#   0
# [Driver] Data is sent to DUT
# [Monitor] Data is sent to Scoreboard
# [base] Write finished! Write data 03 at Address 00
# [Scoreboard] Get packet from Monitor: Address: 00, Data: 00
# 
# ===== t=270190000 PASSED SUCCESSFULLY !!! Expected timing is 1065000, Actual timing is 1079999 =====
# 
# [Stimulus] Packet is sent to Driver
# [Driver] Data is sent to DUT
# [Monitor] Data is sent to Scoreboard
# [base] Write finished! Write data 02 at Address 03
# [Scoreboard] Get packet from Monitor: Address: 03, Data: 00
# [Stimulus] Packet is sent to Driver
# [Driver] Data is sent to DUT
# [Monitor] Data is sent to Scoreboard
# [Base] Write finished! Write Random Data b7 at Address 02
# [Scoreboard] Get packet from Monitor: Address: 02, Data: 00
# [Stimulus] Packet is sent to Driver
#   1
# [Driver] Data is sent to DUT
# [Monitor] Data is sent to Scoreboard
# [base] Write finished! Write data 06 at Address 00
# [Scoreboard] Get packet from Monitor: Address: 00, Data: 00
# [Stimulus] Packet is sent to Driver
#   0
# [Driver] Data is sent to DUT
# [Monitor] Data is sent to Scoreboard
# [base] Write finished! Write data 03 at Address 00
# [Scoreboard] Get packet from Monitor: Address: 00, Data: 00
# 
# ===== t=271410000 PASSED SUCCESSFULLY !!! Expected timing is 915000, Actual timing is 939999 =====
# 
# [Stimulus] Packet is sent to Driver
# [Driver] Data is sent to DUT
# [Monitor] Data is sent to Scoreboard
# [base] Write finished! Write data 02 at Address 03
# [Scoreboard] Get packet from Monitor: Address: 03, Data: 00
# [Stimulus] Packet is sent to Driver
# [Driver] Data is sent to DUT
# [Monitor] Data is sent to Scoreboard
# [Base] Write finished! Write Random Data f1 at Address 02
# [Scoreboard] Get packet from Monitor: Address: 02, Data: 00
# [Stimulus] Packet is sent to Driver
#   1
# [Driver] Data is sent to DUT
# [Monitor] Data is sent to Scoreboard
# [base] Write finished! Write data 06 at Address 00
# [Scoreboard] Get packet from Monitor: Address: 00, Data: 00
# [Stimulus] Packet is sent to Driver
#   0
# [Driver] Data is sent to DUT
# [Monitor] Data is sent to Scoreboard
# [base] Write finished! Write data 03 at Address 00
# [Scoreboard] Get packet from Monitor: Address: 00, Data: 00
# 
# ===== t=272910000 PASSED SUCCESSFULLY !!! Expected timing is 1205000, Actual timing is 1219999 =====
# 
# [Stimulus] Packet is sent to Driver
# [Driver] Data is sent to DUT
# [Monitor] Data is sent to Scoreboard
# [base] Write finished! Write data 02 at Address 03
# [Scoreboard] Get packet from Monitor: Address: 03, Data: 00
# [Stimulus] Packet is sent to Driver
# [Driver] Data is sent to DUT
# [Monitor] Data is sent to Scoreboard
# [Base] Write finished! Write Random Data d0 at Address 02
# [Scoreboard] Get packet from Monitor: Address: 02, Data: 00
# [Stimulus] Packet is sent to Driver
#   1
# [Driver] Data is sent to DUT
# [Monitor] Data is sent to Scoreboard
# [base] Write finished! Write data 06 at Address 00
# [Scoreboard] Get packet from Monitor: Address: 00, Data: 00
# [Stimulus] Packet is sent to Driver
#   0
# [Driver] Data is sent to DUT
# [Monitor] Data is sent to Scoreboard
# [base] Write finished! Write data 03 at Address 00
# [Scoreboard] Get packet from Monitor: Address: 00, Data: 00
# 
# ===== t=274250000 PASSED SUCCESSFULLY !!! Expected timing is 1040000, Actual timing is 1059999 =====
# 
# [Stimulus] Packet is sent to Driver
# [Driver] Data is sent to DUT
# [Monitor] Data is sent to Scoreboard
# [base] Write finished! Write data 02 at Address 03
# [Scoreboard] Get packet from Monitor: Address: 03, Data: 00
# [Stimulus] Packet is sent to Driver
# [Driver] Data is sent to DUT
# [Monitor] Data is sent to Scoreboard
# [Base] Write finished! Write Random Data b5 at Address 02
# [Scoreboard] Get packet from Monitor: Address: 02, Data: 00
# [Stimulus] Packet is sent to Driver
#   1
# [Driver] Data is sent to DUT
# [Monitor] Data is sent to Scoreboard
# [base] Write finished! Write data 06 at Address 00
# [Scoreboard] Get packet from Monitor: Address: 00, Data: 00
# [Stimulus] Packet is sent to Driver
#   0
# [Driver] Data is sent to DUT
# [Monitor] Data is sent to Scoreboard
# [base] Write finished! Write data 03 at Address 00
# [Scoreboard] Get packet from Monitor: Address: 00, Data: 00
# 
# ===== t=275450000 PASSED SUCCESSFULLY !!! Expected timing is 905000, Actual timing is 919999 =====
# 
# [Stimulus] Packet is sent to Driver
# [Driver] Data is sent to DUT
# [Monitor] Data is sent to Scoreboard
# [base] Write finished! Write data 02 at Address 03
# [Scoreboard] Get packet from Monitor: Address: 03, Data: 00
# [Stimulus] Packet is sent to Driver
# [Driver] Data is sent to DUT
# [Monitor] Data is sent to Scoreboard
# [Base] Write finished! Write Random Data 22 at Address 02
# [Scoreboard] Get packet from Monitor: Address: 02, Data: 00
# [Stimulus] Packet is sent to Driver
#   1
# [Driver] Data is sent to DUT
# [Monitor] Data is sent to Scoreboard
# [base] Write finished! Write data 06 at Address 00
# [Scoreboard] Get packet from Monitor: Address: 00, Data: 00
# [Stimulus] Packet is sent to Driver
#   0
# [Driver] Data is sent to DUT
# [Monitor] Data is sent to Scoreboard
# [base] Write finished! Write data 03 at Address 00
# [Scoreboard] Get packet from Monitor: Address: 00, Data: 00
# 
# ===== t=275910000 PASSED SUCCESSFULLY !!! Expected timing is 170000, Actual timing is 179999 =====
# 
# [Stimulus] Packet is sent to Driver
# [Driver] Data is sent to DUT
# [Monitor] Data is sent to Scoreboard
# [base] Write finished! Write data 02 at Address 03
# [Scoreboard] Get packet from Monitor: Address: 03, Data: 00
# [Stimulus] Packet is sent to Driver
# [Driver] Data is sent to DUT
# [Monitor] Data is sent to Scoreboard
# [Base] Write finished! Write Random Data ae at Address 02
# [Scoreboard] Get packet from Monitor: Address: 02, Data: 00
# [Stimulus] Packet is sent to Driver
#   1
# [Driver] Data is sent to DUT
# [Monitor] Data is sent to Scoreboard
# [base] Write finished! Write data 06 at Address 00
# [Scoreboard] Get packet from Monitor: Address: 00, Data: 00
# [Stimulus] Packet is sent to Driver
#   0
# [Driver] Data is sent to DUT
# [Monitor] Data is sent to Scoreboard
# [base] Write finished! Write data 03 at Address 00
# [Scoreboard] Get packet from Monitor: Address: 00, Data: 00
# 
# ===== t=277070000 PASSED SUCCESSFULLY !!! Expected timing is 870000, Actual timing is 879999 =====
# 
# [Stimulus] Packet is sent to Driver
# [Driver] Data is sent to DUT
# [Monitor] Data is sent to Scoreboard
# [base] Write finished! Write data 02 at Address 03
# [Scoreboard] Get packet from Monitor: Address: 03, Data: 00
# [Stimulus] Packet is sent to Driver
# [Driver] Data is sent to DUT
# [Monitor] Data is sent to Scoreboard
# [Base] Write finished! Write Random Data 9f at Address 02
# [Scoreboard] Get packet from Monitor: Address: 02, Data: 00
# [Stimulus] Packet is sent to Driver
#   1
# [Driver] Data is sent to DUT
# [Monitor] Data is sent to Scoreboard
# [base] Write finished! Write data 06 at Address 00
# [Scoreboard] Get packet from Monitor: Address: 00, Data: 00
# [Stimulus] Packet is sent to Driver
#   0
# [Driver] Data is sent to DUT
# [Monitor] Data is sent to Scoreboard
# [base] Write finished! Write data 03 at Address 00
# [Scoreboard] Get packet from Monitor: Address: 00, Data: 00
# 
# ===== t=278170000 PASSED SUCCESSFULLY !!! Expected timing is 795000, Actual timing is 819999 =====
# 
# [Stimulus] Packet is sent to Driver
# [Driver] Data is sent to DUT
# [Monitor] Data is sent to Scoreboard
# [base] Write finished! Write data 02 at Address 03
# [Scoreboard] Get packet from Monitor: Address: 03, Data: 00
# [Stimulus] Packet is sent to Driver
# [Driver] Data is sent to DUT
# [Monitor] Data is sent to Scoreboard
# [Base] Write finished! Write Random Data 2b at Address 02
# [Scoreboard] Get packet from Monitor: Address: 02, Data: 00
# [Stimulus] Packet is sent to Driver
#   1
# [Driver] Data is sent to DUT
# [Monitor] Data is sent to Scoreboard
# [base] Write finished! Write data 06 at Address 00
# [Scoreboard] Get packet from Monitor: Address: 00, Data: 00
# [Stimulus] Packet is sent to Driver
#   0
# [Driver] Data is sent to DUT
# [Monitor] Data is sent to Scoreboard
# [base] Write finished! Write data 03 at Address 00
# [Scoreboard] Get packet from Monitor: Address: 00, Data: 00
# 
# ===== t=278690000 PASSED SUCCESSFULLY !!! Expected timing is 215000, Actual timing is 239999 =====
# 
# [Stimulus] Packet is sent to Driver
# [Driver] Data is sent to DUT
# [Monitor] Data is sent to Scoreboard
# [base] Write finished! Write data 02 at Address 03
# [Scoreboard] Get packet from Monitor: Address: 03, Data: 00
# [Stimulus] Packet is sent to Driver
# [Driver] Data is sent to DUT
# [Monitor] Data is sent to Scoreboard
# [Base] Write finished! Write Random Data b8 at Address 02
# [Scoreboard] Get packet from Monitor: Address: 02, Data: 00
# [Stimulus] Packet is sent to Driver
#   1
# [Driver] Data is sent to DUT
# [Monitor] Data is sent to Scoreboard
# [base] Write finished! Write data 06 at Address 00
# [Scoreboard] Get packet from Monitor: Address: 00, Data: 00
# [Stimulus] Packet is sent to Driver
#   0
# [Driver] Data is sent to DUT
# [Monitor] Data is sent to Scoreboard
# [base] Write finished! Write data 03 at Address 00
# [Scoreboard] Get packet from Monitor: Address: 00, Data: 00
# 
# ===== t=279910000 PASSED SUCCESSFULLY !!! Expected timing is 920000, Actual timing is 939999 =====
# 
# [Stimulus] Packet is sent to Driver
# [Driver] Data is sent to DUT
# [Monitor] Data is sent to Scoreboard
# [base] Write finished! Write data 02 at Address 03
# [Scoreboard] Get packet from Monitor: Address: 03, Data: 00
# [Stimulus] Packet is sent to Driver
# [Driver] Data is sent to DUT
# [Monitor] Data is sent to Scoreboard
# [Base] Write finished! Write Random Data 1c at Address 02
# [Scoreboard] Get packet from Monitor: Address: 02, Data: 00
# [Stimulus] Packet is sent to Driver
#   1
# [Driver] Data is sent to DUT
# [Monitor] Data is sent to Scoreboard
# [base] Write finished! Write data 06 at Address 00
# [Scoreboard] Get packet from Monitor: Address: 00, Data: 00
# [Stimulus] Packet is sent to Driver
#   0
# [Driver] Data is sent to DUT
# [Monitor] Data is sent to Scoreboard
# [base] Write finished! Write data 03 at Address 00
# [Scoreboard] Get packet from Monitor: Address: 00, Data: 00
# 
# ===== t=280350000 PASSED SUCCESSFULLY !!! Expected timing is 140000, Actual timing is 159999 =====
# 
# [Stimulus] Packet is sent to Driver
# [Driver] Data is sent to DUT
# [Monitor] Data is sent to Scoreboard
# [base] Write finished! Write data 02 at Address 03
# [Scoreboard] Get packet from Monitor: Address: 03, Data: 00
# [Stimulus] Packet is sent to Driver
# [Driver] Data is sent to DUT
# [Monitor] Data is sent to Scoreboard
# [Base] Write finished! Write Random Data 39 at Address 02
# [Scoreboard] Get packet from Monitor: Address: 02, Data: 00
# [Stimulus] Packet is sent to Driver
#   1
# [Driver] Data is sent to DUT
# [Monitor] Data is sent to Scoreboard
# [base] Write finished! Write data 06 at Address 00
# [Scoreboard] Get packet from Monitor: Address: 00, Data: 00
# [Stimulus] Packet is sent to Driver
#   0
# [Driver] Data is sent to DUT
# [Monitor] Data is sent to Scoreboard
# [base] Write finished! Write data 03 at Address 00
# [Scoreboard] Get packet from Monitor: Address: 00, Data: 00
# 
# ===== t=280930000 PASSED SUCCESSFULLY !!! Expected timing is 285000, Actual timing is 299999 =====
# 
# [Stimulus] Packet is sent to Driver
# [Driver] Data is sent to DUT
# [Monitor] Data is sent to Scoreboard
# [base] Write finished! Write data 02 at Address 03
# [Scoreboard] Get packet from Monitor: Address: 03, Data: 00
# [Stimulus] Packet is sent to Driver
# [Driver] Data is sent to DUT
# [Monitor] Data is sent to Scoreboard
# [Base] Write finished! Write Random Data 4b at Address 02
# [Scoreboard] Get packet from Monitor: Address: 02, Data: 00
# [Stimulus] Packet is sent to Driver
#   1
# [Driver] Data is sent to DUT
# [Monitor] Data is sent to Scoreboard
# [base] Write finished! Write data 06 at Address 00
# [Scoreboard] Get packet from Monitor: Address: 00, Data: 00
# [Stimulus] Packet is sent to Driver
#   0
# [Driver] Data is sent to DUT
# [Monitor] Data is sent to Scoreboard
# [base] Write finished! Write data 03 at Address 00
# [Scoreboard] Get packet from Monitor: Address: 00, Data: 00
# 
# ===== t=281610000 PASSED SUCCESSFULLY !!! Expected timing is 375000, Actual timing is 399999 =====
# 
# [Stimulus] Packet is sent to Driver
# [Driver] Data is sent to DUT
# [Monitor] Data is sent to Scoreboard
# [base] Write finished! Write data 02 at Address 03
# [Scoreboard] Get packet from Monitor: Address: 03, Data: 00
# [Stimulus] Packet is sent to Driver
# [Driver] Data is sent to DUT
# [Monitor] Data is sent to Scoreboard
# [Base] Write finished! Write Random Data e9 at Address 02
# [Scoreboard] Get packet from Monitor: Address: 02, Data: 00
# [Stimulus] Packet is sent to Driver
#   1
# [Driver] Data is sent to DUT
# [Monitor] Data is sent to Scoreboard
# [base] Write finished! Write data 06 at Address 00
# [Scoreboard] Get packet from Monitor: Address: 00, Data: 00
# [Stimulus] Packet is sent to Driver
#   0
# [Driver] Data is sent to DUT
# [Monitor] Data is sent to Scoreboard
# [base] Write finished! Write data 03 at Address 00
# [Scoreboard] Get packet from Monitor: Address: 00, Data: 00
# 
# ===== t=283070000 PASSED SUCCESSFULLY !!! Expected timing is 1165000, Actual timing is 1179999 =====
# 
# [Stimulus] Packet is sent to Driver
# [Driver] Data is sent to DUT
# [Monitor] Data is sent to Scoreboard
# [base] Write finished! Write data 02 at Address 03
# [Scoreboard] Get packet from Monitor: Address: 03, Data: 00
# [Stimulus] Packet is sent to Driver
# [Driver] Data is sent to DUT
# [Monitor] Data is sent to Scoreboard
# [Base] Write finished! Write Random Data 4d at Address 02
# [Scoreboard] Get packet from Monitor: Address: 02, Data: 00
# [Stimulus] Packet is sent to Driver
#   1
# [Driver] Data is sent to DUT
# [Monitor] Data is sent to Scoreboard
# [base] Write finished! Write data 06 at Address 00
# [Scoreboard] Get packet from Monitor: Address: 00, Data: 00
# [Stimulus] Packet is sent to Driver
#   0
# [Driver] Data is sent to DUT
# [Monitor] Data is sent to Scoreboard
# [base] Write finished! Write data 03 at Address 00
# [Scoreboard] Get packet from Monitor: Address: 00, Data: 00
# 
# ===== t=283750000 PASSED SUCCESSFULLY !!! Expected timing is 385000, Actual timing is 399999 =====
# 
# [Stimulus] Packet is sent to Driver
# [Driver] Data is sent to DUT
# [Monitor] Data is sent to Scoreboard
# [base] Write finished! Write data 02 at Address 03
# [Scoreboard] Get packet from Monitor: Address: 03, Data: 00
# [Stimulus] Packet is sent to Driver
# [Driver] Data is sent to DUT
# [Monitor] Data is sent to Scoreboard
# [Base] Write finished! Write Random Data 23 at Address 02
# [Scoreboard] Get packet from Monitor: Address: 02, Data: 00
# [Stimulus] Packet is sent to Driver
#   1
# [Driver] Data is sent to DUT
# [Monitor] Data is sent to Scoreboard
# [base] Write finished! Write data 06 at Address 00
# [Scoreboard] Get packet from Monitor: Address: 00, Data: 00
# [Stimulus] Packet is sent to Driver
#   0
# [Driver] Data is sent to DUT
# [Monitor] Data is sent to Scoreboard
# [base] Write finished! Write data 03 at Address 00
# [Scoreboard] Get packet from Monitor: Address: 00, Data: 00
# 
# ===== t=284230000 PASSED SUCCESSFULLY !!! Expected timing is 175000, Actual timing is 199999 =====
# 
# [Stimulus] Packet is sent to Driver
# [Driver] Data is sent to DUT
# [Monitor] Data is sent to Scoreboard
# [base] Write finished! Write data 02 at Address 03
# [Scoreboard] Get packet from Monitor: Address: 03, Data: 00
# [Stimulus] Packet is sent to Driver
# [Driver] Data is sent to DUT
# [Monitor] Data is sent to Scoreboard
# [Base] Write finished! Write Random Data 7c at Address 02
# [Scoreboard] Get packet from Monitor: Address: 02, Data: 00
# [Stimulus] Packet is sent to Driver
#   1
# [Driver] Data is sent to DUT
# [Monitor] Data is sent to Scoreboard
# [base] Write finished! Write data 06 at Address 00
# [Scoreboard] Get packet from Monitor: Address: 00, Data: 00
# [Stimulus] Packet is sent to Driver
#   0
# [Driver] Data is sent to DUT
# [Monitor] Data is sent to Scoreboard
# [base] Write finished! Write data 03 at Address 00
# [Scoreboard] Get packet from Monitor: Address: 00, Data: 00
# 
# ===== t=285150000 PASSED SUCCESSFULLY !!! Expected timing is 620000, Actual timing is 639999 =====
# 
# [Stimulus] Packet is sent to Driver
# [Driver] Data is sent to DUT
# [Monitor] Data is sent to Scoreboard
# [base] Write finished! Write data 02 at Address 03
# [Scoreboard] Get packet from Monitor: Address: 03, Data: 00
# [Stimulus] Packet is sent to Driver
# [Driver] Data is sent to DUT
# [Monitor] Data is sent to Scoreboard
# [Base] Write finished! Write Random Data 27 at Address 02
# [Scoreboard] Get packet from Monitor: Address: 02, Data: 00
# [Stimulus] Packet is sent to Driver
#   1
# [Driver] Data is sent to DUT
# [Monitor] Data is sent to Scoreboard
# [base] Write finished! Write data 06 at Address 00
# [Scoreboard] Get packet from Monitor: Address: 00, Data: 00
# [Stimulus] Packet is sent to Driver
#   0
# [Driver] Data is sent to DUT
# [Monitor] Data is sent to Scoreboard
# [base] Write finished! Write data 03 at Address 00
# [Scoreboard] Get packet from Monitor: Address: 00, Data: 00
# 
# ===== t=285650000 PASSED SUCCESSFULLY !!! Expected timing is 195000, Actual timing is 219999 =====
# 
# [Stimulus] Packet is sent to Driver
# [Driver] Data is sent to DUT
# [Monitor] Data is sent to Scoreboard
# [base] Write finished! Write data 02 at Address 03
# [Scoreboard] Get packet from Monitor: Address: 03, Data: 00
# [Stimulus] Packet is sent to Driver
# [Driver] Data is sent to DUT
# [Monitor] Data is sent to Scoreboard
# [Base] Write finished! Write Random Data 4b at Address 02
# [Scoreboard] Get packet from Monitor: Address: 02, Data: 00
# [Stimulus] Packet is sent to Driver
#   1
# [Driver] Data is sent to DUT
# [Monitor] Data is sent to Scoreboard
# [base] Write finished! Write data 06 at Address 00
# [Scoreboard] Get packet from Monitor: Address: 00, Data: 00
# [Stimulus] Packet is sent to Driver
#   0
# [Driver] Data is sent to DUT
# [Monitor] Data is sent to Scoreboard
# [base] Write finished! Write data 03 at Address 00
# [Scoreboard] Get packet from Monitor: Address: 00, Data: 00
# 
# ===== t=286330000 PASSED SUCCESSFULLY !!! Expected timing is 375000, Actual timing is 399999 =====
# 
# [Stimulus] Packet is sent to Driver
# [Driver] Data is sent to DUT
# [Monitor] Data is sent to Scoreboard
# [base] Write finished! Write data 02 at Address 03
# [Scoreboard] Get packet from Monitor: Address: 03, Data: 00
# [Stimulus] Packet is sent to Driver
# [Driver] Data is sent to DUT
# [Monitor] Data is sent to Scoreboard
# [Base] Write finished! Write Random Data ab at Address 02
# [Scoreboard] Get packet from Monitor: Address: 02, Data: 00
# [Stimulus] Packet is sent to Driver
#   1
# [Driver] Data is sent to DUT
# [Monitor] Data is sent to Scoreboard
# [base] Write finished! Write data 06 at Address 00
# [Scoreboard] Get packet from Monitor: Address: 00, Data: 00
# [Stimulus] Packet is sent to Driver
#   0
# [Driver] Data is sent to DUT
# [Monitor] Data is sent to Scoreboard
# [base] Write finished! Write data 03 at Address 00
# [Scoreboard] Get packet from Monitor: Address: 00, Data: 00
# 
# ===== t=287490000 PASSED SUCCESSFULLY !!! Expected timing is 855000, Actual timing is 879999 =====
# 
# [Stimulus] Packet is sent to Driver
# [Driver] Data is sent to DUT
# [Monitor] Data is sent to Scoreboard
# [base] Write finished! Write data 02 at Address 03
# [Scoreboard] Get packet from Monitor: Address: 03, Data: 00
# [Stimulus] Packet is sent to Driver
# [Driver] Data is sent to DUT
# [Monitor] Data is sent to Scoreboard
# [Base] Write finished! Write Random Data 5f at Address 02
# [Scoreboard] Get packet from Monitor: Address: 02, Data: 00
# [Stimulus] Packet is sent to Driver
#   1
# [Driver] Data is sent to DUT
# [Monitor] Data is sent to Scoreboard
# [base] Write finished! Write data 06 at Address 00
# [Scoreboard] Get packet from Monitor: Address: 00, Data: 00
# [Stimulus] Packet is sent to Driver
#   0
# [Driver] Data is sent to DUT
# [Monitor] Data is sent to Scoreboard
# [base] Write finished! Write data 03 at Address 00
# [Scoreboard] Get packet from Monitor: Address: 00, Data: 00
# 
# ===== t=288270000 PASSED SUCCESSFULLY !!! Expected timing is 475000, Actual timing is 499999 =====
# 
# [Stimulus] Packet is sent to Driver
# [Driver] Data is sent to DUT
# [Monitor] Data is sent to Scoreboard
# [base] Write finished! Write data 02 at Address 03
# [Scoreboard] Get packet from Monitor: Address: 03, Data: 00
# [Stimulus] Packet is sent to Driver
# [Driver] Data is sent to DUT
# [Monitor] Data is sent to Scoreboard
# [Base] Write finished! Write Random Data f1 at Address 02
# [Scoreboard] Get packet from Monitor: Address: 02, Data: 00
# [Stimulus] Packet is sent to Driver
#   1
# [Driver] Data is sent to DUT
# [Monitor] Data is sent to Scoreboard
# [base] Write finished! Write data 06 at Address 00
# [Scoreboard] Get packet from Monitor: Address: 00, Data: 00
# [Stimulus] Packet is sent to Driver
#   0
# [Driver] Data is sent to DUT
# [Monitor] Data is sent to Scoreboard
# [base] Write finished! Write data 03 at Address 00
# [Scoreboard] Get packet from Monitor: Address: 00, Data: 00
# 
# ===== t=289770000 PASSED SUCCESSFULLY !!! Expected timing is 1205000, Actual timing is 1219999 =====
# 
# [Stimulus] Packet is sent to Driver
# [Driver] Data is sent to DUT
# [Monitor] Data is sent to Scoreboard
# [base] Write finished! Write data 02 at Address 03
# [Scoreboard] Get packet from Monitor: Address: 03, Data: 00
# [Stimulus] Packet is sent to Driver
# [Driver] Data is sent to DUT
# [Monitor] Data is sent to Scoreboard
# [Base] Write finished! Write Random Data 39 at Address 02
# [Scoreboard] Get packet from Monitor: Address: 02, Data: 00
# [Stimulus] Packet is sent to Driver
#   1
# [Driver] Data is sent to DUT
# [Monitor] Data is sent to Scoreboard
# [base] Write finished! Write data 06 at Address 00
# [Scoreboard] Get packet from Monitor: Address: 00, Data: 00
# [Stimulus] Packet is sent to Driver
#   0
# [Driver] Data is sent to DUT
# [Monitor] Data is sent to Scoreboard
# [base] Write finished! Write data 03 at Address 00
# [Scoreboard] Get packet from Monitor: Address: 00, Data: 00
# 
# ===== t=290350000 PASSED SUCCESSFULLY !!! Expected timing is 285000, Actual timing is 299999 =====
# 
# [Stimulus] Packet is sent to Driver
# [Driver] Data is sent to DUT
# [Monitor] Data is sent to Scoreboard
# [base] Write finished! Write data 02 at Address 03
# [Scoreboard] Get packet from Monitor: Address: 03, Data: 00
# [Stimulus] Packet is sent to Driver
# [Driver] Data is sent to DUT
# [Monitor] Data is sent to Scoreboard
# [Base] Write finished! Write Random Data 0d at Address 02
# [Scoreboard] Get packet from Monitor: Address: 02, Data: 00
# [Stimulus] Packet is sent to Driver
#   1
# [Driver] Data is sent to DUT
# [Monitor] Data is sent to Scoreboard
# [base] Write finished! Write data 06 at Address 00
# [Scoreboard] Get packet from Monitor: Address: 00, Data: 00
# [Stimulus] Packet is sent to Driver
#   0
# [Driver] Data is sent to DUT
# [Monitor] Data is sent to Scoreboard
# [base] Write finished! Write data 03 at Address 00
# [Scoreboard] Get packet from Monitor: Address: 00, Data: 00
# 
# ===== t=290710000 PASSED SUCCESSFULLY !!! Expected timing is 65000, Actual timing is 79999 =====
# 
# [Stimulus] Packet is sent to Driver
# [Driver] Data is sent to DUT
# [Monitor] Data is sent to Scoreboard
# [base] Write finished! Write data 02 at Address 03
# [Scoreboard] Get packet from Monitor: Address: 03, Data: 00
# [Stimulus] Packet is sent to Driver
# [Driver] Data is sent to DUT
# [Monitor] Data is sent to Scoreboard
# [Base] Write finished! Write Random Data 95 at Address 02
# [Scoreboard] Get packet from Monitor: Address: 02, Data: 00
# [Stimulus] Packet is sent to Driver
#   1
# [Driver] Data is sent to DUT
# [Monitor] Data is sent to Scoreboard
# [base] Write finished! Write data 06 at Address 00
# [Scoreboard] Get packet from Monitor: Address: 00, Data: 00
# [Stimulus] Packet is sent to Driver
#   0
# [Driver] Data is sent to DUT
# [Monitor] Data is sent to Scoreboard
# [base] Write finished! Write data 03 at Address 00
# [Scoreboard] Get packet from Monitor: Address: 00, Data: 00
# 
# ===== t=291750000 PASSED SUCCESSFULLY !!! Expected timing is 745000, Actual timing is 759999 =====
# 
# [Stimulus] Packet is sent to Driver
# [Driver] Data is sent to DUT
# [Monitor] Data is sent to Scoreboard
# [base] Write finished! Write data 02 at Address 03
# [Scoreboard] Get packet from Monitor: Address: 03, Data: 00
# [Stimulus] Packet is sent to Driver
# [Driver] Data is sent to DUT
# [Monitor] Data is sent to Scoreboard
# [Base] Write finished! Write Random Data 32 at Address 02
# [Scoreboard] Get packet from Monitor: Address: 02, Data: 00
# [Stimulus] Packet is sent to Driver
#   1
# [Driver] Data is sent to DUT
# [Monitor] Data is sent to Scoreboard
# [base] Write finished! Write data 06 at Address 00
# [Scoreboard] Get packet from Monitor: Address: 00, Data: 00
# [Stimulus] Packet is sent to Driver
#   0
# [Driver] Data is sent to DUT
# [Monitor] Data is sent to Scoreboard
# [base] Write finished! Write data 03 at Address 00
# [Scoreboard] Get packet from Monitor: Address: 00, Data: 00
# 
# ===== t=292290000 PASSED SUCCESSFULLY !!! Expected timing is 250000, Actual timing is 259999 =====
# 
# [Stimulus] Packet is sent to Driver
# [Driver] Data is sent to DUT
# [Monitor] Data is sent to Scoreboard
# [base] Write finished! Write data 02 at Address 03
# [Scoreboard] Get packet from Monitor: Address: 03, Data: 00
# [Stimulus] Packet is sent to Driver
# [Driver] Data is sent to DUT
# [Monitor] Data is sent to Scoreboard
# [Base] Write finished! Write Random Data d3 at Address 02
# [Scoreboard] Get packet from Monitor: Address: 02, Data: 00
# [Stimulus] Packet is sent to Driver
#   1
# [Driver] Data is sent to DUT
# [Monitor] Data is sent to Scoreboard
# [base] Write finished! Write data 06 at Address 00
# [Scoreboard] Get packet from Monitor: Address: 00, Data: 00
# [Stimulus] Packet is sent to Driver
#   0
# [Driver] Data is sent to DUT
# [Monitor] Data is sent to Scoreboard
# [base] Write finished! Write data 03 at Address 00
# [Scoreboard] Get packet from Monitor: Address: 00, Data: 00
# 
# ===== t=293650000 PASSED SUCCESSFULLY !!! Expected timing is 1055000, Actual timing is 1079999 =====
# 
# [Stimulus] Packet is sent to Driver
# [Driver] Data is sent to DUT
# [Monitor] Data is sent to Scoreboard
# [base] Write finished! Write data 02 at Address 03
# [Scoreboard] Get packet from Monitor: Address: 03, Data: 00
# [Stimulus] Packet is sent to Driver
# [Driver] Data is sent to DUT
# [Monitor] Data is sent to Scoreboard
# [Base] Write finished! Write Random Data a9 at Address 02
# [Scoreboard] Get packet from Monitor: Address: 02, Data: 00
# [Stimulus] Packet is sent to Driver
#   1
# [Driver] Data is sent to DUT
# [Monitor] Data is sent to Scoreboard
# [base] Write finished! Write data 06 at Address 00
# [Scoreboard] Get packet from Monitor: Address: 00, Data: 00
# [Stimulus] Packet is sent to Driver
#   0
# [Driver] Data is sent to DUT
# [Monitor] Data is sent to Scoreboard
# [base] Write finished! Write data 03 at Address 00
# [Scoreboard] Get packet from Monitor: Address: 00, Data: 00
# 
# ===== t=294790000 PASSED SUCCESSFULLY !!! Expected timing is 845000, Actual timing is 859999 =====
# 
# [Stimulus] Packet is sent to Driver
# [Driver] Data is sent to DUT
# [Monitor] Data is sent to Scoreboard
# [base] Write finished! Write data 02 at Address 03
# [Scoreboard] Get packet from Monitor: Address: 03, Data: 00
# [Stimulus] Packet is sent to Driver
# [Driver] Data is sent to DUT
# [Monitor] Data is sent to Scoreboard
# [Base] Write finished! Write Random Data 7d at Address 02
# [Scoreboard] Get packet from Monitor: Address: 02, Data: 00
# [Stimulus] Packet is sent to Driver
#   1
# [Driver] Data is sent to DUT
# [Monitor] Data is sent to Scoreboard
# [base] Write finished! Write data 06 at Address 00
# [Scoreboard] Get packet from Monitor: Address: 00, Data: 00
# [Stimulus] Packet is sent to Driver
#   0
# [Driver] Data is sent to DUT
# [Monitor] Data is sent to Scoreboard
# [base] Write finished! Write data 03 at Address 00
# [Scoreboard] Get packet from Monitor: Address: 00, Data: 00
# 
# ===== t=295710000 PASSED SUCCESSFULLY !!! Expected timing is 625000, Actual timing is 639999 =====
# 
# [Stimulus] Packet is sent to Driver
# [Driver] Data is sent to DUT
# [Monitor] Data is sent to Scoreboard
# [base] Write finished! Write data 02 at Address 03
# [Scoreboard] Get packet from Monitor: Address: 03, Data: 00
# [Stimulus] Packet is sent to Driver
# [Driver] Data is sent to DUT
# [Monitor] Data is sent to Scoreboard
# [Base] Write finished! Write Random Data 8c at Address 02
# [Scoreboard] Get packet from Monitor: Address: 02, Data: 00
# [Stimulus] Packet is sent to Driver
#   1
# [Driver] Data is sent to DUT
# [Monitor] Data is sent to Scoreboard
# [base] Write finished! Write data 06 at Address 00
# [Scoreboard] Get packet from Monitor: Address: 00, Data: 00
# [Stimulus] Packet is sent to Driver
#   0
# [Driver] Data is sent to DUT
# [Monitor] Data is sent to Scoreboard
# [base] Write finished! Write data 03 at Address 00
# [Scoreboard] Get packet from Monitor: Address: 00, Data: 00
# 
# ===== t=296710000 PASSED SUCCESSFULLY !!! Expected timing is 700000, Actual timing is 719999 =====
# 
# [Stimulus] Packet is sent to Driver
# [Driver] Data is sent to DUT
# [Monitor] Data is sent to Scoreboard
# [base] Write finished! Write data 02 at Address 03
# [Scoreboard] Get packet from Monitor: Address: 03, Data: 00
# [Stimulus] Packet is sent to Driver
# [Driver] Data is sent to DUT
# [Monitor] Data is sent to Scoreboard
# [Base] Write finished! Write Random Data 06 at Address 02
# [Scoreboard] Get packet from Monitor: Address: 02, Data: 00
# [Stimulus] Packet is sent to Driver
#   1
# [Driver] Data is sent to DUT
# [Monitor] Data is sent to Scoreboard
# [base] Write finished! Write data 06 at Address 00
# [Scoreboard] Get packet from Monitor: Address: 00, Data: 00
# [Stimulus] Packet is sent to Driver
#   0
# [Driver] Data is sent to DUT
# [Monitor] Data is sent to Scoreboard
# [base] Write finished! Write data 03 at Address 00
# [Scoreboard] Get packet from Monitor: Address: 00, Data: 00
# 
# ===== t=297030000 PASSED SUCCESSFULLY !!! Expected timing is 30000, Actual timing is 39999 =====
# 
# [Stimulus] Packet is sent to Driver
# [Driver] Data is sent to DUT
# [Monitor] Data is sent to Scoreboard
# [base] Write finished! Write data 02 at Address 03
# [Scoreboard] Get packet from Monitor: Address: 03, Data: 00
# [Stimulus] Packet is sent to Driver
# [Driver] Data is sent to DUT
# [Monitor] Data is sent to Scoreboard
# [Base] Write finished! Write Random Data be at Address 02
# [Scoreboard] Get packet from Monitor: Address: 02, Data: 00
# [Stimulus] Packet is sent to Driver
#   1
# [Driver] Data is sent to DUT
# [Monitor] Data is sent to Scoreboard
# [base] Write finished! Write data 06 at Address 00
# [Scoreboard] Get packet from Monitor: Address: 00, Data: 00
# [Stimulus] Packet is sent to Driver
#   0
# [Driver] Data is sent to DUT
# [Monitor] Data is sent to Scoreboard
# [base] Write finished! Write data 03 at Address 00
# [Scoreboard] Get packet from Monitor: Address: 00, Data: 00
# 
# ===== t=298270000 PASSED SUCCESSFULLY !!! Expected timing is 950000, Actual timing is 959999 =====
# 
# [Stimulus] Packet is sent to Driver
# [Driver] Data is sent to DUT
# [Monitor] Data is sent to Scoreboard
# [base] Write finished! Write data 02 at Address 03
# [Scoreboard] Get packet from Monitor: Address: 03, Data: 00
# [Stimulus] Packet is sent to Driver
# [Driver] Data is sent to DUT
# [Monitor] Data is sent to Scoreboard
# [Base] Write finished! Write Random Data cd at Address 02
# [Scoreboard] Get packet from Monitor: Address: 02, Data: 00
# [Stimulus] Packet is sent to Driver
#   1
# [Driver] Data is sent to DUT
# [Monitor] Data is sent to Scoreboard
# [base] Write finished! Write data 06 at Address 00
# [Scoreboard] Get packet from Monitor: Address: 00, Data: 00
# [Stimulus] Packet is sent to Driver
#   0
# [Driver] Data is sent to DUT
# [Monitor] Data is sent to Scoreboard
# [base] Write finished! Write data 03 at Address 00
# [Scoreboard] Get packet from Monitor: Address: 00, Data: 00
# 
# ===== t=299590000 PASSED SUCCESSFULLY !!! Expected timing is 1025000, Actual timing is 1039999 =====
# 
# [Stimulus] Packet is sent to Driver
# [Driver] Data is sent to DUT
# [Monitor] Data is sent to Scoreboard
# [base] Write finished! Write data 02 at Address 03
# [Scoreboard] Get packet from Monitor: Address: 03, Data: 00
# [Stimulus] Packet is sent to Driver
# [Driver] Data is sent to DUT
# [Monitor] Data is sent to Scoreboard
# [Base] Write finished! Write Random Data e6 at Address 02
# [Scoreboard] Get packet from Monitor: Address: 02, Data: 00
# [Stimulus] Packet is sent to Driver
#   1
# [Driver] Data is sent to DUT
# [Monitor] Data is sent to Scoreboard
# [base] Write finished! Write data 06 at Address 00
# [Scoreboard] Get packet from Monitor: Address: 00, Data: 00
# [Stimulus] Packet is sent to Driver
#   0
# [Driver] Data is sent to DUT
# [Monitor] Data is sent to Scoreboard
# [base] Write finished! Write data 03 at Address 00
# [Scoreboard] Get packet from Monitor: Address: 00, Data: 00
# 
# ===== t=301030000 PASSED SUCCESSFULLY !!! Expected timing is 1150000, Actual timing is 1159999 =====
# 
# [Stimulus] Packet is sent to Driver
# [Driver] Data is sent to DUT
# [Monitor] Data is sent to Scoreboard
# [base] Write finished! Write data 02 at Address 03
# [Scoreboard] Get packet from Monitor: Address: 03, Data: 00
# [Stimulus] Packet is sent to Driver
# [Driver] Data is sent to DUT
# [Monitor] Data is sent to Scoreboard
# [Base] Write finished! Write Random Data f9 at Address 02
# [Scoreboard] Get packet from Monitor: Address: 02, Data: 00
# [Stimulus] Packet is sent to Driver
#   1
# [Driver] Data is sent to DUT
# [Monitor] Data is sent to Scoreboard
# [base] Write finished! Write data 06 at Address 00
# [Scoreboard] Get packet from Monitor: Address: 00, Data: 00
# [Stimulus] Packet is sent to Driver
#   0
# [Driver] Data is sent to DUT
# [Monitor] Data is sent to Scoreboard
# [base] Write finished! Write data 03 at Address 00
# [Scoreboard] Get packet from Monitor: Address: 00, Data: 00
# 
# ===== t=302570000 PASSED SUCCESSFULLY !!! Expected timing is 1245000, Actual timing is 1259999 =====
# 
# [Stimulus] Packet is sent to Driver
# [Driver] Data is sent to DUT
# [Monitor] Data is sent to Scoreboard
# [base] Write finished! Write data 02 at Address 03
# [Scoreboard] Get packet from Monitor: Address: 03, Data: 00
# [Stimulus] Packet is sent to Driver
# [Driver] Data is sent to DUT
# [Monitor] Data is sent to Scoreboard
# [Base] Write finished! Write Random Data 46 at Address 02
# [Scoreboard] Get packet from Monitor: Address: 02, Data: 00
# [Stimulus] Packet is sent to Driver
#   1
# [Driver] Data is sent to DUT
# [Monitor] Data is sent to Scoreboard
# [base] Write finished! Write data 06 at Address 00
# [Scoreboard] Get packet from Monitor: Address: 00, Data: 00
# [Stimulus] Packet is sent to Driver
#   0
# [Driver] Data is sent to DUT
# [Monitor] Data is sent to Scoreboard
# [base] Write finished! Write data 03 at Address 00
# [Scoreboard] Get packet from Monitor: Address: 00, Data: 00
# 
# ===== t=303210000 PASSED SUCCESSFULLY !!! Expected timing is 350000, Actual timing is 359999 =====
# 
# [Stimulus] Packet is sent to Driver
# [Driver] Data is sent to DUT
# [Monitor] Data is sent to Scoreboard
# [base] Write finished! Write data 02 at Address 03
# [Scoreboard] Get packet from Monitor: Address: 03, Data: 00
# [Stimulus] Packet is sent to Driver
# [Driver] Data is sent to DUT
# [Monitor] Data is sent to Scoreboard
# [Base] Write finished! Write Random Data 3f at Address 02
# [Scoreboard] Get packet from Monitor: Address: 02, Data: 00
# [Stimulus] Packet is sent to Driver
#   1
# [Driver] Data is sent to DUT
# [Monitor] Data is sent to Scoreboard
# [base] Write finished! Write data 06 at Address 00
# [Scoreboard] Get packet from Monitor: Address: 00, Data: 00
# [Stimulus] Packet is sent to Driver
#   0
# [Driver] Data is sent to DUT
# [Monitor] Data is sent to Scoreboard
# [base] Write finished! Write data 03 at Address 00
# [Scoreboard] Get packet from Monitor: Address: 00, Data: 00
# 
# ===== t=303830000 PASSED SUCCESSFULLY !!! Expected timing is 315000, Actual timing is 339999 =====
# 
# [Stimulus] Packet is sent to Driver
# [Driver] Data is sent to DUT
# [Monitor] Data is sent to Scoreboard
# [base] Write finished! Write data 02 at Address 03
# [Scoreboard] Get packet from Monitor: Address: 03, Data: 00
# [Stimulus] Packet is sent to Driver
# [Driver] Data is sent to DUT
# [Monitor] Data is sent to Scoreboard
# [Base] Write finished! Write Random Data 5d at Address 02
# [Scoreboard] Get packet from Monitor: Address: 02, Data: 00
# [Stimulus] Packet is sent to Driver
#   1
# [Driver] Data is sent to DUT
# [Monitor] Data is sent to Scoreboard
# [base] Write finished! Write data 06 at Address 00
# [Scoreboard] Get packet from Monitor: Address: 00, Data: 00
# [Stimulus] Packet is sent to Driver
#   0
# [Driver] Data is sent to DUT
# [Monitor] Data is sent to Scoreboard
# [base] Write finished! Write data 03 at Address 00
# [Scoreboard] Get packet from Monitor: Address: 00, Data: 00
# 
# ===== t=304590000 PASSED SUCCESSFULLY !!! Expected timing is 465000, Actual timing is 479999 =====
# 
# [Stimulus] Packet is sent to Driver
# [Driver] Data is sent to DUT
# [Monitor] Data is sent to Scoreboard
# [base] Write finished! Write data 02 at Address 03
# [Scoreboard] Get packet from Monitor: Address: 03, Data: 00
# [Stimulus] Packet is sent to Driver
# [Driver] Data is sent to DUT
# [Monitor] Data is sent to Scoreboard
# [Base] Write finished! Write Random Data b8 at Address 02
# [Scoreboard] Get packet from Monitor: Address: 02, Data: 00
# [Stimulus] Packet is sent to Driver
#   1
# [Driver] Data is sent to DUT
# [Monitor] Data is sent to Scoreboard
# [base] Write finished! Write data 06 at Address 00
# [Scoreboard] Get packet from Monitor: Address: 00, Data: 00
# [Stimulus] Packet is sent to Driver
#   0
# [Driver] Data is sent to DUT
# [Monitor] Data is sent to Scoreboard
# [base] Write finished! Write data 03 at Address 00
# [Scoreboard] Get packet from Monitor: Address: 00, Data: 00
# 
# ===== t=305810000 PASSED SUCCESSFULLY !!! Expected timing is 920000, Actual timing is 939999 =====
# 
# [Stimulus] Packet is sent to Driver
# [Driver] Data is sent to DUT
# [Monitor] Data is sent to Scoreboard
# [base] Write finished! Write data 02 at Address 03
# [Scoreboard] Get packet from Monitor: Address: 03, Data: 00
# [Stimulus] Packet is sent to Driver
# [Driver] Data is sent to DUT
# [Monitor] Data is sent to Scoreboard
# [Base] Write finished! Write Random Data 6e at Address 02
# [Scoreboard] Get packet from Monitor: Address: 02, Data: 00
# [Stimulus] Packet is sent to Driver
#   1
# [Driver] Data is sent to DUT
# [Monitor] Data is sent to Scoreboard
# [base] Write finished! Write data 06 at Address 00
# [Scoreboard] Get packet from Monitor: Address: 00, Data: 00
# [Stimulus] Packet is sent to Driver
#   0
# [Driver] Data is sent to DUT
# [Monitor] Data is sent to Scoreboard
# [base] Write finished! Write data 03 at Address 00
# [Scoreboard] Get packet from Monitor: Address: 00, Data: 00
# 
# ===== t=306650000 PASSED SUCCESSFULLY !!! Expected timing is 550000, Actual timing is 559999 =====
# 
# [Stimulus] Packet is sent to Driver
# [Driver] Data is sent to DUT
# [Monitor] Data is sent to Scoreboard
# [base] Write finished! Write data 02 at Address 03
# [Scoreboard] Get packet from Monitor: Address: 03, Data: 00
# [Stimulus] Packet is sent to Driver
# [Driver] Data is sent to DUT
# [Monitor] Data is sent to Scoreboard
# [Base] Write finished! Write Random Data 80 at Address 02
# [Scoreboard] Get packet from Monitor: Address: 02, Data: 00
# [Stimulus] Packet is sent to Driver
#   1
# [Driver] Data is sent to DUT
# [Monitor] Data is sent to Scoreboard
# [base] Write finished! Write data 06 at Address 00
# [Scoreboard] Get packet from Monitor: Address: 00, Data: 00
# [Stimulus] Packet is sent to Driver
#   0
# [Driver] Data is sent to DUT
# [Monitor] Data is sent to Scoreboard
# [base] Write finished! Write data 03 at Address 00
# [Scoreboard] Get packet from Monitor: Address: 00, Data: 00
# 
# ===== t=307590000 PASSED SUCCESSFULLY !!! Expected timing is 640000, Actual timing is 659999 =====
# 
# [Stimulus] Packet is sent to Driver
# [Driver] Data is sent to DUT
# [Monitor] Data is sent to Scoreboard
# [base] Write finished! Write data 02 at Address 03
# [Scoreboard] Get packet from Monitor: Address: 03, Data: 00
# [Stimulus] Packet is sent to Driver
# [Driver] Data is sent to DUT
# [Monitor] Data is sent to Scoreboard
# [Base] Write finished! Write Random Data a2 at Address 02
# [Scoreboard] Get packet from Monitor: Address: 02, Data: 00
# [Stimulus] Packet is sent to Driver
#   1
# [Driver] Data is sent to DUT
# [Monitor] Data is sent to Scoreboard
# [base] Write finished! Write data 06 at Address 00
# [Scoreboard] Get packet from Monitor: Address: 00, Data: 00
# [Stimulus] Packet is sent to Driver
#   0
# [Driver] Data is sent to DUT
# [Monitor] Data is sent to Scoreboard
# [base] Write finished! Write data 03 at Address 00
# [Scoreboard] Get packet from Monitor: Address: 00, Data: 00
# 
# ===== t=308690000 PASSED SUCCESSFULLY !!! Expected timing is 810000, Actual timing is 819999 =====
# 
# [Stimulus] Packet is sent to Driver
# [Driver] Data is sent to DUT
# [Monitor] Data is sent to Scoreboard
# [base] Write finished! Write data 02 at Address 03
# [Scoreboard] Get packet from Monitor: Address: 03, Data: 00
# [Stimulus] Packet is sent to Driver
# [Driver] Data is sent to DUT
# [Monitor] Data is sent to Scoreboard
# [Base] Write finished! Write Random Data f4 at Address 02
# [Scoreboard] Get packet from Monitor: Address: 02, Data: 00
# [Stimulus] Packet is sent to Driver
#   1
# [Driver] Data is sent to DUT
# [Monitor] Data is sent to Scoreboard
# [base] Write finished! Write data 06 at Address 00
# [Scoreboard] Get packet from Monitor: Address: 00, Data: 00
# [Stimulus] Packet is sent to Driver
#   0
# [Driver] Data is sent to DUT
# [Monitor] Data is sent to Scoreboard
# [base] Write finished! Write data 03 at Address 00
# [Scoreboard] Get packet from Monitor: Address: 00, Data: 00
# 
# ===== t=310210000 PASSED SUCCESSFULLY !!! Expected timing is 1220000, Actual timing is 1239999 =====
# 
# [Stimulus] Packet is sent to Driver
# [Driver] Data is sent to DUT
# [Monitor] Data is sent to Scoreboard
# [base] Write finished! Write data 02 at Address 03
# [Scoreboard] Get packet from Monitor: Address: 03, Data: 00
# [Stimulus] Packet is sent to Driver
# [Driver] Data is sent to DUT
# [Monitor] Data is sent to Scoreboard
# [Base] Write finished! Write Random Data 02 at Address 02
# [Scoreboard] Get packet from Monitor: Address: 02, Data: 00
# [Stimulus] Packet is sent to Driver
#   1
# [Driver] Data is sent to DUT
# [Monitor] Data is sent to Scoreboard
# [base] Write finished! Write data 06 at Address 00
# [Scoreboard] Get packet from Monitor: Address: 00, Data: 00
# [Stimulus] Packet is sent to Driver
#   0
# [Driver] Data is sent to DUT
# [Monitor] Data is sent to Scoreboard
# [base] Write finished! Write data 03 at Address 00
# [Scoreboard] Get packet from Monitor: Address: 00, Data: 00
# 
# ===== t=310510000 PASSED SUCCESSFULLY !!! Expected timing is 10000, Actual timing is 19999 =====
# 
# [Stimulus] Packet is sent to Driver
# [Driver] Data is sent to DUT
# [Monitor] Data is sent to Scoreboard
# [base] Write finished! Write data 02 at Address 03
# [Scoreboard] Get packet from Monitor: Address: 03, Data: 00
# [Stimulus] Packet is sent to Driver
# [Driver] Data is sent to DUT
# [Monitor] Data is sent to Scoreboard
# [Base] Write finished! Write Random Data e1 at Address 02
# [Scoreboard] Get packet from Monitor: Address: 02, Data: 00
# [Stimulus] Packet is sent to Driver
#   1
# [Driver] Data is sent to DUT
# [Monitor] Data is sent to Scoreboard
# [base] Write finished! Write data 06 at Address 00
# [Scoreboard] Get packet from Monitor: Address: 00, Data: 00
# [Stimulus] Packet is sent to Driver
#   0
# [Driver] Data is sent to DUT
# [Monitor] Data is sent to Scoreboard
# [base] Write finished! Write data 03 at Address 00
# [Scoreboard] Get packet from Monitor: Address: 00, Data: 00
# 
# ===== t=311930000 PASSED SUCCESSFULLY !!! Expected timing is 1125000, Actual timing is 1139999 =====
# 
# [Stimulus] Packet is sent to Driver
# [Driver] Data is sent to DUT
# [Monitor] Data is sent to Scoreboard
# [base] Write finished! Write data 02 at Address 03
# [Scoreboard] Get packet from Monitor: Address: 03, Data: 00
# [Stimulus] Packet is sent to Driver
# [Driver] Data is sent to DUT
# [Monitor] Data is sent to Scoreboard
# [Base] Write finished! Write Random Data 6a at Address 02
# [Scoreboard] Get packet from Monitor: Address: 02, Data: 00
# [Stimulus] Packet is sent to Driver
#   1
# [Driver] Data is sent to DUT
# [Monitor] Data is sent to Scoreboard
# [base] Write finished! Write data 06 at Address 00
# [Scoreboard] Get packet from Monitor: Address: 00, Data: 00
# [Stimulus] Packet is sent to Driver
#   0
# [Driver] Data is sent to DUT
# [Monitor] Data is sent to Scoreboard
# [base] Write finished! Write data 03 at Address 00
# [Scoreboard] Get packet from Monitor: Address: 00, Data: 00
# 
# ===== t=312750000 PASSED SUCCESSFULLY !!! Expected timing is 530000, Actual timing is 539999 =====
# 
# [Stimulus] Packet is sent to Driver
# [Driver] Data is sent to DUT
# [Monitor] Data is sent to Scoreboard
# [base] Write finished! Write data 02 at Address 03
# [Scoreboard] Get packet from Monitor: Address: 03, Data: 00
# [Stimulus] Packet is sent to Driver
# [Driver] Data is sent to DUT
# [Monitor] Data is sent to Scoreboard
# [Base] Write finished! Write Random Data e2 at Address 02
# [Scoreboard] Get packet from Monitor: Address: 02, Data: 00
# [Stimulus] Packet is sent to Driver
#   1
# [Driver] Data is sent to DUT
# [Monitor] Data is sent to Scoreboard
# [base] Write finished! Write data 06 at Address 00
# [Scoreboard] Get packet from Monitor: Address: 00, Data: 00
# [Stimulus] Packet is sent to Driver
#   0
# [Driver] Data is sent to DUT
# [Monitor] Data is sent to Scoreboard
# [base] Write finished! Write data 03 at Address 00
# [Scoreboard] Get packet from Monitor: Address: 00, Data: 00
# 
# ===== t=314170000 PASSED SUCCESSFULLY !!! Expected timing is 1130000, Actual timing is 1139999 =====
# 
# [Stimulus] Packet is sent to Driver
# [Driver] Data is sent to DUT
# [Monitor] Data is sent to Scoreboard
# [base] Write finished! Write data 02 at Address 03
# [Scoreboard] Get packet from Monitor: Address: 03, Data: 00
# [Stimulus] Packet is sent to Driver
# [Driver] Data is sent to DUT
# [Monitor] Data is sent to Scoreboard
# [Base] Write finished! Write Random Data a2 at Address 02
# [Scoreboard] Get packet from Monitor: Address: 02, Data: 00
# [Stimulus] Packet is sent to Driver
#   1
# [Driver] Data is sent to DUT
# [Monitor] Data is sent to Scoreboard
# [base] Write finished! Write data 06 at Address 00
# [Scoreboard] Get packet from Monitor: Address: 00, Data: 00
# [Stimulus] Packet is sent to Driver
#   0
# [Driver] Data is sent to DUT
# [Monitor] Data is sent to Scoreboard
# [base] Write finished! Write data 03 at Address 00
# [Scoreboard] Get packet from Monitor: Address: 00, Data: 00
# 
# ===== t=315270000 PASSED SUCCESSFULLY !!! Expected timing is 810000, Actual timing is 819999 =====
# 
# [Stimulus] Packet is sent to Driver
# [Driver] Data is sent to DUT
# [Monitor] Data is sent to Scoreboard
# [base] Write finished! Write data 02 at Address 03
# [Scoreboard] Get packet from Monitor: Address: 03, Data: 00
# [Stimulus] Packet is sent to Driver
# [Driver] Data is sent to DUT
# [Monitor] Data is sent to Scoreboard
# [Base] Write finished! Write Random Data 01 at Address 02
# [Scoreboard] Get packet from Monitor: Address: 02, Data: 00
# [Stimulus] Packet is sent to Driver
#   1
# [Driver] Data is sent to DUT
# [Monitor] Data is sent to Scoreboard
# [base] Write finished! Write data 06 at Address 00
# [Scoreboard] Get packet from Monitor: Address: 00, Data: 00
# [Stimulus] Packet is sent to Driver
#   0
# [Driver] Data is sent to DUT
# [Monitor] Data is sent to Scoreboard
# [base] Write finished! Write data 03 at Address 00
# [Scoreboard] Get packet from Monitor: Address: 00, Data: 00
# 
# ===== t=315570000 PASSED SUCCESSFULLY !!! Expected timing is 5000, Actual timing is 19999 =====
# 
# [Stimulus] Packet is sent to Driver
# [Driver] Data is sent to DUT
# [Monitor] Data is sent to Scoreboard
# [base] Write finished! Write data 02 at Address 03
# [Scoreboard] Get packet from Monitor: Address: 03, Data: 00
# [Stimulus] Packet is sent to Driver
# [Driver] Data is sent to DUT
# [Monitor] Data is sent to Scoreboard
# [Base] Write finished! Write Random Data 17 at Address 02
# [Scoreboard] Get packet from Monitor: Address: 02, Data: 00
# [Stimulus] Packet is sent to Driver
#   1
# [Driver] Data is sent to DUT
# [Monitor] Data is sent to Scoreboard
# [base] Write finished! Write data 06 at Address 00
# [Scoreboard] Get packet from Monitor: Address: 00, Data: 00
# [Stimulus] Packet is sent to Driver
#   0
# [Driver] Data is sent to DUT
# [Monitor] Data is sent to Scoreboard
# [base] Write finished! Write data 03 at Address 00
# [Scoreboard] Get packet from Monitor: Address: 00, Data: 00
# 
# ===== t=315990000 PASSED SUCCESSFULLY !!! Expected timing is 115000, Actual timing is 139999 =====
# 
# [Stimulus] Packet is sent to Driver
# [Driver] Data is sent to DUT
# [Monitor] Data is sent to Scoreboard
# [base] Write finished! Write data 02 at Address 03
# [Scoreboard] Get packet from Monitor: Address: 03, Data: 00
# [Stimulus] Packet is sent to Driver
# [Driver] Data is sent to DUT
# [Monitor] Data is sent to Scoreboard
# [Base] Write finished! Write Random Data 9a at Address 02
# [Scoreboard] Get packet from Monitor: Address: 02, Data: 00
# [Stimulus] Packet is sent to Driver
#   1
# [Driver] Data is sent to DUT
# [Monitor] Data is sent to Scoreboard
# [base] Write finished! Write data 06 at Address 00
# [Scoreboard] Get packet from Monitor: Address: 00, Data: 00
# [Stimulus] Packet is sent to Driver
#   0
# [Driver] Data is sent to DUT
# [Monitor] Data is sent to Scoreboard
# [base] Write finished! Write data 03 at Address 00
# [Scoreboard] Get packet from Monitor: Address: 00, Data: 00
# 
# ===== t=317050000 PASSED SUCCESSFULLY !!! Expected timing is 770000, Actual timing is 779999 =====
# 
# [Stimulus] Packet is sent to Driver
# [Driver] Data is sent to DUT
# [Monitor] Data is sent to Scoreboard
# [base] Write finished! Write data 02 at Address 03
# [Scoreboard] Get packet from Monitor: Address: 03, Data: 00
# [Stimulus] Packet is sent to Driver
# [Driver] Data is sent to DUT
# [Monitor] Data is sent to Scoreboard
# [Base] Write finished! Write Random Data 2b at Address 02
# [Scoreboard] Get packet from Monitor: Address: 02, Data: 00
# [Stimulus] Packet is sent to Driver
#   1
# [Driver] Data is sent to DUT
# [Monitor] Data is sent to Scoreboard
# [base] Write finished! Write data 06 at Address 00
# [Scoreboard] Get packet from Monitor: Address: 00, Data: 00
# [Stimulus] Packet is sent to Driver
#   0
# [Driver] Data is sent to DUT
# [Monitor] Data is sent to Scoreboard
# [base] Write finished! Write data 03 at Address 00
# [Scoreboard] Get packet from Monitor: Address: 00, Data: 00
# 
# ===== t=317570000 PASSED SUCCESSFULLY !!! Expected timing is 215000, Actual timing is 239999 =====
# 
# [Stimulus] Packet is sent to Driver
# [Driver] Data is sent to DUT
# [Monitor] Data is sent to Scoreboard
# [base] Write finished! Write data 02 at Address 03
# [Scoreboard] Get packet from Monitor: Address: 03, Data: 00
# [Stimulus] Packet is sent to Driver
# [Driver] Data is sent to DUT
# [Monitor] Data is sent to Scoreboard
# [Base] Write finished! Write Random Data 2d at Address 02
# [Scoreboard] Get packet from Monitor: Address: 02, Data: 00
# [Stimulus] Packet is sent to Driver
#   1
# [Driver] Data is sent to DUT
# [Monitor] Data is sent to Scoreboard
# [base] Write finished! Write data 06 at Address 00
# [Scoreboard] Get packet from Monitor: Address: 00, Data: 00
# [Stimulus] Packet is sent to Driver
#   0
# [Driver] Data is sent to DUT
# [Monitor] Data is sent to Scoreboard
# [base] Write finished! Write data 03 at Address 00
# [Scoreboard] Get packet from Monitor: Address: 00, Data: 00
# 
# ===== t=318090000 PASSED SUCCESSFULLY !!! Expected timing is 225000, Actual timing is 239999 =====
# 
# [Stimulus] Packet is sent to Driver
# [Driver] Data is sent to DUT
# [Monitor] Data is sent to Scoreboard
# [base] Write finished! Write data 02 at Address 03
# [Scoreboard] Get packet from Monitor: Address: 03, Data: 00
# [Stimulus] Packet is sent to Driver
# [Driver] Data is sent to DUT
# [Monitor] Data is sent to Scoreboard
# [Base] Write finished! Write Random Data 55 at Address 02
# [Scoreboard] Get packet from Monitor: Address: 02, Data: 00
# [Stimulus] Packet is sent to Driver
#   1
# [Driver] Data is sent to DUT
# [Monitor] Data is sent to Scoreboard
# [base] Write finished! Write data 06 at Address 00
# [Scoreboard] Get packet from Monitor: Address: 00, Data: 00
# [Stimulus] Packet is sent to Driver
#   0
# [Driver] Data is sent to DUT
# [Monitor] Data is sent to Scoreboard
# [base] Write finished! Write data 03 at Address 00
# [Scoreboard] Get packet from Monitor: Address: 00, Data: 00
# 
# ===== t=318810000 PASSED SUCCESSFULLY !!! Expected timing is 425000, Actual timing is 439999 =====
# 
# [Stimulus] Packet is sent to Driver
# [Driver] Data is sent to DUT
# [Monitor] Data is sent to Scoreboard
# [base] Write finished! Write data 02 at Address 03
# [Scoreboard] Get packet from Monitor: Address: 03, Data: 00
# [Stimulus] Packet is sent to Driver
# [Driver] Data is sent to DUT
# [Monitor] Data is sent to Scoreboard
# [Base] Write finished! Write Random Data 34 at Address 02
# [Scoreboard] Get packet from Monitor: Address: 02, Data: 00
# [Stimulus] Packet is sent to Driver
#   1
# [Driver] Data is sent to DUT
# [Monitor] Data is sent to Scoreboard
# [base] Write finished! Write data 06 at Address 00
# [Scoreboard] Get packet from Monitor: Address: 00, Data: 00
# [Stimulus] Packet is sent to Driver
#   0
# [Driver] Data is sent to DUT
# [Monitor] Data is sent to Scoreboard
# [base] Write finished! Write data 03 at Address 00
# [Scoreboard] Get packet from Monitor: Address: 00, Data: 00
# 
# ===== t=319370000 PASSED SUCCESSFULLY !!! Expected timing is 260000, Actual timing is 279999 =====
# 
# [Stimulus] Packet is sent to Driver
# [Driver] Data is sent to DUT
# [Monitor] Data is sent to Scoreboard
# [base] Write finished! Write data 02 at Address 03
# [Scoreboard] Get packet from Monitor: Address: 03, Data: 00
# [Stimulus] Packet is sent to Driver
# [Driver] Data is sent to DUT
# [Monitor] Data is sent to Scoreboard
# [Base] Write finished! Write Random Data d3 at Address 02
# [Scoreboard] Get packet from Monitor: Address: 02, Data: 00
# [Stimulus] Packet is sent to Driver
#   1
# [Driver] Data is sent to DUT
# [Monitor] Data is sent to Scoreboard
# [base] Write finished! Write data 06 at Address 00
# [Scoreboard] Get packet from Monitor: Address: 00, Data: 00
# [Stimulus] Packet is sent to Driver
#   0
# [Driver] Data is sent to DUT
# [Monitor] Data is sent to Scoreboard
# [base] Write finished! Write data 03 at Address 00
# [Scoreboard] Get packet from Monitor: Address: 00, Data: 00
# 
# ===== t=320730000 PASSED SUCCESSFULLY !!! Expected timing is 1055000, Actual timing is 1079999 =====
# 
# [Stimulus] Packet is sent to Driver
# [Driver] Data is sent to DUT
# [Monitor] Data is sent to Scoreboard
# [base] Write finished! Write data 02 at Address 03
# [Scoreboard] Get packet from Monitor: Address: 03, Data: 00
# [Stimulus] Packet is sent to Driver
# [Driver] Data is sent to DUT
# [Monitor] Data is sent to Scoreboard
# [Base] Write finished! Write Random Data 47 at Address 02
# [Scoreboard] Get packet from Monitor: Address: 02, Data: 00
# [Stimulus] Packet is sent to Driver
#   1
# [Driver] Data is sent to DUT
# [Monitor] Data is sent to Scoreboard
# [base] Write finished! Write data 06 at Address 00
# [Scoreboard] Get packet from Monitor: Address: 00, Data: 00
# [Stimulus] Packet is sent to Driver
#   0
# [Driver] Data is sent to DUT
# [Monitor] Data is sent to Scoreboard
# [base] Write finished! Write data 03 at Address 00
# [Scoreboard] Get packet from Monitor: Address: 00, Data: 00
# 
# ===== t=321390000 PASSED SUCCESSFULLY !!! Expected timing is 355000, Actual timing is 379999 =====
# 
# [Stimulus] Packet is sent to Driver
# [Driver] Data is sent to DUT
# [Monitor] Data is sent to Scoreboard
# [base] Write finished! Write data 02 at Address 03
# [Scoreboard] Get packet from Monitor: Address: 03, Data: 00
# [Stimulus] Packet is sent to Driver
# [Driver] Data is sent to DUT
# [Monitor] Data is sent to Scoreboard
# [Base] Write finished! Write Random Data 8f at Address 02
# [Scoreboard] Get packet from Monitor: Address: 02, Data: 00
# [Stimulus] Packet is sent to Driver
#   1
# [Driver] Data is sent to DUT
# [Monitor] Data is sent to Scoreboard
# [base] Write finished! Write data 06 at Address 00
# [Scoreboard] Get packet from Monitor: Address: 00, Data: 00
# [Stimulus] Packet is sent to Driver
#   0
# [Driver] Data is sent to DUT
# [Monitor] Data is sent to Scoreboard
# [base] Write finished! Write data 03 at Address 00
# [Scoreboard] Get packet from Monitor: Address: 00, Data: 00
# 
# ===== t=322410000 PASSED SUCCESSFULLY !!! Expected timing is 715000, Actual timing is 739999 =====
# 
# [Stimulus] Packet is sent to Driver
# [Driver] Data is sent to DUT
# [Monitor] Data is sent to Scoreboard
# [base] Write finished! Write data 02 at Address 03
# [Scoreboard] Get packet from Monitor: Address: 03, Data: 00
# [Stimulus] Packet is sent to Driver
# [Driver] Data is sent to DUT
# [Monitor] Data is sent to Scoreboard
# [Base] Write finished! Write Random Data 45 at Address 02
# [Scoreboard] Get packet from Monitor: Address: 02, Data: 00
# [Stimulus] Packet is sent to Driver
#   1
# [Driver] Data is sent to DUT
# [Monitor] Data is sent to Scoreboard
# [base] Write finished! Write data 06 at Address 00
# [Scoreboard] Get packet from Monitor: Address: 00, Data: 00
# [Stimulus] Packet is sent to Driver
#   0
# [Driver] Data is sent to DUT
# [Monitor] Data is sent to Scoreboard
# [base] Write finished! Write data 03 at Address 00
# [Scoreboard] Get packet from Monitor: Address: 00, Data: 00
# 
# ===== t=323050000 PASSED SUCCESSFULLY !!! Expected timing is 345000, Actual timing is 359999 =====
# 
# [Stimulus] Packet is sent to Driver
# [Driver] Data is sent to DUT
# [Monitor] Data is sent to Scoreboard
# [base] Write finished! Write data 02 at Address 03
# [Scoreboard] Get packet from Monitor: Address: 03, Data: 00
# [Stimulus] Packet is sent to Driver
# [Driver] Data is sent to DUT
# [Monitor] Data is sent to Scoreboard
# [Base] Write finished! Write Random Data b8 at Address 02
# [Scoreboard] Get packet from Monitor: Address: 02, Data: 00
# [Stimulus] Packet is sent to Driver
#   1
# [Driver] Data is sent to DUT
# [Monitor] Data is sent to Scoreboard
# [base] Write finished! Write data 06 at Address 00
# [Scoreboard] Get packet from Monitor: Address: 00, Data: 00
# [Stimulus] Packet is sent to Driver
#   0
# [Driver] Data is sent to DUT
# [Monitor] Data is sent to Scoreboard
# [base] Write finished! Write data 03 at Address 00
# [Scoreboard] Get packet from Monitor: Address: 00, Data: 00
# 
# ===== t=324270000 PASSED SUCCESSFULLY !!! Expected timing is 920000, Actual timing is 939999 =====
# 
# [Stimulus] Packet is sent to Driver
# [Driver] Data is sent to DUT
# [Monitor] Data is sent to Scoreboard
# [base] Write finished! Write data 02 at Address 03
# [Scoreboard] Get packet from Monitor: Address: 03, Data: 00
# [Stimulus] Packet is sent to Driver
# [Driver] Data is sent to DUT
# [Monitor] Data is sent to Scoreboard
# [Base] Write finished! Write Random Data 04 at Address 02
# [Scoreboard] Get packet from Monitor: Address: 02, Data: 00
# [Stimulus] Packet is sent to Driver
#   1
# [Driver] Data is sent to DUT
# [Monitor] Data is sent to Scoreboard
# [base] Write finished! Write data 06 at Address 00
# [Scoreboard] Get packet from Monitor: Address: 00, Data: 00
# [Stimulus] Packet is sent to Driver
#   0
# [Driver] Data is sent to DUT
# [Monitor] Data is sent to Scoreboard
# [base] Write finished! Write data 03 at Address 00
# [Scoreboard] Get packet from Monitor: Address: 00, Data: 00
# 
# ===== t=324590000 PASSED SUCCESSFULLY !!! Expected timing is 20000, Actual timing is 39999 =====
# 
# [Stimulus] Packet is sent to Driver
# [Driver] Data is sent to DUT
# [Monitor] Data is sent to Scoreboard
# [base] Write finished! Write data 02 at Address 03
# [Scoreboard] Get packet from Monitor: Address: 03, Data: 00
# [Stimulus] Packet is sent to Driver
# [Driver] Data is sent to DUT
# [Monitor] Data is sent to Scoreboard
# [Base] Write finished! Write Random Data a3 at Address 02
# [Scoreboard] Get packet from Monitor: Address: 02, Data: 00
# [Stimulus] Packet is sent to Driver
#   1
# [Driver] Data is sent to DUT
# [Monitor] Data is sent to Scoreboard
# [base] Write finished! Write data 06 at Address 00
# [Scoreboard] Get packet from Monitor: Address: 00, Data: 00
# [Stimulus] Packet is sent to Driver
#   0
# [Driver] Data is sent to DUT
# [Monitor] Data is sent to Scoreboard
# [base] Write finished! Write data 03 at Address 00
# [Scoreboard] Get packet from Monitor: Address: 00, Data: 00
# 
# ===== t=325710000 PASSED SUCCESSFULLY !!! Expected timing is 815000, Actual timing is 839999 =====
# 
# [Stimulus] Packet is sent to Driver
# [Driver] Data is sent to DUT
# [Monitor] Data is sent to Scoreboard
# [base] Write finished! Write data 02 at Address 03
# [Scoreboard] Get packet from Monitor: Address: 03, Data: 00
# [Stimulus] Packet is sent to Driver
# [Driver] Data is sent to DUT
# [Monitor] Data is sent to Scoreboard
# [Base] Write finished! Write Random Data 92 at Address 02
# [Scoreboard] Get packet from Monitor: Address: 02, Data: 00
# [Stimulus] Packet is sent to Driver
#   1
# [Driver] Data is sent to DUT
# [Monitor] Data is sent to Scoreboard
# [base] Write finished! Write data 06 at Address 00
# [Scoreboard] Get packet from Monitor: Address: 00, Data: 00
# [Stimulus] Packet is sent to Driver
#   0
# [Driver] Data is sent to DUT
# [Monitor] Data is sent to Scoreboard
# [base] Write finished! Write data 03 at Address 00
# [Scoreboard] Get packet from Monitor: Address: 00, Data: 00
# 
# ===== t=326730000 PASSED SUCCESSFULLY !!! Expected timing is 730000, Actual timing is 739999 =====
# 
# [Stimulus] Packet is sent to Driver
# [Driver] Data is sent to DUT
# [Monitor] Data is sent to Scoreboard
# [base] Write finished! Write data 02 at Address 03
# [Scoreboard] Get packet from Monitor: Address: 03, Data: 00
# [Stimulus] Packet is sent to Driver
# [Driver] Data is sent to DUT
# [Monitor] Data is sent to Scoreboard
# [Base] Write finished! Write Random Data 46 at Address 02
# [Scoreboard] Get packet from Monitor: Address: 02, Data: 00
# [Stimulus] Packet is sent to Driver
#   1
# [Driver] Data is sent to DUT
# [Monitor] Data is sent to Scoreboard
# [base] Write finished! Write data 06 at Address 00
# [Scoreboard] Get packet from Monitor: Address: 00, Data: 00
# [Stimulus] Packet is sent to Driver
#   0
# [Driver] Data is sent to DUT
# [Monitor] Data is sent to Scoreboard
# [base] Write finished! Write data 03 at Address 00
# [Scoreboard] Get packet from Monitor: Address: 00, Data: 00
# 
# ===== t=327370000 PASSED SUCCESSFULLY !!! Expected timing is 350000, Actual timing is 359999 =====
# 
# [Stimulus] Packet is sent to Driver
# [Driver] Data is sent to DUT
# [Monitor] Data is sent to Scoreboard
# [base] Write finished! Write data 02 at Address 03
# [Scoreboard] Get packet from Monitor: Address: 03, Data: 00
# [Stimulus] Packet is sent to Driver
# [Driver] Data is sent to DUT
# [Monitor] Data is sent to Scoreboard
# [Base] Write finished! Write Random Data a5 at Address 02
# [Scoreboard] Get packet from Monitor: Address: 02, Data: 00
# [Stimulus] Packet is sent to Driver
#   1
# [Driver] Data is sent to DUT
# [Monitor] Data is sent to Scoreboard
# [base] Write finished! Write data 06 at Address 00
# [Scoreboard] Get packet from Monitor: Address: 00, Data: 00
# [Stimulus] Packet is sent to Driver
#   0
# [Driver] Data is sent to DUT
# [Monitor] Data is sent to Scoreboard
# [base] Write finished! Write data 03 at Address 00
# [Scoreboard] Get packet from Monitor: Address: 00, Data: 00
# 
# ===== t=328490000 PASSED SUCCESSFULLY !!! Expected timing is 825000, Actual timing is 839999 =====
# 
# [Stimulus] Packet is sent to Driver
# [Driver] Data is sent to DUT
# [Monitor] Data is sent to Scoreboard
# [base] Write finished! Write data 02 at Address 03
# [Scoreboard] Get packet from Monitor: Address: 03, Data: 00
# [Stimulus] Packet is sent to Driver
# [Driver] Data is sent to DUT
# [Monitor] Data is sent to Scoreboard
# [Base] Write finished! Write Random Data 8e at Address 02
# [Scoreboard] Get packet from Monitor: Address: 02, Data: 00
# [Stimulus] Packet is sent to Driver
#   1
# [Driver] Data is sent to DUT
# [Monitor] Data is sent to Scoreboard
# [base] Write finished! Write data 06 at Address 00
# [Scoreboard] Get packet from Monitor: Address: 00, Data: 00
# [Stimulus] Packet is sent to Driver
#   0
# [Driver] Data is sent to DUT
# [Monitor] Data is sent to Scoreboard
# [base] Write finished! Write data 03 at Address 00
# [Scoreboard] Get packet from Monitor: Address: 00, Data: 00
# 
# ===== t=329490000 PASSED SUCCESSFULLY !!! Expected timing is 710000, Actual timing is 719999 =====
# 
# [Stimulus] Packet is sent to Driver
# [Driver] Data is sent to DUT
# [Monitor] Data is sent to Scoreboard
# [base] Write finished! Write data 02 at Address 03
# [Scoreboard] Get packet from Monitor: Address: 03, Data: 00
# [Stimulus] Packet is sent to Driver
# [Driver] Data is sent to DUT
# [Monitor] Data is sent to Scoreboard
# [Base] Write finished! Write Random Data 38 at Address 02
# [Scoreboard] Get packet from Monitor: Address: 02, Data: 00
# [Stimulus] Packet is sent to Driver
#   1
# [Driver] Data is sent to DUT
# [Monitor] Data is sent to Scoreboard
# [base] Write finished! Write data 06 at Address 00
# [Scoreboard] Get packet from Monitor: Address: 00, Data: 00
# [Stimulus] Packet is sent to Driver
#   0
# [Driver] Data is sent to DUT
# [Monitor] Data is sent to Scoreboard
# [base] Write finished! Write data 03 at Address 00
# [Scoreboard] Get packet from Monitor: Address: 00, Data: 00
# 
# ===== t=330070000 PASSED SUCCESSFULLY !!! Expected timing is 280000, Actual timing is 299999 =====
# 
# [Stimulus] Packet is sent to Driver
# [Driver] Data is sent to DUT
# [Monitor] Data is sent to Scoreboard
# [base] Write finished! Write data 02 at Address 03
# [Scoreboard] Get packet from Monitor: Address: 03, Data: 00
# [Stimulus] Packet is sent to Driver
# [Driver] Data is sent to DUT
# [Monitor] Data is sent to Scoreboard
# [Base] Write finished! Write Random Data 4c at Address 02
# [Scoreboard] Get packet from Monitor: Address: 02, Data: 00
# [Stimulus] Packet is sent to Driver
#   1
# [Driver] Data is sent to DUT
# [Monitor] Data is sent to Scoreboard
# [base] Write finished! Write data 06 at Address 00
# [Scoreboard] Get packet from Monitor: Address: 00, Data: 00
# [Stimulus] Packet is sent to Driver
#   0
# [Driver] Data is sent to DUT
# [Monitor] Data is sent to Scoreboard
# [base] Write finished! Write data 03 at Address 00
# [Scoreboard] Get packet from Monitor: Address: 00, Data: 00
# 
# ===== t=330750000 PASSED SUCCESSFULLY !!! Expected timing is 380000, Actual timing is 399999 =====
# 
# [Stimulus] Packet is sent to Driver
# [Driver] Data is sent to DUT
# [Monitor] Data is sent to Scoreboard
# [base] Write finished! Write data 02 at Address 03
# [Scoreboard] Get packet from Monitor: Address: 03, Data: 00
# [Stimulus] Packet is sent to Driver
# [Driver] Data is sent to DUT
# [Monitor] Data is sent to Scoreboard
# [Base] Write finished! Write Random Data 7d at Address 02
# [Scoreboard] Get packet from Monitor: Address: 02, Data: 00
# [Stimulus] Packet is sent to Driver
#   1
# [Driver] Data is sent to DUT
# [Monitor] Data is sent to Scoreboard
# [base] Write finished! Write data 06 at Address 00
# [Scoreboard] Get packet from Monitor: Address: 00, Data: 00
# [Stimulus] Packet is sent to Driver
#   0
# [Driver] Data is sent to DUT
# [Monitor] Data is sent to Scoreboard
# [base] Write finished! Write data 03 at Address 00
# [Scoreboard] Get packet from Monitor: Address: 00, Data: 00
# 
# ===== t=331670000 PASSED SUCCESSFULLY !!! Expected timing is 625000, Actual timing is 639999 =====
# 
# [Stimulus] Packet is sent to Driver
# [Driver] Data is sent to DUT
# [Monitor] Data is sent to Scoreboard
# [base] Write finished! Write data 02 at Address 03
# [Scoreboard] Get packet from Monitor: Address: 03, Data: 00
# [Stimulus] Packet is sent to Driver
# [Driver] Data is sent to DUT
# [Monitor] Data is sent to Scoreboard
# [Base] Write finished! Write Random Data 1e at Address 02
# [Scoreboard] Get packet from Monitor: Address: 02, Data: 00
# [Stimulus] Packet is sent to Driver
#   1
# [Driver] Data is sent to DUT
# [Monitor] Data is sent to Scoreboard
# [base] Write finished! Write data 06 at Address 00
# [Scoreboard] Get packet from Monitor: Address: 00, Data: 00
# [Stimulus] Packet is sent to Driver
#   0
# [Driver] Data is sent to DUT
# [Monitor] Data is sent to Scoreboard
# [base] Write finished! Write data 03 at Address 00
# [Scoreboard] Get packet from Monitor: Address: 00, Data: 00
# 
# ===== t=332110000 PASSED SUCCESSFULLY !!! Expected timing is 150000, Actual timing is 159999 =====
# 
# [Stimulus] Packet is sent to Driver
# [Driver] Data is sent to DUT
# [Monitor] Data is sent to Scoreboard
# [base] Write finished! Write data 02 at Address 03
# [Scoreboard] Get packet from Monitor: Address: 03, Data: 00
# [Stimulus] Packet is sent to Driver
# [Driver] Data is sent to DUT
# [Monitor] Data is sent to Scoreboard
# [Base] Write finished! Write Random Data ea at Address 02
# [Scoreboard] Get packet from Monitor: Address: 02, Data: 00
# [Stimulus] Packet is sent to Driver
#   1
# [Driver] Data is sent to DUT
# [Monitor] Data is sent to Scoreboard
# [base] Write finished! Write data 06 at Address 00
# [Scoreboard] Get packet from Monitor: Address: 00, Data: 00
# [Stimulus] Packet is sent to Driver
#   0
# [Driver] Data is sent to DUT
# [Monitor] Data is sent to Scoreboard
# [base] Write finished! Write data 03 at Address 00
# [Scoreboard] Get packet from Monitor: Address: 00, Data: 00
# 
# ===== t=333570000 PASSED SUCCESSFULLY !!! Expected timing is 1170000, Actual timing is 1179999 =====
# 
# [Stimulus] Packet is sent to Driver
# [Driver] Data is sent to DUT
# [Monitor] Data is sent to Scoreboard
# [base] Write finished! Write data 02 at Address 03
# [Scoreboard] Get packet from Monitor: Address: 03, Data: 00
# [Stimulus] Packet is sent to Driver
# [Driver] Data is sent to DUT
# [Monitor] Data is sent to Scoreboard
# [Base] Write finished! Write Random Data 90 at Address 02
# [Scoreboard] Get packet from Monitor: Address: 02, Data: 00
# [Stimulus] Packet is sent to Driver
#   1
# [Driver] Data is sent to DUT
# [Monitor] Data is sent to Scoreboard
# [base] Write finished! Write data 06 at Address 00
# [Scoreboard] Get packet from Monitor: Address: 00, Data: 00
# [Stimulus] Packet is sent to Driver
#   0
# [Driver] Data is sent to DUT
# [Monitor] Data is sent to Scoreboard
# [base] Write finished! Write data 03 at Address 00
# [Scoreboard] Get packet from Monitor: Address: 00, Data: 00
# 
# ===== t=334590000 PASSED SUCCESSFULLY !!! Expected timing is 720000, Actual timing is 739999 =====
# 
# [Stimulus] Packet is sent to Driver
# [Driver] Data is sent to DUT
# [Monitor] Data is sent to Scoreboard
# [base] Write finished! Write data 02 at Address 03
# [Scoreboard] Get packet from Monitor: Address: 03, Data: 00
# [Stimulus] Packet is sent to Driver
# [Driver] Data is sent to DUT
# [Monitor] Data is sent to Scoreboard
# [Base] Write finished! Write Random Data 79 at Address 02
# [Scoreboard] Get packet from Monitor: Address: 02, Data: 00
# [Stimulus] Packet is sent to Driver
#   1
# [Driver] Data is sent to DUT
# [Monitor] Data is sent to Scoreboard
# [base] Write finished! Write data 06 at Address 00
# [Scoreboard] Get packet from Monitor: Address: 00, Data: 00
# [Stimulus] Packet is sent to Driver
#   0
# [Driver] Data is sent to DUT
# [Monitor] Data is sent to Scoreboard
# [base] Write finished! Write data 03 at Address 00
# [Scoreboard] Get packet from Monitor: Address: 00, Data: 00
# 
# ===== t=335490000 PASSED SUCCESSFULLY !!! Expected timing is 605000, Actual timing is 619999 =====
# 
# [Stimulus] Packet is sent to Driver
# [Driver] Data is sent to DUT
# [Monitor] Data is sent to Scoreboard
# [base] Write finished! Write data 02 at Address 03
# [Scoreboard] Get packet from Monitor: Address: 03, Data: 00
# [Stimulus] Packet is sent to Driver
# [Driver] Data is sent to DUT
# [Monitor] Data is sent to Scoreboard
# [Base] Write finished! Write Random Data 88 at Address 02
# [Scoreboard] Get packet from Monitor: Address: 02, Data: 00
# [Stimulus] Packet is sent to Driver
#   1
# [Driver] Data is sent to DUT
# [Monitor] Data is sent to Scoreboard
# [base] Write finished! Write data 06 at Address 00
# [Scoreboard] Get packet from Monitor: Address: 00, Data: 00
# [Stimulus] Packet is sent to Driver
#   0
# [Driver] Data is sent to DUT
# [Monitor] Data is sent to Scoreboard
# [base] Write finished! Write data 03 at Address 00
# [Scoreboard] Get packet from Monitor: Address: 00, Data: 00
# 
# ===== t=336470000 PASSED SUCCESSFULLY !!! Expected timing is 680000, Actual timing is 699999 =====
# 
# [Stimulus] Packet is sent to Driver
# [Driver] Data is sent to DUT
# [Monitor] Data is sent to Scoreboard
# [base] Write finished! Write data 02 at Address 03
# [Scoreboard] Get packet from Monitor: Address: 03, Data: 00
# [Stimulus] Packet is sent to Driver
# [Driver] Data is sent to DUT
# [Monitor] Data is sent to Scoreboard
# [Base] Write finished! Write Random Data cb at Address 02
# [Scoreboard] Get packet from Monitor: Address: 02, Data: 00
# [Stimulus] Packet is sent to Driver
#   1
# [Driver] Data is sent to DUT
# [Monitor] Data is sent to Scoreboard
# [base] Write finished! Write data 06 at Address 00
# [Scoreboard] Get packet from Monitor: Address: 00, Data: 00
# [Stimulus] Packet is sent to Driver
#   0
# [Driver] Data is sent to DUT
# [Monitor] Data is sent to Scoreboard
# [base] Write finished! Write data 03 at Address 00
# [Scoreboard] Get packet from Monitor: Address: 00, Data: 00
# 
# ===== t=337790000 PASSED SUCCESSFULLY !!! Expected timing is 1015000, Actual timing is 1039999 =====
# 
# [Stimulus] Packet is sent to Driver
# [Driver] Data is sent to DUT
# [Monitor] Data is sent to Scoreboard
# [base] Write finished! Write data 02 at Address 03
# [Scoreboard] Get packet from Monitor: Address: 03, Data: 00
# [Stimulus] Packet is sent to Driver
# [Driver] Data is sent to DUT
# [Monitor] Data is sent to Scoreboard
# [Base] Write finished! Write Random Data da at Address 02
# [Scoreboard] Get packet from Monitor: Address: 02, Data: 00
# [Stimulus] Packet is sent to Driver
#   1
# [Driver] Data is sent to DUT
# [Monitor] Data is sent to Scoreboard
# [base] Write finished! Write data 06 at Address 00
# [Scoreboard] Get packet from Monitor: Address: 00, Data: 00
# [Stimulus] Packet is sent to Driver
#   0
# [Driver] Data is sent to DUT
# [Monitor] Data is sent to Scoreboard
# [base] Write finished! Write data 03 at Address 00
# [Scoreboard] Get packet from Monitor: Address: 00, Data: 00
# 
# ===== t=339170000 PASSED SUCCESSFULLY !!! Expected timing is 1090000, Actual timing is 1099999 =====
# 
# [Stimulus] Packet is sent to Driver
# [Driver] Data is sent to DUT
# [Monitor] Data is sent to Scoreboard
# [base] Write finished! Write data 02 at Address 03
# [Scoreboard] Get packet from Monitor: Address: 03, Data: 00
# [Stimulus] Packet is sent to Driver
# [Driver] Data is sent to DUT
# [Monitor] Data is sent to Scoreboard
# [Base] Write finished! Write Random Data 98 at Address 02
# [Scoreboard] Get packet from Monitor: Address: 02, Data: 00
# [Stimulus] Packet is sent to Driver
#   1
# [Driver] Data is sent to DUT
# [Monitor] Data is sent to Scoreboard
# [base] Write finished! Write data 06 at Address 00
# [Scoreboard] Get packet from Monitor: Address: 00, Data: 00
# [Stimulus] Packet is sent to Driver
#   0
# [Driver] Data is sent to DUT
# [Monitor] Data is sent to Scoreboard
# [base] Write finished! Write data 03 at Address 00
# [Scoreboard] Get packet from Monitor: Address: 00, Data: 00
# 
# ===== t=340230000 PASSED SUCCESSFULLY !!! Expected timing is 760000, Actual timing is 779999 =====
# 
# [Stimulus] Packet is sent to Driver
# [Driver] Data is sent to DUT
# [Monitor] Data is sent to Scoreboard
# [base] Write finished! Write data 02 at Address 03
# [Scoreboard] Get packet from Monitor: Address: 03, Data: 00
# [Stimulus] Packet is sent to Driver
# [Driver] Data is sent to DUT
# [Monitor] Data is sent to Scoreboard
# [Base] Write finished! Write Random Data 6a at Address 02
# [Scoreboard] Get packet from Monitor: Address: 02, Data: 00
# [Stimulus] Packet is sent to Driver
#   1
# [Driver] Data is sent to DUT
# [Monitor] Data is sent to Scoreboard
# [base] Write finished! Write data 06 at Address 00
# [Scoreboard] Get packet from Monitor: Address: 00, Data: 00
# [Stimulus] Packet is sent to Driver
#   0
# [Driver] Data is sent to DUT
# [Monitor] Data is sent to Scoreboard
# [base] Write finished! Write data 03 at Address 00
# [Scoreboard] Get packet from Monitor: Address: 00, Data: 00
# 
# ===== t=341050000 PASSED SUCCESSFULLY !!! Expected timing is 530000, Actual timing is 539999 =====
# 
# [Stimulus] Packet is sent to Driver
# [Driver] Data is sent to DUT
# [Monitor] Data is sent to Scoreboard
# [base] Write finished! Write data 02 at Address 03
# [Scoreboard] Get packet from Monitor: Address: 03, Data: 00
# [Stimulus] Packet is sent to Driver
# [Driver] Data is sent to DUT
# [Monitor] Data is sent to Scoreboard
# [Base] Write finished! Write Random Data 50 at Address 02
# [Scoreboard] Get packet from Monitor: Address: 02, Data: 00
# [Stimulus] Packet is sent to Driver
#   1
# [Driver] Data is sent to DUT
# [Monitor] Data is sent to Scoreboard
# [base] Write finished! Write data 06 at Address 00
# [Scoreboard] Get packet from Monitor: Address: 00, Data: 00
# [Stimulus] Packet is sent to Driver
#   0
# [Driver] Data is sent to DUT
# [Monitor] Data is sent to Scoreboard
# [base] Write finished! Write data 03 at Address 00
# [Scoreboard] Get packet from Monitor: Address: 00, Data: 00
# 
# ===== t=341750000 PASSED SUCCESSFULLY !!! Expected timing is 400000, Actual timing is 419999 =====
# 
# [Stimulus] Packet is sent to Driver
# [Driver] Data is sent to DUT
# [Monitor] Data is sent to Scoreboard
# [base] Write finished! Write data 02 at Address 03
# [Scoreboard] Get packet from Monitor: Address: 03, Data: 00
# [Stimulus] Packet is sent to Driver
# [Driver] Data is sent to DUT
# [Monitor] Data is sent to Scoreboard
# [Base] Write finished! Write Random Data db at Address 02
# [Scoreboard] Get packet from Monitor: Address: 02, Data: 00
# [Stimulus] Packet is sent to Driver
#   1
# [Driver] Data is sent to DUT
# [Monitor] Data is sent to Scoreboard
# [base] Write finished! Write data 06 at Address 00
# [Scoreboard] Get packet from Monitor: Address: 00, Data: 00
# [Stimulus] Packet is sent to Driver
#   0
# [Driver] Data is sent to DUT
# [Monitor] Data is sent to Scoreboard
# [base] Write finished! Write data 03 at Address 00
# [Scoreboard] Get packet from Monitor: Address: 00, Data: 00
# 
# ===== t=343150000 PASSED SUCCESSFULLY !!! Expected timing is 1095000, Actual timing is 1119999 =====
# 
# [Stimulus] Packet is sent to Driver
# [Driver] Data is sent to DUT
# [Monitor] Data is sent to Scoreboard
# [base] Write finished! Write data 02 at Address 03
# [Scoreboard] Get packet from Monitor: Address: 03, Data: 00
# [Stimulus] Packet is sent to Driver
# [Driver] Data is sent to DUT
# [Monitor] Data is sent to Scoreboard
# [Base] Write finished! Write Random Data b9 at Address 02
# [Scoreboard] Get packet from Monitor: Address: 02, Data: 00
# [Stimulus] Packet is sent to Driver
#   1
# [Driver] Data is sent to DUT
# [Monitor] Data is sent to Scoreboard
# [base] Write finished! Write data 06 at Address 00
# [Scoreboard] Get packet from Monitor: Address: 00, Data: 00
# [Stimulus] Packet is sent to Driver
#   0
# [Driver] Data is sent to DUT
# [Monitor] Data is sent to Scoreboard
# [base] Write finished! Write data 03 at Address 00
# [Scoreboard] Get packet from Monitor: Address: 00, Data: 00
# 
# ===== t=344370000 PASSED SUCCESSFULLY !!! Expected timing is 925000, Actual timing is 939999 =====
# 
# [Stimulus] Packet is sent to Driver
# [Driver] Data is sent to DUT
# [Monitor] Data is sent to Scoreboard
# [base] Write finished! Write data 02 at Address 03
# [Scoreboard] Get packet from Monitor: Address: 03, Data: 00
# [Stimulus] Packet is sent to Driver
# [Driver] Data is sent to DUT
# [Monitor] Data is sent to Scoreboard
# [Base] Write finished! Write Random Data a7 at Address 02
# [Scoreboard] Get packet from Monitor: Address: 02, Data: 00
# [Stimulus] Packet is sent to Driver
#   1
# [Driver] Data is sent to DUT
# [Monitor] Data is sent to Scoreboard
# [base] Write finished! Write data 06 at Address 00
# [Scoreboard] Get packet from Monitor: Address: 00, Data: 00
# [Stimulus] Packet is sent to Driver
#   0
# [Driver] Data is sent to DUT
# [Monitor] Data is sent to Scoreboard
# [base] Write finished! Write data 03 at Address 00
# [Scoreboard] Get packet from Monitor: Address: 00, Data: 00
# 
# ===== t=345510000 PASSED SUCCESSFULLY !!! Expected timing is 835000, Actual timing is 859999 =====
# 
# [Stimulus] Packet is sent to Driver
# [Driver] Data is sent to DUT
# [Monitor] Data is sent to Scoreboard
# [base] Write finished! Write data 02 at Address 03
# [Scoreboard] Get packet from Monitor: Address: 03, Data: 00
# [Stimulus] Packet is sent to Driver
# [Driver] Data is sent to DUT
# [Monitor] Data is sent to Scoreboard
# [Base] Write finished! Write Random Data 55 at Address 02
# [Scoreboard] Get packet from Monitor: Address: 02, Data: 00
# [Stimulus] Packet is sent to Driver
#   1
# [Driver] Data is sent to DUT
# [Monitor] Data is sent to Scoreboard
# [base] Write finished! Write data 06 at Address 00
# [Scoreboard] Get packet from Monitor: Address: 00, Data: 00
# [Stimulus] Packet is sent to Driver
#   0
# [Driver] Data is sent to DUT
# [Monitor] Data is sent to Scoreboard
# [base] Write finished! Write data 03 at Address 00
# [Scoreboard] Get packet from Monitor: Address: 00, Data: 00
# 
# ===== t=346230000 PASSED SUCCESSFULLY !!! Expected timing is 425000, Actual timing is 439999 =====
# 
# [Stimulus] Packet is sent to Driver
# [Driver] Data is sent to DUT
# [Monitor] Data is sent to Scoreboard
# [base] Write finished! Write data 02 at Address 03
# [Scoreboard] Get packet from Monitor: Address: 03, Data: 00
# [Stimulus] Packet is sent to Driver
# [Driver] Data is sent to DUT
# [Monitor] Data is sent to Scoreboard
# [Base] Write finished! Write Random Data a5 at Address 02
# [Scoreboard] Get packet from Monitor: Address: 02, Data: 00
# [Stimulus] Packet is sent to Driver
#   1
# [Driver] Data is sent to DUT
# [Monitor] Data is sent to Scoreboard
# [base] Write finished! Write data 06 at Address 00
# [Scoreboard] Get packet from Monitor: Address: 00, Data: 00
# [Stimulus] Packet is sent to Driver
#   0
# [Driver] Data is sent to DUT
# [Monitor] Data is sent to Scoreboard
# [base] Write finished! Write data 03 at Address 00
# [Scoreboard] Get packet from Monitor: Address: 00, Data: 00
# 
# ===== t=347350000 PASSED SUCCESSFULLY !!! Expected timing is 825000, Actual timing is 839999 =====
# 
# [Stimulus] Packet is sent to Driver
# [Driver] Data is sent to DUT
# [Monitor] Data is sent to Scoreboard
# [base] Write finished! Write data 02 at Address 03
# [Scoreboard] Get packet from Monitor: Address: 03, Data: 00
# [Stimulus] Packet is sent to Driver
# [Driver] Data is sent to DUT
# [Monitor] Data is sent to Scoreboard
# [Base] Write finished! Write Random Data f9 at Address 02
# [Scoreboard] Get packet from Monitor: Address: 02, Data: 00
# [Stimulus] Packet is sent to Driver
#   1
# [Driver] Data is sent to DUT
# [Monitor] Data is sent to Scoreboard
# [base] Write finished! Write data 06 at Address 00
# [Scoreboard] Get packet from Monitor: Address: 00, Data: 00
# [Stimulus] Packet is sent to Driver
#   0
# [Driver] Data is sent to DUT
# [Monitor] Data is sent to Scoreboard
# [base] Write finished! Write data 03 at Address 00
# [Scoreboard] Get packet from Monitor: Address: 00, Data: 00
# 
# ===== t=348890000 PASSED SUCCESSFULLY !!! Expected timing is 1245000, Actual timing is 1259999 =====
# 
# [Stimulus] Packet is sent to Driver
# [Driver] Data is sent to DUT
# [Monitor] Data is sent to Scoreboard
# [base] Write finished! Write data 02 at Address 03
# [Scoreboard] Get packet from Monitor: Address: 03, Data: 00
# [Stimulus] Packet is sent to Driver
# [Driver] Data is sent to DUT
# [Monitor] Data is sent to Scoreboard
# [Base] Write finished! Write Random Data d2 at Address 02
# [Scoreboard] Get packet from Monitor: Address: 02, Data: 00
# [Stimulus] Packet is sent to Driver
#   1
# [Driver] Data is sent to DUT
# [Monitor] Data is sent to Scoreboard
# [base] Write finished! Write data 06 at Address 00
# [Scoreboard] Get packet from Monitor: Address: 00, Data: 00
# [Stimulus] Packet is sent to Driver
#   0
# [Driver] Data is sent to DUT
# [Monitor] Data is sent to Scoreboard
# [base] Write finished! Write data 03 at Address 00
# [Scoreboard] Get packet from Monitor: Address: 00, Data: 00
# 
# ===== t=350230000 PASSED SUCCESSFULLY !!! Expected timing is 1050000, Actual timing is 1059999 =====
# 
# [Stimulus] Packet is sent to Driver
# [Driver] Data is sent to DUT
# [Monitor] Data is sent to Scoreboard
# [base] Write finished! Write data 02 at Address 03
# [Scoreboard] Get packet from Monitor: Address: 03, Data: 00
# [Stimulus] Packet is sent to Driver
# [Driver] Data is sent to DUT
# [Monitor] Data is sent to Scoreboard
# [Base] Write finished! Write Random Data 85 at Address 02
# [Scoreboard] Get packet from Monitor: Address: 02, Data: 00
# [Stimulus] Packet is sent to Driver
#   1
# [Driver] Data is sent to DUT
# [Monitor] Data is sent to Scoreboard
# [base] Write finished! Write data 06 at Address 00
# [Scoreboard] Get packet from Monitor: Address: 00, Data: 00
# [Stimulus] Packet is sent to Driver
#   0
# [Driver] Data is sent to DUT
# [Monitor] Data is sent to Scoreboard
# [base] Write finished! Write data 03 at Address 00
# [Scoreboard] Get packet from Monitor: Address: 00, Data: 00
# 
# ===== t=351190000 PASSED SUCCESSFULLY !!! Expected timing is 665000, Actual timing is 679999 =====
# 
# [Stimulus] Packet is sent to Driver
# [Driver] Data is sent to DUT
# [Monitor] Data is sent to Scoreboard
# [base] Write finished! Write data 02 at Address 03
# [Scoreboard] Get packet from Monitor: Address: 03, Data: 00
# [Stimulus] Packet is sent to Driver
# [Driver] Data is sent to DUT
# [Monitor] Data is sent to Scoreboard
# [Base] Write finished! Write Random Data 2b at Address 02
# [Scoreboard] Get packet from Monitor: Address: 02, Data: 00
# [Stimulus] Packet is sent to Driver
#   1
# [Driver] Data is sent to DUT
# [Monitor] Data is sent to Scoreboard
# [base] Write finished! Write data 06 at Address 00
# [Scoreboard] Get packet from Monitor: Address: 00, Data: 00
# [Stimulus] Packet is sent to Driver
#   0
# [Driver] Data is sent to DUT
# [Monitor] Data is sent to Scoreboard
# [base] Write finished! Write data 03 at Address 00
# [Scoreboard] Get packet from Monitor: Address: 00, Data: 00
# 
# ===== t=351710000 PASSED SUCCESSFULLY !!! Expected timing is 215000, Actual timing is 239999 =====
# 
# [Stimulus] Packet is sent to Driver
# [Driver] Data is sent to DUT
# [Monitor] Data is sent to Scoreboard
# [base] Write finished! Write data 02 at Address 03
# [Scoreboard] Get packet from Monitor: Address: 03, Data: 00
# [Stimulus] Packet is sent to Driver
# [Driver] Data is sent to DUT
# [Monitor] Data is sent to Scoreboard
# [Base] Write finished! Write Random Data 45 at Address 02
# [Scoreboard] Get packet from Monitor: Address: 02, Data: 00
# [Stimulus] Packet is sent to Driver
#   1
# [Driver] Data is sent to DUT
# [Monitor] Data is sent to Scoreboard
# [base] Write finished! Write data 06 at Address 00
# [Scoreboard] Get packet from Monitor: Address: 00, Data: 00
# [Stimulus] Packet is sent to Driver
#   0
# [Driver] Data is sent to DUT
# [Monitor] Data is sent to Scoreboard
# [base] Write finished! Write data 03 at Address 00
# [Scoreboard] Get packet from Monitor: Address: 00, Data: 00
# 
# ===== t=352350000 PASSED SUCCESSFULLY !!! Expected timing is 345000, Actual timing is 359999 =====
# 
# [Stimulus] Packet is sent to Driver
# [Driver] Data is sent to DUT
# [Monitor] Data is sent to Scoreboard
# [base] Write finished! Write data 02 at Address 03
# [Scoreboard] Get packet from Monitor: Address: 03, Data: 00
# [Stimulus] Packet is sent to Driver
# [Driver] Data is sent to DUT
# [Monitor] Data is sent to Scoreboard
# [Base] Write finished! Write Random Data 12 at Address 02
# [Scoreboard] Get packet from Monitor: Address: 02, Data: 00
# [Stimulus] Packet is sent to Driver
#   1
# [Driver] Data is sent to DUT
# [Monitor] Data is sent to Scoreboard
# [base] Write finished! Write data 06 at Address 00
# [Scoreboard] Get packet from Monitor: Address: 00, Data: 00
# [Stimulus] Packet is sent to Driver
#   0
# [Driver] Data is sent to DUT
# [Monitor] Data is sent to Scoreboard
# [base] Write finished! Write data 03 at Address 00
# [Scoreboard] Get packet from Monitor: Address: 00, Data: 00
# 
# ===== t=352730000 PASSED SUCCESSFULLY !!! Expected timing is 90000, Actual timing is 99999 =====
# 
# [Stimulus] Packet is sent to Driver
# [Driver] Data is sent to DUT
# [Monitor] Data is sent to Scoreboard
# [base] Write finished! Write data 02 at Address 03
# [Scoreboard] Get packet from Monitor: Address: 03, Data: 00
# [Stimulus] Packet is sent to Driver
# [Driver] Data is sent to DUT
# [Monitor] Data is sent to Scoreboard
# [Base] Write finished! Write Random Data 27 at Address 02
# [Scoreboard] Get packet from Monitor: Address: 02, Data: 00
# [Stimulus] Packet is sent to Driver
#   1
# [Driver] Data is sent to DUT
# [Monitor] Data is sent to Scoreboard
# [base] Write finished! Write data 06 at Address 00
# [Scoreboard] Get packet from Monitor: Address: 00, Data: 00
# [Stimulus] Packet is sent to Driver
#   0
# [Driver] Data is sent to DUT
# [Monitor] Data is sent to Scoreboard
# [base] Write finished! Write data 03 at Address 00
# [Scoreboard] Get packet from Monitor: Address: 00, Data: 00
# 
# ===== t=353230000 PASSED SUCCESSFULLY !!! Expected timing is 195000, Actual timing is 219999 =====
# 
# [Stimulus] Packet is sent to Driver
# [Driver] Data is sent to DUT
# [Monitor] Data is sent to Scoreboard
# [base] Write finished! Write data 02 at Address 03
# [Scoreboard] Get packet from Monitor: Address: 03, Data: 00
# [Stimulus] Packet is sent to Driver
# [Driver] Data is sent to DUT
# [Monitor] Data is sent to Scoreboard
# [Base] Write finished! Write Random Data 51 at Address 02
# [Scoreboard] Get packet from Monitor: Address: 02, Data: 00
# [Stimulus] Packet is sent to Driver
#   1
# [Driver] Data is sent to DUT
# [Monitor] Data is sent to Scoreboard
# [base] Write finished! Write data 06 at Address 00
# [Scoreboard] Get packet from Monitor: Address: 00, Data: 00
# [Stimulus] Packet is sent to Driver
#   0
# [Driver] Data is sent to DUT
# [Monitor] Data is sent to Scoreboard
# [base] Write finished! Write data 03 at Address 00
# [Scoreboard] Get packet from Monitor: Address: 00, Data: 00
# 
# ===== t=353930000 PASSED SUCCESSFULLY !!! Expected timing is 405000, Actual timing is 419999 =====
# 
# [Stimulus] Packet is sent to Driver
# [Driver] Data is sent to DUT
# [Monitor] Data is sent to Scoreboard
# [base] Write finished! Write data 02 at Address 03
# [Scoreboard] Get packet from Monitor: Address: 03, Data: 00
# [Stimulus] Packet is sent to Driver
# [Driver] Data is sent to DUT
# [Monitor] Data is sent to Scoreboard
# [Base] Write finished! Write Random Data 01 at Address 02
# [Scoreboard] Get packet from Monitor: Address: 02, Data: 00
# [Stimulus] Packet is sent to Driver
#   1
# [Driver] Data is sent to DUT
# [Monitor] Data is sent to Scoreboard
# [base] Write finished! Write data 06 at Address 00
# [Scoreboard] Get packet from Monitor: Address: 00, Data: 00
# [Stimulus] Packet is sent to Driver
#   0
# [Driver] Data is sent to DUT
# [Monitor] Data is sent to Scoreboard
# [base] Write finished! Write data 03 at Address 00
# [Scoreboard] Get packet from Monitor: Address: 00, Data: 00
# 
# ===== t=354230000 PASSED SUCCESSFULLY !!! Expected timing is 5000, Actual timing is 19999 =====
# 
# [Stimulus] Packet is sent to Driver
# [Driver] Data is sent to DUT
# [Monitor] Data is sent to Scoreboard
# [base] Write finished! Write data 02 at Address 03
# [Scoreboard] Get packet from Monitor: Address: 03, Data: 00
# [Stimulus] Packet is sent to Driver
# [Driver] Data is sent to DUT
# [Monitor] Data is sent to Scoreboard
# [Base] Write finished! Write Random Data 5f at Address 02
# [Scoreboard] Get packet from Monitor: Address: 02, Data: 00
# [Stimulus] Packet is sent to Driver
#   1
# [Driver] Data is sent to DUT
# [Monitor] Data is sent to Scoreboard
# [base] Write finished! Write data 06 at Address 00
# [Scoreboard] Get packet from Monitor: Address: 00, Data: 00
# [Stimulus] Packet is sent to Driver
#   0
# [Driver] Data is sent to DUT
# [Monitor] Data is sent to Scoreboard
# [base] Write finished! Write data 03 at Address 00
# [Scoreboard] Get packet from Monitor: Address: 00, Data: 00
# 
# ===== t=355010000 PASSED SUCCESSFULLY !!! Expected timing is 475000, Actual timing is 499999 =====
# 
# [Stimulus] Packet is sent to Driver
# [Driver] Data is sent to DUT
# [Monitor] Data is sent to Scoreboard
# [base] Write finished! Write data 02 at Address 03
# [Scoreboard] Get packet from Monitor: Address: 03, Data: 00
# [Stimulus] Packet is sent to Driver
# [Driver] Data is sent to DUT
# [Monitor] Data is sent to Scoreboard
# [Base] Write finished! Write Random Data cf at Address 02
# [Scoreboard] Get packet from Monitor: Address: 02, Data: 00
# [Stimulus] Packet is sent to Driver
#   1
# [Driver] Data is sent to DUT
# [Monitor] Data is sent to Scoreboard
# [base] Write finished! Write data 06 at Address 00
# [Scoreboard] Get packet from Monitor: Address: 00, Data: 00
# [Stimulus] Packet is sent to Driver
#   0
# [Driver] Data is sent to DUT
# [Monitor] Data is sent to Scoreboard
# [base] Write finished! Write data 03 at Address 00
# [Scoreboard] Get packet from Monitor: Address: 00, Data: 00
# 
# ===== t=356350000 PASSED SUCCESSFULLY !!! Expected timing is 1035000, Actual timing is 1059999 =====
# 
# [Stimulus] Packet is sent to Driver
# [Driver] Data is sent to DUT
# [Monitor] Data is sent to Scoreboard
# [base] Write finished! Write data 02 at Address 03
# [Scoreboard] Get packet from Monitor: Address: 03, Data: 00
# [Stimulus] Packet is sent to Driver
# [Driver] Data is sent to DUT
# [Monitor] Data is sent to Scoreboard
# [Base] Write finished! Write Random Data e1 at Address 02
# [Scoreboard] Get packet from Monitor: Address: 02, Data: 00
# [Stimulus] Packet is sent to Driver
#   1
# [Driver] Data is sent to DUT
# [Monitor] Data is sent to Scoreboard
# [base] Write finished! Write data 06 at Address 00
# [Scoreboard] Get packet from Monitor: Address: 00, Data: 00
# [Stimulus] Packet is sent to Driver
#   0
# [Driver] Data is sent to DUT
# [Monitor] Data is sent to Scoreboard
# [base] Write finished! Write data 03 at Address 00
# [Scoreboard] Get packet from Monitor: Address: 00, Data: 00
# 
# ===== t=357770000 PASSED SUCCESSFULLY !!! Expected timing is 1125000, Actual timing is 1139999 =====
# 
# [Stimulus] Packet is sent to Driver
# [Driver] Data is sent to DUT
# [Monitor] Data is sent to Scoreboard
# [base] Write finished! Write data 02 at Address 03
# [Scoreboard] Get packet from Monitor: Address: 03, Data: 00
# [Stimulus] Packet is sent to Driver
# [Driver] Data is sent to DUT
# [Monitor] Data is sent to Scoreboard
# [Base] Write finished! Write Random Data d1 at Address 02
# [Scoreboard] Get packet from Monitor: Address: 02, Data: 00
# [Stimulus] Packet is sent to Driver
#   1
# [Driver] Data is sent to DUT
# [Monitor] Data is sent to Scoreboard
# [base] Write finished! Write data 06 at Address 00
# [Scoreboard] Get packet from Monitor: Address: 00, Data: 00
# [Stimulus] Packet is sent to Driver
#   0
# [Driver] Data is sent to DUT
# [Monitor] Data is sent to Scoreboard
# [base] Write finished! Write data 03 at Address 00
# [Scoreboard] Get packet from Monitor: Address: 00, Data: 00
# 
# ===== t=359110000 PASSED SUCCESSFULLY !!! Expected timing is 1045000, Actual timing is 1059999 =====
# 
# [Stimulus] Packet is sent to Driver
# [Driver] Data is sent to DUT
# [Monitor] Data is sent to Scoreboard
# [base] Write finished! Write data 02 at Address 03
# [Scoreboard] Get packet from Monitor: Address: 03, Data: 00
# [Stimulus] Packet is sent to Driver
# [Driver] Data is sent to DUT
# [Monitor] Data is sent to Scoreboard
# [Base] Write finished! Write Random Data 88 at Address 02
# [Scoreboard] Get packet from Monitor: Address: 02, Data: 00
# [Stimulus] Packet is sent to Driver
#   1
# [Driver] Data is sent to DUT
# [Monitor] Data is sent to Scoreboard
# [base] Write finished! Write data 06 at Address 00
# [Scoreboard] Get packet from Monitor: Address: 00, Data: 00
# [Stimulus] Packet is sent to Driver
#   0
# [Driver] Data is sent to DUT
# [Monitor] Data is sent to Scoreboard
# [base] Write finished! Write data 03 at Address 00
# [Scoreboard] Get packet from Monitor: Address: 00, Data: 00
# 
# ===== t=360090000 PASSED SUCCESSFULLY !!! Expected timing is 680000, Actual timing is 699999 =====
# 
# [Stimulus] Packet is sent to Driver
# [Driver] Data is sent to DUT
# [Monitor] Data is sent to Scoreboard
# [base] Write finished! Write data 02 at Address 03
# [Scoreboard] Get packet from Monitor: Address: 03, Data: 00
# [Stimulus] Packet is sent to Driver
# [Driver] Data is sent to DUT
# [Monitor] Data is sent to Scoreboard
# [Base] Write finished! Write Random Data 29 at Address 02
# [Scoreboard] Get packet from Monitor: Address: 02, Data: 00
# [Stimulus] Packet is sent to Driver
#   1
# [Driver] Data is sent to DUT
# [Monitor] Data is sent to Scoreboard
# [base] Write finished! Write data 06 at Address 00
# [Scoreboard] Get packet from Monitor: Address: 00, Data: 00
# [Stimulus] Packet is sent to Driver
#   0
# [Driver] Data is sent to DUT
# [Monitor] Data is sent to Scoreboard
# [base] Write finished! Write data 03 at Address 00
# [Scoreboard] Get packet from Monitor: Address: 00, Data: 00
# 
# ===== t=360590000 PASSED SUCCESSFULLY !!! Expected timing is 205000, Actual timing is 219999 =====
# 
# [Stimulus] Packet is sent to Driver
# [Driver] Data is sent to DUT
# [Monitor] Data is sent to Scoreboard
# [base] Write finished! Write data 02 at Address 03
# [Scoreboard] Get packet from Monitor: Address: 03, Data: 00
# [Stimulus] Packet is sent to Driver
# [Driver] Data is sent to DUT
# [Monitor] Data is sent to Scoreboard
# [Base] Write finished! Write Random Data e8 at Address 02
# [Scoreboard] Get packet from Monitor: Address: 02, Data: 00
# [Stimulus] Packet is sent to Driver
#   1
# [Driver] Data is sent to DUT
# [Monitor] Data is sent to Scoreboard
# [base] Write finished! Write data 06 at Address 00
# [Scoreboard] Get packet from Monitor: Address: 00, Data: 00
# [Stimulus] Packet is sent to Driver
#   0
# [Driver] Data is sent to DUT
# [Monitor] Data is sent to Scoreboard
# [base] Write finished! Write data 03 at Address 00
# [Scoreboard] Get packet from Monitor: Address: 00, Data: 00
# 
# ===== t=362050000 PASSED SUCCESSFULLY !!! Expected timing is 1160000, Actual timing is 1179999 =====
# 
# [Stimulus] Packet is sent to Driver
# [Driver] Data is sent to DUT
# [Monitor] Data is sent to Scoreboard
# [base] Write finished! Write data 02 at Address 03
# [Scoreboard] Get packet from Monitor: Address: 03, Data: 00
# [Stimulus] Packet is sent to Driver
# [Driver] Data is sent to DUT
# [Monitor] Data is sent to Scoreboard
# [Base] Write finished! Write Random Data 26 at Address 02
# [Scoreboard] Get packet from Monitor: Address: 02, Data: 00
# [Stimulus] Packet is sent to Driver
#   1
# [Driver] Data is sent to DUT
# [Monitor] Data is sent to Scoreboard
# [base] Write finished! Write data 06 at Address 00
# [Scoreboard] Get packet from Monitor: Address: 00, Data: 00
# [Stimulus] Packet is sent to Driver
#   0
# [Driver] Data is sent to DUT
# [Monitor] Data is sent to Scoreboard
# [base] Write finished! Write data 03 at Address 00
# [Scoreboard] Get packet from Monitor: Address: 00, Data: 00
# 
# ===== t=362530000 PASSED SUCCESSFULLY !!! Expected timing is 190000, Actual timing is 199999 =====
# 
# [Stimulus] Packet is sent to Driver
# [Driver] Data is sent to DUT
# [Monitor] Data is sent to Scoreboard
# [base] Write finished! Write data 02 at Address 03
# [Scoreboard] Get packet from Monitor: Address: 03, Data: 00
# [Stimulus] Packet is sent to Driver
# [Driver] Data is sent to DUT
# [Monitor] Data is sent to Scoreboard
# [Base] Write finished! Write Random Data 73 at Address 02
# [Scoreboard] Get packet from Monitor: Address: 02, Data: 00
# [Stimulus] Packet is sent to Driver
#   1
# [Driver] Data is sent to DUT
# [Monitor] Data is sent to Scoreboard
# [base] Write finished! Write data 06 at Address 00
# [Scoreboard] Get packet from Monitor: Address: 00, Data: 00
# [Stimulus] Packet is sent to Driver
#   0
# [Driver] Data is sent to DUT
# [Monitor] Data is sent to Scoreboard
# [base] Write finished! Write data 03 at Address 00
# [Scoreboard] Get packet from Monitor: Address: 00, Data: 00
# 
# ===== t=363410000 PASSED SUCCESSFULLY !!! Expected timing is 575000, Actual timing is 599999 =====
# 
# [Stimulus] Packet is sent to Driver
# [Driver] Data is sent to DUT
# [Monitor] Data is sent to Scoreboard
# [base] Write finished! Write data 02 at Address 03
# [Scoreboard] Get packet from Monitor: Address: 03, Data: 00
# [Stimulus] Packet is sent to Driver
# [Driver] Data is sent to DUT
# [Monitor] Data is sent to Scoreboard
# [Base] Write finished! Write Random Data 2f at Address 02
# [Scoreboard] Get packet from Monitor: Address: 02, Data: 00
# [Stimulus] Packet is sent to Driver
#   1
# [Driver] Data is sent to DUT
# [Monitor] Data is sent to Scoreboard
# [base] Write finished! Write data 06 at Address 00
# [Scoreboard] Get packet from Monitor: Address: 00, Data: 00
# [Stimulus] Packet is sent to Driver
#   0
# [Driver] Data is sent to DUT
# [Monitor] Data is sent to Scoreboard
# [base] Write finished! Write data 03 at Address 00
# [Scoreboard] Get packet from Monitor: Address: 00, Data: 00
# 
# ===== t=363950000 PASSED SUCCESSFULLY !!! Expected timing is 235000, Actual timing is 259999 =====
# 
# [Stimulus] Packet is sent to Driver
# [Driver] Data is sent to DUT
# [Monitor] Data is sent to Scoreboard
# [base] Write finished! Write data 02 at Address 03
# [Scoreboard] Get packet from Monitor: Address: 03, Data: 00
# [Stimulus] Packet is sent to Driver
# [Driver] Data is sent to DUT
# [Monitor] Data is sent to Scoreboard
# [Base] Write finished! Write Random Data 64 at Address 02
# [Scoreboard] Get packet from Monitor: Address: 02, Data: 00
# [Stimulus] Packet is sent to Driver
#   1
# [Driver] Data is sent to DUT
# [Monitor] Data is sent to Scoreboard
# [base] Write finished! Write data 06 at Address 00
# [Scoreboard] Get packet from Monitor: Address: 00, Data: 00
# [Stimulus] Packet is sent to Driver
#   0
# [Driver] Data is sent to DUT
# [Monitor] Data is sent to Scoreboard
# [base] Write finished! Write data 03 at Address 00
# [Scoreboard] Get packet from Monitor: Address: 00, Data: 00
# 
# ===== t=364750000 PASSED SUCCESSFULLY !!! Expected timing is 500000, Actual timing is 519999 =====
# 
# [Stimulus] Packet is sent to Driver
# [Driver] Data is sent to DUT
# [Monitor] Data is sent to Scoreboard
# [base] Write finished! Write data 02 at Address 03
# [Scoreboard] Get packet from Monitor: Address: 03, Data: 00
# [Stimulus] Packet is sent to Driver
# [Driver] Data is sent to DUT
# [Monitor] Data is sent to Scoreboard
# [Base] Write finished! Write Random Data 48 at Address 02
# [Scoreboard] Get packet from Monitor: Address: 02, Data: 00
# [Stimulus] Packet is sent to Driver
#   1
# [Driver] Data is sent to DUT
# [Monitor] Data is sent to Scoreboard
# [base] Write finished! Write data 06 at Address 00
# [Scoreboard] Get packet from Monitor: Address: 00, Data: 00
# [Stimulus] Packet is sent to Driver
#   0
# [Driver] Data is sent to DUT
# [Monitor] Data is sent to Scoreboard
# [base] Write finished! Write data 03 at Address 00
# [Scoreboard] Get packet from Monitor: Address: 00, Data: 00
# 
# ===== t=365410000 PASSED SUCCESSFULLY !!! Expected timing is 360000, Actual timing is 379999 =====
# 
# [Stimulus] Packet is sent to Driver
# [Driver] Data is sent to DUT
# [Monitor] Data is sent to Scoreboard
# [base] Write finished! Write data 02 at Address 03
# [Scoreboard] Get packet from Monitor: Address: 03, Data: 00
# [Stimulus] Packet is sent to Driver
# [Driver] Data is sent to DUT
# [Monitor] Data is sent to Scoreboard
# [Base] Write finished! Write Random Data 1d at Address 02
# [Scoreboard] Get packet from Monitor: Address: 02, Data: 00
# [Stimulus] Packet is sent to Driver
#   1
# [Driver] Data is sent to DUT
# [Monitor] Data is sent to Scoreboard
# [base] Write finished! Write data 06 at Address 00
# [Scoreboard] Get packet from Monitor: Address: 00, Data: 00
# [Stimulus] Packet is sent to Driver
#   0
# [Driver] Data is sent to DUT
# [Monitor] Data is sent to Scoreboard
# [base] Write finished! Write data 03 at Address 00
# [Scoreboard] Get packet from Monitor: Address: 00, Data: 00
# 
# ===== t=365850000 PASSED SUCCESSFULLY !!! Expected timing is 145000, Actual timing is 159999 =====
# 
# [Stimulus] Packet is sent to Driver
# [Driver] Data is sent to DUT
# [Monitor] Data is sent to Scoreboard
# [base] Write finished! Write data 02 at Address 03
# [Scoreboard] Get packet from Monitor: Address: 03, Data: 00
# [Stimulus] Packet is sent to Driver
# [Driver] Data is sent to DUT
# [Monitor] Data is sent to Scoreboard
# [Base] Write finished! Write Random Data 5e at Address 02
# [Scoreboard] Get packet from Monitor: Address: 02, Data: 00
# [Stimulus] Packet is sent to Driver
#   1
# [Driver] Data is sent to DUT
# [Monitor] Data is sent to Scoreboard
# [base] Write finished! Write data 06 at Address 00
# [Scoreboard] Get packet from Monitor: Address: 00, Data: 00
# [Stimulus] Packet is sent to Driver
#   0
# [Driver] Data is sent to DUT
# [Monitor] Data is sent to Scoreboard
# [base] Write finished! Write data 03 at Address 00
# [Scoreboard] Get packet from Monitor: Address: 00, Data: 00
# 
# ===== t=366610000 PASSED SUCCESSFULLY !!! Expected timing is 470000, Actual timing is 479999 =====
# 
# [Stimulus] Packet is sent to Driver
# [Driver] Data is sent to DUT
# [Monitor] Data is sent to Scoreboard
# [base] Write finished! Write data 02 at Address 03
# [Scoreboard] Get packet from Monitor: Address: 03, Data: 00
# [Stimulus] Packet is sent to Driver
# [Driver] Data is sent to DUT
# [Monitor] Data is sent to Scoreboard
# [Base] Write finished! Write Random Data c0 at Address 02
# [Scoreboard] Get packet from Monitor: Address: 02, Data: 00
# [Stimulus] Packet is sent to Driver
#   1
# [Driver] Data is sent to DUT
# [Monitor] Data is sent to Scoreboard
# [base] Write finished! Write data 06 at Address 00
# [Scoreboard] Get packet from Monitor: Address: 00, Data: 00
# [Stimulus] Packet is sent to Driver
#   0
# [Driver] Data is sent to DUT
# [Monitor] Data is sent to Scoreboard
# [base] Write finished! Write data 03 at Address 00
# [Scoreboard] Get packet from Monitor: Address: 00, Data: 00
# 
# ===== t=367870000 PASSED SUCCESSFULLY !!! Expected timing is 960000, Actual timing is 979999 =====
# 
# [Stimulus] Packet is sent to Driver
# [Driver] Data is sent to DUT
# [Monitor] Data is sent to Scoreboard
# [base] Write finished! Write data 02 at Address 03
# [Scoreboard] Get packet from Monitor: Address: 03, Data: 00
# [Stimulus] Packet is sent to Driver
# [Driver] Data is sent to DUT
# [Monitor] Data is sent to Scoreboard
# [Base] Write finished! Write Random Data 01 at Address 02
# [Scoreboard] Get packet from Monitor: Address: 02, Data: 00
# [Stimulus] Packet is sent to Driver
#   1
# [Driver] Data is sent to DUT
# [Monitor] Data is sent to Scoreboard
# [base] Write finished! Write data 06 at Address 00
# [Scoreboard] Get packet from Monitor: Address: 00, Data: 00
# [Stimulus] Packet is sent to Driver
#   0
# [Driver] Data is sent to DUT
# [Monitor] Data is sent to Scoreboard
# [base] Write finished! Write data 03 at Address 00
# [Scoreboard] Get packet from Monitor: Address: 00, Data: 00
# 
# ===== t=368170000 PASSED SUCCESSFULLY !!! Expected timing is 5000, Actual timing is 19999 =====
# 
# [Stimulus] Packet is sent to Driver
# [Driver] Data is sent to DUT
# [Monitor] Data is sent to Scoreboard
# [base] Write finished! Write data 02 at Address 03
# [Scoreboard] Get packet from Monitor: Address: 03, Data: 00
# [Stimulus] Packet is sent to Driver
# [Driver] Data is sent to DUT
# [Monitor] Data is sent to Scoreboard
# [Base] Write finished! Write Random Data 02 at Address 02
# [Scoreboard] Get packet from Monitor: Address: 02, Data: 00
# [Stimulus] Packet is sent to Driver
#   1
# [Driver] Data is sent to DUT
# [Monitor] Data is sent to Scoreboard
# [base] Write finished! Write data 06 at Address 00
# [Scoreboard] Get packet from Monitor: Address: 00, Data: 00
# [Stimulus] Packet is sent to Driver
#   0
# [Driver] Data is sent to DUT
# [Monitor] Data is sent to Scoreboard
# [base] Write finished! Write data 03 at Address 00
# [Scoreboard] Get packet from Monitor: Address: 00, Data: 00
# 
# ===== t=368470000 PASSED SUCCESSFULLY !!! Expected timing is 10000, Actual timing is 19999 =====
# 
# [Stimulus] Packet is sent to Driver
# [Driver] Data is sent to DUT
# [Monitor] Data is sent to Scoreboard
# [base] Write finished! Write data 02 at Address 03
# [Scoreboard] Get packet from Monitor: Address: 03, Data: 00
# [Stimulus] Packet is sent to Driver
# [Driver] Data is sent to DUT
# [Monitor] Data is sent to Scoreboard
# [Base] Write finished! Write Random Data be at Address 02
# [Scoreboard] Get packet from Monitor: Address: 02, Data: 00
# [Stimulus] Packet is sent to Driver
#   1
# [Driver] Data is sent to DUT
# [Monitor] Data is sent to Scoreboard
# [base] Write finished! Write data 06 at Address 00
# [Scoreboard] Get packet from Monitor: Address: 00, Data: 00
# [Stimulus] Packet is sent to Driver
#   0
# [Driver] Data is sent to DUT
# [Monitor] Data is sent to Scoreboard
# [base] Write finished! Write data 03 at Address 00
# [Scoreboard] Get packet from Monitor: Address: 00, Data: 00
# 
# ===== t=369710000 PASSED SUCCESSFULLY !!! Expected timing is 950000, Actual timing is 959999 =====
# 
# [Stimulus] Packet is sent to Driver
# [Driver] Data is sent to DUT
# [Monitor] Data is sent to Scoreboard
# [base] Write finished! Write data 02 at Address 03
# [Scoreboard] Get packet from Monitor: Address: 03, Data: 00
# [Stimulus] Packet is sent to Driver
# [Driver] Data is sent to DUT
# [Monitor] Data is sent to Scoreboard
# [Base] Write finished! Write Random Data bf at Address 02
# [Scoreboard] Get packet from Monitor: Address: 02, Data: 00
# [Stimulus] Packet is sent to Driver
#   1
# [Driver] Data is sent to DUT
# [Monitor] Data is sent to Scoreboard
# [base] Write finished! Write data 06 at Address 00
# [Scoreboard] Get packet from Monitor: Address: 00, Data: 00
# [Stimulus] Packet is sent to Driver
#   0
# [Driver] Data is sent to DUT
# [Monitor] Data is sent to Scoreboard
# [base] Write finished! Write data 03 at Address 00
# [Scoreboard] Get packet from Monitor: Address: 00, Data: 00
# 
# ===== t=370970000 PASSED SUCCESSFULLY !!! Expected timing is 955000, Actual timing is 979999 =====
# 
# [Stimulus] Packet is sent to Driver
# [Driver] Data is sent to DUT
# [Monitor] Data is sent to Scoreboard
# [base] Write finished! Write data 02 at Address 03
# [Scoreboard] Get packet from Monitor: Address: 03, Data: 00
# [Stimulus] Packet is sent to Driver
# [Driver] Data is sent to DUT
# [Monitor] Data is sent to Scoreboard
# [Base] Write finished! Write Random Data 19 at Address 02
# [Scoreboard] Get packet from Monitor: Address: 02, Data: 00
# [Stimulus] Packet is sent to Driver
#   1
# [Driver] Data is sent to DUT
# [Monitor] Data is sent to Scoreboard
# [base] Write finished! Write data 06 at Address 00
# [Scoreboard] Get packet from Monitor: Address: 00, Data: 00
# [Stimulus] Packet is sent to Driver
#   0
# [Driver] Data is sent to DUT
# [Monitor] Data is sent to Scoreboard
# [base] Write finished! Write data 03 at Address 00
# [Scoreboard] Get packet from Monitor: Address: 00, Data: 00
# 
# ===== t=371390000 PASSED SUCCESSFULLY !!! Expected timing is 125000, Actual timing is 139999 =====
# 
# [Stimulus] Packet is sent to Driver
# [Driver] Data is sent to DUT
# [Monitor] Data is sent to Scoreboard
# [base] Write finished! Write data 02 at Address 03
# [Scoreboard] Get packet from Monitor: Address: 03, Data: 00
# [Stimulus] Packet is sent to Driver
# [Driver] Data is sent to DUT
# [Monitor] Data is sent to Scoreboard
# [Base] Write finished! Write Random Data 25 at Address 02
# [Scoreboard] Get packet from Monitor: Address: 02, Data: 00
# [Stimulus] Packet is sent to Driver
#   1
# [Driver] Data is sent to DUT
# [Monitor] Data is sent to Scoreboard
# [base] Write finished! Write data 06 at Address 00
# [Scoreboard] Get packet from Monitor: Address: 00, Data: 00
# [Stimulus] Packet is sent to Driver
#   0
# [Driver] Data is sent to DUT
# [Monitor] Data is sent to Scoreboard
# [base] Write finished! Write data 03 at Address 00
# [Scoreboard] Get packet from Monitor: Address: 00, Data: 00
# 
# ===== t=371870000 PASSED SUCCESSFULLY !!! Expected timing is 185000, Actual timing is 199999 =====
# 
# [Stimulus] Packet is sent to Driver
# [Driver] Data is sent to DUT
# [Monitor] Data is sent to Scoreboard
# [base] Write finished! Write data 02 at Address 03
# [Scoreboard] Get packet from Monitor: Address: 03, Data: 00
# [Stimulus] Packet is sent to Driver
# [Driver] Data is sent to DUT
# [Monitor] Data is sent to Scoreboard
# [Base] Write finished! Write Random Data 77 at Address 02
# [Scoreboard] Get packet from Monitor: Address: 02, Data: 00
# [Stimulus] Packet is sent to Driver
#   1
# [Driver] Data is sent to DUT
# [Monitor] Data is sent to Scoreboard
# [base] Write finished! Write data 06 at Address 00
# [Scoreboard] Get packet from Monitor: Address: 00, Data: 00
# [Stimulus] Packet is sent to Driver
#   0
# [Driver] Data is sent to DUT
# [Monitor] Data is sent to Scoreboard
# [base] Write finished! Write data 03 at Address 00
# [Scoreboard] Get packet from Monitor: Address: 00, Data: 00
# 
# ===== t=372770000 PASSED SUCCESSFULLY !!! Expected timing is 595000, Actual timing is 619999 =====
# 
# [Stimulus] Packet is sent to Driver
# [Driver] Data is sent to DUT
# [Monitor] Data is sent to Scoreboard
# [base] Write finished! Write data 02 at Address 03
# [Scoreboard] Get packet from Monitor: Address: 03, Data: 00
# [Stimulus] Packet is sent to Driver
# [Driver] Data is sent to DUT
# [Monitor] Data is sent to Scoreboard
# [Base] Write finished! Write Random Data 0c at Address 02
# [Scoreboard] Get packet from Monitor: Address: 02, Data: 00
# [Stimulus] Packet is sent to Driver
#   1
# [Driver] Data is sent to DUT
# [Monitor] Data is sent to Scoreboard
# [base] Write finished! Write data 06 at Address 00
# [Scoreboard] Get packet from Monitor: Address: 00, Data: 00
# [Stimulus] Packet is sent to Driver
#   0
# [Driver] Data is sent to DUT
# [Monitor] Data is sent to Scoreboard
# [base] Write finished! Write data 03 at Address 00
# [Scoreboard] Get packet from Monitor: Address: 00, Data: 00
# 
# ===== t=373130000 PASSED SUCCESSFULLY !!! Expected timing is 60000, Actual timing is 79999 =====
# 
# [Stimulus] Packet is sent to Driver
# [Driver] Data is sent to DUT
# [Monitor] Data is sent to Scoreboard
# [base] Write finished! Write data 02 at Address 03
# [Scoreboard] Get packet from Monitor: Address: 03, Data: 00
# [Stimulus] Packet is sent to Driver
# [Driver] Data is sent to DUT
# [Monitor] Data is sent to Scoreboard
# [Base] Write finished! Write Random Data 49 at Address 02
# [Scoreboard] Get packet from Monitor: Address: 02, Data: 00
# [Stimulus] Packet is sent to Driver
#   1
# [Driver] Data is sent to DUT
# [Monitor] Data is sent to Scoreboard
# [base] Write finished! Write data 06 at Address 00
# [Scoreboard] Get packet from Monitor: Address: 00, Data: 00
# [Stimulus] Packet is sent to Driver
#   0
# [Driver] Data is sent to DUT
# [Monitor] Data is sent to Scoreboard
# [base] Write finished! Write data 03 at Address 00
# [Scoreboard] Get packet from Monitor: Address: 00, Data: 00
# 
# ===== t=373790000 PASSED SUCCESSFULLY !!! Expected timing is 365000, Actual timing is 379999 =====
# 
# [Stimulus] Packet is sent to Driver
# [Driver] Data is sent to DUT
# [Monitor] Data is sent to Scoreboard
# [base] Write finished! Write data 02 at Address 03
# [Scoreboard] Get packet from Monitor: Address: 03, Data: 00
# [Stimulus] Packet is sent to Driver
# [Driver] Data is sent to DUT
# [Monitor] Data is sent to Scoreboard
# [Base] Write finished! Write Random Data 58 at Address 02
# [Scoreboard] Get packet from Monitor: Address: 02, Data: 00
# [Stimulus] Packet is sent to Driver
#   1
# [Driver] Data is sent to DUT
# [Monitor] Data is sent to Scoreboard
# [base] Write finished! Write data 06 at Address 00
# [Scoreboard] Get packet from Monitor: Address: 00, Data: 00
# [Stimulus] Packet is sent to Driver
#   0
# [Driver] Data is sent to DUT
# [Monitor] Data is sent to Scoreboard
# [base] Write finished! Write data 03 at Address 00
# [Scoreboard] Get packet from Monitor: Address: 00, Data: 00
# 
# ===== t=374530000 PASSED SUCCESSFULLY !!! Expected timing is 440000, Actual timing is 459999 =====
# 
# [Stimulus] Packet is sent to Driver
# [Driver] Data is sent to DUT
# [Monitor] Data is sent to Scoreboard
# [base] Write finished! Write data 02 at Address 03
# [Scoreboard] Get packet from Monitor: Address: 03, Data: 00
# [Stimulus] Packet is sent to Driver
# [Driver] Data is sent to DUT
# [Monitor] Data is sent to Scoreboard
# [Base] Write finished! Write Random Data 6a at Address 02
# [Scoreboard] Get packet from Monitor: Address: 02, Data: 00
# [Stimulus] Packet is sent to Driver
#   1
# [Driver] Data is sent to DUT
# [Monitor] Data is sent to Scoreboard
# [base] Write finished! Write data 06 at Address 00
# [Scoreboard] Get packet from Monitor: Address: 00, Data: 00
# [Stimulus] Packet is sent to Driver
#   0
# [Driver] Data is sent to DUT
# [Monitor] Data is sent to Scoreboard
# [base] Write finished! Write data 03 at Address 00
# [Scoreboard] Get packet from Monitor: Address: 00, Data: 00
# 
# ===== t=375350000 PASSED SUCCESSFULLY !!! Expected timing is 530000, Actual timing is 539999 =====
# 
# [Stimulus] Packet is sent to Driver
# [Driver] Data is sent to DUT
# [Monitor] Data is sent to Scoreboard
# [base] Write finished! Write data 02 at Address 03
# [Scoreboard] Get packet from Monitor: Address: 03, Data: 00
# [Stimulus] Packet is sent to Driver
# [Driver] Data is sent to DUT
# [Monitor] Data is sent to Scoreboard
# [Base] Write finished! Write Random Data 11 at Address 02
# [Scoreboard] Get packet from Monitor: Address: 02, Data: 00
# [Stimulus] Packet is sent to Driver
#   1
# [Driver] Data is sent to DUT
# [Monitor] Data is sent to Scoreboard
# [base] Write finished! Write data 06 at Address 00
# [Scoreboard] Get packet from Monitor: Address: 00, Data: 00
# [Stimulus] Packet is sent to Driver
#   0
# [Driver] Data is sent to DUT
# [Monitor] Data is sent to Scoreboard
# [base] Write finished! Write data 03 at Address 00
# [Scoreboard] Get packet from Monitor: Address: 00, Data: 00
# 
# ===== t=375730000 PASSED SUCCESSFULLY !!! Expected timing is 85000, Actual timing is 99999 =====
# 
# [Stimulus] Packet is sent to Driver
# [Driver] Data is sent to DUT
# [Monitor] Data is sent to Scoreboard
# [base] Write finished! Write data 02 at Address 03
# [Scoreboard] Get packet from Monitor: Address: 03, Data: 00
# [Stimulus] Packet is sent to Driver
# [Driver] Data is sent to DUT
# [Monitor] Data is sent to Scoreboard
# [Base] Write finished! Write Random Data 88 at Address 02
# [Scoreboard] Get packet from Monitor: Address: 02, Data: 00
# [Stimulus] Packet is sent to Driver
#   1
# [Driver] Data is sent to DUT
# [Monitor] Data is sent to Scoreboard
# [base] Write finished! Write data 06 at Address 00
# [Scoreboard] Get packet from Monitor: Address: 00, Data: 00
# [Stimulus] Packet is sent to Driver
#   0
# [Driver] Data is sent to DUT
# [Monitor] Data is sent to Scoreboard
# [base] Write finished! Write data 03 at Address 00
# [Scoreboard] Get packet from Monitor: Address: 00, Data: 00
# 
# ===== t=376710000 PASSED SUCCESSFULLY !!! Expected timing is 680000, Actual timing is 699999 =====
# 
# [Stimulus] Packet is sent to Driver
# [Driver] Data is sent to DUT
# [Monitor] Data is sent to Scoreboard
# [base] Write finished! Write data 02 at Address 03
# [Scoreboard] Get packet from Monitor: Address: 03, Data: 00
# [Stimulus] Packet is sent to Driver
# [Driver] Data is sent to DUT
# [Monitor] Data is sent to Scoreboard
# [Base] Write finished! Write Random Data b4 at Address 02
# [Scoreboard] Get packet from Monitor: Address: 02, Data: 00
# [Stimulus] Packet is sent to Driver
#   1
# [Driver] Data is sent to DUT
# [Monitor] Data is sent to Scoreboard
# [base] Write finished! Write data 06 at Address 00
# [Scoreboard] Get packet from Monitor: Address: 00, Data: 00
# [Stimulus] Packet is sent to Driver
#   0
# [Driver] Data is sent to DUT
# [Monitor] Data is sent to Scoreboard
# [base] Write finished! Write data 03 at Address 00
# [Scoreboard] Get packet from Monitor: Address: 00, Data: 00
# 
# ===== t=377910000 PASSED SUCCESSFULLY !!! Expected timing is 900000, Actual timing is 919999 =====
# 
# [Stimulus] Packet is sent to Driver
# [Driver] Data is sent to DUT
# [Monitor] Data is sent to Scoreboard
# [base] Write finished! Write data 02 at Address 03
# [Scoreboard] Get packet from Monitor: Address: 03, Data: 00
# [Stimulus] Packet is sent to Driver
# [Driver] Data is sent to DUT
# [Monitor] Data is sent to Scoreboard
# [Base] Write finished! Write Random Data 3f at Address 02
# [Scoreboard] Get packet from Monitor: Address: 02, Data: 00
# [Stimulus] Packet is sent to Driver
#   1
# [Driver] Data is sent to DUT
# [Monitor] Data is sent to Scoreboard
# [base] Write finished! Write data 06 at Address 00
# [Scoreboard] Get packet from Monitor: Address: 00, Data: 00
# [Stimulus] Packet is sent to Driver
#   0
# [Driver] Data is sent to DUT
# [Monitor] Data is sent to Scoreboard
# [base] Write finished! Write data 03 at Address 00
# [Scoreboard] Get packet from Monitor: Address: 00, Data: 00
# 
# ===== t=378530000 PASSED SUCCESSFULLY !!! Expected timing is 315000, Actual timing is 339999 =====
# 
# [Stimulus] Packet is sent to Driver
# [Driver] Data is sent to DUT
# [Monitor] Data is sent to Scoreboard
# [base] Write finished! Write data 02 at Address 03
# [Scoreboard] Get packet from Monitor: Address: 03, Data: 00
# [Stimulus] Packet is sent to Driver
# [Driver] Data is sent to DUT
# [Monitor] Data is sent to Scoreboard
# [Base] Write finished! Write Random Data 51 at Address 02
# [Scoreboard] Get packet from Monitor: Address: 02, Data: 00
# [Stimulus] Packet is sent to Driver
#   1
# [Driver] Data is sent to DUT
# [Monitor] Data is sent to Scoreboard
# [base] Write finished! Write data 06 at Address 00
# [Scoreboard] Get packet from Monitor: Address: 00, Data: 00
# [Stimulus] Packet is sent to Driver
#   0
# [Driver] Data is sent to DUT
# [Monitor] Data is sent to Scoreboard
# [base] Write finished! Write data 03 at Address 00
# [Scoreboard] Get packet from Monitor: Address: 00, Data: 00
# 
# ===== t=379230000 PASSED SUCCESSFULLY !!! Expected timing is 405000, Actual timing is 419999 =====
# 
# [Stimulus] Packet is sent to Driver
# [Driver] Data is sent to DUT
# [Monitor] Data is sent to Scoreboard
# [base] Write finished! Write data 02 at Address 03
# [Scoreboard] Get packet from Monitor: Address: 03, Data: 00
# [Stimulus] Packet is sent to Driver
# [Driver] Data is sent to DUT
# [Monitor] Data is sent to Scoreboard
# [Base] Write finished! Write Random Data 0a at Address 02
# [Scoreboard] Get packet from Monitor: Address: 02, Data: 00
# [Stimulus] Packet is sent to Driver
#   1
# [Driver] Data is sent to DUT
# [Monitor] Data is sent to Scoreboard
# [base] Write finished! Write data 06 at Address 00
# [Scoreboard] Get packet from Monitor: Address: 00, Data: 00
# [Stimulus] Packet is sent to Driver
#   0
# [Driver] Data is sent to DUT
# [Monitor] Data is sent to Scoreboard
# [base] Write finished! Write data 03 at Address 00
# [Scoreboard] Get packet from Monitor: Address: 00, Data: 00
# 
# ===== t=379570000 PASSED SUCCESSFULLY !!! Expected timing is 50000, Actual timing is 59999 =====
# 
# [Stimulus] Packet is sent to Driver
# [Driver] Data is sent to DUT
# [Monitor] Data is sent to Scoreboard
# [base] Write finished! Write data 02 at Address 03
# [Scoreboard] Get packet from Monitor: Address: 03, Data: 00
# [Stimulus] Packet is sent to Driver
# [Driver] Data is sent to DUT
# [Monitor] Data is sent to Scoreboard
# [Base] Write finished! Write Random Data ec at Address 02
# [Scoreboard] Get packet from Monitor: Address: 02, Data: 00
# [Stimulus] Packet is sent to Driver
#   1
# [Driver] Data is sent to DUT
# [Monitor] Data is sent to Scoreboard
# [base] Write finished! Write data 06 at Address 00
# [Scoreboard] Get packet from Monitor: Address: 00, Data: 00
# [Stimulus] Packet is sent to Driver
#   0
# [Driver] Data is sent to DUT
# [Monitor] Data is sent to Scoreboard
# [base] Write finished! Write data 03 at Address 00
# [Scoreboard] Get packet from Monitor: Address: 00, Data: 00
# 
# ===== t=381050000 PASSED SUCCESSFULLY !!! Expected timing is 1180000, Actual timing is 1199999 =====
# 
# [Stimulus] Packet is sent to Driver
# [Driver] Data is sent to DUT
# [Monitor] Data is sent to Scoreboard
# [base] Write finished! Write data 02 at Address 03
# [Scoreboard] Get packet from Monitor: Address: 03, Data: 00
# [Stimulus] Packet is sent to Driver
# [Driver] Data is sent to DUT
# [Monitor] Data is sent to Scoreboard
# [Base] Write finished! Write Random Data 1b at Address 02
# [Scoreboard] Get packet from Monitor: Address: 02, Data: 00
# [Stimulus] Packet is sent to Driver
#   1
# [Driver] Data is sent to DUT
# [Monitor] Data is sent to Scoreboard
# [base] Write finished! Write data 06 at Address 00
# [Scoreboard] Get packet from Monitor: Address: 00, Data: 00
# [Stimulus] Packet is sent to Driver
#   0
# [Driver] Data is sent to DUT
# [Monitor] Data is sent to Scoreboard
# [base] Write finished! Write data 03 at Address 00
# [Scoreboard] Get packet from Monitor: Address: 00, Data: 00
# 
# ===== t=381490000 PASSED SUCCESSFULLY !!! Expected timing is 135000, Actual timing is 159999 =====
# 
# [Stimulus] Packet is sent to Driver
# [Driver] Data is sent to DUT
# [Monitor] Data is sent to Scoreboard
# [base] Write finished! Write data 02 at Address 03
# [Scoreboard] Get packet from Monitor: Address: 03, Data: 00
# [Stimulus] Packet is sent to Driver
# [Driver] Data is sent to DUT
# [Monitor] Data is sent to Scoreboard
# [Base] Write finished! Write Random Data fe at Address 02
# [Scoreboard] Get packet from Monitor: Address: 02, Data: 00
# [Stimulus] Packet is sent to Driver
#   1
# [Driver] Data is sent to DUT
# [Monitor] Data is sent to Scoreboard
# [base] Write finished! Write data 06 at Address 00
# [Scoreboard] Get packet from Monitor: Address: 00, Data: 00
# [Stimulus] Packet is sent to Driver
#   0
# [Driver] Data is sent to DUT
# [Monitor] Data is sent to Scoreboard
# [base] Write finished! Write data 03 at Address 00
# [Scoreboard] Get packet from Monitor: Address: 00, Data: 00
# 
# ===== t=383050000 PASSED SUCCESSFULLY !!! Expected timing is 1270000, Actual timing is 1279999 =====
# 
# [Stimulus] Packet is sent to Driver
# [Driver] Data is sent to DUT
# [Monitor] Data is sent to Scoreboard
# [base] Write finished! Write data 02 at Address 03
# [Scoreboard] Get packet from Monitor: Address: 03, Data: 00
# [Stimulus] Packet is sent to Driver
# [Driver] Data is sent to DUT
# [Monitor] Data is sent to Scoreboard
# [Base] Write finished! Write Random Data 13 at Address 02
# [Scoreboard] Get packet from Monitor: Address: 02, Data: 00
# [Stimulus] Packet is sent to Driver
#   1
# [Driver] Data is sent to DUT
# [Monitor] Data is sent to Scoreboard
# [base] Write finished! Write data 06 at Address 00
# [Scoreboard] Get packet from Monitor: Address: 00, Data: 00
# [Stimulus] Packet is sent to Driver
#   0
# [Driver] Data is sent to DUT
# [Monitor] Data is sent to Scoreboard
# [base] Write finished! Write data 03 at Address 00
# [Scoreboard] Get packet from Monitor: Address: 00, Data: 00
# 
# ===== t=383450000 PASSED SUCCESSFULLY !!! Expected timing is 95000, Actual timing is 119999 =====
# 
# [Stimulus] Packet is sent to Driver
# [Driver] Data is sent to DUT
# [Monitor] Data is sent to Scoreboard
# [base] Write finished! Write data 02 at Address 03
# [Scoreboard] Get packet from Monitor: Address: 03, Data: 00
# [Stimulus] Packet is sent to Driver
# [Driver] Data is sent to DUT
# [Monitor] Data is sent to Scoreboard
# [Base] Write finished! Write Random Data 14 at Address 02
# [Scoreboard] Get packet from Monitor: Address: 02, Data: 00
# [Stimulus] Packet is sent to Driver
#   1
# [Driver] Data is sent to DUT
# [Monitor] Data is sent to Scoreboard
# [base] Write finished! Write data 06 at Address 00
# [Scoreboard] Get packet from Monitor: Address: 00, Data: 00
# [Stimulus] Packet is sent to Driver
#   0
# [Driver] Data is sent to DUT
# [Monitor] Data is sent to Scoreboard
# [base] Write finished! Write data 03 at Address 00
# [Scoreboard] Get packet from Monitor: Address: 00, Data: 00
# 
# ===== t=383850000 PASSED SUCCESSFULLY !!! Expected timing is 100000, Actual timing is 119999 =====
# 
# [Stimulus] Packet is sent to Driver
# [Driver] Data is sent to DUT
# [Monitor] Data is sent to Scoreboard
# [base] Write finished! Write data 02 at Address 03
# [Scoreboard] Get packet from Monitor: Address: 03, Data: 00
# [Stimulus] Packet is sent to Driver
# [Driver] Data is sent to DUT
# [Monitor] Data is sent to Scoreboard
# [Base] Write finished! Write Random Data e2 at Address 02
# [Scoreboard] Get packet from Monitor: Address: 02, Data: 00
# [Stimulus] Packet is sent to Driver
#   1
# [Driver] Data is sent to DUT
# [Monitor] Data is sent to Scoreboard
# [base] Write finished! Write data 06 at Address 00
# [Scoreboard] Get packet from Monitor: Address: 00, Data: 00
# [Stimulus] Packet is sent to Driver
#   0
# [Driver] Data is sent to DUT
# [Monitor] Data is sent to Scoreboard
# [base] Write finished! Write data 03 at Address 00
# [Scoreboard] Get packet from Monitor: Address: 00, Data: 00
# 
# ===== t=385270000 PASSED SUCCESSFULLY !!! Expected timing is 1130000, Actual timing is 1139999 =====
# 
# [Stimulus] Packet is sent to Driver
# [Driver] Data is sent to DUT
# [Monitor] Data is sent to Scoreboard
# [base] Write finished! Write data 02 at Address 03
# [Scoreboard] Get packet from Monitor: Address: 03, Data: 00
# [Stimulus] Packet is sent to Driver
# [Driver] Data is sent to DUT
# [Monitor] Data is sent to Scoreboard
# [Base] Write finished! Write Random Data 06 at Address 02
# [Scoreboard] Get packet from Monitor: Address: 02, Data: 00
# [Stimulus] Packet is sent to Driver
#   1
# [Driver] Data is sent to DUT
# [Monitor] Data is sent to Scoreboard
# [base] Write finished! Write data 06 at Address 00
# [Scoreboard] Get packet from Monitor: Address: 00, Data: 00
# [Stimulus] Packet is sent to Driver
#   0
# [Driver] Data is sent to DUT
# [Monitor] Data is sent to Scoreboard
# [base] Write finished! Write data 03 at Address 00
# [Scoreboard] Get packet from Monitor: Address: 00, Data: 00
# 
# ===== t=385590000 PASSED SUCCESSFULLY !!! Expected timing is 30000, Actual timing is 39999 =====
# 
# [Stimulus] Packet is sent to Driver
# [Driver] Data is sent to DUT
# [Monitor] Data is sent to Scoreboard
# [base] Write finished! Write data 02 at Address 03
# [Scoreboard] Get packet from Monitor: Address: 03, Data: 00
# [Stimulus] Packet is sent to Driver
# [Driver] Data is sent to DUT
# [Monitor] Data is sent to Scoreboard
# [Base] Write finished! Write Random Data 9d at Address 02
# [Scoreboard] Get packet from Monitor: Address: 02, Data: 00
# [Stimulus] Packet is sent to Driver
#   1
# [Driver] Data is sent to DUT
# [Monitor] Data is sent to Scoreboard
# [base] Write finished! Write data 06 at Address 00
# [Scoreboard] Get packet from Monitor: Address: 00, Data: 00
# [Stimulus] Packet is sent to Driver
#   0
# [Driver] Data is sent to DUT
# [Monitor] Data is sent to Scoreboard
# [base] Write finished! Write data 03 at Address 00
# [Scoreboard] Get packet from Monitor: Address: 00, Data: 00
# 
# ===== t=386670000 PASSED SUCCESSFULLY !!! Expected timing is 785000, Actual timing is 799999 =====
# 
# [Stimulus] Packet is sent to Driver
# [Driver] Data is sent to DUT
# [Monitor] Data is sent to Scoreboard
# [base] Write finished! Write data 02 at Address 03
# [Scoreboard] Get packet from Monitor: Address: 03, Data: 00
# [Stimulus] Packet is sent to Driver
# [Driver] Data is sent to DUT
# [Monitor] Data is sent to Scoreboard
# [Base] Write finished! Write Random Data b6 at Address 02
# [Scoreboard] Get packet from Monitor: Address: 02, Data: 00
# [Stimulus] Packet is sent to Driver
#   1
# [Driver] Data is sent to DUT
# [Monitor] Data is sent to Scoreboard
# [base] Write finished! Write data 06 at Address 00
# [Scoreboard] Get packet from Monitor: Address: 00, Data: 00
# [Stimulus] Packet is sent to Driver
#   0
# [Driver] Data is sent to DUT
# [Monitor] Data is sent to Scoreboard
# [base] Write finished! Write data 03 at Address 00
# [Scoreboard] Get packet from Monitor: Address: 00, Data: 00
# 
# ===== t=387870000 PASSED SUCCESSFULLY !!! Expected timing is 910000, Actual timing is 919999 =====
# 
# [Stimulus] Packet is sent to Driver
# [Driver] Data is sent to DUT
# [Monitor] Data is sent to Scoreboard
# [base] Write finished! Write data 02 at Address 03
# [Scoreboard] Get packet from Monitor: Address: 03, Data: 00
# [Stimulus] Packet is sent to Driver
# [Driver] Data is sent to DUT
# [Monitor] Data is sent to Scoreboard
# [Base] Write finished! Write Random Data 19 at Address 02
# [Scoreboard] Get packet from Monitor: Address: 02, Data: 00
# [Stimulus] Packet is sent to Driver
#   1
# [Driver] Data is sent to DUT
# [Monitor] Data is sent to Scoreboard
# [base] Write finished! Write data 06 at Address 00
# [Scoreboard] Get packet from Monitor: Address: 00, Data: 00
# [Stimulus] Packet is sent to Driver
#   0
# [Driver] Data is sent to DUT
# [Monitor] Data is sent to Scoreboard
# [base] Write finished! Write data 03 at Address 00
# [Scoreboard] Get packet from Monitor: Address: 00, Data: 00
# 
# ===== t=388290000 PASSED SUCCESSFULLY !!! Expected timing is 125000, Actual timing is 139999 =====
# 
# [Stimulus] Packet is sent to Driver
# [Driver] Data is sent to DUT
# [Monitor] Data is sent to Scoreboard
# [base] Write finished! Write data 02 at Address 03
# [Scoreboard] Get packet from Monitor: Address: 03, Data: 00
# [Stimulus] Packet is sent to Driver
# [Driver] Data is sent to DUT
# [Monitor] Data is sent to Scoreboard
# [Base] Write finished! Write Random Data 74 at Address 02
# [Scoreboard] Get packet from Monitor: Address: 02, Data: 00
# [Stimulus] Packet is sent to Driver
#   1
# [Driver] Data is sent to DUT
# [Monitor] Data is sent to Scoreboard
# [base] Write finished! Write data 06 at Address 00
# [Scoreboard] Get packet from Monitor: Address: 00, Data: 00
# [Stimulus] Packet is sent to Driver
#   0
# [Driver] Data is sent to DUT
# [Monitor] Data is sent to Scoreboard
# [base] Write finished! Write data 03 at Address 00
# [Scoreboard] Get packet from Monitor: Address: 00, Data: 00
# 
# ===== t=389170000 PASSED SUCCESSFULLY !!! Expected timing is 580000, Actual timing is 599999 =====
# 
# [Stimulus] Packet is sent to Driver
# [Driver] Data is sent to DUT
# [Monitor] Data is sent to Scoreboard
# [base] Write finished! Write data 02 at Address 03
# [Scoreboard] Get packet from Monitor: Address: 03, Data: 00
# [Stimulus] Packet is sent to Driver
# [Driver] Data is sent to DUT
# [Monitor] Data is sent to Scoreboard
# [Base] Write finished! Write Random Data 0f at Address 02
# [Scoreboard] Get packet from Monitor: Address: 02, Data: 00
# [Stimulus] Packet is sent to Driver
#   1
# [Driver] Data is sent to DUT
# [Monitor] Data is sent to Scoreboard
# [base] Write finished! Write data 06 at Address 00
# [Scoreboard] Get packet from Monitor: Address: 00, Data: 00
# [Stimulus] Packet is sent to Driver
#   0
# [Driver] Data is sent to DUT
# [Monitor] Data is sent to Scoreboard
# [base] Write finished! Write data 03 at Address 00
# [Scoreboard] Get packet from Monitor: Address: 00, Data: 00
# 
# ===== t=389550000 PASSED SUCCESSFULLY !!! Expected timing is 75000, Actual timing is 99999 =====
# 
# [Stimulus] Packet is sent to Driver
# [Driver] Data is sent to DUT
# [Monitor] Data is sent to Scoreboard
# [base] Write finished! Write data 02 at Address 03
# [Scoreboard] Get packet from Monitor: Address: 03, Data: 00
# [Stimulus] Packet is sent to Driver
# [Driver] Data is sent to DUT
# [Monitor] Data is sent to Scoreboard
# [Base] Write finished! Write Random Data 33 at Address 02
# [Scoreboard] Get packet from Monitor: Address: 02, Data: 00
# [Stimulus] Packet is sent to Driver
#   1
# [Driver] Data is sent to DUT
# [Monitor] Data is sent to Scoreboard
# [base] Write finished! Write data 06 at Address 00
# [Scoreboard] Get packet from Monitor: Address: 00, Data: 00
# [Stimulus] Packet is sent to Driver
#   0
# [Driver] Data is sent to DUT
# [Monitor] Data is sent to Scoreboard
# [base] Write finished! Write data 03 at Address 00
# [Scoreboard] Get packet from Monitor: Address: 00, Data: 00
# 
# ===== t=390110000 PASSED SUCCESSFULLY !!! Expected timing is 255000, Actual timing is 279999 =====
# 
# [Stimulus] Packet is sent to Driver
# [Driver] Data is sent to DUT
# [Monitor] Data is sent to Scoreboard
# [base] Write finished! Write data 02 at Address 03
# [Scoreboard] Get packet from Monitor: Address: 03, Data: 00
# [Stimulus] Packet is sent to Driver
# [Driver] Data is sent to DUT
# [Monitor] Data is sent to Scoreboard
# [Base] Write finished! Write Random Data aa at Address 02
# [Scoreboard] Get packet from Monitor: Address: 02, Data: 00
# [Stimulus] Packet is sent to Driver
#   1
# [Driver] Data is sent to DUT
# [Monitor] Data is sent to Scoreboard
# [base] Write finished! Write data 06 at Address 00
# [Scoreboard] Get packet from Monitor: Address: 00, Data: 00
# [Stimulus] Packet is sent to Driver
#   0
# [Driver] Data is sent to DUT
# [Monitor] Data is sent to Scoreboard
# [base] Write finished! Write data 03 at Address 00
# [Scoreboard] Get packet from Monitor: Address: 00, Data: 00
# 
# ===== t=391250000 PASSED SUCCESSFULLY !!! Expected timing is 850000, Actual timing is 859999 =====
# 
# [Stimulus] Packet is sent to Driver
# [Driver] Data is sent to DUT
# [Monitor] Data is sent to Scoreboard
# [base] Write finished! Write data 02 at Address 03
# [Scoreboard] Get packet from Monitor: Address: 03, Data: 00
# [Stimulus] Packet is sent to Driver
# [Driver] Data is sent to DUT
# [Monitor] Data is sent to Scoreboard
# [Base] Write finished! Write Random Data 2d at Address 02
# [Scoreboard] Get packet from Monitor: Address: 02, Data: 00
# [Stimulus] Packet is sent to Driver
#   1
# [Driver] Data is sent to DUT
# [Monitor] Data is sent to Scoreboard
# [base] Write finished! Write data 06 at Address 00
# [Scoreboard] Get packet from Monitor: Address: 00, Data: 00
# [Stimulus] Packet is sent to Driver
#   0
# [Driver] Data is sent to DUT
# [Monitor] Data is sent to Scoreboard
# [base] Write finished! Write data 03 at Address 00
# [Scoreboard] Get packet from Monitor: Address: 00, Data: 00
# 
# ===== t=391770000 PASSED SUCCESSFULLY !!! Expected timing is 225000, Actual timing is 239999 =====
# 
# [Stimulus] Packet is sent to Driver
# [Driver] Data is sent to DUT
# [Monitor] Data is sent to Scoreboard
# [base] Write finished! Write data 02 at Address 03
# [Scoreboard] Get packet from Monitor: Address: 03, Data: 00
# [Stimulus] Packet is sent to Driver
# [Driver] Data is sent to DUT
# [Monitor] Data is sent to Scoreboard
# [Base] Write finished! Write Random Data aa at Address 02
# [Scoreboard] Get packet from Monitor: Address: 02, Data: 00
# [Stimulus] Packet is sent to Driver
#   1
# [Driver] Data is sent to DUT
# [Monitor] Data is sent to Scoreboard
# [base] Write finished! Write data 06 at Address 00
# [Scoreboard] Get packet from Monitor: Address: 00, Data: 00
# [Stimulus] Packet is sent to Driver
#   0
# [Driver] Data is sent to DUT
# [Monitor] Data is sent to Scoreboard
# [base] Write finished! Write data 03 at Address 00
# [Scoreboard] Get packet from Monitor: Address: 00, Data: 00
# 
# ===== t=392910000 PASSED SUCCESSFULLY !!! Expected timing is 850000, Actual timing is 859999 =====
# 
# [Stimulus] Packet is sent to Driver
# [Driver] Data is sent to DUT
# [Monitor] Data is sent to Scoreboard
# [base] Write finished! Write data 02 at Address 03
# [Scoreboard] Get packet from Monitor: Address: 03, Data: 00
# [Stimulus] Packet is sent to Driver
# [Driver] Data is sent to DUT
# [Monitor] Data is sent to Scoreboard
# [Base] Write finished! Write Random Data 94 at Address 02
# [Scoreboard] Get packet from Monitor: Address: 02, Data: 00
# [Stimulus] Packet is sent to Driver
#   1
# [Driver] Data is sent to DUT
# [Monitor] Data is sent to Scoreboard
# [base] Write finished! Write data 06 at Address 00
# [Scoreboard] Get packet from Monitor: Address: 00, Data: 00
# [Stimulus] Packet is sent to Driver
#   0
# [Driver] Data is sent to DUT
# [Monitor] Data is sent to Scoreboard
# [base] Write finished! Write data 03 at Address 00
# [Scoreboard] Get packet from Monitor: Address: 00, Data: 00
# 
# ===== t=393950000 PASSED SUCCESSFULLY !!! Expected timing is 740000, Actual timing is 759999 =====
# 
# [Stimulus] Packet is sent to Driver
# [Driver] Data is sent to DUT
# [Monitor] Data is sent to Scoreboard
# [base] Write finished! Write data 02 at Address 03
# [Scoreboard] Get packet from Monitor: Address: 03, Data: 00
# [Stimulus] Packet is sent to Driver
# [Driver] Data is sent to DUT
# [Monitor] Data is sent to Scoreboard
# [Base] Write finished! Write Random Data 5b at Address 02
# [Scoreboard] Get packet from Monitor: Address: 02, Data: 00
# [Stimulus] Packet is sent to Driver
#   1
# [Driver] Data is sent to DUT
# [Monitor] Data is sent to Scoreboard
# [base] Write finished! Write data 06 at Address 00
# [Scoreboard] Get packet from Monitor: Address: 00, Data: 00
# [Stimulus] Packet is sent to Driver
#   0
# [Driver] Data is sent to DUT
# [Monitor] Data is sent to Scoreboard
# [base] Write finished! Write data 03 at Address 00
# [Scoreboard] Get packet from Monitor: Address: 00, Data: 00
# 
# ===== t=394710000 PASSED SUCCESSFULLY !!! Expected timing is 455000, Actual timing is 479999 =====
# 
# [Stimulus] Packet is sent to Driver
# [Driver] Data is sent to DUT
# [Monitor] Data is sent to Scoreboard
# [base] Write finished! Write data 02 at Address 03
# [Scoreboard] Get packet from Monitor: Address: 03, Data: 00
# [Stimulus] Packet is sent to Driver
# [Driver] Data is sent to DUT
# [Monitor] Data is sent to Scoreboard
# [Base] Write finished! Write Random Data b8 at Address 02
# [Scoreboard] Get packet from Monitor: Address: 02, Data: 00
# [Stimulus] Packet is sent to Driver
#   1
# [Driver] Data is sent to DUT
# [Monitor] Data is sent to Scoreboard
# [base] Write finished! Write data 06 at Address 00
# [Scoreboard] Get packet from Monitor: Address: 00, Data: 00
# [Stimulus] Packet is sent to Driver
#   0
# [Driver] Data is sent to DUT
# [Monitor] Data is sent to Scoreboard
# [base] Write finished! Write data 03 at Address 00
# [Scoreboard] Get packet from Monitor: Address: 00, Data: 00
# 
# ===== t=395930000 PASSED SUCCESSFULLY !!! Expected timing is 920000, Actual timing is 939999 =====
# 
# [Stimulus] Packet is sent to Driver
# [Driver] Data is sent to DUT
# [Monitor] Data is sent to Scoreboard
# [base] Write finished! Write data 02 at Address 03
# [Scoreboard] Get packet from Monitor: Address: 03, Data: 00
# [Stimulus] Packet is sent to Driver
# [Driver] Data is sent to DUT
# [Monitor] Data is sent to Scoreboard
# [Base] Write finished! Write Random Data b9 at Address 02
# [Scoreboard] Get packet from Monitor: Address: 02, Data: 00
# [Stimulus] Packet is sent to Driver
#   1
# [Driver] Data is sent to DUT
# [Monitor] Data is sent to Scoreboard
# [base] Write finished! Write data 06 at Address 00
# [Scoreboard] Get packet from Monitor: Address: 00, Data: 00
# [Stimulus] Packet is sent to Driver
#   0
# [Driver] Data is sent to DUT
# [Monitor] Data is sent to Scoreboard
# [base] Write finished! Write data 03 at Address 00
# [Scoreboard] Get packet from Monitor: Address: 00, Data: 00
# 
# ===== t=397150000 PASSED SUCCESSFULLY !!! Expected timing is 925000, Actual timing is 939999 =====
# 
# [Stimulus] Packet is sent to Driver
# [Driver] Data is sent to DUT
# [Monitor] Data is sent to Scoreboard
# [base] Write finished! Write data 02 at Address 03
# [Scoreboard] Get packet from Monitor: Address: 03, Data: 00
# [Stimulus] Packet is sent to Driver
# [Driver] Data is sent to DUT
# [Monitor] Data is sent to Scoreboard
# [Base] Write finished! Write Random Data 0c at Address 02
# [Scoreboard] Get packet from Monitor: Address: 02, Data: 00
# [Stimulus] Packet is sent to Driver
#   1
# [Driver] Data is sent to DUT
# [Monitor] Data is sent to Scoreboard
# [base] Write finished! Write data 06 at Address 00
# [Scoreboard] Get packet from Monitor: Address: 00, Data: 00
# [Stimulus] Packet is sent to Driver
#   0
# [Driver] Data is sent to DUT
# [Monitor] Data is sent to Scoreboard
# [base] Write finished! Write data 03 at Address 00
# [Scoreboard] Get packet from Monitor: Address: 00, Data: 00
# 
# ===== t=397510000 PASSED SUCCESSFULLY !!! Expected timing is 60000, Actual timing is 79999 =====
# 
# [Stimulus] Packet is sent to Driver
# [Driver] Data is sent to DUT
# [Monitor] Data is sent to Scoreboard
# [base] Write finished! Write data 02 at Address 03
# [Scoreboard] Get packet from Monitor: Address: 03, Data: 00
# [Stimulus] Packet is sent to Driver
# [Driver] Data is sent to DUT
# [Monitor] Data is sent to Scoreboard
# [Base] Write finished! Write Random Data d7 at Address 02
# [Scoreboard] Get packet from Monitor: Address: 02, Data: 00
# [Stimulus] Packet is sent to Driver
#   1
# [Driver] Data is sent to DUT
# [Monitor] Data is sent to Scoreboard
# [base] Write finished! Write data 06 at Address 00
# [Scoreboard] Get packet from Monitor: Address: 00, Data: 00
# [Stimulus] Packet is sent to Driver
#   0
# [Driver] Data is sent to DUT
# [Monitor] Data is sent to Scoreboard
# [base] Write finished! Write data 03 at Address 00
# [Scoreboard] Get packet from Monitor: Address: 00, Data: 00
# 
# ===== t=398890000 PASSED SUCCESSFULLY !!! Expected timing is 1075000, Actual timing is 1099999 =====
# 
# [Stimulus] Packet is sent to Driver
# [Driver] Data is sent to DUT
# [Monitor] Data is sent to Scoreboard
# [base] Write finished! Write data 02 at Address 03
# [Scoreboard] Get packet from Monitor: Address: 03, Data: 00
# [Stimulus] Packet is sent to Driver
# [Driver] Data is sent to DUT
# [Monitor] Data is sent to Scoreboard
# [Base] Write finished! Write Random Data 7f at Address 02
# [Scoreboard] Get packet from Monitor: Address: 02, Data: 00
# [Stimulus] Packet is sent to Driver
#   1
# [Driver] Data is sent to DUT
# [Monitor] Data is sent to Scoreboard
# [base] Write finished! Write data 06 at Address 00
# [Scoreboard] Get packet from Monitor: Address: 00, Data: 00
# [Stimulus] Packet is sent to Driver
#   0
# [Driver] Data is sent to DUT
# [Monitor] Data is sent to Scoreboard
# [base] Write finished! Write data 03 at Address 00
# [Scoreboard] Get packet from Monitor: Address: 00, Data: 00
# 
# ===== t=399830000 PASSED SUCCESSFULLY !!! Expected timing is 635000, Actual timing is 659999 =====
# 
# [Stimulus] Packet is sent to Driver
# [Driver] Data is sent to DUT
# [Monitor] Data is sent to Scoreboard
# [base] Write finished! Write data 02 at Address 03
# [Scoreboard] Get packet from Monitor: Address: 03, Data: 00
# [Stimulus] Packet is sent to Driver
# [Driver] Data is sent to DUT
# [Monitor] Data is sent to Scoreboard
# [Base] Write finished! Write Random Data bb at Address 02
# [Scoreboard] Get packet from Monitor: Address: 02, Data: 00
# [Stimulus] Packet is sent to Driver
#   1
# [Driver] Data is sent to DUT
# [Monitor] Data is sent to Scoreboard
# [base] Write finished! Write data 06 at Address 00
# [Scoreboard] Get packet from Monitor: Address: 00, Data: 00
# [Stimulus] Packet is sent to Driver
#   0
# [Driver] Data is sent to DUT
# [Monitor] Data is sent to Scoreboard
# [base] Write finished! Write data 03 at Address 00
# [Scoreboard] Get packet from Monitor: Address: 00, Data: 00
# 
# ===== t=401070000 PASSED SUCCESSFULLY !!! Expected timing is 935000, Actual timing is 959999 =====
# 
# [Stimulus] Packet is sent to Driver
# [Driver] Data is sent to DUT
# [Monitor] Data is sent to Scoreboard
# [base] Write finished! Write data 02 at Address 03
# [Scoreboard] Get packet from Monitor: Address: 03, Data: 00
# [Stimulus] Packet is sent to Driver
# [Driver] Data is sent to DUT
# [Monitor] Data is sent to Scoreboard
# [Base] Write finished! Write Random Data 0b at Address 02
# [Scoreboard] Get packet from Monitor: Address: 02, Data: 00
# [Stimulus] Packet is sent to Driver
#   1
# [Driver] Data is sent to DUT
# [Monitor] Data is sent to Scoreboard
# [base] Write finished! Write data 06 at Address 00
# [Scoreboard] Get packet from Monitor: Address: 00, Data: 00
# [Stimulus] Packet is sent to Driver
#   0
# [Driver] Data is sent to DUT
# [Monitor] Data is sent to Scoreboard
# [base] Write finished! Write data 03 at Address 00
# [Scoreboard] Get packet from Monitor: Address: 00, Data: 00
# 
# ===== t=401430000 PASSED SUCCESSFULLY !!! Expected timing is 55000, Actual timing is 79999 =====
# 
# [Stimulus] Packet is sent to Driver
# [Driver] Data is sent to DUT
# [Monitor] Data is sent to Scoreboard
# [base] Write finished! Write data 02 at Address 03
# [Scoreboard] Get packet from Monitor: Address: 03, Data: 00
# [Stimulus] Packet is sent to Driver
# [Driver] Data is sent to DUT
# [Monitor] Data is sent to Scoreboard
# [Base] Write finished! Write Random Data f0 at Address 02
# [Scoreboard] Get packet from Monitor: Address: 02, Data: 00
# [Stimulus] Packet is sent to Driver
#   1
# [Driver] Data is sent to DUT
# [Monitor] Data is sent to Scoreboard
# [base] Write finished! Write data 06 at Address 00
# [Scoreboard] Get packet from Monitor: Address: 00, Data: 00
# [Stimulus] Packet is sent to Driver
#   0
# [Driver] Data is sent to DUT
# [Monitor] Data is sent to Scoreboard
# [base] Write finished! Write data 03 at Address 00
# [Scoreboard] Get packet from Monitor: Address: 00, Data: 00
# 
# ===== t=402930000 PASSED SUCCESSFULLY !!! Expected timing is 1200000, Actual timing is 1219999 =====
# 
# [Stimulus] Packet is sent to Driver
# [Driver] Data is sent to DUT
# [Monitor] Data is sent to Scoreboard
# [base] Write finished! Write data 02 at Address 03
# [Scoreboard] Get packet from Monitor: Address: 03, Data: 00
# [Stimulus] Packet is sent to Driver
# [Driver] Data is sent to DUT
# [Monitor] Data is sent to Scoreboard
# [Base] Write finished! Write Random Data 48 at Address 02
# [Scoreboard] Get packet from Monitor: Address: 02, Data: 00
# [Stimulus] Packet is sent to Driver
#   1
# [Driver] Data is sent to DUT
# [Monitor] Data is sent to Scoreboard
# [base] Write finished! Write data 06 at Address 00
# [Scoreboard] Get packet from Monitor: Address: 00, Data: 00
# [Stimulus] Packet is sent to Driver
#   0
# [Driver] Data is sent to DUT
# [Monitor] Data is sent to Scoreboard
# [base] Write finished! Write data 03 at Address 00
# [Scoreboard] Get packet from Monitor: Address: 00, Data: 00
# 
# ===== t=403590000 PASSED SUCCESSFULLY !!! Expected timing is 360000, Actual timing is 379999 =====
# 
# [Stimulus] Packet is sent to Driver
# [Driver] Data is sent to DUT
# [Monitor] Data is sent to Scoreboard
# [base] Write finished! Write data 02 at Address 03
# [Scoreboard] Get packet from Monitor: Address: 03, Data: 00
# [Stimulus] Packet is sent to Driver
# [Driver] Data is sent to DUT
# [Monitor] Data is sent to Scoreboard
# [Base] Write finished! Write Random Data 08 at Address 02
# [Scoreboard] Get packet from Monitor: Address: 02, Data: 00
# [Stimulus] Packet is sent to Driver
#   1
# [Driver] Data is sent to DUT
# [Monitor] Data is sent to Scoreboard
# [base] Write finished! Write data 06 at Address 00
# [Scoreboard] Get packet from Monitor: Address: 00, Data: 00
# [Stimulus] Packet is sent to Driver
#   0
# [Driver] Data is sent to DUT
# [Monitor] Data is sent to Scoreboard
# [base] Write finished! Write data 03 at Address 00
# [Scoreboard] Get packet from Monitor: Address: 00, Data: 00
# 
# ===== t=403930000 PASSED SUCCESSFULLY !!! Expected timing is 40000, Actual timing is 59999 =====
# 
# [Stimulus] Packet is sent to Driver
# [Driver] Data is sent to DUT
# [Monitor] Data is sent to Scoreboard
# [base] Write finished! Write data 02 at Address 03
# [Scoreboard] Get packet from Monitor: Address: 03, Data: 00
# [Stimulus] Packet is sent to Driver
# [Driver] Data is sent to DUT
# [Monitor] Data is sent to Scoreboard
# [Base] Write finished! Write Random Data b5 at Address 02
# [Scoreboard] Get packet from Monitor: Address: 02, Data: 00
# [Stimulus] Packet is sent to Driver
#   1
# [Driver] Data is sent to DUT
# [Monitor] Data is sent to Scoreboard
# [base] Write finished! Write data 06 at Address 00
# [Scoreboard] Get packet from Monitor: Address: 00, Data: 00
# [Stimulus] Packet is sent to Driver
#   0
# [Driver] Data is sent to DUT
# [Monitor] Data is sent to Scoreboard
# [base] Write finished! Write data 03 at Address 00
# [Scoreboard] Get packet from Monitor: Address: 00, Data: 00
# 
# ===== t=405130000 PASSED SUCCESSFULLY !!! Expected timing is 905000, Actual timing is 919999 =====
# 
# [Stimulus] Packet is sent to Driver
# [Driver] Data is sent to DUT
# [Monitor] Data is sent to Scoreboard
# [base] Write finished! Write data 02 at Address 03
# [Scoreboard] Get packet from Monitor: Address: 03, Data: 00
# [Stimulus] Packet is sent to Driver
# [Driver] Data is sent to DUT
# [Monitor] Data is sent to Scoreboard
# [Base] Write finished! Write Random Data 33 at Address 02
# [Scoreboard] Get packet from Monitor: Address: 02, Data: 00
# [Stimulus] Packet is sent to Driver
#   1
# [Driver] Data is sent to DUT
# [Monitor] Data is sent to Scoreboard
# [base] Write finished! Write data 06 at Address 00
# [Scoreboard] Get packet from Monitor: Address: 00, Data: 00
# [Stimulus] Packet is sent to Driver
#   0
# [Driver] Data is sent to DUT
# [Monitor] Data is sent to Scoreboard
# [base] Write finished! Write data 03 at Address 00
# [Scoreboard] Get packet from Monitor: Address: 00, Data: 00
# 
# ===== t=405690000 PASSED SUCCESSFULLY !!! Expected timing is 255000, Actual timing is 279999 =====
# 
# [Stimulus] Packet is sent to Driver
# [Driver] Data is sent to DUT
# [Monitor] Data is sent to Scoreboard
# [base] Write finished! Write data 02 at Address 03
# [Scoreboard] Get packet from Monitor: Address: 03, Data: 00
# [Stimulus] Packet is sent to Driver
# [Driver] Data is sent to DUT
# [Monitor] Data is sent to Scoreboard
# [Base] Write finished! Write Random Data e1 at Address 02
# [Scoreboard] Get packet from Monitor: Address: 02, Data: 00
# [Stimulus] Packet is sent to Driver
#   1
# [Driver] Data is sent to DUT
# [Monitor] Data is sent to Scoreboard
# [base] Write finished! Write data 06 at Address 00
# [Scoreboard] Get packet from Monitor: Address: 00, Data: 00
# [Stimulus] Packet is sent to Driver
#   0
# [Driver] Data is sent to DUT
# [Monitor] Data is sent to Scoreboard
# [base] Write finished! Write data 03 at Address 00
# [Scoreboard] Get packet from Monitor: Address: 00, Data: 00
# 
# ===== t=407110000 PASSED SUCCESSFULLY !!! Expected timing is 1125000, Actual timing is 1139999 =====
# 
# [Stimulus] Packet is sent to Driver
# [Driver] Data is sent to DUT
# [Monitor] Data is sent to Scoreboard
# [base] Write finished! Write data 02 at Address 03
# [Scoreboard] Get packet from Monitor: Address: 03, Data: 00
# [Stimulus] Packet is sent to Driver
# [Driver] Data is sent to DUT
# [Monitor] Data is sent to Scoreboard
# [Base] Write finished! Write Random Data c1 at Address 02
# [Scoreboard] Get packet from Monitor: Address: 02, Data: 00
# [Stimulus] Packet is sent to Driver
#   1
# [Driver] Data is sent to DUT
# [Monitor] Data is sent to Scoreboard
# [base] Write finished! Write data 06 at Address 00
# [Scoreboard] Get packet from Monitor: Address: 00, Data: 00
# [Stimulus] Packet is sent to Driver
#   0
# [Driver] Data is sent to DUT
# [Monitor] Data is sent to Scoreboard
# [base] Write finished! Write data 03 at Address 00
# [Scoreboard] Get packet from Monitor: Address: 00, Data: 00
# 
# ===== t=408370000 PASSED SUCCESSFULLY !!! Expected timing is 965000, Actual timing is 979999 =====
# 
# [Stimulus] Packet is sent to Driver
# [Driver] Data is sent to DUT
# [Monitor] Data is sent to Scoreboard
# [base] Write finished! Write data 02 at Address 03
# [Scoreboard] Get packet from Monitor: Address: 03, Data: 00
# [Stimulus] Packet is sent to Driver
# [Driver] Data is sent to DUT
# [Monitor] Data is sent to Scoreboard
# [Base] Write finished! Write Random Data ca at Address 02
# [Scoreboard] Get packet from Monitor: Address: 02, Data: 00
# [Stimulus] Packet is sent to Driver
#   1
# [Driver] Data is sent to DUT
# [Monitor] Data is sent to Scoreboard
# [base] Write finished! Write data 06 at Address 00
# [Scoreboard] Get packet from Monitor: Address: 00, Data: 00
# [Stimulus] Packet is sent to Driver
#   0
# [Driver] Data is sent to DUT
# [Monitor] Data is sent to Scoreboard
# [base] Write finished! Write data 03 at Address 00
# [Scoreboard] Get packet from Monitor: Address: 00, Data: 00
# 
# ===== t=409670000 PASSED SUCCESSFULLY !!! Expected timing is 1010000, Actual timing is 1019999 =====
# 
# [Stimulus] Packet is sent to Driver
# [Driver] Data is sent to DUT
# [Monitor] Data is sent to Scoreboard
# [base] Write finished! Write data 02 at Address 03
# [Scoreboard] Get packet from Monitor: Address: 03, Data: 00
# [Stimulus] Packet is sent to Driver
# [Driver] Data is sent to DUT
# [Monitor] Data is sent to Scoreboard
# [Base] Write finished! Write Random Data b8 at Address 02
# [Scoreboard] Get packet from Monitor: Address: 02, Data: 00
# [Stimulus] Packet is sent to Driver
#   1
# [Driver] Data is sent to DUT
# [Monitor] Data is sent to Scoreboard
# [base] Write finished! Write data 06 at Address 00
# [Scoreboard] Get packet from Monitor: Address: 00, Data: 00
# [Stimulus] Packet is sent to Driver
#   0
# [Driver] Data is sent to DUT
# [Monitor] Data is sent to Scoreboard
# [base] Write finished! Write data 03 at Address 00
# [Scoreboard] Get packet from Monitor: Address: 00, Data: 00
# 
# ===== t=410890000 PASSED SUCCESSFULLY !!! Expected timing is 920000, Actual timing is 939999 =====
# 
# [Stimulus] Packet is sent to Driver
# [Driver] Data is sent to DUT
# [Monitor] Data is sent to Scoreboard
# [base] Write finished! Write data 02 at Address 03
# [Scoreboard] Get packet from Monitor: Address: 03, Data: 00
# [Stimulus] Packet is sent to Driver
# [Driver] Data is sent to DUT
# [Monitor] Data is sent to Scoreboard
# [Base] Write finished! Write Random Data be at Address 02
# [Scoreboard] Get packet from Monitor: Address: 02, Data: 00
# [Stimulus] Packet is sent to Driver
#   1
# [Driver] Data is sent to DUT
# [Monitor] Data is sent to Scoreboard
# [base] Write finished! Write data 06 at Address 00
# [Scoreboard] Get packet from Monitor: Address: 00, Data: 00
# [Stimulus] Packet is sent to Driver
#   0
# [Driver] Data is sent to DUT
# [Monitor] Data is sent to Scoreboard
# [base] Write finished! Write data 03 at Address 00
# [Scoreboard] Get packet from Monitor: Address: 00, Data: 00
# 
# ===== t=412130000 PASSED SUCCESSFULLY !!! Expected timing is 950000, Actual timing is 959999 =====
# 
# [Stimulus] Packet is sent to Driver
# [Driver] Data is sent to DUT
# [Monitor] Data is sent to Scoreboard
# [base] Write finished! Write data 02 at Address 03
# [Scoreboard] Get packet from Monitor: Address: 03, Data: 00
# [Stimulus] Packet is sent to Driver
# [Driver] Data is sent to DUT
# [Monitor] Data is sent to Scoreboard
# [Base] Write finished! Write Random Data bb at Address 02
# [Scoreboard] Get packet from Monitor: Address: 02, Data: 00
# [Stimulus] Packet is sent to Driver
#   1
# [Driver] Data is sent to DUT
# [Monitor] Data is sent to Scoreboard
# [base] Write finished! Write data 06 at Address 00
# [Scoreboard] Get packet from Monitor: Address: 00, Data: 00
# [Stimulus] Packet is sent to Driver
#   0
# [Driver] Data is sent to DUT
# [Monitor] Data is sent to Scoreboard
# [base] Write finished! Write data 03 at Address 00
# [Scoreboard] Get packet from Monitor: Address: 00, Data: 00
# 
# ===== t=413370000 PASSED SUCCESSFULLY !!! Expected timing is 935000, Actual timing is 959999 =====
# 
# [Stimulus] Packet is sent to Driver
# [Driver] Data is sent to DUT
# [Monitor] Data is sent to Scoreboard
# [base] Write finished! Write data 02 at Address 03
# [Scoreboard] Get packet from Monitor: Address: 03, Data: 00
# [Stimulus] Packet is sent to Driver
# [Driver] Data is sent to DUT
# [Monitor] Data is sent to Scoreboard
# [Base] Write finished! Write Random Data 5b at Address 02
# [Scoreboard] Get packet from Monitor: Address: 02, Data: 00
# [Stimulus] Packet is sent to Driver
#   1
# [Driver] Data is sent to DUT
# [Monitor] Data is sent to Scoreboard
# [base] Write finished! Write data 06 at Address 00
# [Scoreboard] Get packet from Monitor: Address: 00, Data: 00
# [Stimulus] Packet is sent to Driver
#   0
# [Driver] Data is sent to DUT
# [Monitor] Data is sent to Scoreboard
# [base] Write finished! Write data 03 at Address 00
# [Scoreboard] Get packet from Monitor: Address: 00, Data: 00
# 
# ===== t=414130000 PASSED SUCCESSFULLY !!! Expected timing is 455000, Actual timing is 479999 =====
# 
# [Stimulus] Packet is sent to Driver
# [Driver] Data is sent to DUT
# [Monitor] Data is sent to Scoreboard
# [base] Write finished! Write data 02 at Address 03
# [Scoreboard] Get packet from Monitor: Address: 03, Data: 00
# [Stimulus] Packet is sent to Driver
# [Driver] Data is sent to DUT
# [Monitor] Data is sent to Scoreboard
# [Base] Write finished! Write Random Data 30 at Address 02
# [Scoreboard] Get packet from Monitor: Address: 02, Data: 00
# [Stimulus] Packet is sent to Driver
#   1
# [Driver] Data is sent to DUT
# [Monitor] Data is sent to Scoreboard
# [base] Write finished! Write data 06 at Address 00
# [Scoreboard] Get packet from Monitor: Address: 00, Data: 00
# [Stimulus] Packet is sent to Driver
#   0
# [Driver] Data is sent to DUT
# [Monitor] Data is sent to Scoreboard
# [base] Write finished! Write data 03 at Address 00
# [Scoreboard] Get packet from Monitor: Address: 00, Data: 00
# 
# ===== t=414670000 PASSED SUCCESSFULLY !!! Expected timing is 240000, Actual timing is 259999 =====
# 
# [Stimulus] Packet is sent to Driver
# [Driver] Data is sent to DUT
# [Monitor] Data is sent to Scoreboard
# [base] Write finished! Write data 02 at Address 03
# [Scoreboard] Get packet from Monitor: Address: 03, Data: 00
# [Stimulus] Packet is sent to Driver
# [Driver] Data is sent to DUT
# [Monitor] Data is sent to Scoreboard
# [Base] Write finished! Write Random Data 00 at Address 02
# [Scoreboard] Get packet from Monitor: Address: 02, Data: 00
# [Stimulus] Packet is sent to Driver
#   1
# [Driver] Data is sent to DUT
# [Monitor] Data is sent to Scoreboard
# [base] Write finished! Write data 06 at Address 00
# [Scoreboard] Get packet from Monitor: Address: 00, Data: 00
# [Stimulus] Packet is sent to Driver
#   0
# [Driver] Data is sent to DUT
# [Monitor] Data is sent to Scoreboard
# [base] Write finished! Write data 03 at Address 00
# [Scoreboard] Get packet from Monitor: Address: 00, Data: 00
# 
# ===== t=414970000 PASSED SUCCESSFULLY !!! Expected timing is 0, Actual timing is 19999 =====
# 
# [Stimulus] Packet is sent to Driver
# [Driver] Data is sent to DUT
# [Monitor] Data is sent to Scoreboard
# [base] Write finished! Write data 02 at Address 03
# [Scoreboard] Get packet from Monitor: Address: 03, Data: 00
# [Stimulus] Packet is sent to Driver
# [Driver] Data is sent to DUT
# [Monitor] Data is sent to Scoreboard
# [Base] Write finished! Write Random Data 42 at Address 02
# [Scoreboard] Get packet from Monitor: Address: 02, Data: 00
# [Stimulus] Packet is sent to Driver
#   1
# [Driver] Data is sent to DUT
# [Monitor] Data is sent to Scoreboard
# [base] Write finished! Write data 06 at Address 00
# [Scoreboard] Get packet from Monitor: Address: 00, Data: 00
# [Stimulus] Packet is sent to Driver
#   0
# [Driver] Data is sent to DUT
# [Monitor] Data is sent to Scoreboard
# [base] Write finished! Write data 03 at Address 00
# [Scoreboard] Get packet from Monitor: Address: 00, Data: 00
# 
# ===== t=415590000 PASSED SUCCESSFULLY !!! Expected timing is 330000, Actual timing is 339999 =====
# 
# [Stimulus] Packet is sent to Driver
# [Driver] Data is sent to DUT
# [Monitor] Data is sent to Scoreboard
# [base] Write finished! Write data 02 at Address 03
# [Scoreboard] Get packet from Monitor: Address: 03, Data: 00
# [Stimulus] Packet is sent to Driver
# [Driver] Data is sent to DUT
# [Monitor] Data is sent to Scoreboard
# [Base] Write finished! Write Random Data 1b at Address 02
# [Scoreboard] Get packet from Monitor: Address: 02, Data: 00
# [Stimulus] Packet is sent to Driver
#   1
# [Driver] Data is sent to DUT
# [Monitor] Data is sent to Scoreboard
# [base] Write finished! Write data 06 at Address 00
# [Scoreboard] Get packet from Monitor: Address: 00, Data: 00
# [Stimulus] Packet is sent to Driver
#   0
# [Driver] Data is sent to DUT
# [Monitor] Data is sent to Scoreboard
# [base] Write finished! Write data 03 at Address 00
# [Scoreboard] Get packet from Monitor: Address: 00, Data: 00
# 
# ===== t=416030000 PASSED SUCCESSFULLY !!! Expected timing is 135000, Actual timing is 159999 =====
# 
# [Stimulus] Packet is sent to Driver
# [Driver] Data is sent to DUT
# [Monitor] Data is sent to Scoreboard
# [base] Write finished! Write data 02 at Address 03
# [Scoreboard] Get packet from Monitor: Address: 03, Data: 00
# [Stimulus] Packet is sent to Driver
# [Driver] Data is sent to DUT
# [Monitor] Data is sent to Scoreboard
# [Base] Write finished! Write Random Data eb at Address 02
# [Scoreboard] Get packet from Monitor: Address: 02, Data: 00
# [Stimulus] Packet is sent to Driver
#   1
# [Driver] Data is sent to DUT
# [Monitor] Data is sent to Scoreboard
# [base] Write finished! Write data 06 at Address 00
# [Scoreboard] Get packet from Monitor: Address: 00, Data: 00
# [Stimulus] Packet is sent to Driver
#   0
# [Driver] Data is sent to DUT
# [Monitor] Data is sent to Scoreboard
# [base] Write finished! Write data 03 at Address 00
# [Scoreboard] Get packet from Monitor: Address: 00, Data: 00
# 
# ===== t=417510000 PASSED SUCCESSFULLY !!! Expected timing is 1175000, Actual timing is 1199999 =====
# 
# [Stimulus] Packet is sent to Driver
# [Driver] Data is sent to DUT
# [Monitor] Data is sent to Scoreboard
# [base] Write finished! Write data 02 at Address 03
# [Scoreboard] Get packet from Monitor: Address: 03, Data: 00
# [Stimulus] Packet is sent to Driver
# [Driver] Data is sent to DUT
# [Monitor] Data is sent to Scoreboard
# [Base] Write finished! Write Random Data 32 at Address 02
# [Scoreboard] Get packet from Monitor: Address: 02, Data: 00
# [Stimulus] Packet is sent to Driver
#   1
# [Driver] Data is sent to DUT
# [Monitor] Data is sent to Scoreboard
# [base] Write finished! Write data 06 at Address 00
# [Scoreboard] Get packet from Monitor: Address: 00, Data: 00
# [Stimulus] Packet is sent to Driver
#   0
# [Driver] Data is sent to DUT
# [Monitor] Data is sent to Scoreboard
# [base] Write finished! Write data 03 at Address 00
# [Scoreboard] Get packet from Monitor: Address: 00, Data: 00
# 
# ===== t=418050000 PASSED SUCCESSFULLY !!! Expected timing is 250000, Actual timing is 259999 =====
# 
# [Stimulus] Packet is sent to Driver
# [Driver] Data is sent to DUT
# [Monitor] Data is sent to Scoreboard
# [base] Write finished! Write data 02 at Address 03
# [Scoreboard] Get packet from Monitor: Address: 03, Data: 00
# [Stimulus] Packet is sent to Driver
# [Driver] Data is sent to DUT
# [Monitor] Data is sent to Scoreboard
# [Base] Write finished! Write Random Data 21 at Address 02
# [Scoreboard] Get packet from Monitor: Address: 02, Data: 00
# [Stimulus] Packet is sent to Driver
#   1
# [Driver] Data is sent to DUT
# [Monitor] Data is sent to Scoreboard
# [base] Write finished! Write data 06 at Address 00
# [Scoreboard] Get packet from Monitor: Address: 00, Data: 00
# [Stimulus] Packet is sent to Driver
#   0
# [Driver] Data is sent to DUT
# [Monitor] Data is sent to Scoreboard
# [base] Write finished! Write data 03 at Address 00
# [Scoreboard] Get packet from Monitor: Address: 00, Data: 00
# 
# ===== t=418510000 PASSED SUCCESSFULLY !!! Expected timing is 165000, Actual timing is 179999 =====
# 
# [Stimulus] Packet is sent to Driver
# [Driver] Data is sent to DUT
# [Monitor] Data is sent to Scoreboard
# [base] Write finished! Write data 02 at Address 03
# [Scoreboard] Get packet from Monitor: Address: 03, Data: 00
# [Stimulus] Packet is sent to Driver
# [Driver] Data is sent to DUT
# [Monitor] Data is sent to Scoreboard
# [Base] Write finished! Write Random Data 7d at Address 02
# [Scoreboard] Get packet from Monitor: Address: 02, Data: 00
# [Stimulus] Packet is sent to Driver
#   1
# [Driver] Data is sent to DUT
# [Monitor] Data is sent to Scoreboard
# [base] Write finished! Write data 06 at Address 00
# [Scoreboard] Get packet from Monitor: Address: 00, Data: 00
# [Stimulus] Packet is sent to Driver
#   0
# [Driver] Data is sent to DUT
# [Monitor] Data is sent to Scoreboard
# [base] Write finished! Write data 03 at Address 00
# [Scoreboard] Get packet from Monitor: Address: 00, Data: 00
# 
# ===== t=419430000 PASSED SUCCESSFULLY !!! Expected timing is 625000, Actual timing is 639999 =====
# 
# [Stimulus] Packet is sent to Driver
# [Driver] Data is sent to DUT
# [Monitor] Data is sent to Scoreboard
# [base] Write finished! Write data 02 at Address 03
# [Scoreboard] Get packet from Monitor: Address: 03, Data: 00
# [Stimulus] Packet is sent to Driver
# [Driver] Data is sent to DUT
# [Monitor] Data is sent to Scoreboard
# [Base] Write finished! Write Random Data 20 at Address 02
# [Scoreboard] Get packet from Monitor: Address: 02, Data: 00
# [Stimulus] Packet is sent to Driver
#   1
# [Driver] Data is sent to DUT
# [Monitor] Data is sent to Scoreboard
# [base] Write finished! Write data 06 at Address 00
# [Scoreboard] Get packet from Monitor: Address: 00, Data: 00
# [Stimulus] Packet is sent to Driver
#   0
# [Driver] Data is sent to DUT
# [Monitor] Data is sent to Scoreboard
# [base] Write finished! Write data 03 at Address 00
# [Scoreboard] Get packet from Monitor: Address: 00, Data: 00
# 
# ===== t=419890000 PASSED SUCCESSFULLY !!! Expected timing is 160000, Actual timing is 179999 =====
# 
# [Stimulus] Packet is sent to Driver
# [Driver] Data is sent to DUT
# [Monitor] Data is sent to Scoreboard
# [base] Write finished! Write data 02 at Address 03
# [Scoreboard] Get packet from Monitor: Address: 03, Data: 00
# [Stimulus] Packet is sent to Driver
# [Driver] Data is sent to DUT
# [Monitor] Data is sent to Scoreboard
# [Base] Write finished! Write Random Data 1f at Address 02
# [Scoreboard] Get packet from Monitor: Address: 02, Data: 00
# [Stimulus] Packet is sent to Driver
#   1
# [Driver] Data is sent to DUT
# [Monitor] Data is sent to Scoreboard
# [base] Write finished! Write data 06 at Address 00
# [Scoreboard] Get packet from Monitor: Address: 00, Data: 00
# [Stimulus] Packet is sent to Driver
#   0
# [Driver] Data is sent to DUT
# [Monitor] Data is sent to Scoreboard
# [base] Write finished! Write data 03 at Address 00
# [Scoreboard] Get packet from Monitor: Address: 00, Data: 00
# 
# ===== t=420350000 PASSED SUCCESSFULLY !!! Expected timing is 155000, Actual timing is 179999 =====
# 
# [Stimulus] Packet is sent to Driver
# [Driver] Data is sent to DUT
# [Monitor] Data is sent to Scoreboard
# [base] Write finished! Write data 02 at Address 03
# [Scoreboard] Get packet from Monitor: Address: 03, Data: 00
# [Stimulus] Packet is sent to Driver
# [Driver] Data is sent to DUT
# [Monitor] Data is sent to Scoreboard
# [Base] Write finished! Write Random Data 21 at Address 02
# [Scoreboard] Get packet from Monitor: Address: 02, Data: 00
# [Stimulus] Packet is sent to Driver
#   1
# [Driver] Data is sent to DUT
# [Monitor] Data is sent to Scoreboard
# [base] Write finished! Write data 06 at Address 00
# [Scoreboard] Get packet from Monitor: Address: 00, Data: 00
# [Stimulus] Packet is sent to Driver
#   0
# [Driver] Data is sent to DUT
# [Monitor] Data is sent to Scoreboard
# [base] Write finished! Write data 03 at Address 00
# [Scoreboard] Get packet from Monitor: Address: 00, Data: 00
# 
# ===== t=420810000 PASSED SUCCESSFULLY !!! Expected timing is 165000, Actual timing is 179999 =====
# 
# [Stimulus] Packet is sent to Driver
# [Driver] Data is sent to DUT
# [Monitor] Data is sent to Scoreboard
# [base] Write finished! Write data 02 at Address 03
# [Scoreboard] Get packet from Monitor: Address: 03, Data: 00
# [Stimulus] Packet is sent to Driver
# [Driver] Data is sent to DUT
# [Monitor] Data is sent to Scoreboard
# [Base] Write finished! Write Random Data c7 at Address 02
# [Scoreboard] Get packet from Monitor: Address: 02, Data: 00
# [Stimulus] Packet is sent to Driver
#   1
# [Driver] Data is sent to DUT
# [Monitor] Data is sent to Scoreboard
# [base] Write finished! Write data 06 at Address 00
# [Scoreboard] Get packet from Monitor: Address: 00, Data: 00
# [Stimulus] Packet is sent to Driver
#   0
# [Driver] Data is sent to DUT
# [Monitor] Data is sent to Scoreboard
# [base] Write finished! Write data 03 at Address 00
# [Scoreboard] Get packet from Monitor: Address: 00, Data: 00
# 
# ===== t=422110000 PASSED SUCCESSFULLY !!! Expected timing is 995000, Actual timing is 1019999 =====
# 
# [Stimulus] Packet is sent to Driver
# [Driver] Data is sent to DUT
# [Monitor] Data is sent to Scoreboard
# [base] Write finished! Write data 02 at Address 03
# [Scoreboard] Get packet from Monitor: Address: 03, Data: 00
# [Stimulus] Packet is sent to Driver
# [Driver] Data is sent to DUT
# [Monitor] Data is sent to Scoreboard
# [Base] Write finished! Write Random Data 0c at Address 02
# [Scoreboard] Get packet from Monitor: Address: 02, Data: 00
# [Stimulus] Packet is sent to Driver
#   1
# [Driver] Data is sent to DUT
# [Monitor] Data is sent to Scoreboard
# [base] Write finished! Write data 06 at Address 00
# [Scoreboard] Get packet from Monitor: Address: 00, Data: 00
# [Stimulus] Packet is sent to Driver
#   0
# [Driver] Data is sent to DUT
# [Monitor] Data is sent to Scoreboard
# [base] Write finished! Write data 03 at Address 00
# [Scoreboard] Get packet from Monitor: Address: 00, Data: 00
# 
# ===== t=422470000 PASSED SUCCESSFULLY !!! Expected timing is 60000, Actual timing is 79999 =====
# 
# [Stimulus] Packet is sent to Driver
# [Driver] Data is sent to DUT
# [Monitor] Data is sent to Scoreboard
# [base] Write finished! Write data 02 at Address 03
# [Scoreboard] Get packet from Monitor: Address: 03, Data: 00
# [Stimulus] Packet is sent to Driver
# [Driver] Data is sent to DUT
# [Monitor] Data is sent to Scoreboard
# [Base] Write finished! Write Random Data c5 at Address 02
# [Scoreboard] Get packet from Monitor: Address: 02, Data: 00
# [Stimulus] Packet is sent to Driver
#   1
# [Driver] Data is sent to DUT
# [Monitor] Data is sent to Scoreboard
# [base] Write finished! Write data 06 at Address 00
# [Scoreboard] Get packet from Monitor: Address: 00, Data: 00
# [Stimulus] Packet is sent to Driver
#   0
# [Driver] Data is sent to DUT
# [Monitor] Data is sent to Scoreboard
# [base] Write finished! Write data 03 at Address 00
# [Scoreboard] Get packet from Monitor: Address: 00, Data: 00
# 
# ===== t=423750000 PASSED SUCCESSFULLY !!! Expected timing is 985000, Actual timing is 999999 =====
# 
# [Stimulus] Packet is sent to Driver
# [Driver] Data is sent to DUT
# [Monitor] Data is sent to Scoreboard
# [base] Write finished! Write data 02 at Address 03
# [Scoreboard] Get packet from Monitor: Address: 03, Data: 00
# [Stimulus] Packet is sent to Driver
# [Driver] Data is sent to DUT
# [Monitor] Data is sent to Scoreboard
# [Base] Write finished! Write Random Data e8 at Address 02
# [Scoreboard] Get packet from Monitor: Address: 02, Data: 00
# [Stimulus] Packet is sent to Driver
#   1
# [Driver] Data is sent to DUT
# [Monitor] Data is sent to Scoreboard
# [base] Write finished! Write data 06 at Address 00
# [Scoreboard] Get packet from Monitor: Address: 00, Data: 00
# [Stimulus] Packet is sent to Driver
#   0
# [Driver] Data is sent to DUT
# [Monitor] Data is sent to Scoreboard
# [base] Write finished! Write data 03 at Address 00
# [Scoreboard] Get packet from Monitor: Address: 00, Data: 00
# 
# ===== t=425210000 PASSED SUCCESSFULLY !!! Expected timing is 1160000, Actual timing is 1179999 =====
# 
# [Stimulus] Packet is sent to Driver
# [Driver] Data is sent to DUT
# [Monitor] Data is sent to Scoreboard
# [base] Write finished! Write data 02 at Address 03
# [Scoreboard] Get packet from Monitor: Address: 03, Data: 00
# [Stimulus] Packet is sent to Driver
# [Driver] Data is sent to DUT
# [Monitor] Data is sent to Scoreboard
# [Base] Write finished! Write Random Data a1 at Address 02
# [Scoreboard] Get packet from Monitor: Address: 02, Data: 00
# [Stimulus] Packet is sent to Driver
#   1
# [Driver] Data is sent to DUT
# [Monitor] Data is sent to Scoreboard
# [base] Write finished! Write data 06 at Address 00
# [Scoreboard] Get packet from Monitor: Address: 00, Data: 00
# [Stimulus] Packet is sent to Driver
#   0
# [Driver] Data is sent to DUT
# [Monitor] Data is sent to Scoreboard
# [base] Write finished! Write data 03 at Address 00
# [Scoreboard] Get packet from Monitor: Address: 00, Data: 00
# 
# ===== t=426310000 PASSED SUCCESSFULLY !!! Expected timing is 805000, Actual timing is 819999 =====
# 
# [Stimulus] Packet is sent to Driver
# [Driver] Data is sent to DUT
# [Monitor] Data is sent to Scoreboard
# [base] Write finished! Write data 02 at Address 03
# [Scoreboard] Get packet from Monitor: Address: 03, Data: 00
# [Stimulus] Packet is sent to Driver
# [Driver] Data is sent to DUT
# [Monitor] Data is sent to Scoreboard
# [Base] Write finished! Write Random Data d5 at Address 02
# [Scoreboard] Get packet from Monitor: Address: 02, Data: 00
# [Stimulus] Packet is sent to Driver
#   1
# [Driver] Data is sent to DUT
# [Monitor] Data is sent to Scoreboard
# [base] Write finished! Write data 06 at Address 00
# [Scoreboard] Get packet from Monitor: Address: 00, Data: 00
# [Stimulus] Packet is sent to Driver
#   0
# [Driver] Data is sent to DUT
# [Monitor] Data is sent to Scoreboard
# [base] Write finished! Write data 03 at Address 00
# [Scoreboard] Get packet from Monitor: Address: 00, Data: 00
# 
# ===== t=427670000 PASSED SUCCESSFULLY !!! Expected timing is 1065000, Actual timing is 1079999 =====
# 
# [Stimulus] Packet is sent to Driver
# [Driver] Data is sent to DUT
# [Monitor] Data is sent to Scoreboard
# [base] Write finished! Write data 02 at Address 03
# [Scoreboard] Get packet from Monitor: Address: 03, Data: 00
# [Stimulus] Packet is sent to Driver
# [Driver] Data is sent to DUT
# [Monitor] Data is sent to Scoreboard
# [Base] Write finished! Write Random Data 91 at Address 02
# [Scoreboard] Get packet from Monitor: Address: 02, Data: 00
# [Stimulus] Packet is sent to Driver
#   1
# [Driver] Data is sent to DUT
# [Monitor] Data is sent to Scoreboard
# [base] Write finished! Write data 06 at Address 00
# [Scoreboard] Get packet from Monitor: Address: 00, Data: 00
# [Stimulus] Packet is sent to Driver
#   0
# [Driver] Data is sent to DUT
# [Monitor] Data is sent to Scoreboard
# [base] Write finished! Write data 03 at Address 00
# [Scoreboard] Get packet from Monitor: Address: 00, Data: 00
# 
# ===== t=428690000 PASSED SUCCESSFULLY !!! Expected timing is 725000, Actual timing is 739999 =====
# 
# [Stimulus] Packet is sent to Driver
# [Driver] Data is sent to DUT
# [Monitor] Data is sent to Scoreboard
# [base] Write finished! Write data 02 at Address 03
# [Scoreboard] Get packet from Monitor: Address: 03, Data: 00
# [Stimulus] Packet is sent to Driver
# [Driver] Data is sent to DUT
# [Monitor] Data is sent to Scoreboard
# [Base] Write finished! Write Random Data 4c at Address 02
# [Scoreboard] Get packet from Monitor: Address: 02, Data: 00
# [Stimulus] Packet is sent to Driver
#   1
# [Driver] Data is sent to DUT
# [Monitor] Data is sent to Scoreboard
# [base] Write finished! Write data 06 at Address 00
# [Scoreboard] Get packet from Monitor: Address: 00, Data: 00
# [Stimulus] Packet is sent to Driver
#   0
# [Driver] Data is sent to DUT
# [Monitor] Data is sent to Scoreboard
# [base] Write finished! Write data 03 at Address 00
# [Scoreboard] Get packet from Monitor: Address: 00, Data: 00
# 
# ===== t=429370000 PASSED SUCCESSFULLY !!! Expected timing is 380000, Actual timing is 399999 =====
# 
# [Stimulus] Packet is sent to Driver
# [Driver] Data is sent to DUT
# [Monitor] Data is sent to Scoreboard
# [base] Write finished! Write data 02 at Address 03
# [Scoreboard] Get packet from Monitor: Address: 03, Data: 00
# [Stimulus] Packet is sent to Driver
# [Driver] Data is sent to DUT
# [Monitor] Data is sent to Scoreboard
# [Base] Write finished! Write Random Data 2c at Address 02
# [Scoreboard] Get packet from Monitor: Address: 02, Data: 00
# [Stimulus] Packet is sent to Driver
#   1
# [Driver] Data is sent to DUT
# [Monitor] Data is sent to Scoreboard
# [base] Write finished! Write data 06 at Address 00
# [Scoreboard] Get packet from Monitor: Address: 00, Data: 00
# [Stimulus] Packet is sent to Driver
#   0
# [Driver] Data is sent to DUT
# [Monitor] Data is sent to Scoreboard
# [base] Write finished! Write data 03 at Address 00
# [Scoreboard] Get packet from Monitor: Address: 00, Data: 00
# 
# ===== t=429890000 PASSED SUCCESSFULLY !!! Expected timing is 220000, Actual timing is 239999 =====
# 
# [Stimulus] Packet is sent to Driver
# [Driver] Data is sent to DUT
# [Monitor] Data is sent to Scoreboard
# [base] Write finished! Write data 02 at Address 03
# [Scoreboard] Get packet from Monitor: Address: 03, Data: 00
# [Stimulus] Packet is sent to Driver
# [Driver] Data is sent to DUT
# [Monitor] Data is sent to Scoreboard
# [Base] Write finished! Write Random Data ae at Address 02
# [Scoreboard] Get packet from Monitor: Address: 02, Data: 00
# [Stimulus] Packet is sent to Driver
#   1
# [Driver] Data is sent to DUT
# [Monitor] Data is sent to Scoreboard
# [base] Write finished! Write data 06 at Address 00
# [Scoreboard] Get packet from Monitor: Address: 00, Data: 00
# [Stimulus] Packet is sent to Driver
#   0
# [Driver] Data is sent to DUT
# [Monitor] Data is sent to Scoreboard
# [base] Write finished! Write data 03 at Address 00
# [Scoreboard] Get packet from Monitor: Address: 00, Data: 00
# 
# ===== t=431050000 PASSED SUCCESSFULLY !!! Expected timing is 870000, Actual timing is 879999 =====
# 
# [Stimulus] Packet is sent to Driver
# [Driver] Data is sent to DUT
# [Monitor] Data is sent to Scoreboard
# [base] Write finished! Write data 02 at Address 03
# [Scoreboard] Get packet from Monitor: Address: 03, Data: 00
# [Stimulus] Packet is sent to Driver
# [Driver] Data is sent to DUT
# [Monitor] Data is sent to Scoreboard
# [Base] Write finished! Write Random Data 39 at Address 02
# [Scoreboard] Get packet from Monitor: Address: 02, Data: 00
# [Stimulus] Packet is sent to Driver
#   1
# [Driver] Data is sent to DUT
# [Monitor] Data is sent to Scoreboard
# [base] Write finished! Write data 06 at Address 00
# [Scoreboard] Get packet from Monitor: Address: 00, Data: 00
# [Stimulus] Packet is sent to Driver
#   0
# [Driver] Data is sent to DUT
# [Monitor] Data is sent to Scoreboard
# [base] Write finished! Write data 03 at Address 00
# [Scoreboard] Get packet from Monitor: Address: 00, Data: 00
# 
# ===== t=431630000 PASSED SUCCESSFULLY !!! Expected timing is 285000, Actual timing is 299999 =====
# 
# [Stimulus] Packet is sent to Driver
# [Driver] Data is sent to DUT
# [Monitor] Data is sent to Scoreboard
# [base] Write finished! Write data 02 at Address 03
# [Scoreboard] Get packet from Monitor: Address: 03, Data: 00
# [Stimulus] Packet is sent to Driver
# [Driver] Data is sent to DUT
# [Monitor] Data is sent to Scoreboard
# [Base] Write finished! Write Random Data 49 at Address 02
# [Scoreboard] Get packet from Monitor: Address: 02, Data: 00
# [Stimulus] Packet is sent to Driver
#   1
# [Driver] Data is sent to DUT
# [Monitor] Data is sent to Scoreboard
# [base] Write finished! Write data 06 at Address 00
# [Scoreboard] Get packet from Monitor: Address: 00, Data: 00
# [Stimulus] Packet is sent to Driver
#   0
# [Driver] Data is sent to DUT
# [Monitor] Data is sent to Scoreboard
# [base] Write finished! Write data 03 at Address 00
# [Scoreboard] Get packet from Monitor: Address: 00, Data: 00
# 
# ===== t=432290000 PASSED SUCCESSFULLY !!! Expected timing is 365000, Actual timing is 379999 =====
# 
# [Stimulus] Packet is sent to Driver
# [Driver] Data is sent to DUT
# [Monitor] Data is sent to Scoreboard
# [base] Write finished! Write data 02 at Address 03
# [Scoreboard] Get packet from Monitor: Address: 03, Data: 00
# [Stimulus] Packet is sent to Driver
# [Driver] Data is sent to DUT
# [Monitor] Data is sent to Scoreboard
# [Base] Write finished! Write Random Data fa at Address 02
# [Scoreboard] Get packet from Monitor: Address: 02, Data: 00
# [Stimulus] Packet is sent to Driver
#   1
# [Driver] Data is sent to DUT
# [Monitor] Data is sent to Scoreboard
# [base] Write finished! Write data 06 at Address 00
# [Scoreboard] Get packet from Monitor: Address: 00, Data: 00
# [Stimulus] Packet is sent to Driver
#   0
# [Driver] Data is sent to DUT
# [Monitor] Data is sent to Scoreboard
# [base] Write finished! Write data 03 at Address 00
# [Scoreboard] Get packet from Monitor: Address: 00, Data: 00
# 
# ===== t=433830000 PASSED SUCCESSFULLY !!! Expected timing is 1250000, Actual timing is 1259999 =====
# 
# [Stimulus] Packet is sent to Driver
# [Driver] Data is sent to DUT
# [Monitor] Data is sent to Scoreboard
# [base] Write finished! Write data 02 at Address 03
# [Scoreboard] Get packet from Monitor: Address: 03, Data: 00
# [Stimulus] Packet is sent to Driver
# [Driver] Data is sent to DUT
# [Monitor] Data is sent to Scoreboard
# [Base] Write finished! Write Random Data dc at Address 02
# [Scoreboard] Get packet from Monitor: Address: 02, Data: 00
# [Stimulus] Packet is sent to Driver
#   1
# [Driver] Data is sent to DUT
# [Monitor] Data is sent to Scoreboard
# [base] Write finished! Write data 06 at Address 00
# [Scoreboard] Get packet from Monitor: Address: 00, Data: 00
# [Stimulus] Packet is sent to Driver
#   0
# [Driver] Data is sent to DUT
# [Monitor] Data is sent to Scoreboard
# [base] Write finished! Write data 03 at Address 00
# [Scoreboard] Get packet from Monitor: Address: 00, Data: 00
# 
# ===== t=435230000 PASSED SUCCESSFULLY !!! Expected timing is 1100000, Actual timing is 1119999 =====
# 
# [Stimulus] Packet is sent to Driver
# [Driver] Data is sent to DUT
# [Monitor] Data is sent to Scoreboard
# [base] Write finished! Write data 02 at Address 03
# [Scoreboard] Get packet from Monitor: Address: 03, Data: 00
# [Stimulus] Packet is sent to Driver
# [Driver] Data is sent to DUT
# [Monitor] Data is sent to Scoreboard
# [Base] Write finished! Write Random Data a0 at Address 02
# [Scoreboard] Get packet from Monitor: Address: 02, Data: 00
# [Stimulus] Packet is sent to Driver
#   1
# [Driver] Data is sent to DUT
# [Monitor] Data is sent to Scoreboard
# [base] Write finished! Write data 06 at Address 00
# [Scoreboard] Get packet from Monitor: Address: 00, Data: 00
# [Stimulus] Packet is sent to Driver
#   0
# [Driver] Data is sent to DUT
# [Monitor] Data is sent to Scoreboard
# [base] Write finished! Write data 03 at Address 00
# [Scoreboard] Get packet from Monitor: Address: 00, Data: 00
# 
# ===== t=436330000 PASSED SUCCESSFULLY !!! Expected timing is 800000, Actual timing is 819999 =====
# 
# [Stimulus] Packet is sent to Driver
# [Driver] Data is sent to DUT
# [Monitor] Data is sent to Scoreboard
# [base] Write finished! Write data 02 at Address 03
# [Scoreboard] Get packet from Monitor: Address: 03, Data: 00
# [Stimulus] Packet is sent to Driver
# [Driver] Data is sent to DUT
# [Monitor] Data is sent to Scoreboard
# [Base] Write finished! Write Random Data 42 at Address 02
# [Scoreboard] Get packet from Monitor: Address: 02, Data: 00
# [Stimulus] Packet is sent to Driver
#   1
# [Driver] Data is sent to DUT
# [Monitor] Data is sent to Scoreboard
# [base] Write finished! Write data 06 at Address 00
# [Scoreboard] Get packet from Monitor: Address: 00, Data: 00
# [Stimulus] Packet is sent to Driver
#   0
# [Driver] Data is sent to DUT
# [Monitor] Data is sent to Scoreboard
# [base] Write finished! Write data 03 at Address 00
# [Scoreboard] Get packet from Monitor: Address: 00, Data: 00
# 
# ===== t=436950000 PASSED SUCCESSFULLY !!! Expected timing is 330000, Actual timing is 339999 =====
# 
# [Stimulus] Packet is sent to Driver
# [Driver] Data is sent to DUT
# [Monitor] Data is sent to Scoreboard
# [base] Write finished! Write data 02 at Address 03
# [Scoreboard] Get packet from Monitor: Address: 03, Data: 00
# [Stimulus] Packet is sent to Driver
# [Driver] Data is sent to DUT
# [Monitor] Data is sent to Scoreboard
# [Base] Write finished! Write Random Data 2b at Address 02
# [Scoreboard] Get packet from Monitor: Address: 02, Data: 00
# [Stimulus] Packet is sent to Driver
#   1
# [Driver] Data is sent to DUT
# [Monitor] Data is sent to Scoreboard
# [base] Write finished! Write data 06 at Address 00
# [Scoreboard] Get packet from Monitor: Address: 00, Data: 00
# [Stimulus] Packet is sent to Driver
#   0
# [Driver] Data is sent to DUT
# [Monitor] Data is sent to Scoreboard
# [base] Write finished! Write data 03 at Address 00
# [Scoreboard] Get packet from Monitor: Address: 00, Data: 00
# 
# ===== t=437470000 PASSED SUCCESSFULLY !!! Expected timing is 215000, Actual timing is 239999 =====
# 
# [Stimulus] Packet is sent to Driver
# [Driver] Data is sent to DUT
# [Monitor] Data is sent to Scoreboard
# [base] Write finished! Write data 02 at Address 03
# [Scoreboard] Get packet from Monitor: Address: 03, Data: 00
# [Stimulus] Packet is sent to Driver
# [Driver] Data is sent to DUT
# [Monitor] Data is sent to Scoreboard
# [Base] Write finished! Write Random Data fb at Address 02
# [Scoreboard] Get packet from Monitor: Address: 02, Data: 00
# [Stimulus] Packet is sent to Driver
#   1
# [Driver] Data is sent to DUT
# [Monitor] Data is sent to Scoreboard
# [base] Write finished! Write data 06 at Address 00
# [Scoreboard] Get packet from Monitor: Address: 00, Data: 00
# [Stimulus] Packet is sent to Driver
#   0
# [Driver] Data is sent to DUT
# [Monitor] Data is sent to Scoreboard
# [base] Write finished! Write data 03 at Address 00
# [Scoreboard] Get packet from Monitor: Address: 00, Data: 00
# 
# ===== t=439030000 PASSED SUCCESSFULLY !!! Expected timing is 1255000, Actual timing is 1279999 =====
# 
# [Stimulus] Packet is sent to Driver
# [Driver] Data is sent to DUT
# [Monitor] Data is sent to Scoreboard
# [base] Write finished! Write data 02 at Address 03
# [Scoreboard] Get packet from Monitor: Address: 03, Data: 00
# [Stimulus] Packet is sent to Driver
# [Driver] Data is sent to DUT
# [Monitor] Data is sent to Scoreboard
# [Base] Write finished! Write Random Data ad at Address 02
# [Scoreboard] Get packet from Monitor: Address: 02, Data: 00
# [Stimulus] Packet is sent to Driver
#   1
# [Driver] Data is sent to DUT
# [Monitor] Data is sent to Scoreboard
# [base] Write finished! Write data 06 at Address 00
# [Scoreboard] Get packet from Monitor: Address: 00, Data: 00
# [Stimulus] Packet is sent to Driver
#   0
# [Driver] Data is sent to DUT
# [Monitor] Data is sent to Scoreboard
# [base] Write finished! Write data 03 at Address 00
# [Scoreboard] Get packet from Monitor: Address: 00, Data: 00
# 
# ===== t=440190000 PASSED SUCCESSFULLY !!! Expected timing is 865000, Actual timing is 879999 =====
# 
# [Stimulus] Packet is sent to Driver
# [Driver] Data is sent to DUT
# [Monitor] Data is sent to Scoreboard
# [base] Write finished! Write data 02 at Address 03
# [Scoreboard] Get packet from Monitor: Address: 03, Data: 00
# [Stimulus] Packet is sent to Driver
# [Driver] Data is sent to DUT
# [Monitor] Data is sent to Scoreboard
# [Base] Write finished! Write Random Data 46 at Address 02
# [Scoreboard] Get packet from Monitor: Address: 02, Data: 00
# [Stimulus] Packet is sent to Driver
#   1
# [Driver] Data is sent to DUT
# [Monitor] Data is sent to Scoreboard
# [base] Write finished! Write data 06 at Address 00
# [Scoreboard] Get packet from Monitor: Address: 00, Data: 00
# [Stimulus] Packet is sent to Driver
#   0
# [Driver] Data is sent to DUT
# [Monitor] Data is sent to Scoreboard
# [base] Write finished! Write data 03 at Address 00
# [Scoreboard] Get packet from Monitor: Address: 00, Data: 00
# 
# ===== t=440830000 PASSED SUCCESSFULLY !!! Expected timing is 350000, Actual timing is 359999 =====
# 
# [Stimulus] Packet is sent to Driver
# [Driver] Data is sent to DUT
# [Monitor] Data is sent to Scoreboard
# [base] Write finished! Write data 02 at Address 03
# [Scoreboard] Get packet from Monitor: Address: 03, Data: 00
# [Stimulus] Packet is sent to Driver
# [Driver] Data is sent to DUT
# [Monitor] Data is sent to Scoreboard
# [Base] Write finished! Write Random Data 43 at Address 02
# [Scoreboard] Get packet from Monitor: Address: 02, Data: 00
# [Stimulus] Packet is sent to Driver
#   1
# [Driver] Data is sent to DUT
# [Monitor] Data is sent to Scoreboard
# [base] Write finished! Write data 06 at Address 00
# [Scoreboard] Get packet from Monitor: Address: 00, Data: 00
# [Stimulus] Packet is sent to Driver
#   0
# [Driver] Data is sent to DUT
# [Monitor] Data is sent to Scoreboard
# [base] Write finished! Write data 03 at Address 00
# [Scoreboard] Get packet from Monitor: Address: 00, Data: 00
# 
# ===== t=441470000 PASSED SUCCESSFULLY !!! Expected timing is 335000, Actual timing is 359999 =====
# 
# [Stimulus] Packet is sent to Driver
# [Driver] Data is sent to DUT
# [Monitor] Data is sent to Scoreboard
# [base] Write finished! Write data 02 at Address 03
# [Scoreboard] Get packet from Monitor: Address: 03, Data: 00
# [Stimulus] Packet is sent to Driver
# [Driver] Data is sent to DUT
# [Monitor] Data is sent to Scoreboard
# [Base] Write finished! Write Random Data 13 at Address 02
# [Scoreboard] Get packet from Monitor: Address: 02, Data: 00
# [Stimulus] Packet is sent to Driver
#   1
# [Driver] Data is sent to DUT
# [Monitor] Data is sent to Scoreboard
# [base] Write finished! Write data 06 at Address 00
# [Scoreboard] Get packet from Monitor: Address: 00, Data: 00
# [Stimulus] Packet is sent to Driver
#   0
# [Driver] Data is sent to DUT
# [Monitor] Data is sent to Scoreboard
# [base] Write finished! Write data 03 at Address 00
# [Scoreboard] Get packet from Monitor: Address: 00, Data: 00
# 
# ===== t=441870000 PASSED SUCCESSFULLY !!! Expected timing is 95000, Actual timing is 119999 =====
# 
# [Stimulus] Packet is sent to Driver
# [Driver] Data is sent to DUT
# [Monitor] Data is sent to Scoreboard
# [base] Write finished! Write data 02 at Address 03
# [Scoreboard] Get packet from Monitor: Address: 03, Data: 00
# [Stimulus] Packet is sent to Driver
# [Driver] Data is sent to DUT
# [Monitor] Data is sent to Scoreboard
# [Base] Write finished! Write Random Data 10 at Address 02
# [Scoreboard] Get packet from Monitor: Address: 02, Data: 00
# [Stimulus] Packet is sent to Driver
#   1
# [Driver] Data is sent to DUT
# [Monitor] Data is sent to Scoreboard
# [base] Write finished! Write data 06 at Address 00
# [Scoreboard] Get packet from Monitor: Address: 00, Data: 00
# [Stimulus] Packet is sent to Driver
#   0
# [Driver] Data is sent to DUT
# [Monitor] Data is sent to Scoreboard
# [base] Write finished! Write data 03 at Address 00
# [Scoreboard] Get packet from Monitor: Address: 00, Data: 00
# 
# ===== t=442250000 PASSED SUCCESSFULLY !!! Expected timing is 80000, Actual timing is 99999 =====
# 
# [Stimulus] Packet is sent to Driver
# [Driver] Data is sent to DUT
# [Monitor] Data is sent to Scoreboard
# [base] Write finished! Write data 02 at Address 03
# [Scoreboard] Get packet from Monitor: Address: 03, Data: 00
# [Stimulus] Packet is sent to Driver
# [Driver] Data is sent to DUT
# [Monitor] Data is sent to Scoreboard
# [Base] Write finished! Write Random Data a2 at Address 02
# [Scoreboard] Get packet from Monitor: Address: 02, Data: 00
# [Stimulus] Packet is sent to Driver
#   1
# [Driver] Data is sent to DUT
# [Monitor] Data is sent to Scoreboard
# [base] Write finished! Write data 06 at Address 00
# [Scoreboard] Get packet from Monitor: Address: 00, Data: 00
# [Stimulus] Packet is sent to Driver
#   0
# [Driver] Data is sent to DUT
# [Monitor] Data is sent to Scoreboard
# [base] Write finished! Write data 03 at Address 00
# [Scoreboard] Get packet from Monitor: Address: 00, Data: 00
# 
# ===== t=443350000 PASSED SUCCESSFULLY !!! Expected timing is 810000, Actual timing is 819999 =====
# 
# [Stimulus] Packet is sent to Driver
# [Driver] Data is sent to DUT
# [Monitor] Data is sent to Scoreboard
# [base] Write finished! Write data 02 at Address 03
# [Scoreboard] Get packet from Monitor: Address: 03, Data: 00
# [Stimulus] Packet is sent to Driver
# [Driver] Data is sent to DUT
# [Monitor] Data is sent to Scoreboard
# [Base] Write finished! Write Random Data 3a at Address 02
# [Scoreboard] Get packet from Monitor: Address: 02, Data: 00
# [Stimulus] Packet is sent to Driver
#   1
# [Driver] Data is sent to DUT
# [Monitor] Data is sent to Scoreboard
# [base] Write finished! Write data 06 at Address 00
# [Scoreboard] Get packet from Monitor: Address: 00, Data: 00
# [Stimulus] Packet is sent to Driver
#   0
# [Driver] Data is sent to DUT
# [Monitor] Data is sent to Scoreboard
# [base] Write finished! Write data 03 at Address 00
# [Scoreboard] Get packet from Monitor: Address: 00, Data: 00
# 
# ===== t=443930000 PASSED SUCCESSFULLY !!! Expected timing is 290000, Actual timing is 299999 =====
# 
# [Stimulus] Packet is sent to Driver
# [Driver] Data is sent to DUT
# [Monitor] Data is sent to Scoreboard
# [base] Write finished! Write data 02 at Address 03
# [Scoreboard] Get packet from Monitor: Address: 03, Data: 00
# [Stimulus] Packet is sent to Driver
# [Driver] Data is sent to DUT
# [Monitor] Data is sent to Scoreboard
# [Base] Write finished! Write Random Data bc at Address 02
# [Scoreboard] Get packet from Monitor: Address: 02, Data: 00
# [Stimulus] Packet is sent to Driver
#   1
# [Driver] Data is sent to DUT
# [Monitor] Data is sent to Scoreboard
# [base] Write finished! Write data 06 at Address 00
# [Scoreboard] Get packet from Monitor: Address: 00, Data: 00
# [Stimulus] Packet is sent to Driver
#   0
# [Driver] Data is sent to DUT
# [Monitor] Data is sent to Scoreboard
# [base] Write finished! Write data 03 at Address 00
# [Scoreboard] Get packet from Monitor: Address: 00, Data: 00
# 
# ===== t=445170000 PASSED SUCCESSFULLY !!! Expected timing is 940000, Actual timing is 959999 =====
# 
# [Stimulus] Packet is sent to Driver
# [Driver] Data is sent to DUT
# [Monitor] Data is sent to Scoreboard
# [base] Write finished! Write data 02 at Address 03
# [Scoreboard] Get packet from Monitor: Address: 03, Data: 00
# [Stimulus] Packet is sent to Driver
# [Driver] Data is sent to DUT
# [Monitor] Data is sent to Scoreboard
# [Base] Write finished! Write Random Data 8f at Address 02
# [Scoreboard] Get packet from Monitor: Address: 02, Data: 00
# [Stimulus] Packet is sent to Driver
#   1
# [Driver] Data is sent to DUT
# [Monitor] Data is sent to Scoreboard
# [base] Write finished! Write data 06 at Address 00
# [Scoreboard] Get packet from Monitor: Address: 00, Data: 00
# [Stimulus] Packet is sent to Driver
#   0
# [Driver] Data is sent to DUT
# [Monitor] Data is sent to Scoreboard
# [base] Write finished! Write data 03 at Address 00
# [Scoreboard] Get packet from Monitor: Address: 00, Data: 00
# 
# ===== t=446190000 PASSED SUCCESSFULLY !!! Expected timing is 715000, Actual timing is 739999 =====
# 
# [Stimulus] Packet is sent to Driver
# [Driver] Data is sent to DUT
# [Monitor] Data is sent to Scoreboard
# [base] Write finished! Write data 02 at Address 03
# [Scoreboard] Get packet from Monitor: Address: 03, Data: 00
# [Stimulus] Packet is sent to Driver
# [Driver] Data is sent to DUT
# [Monitor] Data is sent to Scoreboard
# [Base] Write finished! Write Random Data 22 at Address 02
# [Scoreboard] Get packet from Monitor: Address: 02, Data: 00
# [Stimulus] Packet is sent to Driver
#   1
# [Driver] Data is sent to DUT
# [Monitor] Data is sent to Scoreboard
# [base] Write finished! Write data 06 at Address 00
# [Scoreboard] Get packet from Monitor: Address: 00, Data: 00
# [Stimulus] Packet is sent to Driver
#   0
# [Driver] Data is sent to DUT
# [Monitor] Data is sent to Scoreboard
# [base] Write finished! Write data 03 at Address 00
# [Scoreboard] Get packet from Monitor: Address: 00, Data: 00
# 
# ===== t=446650000 PASSED SUCCESSFULLY !!! Expected timing is 170000, Actual timing is 179999 =====
# 
# [Stimulus] Packet is sent to Driver
# [Driver] Data is sent to DUT
# [Monitor] Data is sent to Scoreboard
# [base] Write finished! Write data 02 at Address 03
# [Scoreboard] Get packet from Monitor: Address: 03, Data: 00
# [Stimulus] Packet is sent to Driver
# [Driver] Data is sent to DUT
# [Monitor] Data is sent to Scoreboard
# [Base] Write finished! Write Random Data 07 at Address 02
# [Scoreboard] Get packet from Monitor: Address: 02, Data: 00
# [Stimulus] Packet is sent to Driver
#   1
# [Driver] Data is sent to DUT
# [Monitor] Data is sent to Scoreboard
# [base] Write finished! Write data 06 at Address 00
# [Scoreboard] Get packet from Monitor: Address: 00, Data: 00
# [Stimulus] Packet is sent to Driver
#   0
# [Driver] Data is sent to DUT
# [Monitor] Data is sent to Scoreboard
# [base] Write finished! Write data 03 at Address 00
# [Scoreboard] Get packet from Monitor: Address: 00, Data: 00
# 
# ===== t=446990000 PASSED SUCCESSFULLY !!! Expected timing is 35000, Actual timing is 59999 =====
# 
# [Stimulus] Packet is sent to Driver
# [Driver] Data is sent to DUT
# [Monitor] Data is sent to Scoreboard
# [base] Write finished! Write data 02 at Address 03
# [Scoreboard] Get packet from Monitor: Address: 03, Data: 00
# [Stimulus] Packet is sent to Driver
# [Driver] Data is sent to DUT
# [Monitor] Data is sent to Scoreboard
# [Base] Write finished! Write Random Data 24 at Address 02
# [Scoreboard] Get packet from Monitor: Address: 02, Data: 00
# [Stimulus] Packet is sent to Driver
#   1
# [Driver] Data is sent to DUT
# [Monitor] Data is sent to Scoreboard
# [base] Write finished! Write data 06 at Address 00
# [Scoreboard] Get packet from Monitor: Address: 00, Data: 00
# [Stimulus] Packet is sent to Driver
#   0
# [Driver] Data is sent to DUT
# [Monitor] Data is sent to Scoreboard
# [base] Write finished! Write data 03 at Address 00
# [Scoreboard] Get packet from Monitor: Address: 00, Data: 00
# 
# ===== t=447470000 PASSED SUCCESSFULLY !!! Expected timing is 180000, Actual timing is 199999 =====
# 
# [Stimulus] Packet is sent to Driver
# [Driver] Data is sent to DUT
# [Monitor] Data is sent to Scoreboard
# [base] Write finished! Write data 02 at Address 03
# [Scoreboard] Get packet from Monitor: Address: 03, Data: 00
# [Stimulus] Packet is sent to Driver
# [Driver] Data is sent to DUT
# [Monitor] Data is sent to Scoreboard
# [Base] Write finished! Write Random Data 72 at Address 02
# [Scoreboard] Get packet from Monitor: Address: 02, Data: 00
# [Stimulus] Packet is sent to Driver
#   1
# [Driver] Data is sent to DUT
# [Monitor] Data is sent to Scoreboard
# [base] Write finished! Write data 06 at Address 00
# [Scoreboard] Get packet from Monitor: Address: 00, Data: 00
# [Stimulus] Packet is sent to Driver
#   0
# [Driver] Data is sent to DUT
# [Monitor] Data is sent to Scoreboard
# [base] Write finished! Write data 03 at Address 00
# [Scoreboard] Get packet from Monitor: Address: 00, Data: 00
# 
# ===== t=448330000 PASSED SUCCESSFULLY !!! Expected timing is 570000, Actual timing is 579999 =====
# 
# [Stimulus] Packet is sent to Driver
# [Driver] Data is sent to DUT
# [Monitor] Data is sent to Scoreboard
# [base] Write finished! Write data 02 at Address 03
# [Scoreboard] Get packet from Monitor: Address: 03, Data: 00
# [Stimulus] Packet is sent to Driver
# [Driver] Data is sent to DUT
# [Monitor] Data is sent to Scoreboard
# [Base] Write finished! Write Random Data b5 at Address 02
# [Scoreboard] Get packet from Monitor: Address: 02, Data: 00
# [Stimulus] Packet is sent to Driver
#   1
# [Driver] Data is sent to DUT
# [Monitor] Data is sent to Scoreboard
# [base] Write finished! Write data 06 at Address 00
# [Scoreboard] Get packet from Monitor: Address: 00, Data: 00
# [Stimulus] Packet is sent to Driver
#   0
# [Driver] Data is sent to DUT
# [Monitor] Data is sent to Scoreboard
# [base] Write finished! Write data 03 at Address 00
# [Scoreboard] Get packet from Monitor: Address: 00, Data: 00
# 
# ===== t=449530000 PASSED SUCCESSFULLY !!! Expected timing is 905000, Actual timing is 919999 =====
# 
# [Stimulus] Packet is sent to Driver
# [Driver] Data is sent to DUT
# [Monitor] Data is sent to Scoreboard
# [base] Write finished! Write data 02 at Address 03
# [Scoreboard] Get packet from Monitor: Address: 03, Data: 00
# [Stimulus] Packet is sent to Driver
# [Driver] Data is sent to DUT
# [Monitor] Data is sent to Scoreboard
# [Base] Write finished! Write Random Data 52 at Address 02
# [Scoreboard] Get packet from Monitor: Address: 02, Data: 00
# [Stimulus] Packet is sent to Driver
#   1
# [Driver] Data is sent to DUT
# [Monitor] Data is sent to Scoreboard
# [base] Write finished! Write data 06 at Address 00
# [Scoreboard] Get packet from Monitor: Address: 00, Data: 00
# [Stimulus] Packet is sent to Driver
#   0
# [Driver] Data is sent to DUT
# [Monitor] Data is sent to Scoreboard
# [base] Write finished! Write data 03 at Address 00
# [Scoreboard] Get packet from Monitor: Address: 00, Data: 00
# 
# ===== t=450230000 PASSED SUCCESSFULLY !!! Expected timing is 410000, Actual timing is 419999 =====
# 
# [Stimulus] Packet is sent to Driver
# [Driver] Data is sent to DUT
# [Monitor] Data is sent to Scoreboard
# [base] Write finished! Write data 02 at Address 03
# [Scoreboard] Get packet from Monitor: Address: 03, Data: 00
# [Stimulus] Packet is sent to Driver
# [Driver] Data is sent to DUT
# [Monitor] Data is sent to Scoreboard
# [Base] Write finished! Write Random Data e0 at Address 02
# [Scoreboard] Get packet from Monitor: Address: 02, Data: 00
# [Stimulus] Packet is sent to Driver
#   1
# [Driver] Data is sent to DUT
# [Monitor] Data is sent to Scoreboard
# [base] Write finished! Write data 06 at Address 00
# [Scoreboard] Get packet from Monitor: Address: 00, Data: 00
# [Stimulus] Packet is sent to Driver
#   0
# [Driver] Data is sent to DUT
# [Monitor] Data is sent to Scoreboard
# [base] Write finished! Write data 03 at Address 00
# [Scoreboard] Get packet from Monitor: Address: 00, Data: 00
# 
# ===== t=451650000 PASSED SUCCESSFULLY !!! Expected timing is 1120000, Actual timing is 1139999 =====
# 
# [Stimulus] Packet is sent to Driver
# [Driver] Data is sent to DUT
# [Monitor] Data is sent to Scoreboard
# [base] Write finished! Write data 02 at Address 03
# [Scoreboard] Get packet from Monitor: Address: 03, Data: 00
# [Stimulus] Packet is sent to Driver
# [Driver] Data is sent to DUT
# [Monitor] Data is sent to Scoreboard
# [Base] Write finished! Write Random Data b1 at Address 02
# [Scoreboard] Get packet from Monitor: Address: 02, Data: 00
# [Stimulus] Packet is sent to Driver
#   1
# [Driver] Data is sent to DUT
# [Monitor] Data is sent to Scoreboard
# [base] Write finished! Write data 06 at Address 00
# [Scoreboard] Get packet from Monitor: Address: 00, Data: 00
# [Stimulus] Packet is sent to Driver
#   0
# [Driver] Data is sent to DUT
# [Monitor] Data is sent to Scoreboard
# [base] Write finished! Write data 03 at Address 00
# [Scoreboard] Get packet from Monitor: Address: 00, Data: 00
# 
# ===== t=452830000 PASSED SUCCESSFULLY !!! Expected timing is 885000, Actual timing is 899999 =====
# 
# [Stimulus] Packet is sent to Driver
# [Driver] Data is sent to DUT
# [Monitor] Data is sent to Scoreboard
# [base] Write finished! Write data 02 at Address 03
# [Scoreboard] Get packet from Monitor: Address: 03, Data: 00
# [Stimulus] Packet is sent to Driver
# [Driver] Data is sent to DUT
# [Monitor] Data is sent to Scoreboard
# [Base] Write finished! Write Random Data 81 at Address 02
# [Scoreboard] Get packet from Monitor: Address: 02, Data: 00
# [Stimulus] Packet is sent to Driver
#   1
# [Driver] Data is sent to DUT
# [Monitor] Data is sent to Scoreboard
# [base] Write finished! Write data 06 at Address 00
# [Scoreboard] Get packet from Monitor: Address: 00, Data: 00
# [Stimulus] Packet is sent to Driver
#   0
# [Driver] Data is sent to DUT
# [Monitor] Data is sent to Scoreboard
# [base] Write finished! Write data 03 at Address 00
# [Scoreboard] Get packet from Monitor: Address: 00, Data: 00
# 
# ===== t=453770000 PASSED SUCCESSFULLY !!! Expected timing is 645000, Actual timing is 659999 =====
# 
# [Stimulus] Packet is sent to Driver
# [Driver] Data is sent to DUT
# [Monitor] Data is sent to Scoreboard
# [base] Write finished! Write data 02 at Address 03
# [Scoreboard] Get packet from Monitor: Address: 03, Data: 00
# [Stimulus] Packet is sent to Driver
# [Driver] Data is sent to DUT
# [Monitor] Data is sent to Scoreboard
# [Base] Write finished! Write Random Data ea at Address 02
# [Scoreboard] Get packet from Monitor: Address: 02, Data: 00
# [Stimulus] Packet is sent to Driver
#   1
# [Driver] Data is sent to DUT
# [Monitor] Data is sent to Scoreboard
# [base] Write finished! Write data 06 at Address 00
# [Scoreboard] Get packet from Monitor: Address: 00, Data: 00
# [Stimulus] Packet is sent to Driver
#   0
# [Driver] Data is sent to DUT
# [Monitor] Data is sent to Scoreboard
# [base] Write finished! Write data 03 at Address 00
# [Scoreboard] Get packet from Monitor: Address: 00, Data: 00
# 
# ===== t=455230000 PASSED SUCCESSFULLY !!! Expected timing is 1170000, Actual timing is 1179999 =====
# 
# [Stimulus] Packet is sent to Driver
# [Driver] Data is sent to DUT
# [Monitor] Data is sent to Scoreboard
# [base] Write finished! Write data 02 at Address 03
# [Scoreboard] Get packet from Monitor: Address: 03, Data: 00
# [Stimulus] Packet is sent to Driver
# [Driver] Data is sent to DUT
# [Monitor] Data is sent to Scoreboard
# [Base] Write finished! Write Random Data 31 at Address 02
# [Scoreboard] Get packet from Monitor: Address: 02, Data: 00
# [Stimulus] Packet is sent to Driver
#   1
# [Driver] Data is sent to DUT
# [Monitor] Data is sent to Scoreboard
# [base] Write finished! Write data 06 at Address 00
# [Scoreboard] Get packet from Monitor: Address: 00, Data: 00
# [Stimulus] Packet is sent to Driver
#   0
# [Driver] Data is sent to DUT
# [Monitor] Data is sent to Scoreboard
# [base] Write finished! Write data 03 at Address 00
# [Scoreboard] Get packet from Monitor: Address: 00, Data: 00
# 
# ===== t=455770000 PASSED SUCCESSFULLY !!! Expected timing is 245000, Actual timing is 259999 =====
# 
# [Stimulus] Packet is sent to Driver
# [Driver] Data is sent to DUT
# [Monitor] Data is sent to Scoreboard
# [base] Write finished! Write data 02 at Address 03
# [Scoreboard] Get packet from Monitor: Address: 03, Data: 00
# [Stimulus] Packet is sent to Driver
# [Driver] Data is sent to DUT
# [Monitor] Data is sent to Scoreboard
# [Base] Write finished! Write Random Data b2 at Address 02
# [Scoreboard] Get packet from Monitor: Address: 02, Data: 00
# [Stimulus] Packet is sent to Driver
#   1
# [Driver] Data is sent to DUT
# [Monitor] Data is sent to Scoreboard
# [base] Write finished! Write data 06 at Address 00
# [Scoreboard] Get packet from Monitor: Address: 00, Data: 00
# [Stimulus] Packet is sent to Driver
#   0
# [Driver] Data is sent to DUT
# [Monitor] Data is sent to Scoreboard
# [base] Write finished! Write data 03 at Address 00
# [Scoreboard] Get packet from Monitor: Address: 00, Data: 00
# 
# ===== t=456950000 PASSED SUCCESSFULLY !!! Expected timing is 890000, Actual timing is 899999 =====
# 
# [Stimulus] Packet is sent to Driver
# [Driver] Data is sent to DUT
# [Monitor] Data is sent to Scoreboard
# [base] Write finished! Write data 02 at Address 03
# [Scoreboard] Get packet from Monitor: Address: 03, Data: 00
# [Stimulus] Packet is sent to Driver
# [Driver] Data is sent to DUT
# [Monitor] Data is sent to Scoreboard
# [Base] Write finished! Write Random Data 80 at Address 02
# [Scoreboard] Get packet from Monitor: Address: 02, Data: 00
# [Stimulus] Packet is sent to Driver
#   1
# [Driver] Data is sent to DUT
# [Monitor] Data is sent to Scoreboard
# [base] Write finished! Write data 06 at Address 00
# [Scoreboard] Get packet from Monitor: Address: 00, Data: 00
# [Stimulus] Packet is sent to Driver
#   0
# [Driver] Data is sent to DUT
# [Monitor] Data is sent to Scoreboard
# [base] Write finished! Write data 03 at Address 00
# [Scoreboard] Get packet from Monitor: Address: 00, Data: 00
# 
# ===== t=457890000 PASSED SUCCESSFULLY !!! Expected timing is 640000, Actual timing is 659999 =====
# 
# [Stimulus] Packet is sent to Driver
# [Driver] Data is sent to DUT
# [Monitor] Data is sent to Scoreboard
# [base] Write finished! Write data 02 at Address 03
# [Scoreboard] Get packet from Monitor: Address: 03, Data: 00
# [Stimulus] Packet is sent to Driver
# [Driver] Data is sent to DUT
# [Monitor] Data is sent to Scoreboard
# [Base] Write finished! Write Random Data e4 at Address 02
# [Scoreboard] Get packet from Monitor: Address: 02, Data: 00
# [Stimulus] Packet is sent to Driver
#   1
# [Driver] Data is sent to DUT
# [Monitor] Data is sent to Scoreboard
# [base] Write finished! Write data 06 at Address 00
# [Scoreboard] Get packet from Monitor: Address: 00, Data: 00
# [Stimulus] Packet is sent to Driver
#   0
# [Driver] Data is sent to DUT
# [Monitor] Data is sent to Scoreboard
# [base] Write finished! Write data 03 at Address 00
# [Scoreboard] Get packet from Monitor: Address: 00, Data: 00
# 
# ===== t=459330000 PASSED SUCCESSFULLY !!! Expected timing is 1140000, Actual timing is 1159999 =====
# 
# [Stimulus] Packet is sent to Driver
# [Driver] Data is sent to DUT
# [Monitor] Data is sent to Scoreboard
# [base] Write finished! Write data 02 at Address 03
# [Scoreboard] Get packet from Monitor: Address: 03, Data: 00
# [Stimulus] Packet is sent to Driver
# [Driver] Data is sent to DUT
# [Monitor] Data is sent to Scoreboard
# [Base] Write finished! Write Random Data ed at Address 02
# [Scoreboard] Get packet from Monitor: Address: 02, Data: 00
# [Stimulus] Packet is sent to Driver
#   1
# [Driver] Data is sent to DUT
# [Monitor] Data is sent to Scoreboard
# [base] Write finished! Write data 06 at Address 00
# [Scoreboard] Get packet from Monitor: Address: 00, Data: 00
# [Stimulus] Packet is sent to Driver
#   0
# [Driver] Data is sent to DUT
# [Monitor] Data is sent to Scoreboard
# [base] Write finished! Write data 03 at Address 00
# [Scoreboard] Get packet from Monitor: Address: 00, Data: 00
# 
# ===== t=460810000 PASSED SUCCESSFULLY !!! Expected timing is 1185000, Actual timing is 1199999 =====
# 
# [Stimulus] Packet is sent to Driver
# [Driver] Data is sent to DUT
# [Monitor] Data is sent to Scoreboard
# [base] Write finished! Write data 02 at Address 03
# [Scoreboard] Get packet from Monitor: Address: 03, Data: 00
# [Stimulus] Packet is sent to Driver
# [Driver] Data is sent to DUT
# [Monitor] Data is sent to Scoreboard
# [Base] Write finished! Write Random Data cf at Address 02
# [Scoreboard] Get packet from Monitor: Address: 02, Data: 00
# [Stimulus] Packet is sent to Driver
#   1
# [Driver] Data is sent to DUT
# [Monitor] Data is sent to Scoreboard
# [base] Write finished! Write data 06 at Address 00
# [Scoreboard] Get packet from Monitor: Address: 00, Data: 00
# [Stimulus] Packet is sent to Driver
#   0
# [Driver] Data is sent to DUT
# [Monitor] Data is sent to Scoreboard
# [base] Write finished! Write data 03 at Address 00
# [Scoreboard] Get packet from Monitor: Address: 00, Data: 00
# 
# ===== t=462150000 PASSED SUCCESSFULLY !!! Expected timing is 1035000, Actual timing is 1059999 =====
# 
# [Stimulus] Packet is sent to Driver
# [Driver] Data is sent to DUT
# [Monitor] Data is sent to Scoreboard
# [base] Write finished! Write data 02 at Address 03
# [Scoreboard] Get packet from Monitor: Address: 03, Data: 00
# [Stimulus] Packet is sent to Driver
# [Driver] Data is sent to DUT
# [Monitor] Data is sent to Scoreboard
# [Base] Write finished! Write Random Data 8e at Address 02
# [Scoreboard] Get packet from Monitor: Address: 02, Data: 00
# [Stimulus] Packet is sent to Driver
#   1
# [Driver] Data is sent to DUT
# [Monitor] Data is sent to Scoreboard
# [base] Write finished! Write data 06 at Address 00
# [Scoreboard] Get packet from Monitor: Address: 00, Data: 00
# [Stimulus] Packet is sent to Driver
#   0
# [Driver] Data is sent to DUT
# [Monitor] Data is sent to Scoreboard
# [base] Write finished! Write data 03 at Address 00
# [Scoreboard] Get packet from Monitor: Address: 00, Data: 00
# 
# ===== t=463150000 PASSED SUCCESSFULLY !!! Expected timing is 710000, Actual timing is 719999 =====
# 
# [Stimulus] Packet is sent to Driver
# [Driver] Data is sent to DUT
# [Monitor] Data is sent to Scoreboard
# [base] Write finished! Write data 02 at Address 03
# [Scoreboard] Get packet from Monitor: Address: 03, Data: 00
# [Stimulus] Packet is sent to Driver
# [Driver] Data is sent to DUT
# [Monitor] Data is sent to Scoreboard
# [Base] Write finished! Write Random Data a7 at Address 02
# [Scoreboard] Get packet from Monitor: Address: 02, Data: 00
# [Stimulus] Packet is sent to Driver
#   1
# [Driver] Data is sent to DUT
# [Monitor] Data is sent to Scoreboard
# [base] Write finished! Write data 06 at Address 00
# [Scoreboard] Get packet from Monitor: Address: 00, Data: 00
# [Stimulus] Packet is sent to Driver
#   0
# [Driver] Data is sent to DUT
# [Monitor] Data is sent to Scoreboard
# [base] Write finished! Write data 03 at Address 00
# [Scoreboard] Get packet from Monitor: Address: 00, Data: 00
# 
# ===== t=464290000 PASSED SUCCESSFULLY !!! Expected timing is 835000, Actual timing is 859999 =====
# 
# [Stimulus] Packet is sent to Driver
# [Driver] Data is sent to DUT
# [Monitor] Data is sent to Scoreboard
# [base] Write finished! Write data 02 at Address 03
# [Scoreboard] Get packet from Monitor: Address: 03, Data: 00
# [Stimulus] Packet is sent to Driver
# [Driver] Data is sent to DUT
# [Monitor] Data is sent to Scoreboard
# [Base] Write finished! Write Random Data 28 at Address 02
# [Scoreboard] Get packet from Monitor: Address: 02, Data: 00
# [Stimulus] Packet is sent to Driver
#   1
# [Driver] Data is sent to DUT
# [Monitor] Data is sent to Scoreboard
# [base] Write finished! Write data 06 at Address 00
# [Scoreboard] Get packet from Monitor: Address: 00, Data: 00
# [Stimulus] Packet is sent to Driver
#   0
# [Driver] Data is sent to DUT
# [Monitor] Data is sent to Scoreboard
# [base] Write finished! Write data 03 at Address 00
# [Scoreboard] Get packet from Monitor: Address: 00, Data: 00
# 
# ===== t=464790000 PASSED SUCCESSFULLY !!! Expected timing is 200000, Actual timing is 219999 =====
# 
# [Stimulus] Packet is sent to Driver
# [Driver] Data is sent to DUT
# [Monitor] Data is sent to Scoreboard
# [base] Write finished! Write data 02 at Address 03
# [Scoreboard] Get packet from Monitor: Address: 03, Data: 00
# [Stimulus] Packet is sent to Driver
# [Driver] Data is sent to DUT
# [Monitor] Data is sent to Scoreboard
# [Base] Write finished! Write Random Data 6f at Address 02
# [Scoreboard] Get packet from Monitor: Address: 02, Data: 00
# [Stimulus] Packet is sent to Driver
#   1
# [Driver] Data is sent to DUT
# [Monitor] Data is sent to Scoreboard
# [base] Write finished! Write data 06 at Address 00
# [Scoreboard] Get packet from Monitor: Address: 00, Data: 00
# [Stimulus] Packet is sent to Driver
#   0
# [Driver] Data is sent to DUT
# [Monitor] Data is sent to Scoreboard
# [base] Write finished! Write data 03 at Address 00
# [Scoreboard] Get packet from Monitor: Address: 00, Data: 00
# 
# ===== t=465650000 PASSED SUCCESSFULLY !!! Expected timing is 555000, Actual timing is 579999 =====
# 
# [Stimulus] Packet is sent to Driver
# [Driver] Data is sent to DUT
# [Monitor] Data is sent to Scoreboard
# [base] Write finished! Write data 02 at Address 03
# [Scoreboard] Get packet from Monitor: Address: 03, Data: 00
# [Stimulus] Packet is sent to Driver
# [Driver] Data is sent to DUT
# [Monitor] Data is sent to Scoreboard
# [Base] Write finished! Write Random Data 6e at Address 02
# [Scoreboard] Get packet from Monitor: Address: 02, Data: 00
# [Stimulus] Packet is sent to Driver
#   1
# [Driver] Data is sent to DUT
# [Monitor] Data is sent to Scoreboard
# [base] Write finished! Write data 06 at Address 00
# [Scoreboard] Get packet from Monitor: Address: 00, Data: 00
# [Stimulus] Packet is sent to Driver
#   0
# [Driver] Data is sent to DUT
# [Monitor] Data is sent to Scoreboard
# [base] Write finished! Write data 03 at Address 00
# [Scoreboard] Get packet from Monitor: Address: 00, Data: 00
# 
# ===== t=466490000 PASSED SUCCESSFULLY !!! Expected timing is 550000, Actual timing is 559999 =====
# 
# [Stimulus] Packet is sent to Driver
# [Driver] Data is sent to DUT
# [Monitor] Data is sent to Scoreboard
# [base] Write finished! Write data 02 at Address 03
# [Scoreboard] Get packet from Monitor: Address: 03, Data: 00
# [Stimulus] Packet is sent to Driver
# [Driver] Data is sent to DUT
# [Monitor] Data is sent to Scoreboard
# [Base] Write finished! Write Random Data e4 at Address 02
# [Scoreboard] Get packet from Monitor: Address: 02, Data: 00
# [Stimulus] Packet is sent to Driver
#   1
# [Driver] Data is sent to DUT
# [Monitor] Data is sent to Scoreboard
# [base] Write finished! Write data 06 at Address 00
# [Scoreboard] Get packet from Monitor: Address: 00, Data: 00
# [Stimulus] Packet is sent to Driver
#   0
# [Driver] Data is sent to DUT
# [Monitor] Data is sent to Scoreboard
# [base] Write finished! Write data 03 at Address 00
# [Scoreboard] Get packet from Monitor: Address: 00, Data: 00
# 
# ===== t=467930000 PASSED SUCCESSFULLY !!! Expected timing is 1140000, Actual timing is 1159999 =====
# 
# [Stimulus] Packet is sent to Driver
# [Driver] Data is sent to DUT
# [Monitor] Data is sent to Scoreboard
# [base] Write finished! Write data 02 at Address 03
# [Scoreboard] Get packet from Monitor: Address: 03, Data: 00
# [Stimulus] Packet is sent to Driver
# [Driver] Data is sent to DUT
# [Monitor] Data is sent to Scoreboard
# [Base] Write finished! Write Random Data 0c at Address 02
# [Scoreboard] Get packet from Monitor: Address: 02, Data: 00
# [Stimulus] Packet is sent to Driver
#   1
# [Driver] Data is sent to DUT
# [Monitor] Data is sent to Scoreboard
# [base] Write finished! Write data 06 at Address 00
# [Scoreboard] Get packet from Monitor: Address: 00, Data: 00
# [Stimulus] Packet is sent to Driver
#   0
# [Driver] Data is sent to DUT
# [Monitor] Data is sent to Scoreboard
# [base] Write finished! Write data 03 at Address 00
# [Scoreboard] Get packet from Monitor: Address: 00, Data: 00
# 
# ===== t=468290000 PASSED SUCCESSFULLY !!! Expected timing is 60000, Actual timing is 79999 =====
# 
# [Stimulus] Packet is sent to Driver
# [Driver] Data is sent to DUT
# [Monitor] Data is sent to Scoreboard
# [base] Write finished! Write data 02 at Address 03
# [Scoreboard] Get packet from Monitor: Address: 03, Data: 00
# [Stimulus] Packet is sent to Driver
# [Driver] Data is sent to DUT
# [Monitor] Data is sent to Scoreboard
# [Base] Write finished! Write Random Data bd at Address 02
# [Scoreboard] Get packet from Monitor: Address: 02, Data: 00
# [Stimulus] Packet is sent to Driver
#   1
# [Driver] Data is sent to DUT
# [Monitor] Data is sent to Scoreboard
# [base] Write finished! Write data 06 at Address 00
# [Scoreboard] Get packet from Monitor: Address: 00, Data: 00
# [Stimulus] Packet is sent to Driver
#   0
# [Driver] Data is sent to DUT
# [Monitor] Data is sent to Scoreboard
# [base] Write finished! Write data 03 at Address 00
# [Scoreboard] Get packet from Monitor: Address: 00, Data: 00
# 
# ===== t=469530000 PASSED SUCCESSFULLY !!! Expected timing is 945000, Actual timing is 959999 =====
# 
# [Stimulus] Packet is sent to Driver
# [Driver] Data is sent to DUT
# [Monitor] Data is sent to Scoreboard
# [base] Write finished! Write data 02 at Address 03
# [Scoreboard] Get packet from Monitor: Address: 03, Data: 00
# [Stimulus] Packet is sent to Driver
# [Driver] Data is sent to DUT
# [Monitor] Data is sent to Scoreboard
# [Base] Write finished! Write Random Data 3e at Address 02
# [Scoreboard] Get packet from Monitor: Address: 02, Data: 00
# [Stimulus] Packet is sent to Driver
#   1
# [Driver] Data is sent to DUT
# [Monitor] Data is sent to Scoreboard
# [base] Write finished! Write data 06 at Address 00
# [Scoreboard] Get packet from Monitor: Address: 00, Data: 00
# [Stimulus] Packet is sent to Driver
#   0
# [Driver] Data is sent to DUT
# [Monitor] Data is sent to Scoreboard
# [base] Write finished! Write data 03 at Address 00
# [Scoreboard] Get packet from Monitor: Address: 00, Data: 00
# 
# ===== t=470130000 PASSED SUCCESSFULLY !!! Expected timing is 310000, Actual timing is 319999 =====
# 
# [Stimulus] Packet is sent to Driver
# [Driver] Data is sent to DUT
# [Monitor] Data is sent to Scoreboard
# [base] Write finished! Write data 02 at Address 03
# [Scoreboard] Get packet from Monitor: Address: 03, Data: 00
# [Stimulus] Packet is sent to Driver
# [Driver] Data is sent to DUT
# [Monitor] Data is sent to Scoreboard
# [Base] Write finished! Write Random Data d8 at Address 02
# [Scoreboard] Get packet from Monitor: Address: 02, Data: 00
# [Stimulus] Packet is sent to Driver
#   1
# [Driver] Data is sent to DUT
# [Monitor] Data is sent to Scoreboard
# [base] Write finished! Write data 06 at Address 00
# [Scoreboard] Get packet from Monitor: Address: 00, Data: 00
# [Stimulus] Packet is sent to Driver
#   0
# [Driver] Data is sent to DUT
# [Monitor] Data is sent to Scoreboard
# [base] Write finished! Write data 03 at Address 00
# [Scoreboard] Get packet from Monitor: Address: 00, Data: 00
# 
# ===== t=471510000 PASSED SUCCESSFULLY !!! Expected timing is 1080000, Actual timing is 1099999 =====
# 
# [Stimulus] Packet is sent to Driver
# [Driver] Data is sent to DUT
# [Monitor] Data is sent to Scoreboard
# [base] Write finished! Write data 02 at Address 03
# [Scoreboard] Get packet from Monitor: Address: 03, Data: 00
# [Stimulus] Packet is sent to Driver
# [Driver] Data is sent to DUT
# [Monitor] Data is sent to Scoreboard
# [Base] Write finished! Write Random Data 18 at Address 02
# [Scoreboard] Get packet from Monitor: Address: 02, Data: 00
# [Stimulus] Packet is sent to Driver
#   1
# [Driver] Data is sent to DUT
# [Monitor] Data is sent to Scoreboard
# [base] Write finished! Write data 06 at Address 00
# [Scoreboard] Get packet from Monitor: Address: 00, Data: 00
# [Stimulus] Packet is sent to Driver
#   0
# [Driver] Data is sent to DUT
# [Monitor] Data is sent to Scoreboard
# [base] Write finished! Write data 03 at Address 00
# [Scoreboard] Get packet from Monitor: Address: 00, Data: 00
# 
# ===== t=471930000 PASSED SUCCESSFULLY !!! Expected timing is 120000, Actual timing is 139999 =====
# 
# [Base] End simulation
# ** Note: $finish    : ../testcase/base_test.sv(209)
#    Time: 472930 ns  Iteration: 0  Instance: /testbench
# Saving coverage database on exit...
# End time: 08:27:48 on May 12,2026, Elapsed time: 0:00:03
# Errors: 0, Warnings: 0
