# vsim -sv_seed 1 -voptargs="+acc" -assertdebug -c testbench -do " log -r /*;run -all;" -l uart_rxd_interrupt_1.log "+UVM_TESTNAME=uart_rxd_interrupt" "+UVM_VERBOSITY=UVM_HIGH" 
# Start time: 12:30:39 on Aug 07,2026
# Loading /tmp/khaminh_3008@ictc-eda-ldap.ipa.test_dpi_3420/linux_x86_64_gcc-11/export_tramp.so
# ** Note: (vsim-3813) Design is being optimized due to module recompilation...
# ** Warning: ./../testcases/uart_txd_x16_parity.sv(20): (vopt-2240) Treating stand-alone use of function 'randomize' as an implicit VOID cast.
# ** Warning: ./../testcases/uart_txd_x16_data_frame.sv(20): (vopt-2240) Treating stand-alone use of function 'randomize' as an implicit VOID cast.
# ** Warning: ./../testcases/uart_txd_x16_stop_bit.sv(20): (vopt-2240) Treating stand-alone use of function 'randomize' as an implicit VOID cast.
# ** Warning: ./../testcases/uart_txd_x16_baud_rate.sv(22): (vopt-2240) Treating stand-alone use of function 'randomize' as an implicit VOID cast.
# ** Warning: ./../testcases/uart_txd_x16_random.sv(26): (vopt-2240) Treating stand-alone use of function 'randomize' as an implicit VOID cast.
# ** Warning: ./../testcases/uart_txd_x13_parity.sv(20): (vopt-2240) Treating stand-alone use of function 'randomize' as an implicit VOID cast.
# ** Warning: ./../testcases/uart_txd_x13_data_frame.sv(20): (vopt-2240) Treating stand-alone use of function 'randomize' as an implicit VOID cast.
# ** Warning: ./../testcases/uart_txd_x13_stop_bit.sv(20): (vopt-2240) Treating stand-alone use of function 'randomize' as an implicit VOID cast.
# ** Warning: ./../testcases/uart_txd_x13_baud_rate.sv(22): (vopt-2240) Treating stand-alone use of function 'randomize' as an implicit VOID cast.
# ** Warning: ./../testcases/uart_txd_x13_random.sv(26): (vopt-2240) Treating stand-alone use of function 'randomize' as an implicit VOID cast.
# ** Warning: ./../testcases/uart_rxd_random.sv(30): (vopt-2240) Treating stand-alone use of function 'randomize' as an implicit VOID cast.
# ** Warning: ./../testcases/uart_rxd_parity_status.sv(30): (vopt-2240) Treating stand-alone use of function 'randomize' as an implicit VOID cast.
# ** Warning: ./../testcases/uart_rxd_parity_status_clear.sv(30): (vopt-2240) Treating stand-alone use of function 'randomize' as an implicit VOID cast.
# ** Warning: ./../testcases/uart_rxd_interrupt.sv(30): (vopt-2240) Treating stand-alone use of function 'randomize' as an implicit VOID cast.
# //  Questa Sim-64
# //  Version 10.6d_1 linux_x86_64 Apr 11 2018
# //
# //  Copyright 1991-2018 Mentor Graphics Corporation
# //  All Rights Reserved.
# //
# //  QuestaSim and its associated documentation contain trade
# //  secrets and commercial or financial information that are the property of
# //  Mentor Graphics Corporation and are privileged, confidential,
# //  and exempt from disclosure under the Freedom of Information Act,
# //  5 U.S.C. Section 552. Furthermore, this information
# //  is prohibited from disclosure under the Trade Secrets Act,
# //  18 U.S.C. Section 1905.
# //
# Loading sv_std.std
# Loading work.uart_if(fast)
# Loading work.ahb_if(fast)
# Loading work.uvm_pkg(fast)
# Loading work.uart_register_pkg(fast)
# ** Note: (vsim-8785) UVM-aware debugging capabilities will be disabled since no compiled "questa_uvm_pkg" can be found.
# This also means that later if you turn on UVM-aware debugging your debug simulations may have
# different random seeds from your non-debug simulations.
# Loading work.ahb_pkg(fast)
# Loading work.uart_regmodel_pkg(fast)
# Loading work.uart_pkg(fast)
# Loading work.seq_pkg(fast)
# Loading work.env_pkg(fast)
# Loading work.test_pkg(fast)
# Loading work.testbench(fast)
# Loading work.ahb_if(fast)
# Loading work.uart_if(fast)
# Loading work.uart_top(fast)
# Loading work.cmsdk_ahb_to_apb(fast)
# Loading work.apb_decoder(fast)
# Loading work.uart_fifo(fast)
# Loading work.uart_transmitter(fast)
# Loading work.uart_receiver(fast)
# Loading work.uart_interrupt(fast)
# Loading work.baud_generator(fast)
# Compiling /tmp/khaminh_3008@ictc-eda-ldap.ipa.test_dpi_3420/linux_x86_64_gcc-5.3.0/exportwrapper.c
# Compiling /tmp/khaminh_3008@ictc-eda-ldap.ipa.test_dpi_3420/linux_x86_64_gcc-11/exportwrapper.c
# Loading /tmp/khaminh_3008@ictc-eda-ldap.ipa.test_dpi_3420/linux_x86_64_gcc-11/vsim_auto_compile.so
#  log -r /*
# run -all
# UVM_INFO /ictc/other/tools/QuestaDVA/questasim/verilog_src/uvm-1.2/src/base/uvm_root.svh(392) @ 0: reporter [UVM/RELNOTES] 
# ----------------------------------------------------------------
# UVM-1.2
# (C) 2007-2014 Mentor Graphics Corporation
# (C) 2007-2014 Cadence Design Systems, Inc.
# (C) 2006-2014 Synopsys, Inc.
# (C) 2011-2013 Cypress Semiconductor Corp.
# (C) 2013-2014 NVIDIA Corporation
# ----------------------------------------------------------------
# 
#   ***********       IMPORTANT RELEASE NOTES         ************
# 
#   You are using a version of the UVM library that has been compiled
#   with `UVM_NO_DEPRECATED undefined.
#   See http://www.eda.org/svdb/view.php?id=3313 for more details.
# 
#   You are using a version of the UVM library that has been compiled
#   with `UVM_OBJECT_DO_NOT_NEED_CONSTRUCTOR undefined.
#   See http://www.eda.org/svdb/view.php?id=3770 for more details.
# 
#       (Specify +UVM_NO_RELNOTES to turn off this notice)
# 
# UVM_INFO /ictc/other/tools/QuestaDVA/questasim/verilog_src/uvm-1.2/src/base/uvm_root.svh(453) @ 0: reporter [NO_DPI_TSTNAME] UVM_NO_DPI defined--getting UVM_TESTNAME directly, without DPI
# UVM_INFO @ 0: reporter [RNTST] Running test uart_rxd_interrupt...
# UVM_INFO ./../vip/ahb_vip/ahb_agent.sv(20) @ 0: uvm_test_top.env.ahb_agt [ahb_agent] Active agent is configued
# ENTER SCOREBOARD BUILD PHASE
# UVM_INFO ./../vip/uart_vip/uart_agent.sv(25) @ 0: uvm_test_top.env.uart_agt [uart_agent] Active agent is configured
# UVM_INFO /ictc/other/tools/QuestaDVA/questasim/verilog_src/uvm-1.2/src/base/uvm_root.svh(579) @ 0: reporter [UVMTOP] UVM testbench topology:
# ----------------------------------------------------------------------------
# Name                       Type                                  Size  Value
# ----------------------------------------------------------------------------
# uvm_test_top               uart_rxd_interrupt                    -     @347 
#   env                      dut_environment                       -     @371 
#     ahb_agt                ahb_agent                             -     @392 
#       driver               ahb_driver                            -     @499 
#         rsp_port           uvm_analysis_port                     -     @518 
#         seq_item_port      uvm_seq_item_pull_port                -     @508 
#       monitor              ahb_monitor                           -     @665 
#         a_port             uvm_analysis_port                     -     @674 
#       sequencer            ahb_sequencer                         -     @528 
#         rsp_export         uvm_analysis_export                   -     @537 
#         seq_item_export    uvm_seq_item_pull_imp                 -     @655 
#         arbitration_queue  array                                 0     -    
#         lock_queue         array                                 0     -    
#         num_last_reqs      integral                              32    'd1  
#         num_last_rsps      integral                              32    'd1  
#     ahb_predictor          uvm_reg_predictor #(ahb_transaction)  -     @410 
#       bus_in               uvm_analysis_imp                      -     @419 
#       reg_ap               uvm_analysis_port                     -     @429 
#     dut_sb                 dut_scoreboard                        -     @383 
#       ahb_a_export         uvm_analysis_imp_ahb                  -     @694 
#       interrupt_a_export   uvm_analysis_imp_interrupt            -     @714 
#       uart_a_export        uvm_analysis_imp_uart                 -     @704 
#     uart_agt               uart_agent                            -     @401 
#       driver               uart_driver                           -     @730 
#         rsp_port           uvm_analysis_port                     -     @749 
#         seq_item_port      uvm_seq_item_pull_port                -     @739 
#         uart_a_port        uvm_analysis_port                     -     @759 
#       monitor              uart_monitor                          -     @769 
#         interrupt_a_port   uvm_analysis_port                     -     @788 
#         uart_a_port        uvm_analysis_port                     -     @778 
#       sequencer            uart_sequencer                        -     @798 
#         rsp_export         uvm_analysis_export                   -     @807 
#         seq_item_export    uvm_seq_item_pull_imp                 -     @925 
#         arbitration_queue  array                                 0     -    
#         lock_queue         array                                 0     -    
#         num_last_reqs      integral                              32    'd1  
#         num_last_rsps      integral                              32    'd1  
# ----------------------------------------------------------------------------
# 
# UVM_INFO /ictc/other/tools/QuestaDVA/questasim/verilog_src/uvm-1.2/src/base/uvm_traversal.svh(279) @ 0: reporter [UVM/COMP/NAMECHECK] This implementation of the component name checks requires DPI to be enabled
# UVM_INFO ./../testcases/uart_rxd_interrupt.sv(40) @ 0: uvm_test_top [uart_rxd_interrupt] --------------------------------------------------------------
# Name                Type                Size  Value           
# --------------------------------------------------------------
# cfg                 uart_configuration  -     @360            
#   parity_mode       parity_mode_e       32    UART_PARITY_NONE
#   sampling          sampling_mode_e     32    MODE_X16        
#   data_width        integral            32    'h5             
#   num_of_stop_bit   integral            32    'h1             
#   baud_rate         integral            32    'h960           
#   baud_rate_enable  integral            1     'h0             
#   parity_enable     integral            1     'h0             
#   interrupt_enable  integral            1     'h0             
# --------------------------------------------------------------
# 
# UVM_INFO ./../regmodel/uart_reg2ahb_adapter.sv(42) @ 0: reporter [uart_reg2ahb_adapter] bus2reg: address = 0x0 data = 0x0 kind = UVM_WRITE status = UVM_IS_OK
# UVM_INFO /ictc/other/tools/QuestaDVA/questasim/verilog_src/uvm-1.2/src/reg/uvm_reg_predictor.svh(221) @ 0: uvm_test_top.env.ahb_predictor [REG_PREDICT] Observed WRITE transaction to register regmodel.MDR: value='h0 : updated value = 'h0
# UVM_INFO ./../regmodel/uart_reg2ahb_adapter.sv(42) @ 0: reporter [uart_reg2ahb_adapter] bus2reg: address = 0x4 data = 0x2c kind = UVM_WRITE status = UVM_IS_OK
# UVM_INFO /ictc/other/tools/QuestaDVA/questasim/verilog_src/uvm-1.2/src/reg/uvm_reg_predictor.svh(221) @ 0: uvm_test_top.env.ahb_predictor [REG_PREDICT] Observed WRITE transaction to register regmodel.DLL: value='h2c : updated value = 'h2c
# UVM_INFO ./../regmodel/uart_reg2ahb_adapter.sv(42) @ 0: reporter [uart_reg2ahb_adapter] bus2reg: address = 0x8 data = 0xa kind = UVM_WRITE status = UVM_IS_OK
# UVM_INFO /ictc/other/tools/QuestaDVA/questasim/verilog_src/uvm-1.2/src/reg/uvm_reg_predictor.svh(221) @ 0: uvm_test_top.env.ahb_predictor [REG_PREDICT] Observed WRITE transaction to register regmodel.DLH: value='ha : updated value = 'ha
# UVM_INFO ./../regmodel/uart_reg2ahb_adapter.sv(42) @ 0: reporter [uart_reg2ahb_adapter] bus2reg: address = 0xc data = 0x20 kind = UVM_WRITE status = UVM_IS_OK
# UVM_INFO /ictc/other/tools/QuestaDVA/questasim/verilog_src/uvm-1.2/src/reg/uvm_reg_predictor.svh(221) @ 0: uvm_test_top.env.ahb_predictor [REG_PREDICT] Observed WRITE transaction to register regmodel.LCR: value='h20 : updated value = 'h20
# UVM_INFO ./../regmodel/uart_reg2ahb_adapter.sv(42) @ 1000: reporter [uart_reg2ahb_adapter] bus2reg: address = 0x10 data = 0x8 kind = UVM_WRITE status = UVM_IS_OK
# UVM_INFO /ictc/other/tools/QuestaDVA/questasim/verilog_src/uvm-1.2/src/reg/uvm_reg_predictor.svh(221) @ 1000: uvm_test_top.env.ahb_predictor [REG_PREDICT] Observed WRITE transaction to register regmodel.IER: value='h8 : updated value = 'h8
# ===== Received Data from IER =====
# UVM_INFO ./../tb/dut_scoreboard.sv(162) @ 1000: uvm_test_top.env.dut_sb [dut_scoreboard] ===== Interrupt is asserted =====
# UVM_INFO ./../regmodel/uart_reg2ahb_adapter.sv(42) @ 1000: reporter [uart_reg2ahb_adapter] bus2reg: address = 0x14 data = 0xa kind = UVM_READ status = UVM_IS_OK
# UVM_INFO /ictc/other/tools/QuestaDVA/questasim/verilog_src/uvm-1.2/src/reg/uvm_reg_predictor.svh(225) @ 1000: uvm_test_top.env.ahb_predictor [REG_PREDICT] Observed READ transaction to register regmodel.FSR: value='ha
# UVM_INFO ./../tb/dut_scoreboard.sv(171) @ 5833000: uvm_test_top.env.dut_sb [dut_scoreboard] ===== PASSED SUCCESSFULLY!!! =====
# UVM_INFO ./../regmodel/uart_reg2ahb_adapter.sv(42) @ 5842000: reporter [uart_reg2ahb_adapter] bus2reg: address = 0x14 data = 0x2 kind = UVM_READ status = UVM_IS_OK
# UVM_INFO /ictc/other/tools/QuestaDVA/questasim/verilog_src/uvm-1.2/src/reg/uvm_reg_predictor.svh(225) @ 5842000: uvm_test_top.env.ahb_predictor [REG_PREDICT] Observed READ transaction to register regmodel.FSR: value='h2
# UVM_INFO ./../testcases/uart_rxd_interrupt.sv(40) @ 15852000: uvm_test_top [uart_rxd_interrupt] --------------------------------------------------------------
# Name                Type                Size  Value           
# --------------------------------------------------------------
# cfg                 uart_configuration  -     @360            
#   parity_mode       parity_mode_e       32    UART_PARITY_NONE
#   sampling          sampling_mode_e     32    MODE_X13        
#   data_width        integral            32    'h5             
#   num_of_stop_bit   integral            32    'h1             
#   baud_rate         integral            32    'h960           
#   baud_rate_enable  integral            1     'h0             
#   parity_enable     integral            1     'h0             
#   interrupt_enable  integral            1     'h0             
# --------------------------------------------------------------
# 
# UVM_INFO ./../regmodel/uart_reg2ahb_adapter.sv(42) @ 15852000: reporter [uart_reg2ahb_adapter] bus2reg: address = 0x0 data = 0x1 kind = UVM_WRITE status = UVM_IS_OK
# UVM_INFO /ictc/other/tools/QuestaDVA/questasim/verilog_src/uvm-1.2/src/reg/uvm_reg_predictor.svh(221) @ 15852000: uvm_test_top.env.ahb_predictor [REG_PREDICT] Observed WRITE transaction to register regmodel.MDR: value='h1 : updated value = 'h1
# UVM_INFO ./../regmodel/uart_reg2ahb_adapter.sv(42) @ 15852000: reporter [uart_reg2ahb_adapter] bus2reg: address = 0x4 data = 0x85 kind = UVM_WRITE status = UVM_IS_OK
# UVM_INFO /ictc/other/tools/QuestaDVA/questasim/verilog_src/uvm-1.2/src/reg/uvm_reg_predictor.svh(221) @ 15852000: uvm_test_top.env.ahb_predictor [REG_PREDICT] Observed WRITE transaction to register regmodel.DLL: value='h85 : updated value = 'h85
# UVM_INFO ./../regmodel/uart_reg2ahb_adapter.sv(42) @ 15852000: reporter [uart_reg2ahb_adapter] bus2reg: address = 0x8 data = 0xc kind = UVM_WRITE status = UVM_IS_OK
# UVM_INFO /ictc/other/tools/QuestaDVA/questasim/verilog_src/uvm-1.2/src/reg/uvm_reg_predictor.svh(221) @ 15852000: uvm_test_top.env.ahb_predictor [REG_PREDICT] Observed WRITE transaction to register regmodel.DLH: value='hc : updated value = 'hc
# UVM_INFO ./../regmodel/uart_reg2ahb_adapter.sv(42) @ 15852000: reporter [uart_reg2ahb_adapter] bus2reg: address = 0xc data = 0x20 kind = UVM_WRITE status = UVM_IS_OK
# UVM_INFO /ictc/other/tools/QuestaDVA/questasim/verilog_src/uvm-1.2/src/reg/uvm_reg_predictor.svh(221) @ 15852000: uvm_test_top.env.ahb_predictor [REG_PREDICT] Observed WRITE transaction to register regmodel.LCR: value='h20 : updated value = 'h20
# UVM_INFO ./../regmodel/uart_reg2ahb_adapter.sv(42) @ 15852000: reporter [uart_reg2ahb_adapter] bus2reg: address = 0x10 data = 0x8 kind = UVM_WRITE status = UVM_IS_OK
# UVM_INFO /ictc/other/tools/QuestaDVA/questasim/verilog_src/uvm-1.2/src/reg/uvm_reg_predictor.svh(221) @ 15852000: uvm_test_top.env.ahb_predictor [REG_PREDICT] Observed WRITE transaction to register regmodel.IER: value='h8 : updated value = 'h8
# ===== Received Data from IER =====
# UVM_INFO ./../regmodel/uart_reg2ahb_adapter.sv(42) @ 15852000: reporter [uart_reg2ahb_adapter] bus2reg: address = 0x14 data = 0x2 kind = UVM_READ status = UVM_IS_OK
# UVM_INFO /ictc/other/tools/QuestaDVA/questasim/verilog_src/uvm-1.2/src/reg/uvm_reg_predictor.svh(225) @ 15852000: uvm_test_top.env.ahb_predictor [REG_PREDICT] Observed READ transaction to register regmodel.FSR: value='h2
# UVM_ERROR ./../sequences/ahb_rxd_rx_empty_sequence.sv(130) @ 15862000: uvm_test_top.env.ahb_agt.sequencer@@rx_empty [ahb_rxd_rx_empty_sequence] 
# ===== FAILED!!! RX_EMPTY_STATUS is not right =====
# UVM_INFO ./../regmodel/uart_reg2ahb_adapter.sv(42) @ 21693000: reporter [uart_reg2ahb_adapter] bus2reg: address = 0x14 data = 0x2 kind = UVM_READ status = UVM_IS_OK
# UVM_INFO /ictc/other/tools/QuestaDVA/questasim/verilog_src/uvm-1.2/src/reg/uvm_reg_predictor.svh(225) @ 21693000: uvm_test_top.env.ahb_predictor [REG_PREDICT] Observed READ transaction to register regmodel.FSR: value='h2
# UVM_INFO ./../testcases/uart_rxd_interrupt.sv(40) @ 31703000: uvm_test_top [uart_rxd_interrupt] --------------------------------------------------------------
# Name                Type                Size  Value           
# --------------------------------------------------------------
# cfg                 uart_configuration  -     @360            
#   parity_mode       parity_mode_e       32    UART_PARITY_NONE
#   sampling          sampling_mode_e     32    MODE_X16        
#   data_width        integral            32    'h5             
#   num_of_stop_bit   integral            32    'h1             
#   baud_rate         integral            32    'h12c0          
#   baud_rate_enable  integral            1     'h0             
#   parity_enable     integral            1     'h0             
#   interrupt_enable  integral            1     'h0             
# --------------------------------------------------------------
# 
# UVM_INFO ./../regmodel/uart_reg2ahb_adapter.sv(42) @ 31703000: reporter [uart_reg2ahb_adapter] bus2reg: address = 0x0 data = 0x0 kind = UVM_WRITE status = UVM_IS_OK
# UVM_INFO /ictc/other/tools/QuestaDVA/questasim/verilog_src/uvm-1.2/src/reg/uvm_reg_predictor.svh(221) @ 31703000: uvm_test_top.env.ahb_predictor [REG_PREDICT] Observed WRITE transaction to register regmodel.MDR: value='h0 : updated value = 'h0
# UVM_INFO ./../regmodel/uart_reg2ahb_adapter.sv(42) @ 31703000: reporter [uart_reg2ahb_adapter] bus2reg: address = 0x4 data = 0x16 kind = UVM_WRITE status = UVM_IS_OK
# UVM_INFO /ictc/other/tools/QuestaDVA/questasim/verilog_src/uvm-1.2/src/reg/uvm_reg_predictor.svh(221) @ 31703000: uvm_test_top.env.ahb_predictor [REG_PREDICT] Observed WRITE transaction to register regmodel.DLL: value='h16 : updated value = 'h16
# UVM_INFO ./../regmodel/uart_reg2ahb_adapter.sv(42) @ 31703000: reporter [uart_reg2ahb_adapter] bus2reg: address = 0x8 data = 0x5 kind = UVM_WRITE status = UVM_IS_OK
# UVM_INFO /ictc/other/tools/QuestaDVA/questasim/verilog_src/uvm-1.2/src/reg/uvm_reg_predictor.svh(221) @ 31703000: uvm_test_top.env.ahb_predictor [REG_PREDICT] Observed WRITE transaction to register regmodel.DLH: value='h5 : updated value = 'h5
# UVM_INFO ./../regmodel/uart_reg2ahb_adapter.sv(42) @ 31704000: reporter [uart_reg2ahb_adapter] bus2reg: address = 0xc data = 0x20 kind = UVM_WRITE status = UVM_IS_OK
# UVM_INFO /ictc/other/tools/QuestaDVA/questasim/verilog_src/uvm-1.2/src/reg/uvm_reg_predictor.svh(221) @ 31704000: uvm_test_top.env.ahb_predictor [REG_PREDICT] Observed WRITE transaction to register regmodel.LCR: value='h20 : updated value = 'h20
# UVM_INFO ./../regmodel/uart_reg2ahb_adapter.sv(42) @ 31704000: reporter [uart_reg2ahb_adapter] bus2reg: address = 0x10 data = 0x8 kind = UVM_WRITE status = UVM_IS_OK
# UVM_INFO /ictc/other/tools/QuestaDVA/questasim/verilog_src/uvm-1.2/src/reg/uvm_reg_predictor.svh(221) @ 31704000: uvm_test_top.env.ahb_predictor [REG_PREDICT] Observed WRITE transaction to register regmodel.IER: value='h8 : updated value = 'h8
# ===== Received Data from IER =====
# UVM_INFO ./../regmodel/uart_reg2ahb_adapter.sv(42) @ 31704000: reporter [uart_reg2ahb_adapter] bus2reg: address = 0x14 data = 0x2 kind = UVM_READ status = UVM_IS_OK
# UVM_INFO /ictc/other/tools/QuestaDVA/questasim/verilog_src/uvm-1.2/src/reg/uvm_reg_predictor.svh(225) @ 31704000: uvm_test_top.env.ahb_predictor [REG_PREDICT] Observed READ transaction to register regmodel.FSR: value='h2
# UVM_ERROR ./../sequences/ahb_rxd_rx_empty_sequence.sv(130) @ 31714000: uvm_test_top.env.ahb_agt.sequencer@@rx_empty [ahb_rxd_rx_empty_sequence] 
# ===== FAILED!!! RX_EMPTY_STATUS is not right =====
# UVM_INFO ./../regmodel/uart_reg2ahb_adapter.sv(42) @ 34633000: reporter [uart_reg2ahb_adapter] bus2reg: address = 0x14 data = 0x2 kind = UVM_READ status = UVM_IS_OK
# UVM_INFO /ictc/other/tools/QuestaDVA/questasim/verilog_src/uvm-1.2/src/reg/uvm_reg_predictor.svh(225) @ 34633000: uvm_test_top.env.ahb_predictor [REG_PREDICT] Observed READ transaction to register regmodel.FSR: value='h2
# UVM_INFO ./../testcases/uart_rxd_interrupt.sv(40) @ 44643000: uvm_test_top [uart_rxd_interrupt] --------------------------------------------------------------
# Name                Type                Size  Value           
# --------------------------------------------------------------
# cfg                 uart_configuration  -     @360            
#   parity_mode       parity_mode_e       32    UART_PARITY_NONE
#   sampling          sampling_mode_e     32    MODE_X13        
#   data_width        integral            32    'h5             
#   num_of_stop_bit   integral            32    'h1             
#   baud_rate         integral            32    'h12c0          
#   baud_rate_enable  integral            1     'h0             
#   parity_enable     integral            1     'h0             
#   interrupt_enable  integral            1     'h0             
# --------------------------------------------------------------
# 
# UVM_INFO ./../regmodel/uart_reg2ahb_adapter.sv(42) @ 44643000: reporter [uart_reg2ahb_adapter] bus2reg: address = 0x0 data = 0x1 kind = UVM_WRITE status = UVM_IS_OK
# UVM_INFO /ictc/other/tools/QuestaDVA/questasim/verilog_src/uvm-1.2/src/reg/uvm_reg_predictor.svh(221) @ 44643000: uvm_test_top.env.ahb_predictor [REG_PREDICT] Observed WRITE transaction to register regmodel.MDR: value='h1 : updated value = 'h1
# UVM_INFO ./../regmodel/uart_reg2ahb_adapter.sv(42) @ 44643000: reporter [uart_reg2ahb_adapter] bus2reg: address = 0x4 data = 0x42 kind = UVM_WRITE status = UVM_IS_OK
# UVM_INFO /ictc/other/tools/QuestaDVA/questasim/verilog_src/uvm-1.2/src/reg/uvm_reg_predictor.svh(221) @ 44643000: uvm_test_top.env.ahb_predictor [REG_PREDICT] Observed WRITE transaction to register regmodel.DLL: value='h42 : updated value = 'h42
# UVM_INFO ./../regmodel/uart_reg2ahb_adapter.sv(42) @ 44643000: reporter [uart_reg2ahb_adapter] bus2reg: address = 0x8 data = 0x6 kind = UVM_WRITE status = UVM_IS_OK
# UVM_INFO /ictc/other/tools/QuestaDVA/questasim/verilog_src/uvm-1.2/src/reg/uvm_reg_predictor.svh(221) @ 44643000: uvm_test_top.env.ahb_predictor [REG_PREDICT] Observed WRITE transaction to register regmodel.DLH: value='h6 : updated value = 'h6
# UVM_INFO ./../regmodel/uart_reg2ahb_adapter.sv(42) @ 44643000: reporter [uart_reg2ahb_adapter] bus2reg: address = 0xc data = 0x20 kind = UVM_WRITE status = UVM_IS_OK
# UVM_INFO /ictc/other/tools/QuestaDVA/questasim/verilog_src/uvm-1.2/src/reg/uvm_reg_predictor.svh(221) @ 44643000: uvm_test_top.env.ahb_predictor [REG_PREDICT] Observed WRITE transaction to register regmodel.LCR: value='h20 : updated value = 'h20
# UVM_INFO ./../regmodel/uart_reg2ahb_adapter.sv(42) @ 44643000: reporter [uart_reg2ahb_adapter] bus2reg: address = 0x10 data = 0x8 kind = UVM_WRITE status = UVM_IS_OK
# UVM_INFO /ictc/other/tools/QuestaDVA/questasim/verilog_src/uvm-1.2/src/reg/uvm_reg_predictor.svh(221) @ 44643000: uvm_test_top.env.ahb_predictor [REG_PREDICT] Observed WRITE transaction to register regmodel.IER: value='h8 : updated value = 'h8
# ===== Received Data from IER =====
# UVM_INFO ./../regmodel/uart_reg2ahb_adapter.sv(42) @ 44643000: reporter [uart_reg2ahb_adapter] bus2reg: address = 0x14 data = 0x2 kind = UVM_READ status = UVM_IS_OK
# UVM_INFO /ictc/other/tools/QuestaDVA/questasim/verilog_src/uvm-1.2/src/reg/uvm_reg_predictor.svh(225) @ 44643000: uvm_test_top.env.ahb_predictor [REG_PREDICT] Observed READ transaction to register regmodel.FSR: value='h2
# UVM_ERROR ./../sequences/ahb_rxd_rx_empty_sequence.sv(130) @ 44653000: uvm_test_top.env.ahb_agt.sequencer@@rx_empty [ahb_rxd_rx_empty_sequence] 
# ===== FAILED!!! RX_EMPTY_STATUS is not right =====
# UVM_INFO ./../regmodel/uart_reg2ahb_adapter.sv(42) @ 47572000: reporter [uart_reg2ahb_adapter] bus2reg: address = 0x14 data = 0x2 kind = UVM_READ status = UVM_IS_OK
# UVM_INFO /ictc/other/tools/QuestaDVA/questasim/verilog_src/uvm-1.2/src/reg/uvm_reg_predictor.svh(225) @ 47572000: uvm_test_top.env.ahb_predictor [REG_PREDICT] Observed READ transaction to register regmodel.FSR: value='h2
# UVM_INFO ./../testcases/uart_rxd_interrupt.sv(40) @ 57582000: uvm_test_top [uart_rxd_interrupt] --------------------------------------------------------------
# Name                Type                Size  Value           
# --------------------------------------------------------------
# cfg                 uart_configuration  -     @360            
#   parity_mode       parity_mode_e       32    UART_PARITY_NONE
#   sampling          sampling_mode_e     32    MODE_X16        
#   data_width        integral            32    'h5             
#   num_of_stop_bit   integral            32    'h1             
#   baud_rate         integral            32    'h2580          
#   baud_rate_enable  integral            1     'h0             
#   parity_enable     integral            1     'h0             
#   interrupt_enable  integral            1     'h0             
# --------------------------------------------------------------
# 
# UVM_INFO ./../regmodel/uart_reg2ahb_adapter.sv(42) @ 57582000: reporter [uart_reg2ahb_adapter] bus2reg: address = 0x0 data = 0x0 kind = UVM_WRITE status = UVM_IS_OK
# UVM_INFO /ictc/other/tools/QuestaDVA/questasim/verilog_src/uvm-1.2/src/reg/uvm_reg_predictor.svh(221) @ 57582000: uvm_test_top.env.ahb_predictor [REG_PREDICT] Observed WRITE transaction to register regmodel.MDR: value='h0 : updated value = 'h0
# UVM_INFO ./../regmodel/uart_reg2ahb_adapter.sv(42) @ 57583000: reporter [uart_reg2ahb_adapter] bus2reg: address = 0x4 data = 0x8b kind = UVM_WRITE status = UVM_IS_OK
# UVM_INFO /ictc/other/tools/QuestaDVA/questasim/verilog_src/uvm-1.2/src/reg/uvm_reg_predictor.svh(221) @ 57583000: uvm_test_top.env.ahb_predictor [REG_PREDICT] Observed WRITE transaction to register regmodel.DLL: value='h8b : updated value = 'h8b
# UVM_INFO ./../regmodel/uart_reg2ahb_adapter.sv(42) @ 57583000: reporter [uart_reg2ahb_adapter] bus2reg: address = 0x8 data = 0x2 kind = UVM_WRITE status = UVM_IS_OK
# UVM_INFO /ictc/other/tools/QuestaDVA/questasim/verilog_src/uvm-1.2/src/reg/uvm_reg_predictor.svh(221) @ 57583000: uvm_test_top.env.ahb_predictor [REG_PREDICT] Observed WRITE transaction to register regmodel.DLH: value='h2 : updated value = 'h2
# UVM_INFO ./../regmodel/uart_reg2ahb_adapter.sv(42) @ 57583000: reporter [uart_reg2ahb_adapter] bus2reg: address = 0xc data = 0x20 kind = UVM_WRITE status = UVM_IS_OK
# UVM_INFO /ictc/other/tools/QuestaDVA/questasim/verilog_src/uvm-1.2/src/reg/uvm_reg_predictor.svh(221) @ 57583000: uvm_test_top.env.ahb_predictor [REG_PREDICT] Observed WRITE transaction to register regmodel.LCR: value='h20 : updated value = 'h20
# UVM_INFO ./../regmodel/uart_reg2ahb_adapter.sv(42) @ 57583000: reporter [uart_reg2ahb_adapter] bus2reg: address = 0x10 data = 0x8 kind = UVM_WRITE status = UVM_IS_OK
# UVM_INFO /ictc/other/tools/QuestaDVA/questasim/verilog_src/uvm-1.2/src/reg/uvm_reg_predictor.svh(221) @ 57583000: uvm_test_top.env.ahb_predictor [REG_PREDICT] Observed WRITE transaction to register regmodel.IER: value='h8 : updated value = 'h8
# ===== Received Data from IER =====
# UVM_INFO ./../regmodel/uart_reg2ahb_adapter.sv(42) @ 57583000: reporter [uart_reg2ahb_adapter] bus2reg: address = 0x14 data = 0x2 kind = UVM_READ status = UVM_IS_OK
# UVM_INFO /ictc/other/tools/QuestaDVA/questasim/verilog_src/uvm-1.2/src/reg/uvm_reg_predictor.svh(225) @ 57583000: uvm_test_top.env.ahb_predictor [REG_PREDICT] Observed READ transaction to register regmodel.FSR: value='h2
# UVM_ERROR ./../sequences/ahb_rxd_rx_empty_sequence.sv(130) @ 57593000: uvm_test_top.env.ahb_agt.sequencer@@rx_empty [ahb_rxd_rx_empty_sequence] 
# ===== FAILED!!! RX_EMPTY_STATUS is not right =====
# UVM_INFO ./../regmodel/uart_reg2ahb_adapter.sv(42) @ 59049000: reporter [uart_reg2ahb_adapter] bus2reg: address = 0x14 data = 0x2 kind = UVM_READ status = UVM_IS_OK
# UVM_INFO /ictc/other/tools/QuestaDVA/questasim/verilog_src/uvm-1.2/src/reg/uvm_reg_predictor.svh(225) @ 59049000: uvm_test_top.env.ahb_predictor [REG_PREDICT] Observed READ transaction to register regmodel.FSR: value='h2
# UVM_INFO ./../testcases/uart_rxd_interrupt.sv(40) @ 69059000: uvm_test_top [uart_rxd_interrupt] --------------------------------------------------------------
# Name                Type                Size  Value           
# --------------------------------------------------------------
# cfg                 uart_configuration  -     @360            
#   parity_mode       parity_mode_e       32    UART_PARITY_NONE
#   sampling          sampling_mode_e     32    MODE_X13        
#   data_width        integral            32    'h5             
#   num_of_stop_bit   integral            32    'h1             
#   baud_rate         integral            32    'h2580          
#   baud_rate_enable  integral            1     'h0             
#   parity_enable     integral            1     'h0             
#   interrupt_enable  integral            1     'h0             
# --------------------------------------------------------------
# 
# UVM_INFO ./../regmodel/uart_reg2ahb_adapter.sv(42) @ 69059000: reporter [uart_reg2ahb_adapter] bus2reg: address = 0x0 data = 0x1 kind = UVM_WRITE status = UVM_IS_OK
# UVM_INFO /ictc/other/tools/QuestaDVA/questasim/verilog_src/uvm-1.2/src/reg/uvm_reg_predictor.svh(221) @ 69059000: uvm_test_top.env.ahb_predictor [REG_PREDICT] Observed WRITE transaction to register regmodel.MDR: value='h1 : updated value = 'h1
# UVM_INFO ./../regmodel/uart_reg2ahb_adapter.sv(42) @ 69059000: reporter [uart_reg2ahb_adapter] bus2reg: address = 0x4 data = 0x21 kind = UVM_WRITE status = UVM_IS_OK
# UVM_INFO /ictc/other/tools/QuestaDVA/questasim/verilog_src/uvm-1.2/src/reg/uvm_reg_predictor.svh(221) @ 69059000: uvm_test_top.env.ahb_predictor [REG_PREDICT] Observed WRITE transaction to register regmodel.DLL: value='h21 : updated value = 'h21
# UVM_INFO ./../regmodel/uart_reg2ahb_adapter.sv(42) @ 69059000: reporter [uart_reg2ahb_adapter] bus2reg: address = 0x8 data = 0x3 kind = UVM_WRITE status = UVM_IS_OK
# UVM_INFO /ictc/other/tools/QuestaDVA/questasim/verilog_src/uvm-1.2/src/reg/uvm_reg_predictor.svh(221) @ 69059000: uvm_test_top.env.ahb_predictor [REG_PREDICT] Observed WRITE transaction to register regmodel.DLH: value='h3 : updated value = 'h3
# UVM_INFO ./../regmodel/uart_reg2ahb_adapter.sv(42) @ 69059000: reporter [uart_reg2ahb_adapter] bus2reg: address = 0xc data = 0x20 kind = UVM_WRITE status = UVM_IS_OK
# UVM_INFO /ictc/other/tools/QuestaDVA/questasim/verilog_src/uvm-1.2/src/reg/uvm_reg_predictor.svh(221) @ 69059000: uvm_test_top.env.ahb_predictor [REG_PREDICT] Observed WRITE transaction to register regmodel.LCR: value='h20 : updated value = 'h20
# UVM_INFO ./../regmodel/uart_reg2ahb_adapter.sv(42) @ 69059000: reporter [uart_reg2ahb_adapter] bus2reg: address = 0x10 data = 0x8 kind = UVM_WRITE status = UVM_IS_OK
# UVM_INFO /ictc/other/tools/QuestaDVA/questasim/verilog_src/uvm-1.2/src/reg/uvm_reg_predictor.svh(221) @ 69059000: uvm_test_top.env.ahb_predictor [REG_PREDICT] Observed WRITE transaction to register regmodel.IER: value='h8 : updated value = 'h8
# ===== Received Data from IER =====
# UVM_INFO ./../regmodel/uart_reg2ahb_adapter.sv(42) @ 69059000: reporter [uart_reg2ahb_adapter] bus2reg: address = 0x14 data = 0x2 kind = UVM_READ status = UVM_IS_OK
# UVM_INFO /ictc/other/tools/QuestaDVA/questasim/verilog_src/uvm-1.2/src/reg/uvm_reg_predictor.svh(225) @ 69059000: uvm_test_top.env.ahb_predictor [REG_PREDICT] Observed READ transaction to register regmodel.FSR: value='h2
# UVM_ERROR ./../sequences/ahb_rxd_rx_empty_sequence.sv(130) @ 69069000: uvm_test_top.env.ahb_agt.sequencer@@rx_empty [ahb_rxd_rx_empty_sequence] 
# ===== FAILED!!! RX_EMPTY_STATUS is not right =====
# UVM_INFO ./../regmodel/uart_reg2ahb_adapter.sv(42) @ 70526000: reporter [uart_reg2ahb_adapter] bus2reg: address = 0x14 data = 0x2 kind = UVM_READ status = UVM_IS_OK
# UVM_INFO /ictc/other/tools/QuestaDVA/questasim/verilog_src/uvm-1.2/src/reg/uvm_reg_predictor.svh(225) @ 70526000: uvm_test_top.env.ahb_predictor [REG_PREDICT] Observed READ transaction to register regmodel.FSR: value='h2
# UVM_INFO ./../testcases/uart_rxd_interrupt.sv(40) @ 80536000: uvm_test_top [uart_rxd_interrupt] --------------------------------------------------------------
# Name                Type                Size  Value           
# --------------------------------------------------------------
# cfg                 uart_configuration  -     @360            
#   parity_mode       parity_mode_e       32    UART_PARITY_NONE
#   sampling          sampling_mode_e     32    MODE_X16        
#   data_width        integral            32    'h5             
#   num_of_stop_bit   integral            32    'h1             
#   baud_rate         integral            32    'h4b00          
#   baud_rate_enable  integral            1     'h0             
#   parity_enable     integral            1     'h0             
#   interrupt_enable  integral            1     'h0             
# --------------------------------------------------------------
# 
# UVM_INFO ./../regmodel/uart_reg2ahb_adapter.sv(42) @ 80536000: reporter [uart_reg2ahb_adapter] bus2reg: address = 0x0 data = 0x0 kind = UVM_WRITE status = UVM_IS_OK
# UVM_INFO /ictc/other/tools/QuestaDVA/questasim/verilog_src/uvm-1.2/src/reg/uvm_reg_predictor.svh(221) @ 80536000: uvm_test_top.env.ahb_predictor [REG_PREDICT] Observed WRITE transaction to register regmodel.MDR: value='h0 : updated value = 'h0
# UVM_INFO ./../regmodel/uart_reg2ahb_adapter.sv(42) @ 80536000: reporter [uart_reg2ahb_adapter] bus2reg: address = 0x4 data = 0x45 kind = UVM_WRITE status = UVM_IS_OK
# UVM_INFO /ictc/other/tools/QuestaDVA/questasim/verilog_src/uvm-1.2/src/reg/uvm_reg_predictor.svh(221) @ 80536000: uvm_test_top.env.ahb_predictor [REG_PREDICT] Observed WRITE transaction to register regmodel.DLL: value='h45 : updated value = 'h45
# UVM_INFO ./../regmodel/uart_reg2ahb_adapter.sv(42) @ 80536000: reporter [uart_reg2ahb_adapter] bus2reg: address = 0x8 data = 0x1 kind = UVM_WRITE status = UVM_IS_OK
# UVM_INFO /ictc/other/tools/QuestaDVA/questasim/verilog_src/uvm-1.2/src/reg/uvm_reg_predictor.svh(221) @ 80536000: uvm_test_top.env.ahb_predictor [REG_PREDICT] Observed WRITE transaction to register regmodel.DLH: value='h1 : updated value = 'h1
# UVM_INFO ./../regmodel/uart_reg2ahb_adapter.sv(42) @ 80536000: reporter [uart_reg2ahb_adapter] bus2reg: address = 0xc data = 0x20 kind = UVM_WRITE status = UVM_IS_OK
# UVM_INFO /ictc/other/tools/QuestaDVA/questasim/verilog_src/uvm-1.2/src/reg/uvm_reg_predictor.svh(221) @ 80536000: uvm_test_top.env.ahb_predictor [REG_PREDICT] Observed WRITE transaction to register regmodel.LCR: value='h20 : updated value = 'h20
# UVM_INFO ./../regmodel/uart_reg2ahb_adapter.sv(42) @ 80536000: reporter [uart_reg2ahb_adapter] bus2reg: address = 0x10 data = 0x8 kind = UVM_WRITE status = UVM_IS_OK
# UVM_INFO /ictc/other/tools/QuestaDVA/questasim/verilog_src/uvm-1.2/src/reg/uvm_reg_predictor.svh(221) @ 80536000: uvm_test_top.env.ahb_predictor [REG_PREDICT] Observed WRITE transaction to register regmodel.IER: value='h8 : updated value = 'h8
# ===== Received Data from IER =====
# UVM_INFO ./../regmodel/uart_reg2ahb_adapter.sv(42) @ 80536000: reporter [uart_reg2ahb_adapter] bus2reg: address = 0x14 data = 0x2 kind = UVM_READ status = UVM_IS_OK
# UVM_INFO /ictc/other/tools/QuestaDVA/questasim/verilog_src/uvm-1.2/src/reg/uvm_reg_predictor.svh(225) @ 80536000: uvm_test_top.env.ahb_predictor [REG_PREDICT] Observed READ transaction to register regmodel.FSR: value='h2
# UVM_ERROR ./../sequences/ahb_rxd_rx_empty_sequence.sv(130) @ 80546000: uvm_test_top.env.ahb_agt.sequencer@@rx_empty [ahb_rxd_rx_empty_sequence] 
# ===== FAILED!!! RX_EMPTY_STATUS is not right =====
# UVM_INFO ./../regmodel/uart_reg2ahb_adapter.sv(42) @ 81274000: reporter [uart_reg2ahb_adapter] bus2reg: address = 0x14 data = 0x2 kind = UVM_READ status = UVM_IS_OK
# UVM_INFO /ictc/other/tools/QuestaDVA/questasim/verilog_src/uvm-1.2/src/reg/uvm_reg_predictor.svh(225) @ 81274000: uvm_test_top.env.ahb_predictor [REG_PREDICT] Observed READ transaction to register regmodel.FSR: value='h2
# UVM_INFO ./../testcases/uart_rxd_interrupt.sv(40) @ 91284000: uvm_test_top [uart_rxd_interrupt] --------------------------------------------------------------
# Name                Type                Size  Value           
# --------------------------------------------------------------
# cfg                 uart_configuration  -     @360            
#   parity_mode       parity_mode_e       32    UART_PARITY_NONE
#   sampling          sampling_mode_e     32    MODE_X13        
#   data_width        integral            32    'h5             
#   num_of_stop_bit   integral            32    'h1             
#   baud_rate         integral            32    'h4b00          
#   baud_rate_enable  integral            1     'h0             
#   parity_enable     integral            1     'h0             
#   interrupt_enable  integral            1     'h0             
# --------------------------------------------------------------
# 
# UVM_INFO ./../regmodel/uart_reg2ahb_adapter.sv(42) @ 91284000: reporter [uart_reg2ahb_adapter] bus2reg: address = 0x0 data = 0x1 kind = UVM_WRITE status = UVM_IS_OK
# UVM_INFO /ictc/other/tools/QuestaDVA/questasim/verilog_src/uvm-1.2/src/reg/uvm_reg_predictor.svh(221) @ 91284000: uvm_test_top.env.ahb_predictor [REG_PREDICT] Observed WRITE transaction to register regmodel.MDR: value='h1 : updated value = 'h1
# UVM_INFO ./../regmodel/uart_reg2ahb_adapter.sv(42) @ 91284000: reporter [uart_reg2ahb_adapter] bus2reg: address = 0x4 data = 0x91 kind = UVM_WRITE status = UVM_IS_OK
# UVM_INFO /ictc/other/tools/QuestaDVA/questasim/verilog_src/uvm-1.2/src/reg/uvm_reg_predictor.svh(221) @ 91284000: uvm_test_top.env.ahb_predictor [REG_PREDICT] Observed WRITE transaction to register regmodel.DLL: value='h91 : updated value = 'h91
# UVM_INFO ./../regmodel/uart_reg2ahb_adapter.sv(42) @ 91284000: reporter [uart_reg2ahb_adapter] bus2reg: address = 0x8 data = 0x1 kind = UVM_WRITE status = UVM_IS_OK
# UVM_INFO /ictc/other/tools/QuestaDVA/questasim/verilog_src/uvm-1.2/src/reg/uvm_reg_predictor.svh(221) @ 91284000: uvm_test_top.env.ahb_predictor [REG_PREDICT] Observed WRITE transaction to register regmodel.DLH: value='h1 : updated value = 'h1
# UVM_INFO ./../regmodel/uart_reg2ahb_adapter.sv(42) @ 91284000: reporter [uart_reg2ahb_adapter] bus2reg: address = 0xc data = 0x20 kind = UVM_WRITE status = UVM_IS_OK
# UVM_INFO /ictc/other/tools/QuestaDVA/questasim/verilog_src/uvm-1.2/src/reg/uvm_reg_predictor.svh(221) @ 91284000: uvm_test_top.env.ahb_predictor [REG_PREDICT] Observed WRITE transaction to register regmodel.LCR: value='h20 : updated value = 'h20
# UVM_INFO ./../regmodel/uart_reg2ahb_adapter.sv(42) @ 91284000: reporter [uart_reg2ahb_adapter] bus2reg: address = 0x10 data = 0x8 kind = UVM_WRITE status = UVM_IS_OK
# UVM_INFO /ictc/other/tools/QuestaDVA/questasim/verilog_src/uvm-1.2/src/reg/uvm_reg_predictor.svh(221) @ 91284000: uvm_test_top.env.ahb_predictor [REG_PREDICT] Observed WRITE transaction to register regmodel.IER: value='h8 : updated value = 'h8
# ===== Received Data from IER =====
# UVM_INFO ./../regmodel/uart_reg2ahb_adapter.sv(42) @ 91285000: reporter [uart_reg2ahb_adapter] bus2reg: address = 0x14 data = 0x2 kind = UVM_READ status = UVM_IS_OK
# UVM_INFO /ictc/other/tools/QuestaDVA/questasim/verilog_src/uvm-1.2/src/reg/uvm_reg_predictor.svh(225) @ 91285000: uvm_test_top.env.ahb_predictor [REG_PREDICT] Observed READ transaction to register regmodel.FSR: value='h2
# UVM_ERROR ./../sequences/ahb_rxd_rx_empty_sequence.sv(130) @ 91295000: uvm_test_top.env.ahb_agt.sequencer@@rx_empty [ahb_rxd_rx_empty_sequence] 
# ===== FAILED!!! RX_EMPTY_STATUS is not right =====
# UVM_INFO ./../regmodel/uart_reg2ahb_adapter.sv(42) @ 92023000: reporter [uart_reg2ahb_adapter] bus2reg: address = 0x14 data = 0x2 kind = UVM_READ status = UVM_IS_OK
# UVM_INFO /ictc/other/tools/QuestaDVA/questasim/verilog_src/uvm-1.2/src/reg/uvm_reg_predictor.svh(225) @ 92023000: uvm_test_top.env.ahb_predictor [REG_PREDICT] Observed READ transaction to register regmodel.FSR: value='h2
# UVM_INFO ./../testcases/uart_rxd_interrupt.sv(40) @ 102033000: uvm_test_top [uart_rxd_interrupt] --------------------------------------------------------------
# Name                Type                Size  Value           
# --------------------------------------------------------------
# cfg                 uart_configuration  -     @360            
#   parity_mode       parity_mode_e       32    UART_PARITY_NONE
#   sampling          sampling_mode_e     32    MODE_X16        
#   data_width        integral            32    'h5             
#   num_of_stop_bit   integral            32    'h1             
#   baud_rate         integral            32    'h9600          
#   baud_rate_enable  integral            1     'h0             
#   parity_enable     integral            1     'h0             
#   interrupt_enable  integral            1     'h0             
# --------------------------------------------------------------
# 
# UVM_INFO ./../regmodel/uart_reg2ahb_adapter.sv(42) @ 102033000: reporter [uart_reg2ahb_adapter] bus2reg: address = 0x0 data = 0x0 kind = UVM_WRITE status = UVM_IS_OK
# UVM_INFO /ictc/other/tools/QuestaDVA/questasim/verilog_src/uvm-1.2/src/reg/uvm_reg_predictor.svh(221) @ 102033000: uvm_test_top.env.ahb_predictor [REG_PREDICT] Observed WRITE transaction to register regmodel.MDR: value='h0 : updated value = 'h0
# UVM_INFO ./../regmodel/uart_reg2ahb_adapter.sv(42) @ 102033000: reporter [uart_reg2ahb_adapter] bus2reg: address = 0x4 data = 0xa4 kind = UVM_WRITE status = UVM_IS_OK
# UVM_INFO /ictc/other/tools/QuestaDVA/questasim/verilog_src/uvm-1.2/src/reg/uvm_reg_predictor.svh(221) @ 102033000: uvm_test_top.env.ahb_predictor [REG_PREDICT] Observed WRITE transaction to register regmodel.DLL: value='ha4 : updated value = 'ha4
# UVM_INFO ./../regmodel/uart_reg2ahb_adapter.sv(42) @ 102033000: reporter [uart_reg2ahb_adapter] bus2reg: address = 0x8 data = 0x0 kind = UVM_WRITE status = UVM_IS_OK
# UVM_INFO /ictc/other/tools/QuestaDVA/questasim/verilog_src/uvm-1.2/src/reg/uvm_reg_predictor.svh(221) @ 102033000: uvm_test_top.env.ahb_predictor [REG_PREDICT] Observed WRITE transaction to register regmodel.DLH: value='h0 : updated value = 'h0
# UVM_INFO ./../regmodel/uart_reg2ahb_adapter.sv(42) @ 102033000: reporter [uart_reg2ahb_adapter] bus2reg: address = 0xc data = 0x20 kind = UVM_WRITE status = UVM_IS_OK
# UVM_INFO /ictc/other/tools/QuestaDVA/questasim/verilog_src/uvm-1.2/src/reg/uvm_reg_predictor.svh(221) @ 102033000: uvm_test_top.env.ahb_predictor [REG_PREDICT] Observed WRITE transaction to register regmodel.LCR: value='h20 : updated value = 'h20
# UVM_INFO ./../regmodel/uart_reg2ahb_adapter.sv(42) @ 102033000: reporter [uart_reg2ahb_adapter] bus2reg: address = 0x10 data = 0x8 kind = UVM_WRITE status = UVM_IS_OK
# UVM_INFO /ictc/other/tools/QuestaDVA/questasim/verilog_src/uvm-1.2/src/reg/uvm_reg_predictor.svh(221) @ 102033000: uvm_test_top.env.ahb_predictor [REG_PREDICT] Observed WRITE transaction to register regmodel.IER: value='h8 : updated value = 'h8
# ===== Received Data from IER =====
# UVM_INFO ./../regmodel/uart_reg2ahb_adapter.sv(42) @ 102033000: reporter [uart_reg2ahb_adapter] bus2reg: address = 0x14 data = 0x2 kind = UVM_READ status = UVM_IS_OK
# UVM_INFO /ictc/other/tools/QuestaDVA/questasim/verilog_src/uvm-1.2/src/reg/uvm_reg_predictor.svh(225) @ 102033000: uvm_test_top.env.ahb_predictor [REG_PREDICT] Observed READ transaction to register regmodel.FSR: value='h2
# UVM_ERROR ./../sequences/ahb_rxd_rx_empty_sequence.sv(130) @ 102043000: uvm_test_top.env.ahb_agt.sequencer@@rx_empty [ahb_rxd_rx_empty_sequence] 
# ===== FAILED!!! RX_EMPTY_STATUS is not right =====
# UVM_INFO ./../regmodel/uart_reg2ahb_adapter.sv(42) @ 102407000: reporter [uart_reg2ahb_adapter] bus2reg: address = 0x14 data = 0x2 kind = UVM_READ status = UVM_IS_OK
# UVM_INFO /ictc/other/tools/QuestaDVA/questasim/verilog_src/uvm-1.2/src/reg/uvm_reg_predictor.svh(225) @ 102407000: uvm_test_top.env.ahb_predictor [REG_PREDICT] Observed READ transaction to register regmodel.FSR: value='h2
# UVM_INFO ./../testcases/uart_rxd_interrupt.sv(40) @ 112417000: uvm_test_top [uart_rxd_interrupt] --------------------------------------------------------------
# Name                Type                Size  Value           
# --------------------------------------------------------------
# cfg                 uart_configuration  -     @360            
#   parity_mode       parity_mode_e       32    UART_PARITY_NONE
#   sampling          sampling_mode_e     32    MODE_X13        
#   data_width        integral            32    'h5             
#   num_of_stop_bit   integral            32    'h1             
#   baud_rate         integral            32    'h9600          
#   baud_rate_enable  integral            1     'h0             
#   parity_enable     integral            1     'h0             
#   interrupt_enable  integral            1     'h0             
# --------------------------------------------------------------
# 
# UVM_INFO ./../regmodel/uart_reg2ahb_adapter.sv(42) @ 112417000: reporter [uart_reg2ahb_adapter] bus2reg: address = 0x0 data = 0x1 kind = UVM_WRITE status = UVM_IS_OK
# UVM_INFO /ictc/other/tools/QuestaDVA/questasim/verilog_src/uvm-1.2/src/reg/uvm_reg_predictor.svh(221) @ 112417000: uvm_test_top.env.ahb_predictor [REG_PREDICT] Observed WRITE transaction to register regmodel.MDR: value='h1 : updated value = 'h1
# UVM_INFO ./../regmodel/uart_reg2ahb_adapter.sv(42) @ 112417000: reporter [uart_reg2ahb_adapter] bus2reg: address = 0x4 data = 0xc8 kind = UVM_WRITE status = UVM_IS_OK
# UVM_INFO /ictc/other/tools/QuestaDVA/questasim/verilog_src/uvm-1.2/src/reg/uvm_reg_predictor.svh(221) @ 112417000: uvm_test_top.env.ahb_predictor [REG_PREDICT] Observed WRITE transaction to register regmodel.DLL: value='hc8 : updated value = 'hc8
# UVM_INFO ./../regmodel/uart_reg2ahb_adapter.sv(42) @ 112417000: reporter [uart_reg2ahb_adapter] bus2reg: address = 0x8 data = 0x0 kind = UVM_WRITE status = UVM_IS_OK
# UVM_INFO /ictc/other/tools/QuestaDVA/questasim/verilog_src/uvm-1.2/src/reg/uvm_reg_predictor.svh(221) @ 112417000: uvm_test_top.env.ahb_predictor [REG_PREDICT] Observed WRITE transaction to register regmodel.DLH: value='h0 : updated value = 'h0
# UVM_INFO ./../regmodel/uart_reg2ahb_adapter.sv(42) @ 112417000: reporter [uart_reg2ahb_adapter] bus2reg: address = 0xc data = 0x20 kind = UVM_WRITE status = UVM_IS_OK
# UVM_INFO /ictc/other/tools/QuestaDVA/questasim/verilog_src/uvm-1.2/src/reg/uvm_reg_predictor.svh(221) @ 112417000: uvm_test_top.env.ahb_predictor [REG_PREDICT] Observed WRITE transaction to register regmodel.LCR: value='h20 : updated value = 'h20
# UVM_INFO ./../regmodel/uart_reg2ahb_adapter.sv(42) @ 112418000: reporter [uart_reg2ahb_adapter] bus2reg: address = 0x10 data = 0x8 kind = UVM_WRITE status = UVM_IS_OK
# UVM_INFO /ictc/other/tools/QuestaDVA/questasim/verilog_src/uvm-1.2/src/reg/uvm_reg_predictor.svh(221) @ 112418000: uvm_test_top.env.ahb_predictor [REG_PREDICT] Observed WRITE transaction to register regmodel.IER: value='h8 : updated value = 'h8
# ===== Received Data from IER =====
# UVM_INFO ./../regmodel/uart_reg2ahb_adapter.sv(42) @ 112418000: reporter [uart_reg2ahb_adapter] bus2reg: address = 0x14 data = 0x2 kind = UVM_READ status = UVM_IS_OK
# UVM_INFO /ictc/other/tools/QuestaDVA/questasim/verilog_src/uvm-1.2/src/reg/uvm_reg_predictor.svh(225) @ 112418000: uvm_test_top.env.ahb_predictor [REG_PREDICT] Observed READ transaction to register regmodel.FSR: value='h2
# UVM_ERROR ./../sequences/ahb_rxd_rx_empty_sequence.sv(130) @ 112428000: uvm_test_top.env.ahb_agt.sequencer@@rx_empty [ahb_rxd_rx_empty_sequence] 
# ===== FAILED!!! RX_EMPTY_STATUS is not right =====
# UVM_INFO ./../regmodel/uart_reg2ahb_adapter.sv(42) @ 112792000: reporter [uart_reg2ahb_adapter] bus2reg: address = 0x14 data = 0x2 kind = UVM_READ status = UVM_IS_OK
# UVM_INFO /ictc/other/tools/QuestaDVA/questasim/verilog_src/uvm-1.2/src/reg/uvm_reg_predictor.svh(225) @ 112792000: uvm_test_top.env.ahb_predictor [REG_PREDICT] Observed READ transaction to register regmodel.FSR: value='h2
# UVM_INFO ./../testcases/uart_rxd_interrupt.sv(40) @ 122802000: uvm_test_top [uart_rxd_interrupt] --------------------------------------------------------------
# Name                Type                Size  Value           
# --------------------------------------------------------------
# cfg                 uart_configuration  -     @360            
#   parity_mode       parity_mode_e       32    UART_PARITY_NONE
#   sampling          sampling_mode_e     32    MODE_X16        
#   data_width        integral            32    'h5             
#   num_of_stop_bit   integral            32    'h1             
#   baud_rate         integral            32    'h12c00         
#   baud_rate_enable  integral            1     'h0             
#   parity_enable     integral            1     'h0             
#   interrupt_enable  integral            1     'h0             
# --------------------------------------------------------------
# 
# UVM_INFO ./../regmodel/uart_reg2ahb_adapter.sv(42) @ 122802000: reporter [uart_reg2ahb_adapter] bus2reg: address = 0x0 data = 0x0 kind = UVM_WRITE status = UVM_IS_OK
# UVM_INFO /ictc/other/tools/QuestaDVA/questasim/verilog_src/uvm-1.2/src/reg/uvm_reg_predictor.svh(221) @ 122802000: uvm_test_top.env.ahb_predictor [REG_PREDICT] Observed WRITE transaction to register regmodel.MDR: value='h0 : updated value = 'h0
# UVM_INFO ./../regmodel/uart_reg2ahb_adapter.sv(42) @ 122802000: reporter [uart_reg2ahb_adapter] bus2reg: address = 0x4 data = 0x51 kind = UVM_WRITE status = UVM_IS_OK
# UVM_INFO /ictc/other/tools/QuestaDVA/questasim/verilog_src/uvm-1.2/src/reg/uvm_reg_predictor.svh(221) @ 122802000: uvm_test_top.env.ahb_predictor [REG_PREDICT] Observed WRITE transaction to register regmodel.DLL: value='h51 : updated value = 'h51
# UVM_INFO ./../regmodel/uart_reg2ahb_adapter.sv(42) @ 122802000: reporter [uart_reg2ahb_adapter] bus2reg: address = 0x8 data = 0x0 kind = UVM_WRITE status = UVM_IS_OK
# UVM_INFO /ictc/other/tools/QuestaDVA/questasim/verilog_src/uvm-1.2/src/reg/uvm_reg_predictor.svh(221) @ 122802000: uvm_test_top.env.ahb_predictor [REG_PREDICT] Observed WRITE transaction to register regmodel.DLH: value='h0 : updated value = 'h0
# UVM_INFO ./../regmodel/uart_reg2ahb_adapter.sv(42) @ 122802000: reporter [uart_reg2ahb_adapter] bus2reg: address = 0xc data = 0x20 kind = UVM_WRITE status = UVM_IS_OK
# UVM_INFO /ictc/other/tools/QuestaDVA/questasim/verilog_src/uvm-1.2/src/reg/uvm_reg_predictor.svh(221) @ 122802000: uvm_test_top.env.ahb_predictor [REG_PREDICT] Observed WRITE transaction to register regmodel.LCR: value='h20 : updated value = 'h20
# UVM_INFO ./../regmodel/uart_reg2ahb_adapter.sv(42) @ 122802000: reporter [uart_reg2ahb_adapter] bus2reg: address = 0x10 data = 0x8 kind = UVM_WRITE status = UVM_IS_OK
# UVM_INFO /ictc/other/tools/QuestaDVA/questasim/verilog_src/uvm-1.2/src/reg/uvm_reg_predictor.svh(221) @ 122802000: uvm_test_top.env.ahb_predictor [REG_PREDICT] Observed WRITE transaction to register regmodel.IER: value='h8 : updated value = 'h8
# ===== Received Data from IER =====
# UVM_INFO ./../regmodel/uart_reg2ahb_adapter.sv(42) @ 122802000: reporter [uart_reg2ahb_adapter] bus2reg: address = 0x14 data = 0x2 kind = UVM_READ status = UVM_IS_OK
# UVM_INFO /ictc/other/tools/QuestaDVA/questasim/verilog_src/uvm-1.2/src/reg/uvm_reg_predictor.svh(225) @ 122802000: uvm_test_top.env.ahb_predictor [REG_PREDICT] Observed READ transaction to register regmodel.FSR: value='h2
# UVM_ERROR ./../sequences/ahb_rxd_rx_empty_sequence.sv(130) @ 122812000: uvm_test_top.env.ahb_agt.sequencer@@rx_empty [ahb_rxd_rx_empty_sequence] 
# ===== FAILED!!! RX_EMPTY_STATUS is not right =====
# UVM_INFO ./../regmodel/uart_reg2ahb_adapter.sv(42) @ 122994000: reporter [uart_reg2ahb_adapter] bus2reg: address = 0x14 data = 0x2 kind = UVM_READ status = UVM_IS_OK
# UVM_INFO /ictc/other/tools/QuestaDVA/questasim/verilog_src/uvm-1.2/src/reg/uvm_reg_predictor.svh(225) @ 122994000: uvm_test_top.env.ahb_predictor [REG_PREDICT] Observed READ transaction to register regmodel.FSR: value='h2
# UVM_INFO ./../testcases/uart_rxd_interrupt.sv(40) @ 133004000: uvm_test_top [uart_rxd_interrupt] --------------------------------------------------------------
# Name                Type                Size  Value           
# --------------------------------------------------------------
# cfg                 uart_configuration  -     @360            
#   parity_mode       parity_mode_e       32    UART_PARITY_NONE
#   sampling          sampling_mode_e     32    MODE_X13        
#   data_width        integral            32    'h5             
#   num_of_stop_bit   integral            32    'h1             
#   baud_rate         integral            32    'h12c00         
#   baud_rate_enable  integral            1     'h0             
#   parity_enable     integral            1     'h0             
#   interrupt_enable  integral            1     'h0             
# --------------------------------------------------------------
# 
# UVM_INFO ./../regmodel/uart_reg2ahb_adapter.sv(42) @ 133004000: reporter [uart_reg2ahb_adapter] bus2reg: address = 0x0 data = 0x1 kind = UVM_WRITE status = UVM_IS_OK
# UVM_INFO /ictc/other/tools/QuestaDVA/questasim/verilog_src/uvm-1.2/src/reg/uvm_reg_predictor.svh(221) @ 133004000: uvm_test_top.env.ahb_predictor [REG_PREDICT] Observed WRITE transaction to register regmodel.MDR: value='h1 : updated value = 'h1
# UVM_INFO ./../regmodel/uart_reg2ahb_adapter.sv(42) @ 133004000: reporter [uart_reg2ahb_adapter] bus2reg: address = 0x4 data = 0x64 kind = UVM_WRITE status = UVM_IS_OK
# UVM_INFO /ictc/other/tools/QuestaDVA/questasim/verilog_src/uvm-1.2/src/reg/uvm_reg_predictor.svh(221) @ 133004000: uvm_test_top.env.ahb_predictor [REG_PREDICT] Observed WRITE transaction to register regmodel.DLL: value='h64 : updated value = 'h64
# UVM_INFO ./../regmodel/uart_reg2ahb_adapter.sv(42) @ 133005000: reporter [uart_reg2ahb_adapter] bus2reg: address = 0x8 data = 0x0 kind = UVM_WRITE status = UVM_IS_OK
# UVM_INFO /ictc/other/tools/QuestaDVA/questasim/verilog_src/uvm-1.2/src/reg/uvm_reg_predictor.svh(221) @ 133005000: uvm_test_top.env.ahb_predictor [REG_PREDICT] Observed WRITE transaction to register regmodel.DLH: value='h0 : updated value = 'h0
# UVM_INFO ./../regmodel/uart_reg2ahb_adapter.sv(42) @ 133005000: reporter [uart_reg2ahb_adapter] bus2reg: address = 0xc data = 0x20 kind = UVM_WRITE status = UVM_IS_OK
# UVM_INFO /ictc/other/tools/QuestaDVA/questasim/verilog_src/uvm-1.2/src/reg/uvm_reg_predictor.svh(221) @ 133005000: uvm_test_top.env.ahb_predictor [REG_PREDICT] Observed WRITE transaction to register regmodel.LCR: value='h20 : updated value = 'h20
# UVM_INFO ./../regmodel/uart_reg2ahb_adapter.sv(42) @ 133005000: reporter [uart_reg2ahb_adapter] bus2reg: address = 0x10 data = 0x8 kind = UVM_WRITE status = UVM_IS_OK
# UVM_INFO /ictc/other/tools/QuestaDVA/questasim/verilog_src/uvm-1.2/src/reg/uvm_reg_predictor.svh(221) @ 133005000: uvm_test_top.env.ahb_predictor [REG_PREDICT] Observed WRITE transaction to register regmodel.IER: value='h8 : updated value = 'h8
# ===== Received Data from IER =====
# UVM_INFO ./../regmodel/uart_reg2ahb_adapter.sv(42) @ 133005000: reporter [uart_reg2ahb_adapter] bus2reg: address = 0x14 data = 0x2 kind = UVM_READ status = UVM_IS_OK
# UVM_INFO /ictc/other/tools/QuestaDVA/questasim/verilog_src/uvm-1.2/src/reg/uvm_reg_predictor.svh(225) @ 133005000: uvm_test_top.env.ahb_predictor [REG_PREDICT] Observed READ transaction to register regmodel.FSR: value='h2
# UVM_ERROR ./../sequences/ahb_rxd_rx_empty_sequence.sv(130) @ 133015000: uvm_test_top.env.ahb_agt.sequencer@@rx_empty [ahb_rxd_rx_empty_sequence] 
# ===== FAILED!!! RX_EMPTY_STATUS is not right =====
# UVM_INFO ./../regmodel/uart_reg2ahb_adapter.sv(42) @ 133197000: reporter [uart_reg2ahb_adapter] bus2reg: address = 0x14 data = 0x2 kind = UVM_READ status = UVM_IS_OK
# UVM_INFO /ictc/other/tools/QuestaDVA/questasim/verilog_src/uvm-1.2/src/reg/uvm_reg_predictor.svh(225) @ 133197000: uvm_test_top.env.ahb_predictor [REG_PREDICT] Observed READ transaction to register regmodel.FSR: value='h2
# UVM_INFO ./../testcases/uart_rxd_interrupt.sv(40) @ 143207000: uvm_test_top [uart_rxd_interrupt] --------------------------------------------------------------
# Name                Type                Size  Value           
# --------------------------------------------------------------
# cfg                 uart_configuration  -     @360            
#   parity_mode       parity_mode_e       32    UART_PARITY_NONE
#   sampling          sampling_mode_e     32    MODE_X16        
#   data_width        integral            32    'h5             
#   num_of_stop_bit   integral            32    'h1             
#   baud_rate         integral            32    'h1c200         
#   baud_rate_enable  integral            1     'h0             
#   parity_enable     integral            1     'h0             
#   interrupt_enable  integral            1     'h0             
# --------------------------------------------------------------
# 
# UVM_INFO ./../regmodel/uart_reg2ahb_adapter.sv(42) @ 143207000: reporter [uart_reg2ahb_adapter] bus2reg: address = 0x0 data = 0x0 kind = UVM_WRITE status = UVM_IS_OK
# UVM_INFO /ictc/other/tools/QuestaDVA/questasim/verilog_src/uvm-1.2/src/reg/uvm_reg_predictor.svh(221) @ 143207000: uvm_test_top.env.ahb_predictor [REG_PREDICT] Observed WRITE transaction to register regmodel.MDR: value='h0 : updated value = 'h0
# UVM_INFO ./../regmodel/uart_reg2ahb_adapter.sv(42) @ 143207000: reporter [uart_reg2ahb_adapter] bus2reg: address = 0x4 data = 0x36 kind = UVM_WRITE status = UVM_IS_OK
# UVM_INFO /ictc/other/tools/QuestaDVA/questasim/verilog_src/uvm-1.2/src/reg/uvm_reg_predictor.svh(221) @ 143207000: uvm_test_top.env.ahb_predictor [REG_PREDICT] Observed WRITE transaction to register regmodel.DLL: value='h36 : updated value = 'h36
# UVM_INFO ./../regmodel/uart_reg2ahb_adapter.sv(42) @ 143207000: reporter [uart_reg2ahb_adapter] bus2reg: address = 0x8 data = 0x0 kind = UVM_WRITE status = UVM_IS_OK
# UVM_INFO /ictc/other/tools/QuestaDVA/questasim/verilog_src/uvm-1.2/src/reg/uvm_reg_predictor.svh(221) @ 143207000: uvm_test_top.env.ahb_predictor [REG_PREDICT] Observed WRITE transaction to register regmodel.DLH: value='h0 : updated value = 'h0
# UVM_INFO ./../regmodel/uart_reg2ahb_adapter.sv(42) @ 143207000: reporter [uart_reg2ahb_adapter] bus2reg: address = 0xc data = 0x20 kind = UVM_WRITE status = UVM_IS_OK
# UVM_INFO /ictc/other/tools/QuestaDVA/questasim/verilog_src/uvm-1.2/src/reg/uvm_reg_predictor.svh(221) @ 143207000: uvm_test_top.env.ahb_predictor [REG_PREDICT] Observed WRITE transaction to register regmodel.LCR: value='h20 : updated value = 'h20
# UVM_INFO ./../regmodel/uart_reg2ahb_adapter.sv(42) @ 143207000: reporter [uart_reg2ahb_adapter] bus2reg: address = 0x10 data = 0x8 kind = UVM_WRITE status = UVM_IS_OK
# UVM_INFO /ictc/other/tools/QuestaDVA/questasim/verilog_src/uvm-1.2/src/reg/uvm_reg_predictor.svh(221) @ 143207000: uvm_test_top.env.ahb_predictor [REG_PREDICT] Observed WRITE transaction to register regmodel.IER: value='h8 : updated value = 'h8
# ===== Received Data from IER =====
# UVM_INFO ./../regmodel/uart_reg2ahb_adapter.sv(42) @ 143207000: reporter [uart_reg2ahb_adapter] bus2reg: address = 0x14 data = 0x2 kind = UVM_READ status = UVM_IS_OK
# UVM_INFO /ictc/other/tools/QuestaDVA/questasim/verilog_src/uvm-1.2/src/reg/uvm_reg_predictor.svh(225) @ 143207000: uvm_test_top.env.ahb_predictor [REG_PREDICT] Observed READ transaction to register regmodel.FSR: value='h2
# UVM_ERROR ./../sequences/ahb_rxd_rx_empty_sequence.sv(130) @ 143217000: uvm_test_top.env.ahb_agt.sequencer@@rx_empty [ahb_rxd_rx_empty_sequence] 
# ===== FAILED!!! RX_EMPTY_STATUS is not right =====
# UVM_INFO ./../regmodel/uart_reg2ahb_adapter.sv(42) @ 143336000: reporter [uart_reg2ahb_adapter] bus2reg: address = 0x14 data = 0x2 kind = UVM_READ status = UVM_IS_OK
# UVM_INFO /ictc/other/tools/QuestaDVA/questasim/verilog_src/uvm-1.2/src/reg/uvm_reg_predictor.svh(225) @ 143336000: uvm_test_top.env.ahb_predictor [REG_PREDICT] Observed READ transaction to register regmodel.FSR: value='h2
# UVM_INFO ./../testcases/uart_rxd_interrupt.sv(40) @ 153346000: uvm_test_top [uart_rxd_interrupt] --------------------------------------------------------------
# Name                Type                Size  Value           
# --------------------------------------------------------------
# cfg                 uart_configuration  -     @360            
#   parity_mode       parity_mode_e       32    UART_PARITY_NONE
#   sampling          sampling_mode_e     32    MODE_X13        
#   data_width        integral            32    'h5             
#   num_of_stop_bit   integral            32    'h1             
#   baud_rate         integral            32    'h1c200         
#   baud_rate_enable  integral            1     'h0             
#   parity_enable     integral            1     'h0             
#   interrupt_enable  integral            1     'h0             
# --------------------------------------------------------------
# 
# UVM_INFO ./../regmodel/uart_reg2ahb_adapter.sv(42) @ 153346000: reporter [uart_reg2ahb_adapter] bus2reg: address = 0x0 data = 0x1 kind = UVM_WRITE status = UVM_IS_OK
# UVM_INFO /ictc/other/tools/QuestaDVA/questasim/verilog_src/uvm-1.2/src/reg/uvm_reg_predictor.svh(221) @ 153346000: uvm_test_top.env.ahb_predictor [REG_PREDICT] Observed WRITE transaction to register regmodel.MDR: value='h1 : updated value = 'h1
# UVM_INFO ./../regmodel/uart_reg2ahb_adapter.sv(42) @ 153347000: reporter [uart_reg2ahb_adapter] bus2reg: address = 0x4 data = 0x43 kind = UVM_WRITE status = UVM_IS_OK
# UVM_INFO /ictc/other/tools/QuestaDVA/questasim/verilog_src/uvm-1.2/src/reg/uvm_reg_predictor.svh(221) @ 153347000: uvm_test_top.env.ahb_predictor [REG_PREDICT] Observed WRITE transaction to register regmodel.DLL: value='h43 : updated value = 'h43
# UVM_INFO ./../regmodel/uart_reg2ahb_adapter.sv(42) @ 153347000: reporter [uart_reg2ahb_adapter] bus2reg: address = 0x8 data = 0x0 kind = UVM_WRITE status = UVM_IS_OK
# UVM_INFO /ictc/other/tools/QuestaDVA/questasim/verilog_src/uvm-1.2/src/reg/uvm_reg_predictor.svh(221) @ 153347000: uvm_test_top.env.ahb_predictor [REG_PREDICT] Observed WRITE transaction to register regmodel.DLH: value='h0 : updated value = 'h0
# UVM_INFO ./../regmodel/uart_reg2ahb_adapter.sv(42) @ 153347000: reporter [uart_reg2ahb_adapter] bus2reg: address = 0xc data = 0x20 kind = UVM_WRITE status = UVM_IS_OK
# UVM_INFO /ictc/other/tools/QuestaDVA/questasim/verilog_src/uvm-1.2/src/reg/uvm_reg_predictor.svh(221) @ 153347000: uvm_test_top.env.ahb_predictor [REG_PREDICT] Observed WRITE transaction to register regmodel.LCR: value='h20 : updated value = 'h20
# UVM_INFO ./../regmodel/uart_reg2ahb_adapter.sv(42) @ 153347000: reporter [uart_reg2ahb_adapter] bus2reg: address = 0x10 data = 0x8 kind = UVM_WRITE status = UVM_IS_OK
# UVM_INFO /ictc/other/tools/QuestaDVA/questasim/verilog_src/uvm-1.2/src/reg/uvm_reg_predictor.svh(221) @ 153347000: uvm_test_top.env.ahb_predictor [REG_PREDICT] Observed WRITE transaction to register regmodel.IER: value='h8 : updated value = 'h8
# ===== Received Data from IER =====
# UVM_INFO ./../regmodel/uart_reg2ahb_adapter.sv(42) @ 153347000: reporter [uart_reg2ahb_adapter] bus2reg: address = 0x14 data = 0x2 kind = UVM_READ status = UVM_IS_OK
# UVM_INFO /ictc/other/tools/QuestaDVA/questasim/verilog_src/uvm-1.2/src/reg/uvm_reg_predictor.svh(225) @ 153347000: uvm_test_top.env.ahb_predictor [REG_PREDICT] Observed READ transaction to register regmodel.FSR: value='h2
# UVM_ERROR ./../sequences/ahb_rxd_rx_empty_sequence.sv(130) @ 153357000: uvm_test_top.env.ahb_agt.sequencer@@rx_empty [ahb_rxd_rx_empty_sequence] 
# ===== FAILED!!! RX_EMPTY_STATUS is not right =====
# UVM_INFO ./../regmodel/uart_reg2ahb_adapter.sv(42) @ 153476000: reporter [uart_reg2ahb_adapter] bus2reg: address = 0x14 data = 0x2 kind = UVM_READ status = UVM_IS_OK
# UVM_INFO /ictc/other/tools/QuestaDVA/questasim/verilog_src/uvm-1.2/src/reg/uvm_reg_predictor.svh(225) @ 153476000: uvm_test_top.env.ahb_predictor [REG_PREDICT] Observed READ transaction to register regmodel.FSR: value='h2
# UVM_INFO ./../testcases/uart_rxd_interrupt.sv(40) @ 163486000: uvm_test_top [uart_rxd_interrupt] --------------------------------------------------------------
# Name                Type                Size  Value           
# --------------------------------------------------------------
# cfg                 uart_configuration  -     @360            
#   parity_mode       parity_mode_e       32    UART_PARITY_NONE
#   sampling          sampling_mode_e     32    MODE_X16        
#   data_width        integral            32    'h5             
#   num_of_stop_bit   integral            32    'h2             
#   baud_rate         integral            32    'h960           
#   baud_rate_enable  integral            1     'h0             
#   parity_enable     integral            1     'h0             
#   interrupt_enable  integral            1     'h0             
# --------------------------------------------------------------
# 
# UVM_INFO ./../regmodel/uart_reg2ahb_adapter.sv(42) @ 163486000: reporter [uart_reg2ahb_adapter] bus2reg: address = 0x0 data = 0x0 kind = UVM_WRITE status = UVM_IS_OK
# UVM_INFO /ictc/other/tools/QuestaDVA/questasim/verilog_src/uvm-1.2/src/reg/uvm_reg_predictor.svh(221) @ 163486000: uvm_test_top.env.ahb_predictor [REG_PREDICT] Observed WRITE transaction to register regmodel.MDR: value='h0 : updated value = 'h0
# UVM_INFO ./../regmodel/uart_reg2ahb_adapter.sv(42) @ 163486000: reporter [uart_reg2ahb_adapter] bus2reg: address = 0x4 data = 0x2c kind = UVM_WRITE status = UVM_IS_OK
# UVM_INFO /ictc/other/tools/QuestaDVA/questasim/verilog_src/uvm-1.2/src/reg/uvm_reg_predictor.svh(221) @ 163486000: uvm_test_top.env.ahb_predictor [REG_PREDICT] Observed WRITE transaction to register regmodel.DLL: value='h2c : updated value = 'h2c
# UVM_INFO ./../regmodel/uart_reg2ahb_adapter.sv(42) @ 163486000: reporter [uart_reg2ahb_adapter] bus2reg: address = 0x8 data = 0xa kind = UVM_WRITE status = UVM_IS_OK
# UVM_INFO /ictc/other/tools/QuestaDVA/questasim/verilog_src/uvm-1.2/src/reg/uvm_reg_predictor.svh(221) @ 163486000: uvm_test_top.env.ahb_predictor [REG_PREDICT] Observed WRITE transaction to register regmodel.DLH: value='ha : updated value = 'ha
# UVM_INFO ./../regmodel/uart_reg2ahb_adapter.sv(42) @ 163486000: reporter [uart_reg2ahb_adapter] bus2reg: address = 0xc data = 0x24 kind = UVM_WRITE status = UVM_IS_OK
# UVM_INFO /ictc/other/tools/QuestaDVA/questasim/verilog_src/uvm-1.2/src/reg/uvm_reg_predictor.svh(221) @ 163486000: uvm_test_top.env.ahb_predictor [REG_PREDICT] Observed WRITE transaction to register regmodel.LCR: value='h24 : updated value = 'h24
# UVM_INFO ./../regmodel/uart_reg2ahb_adapter.sv(42) @ 163486000: reporter [uart_reg2ahb_adapter] bus2reg: address = 0x10 data = 0x8 kind = UVM_WRITE status = UVM_IS_OK
# UVM_INFO /ictc/other/tools/QuestaDVA/questasim/verilog_src/uvm-1.2/src/reg/uvm_reg_predictor.svh(221) @ 163486000: uvm_test_top.env.ahb_predictor [REG_PREDICT] Observed WRITE transaction to register regmodel.IER: value='h8 : updated value = 'h8
# ===== Received Data from IER =====
# UVM_INFO ./../regmodel/uart_reg2ahb_adapter.sv(42) @ 163486000: reporter [uart_reg2ahb_adapter] bus2reg: address = 0x14 data = 0x2 kind = UVM_READ status = UVM_IS_OK
# UVM_INFO /ictc/other/tools/QuestaDVA/questasim/verilog_src/uvm-1.2/src/reg/uvm_reg_predictor.svh(225) @ 163486000: uvm_test_top.env.ahb_predictor [REG_PREDICT] Observed READ transaction to register regmodel.FSR: value='h2
# UVM_ERROR ./../sequences/ahb_rxd_rx_empty_sequence.sv(130) @ 163496000: uvm_test_top.env.ahb_agt.sequencer@@rx_empty [ahb_rxd_rx_empty_sequence] 
# ===== FAILED!!! RX_EMPTY_STATUS is not right =====
# UVM_INFO ./../regmodel/uart_reg2ahb_adapter.sv(42) @ 170161000: reporter [uart_reg2ahb_adapter] bus2reg: address = 0x14 data = 0x2 kind = UVM_READ status = UVM_IS_OK
# UVM_INFO /ictc/other/tools/QuestaDVA/questasim/verilog_src/uvm-1.2/src/reg/uvm_reg_predictor.svh(225) @ 170161000: uvm_test_top.env.ahb_predictor [REG_PREDICT] Observed READ transaction to register regmodel.FSR: value='h2
# UVM_INFO ./../testcases/uart_rxd_interrupt.sv(40) @ 180171000: uvm_test_top [uart_rxd_interrupt] --------------------------------------------------------------
# Name                Type                Size  Value           
# --------------------------------------------------------------
# cfg                 uart_configuration  -     @360            
#   parity_mode       parity_mode_e       32    UART_PARITY_NONE
#   sampling          sampling_mode_e     32    MODE_X13        
#   data_width        integral            32    'h5             
#   num_of_stop_bit   integral            32    'h2             
#   baud_rate         integral            32    'h960           
#   baud_rate_enable  integral            1     'h0             
#   parity_enable     integral            1     'h0             
#   interrupt_enable  integral            1     'h0             
# --------------------------------------------------------------
# 
# UVM_INFO ./../regmodel/uart_reg2ahb_adapter.sv(42) @ 180171000: reporter [uart_reg2ahb_adapter] bus2reg: address = 0x0 data = 0x1 kind = UVM_WRITE status = UVM_IS_OK
# UVM_INFO /ictc/other/tools/QuestaDVA/questasim/verilog_src/uvm-1.2/src/reg/uvm_reg_predictor.svh(221) @ 180171000: uvm_test_top.env.ahb_predictor [REG_PREDICT] Observed WRITE transaction to register regmodel.MDR: value='h1 : updated value = 'h1
# UVM_INFO ./../regmodel/uart_reg2ahb_adapter.sv(42) @ 180171000: reporter [uart_reg2ahb_adapter] bus2reg: address = 0x4 data = 0x85 kind = UVM_WRITE status = UVM_IS_OK
# UVM_INFO /ictc/other/tools/QuestaDVA/questasim/verilog_src/uvm-1.2/src/reg/uvm_reg_predictor.svh(221) @ 180171000: uvm_test_top.env.ahb_predictor [REG_PREDICT] Observed WRITE transaction to register regmodel.DLL: value='h85 : updated value = 'h85
# UVM_INFO ./../regmodel/uart_reg2ahb_adapter.sv(42) @ 180171000: reporter [uart_reg2ahb_adapter] bus2reg: address = 0x8 data = 0xc kind = UVM_WRITE status = UVM_IS_OK
# UVM_INFO /ictc/other/tools/QuestaDVA/questasim/verilog_src/uvm-1.2/src/reg/uvm_reg_predictor.svh(221) @ 180171000: uvm_test_top.env.ahb_predictor [REG_PREDICT] Observed WRITE transaction to register regmodel.DLH: value='hc : updated value = 'hc
# UVM_INFO ./../regmodel/uart_reg2ahb_adapter.sv(42) @ 180171000: reporter [uart_reg2ahb_adapter] bus2reg: address = 0xc data = 0x24 kind = UVM_WRITE status = UVM_IS_OK
# UVM_INFO /ictc/other/tools/QuestaDVA/questasim/verilog_src/uvm-1.2/src/reg/uvm_reg_predictor.svh(221) @ 180171000: uvm_test_top.env.ahb_predictor [REG_PREDICT] Observed WRITE transaction to register regmodel.LCR: value='h24 : updated value = 'h24
# UVM_INFO ./../regmodel/uart_reg2ahb_adapter.sv(42) @ 180171000: reporter [uart_reg2ahb_adapter] bus2reg: address = 0x10 data = 0x8 kind = UVM_WRITE status = UVM_IS_OK
# UVM_INFO /ictc/other/tools/QuestaDVA/questasim/verilog_src/uvm-1.2/src/reg/uvm_reg_predictor.svh(221) @ 180171000: uvm_test_top.env.ahb_predictor [REG_PREDICT] Observed WRITE transaction to register regmodel.IER: value='h8 : updated value = 'h8
# ===== Received Data from IER =====
# UVM_INFO ./../regmodel/uart_reg2ahb_adapter.sv(42) @ 180171000: reporter [uart_reg2ahb_adapter] bus2reg: address = 0x14 data = 0x2 kind = UVM_READ status = UVM_IS_OK
# UVM_INFO /ictc/other/tools/QuestaDVA/questasim/verilog_src/uvm-1.2/src/reg/uvm_reg_predictor.svh(225) @ 180171000: uvm_test_top.env.ahb_predictor [REG_PREDICT] Observed READ transaction to register regmodel.FSR: value='h2
# UVM_ERROR ./../sequences/ahb_rxd_rx_empty_sequence.sv(130) @ 180181000: uvm_test_top.env.ahb_agt.sequencer@@rx_empty [ahb_rxd_rx_empty_sequence] 
# ===== FAILED!!! RX_EMPTY_STATUS is not right =====
# UVM_INFO ./../regmodel/uart_reg2ahb_adapter.sv(42) @ 186845000: reporter [uart_reg2ahb_adapter] bus2reg: address = 0x14 data = 0x6 kind = UVM_READ status = UVM_IS_OK
# UVM_INFO /ictc/other/tools/QuestaDVA/questasim/verilog_src/uvm-1.2/src/reg/uvm_reg_predictor.svh(225) @ 186845000: uvm_test_top.env.ahb_predictor [REG_PREDICT] Observed READ transaction to register regmodel.FSR: value='h6
# UVM_INFO ./../testcases/uart_rxd_interrupt.sv(40) @ 196855000: uvm_test_top [uart_rxd_interrupt] --------------------------------------------------------------
# Name                Type                Size  Value           
# --------------------------------------------------------------
# cfg                 uart_configuration  -     @360            
#   parity_mode       parity_mode_e       32    UART_PARITY_NONE
#   sampling          sampling_mode_e     32    MODE_X16        
#   data_width        integral            32    'h5             
#   num_of_stop_bit   integral            32    'h2             
#   baud_rate         integral            32    'h12c0          
#   baud_rate_enable  integral            1     'h0             
#   parity_enable     integral            1     'h0             
#   interrupt_enable  integral            1     'h0             
# --------------------------------------------------------------
# 
# UVM_INFO ./../regmodel/uart_reg2ahb_adapter.sv(42) @ 196855000: reporter [uart_reg2ahb_adapter] bus2reg: address = 0x0 data = 0x0 kind = UVM_WRITE status = UVM_IS_OK
# UVM_INFO /ictc/other/tools/QuestaDVA/questasim/verilog_src/uvm-1.2/src/reg/uvm_reg_predictor.svh(221) @ 196855000: uvm_test_top.env.ahb_predictor [REG_PREDICT] Observed WRITE transaction to register regmodel.MDR: value='h0 : updated value = 'h0
# UVM_INFO ./../regmodel/uart_reg2ahb_adapter.sv(42) @ 196855000: reporter [uart_reg2ahb_adapter] bus2reg: address = 0x4 data = 0x16 kind = UVM_WRITE status = UVM_IS_OK
# UVM_INFO /ictc/other/tools/QuestaDVA/questasim/verilog_src/uvm-1.2/src/reg/uvm_reg_predictor.svh(221) @ 196855000: uvm_test_top.env.ahb_predictor [REG_PREDICT] Observed WRITE transaction to register regmodel.DLL: value='h16 : updated value = 'h16
# UVM_INFO ./../regmodel/uart_reg2ahb_adapter.sv(42) @ 196855000: reporter [uart_reg2ahb_adapter] bus2reg: address = 0x8 data = 0x5 kind = UVM_WRITE status = UVM_IS_OK
# UVM_INFO /ictc/other/tools/QuestaDVA/questasim/verilog_src/uvm-1.2/src/reg/uvm_reg_predictor.svh(221) @ 196855000: uvm_test_top.env.ahb_predictor [REG_PREDICT] Observed WRITE transaction to register regmodel.DLH: value='h5 : updated value = 'h5
# UVM_INFO ./../regmodel/uart_reg2ahb_adapter.sv(42) @ 196855000: reporter [uart_reg2ahb_adapter] bus2reg: address = 0xc data = 0x24 kind = UVM_WRITE status = UVM_IS_OK
# UVM_INFO /ictc/other/tools/QuestaDVA/questasim/verilog_src/uvm-1.2/src/reg/uvm_reg_predictor.svh(221) @ 196855000: uvm_test_top.env.ahb_predictor [REG_PREDICT] Observed WRITE transaction to register regmodel.LCR: value='h24 : updated value = 'h24
# UVM_INFO ./../regmodel/uart_reg2ahb_adapter.sv(42) @ 196855000: reporter [uart_reg2ahb_adapter] bus2reg: address = 0x10 data = 0x8 kind = UVM_WRITE status = UVM_IS_OK
# UVM_INFO /ictc/other/tools/QuestaDVA/questasim/verilog_src/uvm-1.2/src/reg/uvm_reg_predictor.svh(221) @ 196855000: uvm_test_top.env.ahb_predictor [REG_PREDICT] Observed WRITE transaction to register regmodel.IER: value='h8 : updated value = 'h8
# ===== Received Data from IER =====
# UVM_INFO ./../regmodel/uart_reg2ahb_adapter.sv(42) @ 196856000: reporter [uart_reg2ahb_adapter] bus2reg: address = 0x14 data = 0x6 kind = UVM_READ status = UVM_IS_OK
# UVM_INFO /ictc/other/tools/QuestaDVA/questasim/verilog_src/uvm-1.2/src/reg/uvm_reg_predictor.svh(225) @ 196856000: uvm_test_top.env.ahb_predictor [REG_PREDICT] Observed READ transaction to register regmodel.FSR: value='h6
# UVM_ERROR ./../sequences/ahb_rxd_rx_empty_sequence.sv(130) @ 196866000: uvm_test_top.env.ahb_agt.sequencer@@rx_empty [ahb_rxd_rx_empty_sequence] 
# ===== FAILED!!! RX_EMPTY_STATUS is not right =====
# UVM_INFO ./../regmodel/uart_reg2ahb_adapter.sv(42) @ 200202000: reporter [uart_reg2ahb_adapter] bus2reg: address = 0x14 data = 0x6 kind = UVM_READ status = UVM_IS_OK
# UVM_INFO /ictc/other/tools/QuestaDVA/questasim/verilog_src/uvm-1.2/src/reg/uvm_reg_predictor.svh(225) @ 200202000: uvm_test_top.env.ahb_predictor [REG_PREDICT] Observed READ transaction to register regmodel.FSR: value='h6
# UVM_INFO ./../testcases/uart_rxd_interrupt.sv(40) @ 210212000: uvm_test_top [uart_rxd_interrupt] --------------------------------------------------------------
# Name                Type                Size  Value           
# --------------------------------------------------------------
# cfg                 uart_configuration  -     @360            
#   parity_mode       parity_mode_e       32    UART_PARITY_NONE
#   sampling          sampling_mode_e     32    MODE_X13        
#   data_width        integral            32    'h5             
#   num_of_stop_bit   integral            32    'h2             
#   baud_rate         integral            32    'h12c0          
#   baud_rate_enable  integral            1     'h0             
#   parity_enable     integral            1     'h0             
#   interrupt_enable  integral            1     'h0             
# --------------------------------------------------------------
# 
# UVM_INFO ./../regmodel/uart_reg2ahb_adapter.sv(42) @ 210212000: reporter [uart_reg2ahb_adapter] bus2reg: address = 0x0 data = 0x1 kind = UVM_WRITE status = UVM_IS_OK
# UVM_INFO /ictc/other/tools/QuestaDVA/questasim/verilog_src/uvm-1.2/src/reg/uvm_reg_predictor.svh(221) @ 210212000: uvm_test_top.env.ahb_predictor [REG_PREDICT] Observed WRITE transaction to register regmodel.MDR: value='h1 : updated value = 'h1
# UVM_INFO ./../regmodel/uart_reg2ahb_adapter.sv(42) @ 210212000: reporter [uart_reg2ahb_adapter] bus2reg: address = 0x4 data = 0x42 kind = UVM_WRITE status = UVM_IS_OK
# UVM_INFO /ictc/other/tools/QuestaDVA/questasim/verilog_src/uvm-1.2/src/reg/uvm_reg_predictor.svh(221) @ 210212000: uvm_test_top.env.ahb_predictor [REG_PREDICT] Observed WRITE transaction to register regmodel.DLL: value='h42 : updated value = 'h42
# UVM_INFO ./../regmodel/uart_reg2ahb_adapter.sv(42) @ 210212000: reporter [uart_reg2ahb_adapter] bus2reg: address = 0x8 data = 0x6 kind = UVM_WRITE status = UVM_IS_OK
# UVM_INFO /ictc/other/tools/QuestaDVA/questasim/verilog_src/uvm-1.2/src/reg/uvm_reg_predictor.svh(221) @ 210212000: uvm_test_top.env.ahb_predictor [REG_PREDICT] Observed WRITE transaction to register regmodel.DLH: value='h6 : updated value = 'h6
# UVM_INFO ./../regmodel/uart_reg2ahb_adapter.sv(42) @ 210212000: reporter [uart_reg2ahb_adapter] bus2reg: address = 0xc data = 0x24 kind = UVM_WRITE status = UVM_IS_OK
# UVM_INFO /ictc/other/tools/QuestaDVA/questasim/verilog_src/uvm-1.2/src/reg/uvm_reg_predictor.svh(221) @ 210212000: uvm_test_top.env.ahb_predictor [REG_PREDICT] Observed WRITE transaction to register regmodel.LCR: value='h24 : updated value = 'h24
# UVM_INFO ./../regmodel/uart_reg2ahb_adapter.sv(42) @ 210212000: reporter [uart_reg2ahb_adapter] bus2reg: address = 0x10 data = 0x8 kind = UVM_WRITE status = UVM_IS_OK
# UVM_INFO /ictc/other/tools/QuestaDVA/questasim/verilog_src/uvm-1.2/src/reg/uvm_reg_predictor.svh(221) @ 210212000: uvm_test_top.env.ahb_predictor [REG_PREDICT] Observed WRITE transaction to register regmodel.IER: value='h8 : updated value = 'h8
# ===== Received Data from IER =====
# UVM_INFO ./../regmodel/uart_reg2ahb_adapter.sv(42) @ 210212000: reporter [uart_reg2ahb_adapter] bus2reg: address = 0x14 data = 0x6 kind = UVM_READ status = UVM_IS_OK
# UVM_INFO /ictc/other/tools/QuestaDVA/questasim/verilog_src/uvm-1.2/src/reg/uvm_reg_predictor.svh(225) @ 210212000: uvm_test_top.env.ahb_predictor [REG_PREDICT] Observed READ transaction to register regmodel.FSR: value='h6
# UVM_ERROR ./../sequences/ahb_rxd_rx_empty_sequence.sv(130) @ 210222000: uvm_test_top.env.ahb_agt.sequencer@@rx_empty [ahb_rxd_rx_empty_sequence] 
# ===== FAILED!!! RX_EMPTY_STATUS is not right =====
# UVM_INFO ./../regmodel/uart_reg2ahb_adapter.sv(42) @ 213558000: reporter [uart_reg2ahb_adapter] bus2reg: address = 0x14 data = 0x6 kind = UVM_READ status = UVM_IS_OK
# UVM_INFO /ictc/other/tools/QuestaDVA/questasim/verilog_src/uvm-1.2/src/reg/uvm_reg_predictor.svh(225) @ 213558000: uvm_test_top.env.ahb_predictor [REG_PREDICT] Observed READ transaction to register regmodel.FSR: value='h6
# UVM_INFO ./../testcases/uart_rxd_interrupt.sv(40) @ 223568000: uvm_test_top [uart_rxd_interrupt] --------------------------------------------------------------
# Name                Type                Size  Value           
# --------------------------------------------------------------
# cfg                 uart_configuration  -     @360            
#   parity_mode       parity_mode_e       32    UART_PARITY_NONE
#   sampling          sampling_mode_e     32    MODE_X16        
#   data_width        integral            32    'h5             
#   num_of_stop_bit   integral            32    'h2             
#   baud_rate         integral            32    'h2580          
#   baud_rate_enable  integral            1     'h0             
#   parity_enable     integral            1     'h0             
#   interrupt_enable  integral            1     'h0             
# --------------------------------------------------------------
# 
# UVM_INFO ./../regmodel/uart_reg2ahb_adapter.sv(42) @ 223568000: reporter [uart_reg2ahb_adapter] bus2reg: address = 0x0 data = 0x0 kind = UVM_WRITE status = UVM_IS_OK
# UVM_INFO /ictc/other/tools/QuestaDVA/questasim/verilog_src/uvm-1.2/src/reg/uvm_reg_predictor.svh(221) @ 223568000: uvm_test_top.env.ahb_predictor [REG_PREDICT] Observed WRITE transaction to register regmodel.MDR: value='h0 : updated value = 'h0
# UVM_INFO ./../regmodel/uart_reg2ahb_adapter.sv(42) @ 223568000: reporter [uart_reg2ahb_adapter] bus2reg: address = 0x4 data = 0x8b kind = UVM_WRITE status = UVM_IS_OK
# UVM_INFO /ictc/other/tools/QuestaDVA/questasim/verilog_src/uvm-1.2/src/reg/uvm_reg_predictor.svh(221) @ 223568000: uvm_test_top.env.ahb_predictor [REG_PREDICT] Observed WRITE transaction to register regmodel.DLL: value='h8b : updated value = 'h8b
# UVM_INFO ./../regmodel/uart_reg2ahb_adapter.sv(42) @ 223568000: reporter [uart_reg2ahb_adapter] bus2reg: address = 0x8 data = 0x2 kind = UVM_WRITE status = UVM_IS_OK
# UVM_INFO /ictc/other/tools/QuestaDVA/questasim/verilog_src/uvm-1.2/src/reg/uvm_reg_predictor.svh(221) @ 223568000: uvm_test_top.env.ahb_predictor [REG_PREDICT] Observed WRITE transaction to register regmodel.DLH: value='h2 : updated value = 'h2
# UVM_INFO ./../regmodel/uart_reg2ahb_adapter.sv(42) @ 223569000: reporter [uart_reg2ahb_adapter] bus2reg: address = 0xc data = 0x24 kind = UVM_WRITE status = UVM_IS_OK
# UVM_INFO /ictc/other/tools/QuestaDVA/questasim/verilog_src/uvm-1.2/src/reg/uvm_reg_predictor.svh(221) @ 223569000: uvm_test_top.env.ahb_predictor [REG_PREDICT] Observed WRITE transaction to register regmodel.LCR: value='h24 : updated value = 'h24
# UVM_INFO ./../regmodel/uart_reg2ahb_adapter.sv(42) @ 223569000: reporter [uart_reg2ahb_adapter] bus2reg: address = 0x10 data = 0x8 kind = UVM_WRITE status = UVM_IS_OK
# UVM_INFO /ictc/other/tools/QuestaDVA/questasim/verilog_src/uvm-1.2/src/reg/uvm_reg_predictor.svh(221) @ 223569000: uvm_test_top.env.ahb_predictor [REG_PREDICT] Observed WRITE transaction to register regmodel.IER: value='h8 : updated value = 'h8
# ===== Received Data from IER =====
# UVM_INFO ./../regmodel/uart_reg2ahb_adapter.sv(42) @ 223569000: reporter [uart_reg2ahb_adapter] bus2reg: address = 0x14 data = 0x6 kind = UVM_READ status = UVM_IS_OK
# UVM_INFO /ictc/other/tools/QuestaDVA/questasim/verilog_src/uvm-1.2/src/reg/uvm_reg_predictor.svh(225) @ 223569000: uvm_test_top.env.ahb_predictor [REG_PREDICT] Observed READ transaction to register regmodel.FSR: value='h6
# UVM_ERROR ./../sequences/ahb_rxd_rx_empty_sequence.sv(130) @ 223579000: uvm_test_top.env.ahb_agt.sequencer@@rx_empty [ahb_rxd_rx_empty_sequence] 
# ===== FAILED!!! RX_EMPTY_STATUS is not right =====
# UVM_INFO ./../regmodel/uart_reg2ahb_adapter.sv(42) @ 225243000: reporter [uart_reg2ahb_adapter] bus2reg: address = 0x14 data = 0x6 kind = UVM_READ status = UVM_IS_OK
# UVM_INFO /ictc/other/tools/QuestaDVA/questasim/verilog_src/uvm-1.2/src/reg/uvm_reg_predictor.svh(225) @ 225243000: uvm_test_top.env.ahb_predictor [REG_PREDICT] Observed READ transaction to register regmodel.FSR: value='h6
# UVM_INFO ./../testcases/uart_rxd_interrupt.sv(40) @ 235253000: uvm_test_top [uart_rxd_interrupt] --------------------------------------------------------------
# Name                Type                Size  Value           
# --------------------------------------------------------------
# cfg                 uart_configuration  -     @360            
#   parity_mode       parity_mode_e       32    UART_PARITY_NONE
#   sampling          sampling_mode_e     32    MODE_X13        
#   data_width        integral            32    'h5             
#   num_of_stop_bit   integral            32    'h2             
#   baud_rate         integral            32    'h2580          
#   baud_rate_enable  integral            1     'h0             
#   parity_enable     integral            1     'h0             
#   interrupt_enable  integral            1     'h0             
# --------------------------------------------------------------
# 
# UVM_INFO ./../regmodel/uart_reg2ahb_adapter.sv(42) @ 235253000: reporter [uart_reg2ahb_adapter] bus2reg: address = 0x0 data = 0x1 kind = UVM_WRITE status = UVM_IS_OK
# UVM_INFO /ictc/other/tools/QuestaDVA/questasim/verilog_src/uvm-1.2/src/reg/uvm_reg_predictor.svh(221) @ 235253000: uvm_test_top.env.ahb_predictor [REG_PREDICT] Observed WRITE transaction to register regmodel.MDR: value='h1 : updated value = 'h1
# UVM_INFO ./../regmodel/uart_reg2ahb_adapter.sv(42) @ 235253000: reporter [uart_reg2ahb_adapter] bus2reg: address = 0x4 data = 0x21 kind = UVM_WRITE status = UVM_IS_OK
# UVM_INFO /ictc/other/tools/QuestaDVA/questasim/verilog_src/uvm-1.2/src/reg/uvm_reg_predictor.svh(221) @ 235253000: uvm_test_top.env.ahb_predictor [REG_PREDICT] Observed WRITE transaction to register regmodel.DLL: value='h21 : updated value = 'h21
# UVM_INFO ./../regmodel/uart_reg2ahb_adapter.sv(42) @ 235253000: reporter [uart_reg2ahb_adapter] bus2reg: address = 0x8 data = 0x3 kind = UVM_WRITE status = UVM_IS_OK
# UVM_INFO /ictc/other/tools/QuestaDVA/questasim/verilog_src/uvm-1.2/src/reg/uvm_reg_predictor.svh(221) @ 235253000: uvm_test_top.env.ahb_predictor [REG_PREDICT] Observed WRITE transaction to register regmodel.DLH: value='h3 : updated value = 'h3
# UVM_INFO ./../regmodel/uart_reg2ahb_adapter.sv(42) @ 235253000: reporter [uart_reg2ahb_adapter] bus2reg: address = 0xc data = 0x24 kind = UVM_WRITE status = UVM_IS_OK
# UVM_INFO /ictc/other/tools/QuestaDVA/questasim/verilog_src/uvm-1.2/src/reg/uvm_reg_predictor.svh(221) @ 235253000: uvm_test_top.env.ahb_predictor [REG_PREDICT] Observed WRITE transaction to register regmodel.LCR: value='h24 : updated value = 'h24
# UVM_INFO ./../regmodel/uart_reg2ahb_adapter.sv(42) @ 235253000: reporter [uart_reg2ahb_adapter] bus2reg: address = 0x10 data = 0x8 kind = UVM_WRITE status = UVM_IS_OK
# UVM_INFO /ictc/other/tools/QuestaDVA/questasim/verilog_src/uvm-1.2/src/reg/uvm_reg_predictor.svh(221) @ 235253000: uvm_test_top.env.ahb_predictor [REG_PREDICT] Observed WRITE transaction to register regmodel.IER: value='h8 : updated value = 'h8
# ===== Received Data from IER =====
# UVM_INFO ./../regmodel/uart_reg2ahb_adapter.sv(42) @ 235253000: reporter [uart_reg2ahb_adapter] bus2reg: address = 0x14 data = 0x6 kind = UVM_READ status = UVM_IS_OK
# UVM_INFO /ictc/other/tools/QuestaDVA/questasim/verilog_src/uvm-1.2/src/reg/uvm_reg_predictor.svh(225) @ 235253000: uvm_test_top.env.ahb_predictor [REG_PREDICT] Observed READ transaction to register regmodel.FSR: value='h6
# UVM_ERROR ./../sequences/ahb_rxd_rx_empty_sequence.sv(130) @ 235263000: uvm_test_top.env.ahb_agt.sequencer@@rx_empty [ahb_rxd_rx_empty_sequence] 
# ===== FAILED!!! RX_EMPTY_STATUS is not right =====
# UVM_INFO ./../regmodel/uart_reg2ahb_adapter.sv(42) @ 236927000: reporter [uart_reg2ahb_adapter] bus2reg: address = 0x14 data = 0x6 kind = UVM_READ status = UVM_IS_OK
# UVM_INFO /ictc/other/tools/QuestaDVA/questasim/verilog_src/uvm-1.2/src/reg/uvm_reg_predictor.svh(225) @ 236927000: uvm_test_top.env.ahb_predictor [REG_PREDICT] Observed READ transaction to register regmodel.FSR: value='h6
# UVM_INFO ./../testcases/uart_rxd_interrupt.sv(40) @ 246937000: uvm_test_top [uart_rxd_interrupt] --------------------------------------------------------------
# Name                Type                Size  Value           
# --------------------------------------------------------------
# cfg                 uart_configuration  -     @360            
#   parity_mode       parity_mode_e       32    UART_PARITY_NONE
#   sampling          sampling_mode_e     32    MODE_X16        
#   data_width        integral            32    'h5             
#   num_of_stop_bit   integral            32    'h2             
#   baud_rate         integral            32    'h4b00          
#   baud_rate_enable  integral            1     'h0             
#   parity_enable     integral            1     'h0             
#   interrupt_enable  integral            1     'h0             
# --------------------------------------------------------------
# 
# UVM_INFO ./../regmodel/uart_reg2ahb_adapter.sv(42) @ 246937000: reporter [uart_reg2ahb_adapter] bus2reg: address = 0x0 data = 0x0 kind = UVM_WRITE status = UVM_IS_OK
# UVM_INFO /ictc/other/tools/QuestaDVA/questasim/verilog_src/uvm-1.2/src/reg/uvm_reg_predictor.svh(221) @ 246937000: uvm_test_top.env.ahb_predictor [REG_PREDICT] Observed WRITE transaction to register regmodel.MDR: value='h0 : updated value = 'h0
# UVM_INFO ./../regmodel/uart_reg2ahb_adapter.sv(42) @ 246937000: reporter [uart_reg2ahb_adapter] bus2reg: address = 0x4 data = 0x45 kind = UVM_WRITE status = UVM_IS_OK
# UVM_INFO /ictc/other/tools/QuestaDVA/questasim/verilog_src/uvm-1.2/src/reg/uvm_reg_predictor.svh(221) @ 246937000: uvm_test_top.env.ahb_predictor [REG_PREDICT] Observed WRITE transaction to register regmodel.DLL: value='h45 : updated value = 'h45
# UVM_INFO ./../regmodel/uart_reg2ahb_adapter.sv(42) @ 246938000: reporter [uart_reg2ahb_adapter] bus2reg: address = 0x8 data = 0x1 kind = UVM_WRITE status = UVM_IS_OK
# UVM_INFO /ictc/other/tools/QuestaDVA/questasim/verilog_src/uvm-1.2/src/reg/uvm_reg_predictor.svh(221) @ 246938000: uvm_test_top.env.ahb_predictor [REG_PREDICT] Observed WRITE transaction to register regmodel.DLH: value='h1 : updated value = 'h1
# UVM_INFO ./../regmodel/uart_reg2ahb_adapter.sv(42) @ 246938000: reporter [uart_reg2ahb_adapter] bus2reg: address = 0xc data = 0x24 kind = UVM_WRITE status = UVM_IS_OK
# UVM_INFO /ictc/other/tools/QuestaDVA/questasim/verilog_src/uvm-1.2/src/reg/uvm_reg_predictor.svh(221) @ 246938000: uvm_test_top.env.ahb_predictor [REG_PREDICT] Observed WRITE transaction to register regmodel.LCR: value='h24 : updated value = 'h24
# UVM_INFO ./../regmodel/uart_reg2ahb_adapter.sv(42) @ 246938000: reporter [uart_reg2ahb_adapter] bus2reg: address = 0x10 data = 0x8 kind = UVM_WRITE status = UVM_IS_OK
# UVM_INFO /ictc/other/tools/QuestaDVA/questasim/verilog_src/uvm-1.2/src/reg/uvm_reg_predictor.svh(221) @ 246938000: uvm_test_top.env.ahb_predictor [REG_PREDICT] Observed WRITE transaction to register regmodel.IER: value='h8 : updated value = 'h8
# ===== Received Data from IER =====
# UVM_INFO ./../regmodel/uart_reg2ahb_adapter.sv(42) @ 246938000: reporter [uart_reg2ahb_adapter] bus2reg: address = 0x14 data = 0x6 kind = UVM_READ status = UVM_IS_OK
# UVM_INFO /ictc/other/tools/QuestaDVA/questasim/verilog_src/uvm-1.2/src/reg/uvm_reg_predictor.svh(225) @ 246938000: uvm_test_top.env.ahb_predictor [REG_PREDICT] Observed READ transaction to register regmodel.FSR: value='h6
# UVM_ERROR ./../sequences/ahb_rxd_rx_empty_sequence.sv(130) @ 246948000: uvm_test_top.env.ahb_agt.sequencer@@rx_empty [ahb_rxd_rx_empty_sequence] 
# ===== FAILED!!! RX_EMPTY_STATUS is not right =====
# UVM_INFO ./../regmodel/uart_reg2ahb_adapter.sv(42) @ 247780000: reporter [uart_reg2ahb_adapter] bus2reg: address = 0x14 data = 0x6 kind = UVM_READ status = UVM_IS_OK
# UVM_INFO /ictc/other/tools/QuestaDVA/questasim/verilog_src/uvm-1.2/src/reg/uvm_reg_predictor.svh(225) @ 247780000: uvm_test_top.env.ahb_predictor [REG_PREDICT] Observed READ transaction to register regmodel.FSR: value='h6
# UVM_INFO ./../testcases/uart_rxd_interrupt.sv(40) @ 257790000: uvm_test_top [uart_rxd_interrupt] --------------------------------------------------------------
# Name                Type                Size  Value           
# --------------------------------------------------------------
# cfg                 uart_configuration  -     @360            
#   parity_mode       parity_mode_e       32    UART_PARITY_NONE
#   sampling          sampling_mode_e     32    MODE_X13        
#   data_width        integral            32    'h5             
#   num_of_stop_bit   integral            32    'h2             
#   baud_rate         integral            32    'h4b00          
#   baud_rate_enable  integral            1     'h0             
#   parity_enable     integral            1     'h0             
#   interrupt_enable  integral            1     'h0             
# --------------------------------------------------------------
# 
# UVM_INFO ./../regmodel/uart_reg2ahb_adapter.sv(42) @ 257790000: reporter [uart_reg2ahb_adapter] bus2reg: address = 0x0 data = 0x1 kind = UVM_WRITE status = UVM_IS_OK
# UVM_INFO /ictc/other/tools/QuestaDVA/questasim/verilog_src/uvm-1.2/src/reg/uvm_reg_predictor.svh(221) @ 257790000: uvm_test_top.env.ahb_predictor [REG_PREDICT] Observed WRITE transaction to register regmodel.MDR: value='h1 : updated value = 'h1
# UVM_INFO ./../regmodel/uart_reg2ahb_adapter.sv(42) @ 257790000: reporter [uart_reg2ahb_adapter] bus2reg: address = 0x4 data = 0x91 kind = UVM_WRITE status = UVM_IS_OK
# UVM_INFO /ictc/other/tools/QuestaDVA/questasim/verilog_src/uvm-1.2/src/reg/uvm_reg_predictor.svh(221) @ 257790000: uvm_test_top.env.ahb_predictor [REG_PREDICT] Observed WRITE transaction to register regmodel.DLL: value='h91 : updated value = 'h91
# UVM_INFO ./../regmodel/uart_reg2ahb_adapter.sv(42) @ 257790000: reporter [uart_reg2ahb_adapter] bus2reg: address = 0x8 data = 0x1 kind = UVM_WRITE status = UVM_IS_OK
# UVM_INFO /ictc/other/tools/QuestaDVA/questasim/verilog_src/uvm-1.2/src/reg/uvm_reg_predictor.svh(221) @ 257790000: uvm_test_top.env.ahb_predictor [REG_PREDICT] Observed WRITE transaction to register regmodel.DLH: value='h1 : updated value = 'h1
# UVM_INFO ./../regmodel/uart_reg2ahb_adapter.sv(42) @ 257790000: reporter [uart_reg2ahb_adapter] bus2reg: address = 0xc data = 0x24 kind = UVM_WRITE status = UVM_IS_OK
# UVM_INFO /ictc/other/tools/QuestaDVA/questasim/verilog_src/uvm-1.2/src/reg/uvm_reg_predictor.svh(221) @ 257790000: uvm_test_top.env.ahb_predictor [REG_PREDICT] Observed WRITE transaction to register regmodel.LCR: value='h24 : updated value = 'h24
# UVM_INFO ./../regmodel/uart_reg2ahb_adapter.sv(42) @ 257790000: reporter [uart_reg2ahb_adapter] bus2reg: address = 0x10 data = 0x8 kind = UVM_WRITE status = UVM_IS_OK
# UVM_INFO /ictc/other/tools/QuestaDVA/questasim/verilog_src/uvm-1.2/src/reg/uvm_reg_predictor.svh(221) @ 257790000: uvm_test_top.env.ahb_predictor [REG_PREDICT] Observed WRITE transaction to register regmodel.IER: value='h8 : updated value = 'h8
# ===== Received Data from IER =====
# UVM_INFO ./../regmodel/uart_reg2ahb_adapter.sv(42) @ 257790000: reporter [uart_reg2ahb_adapter] bus2reg: address = 0x14 data = 0x6 kind = UVM_READ status = UVM_IS_OK
# UVM_INFO /ictc/other/tools/QuestaDVA/questasim/verilog_src/uvm-1.2/src/reg/uvm_reg_predictor.svh(225) @ 257790000: uvm_test_top.env.ahb_predictor [REG_PREDICT] Observed READ transaction to register regmodel.FSR: value='h6
# UVM_ERROR ./../sequences/ahb_rxd_rx_empty_sequence.sv(130) @ 257800000: uvm_test_top.env.ahb_agt.sequencer@@rx_empty [ahb_rxd_rx_empty_sequence] 
# ===== FAILED!!! RX_EMPTY_STATUS is not right =====
# UVM_INFO ./../regmodel/uart_reg2ahb_adapter.sv(42) @ 258632000: reporter [uart_reg2ahb_adapter] bus2reg: address = 0x14 data = 0x6 kind = UVM_READ status = UVM_IS_OK
# UVM_INFO /ictc/other/tools/QuestaDVA/questasim/verilog_src/uvm-1.2/src/reg/uvm_reg_predictor.svh(225) @ 258632000: uvm_test_top.env.ahb_predictor [REG_PREDICT] Observed READ transaction to register regmodel.FSR: value='h6
# UVM_INFO ./../testcases/uart_rxd_interrupt.sv(40) @ 268642000: uvm_test_top [uart_rxd_interrupt] --------------------------------------------------------------
# Name                Type                Size  Value           
# --------------------------------------------------------------
# cfg                 uart_configuration  -     @360            
#   parity_mode       parity_mode_e       32    UART_PARITY_NONE
#   sampling          sampling_mode_e     32    MODE_X16        
#   data_width        integral            32    'h5             
#   num_of_stop_bit   integral            32    'h2             
#   baud_rate         integral            32    'h9600          
#   baud_rate_enable  integral            1     'h0             
#   parity_enable     integral            1     'h0             
#   interrupt_enable  integral            1     'h0             
# --------------------------------------------------------------
# 
# UVM_INFO ./../regmodel/uart_reg2ahb_adapter.sv(42) @ 268643000: reporter [uart_reg2ahb_adapter] bus2reg: address = 0x0 data = 0x0 kind = UVM_WRITE status = UVM_IS_OK
# UVM_INFO /ictc/other/tools/QuestaDVA/questasim/verilog_src/uvm-1.2/src/reg/uvm_reg_predictor.svh(221) @ 268643000: uvm_test_top.env.ahb_predictor [REG_PREDICT] Observed WRITE transaction to register regmodel.MDR: value='h0 : updated value = 'h0
# UVM_INFO ./../regmodel/uart_reg2ahb_adapter.sv(42) @ 268643000: reporter [uart_reg2ahb_adapter] bus2reg: address = 0x4 data = 0xa4 kind = UVM_WRITE status = UVM_IS_OK
# UVM_INFO /ictc/other/tools/QuestaDVA/questasim/verilog_src/uvm-1.2/src/reg/uvm_reg_predictor.svh(221) @ 268643000: uvm_test_top.env.ahb_predictor [REG_PREDICT] Observed WRITE transaction to register regmodel.DLL: value='ha4 : updated value = 'ha4
# UVM_INFO ./../regmodel/uart_reg2ahb_adapter.sv(42) @ 268643000: reporter [uart_reg2ahb_adapter] bus2reg: address = 0x8 data = 0x0 kind = UVM_WRITE status = UVM_IS_OK
# UVM_INFO /ictc/other/tools/QuestaDVA/questasim/verilog_src/uvm-1.2/src/reg/uvm_reg_predictor.svh(221) @ 268643000: uvm_test_top.env.ahb_predictor [REG_PREDICT] Observed WRITE transaction to register regmodel.DLH: value='h0 : updated value = 'h0
# UVM_INFO ./../regmodel/uart_reg2ahb_adapter.sv(42) @ 268643000: reporter [uart_reg2ahb_adapter] bus2reg: address = 0xc data = 0x24 kind = UVM_WRITE status = UVM_IS_OK
# UVM_INFO /ictc/other/tools/QuestaDVA/questasim/verilog_src/uvm-1.2/src/reg/uvm_reg_predictor.svh(221) @ 268643000: uvm_test_top.env.ahb_predictor [REG_PREDICT] Observed WRITE transaction to register regmodel.LCR: value='h24 : updated value = 'h24
# UVM_INFO ./../regmodel/uart_reg2ahb_adapter.sv(42) @ 268643000: reporter [uart_reg2ahb_adapter] bus2reg: address = 0x10 data = 0x8 kind = UVM_WRITE status = UVM_IS_OK
# UVM_INFO /ictc/other/tools/QuestaDVA/questasim/verilog_src/uvm-1.2/src/reg/uvm_reg_predictor.svh(221) @ 268643000: uvm_test_top.env.ahb_predictor [REG_PREDICT] Observed WRITE transaction to register regmodel.IER: value='h8 : updated value = 'h8
# ===== Received Data from IER =====
# UVM_INFO ./../regmodel/uart_reg2ahb_adapter.sv(42) @ 268643000: reporter [uart_reg2ahb_adapter] bus2reg: address = 0x14 data = 0x6 kind = UVM_READ status = UVM_IS_OK
# UVM_INFO /ictc/other/tools/QuestaDVA/questasim/verilog_src/uvm-1.2/src/reg/uvm_reg_predictor.svh(225) @ 268643000: uvm_test_top.env.ahb_predictor [REG_PREDICT] Observed READ transaction to register regmodel.FSR: value='h6
# UVM_ERROR ./../sequences/ahb_rxd_rx_empty_sequence.sv(130) @ 268653000: uvm_test_top.env.ahb_agt.sequencer@@rx_empty [ahb_rxd_rx_empty_sequence] 
# ===== FAILED!!! RX_EMPTY_STATUS is not right =====
# UVM_INFO ./../regmodel/uart_reg2ahb_adapter.sv(42) @ 269069000: reporter [uart_reg2ahb_adapter] bus2reg: address = 0x14 data = 0x6 kind = UVM_READ status = UVM_IS_OK
# UVM_INFO /ictc/other/tools/QuestaDVA/questasim/verilog_src/uvm-1.2/src/reg/uvm_reg_predictor.svh(225) @ 269069000: uvm_test_top.env.ahb_predictor [REG_PREDICT] Observed READ transaction to register regmodel.FSR: value='h6
# UVM_INFO ./../testcases/uart_rxd_interrupt.sv(40) @ 279079000: uvm_test_top [uart_rxd_interrupt] --------------------------------------------------------------
# Name                Type                Size  Value           
# --------------------------------------------------------------
# cfg                 uart_configuration  -     @360            
#   parity_mode       parity_mode_e       32    UART_PARITY_NONE
#   sampling          sampling_mode_e     32    MODE_X13        
#   data_width        integral            32    'h5             
#   num_of_stop_bit   integral            32    'h2             
#   baud_rate         integral            32    'h9600          
#   baud_rate_enable  integral            1     'h0             
#   parity_enable     integral            1     'h0             
#   interrupt_enable  integral            1     'h0             
# --------------------------------------------------------------
# 
# UVM_INFO ./../regmodel/uart_reg2ahb_adapter.sv(42) @ 279079000: reporter [uart_reg2ahb_adapter] bus2reg: address = 0x0 data = 0x1 kind = UVM_WRITE status = UVM_IS_OK
# UVM_INFO /ictc/other/tools/QuestaDVA/questasim/verilog_src/uvm-1.2/src/reg/uvm_reg_predictor.svh(221) @ 279079000: uvm_test_top.env.ahb_predictor [REG_PREDICT] Observed WRITE transaction to register regmodel.MDR: value='h1 : updated value = 'h1
# UVM_INFO ./../regmodel/uart_reg2ahb_adapter.sv(42) @ 279079000: reporter [uart_reg2ahb_adapter] bus2reg: address = 0x4 data = 0xc8 kind = UVM_WRITE status = UVM_IS_OK
# UVM_INFO /ictc/other/tools/QuestaDVA/questasim/verilog_src/uvm-1.2/src/reg/uvm_reg_predictor.svh(221) @ 279079000: uvm_test_top.env.ahb_predictor [REG_PREDICT] Observed WRITE transaction to register regmodel.DLL: value='hc8 : updated value = 'hc8
# UVM_INFO ./../regmodel/uart_reg2ahb_adapter.sv(42) @ 279079000: reporter [uart_reg2ahb_adapter] bus2reg: address = 0x8 data = 0x0 kind = UVM_WRITE status = UVM_IS_OK
# UVM_INFO /ictc/other/tools/QuestaDVA/questasim/verilog_src/uvm-1.2/src/reg/uvm_reg_predictor.svh(221) @ 279079000: uvm_test_top.env.ahb_predictor [REG_PREDICT] Observed WRITE transaction to register regmodel.DLH: value='h0 : updated value = 'h0
# UVM_INFO ./../regmodel/uart_reg2ahb_adapter.sv(42) @ 279079000: reporter [uart_reg2ahb_adapter] bus2reg: address = 0xc data = 0x24 kind = UVM_WRITE status = UVM_IS_OK
# UVM_INFO /ictc/other/tools/QuestaDVA/questasim/verilog_src/uvm-1.2/src/reg/uvm_reg_predictor.svh(221) @ 279079000: uvm_test_top.env.ahb_predictor [REG_PREDICT] Observed WRITE transaction to register regmodel.LCR: value='h24 : updated value = 'h24
# UVM_INFO ./../regmodel/uart_reg2ahb_adapter.sv(42) @ 279079000: reporter [uart_reg2ahb_adapter] bus2reg: address = 0x10 data = 0x8 kind = UVM_WRITE status = UVM_IS_OK
# UVM_INFO /ictc/other/tools/QuestaDVA/questasim/verilog_src/uvm-1.2/src/reg/uvm_reg_predictor.svh(221) @ 279079000: uvm_test_top.env.ahb_predictor [REG_PREDICT] Observed WRITE transaction to register regmodel.IER: value='h8 : updated value = 'h8
# ===== Received Data from IER =====
# UVM_INFO ./../regmodel/uart_reg2ahb_adapter.sv(42) @ 279080000: reporter [uart_reg2ahb_adapter] bus2reg: address = 0x14 data = 0x6 kind = UVM_READ status = UVM_IS_OK
# UVM_INFO /ictc/other/tools/QuestaDVA/questasim/verilog_src/uvm-1.2/src/reg/uvm_reg_predictor.svh(225) @ 279080000: uvm_test_top.env.ahb_predictor [REG_PREDICT] Observed READ transaction to register regmodel.FSR: value='h6
# UVM_ERROR ./../sequences/ahb_rxd_rx_empty_sequence.sv(130) @ 279090000: uvm_test_top.env.ahb_agt.sequencer@@rx_empty [ahb_rxd_rx_empty_sequence] 
# ===== FAILED!!! RX_EMPTY_STATUS is not right =====
# UVM_INFO ./../regmodel/uart_reg2ahb_adapter.sv(42) @ 279506000: reporter [uart_reg2ahb_adapter] bus2reg: address = 0x14 data = 0x6 kind = UVM_READ status = UVM_IS_OK
# UVM_INFO /ictc/other/tools/QuestaDVA/questasim/verilog_src/uvm-1.2/src/reg/uvm_reg_predictor.svh(225) @ 279506000: uvm_test_top.env.ahb_predictor [REG_PREDICT] Observed READ transaction to register regmodel.FSR: value='h6
# UVM_INFO ./../testcases/uart_rxd_interrupt.sv(40) @ 289516000: uvm_test_top [uart_rxd_interrupt] --------------------------------------------------------------
# Name                Type                Size  Value           
# --------------------------------------------------------------
# cfg                 uart_configuration  -     @360            
#   parity_mode       parity_mode_e       32    UART_PARITY_NONE
#   sampling          sampling_mode_e     32    MODE_X16        
#   data_width        integral            32    'h5             
#   num_of_stop_bit   integral            32    'h2             
#   baud_rate         integral            32    'h12c00         
#   baud_rate_enable  integral            1     'h0             
#   parity_enable     integral            1     'h0             
#   interrupt_enable  integral            1     'h0             
# --------------------------------------------------------------
# 
# UVM_INFO ./../regmodel/uart_reg2ahb_adapter.sv(42) @ 289516000: reporter [uart_reg2ahb_adapter] bus2reg: address = 0x0 data = 0x0 kind = UVM_WRITE status = UVM_IS_OK
# UVM_INFO /ictc/other/tools/QuestaDVA/questasim/verilog_src/uvm-1.2/src/reg/uvm_reg_predictor.svh(221) @ 289516000: uvm_test_top.env.ahb_predictor [REG_PREDICT] Observed WRITE transaction to register regmodel.MDR: value='h0 : updated value = 'h0
# UVM_INFO ./../regmodel/uart_reg2ahb_adapter.sv(42) @ 289516000: reporter [uart_reg2ahb_adapter] bus2reg: address = 0x4 data = 0x51 kind = UVM_WRITE status = UVM_IS_OK
# UVM_INFO /ictc/other/tools/QuestaDVA/questasim/verilog_src/uvm-1.2/src/reg/uvm_reg_predictor.svh(221) @ 289516000: uvm_test_top.env.ahb_predictor [REG_PREDICT] Observed WRITE transaction to register regmodel.DLL: value='h51 : updated value = 'h51
# UVM_INFO ./../regmodel/uart_reg2ahb_adapter.sv(42) @ 289516000: reporter [uart_reg2ahb_adapter] bus2reg: address = 0x8 data = 0x0 kind = UVM_WRITE status = UVM_IS_OK
# UVM_INFO /ictc/other/tools/QuestaDVA/questasim/verilog_src/uvm-1.2/src/reg/uvm_reg_predictor.svh(221) @ 289516000: uvm_test_top.env.ahb_predictor [REG_PREDICT] Observed WRITE transaction to register regmodel.DLH: value='h0 : updated value = 'h0
# UVM_INFO ./../regmodel/uart_reg2ahb_adapter.sv(42) @ 289516000: reporter [uart_reg2ahb_adapter] bus2reg: address = 0xc data = 0x24 kind = UVM_WRITE status = UVM_IS_OK
# UVM_INFO /ictc/other/tools/QuestaDVA/questasim/verilog_src/uvm-1.2/src/reg/uvm_reg_predictor.svh(221) @ 289516000: uvm_test_top.env.ahb_predictor [REG_PREDICT] Observed WRITE transaction to register regmodel.LCR: value='h24 : updated value = 'h24
# UVM_INFO ./../regmodel/uart_reg2ahb_adapter.sv(42) @ 289516000: reporter [uart_reg2ahb_adapter] bus2reg: address = 0x10 data = 0x8 kind = UVM_WRITE status = UVM_IS_OK
# UVM_INFO /ictc/other/tools/QuestaDVA/questasim/verilog_src/uvm-1.2/src/reg/uvm_reg_predictor.svh(221) @ 289516000: uvm_test_top.env.ahb_predictor [REG_PREDICT] Observed WRITE transaction to register regmodel.IER: value='h8 : updated value = 'h8
# ===== Received Data from IER =====
# UVM_INFO ./../regmodel/uart_reg2ahb_adapter.sv(42) @ 289516000: reporter [uart_reg2ahb_adapter] bus2reg: address = 0x14 data = 0x6 kind = UVM_READ status = UVM_IS_OK
# UVM_INFO /ictc/other/tools/QuestaDVA/questasim/verilog_src/uvm-1.2/src/reg/uvm_reg_predictor.svh(225) @ 289516000: uvm_test_top.env.ahb_predictor [REG_PREDICT] Observed READ transaction to register regmodel.FSR: value='h6
# UVM_ERROR ./../sequences/ahb_rxd_rx_empty_sequence.sv(130) @ 289526000: uvm_test_top.env.ahb_agt.sequencer@@rx_empty [ahb_rxd_rx_empty_sequence] 
# ===== FAILED!!! RX_EMPTY_STATUS is not right =====
# UVM_INFO ./../regmodel/uart_reg2ahb_adapter.sv(42) @ 289734000: reporter [uart_reg2ahb_adapter] bus2reg: address = 0x14 data = 0x6 kind = UVM_READ status = UVM_IS_OK
# UVM_INFO /ictc/other/tools/QuestaDVA/questasim/verilog_src/uvm-1.2/src/reg/uvm_reg_predictor.svh(225) @ 289734000: uvm_test_top.env.ahb_predictor [REG_PREDICT] Observed READ transaction to register regmodel.FSR: value='h6
# UVM_INFO ./../testcases/uart_rxd_interrupt.sv(40) @ 299744000: uvm_test_top [uart_rxd_interrupt] --------------------------------------------------------------
# Name                Type                Size  Value           
# --------------------------------------------------------------
# cfg                 uart_configuration  -     @360            
#   parity_mode       parity_mode_e       32    UART_PARITY_NONE
#   sampling          sampling_mode_e     32    MODE_X13        
#   data_width        integral            32    'h5             
#   num_of_stop_bit   integral            32    'h2             
#   baud_rate         integral            32    'h12c00         
#   baud_rate_enable  integral            1     'h0             
#   parity_enable     integral            1     'h0             
#   interrupt_enable  integral            1     'h0             
# --------------------------------------------------------------
# 
# UVM_INFO ./../regmodel/uart_reg2ahb_adapter.sv(42) @ 299744000: reporter [uart_reg2ahb_adapter] bus2reg: address = 0x0 data = 0x1 kind = UVM_WRITE status = UVM_IS_OK
# UVM_INFO /ictc/other/tools/QuestaDVA/questasim/verilog_src/uvm-1.2/src/reg/uvm_reg_predictor.svh(221) @ 299744000: uvm_test_top.env.ahb_predictor [REG_PREDICT] Observed WRITE transaction to register regmodel.MDR: value='h1 : updated value = 'h1
# UVM_INFO ./../regmodel/uart_reg2ahb_adapter.sv(42) @ 299744000: reporter [uart_reg2ahb_adapter] bus2reg: address = 0x4 data = 0x64 kind = UVM_WRITE status = UVM_IS_OK
# UVM_INFO /ictc/other/tools/QuestaDVA/questasim/verilog_src/uvm-1.2/src/reg/uvm_reg_predictor.svh(221) @ 299744000: uvm_test_top.env.ahb_predictor [REG_PREDICT] Observed WRITE transaction to register regmodel.DLL: value='h64 : updated value = 'h64
# UVM_INFO ./../regmodel/uart_reg2ahb_adapter.sv(42) @ 299744000: reporter [uart_reg2ahb_adapter] bus2reg: address = 0x8 data = 0x0 kind = UVM_WRITE status = UVM_IS_OK
# UVM_INFO /ictc/other/tools/QuestaDVA/questasim/verilog_src/uvm-1.2/src/reg/uvm_reg_predictor.svh(221) @ 299744000: uvm_test_top.env.ahb_predictor [REG_PREDICT] Observed WRITE transaction to register regmodel.DLH: value='h0 : updated value = 'h0
# UVM_INFO ./../regmodel/uart_reg2ahb_adapter.sv(42) @ 299744000: reporter [uart_reg2ahb_adapter] bus2reg: address = 0xc data = 0x24 kind = UVM_WRITE status = UVM_IS_OK
# UVM_INFO /ictc/other/tools/QuestaDVA/questasim/verilog_src/uvm-1.2/src/reg/uvm_reg_predictor.svh(221) @ 299744000: uvm_test_top.env.ahb_predictor [REG_PREDICT] Observed WRITE transaction to register regmodel.LCR: value='h24 : updated value = 'h24
# UVM_INFO ./../regmodel/uart_reg2ahb_adapter.sv(42) @ 299745000: reporter [uart_reg2ahb_adapter] bus2reg: address = 0x10 data = 0x8 kind = UVM_WRITE status = UVM_IS_OK
# UVM_INFO /ictc/other/tools/QuestaDVA/questasim/verilog_src/uvm-1.2/src/reg/uvm_reg_predictor.svh(221) @ 299745000: uvm_test_top.env.ahb_predictor [REG_PREDICT] Observed WRITE transaction to register regmodel.IER: value='h8 : updated value = 'h8
# ===== Received Data from IER =====
# UVM_INFO ./../regmodel/uart_reg2ahb_adapter.sv(42) @ 299745000: reporter [uart_reg2ahb_adapter] bus2reg: address = 0x14 data = 0x6 kind = UVM_READ status = UVM_IS_OK
# UVM_INFO /ictc/other/tools/QuestaDVA/questasim/verilog_src/uvm-1.2/src/reg/uvm_reg_predictor.svh(225) @ 299745000: uvm_test_top.env.ahb_predictor [REG_PREDICT] Observed READ transaction to register regmodel.FSR: value='h6
# UVM_ERROR ./../sequences/ahb_rxd_rx_empty_sequence.sv(130) @ 299755000: uvm_test_top.env.ahb_agt.sequencer@@rx_empty [ahb_rxd_rx_empty_sequence] 
# ===== FAILED!!! RX_EMPTY_STATUS is not right =====
# UVM_INFO ./../regmodel/uart_reg2ahb_adapter.sv(42) @ 299963000: reporter [uart_reg2ahb_adapter] bus2reg: address = 0x14 data = 0x6 kind = UVM_READ status = UVM_IS_OK
# UVM_INFO /ictc/other/tools/QuestaDVA/questasim/verilog_src/uvm-1.2/src/reg/uvm_reg_predictor.svh(225) @ 299963000: uvm_test_top.env.ahb_predictor [REG_PREDICT] Observed READ transaction to register regmodel.FSR: value='h6
# UVM_INFO ./../testcases/uart_rxd_interrupt.sv(40) @ 309973000: uvm_test_top [uart_rxd_interrupt] --------------------------------------------------------------
# Name                Type                Size  Value           
# --------------------------------------------------------------
# cfg                 uart_configuration  -     @360            
#   parity_mode       parity_mode_e       32    UART_PARITY_NONE
#   sampling          sampling_mode_e     32    MODE_X16        
#   data_width        integral            32    'h5             
#   num_of_stop_bit   integral            32    'h2             
#   baud_rate         integral            32    'h1c200         
#   baud_rate_enable  integral            1     'h0             
#   parity_enable     integral            1     'h0             
#   interrupt_enable  integral            1     'h0             
# --------------------------------------------------------------
# 
# UVM_INFO ./../regmodel/uart_reg2ahb_adapter.sv(42) @ 309973000: reporter [uart_reg2ahb_adapter] bus2reg: address = 0x0 data = 0x0 kind = UVM_WRITE status = UVM_IS_OK
# UVM_INFO /ictc/other/tools/QuestaDVA/questasim/verilog_src/uvm-1.2/src/reg/uvm_reg_predictor.svh(221) @ 309973000: uvm_test_top.env.ahb_predictor [REG_PREDICT] Observed WRITE transaction to register regmodel.MDR: value='h0 : updated value = 'h0
# UVM_INFO ./../regmodel/uart_reg2ahb_adapter.sv(42) @ 309973000: reporter [uart_reg2ahb_adapter] bus2reg: address = 0x4 data = 0x36 kind = UVM_WRITE status = UVM_IS_OK
# UVM_INFO /ictc/other/tools/QuestaDVA/questasim/verilog_src/uvm-1.2/src/reg/uvm_reg_predictor.svh(221) @ 309973000: uvm_test_top.env.ahb_predictor [REG_PREDICT] Observed WRITE transaction to register regmodel.DLL: value='h36 : updated value = 'h36
# UVM_INFO ./../regmodel/uart_reg2ahb_adapter.sv(42) @ 309973000: reporter [uart_reg2ahb_adapter] bus2reg: address = 0x8 data = 0x0 kind = UVM_WRITE status = UVM_IS_OK
# UVM_INFO /ictc/other/tools/QuestaDVA/questasim/verilog_src/uvm-1.2/src/reg/uvm_reg_predictor.svh(221) @ 309973000: uvm_test_top.env.ahb_predictor [REG_PREDICT] Observed WRITE transaction to register regmodel.DLH: value='h0 : updated value = 'h0
# UVM_INFO ./../regmodel/uart_reg2ahb_adapter.sv(42) @ 309973000: reporter [uart_reg2ahb_adapter] bus2reg: address = 0xc data = 0x24 kind = UVM_WRITE status = UVM_IS_OK
# UVM_INFO /ictc/other/tools/QuestaDVA/questasim/verilog_src/uvm-1.2/src/reg/uvm_reg_predictor.svh(221) @ 309973000: uvm_test_top.env.ahb_predictor [REG_PREDICT] Observed WRITE transaction to register regmodel.LCR: value='h24 : updated value = 'h24
# UVM_INFO ./../regmodel/uart_reg2ahb_adapter.sv(42) @ 309973000: reporter [uart_reg2ahb_adapter] bus2reg: address = 0x10 data = 0x8 kind = UVM_WRITE status = UVM_IS_OK
# UVM_INFO /ictc/other/tools/QuestaDVA/questasim/verilog_src/uvm-1.2/src/reg/uvm_reg_predictor.svh(221) @ 309973000: uvm_test_top.env.ahb_predictor [REG_PREDICT] Observed WRITE transaction to register regmodel.IER: value='h8 : updated value = 'h8
# ===== Received Data from IER =====
# UVM_INFO ./../regmodel/uart_reg2ahb_adapter.sv(42) @ 309973000: reporter [uart_reg2ahb_adapter] bus2reg: address = 0x14 data = 0x6 kind = UVM_READ status = UVM_IS_OK
# UVM_INFO /ictc/other/tools/QuestaDVA/questasim/verilog_src/uvm-1.2/src/reg/uvm_reg_predictor.svh(225) @ 309973000: uvm_test_top.env.ahb_predictor [REG_PREDICT] Observed READ transaction to register regmodel.FSR: value='h6
# UVM_ERROR ./../sequences/ahb_rxd_rx_empty_sequence.sv(130) @ 309983000: uvm_test_top.env.ahb_agt.sequencer@@rx_empty [ahb_rxd_rx_empty_sequence] 
# ===== FAILED!!! RX_EMPTY_STATUS is not right =====
# UVM_INFO ./../regmodel/uart_reg2ahb_adapter.sv(42) @ 310119000: reporter [uart_reg2ahb_adapter] bus2reg: address = 0x14 data = 0x6 kind = UVM_READ status = UVM_IS_OK
# UVM_INFO /ictc/other/tools/QuestaDVA/questasim/verilog_src/uvm-1.2/src/reg/uvm_reg_predictor.svh(225) @ 310119000: uvm_test_top.env.ahb_predictor [REG_PREDICT] Observed READ transaction to register regmodel.FSR: value='h6
# UVM_INFO ./../testcases/uart_rxd_interrupt.sv(40) @ 320129000: uvm_test_top [uart_rxd_interrupt] --------------------------------------------------------------
# Name                Type                Size  Value           
# --------------------------------------------------------------
# cfg                 uart_configuration  -     @360            
#   parity_mode       parity_mode_e       32    UART_PARITY_NONE
#   sampling          sampling_mode_e     32    MODE_X13        
#   data_width        integral            32    'h5             
#   num_of_stop_bit   integral            32    'h2             
#   baud_rate         integral            32    'h1c200         
#   baud_rate_enable  integral            1     'h0             
#   parity_enable     integral            1     'h0             
#   interrupt_enable  integral            1     'h0             
# --------------------------------------------------------------
# 
# UVM_INFO ./../regmodel/uart_reg2ahb_adapter.sv(42) @ 320129000: reporter [uart_reg2ahb_adapter] bus2reg: address = 0x0 data = 0x1 kind = UVM_WRITE status = UVM_IS_OK
# UVM_INFO /ictc/other/tools/QuestaDVA/questasim/verilog_src/uvm-1.2/src/reg/uvm_reg_predictor.svh(221) @ 320129000: uvm_test_top.env.ahb_predictor [REG_PREDICT] Observed WRITE transaction to register regmodel.MDR: value='h1 : updated value = 'h1
# UVM_INFO ./../regmodel/uart_reg2ahb_adapter.sv(42) @ 320129000: reporter [uart_reg2ahb_adapter] bus2reg: address = 0x4 data = 0x43 kind = UVM_WRITE status = UVM_IS_OK
# UVM_INFO /ictc/other/tools/QuestaDVA/questasim/verilog_src/uvm-1.2/src/reg/uvm_reg_predictor.svh(221) @ 320129000: uvm_test_top.env.ahb_predictor [REG_PREDICT] Observed WRITE transaction to register regmodel.DLL: value='h43 : updated value = 'h43
# UVM_INFO ./../regmodel/uart_reg2ahb_adapter.sv(42) @ 320129000: reporter [uart_reg2ahb_adapter] bus2reg: address = 0x8 data = 0x0 kind = UVM_WRITE status = UVM_IS_OK
# UVM_INFO /ictc/other/tools/QuestaDVA/questasim/verilog_src/uvm-1.2/src/reg/uvm_reg_predictor.svh(221) @ 320129000: uvm_test_top.env.ahb_predictor [REG_PREDICT] Observed WRITE transaction to register regmodel.DLH: value='h0 : updated value = 'h0
# UVM_INFO ./../regmodel/uart_reg2ahb_adapter.sv(42) @ 320130000: reporter [uart_reg2ahb_adapter] bus2reg: address = 0xc data = 0x24 kind = UVM_WRITE status = UVM_IS_OK
# UVM_INFO /ictc/other/tools/QuestaDVA/questasim/verilog_src/uvm-1.2/src/reg/uvm_reg_predictor.svh(221) @ 320130000: uvm_test_top.env.ahb_predictor [REG_PREDICT] Observed WRITE transaction to register regmodel.LCR: value='h24 : updated value = 'h24
# UVM_INFO ./../regmodel/uart_reg2ahb_adapter.sv(42) @ 320130000: reporter [uart_reg2ahb_adapter] bus2reg: address = 0x10 data = 0x8 kind = UVM_WRITE status = UVM_IS_OK
# UVM_INFO /ictc/other/tools/QuestaDVA/questasim/verilog_src/uvm-1.2/src/reg/uvm_reg_predictor.svh(221) @ 320130000: uvm_test_top.env.ahb_predictor [REG_PREDICT] Observed WRITE transaction to register regmodel.IER: value='h8 : updated value = 'h8
# ===== Received Data from IER =====
# UVM_INFO ./../regmodel/uart_reg2ahb_adapter.sv(42) @ 320130000: reporter [uart_reg2ahb_adapter] bus2reg: address = 0x14 data = 0x6 kind = UVM_READ status = UVM_IS_OK
# UVM_INFO /ictc/other/tools/QuestaDVA/questasim/verilog_src/uvm-1.2/src/reg/uvm_reg_predictor.svh(225) @ 320130000: uvm_test_top.env.ahb_predictor [REG_PREDICT] Observed READ transaction to register regmodel.FSR: value='h6
# UVM_ERROR ./../sequences/ahb_rxd_rx_empty_sequence.sv(130) @ 320140000: uvm_test_top.env.ahb_agt.sequencer@@rx_empty [ahb_rxd_rx_empty_sequence] 
# ===== FAILED!!! RX_EMPTY_STATUS is not right =====
# UVM_INFO ./../regmodel/uart_reg2ahb_adapter.sv(42) @ 320276000: reporter [uart_reg2ahb_adapter] bus2reg: address = 0x14 data = 0x6 kind = UVM_READ status = UVM_IS_OK
# UVM_INFO /ictc/other/tools/QuestaDVA/questasim/verilog_src/uvm-1.2/src/reg/uvm_reg_predictor.svh(225) @ 320276000: uvm_test_top.env.ahb_predictor [REG_PREDICT] Observed READ transaction to register regmodel.FSR: value='h6
# UVM_INFO ./../testcases/uart_rxd_interrupt.sv(40) @ 330286000: uvm_test_top [uart_rxd_interrupt] --------------------------------------------------------------
# Name                Type                Size  Value           
# --------------------------------------------------------------
# cfg                 uart_configuration  -     @360            
#   parity_mode       parity_mode_e       32    UART_PARITY_NONE
#   sampling          sampling_mode_e     32    MODE_X16        
#   data_width        integral            32    'h6             
#   num_of_stop_bit   integral            32    'h1             
#   baud_rate         integral            32    'h960           
#   baud_rate_enable  integral            1     'h0             
#   parity_enable     integral            1     'h0             
#   interrupt_enable  integral            1     'h0             
# --------------------------------------------------------------
# 
# UVM_INFO ./../regmodel/uart_reg2ahb_adapter.sv(42) @ 330286000: reporter [uart_reg2ahb_adapter] bus2reg: address = 0x0 data = 0x0 kind = UVM_WRITE status = UVM_IS_OK
# UVM_INFO /ictc/other/tools/QuestaDVA/questasim/verilog_src/uvm-1.2/src/reg/uvm_reg_predictor.svh(221) @ 330286000: uvm_test_top.env.ahb_predictor [REG_PREDICT] Observed WRITE transaction to register regmodel.MDR: value='h0 : updated value = 'h0
# UVM_INFO ./../regmodel/uart_reg2ahb_adapter.sv(42) @ 330286000: reporter [uart_reg2ahb_adapter] bus2reg: address = 0x4 data = 0x2c kind = UVM_WRITE status = UVM_IS_OK
# UVM_INFO /ictc/other/tools/QuestaDVA/questasim/verilog_src/uvm-1.2/src/reg/uvm_reg_predictor.svh(221) @ 330286000: uvm_test_top.env.ahb_predictor [REG_PREDICT] Observed WRITE transaction to register regmodel.DLL: value='h2c : updated value = 'h2c
# UVM_INFO ./../regmodel/uart_reg2ahb_adapter.sv(42) @ 330286000: reporter [uart_reg2ahb_adapter] bus2reg: address = 0x8 data = 0xa kind = UVM_WRITE status = UVM_IS_OK
# UVM_INFO /ictc/other/tools/QuestaDVA/questasim/verilog_src/uvm-1.2/src/reg/uvm_reg_predictor.svh(221) @ 330286000: uvm_test_top.env.ahb_predictor [REG_PREDICT] Observed WRITE transaction to register regmodel.DLH: value='ha : updated value = 'ha
# UVM_INFO ./../regmodel/uart_reg2ahb_adapter.sv(42) @ 330286000: reporter [uart_reg2ahb_adapter] bus2reg: address = 0xc data = 0x21 kind = UVM_WRITE status = UVM_IS_OK
# UVM_INFO /ictc/other/tools/QuestaDVA/questasim/verilog_src/uvm-1.2/src/reg/uvm_reg_predictor.svh(221) @ 330286000: uvm_test_top.env.ahb_predictor [REG_PREDICT] Observed WRITE transaction to register regmodel.LCR: value='h21 : updated value = 'h21
# UVM_INFO ./../regmodel/uart_reg2ahb_adapter.sv(42) @ 330286000: reporter [uart_reg2ahb_adapter] bus2reg: address = 0x10 data = 0x8 kind = UVM_WRITE status = UVM_IS_OK
# UVM_INFO /ictc/other/tools/QuestaDVA/questasim/verilog_src/uvm-1.2/src/reg/uvm_reg_predictor.svh(221) @ 330286000: uvm_test_top.env.ahb_predictor [REG_PREDICT] Observed WRITE transaction to register regmodel.IER: value='h8 : updated value = 'h8
# ===== Received Data from IER =====
# UVM_INFO ./../regmodel/uart_reg2ahb_adapter.sv(42) @ 330286000: reporter [uart_reg2ahb_adapter] bus2reg: address = 0x14 data = 0x6 kind = UVM_READ status = UVM_IS_OK
# UVM_INFO /ictc/other/tools/QuestaDVA/questasim/verilog_src/uvm-1.2/src/reg/uvm_reg_predictor.svh(225) @ 330286000: uvm_test_top.env.ahb_predictor [REG_PREDICT] Observed READ transaction to register regmodel.FSR: value='h6
# UVM_ERROR ./../sequences/ahb_rxd_rx_empty_sequence.sv(130) @ 330296000: uvm_test_top.env.ahb_agt.sequencer@@rx_empty [ahb_rxd_rx_empty_sequence] 
# ===== FAILED!!! RX_EMPTY_STATUS is not right =====
# UVM_INFO ./../regmodel/uart_reg2ahb_adapter.sv(42) @ 336960000: reporter [uart_reg2ahb_adapter] bus2reg: address = 0x14 data = 0x6 kind = UVM_READ status = UVM_IS_OK
# UVM_INFO /ictc/other/tools/QuestaDVA/questasim/verilog_src/uvm-1.2/src/reg/uvm_reg_predictor.svh(225) @ 336960000: uvm_test_top.env.ahb_predictor [REG_PREDICT] Observed READ transaction to register regmodel.FSR: value='h6
# UVM_INFO ./../testcases/uart_rxd_interrupt.sv(40) @ 346970000: uvm_test_top [uart_rxd_interrupt] --------------------------------------------------------------
# Name                Type                Size  Value           
# --------------------------------------------------------------
# cfg                 uart_configuration  -     @360            
#   parity_mode       parity_mode_e       32    UART_PARITY_NONE
#   sampling          sampling_mode_e     32    MODE_X13        
#   data_width        integral            32    'h6             
#   num_of_stop_bit   integral            32    'h1             
#   baud_rate         integral            32    'h960           
#   baud_rate_enable  integral            1     'h0             
#   parity_enable     integral            1     'h0             
#   interrupt_enable  integral            1     'h0             
# --------------------------------------------------------------
# 
# UVM_INFO ./../regmodel/uart_reg2ahb_adapter.sv(42) @ 346970000: reporter [uart_reg2ahb_adapter] bus2reg: address = 0x0 data = 0x1 kind = UVM_WRITE status = UVM_IS_OK
# UVM_INFO /ictc/other/tools/QuestaDVA/questasim/verilog_src/uvm-1.2/src/reg/uvm_reg_predictor.svh(221) @ 346970000: uvm_test_top.env.ahb_predictor [REG_PREDICT] Observed WRITE transaction to register regmodel.MDR: value='h1 : updated value = 'h1
# UVM_INFO ./../regmodel/uart_reg2ahb_adapter.sv(42) @ 346971000: reporter [uart_reg2ahb_adapter] bus2reg: address = 0x4 data = 0x85 kind = UVM_WRITE status = UVM_IS_OK
# UVM_INFO /ictc/other/tools/QuestaDVA/questasim/verilog_src/uvm-1.2/src/reg/uvm_reg_predictor.svh(221) @ 346971000: uvm_test_top.env.ahb_predictor [REG_PREDICT] Observed WRITE transaction to register regmodel.DLL: value='h85 : updated value = 'h85
# UVM_INFO ./../regmodel/uart_reg2ahb_adapter.sv(42) @ 346971000: reporter [uart_reg2ahb_adapter] bus2reg: address = 0x8 data = 0xc kind = UVM_WRITE status = UVM_IS_OK
# UVM_INFO /ictc/other/tools/QuestaDVA/questasim/verilog_src/uvm-1.2/src/reg/uvm_reg_predictor.svh(221) @ 346971000: uvm_test_top.env.ahb_predictor [REG_PREDICT] Observed WRITE transaction to register regmodel.DLH: value='hc : updated value = 'hc
# UVM_INFO ./../regmodel/uart_reg2ahb_adapter.sv(42) @ 346971000: reporter [uart_reg2ahb_adapter] bus2reg: address = 0xc data = 0x21 kind = UVM_WRITE status = UVM_IS_OK
# UVM_INFO /ictc/other/tools/QuestaDVA/questasim/verilog_src/uvm-1.2/src/reg/uvm_reg_predictor.svh(221) @ 346971000: uvm_test_top.env.ahb_predictor [REG_PREDICT] Observed WRITE transaction to register regmodel.LCR: value='h21 : updated value = 'h21
# UVM_INFO ./../regmodel/uart_reg2ahb_adapter.sv(42) @ 346971000: reporter [uart_reg2ahb_adapter] bus2reg: address = 0x10 data = 0x8 kind = UVM_WRITE status = UVM_IS_OK
# UVM_INFO /ictc/other/tools/QuestaDVA/questasim/verilog_src/uvm-1.2/src/reg/uvm_reg_predictor.svh(221) @ 346971000: uvm_test_top.env.ahb_predictor [REG_PREDICT] Observed WRITE transaction to register regmodel.IER: value='h8 : updated value = 'h8
# ===== Received Data from IER =====
# UVM_INFO ./../regmodel/uart_reg2ahb_adapter.sv(42) @ 346971000: reporter [uart_reg2ahb_adapter] bus2reg: address = 0x14 data = 0x6 kind = UVM_READ status = UVM_IS_OK
# UVM_INFO /ictc/other/tools/QuestaDVA/questasim/verilog_src/uvm-1.2/src/reg/uvm_reg_predictor.svh(225) @ 346971000: uvm_test_top.env.ahb_predictor [REG_PREDICT] Observed READ transaction to register regmodel.FSR: value='h6
# UVM_ERROR ./../sequences/ahb_rxd_rx_empty_sequence.sv(130) @ 346981000: uvm_test_top.env.ahb_agt.sequencer@@rx_empty [ahb_rxd_rx_empty_sequence] 
# ===== FAILED!!! RX_EMPTY_STATUS is not right =====
# UVM_INFO ./../regmodel/uart_reg2ahb_adapter.sv(42) @ 353645000: reporter [uart_reg2ahb_adapter] bus2reg: address = 0x14 data = 0x6 kind = UVM_READ status = UVM_IS_OK
# UVM_INFO /ictc/other/tools/QuestaDVA/questasim/verilog_src/uvm-1.2/src/reg/uvm_reg_predictor.svh(225) @ 353645000: uvm_test_top.env.ahb_predictor [REG_PREDICT] Observed READ transaction to register regmodel.FSR: value='h6
# UVM_INFO ./../testcases/uart_rxd_interrupt.sv(40) @ 363655000: uvm_test_top [uart_rxd_interrupt] --------------------------------------------------------------
# Name                Type                Size  Value           
# --------------------------------------------------------------
# cfg                 uart_configuration  -     @360            
#   parity_mode       parity_mode_e       32    UART_PARITY_NONE
#   sampling          sampling_mode_e     32    MODE_X16        
#   data_width        integral            32    'h6             
#   num_of_stop_bit   integral            32    'h1             
#   baud_rate         integral            32    'h12c0          
#   baud_rate_enable  integral            1     'h0             
#   parity_enable     integral            1     'h0             
#   interrupt_enable  integral            1     'h0             
# --------------------------------------------------------------
# 
# UVM_INFO ./../regmodel/uart_reg2ahb_adapter.sv(42) @ 363655000: reporter [uart_reg2ahb_adapter] bus2reg: address = 0x0 data = 0x0 kind = UVM_WRITE status = UVM_IS_OK
# UVM_INFO /ictc/other/tools/QuestaDVA/questasim/verilog_src/uvm-1.2/src/reg/uvm_reg_predictor.svh(221) @ 363655000: uvm_test_top.env.ahb_predictor [REG_PREDICT] Observed WRITE transaction to register regmodel.MDR: value='h0 : updated value = 'h0
# UVM_INFO ./../regmodel/uart_reg2ahb_adapter.sv(42) @ 363655000: reporter [uart_reg2ahb_adapter] bus2reg: address = 0x4 data = 0x16 kind = UVM_WRITE status = UVM_IS_OK
# UVM_INFO /ictc/other/tools/QuestaDVA/questasim/verilog_src/uvm-1.2/src/reg/uvm_reg_predictor.svh(221) @ 363655000: uvm_test_top.env.ahb_predictor [REG_PREDICT] Observed WRITE transaction to register regmodel.DLL: value='h16 : updated value = 'h16
# UVM_INFO ./../regmodel/uart_reg2ahb_adapter.sv(42) @ 363655000: reporter [uart_reg2ahb_adapter] bus2reg: address = 0x8 data = 0x5 kind = UVM_WRITE status = UVM_IS_OK
# UVM_INFO /ictc/other/tools/QuestaDVA/questasim/verilog_src/uvm-1.2/src/reg/uvm_reg_predictor.svh(221) @ 363655000: uvm_test_top.env.ahb_predictor [REG_PREDICT] Observed WRITE transaction to register regmodel.DLH: value='h5 : updated value = 'h5
# UVM_INFO ./../regmodel/uart_reg2ahb_adapter.sv(42) @ 363655000: reporter [uart_reg2ahb_adapter] bus2reg: address = 0xc data = 0x21 kind = UVM_WRITE status = UVM_IS_OK
# UVM_INFO /ictc/other/tools/QuestaDVA/questasim/verilog_src/uvm-1.2/src/reg/uvm_reg_predictor.svh(221) @ 363655000: uvm_test_top.env.ahb_predictor [REG_PREDICT] Observed WRITE transaction to register regmodel.LCR: value='h21 : updated value = 'h21
# UVM_INFO ./../regmodel/uart_reg2ahb_adapter.sv(42) @ 363655000: reporter [uart_reg2ahb_adapter] bus2reg: address = 0x10 data = 0x8 kind = UVM_WRITE status = UVM_IS_OK
# UVM_INFO /ictc/other/tools/QuestaDVA/questasim/verilog_src/uvm-1.2/src/reg/uvm_reg_predictor.svh(221) @ 363655000: uvm_test_top.env.ahb_predictor [REG_PREDICT] Observed WRITE transaction to register regmodel.IER: value='h8 : updated value = 'h8
# ===== Received Data from IER =====
# UVM_INFO ./../regmodel/uart_reg2ahb_adapter.sv(42) @ 363655000: reporter [uart_reg2ahb_adapter] bus2reg: address = 0x14 data = 0x6 kind = UVM_READ status = UVM_IS_OK
# UVM_INFO /ictc/other/tools/QuestaDVA/questasim/verilog_src/uvm-1.2/src/reg/uvm_reg_predictor.svh(225) @ 363655000: uvm_test_top.env.ahb_predictor [REG_PREDICT] Observed READ transaction to register regmodel.FSR: value='h6
# UVM_ERROR ./../sequences/ahb_rxd_rx_empty_sequence.sv(130) @ 363665000: uvm_test_top.env.ahb_agt.sequencer@@rx_empty [ahb_rxd_rx_empty_sequence] 
# ===== FAILED!!! RX_EMPTY_STATUS is not right =====
# UVM_INFO ./../regmodel/uart_reg2ahb_adapter.sv(42) @ 367002000: reporter [uart_reg2ahb_adapter] bus2reg: address = 0x14 data = 0x6 kind = UVM_READ status = UVM_IS_OK
# UVM_INFO /ictc/other/tools/QuestaDVA/questasim/verilog_src/uvm-1.2/src/reg/uvm_reg_predictor.svh(225) @ 367002000: uvm_test_top.env.ahb_predictor [REG_PREDICT] Observed READ transaction to register regmodel.FSR: value='h6
# UVM_INFO ./../testcases/uart_rxd_interrupt.sv(40) @ 377012000: uvm_test_top [uart_rxd_interrupt] --------------------------------------------------------------
# Name                Type                Size  Value           
# --------------------------------------------------------------
# cfg                 uart_configuration  -     @360            
#   parity_mode       parity_mode_e       32    UART_PARITY_NONE
#   sampling          sampling_mode_e     32    MODE_X13        
#   data_width        integral            32    'h6             
#   num_of_stop_bit   integral            32    'h1             
#   baud_rate         integral            32    'h12c0          
#   baud_rate_enable  integral            1     'h0             
#   parity_enable     integral            1     'h0             
#   interrupt_enable  integral            1     'h0             
# --------------------------------------------------------------
# 
# UVM_INFO ./../regmodel/uart_reg2ahb_adapter.sv(42) @ 377012000: reporter [uart_reg2ahb_adapter] bus2reg: address = 0x0 data = 0x1 kind = UVM_WRITE status = UVM_IS_OK
# UVM_INFO /ictc/other/tools/QuestaDVA/questasim/verilog_src/uvm-1.2/src/reg/uvm_reg_predictor.svh(221) @ 377012000: uvm_test_top.env.ahb_predictor [REG_PREDICT] Observed WRITE transaction to register regmodel.MDR: value='h1 : updated value = 'h1
# UVM_INFO ./../regmodel/uart_reg2ahb_adapter.sv(42) @ 377012000: reporter [uart_reg2ahb_adapter] bus2reg: address = 0x4 data = 0x42 kind = UVM_WRITE status = UVM_IS_OK
# UVM_INFO /ictc/other/tools/QuestaDVA/questasim/verilog_src/uvm-1.2/src/reg/uvm_reg_predictor.svh(221) @ 377012000: uvm_test_top.env.ahb_predictor [REG_PREDICT] Observed WRITE transaction to register regmodel.DLL: value='h42 : updated value = 'h42
# UVM_INFO ./../regmodel/uart_reg2ahb_adapter.sv(42) @ 377012000: reporter [uart_reg2ahb_adapter] bus2reg: address = 0x8 data = 0x6 kind = UVM_WRITE status = UVM_IS_OK
# UVM_INFO /ictc/other/tools/QuestaDVA/questasim/verilog_src/uvm-1.2/src/reg/uvm_reg_predictor.svh(221) @ 377012000: uvm_test_top.env.ahb_predictor [REG_PREDICT] Observed WRITE transaction to register regmodel.DLH: value='h6 : updated value = 'h6
# UVM_INFO ./../regmodel/uart_reg2ahb_adapter.sv(42) @ 377012000: reporter [uart_reg2ahb_adapter] bus2reg: address = 0xc data = 0x21 kind = UVM_WRITE status = UVM_IS_OK
# UVM_INFO /ictc/other/tools/QuestaDVA/questasim/verilog_src/uvm-1.2/src/reg/uvm_reg_predictor.svh(221) @ 377012000: uvm_test_top.env.ahb_predictor [REG_PREDICT] Observed WRITE transaction to register regmodel.LCR: value='h21 : updated value = 'h21
# UVM_INFO ./../regmodel/uart_reg2ahb_adapter.sv(42) @ 377012000: reporter [uart_reg2ahb_adapter] bus2reg: address = 0x10 data = 0x8 kind = UVM_WRITE status = UVM_IS_OK
# UVM_INFO /ictc/other/tools/QuestaDVA/questasim/verilog_src/uvm-1.2/src/reg/uvm_reg_predictor.svh(221) @ 377012000: uvm_test_top.env.ahb_predictor [REG_PREDICT] Observed WRITE transaction to register regmodel.IER: value='h8 : updated value = 'h8
# ===== Received Data from IER =====
# UVM_INFO ./../regmodel/uart_reg2ahb_adapter.sv(42) @ 377012000: reporter [uart_reg2ahb_adapter] bus2reg: address = 0x14 data = 0x6 kind = UVM_READ status = UVM_IS_OK
# UVM_INFO /ictc/other/tools/QuestaDVA/questasim/verilog_src/uvm-1.2/src/reg/uvm_reg_predictor.svh(225) @ 377012000: uvm_test_top.env.ahb_predictor [REG_PREDICT] Observed READ transaction to register regmodel.FSR: value='h6
# UVM_ERROR ./../sequences/ahb_rxd_rx_empty_sequence.sv(130) @ 377022000: uvm_test_top.env.ahb_agt.sequencer@@rx_empty [ahb_rxd_rx_empty_sequence] 
# ===== FAILED!!! RX_EMPTY_STATUS is not right =====
# UVM_INFO ./../regmodel/uart_reg2ahb_adapter.sv(42) @ 380358000: reporter [uart_reg2ahb_adapter] bus2reg: address = 0x14 data = 0x6 kind = UVM_READ status = UVM_IS_OK
# UVM_INFO /ictc/other/tools/QuestaDVA/questasim/verilog_src/uvm-1.2/src/reg/uvm_reg_predictor.svh(225) @ 380358000: uvm_test_top.env.ahb_predictor [REG_PREDICT] Observed READ transaction to register regmodel.FSR: value='h6
# UVM_INFO ./../testcases/uart_rxd_interrupt.sv(40) @ 390368000: uvm_test_top [uart_rxd_interrupt] --------------------------------------------------------------
# Name                Type                Size  Value           
# --------------------------------------------------------------
# cfg                 uart_configuration  -     @360            
#   parity_mode       parity_mode_e       32    UART_PARITY_NONE
#   sampling          sampling_mode_e     32    MODE_X16        
#   data_width        integral            32    'h6             
#   num_of_stop_bit   integral            32    'h1             
#   baud_rate         integral            32    'h2580          
#   baud_rate_enable  integral            1     'h0             
#   parity_enable     integral            1     'h0             
#   interrupt_enable  integral            1     'h0             
# --------------------------------------------------------------
# 
# UVM_INFO ./../regmodel/uart_reg2ahb_adapter.sv(42) @ 390368000: reporter [uart_reg2ahb_adapter] bus2reg: address = 0x0 data = 0x0 kind = UVM_WRITE status = UVM_IS_OK
# UVM_INFO /ictc/other/tools/QuestaDVA/questasim/verilog_src/uvm-1.2/src/reg/uvm_reg_predictor.svh(221) @ 390368000: uvm_test_top.env.ahb_predictor [REG_PREDICT] Observed WRITE transaction to register regmodel.MDR: value='h0 : updated value = 'h0
# UVM_INFO ./../regmodel/uart_reg2ahb_adapter.sv(42) @ 390368000: reporter [uart_reg2ahb_adapter] bus2reg: address = 0x4 data = 0x8b kind = UVM_WRITE status = UVM_IS_OK
# UVM_INFO /ictc/other/tools/QuestaDVA/questasim/verilog_src/uvm-1.2/src/reg/uvm_reg_predictor.svh(221) @ 390368000: uvm_test_top.env.ahb_predictor [REG_PREDICT] Observed WRITE transaction to register regmodel.DLL: value='h8b : updated value = 'h8b
# UVM_INFO ./../regmodel/uart_reg2ahb_adapter.sv(42) @ 390368000: reporter [uart_reg2ahb_adapter] bus2reg: address = 0x8 data = 0x2 kind = UVM_WRITE status = UVM_IS_OK
# UVM_INFO /ictc/other/tools/QuestaDVA/questasim/verilog_src/uvm-1.2/src/reg/uvm_reg_predictor.svh(221) @ 390368000: uvm_test_top.env.ahb_predictor [REG_PREDICT] Observed WRITE transaction to register regmodel.DLH: value='h2 : updated value = 'h2
# UVM_INFO ./../regmodel/uart_reg2ahb_adapter.sv(42) @ 390368000: reporter [uart_reg2ahb_adapter] bus2reg: address = 0xc data = 0x21 kind = UVM_WRITE status = UVM_IS_OK
# UVM_INFO /ictc/other/tools/QuestaDVA/questasim/verilog_src/uvm-1.2/src/reg/uvm_reg_predictor.svh(221) @ 390368000: uvm_test_top.env.ahb_predictor [REG_PREDICT] Observed WRITE transaction to register regmodel.LCR: value='h21 : updated value = 'h21
# UVM_INFO ./../regmodel/uart_reg2ahb_adapter.sv(42) @ 390368000: reporter [uart_reg2ahb_adapter] bus2reg: address = 0x10 data = 0x8 kind = UVM_WRITE status = UVM_IS_OK
# UVM_INFO /ictc/other/tools/QuestaDVA/questasim/verilog_src/uvm-1.2/src/reg/uvm_reg_predictor.svh(221) @ 390368000: uvm_test_top.env.ahb_predictor [REG_PREDICT] Observed WRITE transaction to register regmodel.IER: value='h8 : updated value = 'h8
# ===== Received Data from IER =====
# UVM_INFO ./../regmodel/uart_reg2ahb_adapter.sv(42) @ 390369000: reporter [uart_reg2ahb_adapter] bus2reg: address = 0x14 data = 0x6 kind = UVM_READ status = UVM_IS_OK
# UVM_INFO /ictc/other/tools/QuestaDVA/questasim/verilog_src/uvm-1.2/src/reg/uvm_reg_predictor.svh(225) @ 390369000: uvm_test_top.env.ahb_predictor [REG_PREDICT] Observed READ transaction to register regmodel.FSR: value='h6
# UVM_ERROR ./../sequences/ahb_rxd_rx_empty_sequence.sv(130) @ 390379000: uvm_test_top.env.ahb_agt.sequencer@@rx_empty [ahb_rxd_rx_empty_sequence] 
# ===== FAILED!!! RX_EMPTY_STATUS is not right =====
# UVM_INFO ./../regmodel/uart_reg2ahb_adapter.sv(42) @ 392043000: reporter [uart_reg2ahb_adapter] bus2reg: address = 0x14 data = 0x6 kind = UVM_READ status = UVM_IS_OK
# UVM_INFO /ictc/other/tools/QuestaDVA/questasim/verilog_src/uvm-1.2/src/reg/uvm_reg_predictor.svh(225) @ 392043000: uvm_test_top.env.ahb_predictor [REG_PREDICT] Observed READ transaction to register regmodel.FSR: value='h6
# UVM_INFO ./../testcases/uart_rxd_interrupt.sv(40) @ 402053000: uvm_test_top [uart_rxd_interrupt] --------------------------------------------------------------
# Name                Type                Size  Value           
# --------------------------------------------------------------
# cfg                 uart_configuration  -     @360            
#   parity_mode       parity_mode_e       32    UART_PARITY_NONE
#   sampling          sampling_mode_e     32    MODE_X13        
#   data_width        integral            32    'h6             
#   num_of_stop_bit   integral            32    'h1             
#   baud_rate         integral            32    'h2580          
#   baud_rate_enable  integral            1     'h0             
#   parity_enable     integral            1     'h0             
#   interrupt_enable  integral            1     'h0             
# --------------------------------------------------------------
# 
# UVM_INFO ./../regmodel/uart_reg2ahb_adapter.sv(42) @ 402053000: reporter [uart_reg2ahb_adapter] bus2reg: address = 0x0 data = 0x1 kind = UVM_WRITE status = UVM_IS_OK
# UVM_INFO /ictc/other/tools/QuestaDVA/questasim/verilog_src/uvm-1.2/src/reg/uvm_reg_predictor.svh(221) @ 402053000: uvm_test_top.env.ahb_predictor [REG_PREDICT] Observed WRITE transaction to register regmodel.MDR: value='h1 : updated value = 'h1
# UVM_INFO ./../regmodel/uart_reg2ahb_adapter.sv(42) @ 402053000: reporter [uart_reg2ahb_adapter] bus2reg: address = 0x4 data = 0x21 kind = UVM_WRITE status = UVM_IS_OK
# UVM_INFO /ictc/other/tools/QuestaDVA/questasim/verilog_src/uvm-1.2/src/reg/uvm_reg_predictor.svh(221) @ 402053000: uvm_test_top.env.ahb_predictor [REG_PREDICT] Observed WRITE transaction to register regmodel.DLL: value='h21 : updated value = 'h21
# UVM_INFO ./../regmodel/uart_reg2ahb_adapter.sv(42) @ 402053000: reporter [uart_reg2ahb_adapter] bus2reg: address = 0x8 data = 0x3 kind = UVM_WRITE status = UVM_IS_OK
# UVM_INFO /ictc/other/tools/QuestaDVA/questasim/verilog_src/uvm-1.2/src/reg/uvm_reg_predictor.svh(221) @ 402053000: uvm_test_top.env.ahb_predictor [REG_PREDICT] Observed WRITE transaction to register regmodel.DLH: value='h3 : updated value = 'h3
# UVM_INFO ./../regmodel/uart_reg2ahb_adapter.sv(42) @ 402053000: reporter [uart_reg2ahb_adapter] bus2reg: address = 0xc data = 0x21 kind = UVM_WRITE status = UVM_IS_OK
# UVM_INFO /ictc/other/tools/QuestaDVA/questasim/verilog_src/uvm-1.2/src/reg/uvm_reg_predictor.svh(221) @ 402053000: uvm_test_top.env.ahb_predictor [REG_PREDICT] Observed WRITE transaction to register regmodel.LCR: value='h21 : updated value = 'h21
# UVM_INFO ./../regmodel/uart_reg2ahb_adapter.sv(42) @ 402053000: reporter [uart_reg2ahb_adapter] bus2reg: address = 0x10 data = 0x8 kind = UVM_WRITE status = UVM_IS_OK
# UVM_INFO /ictc/other/tools/QuestaDVA/questasim/verilog_src/uvm-1.2/src/reg/uvm_reg_predictor.svh(221) @ 402053000: uvm_test_top.env.ahb_predictor [REG_PREDICT] Observed WRITE transaction to register regmodel.IER: value='h8 : updated value = 'h8
# ===== Received Data from IER =====
# UVM_INFO ./../regmodel/uart_reg2ahb_adapter.sv(42) @ 402053000: reporter [uart_reg2ahb_adapter] bus2reg: address = 0x14 data = 0x6 kind = UVM_READ status = UVM_IS_OK
# UVM_INFO /ictc/other/tools/QuestaDVA/questasim/verilog_src/uvm-1.2/src/reg/uvm_reg_predictor.svh(225) @ 402053000: uvm_test_top.env.ahb_predictor [REG_PREDICT] Observed READ transaction to register regmodel.FSR: value='h6
# UVM_ERROR ./../sequences/ahb_rxd_rx_empty_sequence.sv(130) @ 402063000: uvm_test_top.env.ahb_agt.sequencer@@rx_empty [ahb_rxd_rx_empty_sequence] 
# ===== FAILED!!! RX_EMPTY_STATUS is not right =====
# UVM_INFO ./../regmodel/uart_reg2ahb_adapter.sv(42) @ 403727000: reporter [uart_reg2ahb_adapter] bus2reg: address = 0x14 data = 0x6 kind = UVM_READ status = UVM_IS_OK
# UVM_INFO /ictc/other/tools/QuestaDVA/questasim/verilog_src/uvm-1.2/src/reg/uvm_reg_predictor.svh(225) @ 403727000: uvm_test_top.env.ahb_predictor [REG_PREDICT] Observed READ transaction to register regmodel.FSR: value='h6
# UVM_INFO ./../testcases/uart_rxd_interrupt.sv(40) @ 413737000: uvm_test_top [uart_rxd_interrupt] --------------------------------------------------------------
# Name                Type                Size  Value           
# --------------------------------------------------------------
# cfg                 uart_configuration  -     @360            
#   parity_mode       parity_mode_e       32    UART_PARITY_NONE
#   sampling          sampling_mode_e     32    MODE_X16        
#   data_width        integral            32    'h6             
#   num_of_stop_bit   integral            32    'h1             
#   baud_rate         integral            32    'h4b00          
#   baud_rate_enable  integral            1     'h0             
#   parity_enable     integral            1     'h0             
#   interrupt_enable  integral            1     'h0             
# --------------------------------------------------------------
# 
# UVM_INFO ./../regmodel/uart_reg2ahb_adapter.sv(42) @ 413737000: reporter [uart_reg2ahb_adapter] bus2reg: address = 0x0 data = 0x0 kind = UVM_WRITE status = UVM_IS_OK
# UVM_INFO /ictc/other/tools/QuestaDVA/questasim/verilog_src/uvm-1.2/src/reg/uvm_reg_predictor.svh(221) @ 413737000: uvm_test_top.env.ahb_predictor [REG_PREDICT] Observed WRITE transaction to register regmodel.MDR: value='h0 : updated value = 'h0
# UVM_INFO ./../regmodel/uart_reg2ahb_adapter.sv(42) @ 413737000: reporter [uart_reg2ahb_adapter] bus2reg: address = 0x4 data = 0x45 kind = UVM_WRITE status = UVM_IS_OK
# UVM_INFO /ictc/other/tools/QuestaDVA/questasim/verilog_src/uvm-1.2/src/reg/uvm_reg_predictor.svh(221) @ 413737000: uvm_test_top.env.ahb_predictor [REG_PREDICT] Observed WRITE transaction to register regmodel.DLL: value='h45 : updated value = 'h45
# UVM_INFO ./../regmodel/uart_reg2ahb_adapter.sv(42) @ 413737000: reporter [uart_reg2ahb_adapter] bus2reg: address = 0x8 data = 0x1 kind = UVM_WRITE status = UVM_IS_OK
# UVM_INFO /ictc/other/tools/QuestaDVA/questasim/verilog_src/uvm-1.2/src/reg/uvm_reg_predictor.svh(221) @ 413737000: uvm_test_top.env.ahb_predictor [REG_PREDICT] Observed WRITE transaction to register regmodel.DLH: value='h1 : updated value = 'h1
# UVM_INFO ./../regmodel/uart_reg2ahb_adapter.sv(42) @ 413737000: reporter [uart_reg2ahb_adapter] bus2reg: address = 0xc data = 0x21 kind = UVM_WRITE status = UVM_IS_OK
# UVM_INFO /ictc/other/tools/QuestaDVA/questasim/verilog_src/uvm-1.2/src/reg/uvm_reg_predictor.svh(221) @ 413737000: uvm_test_top.env.ahb_predictor [REG_PREDICT] Observed WRITE transaction to register regmodel.LCR: value='h21 : updated value = 'h21
# UVM_INFO ./../regmodel/uart_reg2ahb_adapter.sv(42) @ 413738000: reporter [uart_reg2ahb_adapter] bus2reg: address = 0x10 data = 0x8 kind = UVM_WRITE status = UVM_IS_OK
# UVM_INFO /ictc/other/tools/QuestaDVA/questasim/verilog_src/uvm-1.2/src/reg/uvm_reg_predictor.svh(221) @ 413738000: uvm_test_top.env.ahb_predictor [REG_PREDICT] Observed WRITE transaction to register regmodel.IER: value='h8 : updated value = 'h8
# ===== Received Data from IER =====
# UVM_INFO ./../regmodel/uart_reg2ahb_adapter.sv(42) @ 413738000: reporter [uart_reg2ahb_adapter] bus2reg: address = 0x14 data = 0x6 kind = UVM_READ status = UVM_IS_OK
# UVM_INFO /ictc/other/tools/QuestaDVA/questasim/verilog_src/uvm-1.2/src/reg/uvm_reg_predictor.svh(225) @ 413738000: uvm_test_top.env.ahb_predictor [REG_PREDICT] Observed READ transaction to register regmodel.FSR: value='h6
# UVM_ERROR ./../sequences/ahb_rxd_rx_empty_sequence.sv(130) @ 413748000: uvm_test_top.env.ahb_agt.sequencer@@rx_empty [ahb_rxd_rx_empty_sequence] 
# ===== FAILED!!! RX_EMPTY_STATUS is not right =====
# UVM_INFO ./../regmodel/uart_reg2ahb_adapter.sv(42) @ 414580000: reporter [uart_reg2ahb_adapter] bus2reg: address = 0x14 data = 0x6 kind = UVM_READ status = UVM_IS_OK
# UVM_INFO /ictc/other/tools/QuestaDVA/questasim/verilog_src/uvm-1.2/src/reg/uvm_reg_predictor.svh(225) @ 414580000: uvm_test_top.env.ahb_predictor [REG_PREDICT] Observed READ transaction to register regmodel.FSR: value='h6
# UVM_INFO ./../testcases/uart_rxd_interrupt.sv(40) @ 424590000: uvm_test_top [uart_rxd_interrupt] --------------------------------------------------------------
# Name                Type                Size  Value           
# --------------------------------------------------------------
# cfg                 uart_configuration  -     @360            
#   parity_mode       parity_mode_e       32    UART_PARITY_NONE
#   sampling          sampling_mode_e     32    MODE_X13        
#   data_width        integral            32    'h6             
#   num_of_stop_bit   integral            32    'h1             
#   baud_rate         integral            32    'h4b00          
#   baud_rate_enable  integral            1     'h0             
#   parity_enable     integral            1     'h0             
#   interrupt_enable  integral            1     'h0             
# --------------------------------------------------------------
# 
# UVM_INFO ./../regmodel/uart_reg2ahb_adapter.sv(42) @ 424590000: reporter [uart_reg2ahb_adapter] bus2reg: address = 0x0 data = 0x1 kind = UVM_WRITE status = UVM_IS_OK
# UVM_INFO /ictc/other/tools/QuestaDVA/questasim/verilog_src/uvm-1.2/src/reg/uvm_reg_predictor.svh(221) @ 424590000: uvm_test_top.env.ahb_predictor [REG_PREDICT] Observed WRITE transaction to register regmodel.MDR: value='h1 : updated value = 'h1
# UVM_INFO ./../regmodel/uart_reg2ahb_adapter.sv(42) @ 424590000: reporter [uart_reg2ahb_adapter] bus2reg: address = 0x4 data = 0x91 kind = UVM_WRITE status = UVM_IS_OK
# UVM_INFO /ictc/other/tools/QuestaDVA/questasim/verilog_src/uvm-1.2/src/reg/uvm_reg_predictor.svh(221) @ 424590000: uvm_test_top.env.ahb_predictor [REG_PREDICT] Observed WRITE transaction to register regmodel.DLL: value='h91 : updated value = 'h91
# UVM_INFO ./../regmodel/uart_reg2ahb_adapter.sv(42) @ 424590000: reporter [uart_reg2ahb_adapter] bus2reg: address = 0x8 data = 0x1 kind = UVM_WRITE status = UVM_IS_OK
# UVM_INFO /ictc/other/tools/QuestaDVA/questasim/verilog_src/uvm-1.2/src/reg/uvm_reg_predictor.svh(221) @ 424590000: uvm_test_top.env.ahb_predictor [REG_PREDICT] Observed WRITE transaction to register regmodel.DLH: value='h1 : updated value = 'h1
# UVM_INFO ./../regmodel/uart_reg2ahb_adapter.sv(42) @ 424590000: reporter [uart_reg2ahb_adapter] bus2reg: address = 0xc data = 0x21 kind = UVM_WRITE status = UVM_IS_OK
# UVM_INFO /ictc/other/tools/QuestaDVA/questasim/verilog_src/uvm-1.2/src/reg/uvm_reg_predictor.svh(221) @ 424590000: uvm_test_top.env.ahb_predictor [REG_PREDICT] Observed WRITE transaction to register regmodel.LCR: value='h21 : updated value = 'h21
# UVM_INFO ./../regmodel/uart_reg2ahb_adapter.sv(42) @ 424590000: reporter [uart_reg2ahb_adapter] bus2reg: address = 0x10 data = 0x8 kind = UVM_WRITE status = UVM_IS_OK
# UVM_INFO /ictc/other/tools/QuestaDVA/questasim/verilog_src/uvm-1.2/src/reg/uvm_reg_predictor.svh(221) @ 424590000: uvm_test_top.env.ahb_predictor [REG_PREDICT] Observed WRITE transaction to register regmodel.IER: value='h8 : updated value = 'h8
# ===== Received Data from IER =====
# UVM_INFO ./../regmodel/uart_reg2ahb_adapter.sv(42) @ 424590000: reporter [uart_reg2ahb_adapter] bus2reg: address = 0x14 data = 0x6 kind = UVM_READ status = UVM_IS_OK
# UVM_INFO /ictc/other/tools/QuestaDVA/questasim/verilog_src/uvm-1.2/src/reg/uvm_reg_predictor.svh(225) @ 424590000: uvm_test_top.env.ahb_predictor [REG_PREDICT] Observed READ transaction to register regmodel.FSR: value='h6
# UVM_ERROR ./../sequences/ahb_rxd_rx_empty_sequence.sv(130) @ 424600000: uvm_test_top.env.ahb_agt.sequencer@@rx_empty [ahb_rxd_rx_empty_sequence] 
# ===== FAILED!!! RX_EMPTY_STATUS is not right =====
# UVM_INFO ./../regmodel/uart_reg2ahb_adapter.sv(42) @ 425432000: reporter [uart_reg2ahb_adapter] bus2reg: address = 0x14 data = 0x6 kind = UVM_READ status = UVM_IS_OK
# UVM_INFO /ictc/other/tools/QuestaDVA/questasim/verilog_src/uvm-1.2/src/reg/uvm_reg_predictor.svh(225) @ 425432000: uvm_test_top.env.ahb_predictor [REG_PREDICT] Observed READ transaction to register regmodel.FSR: value='h6
# UVM_INFO ./../testcases/uart_rxd_interrupt.sv(40) @ 435442000: uvm_test_top [uart_rxd_interrupt] --------------------------------------------------------------
# Name                Type                Size  Value           
# --------------------------------------------------------------
# cfg                 uart_configuration  -     @360            
#   parity_mode       parity_mode_e       32    UART_PARITY_NONE
#   sampling          sampling_mode_e     32    MODE_X16        
#   data_width        integral            32    'h6             
#   num_of_stop_bit   integral            32    'h1             
#   baud_rate         integral            32    'h9600          
#   baud_rate_enable  integral            1     'h0             
#   parity_enable     integral            1     'h0             
#   interrupt_enable  integral            1     'h0             
# --------------------------------------------------------------
# 
# UVM_INFO ./../regmodel/uart_reg2ahb_adapter.sv(42) @ 435442000: reporter [uart_reg2ahb_adapter] bus2reg: address = 0x0 data = 0x0 kind = UVM_WRITE status = UVM_IS_OK
# UVM_INFO /ictc/other/tools/QuestaDVA/questasim/verilog_src/uvm-1.2/src/reg/uvm_reg_predictor.svh(221) @ 435442000: uvm_test_top.env.ahb_predictor [REG_PREDICT] Observed WRITE transaction to register regmodel.MDR: value='h0 : updated value = 'h0
# UVM_INFO ./../regmodel/uart_reg2ahb_adapter.sv(42) @ 435442000: reporter [uart_reg2ahb_adapter] bus2reg: address = 0x4 data = 0xa4 kind = UVM_WRITE status = UVM_IS_OK
# UVM_INFO /ictc/other/tools/QuestaDVA/questasim/verilog_src/uvm-1.2/src/reg/uvm_reg_predictor.svh(221) @ 435442000: uvm_test_top.env.ahb_predictor [REG_PREDICT] Observed WRITE transaction to register regmodel.DLL: value='ha4 : updated value = 'ha4
# UVM_INFO ./../regmodel/uart_reg2ahb_adapter.sv(42) @ 435443000: reporter [uart_reg2ahb_adapter] bus2reg: address = 0x8 data = 0x0 kind = UVM_WRITE status = UVM_IS_OK
# UVM_INFO /ictc/other/tools/QuestaDVA/questasim/verilog_src/uvm-1.2/src/reg/uvm_reg_predictor.svh(221) @ 435443000: uvm_test_top.env.ahb_predictor [REG_PREDICT] Observed WRITE transaction to register regmodel.DLH: value='h0 : updated value = 'h0
# UVM_INFO ./../regmodel/uart_reg2ahb_adapter.sv(42) @ 435443000: reporter [uart_reg2ahb_adapter] bus2reg: address = 0xc data = 0x21 kind = UVM_WRITE status = UVM_IS_OK
# UVM_INFO /ictc/other/tools/QuestaDVA/questasim/verilog_src/uvm-1.2/src/reg/uvm_reg_predictor.svh(221) @ 435443000: uvm_test_top.env.ahb_predictor [REG_PREDICT] Observed WRITE transaction to register regmodel.LCR: value='h21 : updated value = 'h21
# UVM_INFO ./../regmodel/uart_reg2ahb_adapter.sv(42) @ 435443000: reporter [uart_reg2ahb_adapter] bus2reg: address = 0x10 data = 0x8 kind = UVM_WRITE status = UVM_IS_OK
# UVM_INFO /ictc/other/tools/QuestaDVA/questasim/verilog_src/uvm-1.2/src/reg/uvm_reg_predictor.svh(221) @ 435443000: uvm_test_top.env.ahb_predictor [REG_PREDICT] Observed WRITE transaction to register regmodel.IER: value='h8 : updated value = 'h8
# ===== Received Data from IER =====
# UVM_INFO ./../regmodel/uart_reg2ahb_adapter.sv(42) @ 435443000: reporter [uart_reg2ahb_adapter] bus2reg: address = 0x14 data = 0x6 kind = UVM_READ status = UVM_IS_OK
# UVM_INFO /ictc/other/tools/QuestaDVA/questasim/verilog_src/uvm-1.2/src/reg/uvm_reg_predictor.svh(225) @ 435443000: uvm_test_top.env.ahb_predictor [REG_PREDICT] Observed READ transaction to register regmodel.FSR: value='h6
# UVM_ERROR ./../sequences/ahb_rxd_rx_empty_sequence.sv(130) @ 435453000: uvm_test_top.env.ahb_agt.sequencer@@rx_empty [ahb_rxd_rx_empty_sequence] 
# ===== FAILED!!! RX_EMPTY_STATUS is not right =====
# UVM_INFO ./../regmodel/uart_reg2ahb_adapter.sv(42) @ 435869000: reporter [uart_reg2ahb_adapter] bus2reg: address = 0x14 data = 0x6 kind = UVM_READ status = UVM_IS_OK
# UVM_INFO /ictc/other/tools/QuestaDVA/questasim/verilog_src/uvm-1.2/src/reg/uvm_reg_predictor.svh(225) @ 435869000: uvm_test_top.env.ahb_predictor [REG_PREDICT] Observed READ transaction to register regmodel.FSR: value='h6
# UVM_INFO ./../testcases/uart_rxd_interrupt.sv(40) @ 445879000: uvm_test_top [uart_rxd_interrupt] --------------------------------------------------------------
# Name                Type                Size  Value           
# --------------------------------------------------------------
# cfg                 uart_configuration  -     @360            
#   parity_mode       parity_mode_e       32    UART_PARITY_NONE
#   sampling          sampling_mode_e     32    MODE_X13        
#   data_width        integral            32    'h6             
#   num_of_stop_bit   integral            32    'h1             
#   baud_rate         integral            32    'h9600          
#   baud_rate_enable  integral            1     'h0             
#   parity_enable     integral            1     'h0             
#   interrupt_enable  integral            1     'h0             
# --------------------------------------------------------------
# 
# UVM_INFO ./../regmodel/uart_reg2ahb_adapter.sv(42) @ 445879000: reporter [uart_reg2ahb_adapter] bus2reg: address = 0x0 data = 0x1 kind = UVM_WRITE status = UVM_IS_OK
# UVM_INFO /ictc/other/tools/QuestaDVA/questasim/verilog_src/uvm-1.2/src/reg/uvm_reg_predictor.svh(221) @ 445879000: uvm_test_top.env.ahb_predictor [REG_PREDICT] Observed WRITE transaction to register regmodel.MDR: value='h1 : updated value = 'h1
# UVM_INFO ./../regmodel/uart_reg2ahb_adapter.sv(42) @ 445879000: reporter [uart_reg2ahb_adapter] bus2reg: address = 0x4 data = 0xc8 kind = UVM_WRITE status = UVM_IS_OK
# UVM_INFO /ictc/other/tools/QuestaDVA/questasim/verilog_src/uvm-1.2/src/reg/uvm_reg_predictor.svh(221) @ 445879000: uvm_test_top.env.ahb_predictor [REG_PREDICT] Observed WRITE transaction to register regmodel.DLL: value='hc8 : updated value = 'hc8
# UVM_INFO ./../regmodel/uart_reg2ahb_adapter.sv(42) @ 445879000: reporter [uart_reg2ahb_adapter] bus2reg: address = 0x8 data = 0x0 kind = UVM_WRITE status = UVM_IS_OK
# UVM_INFO /ictc/other/tools/QuestaDVA/questasim/verilog_src/uvm-1.2/src/reg/uvm_reg_predictor.svh(221) @ 445879000: uvm_test_top.env.ahb_predictor [REG_PREDICT] Observed WRITE transaction to register regmodel.DLH: value='h0 : updated value = 'h0
# UVM_INFO ./../regmodel/uart_reg2ahb_adapter.sv(42) @ 445879000: reporter [uart_reg2ahb_adapter] bus2reg: address = 0xc data = 0x21 kind = UVM_WRITE status = UVM_IS_OK
# UVM_INFO /ictc/other/tools/QuestaDVA/questasim/verilog_src/uvm-1.2/src/reg/uvm_reg_predictor.svh(221) @ 445879000: uvm_test_top.env.ahb_predictor [REG_PREDICT] Observed WRITE transaction to register regmodel.LCR: value='h21 : updated value = 'h21
# UVM_INFO ./../regmodel/uart_reg2ahb_adapter.sv(42) @ 445879000: reporter [uart_reg2ahb_adapter] bus2reg: address = 0x10 data = 0x8 kind = UVM_WRITE status = UVM_IS_OK
# UVM_INFO /ictc/other/tools/QuestaDVA/questasim/verilog_src/uvm-1.2/src/reg/uvm_reg_predictor.svh(221) @ 445879000: uvm_test_top.env.ahb_predictor [REG_PREDICT] Observed WRITE transaction to register regmodel.IER: value='h8 : updated value = 'h8
# ===== Received Data from IER =====
# UVM_INFO ./../regmodel/uart_reg2ahb_adapter.sv(42) @ 445879000: reporter [uart_reg2ahb_adapter] bus2reg: address = 0x14 data = 0x6 kind = UVM_READ status = UVM_IS_OK
# UVM_INFO /ictc/other/tools/QuestaDVA/questasim/verilog_src/uvm-1.2/src/reg/uvm_reg_predictor.svh(225) @ 445879000: uvm_test_top.env.ahb_predictor [REG_PREDICT] Observed READ transaction to register regmodel.FSR: value='h6
# UVM_ERROR ./../sequences/ahb_rxd_rx_empty_sequence.sv(130) @ 445889000: uvm_test_top.env.ahb_agt.sequencer@@rx_empty [ahb_rxd_rx_empty_sequence] 
# ===== FAILED!!! RX_EMPTY_STATUS is not right =====
# UVM_INFO ./../regmodel/uart_reg2ahb_adapter.sv(42) @ 446305000: reporter [uart_reg2ahb_adapter] bus2reg: address = 0x14 data = 0x6 kind = UVM_READ status = UVM_IS_OK
# UVM_INFO /ictc/other/tools/QuestaDVA/questasim/verilog_src/uvm-1.2/src/reg/uvm_reg_predictor.svh(225) @ 446305000: uvm_test_top.env.ahb_predictor [REG_PREDICT] Observed READ transaction to register regmodel.FSR: value='h6
# UVM_INFO ./../testcases/uart_rxd_interrupt.sv(40) @ 456315000: uvm_test_top [uart_rxd_interrupt] --------------------------------------------------------------
# Name                Type                Size  Value           
# --------------------------------------------------------------
# cfg                 uart_configuration  -     @360            
#   parity_mode       parity_mode_e       32    UART_PARITY_NONE
#   sampling          sampling_mode_e     32    MODE_X16        
#   data_width        integral            32    'h6             
#   num_of_stop_bit   integral            32    'h1             
#   baud_rate         integral            32    'h12c00         
#   baud_rate_enable  integral            1     'h0             
#   parity_enable     integral            1     'h0             
#   interrupt_enable  integral            1     'h0             
# --------------------------------------------------------------
# 
# UVM_INFO ./../regmodel/uart_reg2ahb_adapter.sv(42) @ 456315000: reporter [uart_reg2ahb_adapter] bus2reg: address = 0x0 data = 0x0 kind = UVM_WRITE status = UVM_IS_OK
# UVM_INFO /ictc/other/tools/QuestaDVA/questasim/verilog_src/uvm-1.2/src/reg/uvm_reg_predictor.svh(221) @ 456315000: uvm_test_top.env.ahb_predictor [REG_PREDICT] Observed WRITE transaction to register regmodel.MDR: value='h0 : updated value = 'h0
# UVM_INFO ./../regmodel/uart_reg2ahb_adapter.sv(42) @ 456316000: reporter [uart_reg2ahb_adapter] bus2reg: address = 0x4 data = 0x51 kind = UVM_WRITE status = UVM_IS_OK
# UVM_INFO /ictc/other/tools/QuestaDVA/questasim/verilog_src/uvm-1.2/src/reg/uvm_reg_predictor.svh(221) @ 456316000: uvm_test_top.env.ahb_predictor [REG_PREDICT] Observed WRITE transaction to register regmodel.DLL: value='h51 : updated value = 'h51
# UVM_INFO ./../regmodel/uart_reg2ahb_adapter.sv(42) @ 456316000: reporter [uart_reg2ahb_adapter] bus2reg: address = 0x8 data = 0x0 kind = UVM_WRITE status = UVM_IS_OK
# UVM_INFO /ictc/other/tools/QuestaDVA/questasim/verilog_src/uvm-1.2/src/reg/uvm_reg_predictor.svh(221) @ 456316000: uvm_test_top.env.ahb_predictor [REG_PREDICT] Observed WRITE transaction to register regmodel.DLH: value='h0 : updated value = 'h0
# UVM_INFO ./../regmodel/uart_reg2ahb_adapter.sv(42) @ 456316000: reporter [uart_reg2ahb_adapter] bus2reg: address = 0xc data = 0x21 kind = UVM_WRITE status = UVM_IS_OK
# UVM_INFO /ictc/other/tools/QuestaDVA/questasim/verilog_src/uvm-1.2/src/reg/uvm_reg_predictor.svh(221) @ 456316000: uvm_test_top.env.ahb_predictor [REG_PREDICT] Observed WRITE transaction to register regmodel.LCR: value='h21 : updated value = 'h21
# UVM_INFO ./../regmodel/uart_reg2ahb_adapter.sv(42) @ 456316000: reporter [uart_reg2ahb_adapter] bus2reg: address = 0x10 data = 0x8 kind = UVM_WRITE status = UVM_IS_OK
# UVM_INFO /ictc/other/tools/QuestaDVA/questasim/verilog_src/uvm-1.2/src/reg/uvm_reg_predictor.svh(221) @ 456316000: uvm_test_top.env.ahb_predictor [REG_PREDICT] Observed WRITE transaction to register regmodel.IER: value='h8 : updated value = 'h8
# ===== Received Data from IER =====
# UVM_INFO ./../regmodel/uart_reg2ahb_adapter.sv(42) @ 456316000: reporter [uart_reg2ahb_adapter] bus2reg: address = 0x14 data = 0x6 kind = UVM_READ status = UVM_IS_OK
# UVM_INFO /ictc/other/tools/QuestaDVA/questasim/verilog_src/uvm-1.2/src/reg/uvm_reg_predictor.svh(225) @ 456316000: uvm_test_top.env.ahb_predictor [REG_PREDICT] Observed READ transaction to register regmodel.FSR: value='h6
# UVM_ERROR ./../sequences/ahb_rxd_rx_empty_sequence.sv(130) @ 456326000: uvm_test_top.env.ahb_agt.sequencer@@rx_empty [ahb_rxd_rx_empty_sequence] 
# ===== FAILED!!! RX_EMPTY_STATUS is not right =====
# UVM_INFO ./../regmodel/uart_reg2ahb_adapter.sv(42) @ 456534000: reporter [uart_reg2ahb_adapter] bus2reg: address = 0x14 data = 0x6 kind = UVM_READ status = UVM_IS_OK
# UVM_INFO /ictc/other/tools/QuestaDVA/questasim/verilog_src/uvm-1.2/src/reg/uvm_reg_predictor.svh(225) @ 456534000: uvm_test_top.env.ahb_predictor [REG_PREDICT] Observed READ transaction to register regmodel.FSR: value='h6
# UVM_INFO ./../testcases/uart_rxd_interrupt.sv(40) @ 466544000: uvm_test_top [uart_rxd_interrupt] --------------------------------------------------------------
# Name                Type                Size  Value           
# --------------------------------------------------------------
# cfg                 uart_configuration  -     @360            
#   parity_mode       parity_mode_e       32    UART_PARITY_NONE
#   sampling          sampling_mode_e     32    MODE_X13        
#   data_width        integral            32    'h6             
#   num_of_stop_bit   integral            32    'h1             
#   baud_rate         integral            32    'h12c00         
#   baud_rate_enable  integral            1     'h0             
#   parity_enable     integral            1     'h0             
#   interrupt_enable  integral            1     'h0             
# --------------------------------------------------------------
# 
# UVM_INFO ./../regmodel/uart_reg2ahb_adapter.sv(42) @ 466544000: reporter [uart_reg2ahb_adapter] bus2reg: address = 0x0 data = 0x1 kind = UVM_WRITE status = UVM_IS_OK
# UVM_INFO /ictc/other/tools/QuestaDVA/questasim/verilog_src/uvm-1.2/src/reg/uvm_reg_predictor.svh(221) @ 466544000: uvm_test_top.env.ahb_predictor [REG_PREDICT] Observed WRITE transaction to register regmodel.MDR: value='h1 : updated value = 'h1
# UVM_INFO ./../regmodel/uart_reg2ahb_adapter.sv(42) @ 466544000: reporter [uart_reg2ahb_adapter] bus2reg: address = 0x4 data = 0x64 kind = UVM_WRITE status = UVM_IS_OK
# UVM_INFO /ictc/other/tools/QuestaDVA/questasim/verilog_src/uvm-1.2/src/reg/uvm_reg_predictor.svh(221) @ 466544000: uvm_test_top.env.ahb_predictor [REG_PREDICT] Observed WRITE transaction to register regmodel.DLL: value='h64 : updated value = 'h64
# UVM_INFO ./../regmodel/uart_reg2ahb_adapter.sv(42) @ 466544000: reporter [uart_reg2ahb_adapter] bus2reg: address = 0x8 data = 0x0 kind = UVM_WRITE status = UVM_IS_OK
# UVM_INFO /ictc/other/tools/QuestaDVA/questasim/verilog_src/uvm-1.2/src/reg/uvm_reg_predictor.svh(221) @ 466544000: uvm_test_top.env.ahb_predictor [REG_PREDICT] Observed WRITE transaction to register regmodel.DLH: value='h0 : updated value = 'h0
# UVM_INFO ./../regmodel/uart_reg2ahb_adapter.sv(42) @ 466544000: reporter [uart_reg2ahb_adapter] bus2reg: address = 0xc data = 0x21 kind = UVM_WRITE status = UVM_IS_OK
# UVM_INFO /ictc/other/tools/QuestaDVA/questasim/verilog_src/uvm-1.2/src/reg/uvm_reg_predictor.svh(221) @ 466544000: uvm_test_top.env.ahb_predictor [REG_PREDICT] Observed WRITE transaction to register regmodel.LCR: value='h21 : updated value = 'h21
# UVM_INFO ./../regmodel/uart_reg2ahb_adapter.sv(42) @ 466544000: reporter [uart_reg2ahb_adapter] bus2reg: address = 0x10 data = 0x8 kind = UVM_WRITE status = UVM_IS_OK
# UVM_INFO /ictc/other/tools/QuestaDVA/questasim/verilog_src/uvm-1.2/src/reg/uvm_reg_predictor.svh(221) @ 466544000: uvm_test_top.env.ahb_predictor [REG_PREDICT] Observed WRITE transaction to register regmodel.IER: value='h8 : updated value = 'h8
# ===== Received Data from IER =====
# UVM_INFO ./../regmodel/uart_reg2ahb_adapter.sv(42) @ 466544000: reporter [uart_reg2ahb_adapter] bus2reg: address = 0x14 data = 0x6 kind = UVM_READ status = UVM_IS_OK
# UVM_INFO /ictc/other/tools/QuestaDVA/questasim/verilog_src/uvm-1.2/src/reg/uvm_reg_predictor.svh(225) @ 466544000: uvm_test_top.env.ahb_predictor [REG_PREDICT] Observed READ transaction to register regmodel.FSR: value='h6
# UVM_ERROR ./../sequences/ahb_rxd_rx_empty_sequence.sv(130) @ 466554000: uvm_test_top.env.ahb_agt.sequencer@@rx_empty [ahb_rxd_rx_empty_sequence] 
# ===== FAILED!!! RX_EMPTY_STATUS is not right =====
# UVM_INFO ./../regmodel/uart_reg2ahb_adapter.sv(42) @ 466763000: reporter [uart_reg2ahb_adapter] bus2reg: address = 0x14 data = 0x6 kind = UVM_READ status = UVM_IS_OK
# UVM_INFO /ictc/other/tools/QuestaDVA/questasim/verilog_src/uvm-1.2/src/reg/uvm_reg_predictor.svh(225) @ 466763000: uvm_test_top.env.ahb_predictor [REG_PREDICT] Observed READ transaction to register regmodel.FSR: value='h6
# UVM_INFO ./../testcases/uart_rxd_interrupt.sv(40) @ 476773000: uvm_test_top [uart_rxd_interrupt] --------------------------------------------------------------
# Name                Type                Size  Value           
# --------------------------------------------------------------
# cfg                 uart_configuration  -     @360            
#   parity_mode       parity_mode_e       32    UART_PARITY_NONE
#   sampling          sampling_mode_e     32    MODE_X16        
#   data_width        integral            32    'h6             
#   num_of_stop_bit   integral            32    'h1             
#   baud_rate         integral            32    'h1c200         
#   baud_rate_enable  integral            1     'h0             
#   parity_enable     integral            1     'h0             
#   interrupt_enable  integral            1     'h0             
# --------------------------------------------------------------
# 
# UVM_INFO ./../regmodel/uart_reg2ahb_adapter.sv(42) @ 476773000: reporter [uart_reg2ahb_adapter] bus2reg: address = 0x0 data = 0x0 kind = UVM_WRITE status = UVM_IS_OK
# UVM_INFO /ictc/other/tools/QuestaDVA/questasim/verilog_src/uvm-1.2/src/reg/uvm_reg_predictor.svh(221) @ 476773000: uvm_test_top.env.ahb_predictor [REG_PREDICT] Observed WRITE transaction to register regmodel.MDR: value='h0 : updated value = 'h0
# UVM_INFO ./../regmodel/uart_reg2ahb_adapter.sv(42) @ 476773000: reporter [uart_reg2ahb_adapter] bus2reg: address = 0x4 data = 0x36 kind = UVM_WRITE status = UVM_IS_OK
# UVM_INFO /ictc/other/tools/QuestaDVA/questasim/verilog_src/uvm-1.2/src/reg/uvm_reg_predictor.svh(221) @ 476773000: uvm_test_top.env.ahb_predictor [REG_PREDICT] Observed WRITE transaction to register regmodel.DLL: value='h36 : updated value = 'h36
# UVM_INFO ./../regmodel/uart_reg2ahb_adapter.sv(42) @ 476773000: reporter [uart_reg2ahb_adapter] bus2reg: address = 0x8 data = 0x0 kind = UVM_WRITE status = UVM_IS_OK
# UVM_INFO /ictc/other/tools/QuestaDVA/questasim/verilog_src/uvm-1.2/src/reg/uvm_reg_predictor.svh(221) @ 476773000: uvm_test_top.env.ahb_predictor [REG_PREDICT] Observed WRITE transaction to register regmodel.DLH: value='h0 : updated value = 'h0
# UVM_INFO ./../regmodel/uart_reg2ahb_adapter.sv(42) @ 476773000: reporter [uart_reg2ahb_adapter] bus2reg: address = 0xc data = 0x21 kind = UVM_WRITE status = UVM_IS_OK
# UVM_INFO /ictc/other/tools/QuestaDVA/questasim/verilog_src/uvm-1.2/src/reg/uvm_reg_predictor.svh(221) @ 476773000: uvm_test_top.env.ahb_predictor [REG_PREDICT] Observed WRITE transaction to register regmodel.LCR: value='h21 : updated value = 'h21
# UVM_INFO ./../regmodel/uart_reg2ahb_adapter.sv(42) @ 476773000: reporter [uart_reg2ahb_adapter] bus2reg: address = 0x10 data = 0x8 kind = UVM_WRITE status = UVM_IS_OK
# UVM_INFO /ictc/other/tools/QuestaDVA/questasim/verilog_src/uvm-1.2/src/reg/uvm_reg_predictor.svh(221) @ 476773000: uvm_test_top.env.ahb_predictor [REG_PREDICT] Observed WRITE transaction to register regmodel.IER: value='h8 : updated value = 'h8
# ===== Received Data from IER =====
# UVM_INFO ./../regmodel/uart_reg2ahb_adapter.sv(42) @ 476773000: reporter [uart_reg2ahb_adapter] bus2reg: address = 0x14 data = 0x6 kind = UVM_READ status = UVM_IS_OK
# UVM_INFO /ictc/other/tools/QuestaDVA/questasim/verilog_src/uvm-1.2/src/reg/uvm_reg_predictor.svh(225) @ 476773000: uvm_test_top.env.ahb_predictor [REG_PREDICT] Observed READ transaction to register regmodel.FSR: value='h6
# UVM_ERROR ./../sequences/ahb_rxd_rx_empty_sequence.sv(130) @ 476783000: uvm_test_top.env.ahb_agt.sequencer@@rx_empty [ahb_rxd_rx_empty_sequence] 
# ===== FAILED!!! RX_EMPTY_STATUS is not right =====
# UVM_INFO ./../regmodel/uart_reg2ahb_adapter.sv(42) @ 476919000: reporter [uart_reg2ahb_adapter] bus2reg: address = 0x14 data = 0x6 kind = UVM_READ status = UVM_IS_OK
# UVM_INFO /ictc/other/tools/QuestaDVA/questasim/verilog_src/uvm-1.2/src/reg/uvm_reg_predictor.svh(225) @ 476919000: uvm_test_top.env.ahb_predictor [REG_PREDICT] Observed READ transaction to register regmodel.FSR: value='h6
# UVM_INFO ./../testcases/uart_rxd_interrupt.sv(40) @ 486929000: uvm_test_top [uart_rxd_interrupt] --------------------------------------------------------------
# Name                Type                Size  Value           
# --------------------------------------------------------------
# cfg                 uart_configuration  -     @360            
#   parity_mode       parity_mode_e       32    UART_PARITY_NONE
#   sampling          sampling_mode_e     32    MODE_X13        
#   data_width        integral            32    'h6             
#   num_of_stop_bit   integral            32    'h1             
#   baud_rate         integral            32    'h1c200         
#   baud_rate_enable  integral            1     'h0             
#   parity_enable     integral            1     'h0             
#   interrupt_enable  integral            1     'h0             
# --------------------------------------------------------------
# 
# UVM_INFO ./../regmodel/uart_reg2ahb_adapter.sv(42) @ 486929000: reporter [uart_reg2ahb_adapter] bus2reg: address = 0x0 data = 0x1 kind = UVM_WRITE status = UVM_IS_OK
# UVM_INFO /ictc/other/tools/QuestaDVA/questasim/verilog_src/uvm-1.2/src/reg/uvm_reg_predictor.svh(221) @ 486929000: uvm_test_top.env.ahb_predictor [REG_PREDICT] Observed WRITE transaction to register regmodel.MDR: value='h1 : updated value = 'h1
# UVM_INFO ./../regmodel/uart_reg2ahb_adapter.sv(42) @ 486929000: reporter [uart_reg2ahb_adapter] bus2reg: address = 0x4 data = 0x43 kind = UVM_WRITE status = UVM_IS_OK
# UVM_INFO /ictc/other/tools/QuestaDVA/questasim/verilog_src/uvm-1.2/src/reg/uvm_reg_predictor.svh(221) @ 486929000: uvm_test_top.env.ahb_predictor [REG_PREDICT] Observed WRITE transaction to register regmodel.DLL: value='h43 : updated value = 'h43
# UVM_INFO ./../regmodel/uart_reg2ahb_adapter.sv(42) @ 486929000: reporter [uart_reg2ahb_adapter] bus2reg: address = 0x8 data = 0x0 kind = UVM_WRITE status = UVM_IS_OK
# UVM_INFO /ictc/other/tools/QuestaDVA/questasim/verilog_src/uvm-1.2/src/reg/uvm_reg_predictor.svh(221) @ 486929000: uvm_test_top.env.ahb_predictor [REG_PREDICT] Observed WRITE transaction to register regmodel.DLH: value='h0 : updated value = 'h0
# UVM_INFO ./../regmodel/uart_reg2ahb_adapter.sv(42) @ 486929000: reporter [uart_reg2ahb_adapter] bus2reg: address = 0xc data = 0x21 kind = UVM_WRITE status = UVM_IS_OK
# UVM_INFO /ictc/other/tools/QuestaDVA/questasim/verilog_src/uvm-1.2/src/reg/uvm_reg_predictor.svh(221) @ 486929000: uvm_test_top.env.ahb_predictor [REG_PREDICT] Observed WRITE transaction to register regmodel.LCR: value='h21 : updated value = 'h21
# UVM_INFO ./../regmodel/uart_reg2ahb_adapter.sv(42) @ 486929000: reporter [uart_reg2ahb_adapter] bus2reg: address = 0x10 data = 0x8 kind = UVM_WRITE status = UVM_IS_OK
# UVM_INFO /ictc/other/tools/QuestaDVA/questasim/verilog_src/uvm-1.2/src/reg/uvm_reg_predictor.svh(221) @ 486929000: uvm_test_top.env.ahb_predictor [REG_PREDICT] Observed WRITE transaction to register regmodel.IER: value='h8 : updated value = 'h8
# ===== Received Data from IER =====
# UVM_INFO ./../regmodel/uart_reg2ahb_adapter.sv(42) @ 486930000: reporter [uart_reg2ahb_adapter] bus2reg: address = 0x14 data = 0x6 kind = UVM_READ status = UVM_IS_OK
# UVM_INFO /ictc/other/tools/QuestaDVA/questasim/verilog_src/uvm-1.2/src/reg/uvm_reg_predictor.svh(225) @ 486930000: uvm_test_top.env.ahb_predictor [REG_PREDICT] Observed READ transaction to register regmodel.FSR: value='h6
# UVM_ERROR ./../sequences/ahb_rxd_rx_empty_sequence.sv(130) @ 486940000: uvm_test_top.env.ahb_agt.sequencer@@rx_empty [ahb_rxd_rx_empty_sequence] 
# ===== FAILED!!! RX_EMPTY_STATUS is not right =====
# UVM_INFO ./../regmodel/uart_reg2ahb_adapter.sv(42) @ 487076000: reporter [uart_reg2ahb_adapter] bus2reg: address = 0x14 data = 0x6 kind = UVM_READ status = UVM_IS_OK
# UVM_INFO /ictc/other/tools/QuestaDVA/questasim/verilog_src/uvm-1.2/src/reg/uvm_reg_predictor.svh(225) @ 487076000: uvm_test_top.env.ahb_predictor [REG_PREDICT] Observed READ transaction to register regmodel.FSR: value='h6
# UVM_INFO ./../testcases/uart_rxd_interrupt.sv(40) @ 497086000: uvm_test_top [uart_rxd_interrupt] --------------------------------------------------------------
# Name                Type                Size  Value           
# --------------------------------------------------------------
# cfg                 uart_configuration  -     @360            
#   parity_mode       parity_mode_e       32    UART_PARITY_NONE
#   sampling          sampling_mode_e     32    MODE_X16        
#   data_width        integral            32    'h6             
#   num_of_stop_bit   integral            32    'h2             
#   baud_rate         integral            32    'h960           
#   baud_rate_enable  integral            1     'h0             
#   parity_enable     integral            1     'h0             
#   interrupt_enable  integral            1     'h0             
# --------------------------------------------------------------
# 
# UVM_INFO ./../regmodel/uart_reg2ahb_adapter.sv(42) @ 497086000: reporter [uart_reg2ahb_adapter] bus2reg: address = 0x0 data = 0x0 kind = UVM_WRITE status = UVM_IS_OK
# UVM_INFO /ictc/other/tools/QuestaDVA/questasim/verilog_src/uvm-1.2/src/reg/uvm_reg_predictor.svh(221) @ 497086000: uvm_test_top.env.ahb_predictor [REG_PREDICT] Observed WRITE transaction to register regmodel.MDR: value='h0 : updated value = 'h0
# UVM_INFO ./../regmodel/uart_reg2ahb_adapter.sv(42) @ 497086000: reporter [uart_reg2ahb_adapter] bus2reg: address = 0x4 data = 0x2c kind = UVM_WRITE status = UVM_IS_OK
# UVM_INFO /ictc/other/tools/QuestaDVA/questasim/verilog_src/uvm-1.2/src/reg/uvm_reg_predictor.svh(221) @ 497086000: uvm_test_top.env.ahb_predictor [REG_PREDICT] Observed WRITE transaction to register regmodel.DLL: value='h2c : updated value = 'h2c
# UVM_INFO ./../regmodel/uart_reg2ahb_adapter.sv(42) @ 497086000: reporter [uart_reg2ahb_adapter] bus2reg: address = 0x8 data = 0xa kind = UVM_WRITE status = UVM_IS_OK
# UVM_INFO /ictc/other/tools/QuestaDVA/questasim/verilog_src/uvm-1.2/src/reg/uvm_reg_predictor.svh(221) @ 497086000: uvm_test_top.env.ahb_predictor [REG_PREDICT] Observed WRITE transaction to register regmodel.DLH: value='ha : updated value = 'ha
# UVM_INFO ./../regmodel/uart_reg2ahb_adapter.sv(42) @ 497086000: reporter [uart_reg2ahb_adapter] bus2reg: address = 0xc data = 0x25 kind = UVM_WRITE status = UVM_IS_OK
# UVM_INFO /ictc/other/tools/QuestaDVA/questasim/verilog_src/uvm-1.2/src/reg/uvm_reg_predictor.svh(221) @ 497086000: uvm_test_top.env.ahb_predictor [REG_PREDICT] Observed WRITE transaction to register regmodel.LCR: value='h25 : updated value = 'h25
# UVM_INFO ./../regmodel/uart_reg2ahb_adapter.sv(42) @ 497086000: reporter [uart_reg2ahb_adapter] bus2reg: address = 0x10 data = 0x8 kind = UVM_WRITE status = UVM_IS_OK
# UVM_INFO /ictc/other/tools/QuestaDVA/questasim/verilog_src/uvm-1.2/src/reg/uvm_reg_predictor.svh(221) @ 497086000: uvm_test_top.env.ahb_predictor [REG_PREDICT] Observed WRITE transaction to register regmodel.IER: value='h8 : updated value = 'h8
# ===== Received Data from IER =====
# UVM_INFO ./../regmodel/uart_reg2ahb_adapter.sv(42) @ 497086000: reporter [uart_reg2ahb_adapter] bus2reg: address = 0x14 data = 0x6 kind = UVM_READ status = UVM_IS_OK
# UVM_INFO /ictc/other/tools/QuestaDVA/questasim/verilog_src/uvm-1.2/src/reg/uvm_reg_predictor.svh(225) @ 497086000: uvm_test_top.env.ahb_predictor [REG_PREDICT] Observed READ transaction to register regmodel.FSR: value='h6
# UVM_ERROR ./../sequences/ahb_rxd_rx_empty_sequence.sv(130) @ 497096000: uvm_test_top.env.ahb_agt.sequencer@@rx_empty [ahb_rxd_rx_empty_sequence] 
# ===== FAILED!!! RX_EMPTY_STATUS is not right =====
# UVM_INFO ./../regmodel/uart_reg2ahb_adapter.sv(42) @ 504593000: reporter [uart_reg2ahb_adapter] bus2reg: address = 0x14 data = 0x6 kind = UVM_READ status = UVM_IS_OK
# UVM_INFO /ictc/other/tools/QuestaDVA/questasim/verilog_src/uvm-1.2/src/reg/uvm_reg_predictor.svh(225) @ 504593000: uvm_test_top.env.ahb_predictor [REG_PREDICT] Observed READ transaction to register regmodel.FSR: value='h6
# UVM_INFO ./../testcases/uart_rxd_interrupt.sv(40) @ 514603000: uvm_test_top [uart_rxd_interrupt] --------------------------------------------------------------
# Name                Type                Size  Value           
# --------------------------------------------------------------
# cfg                 uart_configuration  -     @360            
#   parity_mode       parity_mode_e       32    UART_PARITY_NONE
#   sampling          sampling_mode_e     32    MODE_X13        
#   data_width        integral            32    'h6             
#   num_of_stop_bit   integral            32    'h2             
#   baud_rate         integral            32    'h960           
#   baud_rate_enable  integral            1     'h0             
#   parity_enable     integral            1     'h0             
#   interrupt_enable  integral            1     'h0             
# --------------------------------------------------------------
# 
# UVM_INFO ./../regmodel/uart_reg2ahb_adapter.sv(42) @ 514603000: reporter [uart_reg2ahb_adapter] bus2reg: address = 0x0 data = 0x1 kind = UVM_WRITE status = UVM_IS_OK
# UVM_INFO /ictc/other/tools/QuestaDVA/questasim/verilog_src/uvm-1.2/src/reg/uvm_reg_predictor.svh(221) @ 514603000: uvm_test_top.env.ahb_predictor [REG_PREDICT] Observed WRITE transaction to register regmodel.MDR: value='h1 : updated value = 'h1
# UVM_INFO ./../regmodel/uart_reg2ahb_adapter.sv(42) @ 514603000: reporter [uart_reg2ahb_adapter] bus2reg: address = 0x4 data = 0x85 kind = UVM_WRITE status = UVM_IS_OK
# UVM_INFO /ictc/other/tools/QuestaDVA/questasim/verilog_src/uvm-1.2/src/reg/uvm_reg_predictor.svh(221) @ 514603000: uvm_test_top.env.ahb_predictor [REG_PREDICT] Observed WRITE transaction to register regmodel.DLL: value='h85 : updated value = 'h85
# UVM_INFO ./../regmodel/uart_reg2ahb_adapter.sv(42) @ 514603000: reporter [uart_reg2ahb_adapter] bus2reg: address = 0x8 data = 0xc kind = UVM_WRITE status = UVM_IS_OK
# UVM_INFO /ictc/other/tools/QuestaDVA/questasim/verilog_src/uvm-1.2/src/reg/uvm_reg_predictor.svh(221) @ 514603000: uvm_test_top.env.ahb_predictor [REG_PREDICT] Observed WRITE transaction to register regmodel.DLH: value='hc : updated value = 'hc
# UVM_INFO ./../regmodel/uart_reg2ahb_adapter.sv(42) @ 514604000: reporter [uart_reg2ahb_adapter] bus2reg: address = 0xc data = 0x25 kind = UVM_WRITE status = UVM_IS_OK
# UVM_INFO /ictc/other/tools/QuestaDVA/questasim/verilog_src/uvm-1.2/src/reg/uvm_reg_predictor.svh(221) @ 514604000: uvm_test_top.env.ahb_predictor [REG_PREDICT] Observed WRITE transaction to register regmodel.LCR: value='h25 : updated value = 'h25
# UVM_INFO ./../regmodel/uart_reg2ahb_adapter.sv(42) @ 514604000: reporter [uart_reg2ahb_adapter] bus2reg: address = 0x10 data = 0x8 kind = UVM_WRITE status = UVM_IS_OK
# UVM_INFO /ictc/other/tools/QuestaDVA/questasim/verilog_src/uvm-1.2/src/reg/uvm_reg_predictor.svh(221) @ 514604000: uvm_test_top.env.ahb_predictor [REG_PREDICT] Observed WRITE transaction to register regmodel.IER: value='h8 : updated value = 'h8
# ===== Received Data from IER =====
# UVM_INFO ./../regmodel/uart_reg2ahb_adapter.sv(42) @ 514604000: reporter [uart_reg2ahb_adapter] bus2reg: address = 0x14 data = 0x6 kind = UVM_READ status = UVM_IS_OK
# UVM_INFO /ictc/other/tools/QuestaDVA/questasim/verilog_src/uvm-1.2/src/reg/uvm_reg_predictor.svh(225) @ 514604000: uvm_test_top.env.ahb_predictor [REG_PREDICT] Observed READ transaction to register regmodel.FSR: value='h6
# UVM_ERROR ./../sequences/ahb_rxd_rx_empty_sequence.sv(130) @ 514614000: uvm_test_top.env.ahb_agt.sequencer@@rx_empty [ahb_rxd_rx_empty_sequence] 
# ===== FAILED!!! RX_EMPTY_STATUS is not right =====
# UVM_INFO ./../regmodel/uart_reg2ahb_adapter.sv(42) @ 522111000: reporter [uart_reg2ahb_adapter] bus2reg: address = 0x14 data = 0x6 kind = UVM_READ status = UVM_IS_OK
# UVM_INFO /ictc/other/tools/QuestaDVA/questasim/verilog_src/uvm-1.2/src/reg/uvm_reg_predictor.svh(225) @ 522111000: uvm_test_top.env.ahb_predictor [REG_PREDICT] Observed READ transaction to register regmodel.FSR: value='h6
# UVM_INFO ./../testcases/uart_rxd_interrupt.sv(40) @ 532121000: uvm_test_top [uart_rxd_interrupt] --------------------------------------------------------------
# Name                Type                Size  Value           
# --------------------------------------------------------------
# cfg                 uart_configuration  -     @360            
#   parity_mode       parity_mode_e       32    UART_PARITY_NONE
#   sampling          sampling_mode_e     32    MODE_X16        
#   data_width        integral            32    'h6             
#   num_of_stop_bit   integral            32    'h2             
#   baud_rate         integral            32    'h12c0          
#   baud_rate_enable  integral            1     'h0             
#   parity_enable     integral            1     'h0             
#   interrupt_enable  integral            1     'h0             
# --------------------------------------------------------------
# 
# UVM_INFO ./../regmodel/uart_reg2ahb_adapter.sv(42) @ 532121000: reporter [uart_reg2ahb_adapter] bus2reg: address = 0x0 data = 0x0 kind = UVM_WRITE status = UVM_IS_OK
# UVM_INFO /ictc/other/tools/QuestaDVA/questasim/verilog_src/uvm-1.2/src/reg/uvm_reg_predictor.svh(221) @ 532121000: uvm_test_top.env.ahb_predictor [REG_PREDICT] Observed WRITE transaction to register regmodel.MDR: value='h0 : updated value = 'h0
# UVM_INFO ./../regmodel/uart_reg2ahb_adapter.sv(42) @ 532121000: reporter [uart_reg2ahb_adapter] bus2reg: address = 0x4 data = 0x16 kind = UVM_WRITE status = UVM_IS_OK
# UVM_INFO /ictc/other/tools/QuestaDVA/questasim/verilog_src/uvm-1.2/src/reg/uvm_reg_predictor.svh(221) @ 532121000: uvm_test_top.env.ahb_predictor [REG_PREDICT] Observed WRITE transaction to register regmodel.DLL: value='h16 : updated value = 'h16
# UVM_INFO ./../regmodel/uart_reg2ahb_adapter.sv(42) @ 532121000: reporter [uart_reg2ahb_adapter] bus2reg: address = 0x8 data = 0x5 kind = UVM_WRITE status = UVM_IS_OK
# UVM_INFO /ictc/other/tools/QuestaDVA/questasim/verilog_src/uvm-1.2/src/reg/uvm_reg_predictor.svh(221) @ 532121000: uvm_test_top.env.ahb_predictor [REG_PREDICT] Observed WRITE transaction to register regmodel.DLH: value='h5 : updated value = 'h5
# UVM_INFO ./../regmodel/uart_reg2ahb_adapter.sv(42) @ 532121000: reporter [uart_reg2ahb_adapter] bus2reg: address = 0xc data = 0x25 kind = UVM_WRITE status = UVM_IS_OK
# UVM_INFO /ictc/other/tools/QuestaDVA/questasim/verilog_src/uvm-1.2/src/reg/uvm_reg_predictor.svh(221) @ 532121000: uvm_test_top.env.ahb_predictor [REG_PREDICT] Observed WRITE transaction to register regmodel.LCR: value='h25 : updated value = 'h25
# UVM_INFO ./../regmodel/uart_reg2ahb_adapter.sv(42) @ 532121000: reporter [uart_reg2ahb_adapter] bus2reg: address = 0x10 data = 0x8 kind = UVM_WRITE status = UVM_IS_OK
# UVM_INFO /ictc/other/tools/QuestaDVA/questasim/verilog_src/uvm-1.2/src/reg/uvm_reg_predictor.svh(221) @ 532121000: uvm_test_top.env.ahb_predictor [REG_PREDICT] Observed WRITE transaction to register regmodel.IER: value='h8 : updated value = 'h8
# ===== Received Data from IER =====
# UVM_INFO ./../regmodel/uart_reg2ahb_adapter.sv(42) @ 532121000: reporter [uart_reg2ahb_adapter] bus2reg: address = 0x14 data = 0x6 kind = UVM_READ status = UVM_IS_OK
# UVM_INFO /ictc/other/tools/QuestaDVA/questasim/verilog_src/uvm-1.2/src/reg/uvm_reg_predictor.svh(225) @ 532121000: uvm_test_top.env.ahb_predictor [REG_PREDICT] Observed READ transaction to register regmodel.FSR: value='h6
# UVM_ERROR ./../sequences/ahb_rxd_rx_empty_sequence.sv(130) @ 532131000: uvm_test_top.env.ahb_agt.sequencer@@rx_empty [ahb_rxd_rx_empty_sequence] 
# ===== FAILED!!! RX_EMPTY_STATUS is not right =====
# UVM_INFO ./../regmodel/uart_reg2ahb_adapter.sv(42) @ 535884000: reporter [uart_reg2ahb_adapter] bus2reg: address = 0x14 data = 0x6 kind = UVM_READ status = UVM_IS_OK
# UVM_INFO /ictc/other/tools/QuestaDVA/questasim/verilog_src/uvm-1.2/src/reg/uvm_reg_predictor.svh(225) @ 535884000: uvm_test_top.env.ahb_predictor [REG_PREDICT] Observed READ transaction to register regmodel.FSR: value='h6
# UVM_INFO ./../testcases/uart_rxd_interrupt.sv(40) @ 545894000: uvm_test_top [uart_rxd_interrupt] --------------------------------------------------------------
# Name                Type                Size  Value           
# --------------------------------------------------------------
# cfg                 uart_configuration  -     @360            
#   parity_mode       parity_mode_e       32    UART_PARITY_NONE
#   sampling          sampling_mode_e     32    MODE_X13        
#   data_width        integral            32    'h6             
#   num_of_stop_bit   integral            32    'h2             
#   baud_rate         integral            32    'h12c0          
#   baud_rate_enable  integral            1     'h0             
#   parity_enable     integral            1     'h0             
#   interrupt_enable  integral            1     'h0             
# --------------------------------------------------------------
# 
# UVM_INFO ./../regmodel/uart_reg2ahb_adapter.sv(42) @ 545894000: reporter [uart_reg2ahb_adapter] bus2reg: address = 0x0 data = 0x1 kind = UVM_WRITE status = UVM_IS_OK
# UVM_INFO /ictc/other/tools/QuestaDVA/questasim/verilog_src/uvm-1.2/src/reg/uvm_reg_predictor.svh(221) @ 545894000: uvm_test_top.env.ahb_predictor [REG_PREDICT] Observed WRITE transaction to register regmodel.MDR: value='h1 : updated value = 'h1
# UVM_INFO ./../regmodel/uart_reg2ahb_adapter.sv(42) @ 545894000: reporter [uart_reg2ahb_adapter] bus2reg: address = 0x4 data = 0x42 kind = UVM_WRITE status = UVM_IS_OK
# UVM_INFO /ictc/other/tools/QuestaDVA/questasim/verilog_src/uvm-1.2/src/reg/uvm_reg_predictor.svh(221) @ 545894000: uvm_test_top.env.ahb_predictor [REG_PREDICT] Observed WRITE transaction to register regmodel.DLL: value='h42 : updated value = 'h42
# UVM_INFO ./../regmodel/uart_reg2ahb_adapter.sv(42) @ 545895000: reporter [uart_reg2ahb_adapter] bus2reg: address = 0x8 data = 0x6 kind = UVM_WRITE status = UVM_IS_OK
# UVM_INFO /ictc/other/tools/QuestaDVA/questasim/verilog_src/uvm-1.2/src/reg/uvm_reg_predictor.svh(221) @ 545895000: uvm_test_top.env.ahb_predictor [REG_PREDICT] Observed WRITE transaction to register regmodel.DLH: value='h6 : updated value = 'h6
# UVM_INFO ./../regmodel/uart_reg2ahb_adapter.sv(42) @ 545895000: reporter [uart_reg2ahb_adapter] bus2reg: address = 0xc data = 0x25 kind = UVM_WRITE status = UVM_IS_OK
# UVM_INFO /ictc/other/tools/QuestaDVA/questasim/verilog_src/uvm-1.2/src/reg/uvm_reg_predictor.svh(221) @ 545895000: uvm_test_top.env.ahb_predictor [REG_PREDICT] Observed WRITE transaction to register regmodel.LCR: value='h25 : updated value = 'h25
# UVM_INFO ./../regmodel/uart_reg2ahb_adapter.sv(42) @ 545895000: reporter [uart_reg2ahb_adapter] bus2reg: address = 0x10 data = 0x8 kind = UVM_WRITE status = UVM_IS_OK
# UVM_INFO /ictc/other/tools/QuestaDVA/questasim/verilog_src/uvm-1.2/src/reg/uvm_reg_predictor.svh(221) @ 545895000: uvm_test_top.env.ahb_predictor [REG_PREDICT] Observed WRITE transaction to register regmodel.IER: value='h8 : updated value = 'h8
# ===== Received Data from IER =====
# UVM_INFO ./../regmodel/uart_reg2ahb_adapter.sv(42) @ 545895000: reporter [uart_reg2ahb_adapter] bus2reg: address = 0x14 data = 0x6 kind = UVM_READ status = UVM_IS_OK
# UVM_INFO /ictc/other/tools/QuestaDVA/questasim/verilog_src/uvm-1.2/src/reg/uvm_reg_predictor.svh(225) @ 545895000: uvm_test_top.env.ahb_predictor [REG_PREDICT] Observed READ transaction to register regmodel.FSR: value='h6
# UVM_ERROR ./../sequences/ahb_rxd_rx_empty_sequence.sv(130) @ 545905000: uvm_test_top.env.ahb_agt.sequencer@@rx_empty [ahb_rxd_rx_empty_sequence] 
# ===== FAILED!!! RX_EMPTY_STATUS is not right =====
# UVM_INFO ./../regmodel/uart_reg2ahb_adapter.sv(42) @ 549658000: reporter [uart_reg2ahb_adapter] bus2reg: address = 0x14 data = 0x6 kind = UVM_READ status = UVM_IS_OK
# UVM_INFO /ictc/other/tools/QuestaDVA/questasim/verilog_src/uvm-1.2/src/reg/uvm_reg_predictor.svh(225) @ 549658000: uvm_test_top.env.ahb_predictor [REG_PREDICT] Observed READ transaction to register regmodel.FSR: value='h6
# UVM_INFO ./../testcases/uart_rxd_interrupt.sv(40) @ 559668000: uvm_test_top [uart_rxd_interrupt] --------------------------------------------------------------
# Name                Type                Size  Value           
# --------------------------------------------------------------
# cfg                 uart_configuration  -     @360            
#   parity_mode       parity_mode_e       32    UART_PARITY_NONE
#   sampling          sampling_mode_e     32    MODE_X16        
#   data_width        integral            32    'h6             
#   num_of_stop_bit   integral            32    'h2             
#   baud_rate         integral            32    'h2580          
#   baud_rate_enable  integral            1     'h0             
#   parity_enable     integral            1     'h0             
#   interrupt_enable  integral            1     'h0             
# --------------------------------------------------------------
# 
# UVM_INFO ./../regmodel/uart_reg2ahb_adapter.sv(42) @ 559668000: reporter [uart_reg2ahb_adapter] bus2reg: address = 0x0 data = 0x0 kind = UVM_WRITE status = UVM_IS_OK
# UVM_INFO /ictc/other/tools/QuestaDVA/questasim/verilog_src/uvm-1.2/src/reg/uvm_reg_predictor.svh(221) @ 559668000: uvm_test_top.env.ahb_predictor [REG_PREDICT] Observed WRITE transaction to register regmodel.MDR: value='h0 : updated value = 'h0
# UVM_INFO ./../regmodel/uart_reg2ahb_adapter.sv(42) @ 559668000: reporter [uart_reg2ahb_adapter] bus2reg: address = 0x4 data = 0x8b kind = UVM_WRITE status = UVM_IS_OK
# UVM_INFO /ictc/other/tools/QuestaDVA/questasim/verilog_src/uvm-1.2/src/reg/uvm_reg_predictor.svh(221) @ 559668000: uvm_test_top.env.ahb_predictor [REG_PREDICT] Observed WRITE transaction to register regmodel.DLL: value='h8b : updated value = 'h8b
# UVM_INFO ./../regmodel/uart_reg2ahb_adapter.sv(42) @ 559668000: reporter [uart_reg2ahb_adapter] bus2reg: address = 0x8 data = 0x2 kind = UVM_WRITE status = UVM_IS_OK
# UVM_INFO /ictc/other/tools/QuestaDVA/questasim/verilog_src/uvm-1.2/src/reg/uvm_reg_predictor.svh(221) @ 559668000: uvm_test_top.env.ahb_predictor [REG_PREDICT] Observed WRITE transaction to register regmodel.DLH: value='h2 : updated value = 'h2
# UVM_INFO ./../regmodel/uart_reg2ahb_adapter.sv(42) @ 559668000: reporter [uart_reg2ahb_adapter] bus2reg: address = 0xc data = 0x25 kind = UVM_WRITE status = UVM_IS_OK
# UVM_INFO /ictc/other/tools/QuestaDVA/questasim/verilog_src/uvm-1.2/src/reg/uvm_reg_predictor.svh(221) @ 559668000: uvm_test_top.env.ahb_predictor [REG_PREDICT] Observed WRITE transaction to register regmodel.LCR: value='h25 : updated value = 'h25
# UVM_INFO ./../regmodel/uart_reg2ahb_adapter.sv(42) @ 559668000: reporter [uart_reg2ahb_adapter] bus2reg: address = 0x10 data = 0x8 kind = UVM_WRITE status = UVM_IS_OK
# UVM_INFO /ictc/other/tools/QuestaDVA/questasim/verilog_src/uvm-1.2/src/reg/uvm_reg_predictor.svh(221) @ 559668000: uvm_test_top.env.ahb_predictor [REG_PREDICT] Observed WRITE transaction to register regmodel.IER: value='h8 : updated value = 'h8
# ===== Received Data from IER =====
# UVM_INFO ./../regmodel/uart_reg2ahb_adapter.sv(42) @ 559668000: reporter [uart_reg2ahb_adapter] bus2reg: address = 0x14 data = 0x6 kind = UVM_READ status = UVM_IS_OK
# UVM_INFO /ictc/other/tools/QuestaDVA/questasim/verilog_src/uvm-1.2/src/reg/uvm_reg_predictor.svh(225) @ 559668000: uvm_test_top.env.ahb_predictor [REG_PREDICT] Observed READ transaction to register regmodel.FSR: value='h6
# UVM_ERROR ./../sequences/ahb_rxd_rx_empty_sequence.sv(130) @ 559678000: uvm_test_top.env.ahb_agt.sequencer@@rx_empty [ahb_rxd_rx_empty_sequence] 
# ===== FAILED!!! RX_EMPTY_STATUS is not right =====
# UVM_INFO ./../regmodel/uart_reg2ahb_adapter.sv(42) @ 561550000: reporter [uart_reg2ahb_adapter] bus2reg: address = 0x14 data = 0x6 kind = UVM_READ status = UVM_IS_OK
# UVM_INFO /ictc/other/tools/QuestaDVA/questasim/verilog_src/uvm-1.2/src/reg/uvm_reg_predictor.svh(225) @ 561550000: uvm_test_top.env.ahb_predictor [REG_PREDICT] Observed READ transaction to register regmodel.FSR: value='h6
# UVM_INFO ./../testcases/uart_rxd_interrupt.sv(40) @ 571560000: uvm_test_top [uart_rxd_interrupt] --------------------------------------------------------------
# Name                Type                Size  Value           
# --------------------------------------------------------------
# cfg                 uart_configuration  -     @360            
#   parity_mode       parity_mode_e       32    UART_PARITY_NONE
#   sampling          sampling_mode_e     32    MODE_X13        
#   data_width        integral            32    'h6             
#   num_of_stop_bit   integral            32    'h2             
#   baud_rate         integral            32    'h2580          
#   baud_rate_enable  integral            1     'h0             
#   parity_enable     integral            1     'h0             
#   interrupt_enable  integral            1     'h0             
# --------------------------------------------------------------
# 
# UVM_INFO ./../regmodel/uart_reg2ahb_adapter.sv(42) @ 571561000: reporter [uart_reg2ahb_adapter] bus2reg: address = 0x0 data = 0x1 kind = UVM_WRITE status = UVM_IS_OK
# UVM_INFO /ictc/other/tools/QuestaDVA/questasim/verilog_src/uvm-1.2/src/reg/uvm_reg_predictor.svh(221) @ 571561000: uvm_test_top.env.ahb_predictor [REG_PREDICT] Observed WRITE transaction to register regmodel.MDR: value='h1 : updated value = 'h1
# UVM_INFO ./../regmodel/uart_reg2ahb_adapter.sv(42) @ 571561000: reporter [uart_reg2ahb_adapter] bus2reg: address = 0x4 data = 0x21 kind = UVM_WRITE status = UVM_IS_OK
# UVM_INFO /ictc/other/tools/QuestaDVA/questasim/verilog_src/uvm-1.2/src/reg/uvm_reg_predictor.svh(221) @ 571561000: uvm_test_top.env.ahb_predictor [REG_PREDICT] Observed WRITE transaction to register regmodel.DLL: value='h21 : updated value = 'h21
# UVM_INFO ./../regmodel/uart_reg2ahb_adapter.sv(42) @ 571561000: reporter [uart_reg2ahb_adapter] bus2reg: address = 0x8 data = 0x3 kind = UVM_WRITE status = UVM_IS_OK
# UVM_INFO /ictc/other/tools/QuestaDVA/questasim/verilog_src/uvm-1.2/src/reg/uvm_reg_predictor.svh(221) @ 571561000: uvm_test_top.env.ahb_predictor [REG_PREDICT] Observed WRITE transaction to register regmodel.DLH: value='h3 : updated value = 'h3
# UVM_INFO ./../regmodel/uart_reg2ahb_adapter.sv(42) @ 571561000: reporter [uart_reg2ahb_adapter] bus2reg: address = 0xc data = 0x25 kind = UVM_WRITE status = UVM_IS_OK
# UVM_INFO /ictc/other/tools/QuestaDVA/questasim/verilog_src/uvm-1.2/src/reg/uvm_reg_predictor.svh(221) @ 571561000: uvm_test_top.env.ahb_predictor [REG_PREDICT] Observed WRITE transaction to register regmodel.LCR: value='h25 : updated value = 'h25
# UVM_INFO ./../regmodel/uart_reg2ahb_adapter.sv(42) @ 571561000: reporter [uart_reg2ahb_adapter] bus2reg: address = 0x10 data = 0x8 kind = UVM_WRITE status = UVM_IS_OK
# UVM_INFO /ictc/other/tools/QuestaDVA/questasim/verilog_src/uvm-1.2/src/reg/uvm_reg_predictor.svh(221) @ 571561000: uvm_test_top.env.ahb_predictor [REG_PREDICT] Observed WRITE transaction to register regmodel.IER: value='h8 : updated value = 'h8
# ===== Received Data from IER =====
# UVM_INFO ./../regmodel/uart_reg2ahb_adapter.sv(42) @ 571561000: reporter [uart_reg2ahb_adapter] bus2reg: address = 0x14 data = 0x6 kind = UVM_READ status = UVM_IS_OK
# UVM_INFO /ictc/other/tools/QuestaDVA/questasim/verilog_src/uvm-1.2/src/reg/uvm_reg_predictor.svh(225) @ 571561000: uvm_test_top.env.ahb_predictor [REG_PREDICT] Observed READ transaction to register regmodel.FSR: value='h6
# UVM_ERROR ./../sequences/ahb_rxd_rx_empty_sequence.sv(130) @ 571571000: uvm_test_top.env.ahb_agt.sequencer@@rx_empty [ahb_rxd_rx_empty_sequence] 
# ===== FAILED!!! RX_EMPTY_STATUS is not right =====
# UVM_INFO ./../regmodel/uart_reg2ahb_adapter.sv(42) @ 573443000: reporter [uart_reg2ahb_adapter] bus2reg: address = 0x14 data = 0x6 kind = UVM_READ status = UVM_IS_OK
# UVM_INFO /ictc/other/tools/QuestaDVA/questasim/verilog_src/uvm-1.2/src/reg/uvm_reg_predictor.svh(225) @ 573443000: uvm_test_top.env.ahb_predictor [REG_PREDICT] Observed READ transaction to register regmodel.FSR: value='h6
# UVM_INFO ./../testcases/uart_rxd_interrupt.sv(40) @ 583453000: uvm_test_top [uart_rxd_interrupt] --------------------------------------------------------------
# Name                Type                Size  Value           
# --------------------------------------------------------------
# cfg                 uart_configuration  -     @360            
#   parity_mode       parity_mode_e       32    UART_PARITY_NONE
#   sampling          sampling_mode_e     32    MODE_X16        
#   data_width        integral            32    'h6             
#   num_of_stop_bit   integral            32    'h2             
#   baud_rate         integral            32    'h4b00          
#   baud_rate_enable  integral            1     'h0             
#   parity_enable     integral            1     'h0             
#   interrupt_enable  integral            1     'h0             
# --------------------------------------------------------------
# 
# UVM_INFO ./../regmodel/uart_reg2ahb_adapter.sv(42) @ 583453000: reporter [uart_reg2ahb_adapter] bus2reg: address = 0x0 data = 0x0 kind = UVM_WRITE status = UVM_IS_OK
# UVM_INFO /ictc/other/tools/QuestaDVA/questasim/verilog_src/uvm-1.2/src/reg/uvm_reg_predictor.svh(221) @ 583453000: uvm_test_top.env.ahb_predictor [REG_PREDICT] Observed WRITE transaction to register regmodel.MDR: value='h0 : updated value = 'h0
# UVM_INFO ./../regmodel/uart_reg2ahb_adapter.sv(42) @ 583453000: reporter [uart_reg2ahb_adapter] bus2reg: address = 0x4 data = 0x45 kind = UVM_WRITE status = UVM_IS_OK
# UVM_INFO /ictc/other/tools/QuestaDVA/questasim/verilog_src/uvm-1.2/src/reg/uvm_reg_predictor.svh(221) @ 583453000: uvm_test_top.env.ahb_predictor [REG_PREDICT] Observed WRITE transaction to register regmodel.DLL: value='h45 : updated value = 'h45
# UVM_INFO ./../regmodel/uart_reg2ahb_adapter.sv(42) @ 583453000: reporter [uart_reg2ahb_adapter] bus2reg: address = 0x8 data = 0x1 kind = UVM_WRITE status = UVM_IS_OK
# UVM_INFO /ictc/other/tools/QuestaDVA/questasim/verilog_src/uvm-1.2/src/reg/uvm_reg_predictor.svh(221) @ 583453000: uvm_test_top.env.ahb_predictor [REG_PREDICT] Observed WRITE transaction to register regmodel.DLH: value='h1 : updated value = 'h1
# UVM_INFO ./../regmodel/uart_reg2ahb_adapter.sv(42) @ 583453000: reporter [uart_reg2ahb_adapter] bus2reg: address = 0xc data = 0x25 kind = UVM_WRITE status = UVM_IS_OK
# UVM_INFO /ictc/other/tools/QuestaDVA/questasim/verilog_src/uvm-1.2/src/reg/uvm_reg_predictor.svh(221) @ 583453000: uvm_test_top.env.ahb_predictor [REG_PREDICT] Observed WRITE transaction to register regmodel.LCR: value='h25 : updated value = 'h25
# UVM_INFO ./../regmodel/uart_reg2ahb_adapter.sv(42) @ 583453000: reporter [uart_reg2ahb_adapter] bus2reg: address = 0x10 data = 0x8 kind = UVM_WRITE status = UVM_IS_OK
# UVM_INFO /ictc/other/tools/QuestaDVA/questasim/verilog_src/uvm-1.2/src/reg/uvm_reg_predictor.svh(221) @ 583453000: uvm_test_top.env.ahb_predictor [REG_PREDICT] Observed WRITE transaction to register regmodel.IER: value='h8 : updated value = 'h8
# ===== Received Data from IER =====
# UVM_INFO ./../regmodel/uart_reg2ahb_adapter.sv(42) @ 583454000: reporter [uart_reg2ahb_adapter] bus2reg: address = 0x14 data = 0x6 kind = UVM_READ status = UVM_IS_OK
# UVM_INFO /ictc/other/tools/QuestaDVA/questasim/verilog_src/uvm-1.2/src/reg/uvm_reg_predictor.svh(225) @ 583454000: uvm_test_top.env.ahb_predictor [REG_PREDICT] Observed READ transaction to register regmodel.FSR: value='h6
# UVM_ERROR ./../sequences/ahb_rxd_rx_empty_sequence.sv(130) @ 583464000: uvm_test_top.env.ahb_agt.sequencer@@rx_empty [ahb_rxd_rx_empty_sequence] 
# ===== FAILED!!! RX_EMPTY_STATUS is not right =====
# UVM_INFO ./../regmodel/uart_reg2ahb_adapter.sv(42) @ 584400000: reporter [uart_reg2ahb_adapter] bus2reg: address = 0x14 data = 0x6 kind = UVM_READ status = UVM_IS_OK
# UVM_INFO /ictc/other/tools/QuestaDVA/questasim/verilog_src/uvm-1.2/src/reg/uvm_reg_predictor.svh(225) @ 584400000: uvm_test_top.env.ahb_predictor [REG_PREDICT] Observed READ transaction to register regmodel.FSR: value='h6
# UVM_INFO ./../testcases/uart_rxd_interrupt.sv(40) @ 594410000: uvm_test_top [uart_rxd_interrupt] --------------------------------------------------------------
# Name                Type                Size  Value           
# --------------------------------------------------------------
# cfg                 uart_configuration  -     @360            
#   parity_mode       parity_mode_e       32    UART_PARITY_NONE
#   sampling          sampling_mode_e     32    MODE_X13        
#   data_width        integral            32    'h6             
#   num_of_stop_bit   integral            32    'h2             
#   baud_rate         integral            32    'h4b00          
#   baud_rate_enable  integral            1     'h0             
#   parity_enable     integral            1     'h0             
#   interrupt_enable  integral            1     'h0             
# --------------------------------------------------------------
# 
# UVM_INFO ./../regmodel/uart_reg2ahb_adapter.sv(42) @ 594410000: reporter [uart_reg2ahb_adapter] bus2reg: address = 0x0 data = 0x1 kind = UVM_WRITE status = UVM_IS_OK
# UVM_INFO /ictc/other/tools/QuestaDVA/questasim/verilog_src/uvm-1.2/src/reg/uvm_reg_predictor.svh(221) @ 594410000: uvm_test_top.env.ahb_predictor [REG_PREDICT] Observed WRITE transaction to register regmodel.MDR: value='h1 : updated value = 'h1
# UVM_INFO ./../regmodel/uart_reg2ahb_adapter.sv(42) @ 594410000: reporter [uart_reg2ahb_adapter] bus2reg: address = 0x4 data = 0x91 kind = UVM_WRITE status = UVM_IS_OK
# UVM_INFO /ictc/other/tools/QuestaDVA/questasim/verilog_src/uvm-1.2/src/reg/uvm_reg_predictor.svh(221) @ 594410000: uvm_test_top.env.ahb_predictor [REG_PREDICT] Observed WRITE transaction to register regmodel.DLL: value='h91 : updated value = 'h91
# UVM_INFO ./../regmodel/uart_reg2ahb_adapter.sv(42) @ 594410000: reporter [uart_reg2ahb_adapter] bus2reg: address = 0x8 data = 0x1 kind = UVM_WRITE status = UVM_IS_OK
# UVM_INFO /ictc/other/tools/QuestaDVA/questasim/verilog_src/uvm-1.2/src/reg/uvm_reg_predictor.svh(221) @ 594410000: uvm_test_top.env.ahb_predictor [REG_PREDICT] Observed WRITE transaction to register regmodel.DLH: value='h1 : updated value = 'h1
# UVM_INFO ./../regmodel/uart_reg2ahb_adapter.sv(42) @ 594410000: reporter [uart_reg2ahb_adapter] bus2reg: address = 0xc data = 0x25 kind = UVM_WRITE status = UVM_IS_OK
# UVM_INFO /ictc/other/tools/QuestaDVA/questasim/verilog_src/uvm-1.2/src/reg/uvm_reg_predictor.svh(221) @ 594410000: uvm_test_top.env.ahb_predictor [REG_PREDICT] Observed WRITE transaction to register regmodel.LCR: value='h25 : updated value = 'h25
# UVM_INFO ./../regmodel/uart_reg2ahb_adapter.sv(42) @ 594410000: reporter [uart_reg2ahb_adapter] bus2reg: address = 0x10 data = 0x8 kind = UVM_WRITE status = UVM_IS_OK
# UVM_INFO /ictc/other/tools/QuestaDVA/questasim/verilog_src/uvm-1.2/src/reg/uvm_reg_predictor.svh(221) @ 594410000: uvm_test_top.env.ahb_predictor [REG_PREDICT] Observed WRITE transaction to register regmodel.IER: value='h8 : updated value = 'h8
# ===== Received Data from IER =====
# UVM_INFO ./../regmodel/uart_reg2ahb_adapter.sv(42) @ 594410000: reporter [uart_reg2ahb_adapter] bus2reg: address = 0x14 data = 0x6 kind = UVM_READ status = UVM_IS_OK
# UVM_INFO /ictc/other/tools/QuestaDVA/questasim/verilog_src/uvm-1.2/src/reg/uvm_reg_predictor.svh(225) @ 594410000: uvm_test_top.env.ahb_predictor [REG_PREDICT] Observed READ transaction to register regmodel.FSR: value='h6
# UVM_ERROR ./../sequences/ahb_rxd_rx_empty_sequence.sv(130) @ 594420000: uvm_test_top.env.ahb_agt.sequencer@@rx_empty [ahb_rxd_rx_empty_sequence] 
# ===== FAILED!!! RX_EMPTY_STATUS is not right =====
# UVM_INFO ./../regmodel/uart_reg2ahb_adapter.sv(42) @ 595356000: reporter [uart_reg2ahb_adapter] bus2reg: address = 0x14 data = 0x6 kind = UVM_READ status = UVM_IS_OK
# UVM_INFO /ictc/other/tools/QuestaDVA/questasim/verilog_src/uvm-1.2/src/reg/uvm_reg_predictor.svh(225) @ 595356000: uvm_test_top.env.ahb_predictor [REG_PREDICT] Observed READ transaction to register regmodel.FSR: value='h6
# UVM_INFO ./../testcases/uart_rxd_interrupt.sv(40) @ 605366000: uvm_test_top [uart_rxd_interrupt] --------------------------------------------------------------
# Name                Type                Size  Value           
# --------------------------------------------------------------
# cfg                 uart_configuration  -     @360            
#   parity_mode       parity_mode_e       32    UART_PARITY_NONE
#   sampling          sampling_mode_e     32    MODE_X16        
#   data_width        integral            32    'h6             
#   num_of_stop_bit   integral            32    'h2             
#   baud_rate         integral            32    'h9600          
#   baud_rate_enable  integral            1     'h0             
#   parity_enable     integral            1     'h0             
#   interrupt_enable  integral            1     'h0             
# --------------------------------------------------------------
# 
# UVM_INFO ./../regmodel/uart_reg2ahb_adapter.sv(42) @ 605366000: reporter [uart_reg2ahb_adapter] bus2reg: address = 0x0 data = 0x0 kind = UVM_WRITE status = UVM_IS_OK
# UVM_INFO /ictc/other/tools/QuestaDVA/questasim/verilog_src/uvm-1.2/src/reg/uvm_reg_predictor.svh(221) @ 605366000: uvm_test_top.env.ahb_predictor [REG_PREDICT] Observed WRITE transaction to register regmodel.MDR: value='h0 : updated value = 'h0
# UVM_INFO ./../regmodel/uart_reg2ahb_adapter.sv(42) @ 605366000: reporter [uart_reg2ahb_adapter] bus2reg: address = 0x4 data = 0xa4 kind = UVM_WRITE status = UVM_IS_OK
# UVM_INFO /ictc/other/tools/QuestaDVA/questasim/verilog_src/uvm-1.2/src/reg/uvm_reg_predictor.svh(221) @ 605366000: uvm_test_top.env.ahb_predictor [REG_PREDICT] Observed WRITE transaction to register regmodel.DLL: value='ha4 : updated value = 'ha4
# UVM_INFO ./../regmodel/uart_reg2ahb_adapter.sv(42) @ 605366000: reporter [uart_reg2ahb_adapter] bus2reg: address = 0x8 data = 0x0 kind = UVM_WRITE status = UVM_IS_OK
# UVM_INFO /ictc/other/tools/QuestaDVA/questasim/verilog_src/uvm-1.2/src/reg/uvm_reg_predictor.svh(221) @ 605366000: uvm_test_top.env.ahb_predictor [REG_PREDICT] Observed WRITE transaction to register regmodel.DLH: value='h0 : updated value = 'h0
# UVM_INFO ./../regmodel/uart_reg2ahb_adapter.sv(42) @ 605366000: reporter [uart_reg2ahb_adapter] bus2reg: address = 0xc data = 0x25 kind = UVM_WRITE status = UVM_IS_OK
# UVM_INFO /ictc/other/tools/QuestaDVA/questasim/verilog_src/uvm-1.2/src/reg/uvm_reg_predictor.svh(221) @ 605366000: uvm_test_top.env.ahb_predictor [REG_PREDICT] Observed WRITE transaction to register regmodel.LCR: value='h25 : updated value = 'h25
# UVM_INFO ./../regmodel/uart_reg2ahb_adapter.sv(42) @ 605367000: reporter [uart_reg2ahb_adapter] bus2reg: address = 0x10 data = 0x8 kind = UVM_WRITE status = UVM_IS_OK
# UVM_INFO /ictc/other/tools/QuestaDVA/questasim/verilog_src/uvm-1.2/src/reg/uvm_reg_predictor.svh(221) @ 605367000: uvm_test_top.env.ahb_predictor [REG_PREDICT] Observed WRITE transaction to register regmodel.IER: value='h8 : updated value = 'h8
# ===== Received Data from IER =====
# UVM_INFO ./../regmodel/uart_reg2ahb_adapter.sv(42) @ 605367000: reporter [uart_reg2ahb_adapter] bus2reg: address = 0x14 data = 0x6 kind = UVM_READ status = UVM_IS_OK
# UVM_INFO /ictc/other/tools/QuestaDVA/questasim/verilog_src/uvm-1.2/src/reg/uvm_reg_predictor.svh(225) @ 605367000: uvm_test_top.env.ahb_predictor [REG_PREDICT] Observed READ transaction to register regmodel.FSR: value='h6
# UVM_ERROR ./../sequences/ahb_rxd_rx_empty_sequence.sv(130) @ 605377000: uvm_test_top.env.ahb_agt.sequencer@@rx_empty [ahb_rxd_rx_empty_sequence] 
# ===== FAILED!!! RX_EMPTY_STATUS is not right =====
# UVM_INFO ./../regmodel/uart_reg2ahb_adapter.sv(42) @ 605845000: reporter [uart_reg2ahb_adapter] bus2reg: address = 0x14 data = 0x6 kind = UVM_READ status = UVM_IS_OK
# UVM_INFO /ictc/other/tools/QuestaDVA/questasim/verilog_src/uvm-1.2/src/reg/uvm_reg_predictor.svh(225) @ 605845000: uvm_test_top.env.ahb_predictor [REG_PREDICT] Observed READ transaction to register regmodel.FSR: value='h6
# UVM_INFO ./../testcases/uart_rxd_interrupt.sv(40) @ 615855000: uvm_test_top [uart_rxd_interrupt] --------------------------------------------------------------
# Name                Type                Size  Value           
# --------------------------------------------------------------
# cfg                 uart_configuration  -     @360            
#   parity_mode       parity_mode_e       32    UART_PARITY_NONE
#   sampling          sampling_mode_e     32    MODE_X13        
#   data_width        integral            32    'h6             
#   num_of_stop_bit   integral            32    'h2             
#   baud_rate         integral            32    'h9600          
#   baud_rate_enable  integral            1     'h0             
#   parity_enable     integral            1     'h0             
#   interrupt_enable  integral            1     'h0             
# --------------------------------------------------------------
# 
# UVM_INFO ./../regmodel/uart_reg2ahb_adapter.sv(42) @ 615855000: reporter [uart_reg2ahb_adapter] bus2reg: address = 0x0 data = 0x1 kind = UVM_WRITE status = UVM_IS_OK
# UVM_INFO /ictc/other/tools/QuestaDVA/questasim/verilog_src/uvm-1.2/src/reg/uvm_reg_predictor.svh(221) @ 615855000: uvm_test_top.env.ahb_predictor [REG_PREDICT] Observed WRITE transaction to register regmodel.MDR: value='h1 : updated value = 'h1
# UVM_INFO ./../regmodel/uart_reg2ahb_adapter.sv(42) @ 615855000: reporter [uart_reg2ahb_adapter] bus2reg: address = 0x4 data = 0xc8 kind = UVM_WRITE status = UVM_IS_OK
# UVM_INFO /ictc/other/tools/QuestaDVA/questasim/verilog_src/uvm-1.2/src/reg/uvm_reg_predictor.svh(221) @ 615855000: uvm_test_top.env.ahb_predictor [REG_PREDICT] Observed WRITE transaction to register regmodel.DLL: value='hc8 : updated value = 'hc8
# UVM_INFO ./../regmodel/uart_reg2ahb_adapter.sv(42) @ 615855000: reporter [uart_reg2ahb_adapter] bus2reg: address = 0x8 data = 0x0 kind = UVM_WRITE status = UVM_IS_OK
# UVM_INFO /ictc/other/tools/QuestaDVA/questasim/verilog_src/uvm-1.2/src/reg/uvm_reg_predictor.svh(221) @ 615855000: uvm_test_top.env.ahb_predictor [REG_PREDICT] Observed WRITE transaction to register regmodel.DLH: value='h0 : updated value = 'h0
# UVM_INFO ./../regmodel/uart_reg2ahb_adapter.sv(42) @ 615855000: reporter [uart_reg2ahb_adapter] bus2reg: address = 0xc data = 0x25 kind = UVM_WRITE status = UVM_IS_OK
# UVM_INFO /ictc/other/tools/QuestaDVA/questasim/verilog_src/uvm-1.2/src/reg/uvm_reg_predictor.svh(221) @ 615855000: uvm_test_top.env.ahb_predictor [REG_PREDICT] Observed WRITE transaction to register regmodel.LCR: value='h25 : updated value = 'h25
# UVM_INFO ./../regmodel/uart_reg2ahb_adapter.sv(42) @ 615855000: reporter [uart_reg2ahb_adapter] bus2reg: address = 0x10 data = 0x8 kind = UVM_WRITE status = UVM_IS_OK
# UVM_INFO /ictc/other/tools/QuestaDVA/questasim/verilog_src/uvm-1.2/src/reg/uvm_reg_predictor.svh(221) @ 615855000: uvm_test_top.env.ahb_predictor [REG_PREDICT] Observed WRITE transaction to register regmodel.IER: value='h8 : updated value = 'h8
# ===== Received Data from IER =====
# UVM_INFO ./../regmodel/uart_reg2ahb_adapter.sv(42) @ 615855000: reporter [uart_reg2ahb_adapter] bus2reg: address = 0x14 data = 0x6 kind = UVM_READ status = UVM_IS_OK
# UVM_INFO /ictc/other/tools/QuestaDVA/questasim/verilog_src/uvm-1.2/src/reg/uvm_reg_predictor.svh(225) @ 615855000: uvm_test_top.env.ahb_predictor [REG_PREDICT] Observed READ transaction to register regmodel.FSR: value='h6
# UVM_ERROR ./../sequences/ahb_rxd_rx_empty_sequence.sv(130) @ 615865000: uvm_test_top.env.ahb_agt.sequencer@@rx_empty [ahb_rxd_rx_empty_sequence] 
# ===== FAILED!!! RX_EMPTY_STATUS is not right =====
# UVM_INFO ./../regmodel/uart_reg2ahb_adapter.sv(42) @ 616333000: reporter [uart_reg2ahb_adapter] bus2reg: address = 0x14 data = 0x6 kind = UVM_READ status = UVM_IS_OK
# UVM_INFO /ictc/other/tools/QuestaDVA/questasim/verilog_src/uvm-1.2/src/reg/uvm_reg_predictor.svh(225) @ 616333000: uvm_test_top.env.ahb_predictor [REG_PREDICT] Observed READ transaction to register regmodel.FSR: value='h6
# UVM_INFO ./../testcases/uart_rxd_interrupt.sv(40) @ 626343000: uvm_test_top [uart_rxd_interrupt] --------------------------------------------------------------
# Name                Type                Size  Value           
# --------------------------------------------------------------
# cfg                 uart_configuration  -     @360            
#   parity_mode       parity_mode_e       32    UART_PARITY_NONE
#   sampling          sampling_mode_e     32    MODE_X16        
#   data_width        integral            32    'h6             
#   num_of_stop_bit   integral            32    'h2             
#   baud_rate         integral            32    'h12c00         
#   baud_rate_enable  integral            1     'h0             
#   parity_enable     integral            1     'h0             
#   interrupt_enable  integral            1     'h0             
# --------------------------------------------------------------
# 
# UVM_INFO ./../regmodel/uart_reg2ahb_adapter.sv(42) @ 626343000: reporter [uart_reg2ahb_adapter] bus2reg: address = 0x0 data = 0x0 kind = UVM_WRITE status = UVM_IS_OK
# UVM_INFO /ictc/other/tools/QuestaDVA/questasim/verilog_src/uvm-1.2/src/reg/uvm_reg_predictor.svh(221) @ 626343000: uvm_test_top.env.ahb_predictor [REG_PREDICT] Observed WRITE transaction to register regmodel.MDR: value='h0 : updated value = 'h0
# UVM_INFO ./../regmodel/uart_reg2ahb_adapter.sv(42) @ 626343000: reporter [uart_reg2ahb_adapter] bus2reg: address = 0x4 data = 0x51 kind = UVM_WRITE status = UVM_IS_OK
# UVM_INFO /ictc/other/tools/QuestaDVA/questasim/verilog_src/uvm-1.2/src/reg/uvm_reg_predictor.svh(221) @ 626343000: uvm_test_top.env.ahb_predictor [REG_PREDICT] Observed WRITE transaction to register regmodel.DLL: value='h51 : updated value = 'h51
# UVM_INFO ./../regmodel/uart_reg2ahb_adapter.sv(42) @ 626343000: reporter [uart_reg2ahb_adapter] bus2reg: address = 0x8 data = 0x0 kind = UVM_WRITE status = UVM_IS_OK
# UVM_INFO /ictc/other/tools/QuestaDVA/questasim/verilog_src/uvm-1.2/src/reg/uvm_reg_predictor.svh(221) @ 626343000: uvm_test_top.env.ahb_predictor [REG_PREDICT] Observed WRITE transaction to register regmodel.DLH: value='h0 : updated value = 'h0
# UVM_INFO ./../regmodel/uart_reg2ahb_adapter.sv(42) @ 626344000: reporter [uart_reg2ahb_adapter] bus2reg: address = 0xc data = 0x25 kind = UVM_WRITE status = UVM_IS_OK
# UVM_INFO /ictc/other/tools/QuestaDVA/questasim/verilog_src/uvm-1.2/src/reg/uvm_reg_predictor.svh(221) @ 626344000: uvm_test_top.env.ahb_predictor [REG_PREDICT] Observed WRITE transaction to register regmodel.LCR: value='h25 : updated value = 'h25
# UVM_INFO ./../regmodel/uart_reg2ahb_adapter.sv(42) @ 626344000: reporter [uart_reg2ahb_adapter] bus2reg: address = 0x10 data = 0x8 kind = UVM_WRITE status = UVM_IS_OK
# UVM_INFO /ictc/other/tools/QuestaDVA/questasim/verilog_src/uvm-1.2/src/reg/uvm_reg_predictor.svh(221) @ 626344000: uvm_test_top.env.ahb_predictor [REG_PREDICT] Observed WRITE transaction to register regmodel.IER: value='h8 : updated value = 'h8
# ===== Received Data from IER =====
# UVM_INFO ./../regmodel/uart_reg2ahb_adapter.sv(42) @ 626344000: reporter [uart_reg2ahb_adapter] bus2reg: address = 0x14 data = 0x6 kind = UVM_READ status = UVM_IS_OK
# UVM_INFO /ictc/other/tools/QuestaDVA/questasim/verilog_src/uvm-1.2/src/reg/uvm_reg_predictor.svh(225) @ 626344000: uvm_test_top.env.ahb_predictor [REG_PREDICT] Observed READ transaction to register regmodel.FSR: value='h6
# UVM_ERROR ./../sequences/ahb_rxd_rx_empty_sequence.sv(130) @ 626354000: uvm_test_top.env.ahb_agt.sequencer@@rx_empty [ahb_rxd_rx_empty_sequence] 
# ===== FAILED!!! RX_EMPTY_STATUS is not right =====
# UVM_INFO ./../regmodel/uart_reg2ahb_adapter.sv(42) @ 626588000: reporter [uart_reg2ahb_adapter] bus2reg: address = 0x14 data = 0x6 kind = UVM_READ status = UVM_IS_OK
# UVM_INFO /ictc/other/tools/QuestaDVA/questasim/verilog_src/uvm-1.2/src/reg/uvm_reg_predictor.svh(225) @ 626588000: uvm_test_top.env.ahb_predictor [REG_PREDICT] Observed READ transaction to register regmodel.FSR: value='h6
# UVM_INFO ./../testcases/uart_rxd_interrupt.sv(40) @ 636598000: uvm_test_top [uart_rxd_interrupt] --------------------------------------------------------------
# Name                Type                Size  Value           
# --------------------------------------------------------------
# cfg                 uart_configuration  -     @360            
#   parity_mode       parity_mode_e       32    UART_PARITY_NONE
#   sampling          sampling_mode_e     32    MODE_X13        
#   data_width        integral            32    'h6             
#   num_of_stop_bit   integral            32    'h2             
#   baud_rate         integral            32    'h12c00         
#   baud_rate_enable  integral            1     'h0             
#   parity_enable     integral            1     'h0             
#   interrupt_enable  integral            1     'h0             
# --------------------------------------------------------------
# 
# UVM_INFO ./../regmodel/uart_reg2ahb_adapter.sv(42) @ 636598000: reporter [uart_reg2ahb_adapter] bus2reg: address = 0x0 data = 0x1 kind = UVM_WRITE status = UVM_IS_OK
# UVM_INFO /ictc/other/tools/QuestaDVA/questasim/verilog_src/uvm-1.2/src/reg/uvm_reg_predictor.svh(221) @ 636598000: uvm_test_top.env.ahb_predictor [REG_PREDICT] Observed WRITE transaction to register regmodel.MDR: value='h1 : updated value = 'h1
# UVM_INFO ./../regmodel/uart_reg2ahb_adapter.sv(42) @ 636598000: reporter [uart_reg2ahb_adapter] bus2reg: address = 0x4 data = 0x64 kind = UVM_WRITE status = UVM_IS_OK
# UVM_INFO /ictc/other/tools/QuestaDVA/questasim/verilog_src/uvm-1.2/src/reg/uvm_reg_predictor.svh(221) @ 636598000: uvm_test_top.env.ahb_predictor [REG_PREDICT] Observed WRITE transaction to register regmodel.DLL: value='h64 : updated value = 'h64
# UVM_INFO ./../regmodel/uart_reg2ahb_adapter.sv(42) @ 636598000: reporter [uart_reg2ahb_adapter] bus2reg: address = 0x8 data = 0x0 kind = UVM_WRITE status = UVM_IS_OK
# UVM_INFO /ictc/other/tools/QuestaDVA/questasim/verilog_src/uvm-1.2/src/reg/uvm_reg_predictor.svh(221) @ 636598000: uvm_test_top.env.ahb_predictor [REG_PREDICT] Observed WRITE transaction to register regmodel.DLH: value='h0 : updated value = 'h0
# UVM_INFO ./../regmodel/uart_reg2ahb_adapter.sv(42) @ 636598000: reporter [uart_reg2ahb_adapter] bus2reg: address = 0xc data = 0x25 kind = UVM_WRITE status = UVM_IS_OK
# UVM_INFO /ictc/other/tools/QuestaDVA/questasim/verilog_src/uvm-1.2/src/reg/uvm_reg_predictor.svh(221) @ 636598000: uvm_test_top.env.ahb_predictor [REG_PREDICT] Observed WRITE transaction to register regmodel.LCR: value='h25 : updated value = 'h25
# UVM_INFO ./../regmodel/uart_reg2ahb_adapter.sv(42) @ 636598000: reporter [uart_reg2ahb_adapter] bus2reg: address = 0x10 data = 0x8 kind = UVM_WRITE status = UVM_IS_OK
# UVM_INFO /ictc/other/tools/QuestaDVA/questasim/verilog_src/uvm-1.2/src/reg/uvm_reg_predictor.svh(221) @ 636598000: uvm_test_top.env.ahb_predictor [REG_PREDICT] Observed WRITE transaction to register regmodel.IER: value='h8 : updated value = 'h8
# ===== Received Data from IER =====
# UVM_INFO ./../regmodel/uart_reg2ahb_adapter.sv(42) @ 636598000: reporter [uart_reg2ahb_adapter] bus2reg: address = 0x14 data = 0x6 kind = UVM_READ status = UVM_IS_OK
# UVM_INFO /ictc/other/tools/QuestaDVA/questasim/verilog_src/uvm-1.2/src/reg/uvm_reg_predictor.svh(225) @ 636598000: uvm_test_top.env.ahb_predictor [REG_PREDICT] Observed READ transaction to register regmodel.FSR: value='h6
# UVM_ERROR ./../sequences/ahb_rxd_rx_empty_sequence.sv(130) @ 636608000: uvm_test_top.env.ahb_agt.sequencer@@rx_empty [ahb_rxd_rx_empty_sequence] 
# ===== FAILED!!! RX_EMPTY_STATUS is not right =====
# UVM_INFO ./../regmodel/uart_reg2ahb_adapter.sv(42) @ 636842000: reporter [uart_reg2ahb_adapter] bus2reg: address = 0x14 data = 0x6 kind = UVM_READ status = UVM_IS_OK
# UVM_INFO /ictc/other/tools/QuestaDVA/questasim/verilog_src/uvm-1.2/src/reg/uvm_reg_predictor.svh(225) @ 636842000: uvm_test_top.env.ahb_predictor [REG_PREDICT] Observed READ transaction to register regmodel.FSR: value='h6
# UVM_INFO ./../testcases/uart_rxd_interrupt.sv(40) @ 646852000: uvm_test_top [uart_rxd_interrupt] --------------------------------------------------------------
# Name                Type                Size  Value           
# --------------------------------------------------------------
# cfg                 uart_configuration  -     @360            
#   parity_mode       parity_mode_e       32    UART_PARITY_NONE
#   sampling          sampling_mode_e     32    MODE_X16        
#   data_width        integral            32    'h6             
#   num_of_stop_bit   integral            32    'h2             
#   baud_rate         integral            32    'h1c200         
#   baud_rate_enable  integral            1     'h0             
#   parity_enable     integral            1     'h0             
#   interrupt_enable  integral            1     'h0             
# --------------------------------------------------------------
# 
# UVM_INFO ./../regmodel/uart_reg2ahb_adapter.sv(42) @ 646852000: reporter [uart_reg2ahb_adapter] bus2reg: address = 0x0 data = 0x0 kind = UVM_WRITE status = UVM_IS_OK
# UVM_INFO /ictc/other/tools/QuestaDVA/questasim/verilog_src/uvm-1.2/src/reg/uvm_reg_predictor.svh(221) @ 646852000: uvm_test_top.env.ahb_predictor [REG_PREDICT] Observed WRITE transaction to register regmodel.MDR: value='h0 : updated value = 'h0
# UVM_INFO ./../regmodel/uart_reg2ahb_adapter.sv(42) @ 646853000: reporter [uart_reg2ahb_adapter] bus2reg: address = 0x4 data = 0x36 kind = UVM_WRITE status = UVM_IS_OK
# UVM_INFO /ictc/other/tools/QuestaDVA/questasim/verilog_src/uvm-1.2/src/reg/uvm_reg_predictor.svh(221) @ 646853000: uvm_test_top.env.ahb_predictor [REG_PREDICT] Observed WRITE transaction to register regmodel.DLL: value='h36 : updated value = 'h36
# UVM_INFO ./../regmodel/uart_reg2ahb_adapter.sv(42) @ 646853000: reporter [uart_reg2ahb_adapter] bus2reg: address = 0x8 data = 0x0 kind = UVM_WRITE status = UVM_IS_OK
# UVM_INFO /ictc/other/tools/QuestaDVA/questasim/verilog_src/uvm-1.2/src/reg/uvm_reg_predictor.svh(221) @ 646853000: uvm_test_top.env.ahb_predictor [REG_PREDICT] Observed WRITE transaction to register regmodel.DLH: value='h0 : updated value = 'h0
# UVM_INFO ./../regmodel/uart_reg2ahb_adapter.sv(42) @ 646853000: reporter [uart_reg2ahb_adapter] bus2reg: address = 0xc data = 0x25 kind = UVM_WRITE status = UVM_IS_OK
# UVM_INFO /ictc/other/tools/QuestaDVA/questasim/verilog_src/uvm-1.2/src/reg/uvm_reg_predictor.svh(221) @ 646853000: uvm_test_top.env.ahb_predictor [REG_PREDICT] Observed WRITE transaction to register regmodel.LCR: value='h25 : updated value = 'h25
# UVM_INFO ./../regmodel/uart_reg2ahb_adapter.sv(42) @ 646853000: reporter [uart_reg2ahb_adapter] bus2reg: address = 0x10 data = 0x8 kind = UVM_WRITE status = UVM_IS_OK
# UVM_INFO /ictc/other/tools/QuestaDVA/questasim/verilog_src/uvm-1.2/src/reg/uvm_reg_predictor.svh(221) @ 646853000: uvm_test_top.env.ahb_predictor [REG_PREDICT] Observed WRITE transaction to register regmodel.IER: value='h8 : updated value = 'h8
# ===== Received Data from IER =====
# UVM_INFO ./../regmodel/uart_reg2ahb_adapter.sv(42) @ 646853000: reporter [uart_reg2ahb_adapter] bus2reg: address = 0x14 data = 0x6 kind = UVM_READ status = UVM_IS_OK
# UVM_INFO /ictc/other/tools/QuestaDVA/questasim/verilog_src/uvm-1.2/src/reg/uvm_reg_predictor.svh(225) @ 646853000: uvm_test_top.env.ahb_predictor [REG_PREDICT] Observed READ transaction to register regmodel.FSR: value='h6
# UVM_ERROR ./../sequences/ahb_rxd_rx_empty_sequence.sv(130) @ 646863000: uvm_test_top.env.ahb_agt.sequencer@@rx_empty [ahb_rxd_rx_empty_sequence] 
# ===== FAILED!!! RX_EMPTY_STATUS is not right =====
# UVM_INFO ./../regmodel/uart_reg2ahb_adapter.sv(42) @ 647016000: reporter [uart_reg2ahb_adapter] bus2reg: address = 0x14 data = 0x6 kind = UVM_READ status = UVM_IS_OK
# UVM_INFO /ictc/other/tools/QuestaDVA/questasim/verilog_src/uvm-1.2/src/reg/uvm_reg_predictor.svh(225) @ 647016000: uvm_test_top.env.ahb_predictor [REG_PREDICT] Observed READ transaction to register regmodel.FSR: value='h6
# UVM_INFO ./../testcases/uart_rxd_interrupt.sv(40) @ 657026000: uvm_test_top [uart_rxd_interrupt] --------------------------------------------------------------
# Name                Type                Size  Value           
# --------------------------------------------------------------
# cfg                 uart_configuration  -     @360            
#   parity_mode       parity_mode_e       32    UART_PARITY_NONE
#   sampling          sampling_mode_e     32    MODE_X13        
#   data_width        integral            32    'h6             
#   num_of_stop_bit   integral            32    'h2             
#   baud_rate         integral            32    'h1c200         
#   baud_rate_enable  integral            1     'h0             
#   parity_enable     integral            1     'h0             
#   interrupt_enable  integral            1     'h0             
# --------------------------------------------------------------
# 
# UVM_INFO ./../regmodel/uart_reg2ahb_adapter.sv(42) @ 657026000: reporter [uart_reg2ahb_adapter] bus2reg: address = 0x0 data = 0x1 kind = UVM_WRITE status = UVM_IS_OK
# UVM_INFO /ictc/other/tools/QuestaDVA/questasim/verilog_src/uvm-1.2/src/reg/uvm_reg_predictor.svh(221) @ 657026000: uvm_test_top.env.ahb_predictor [REG_PREDICT] Observed WRITE transaction to register regmodel.MDR: value='h1 : updated value = 'h1
# UVM_INFO ./../regmodel/uart_reg2ahb_adapter.sv(42) @ 657026000: reporter [uart_reg2ahb_adapter] bus2reg: address = 0x4 data = 0x43 kind = UVM_WRITE status = UVM_IS_OK
# UVM_INFO /ictc/other/tools/QuestaDVA/questasim/verilog_src/uvm-1.2/src/reg/uvm_reg_predictor.svh(221) @ 657026000: uvm_test_top.env.ahb_predictor [REG_PREDICT] Observed WRITE transaction to register regmodel.DLL: value='h43 : updated value = 'h43
# UVM_INFO ./../regmodel/uart_reg2ahb_adapter.sv(42) @ 657026000: reporter [uart_reg2ahb_adapter] bus2reg: address = 0x8 data = 0x0 kind = UVM_WRITE status = UVM_IS_OK
# UVM_INFO /ictc/other/tools/QuestaDVA/questasim/verilog_src/uvm-1.2/src/reg/uvm_reg_predictor.svh(221) @ 657026000: uvm_test_top.env.ahb_predictor [REG_PREDICT] Observed WRITE transaction to register regmodel.DLH: value='h0 : updated value = 'h0
# UVM_INFO ./../regmodel/uart_reg2ahb_adapter.sv(42) @ 657026000: reporter [uart_reg2ahb_adapter] bus2reg: address = 0xc data = 0x25 kind = UVM_WRITE status = UVM_IS_OK
# UVM_INFO /ictc/other/tools/QuestaDVA/questasim/verilog_src/uvm-1.2/src/reg/uvm_reg_predictor.svh(221) @ 657026000: uvm_test_top.env.ahb_predictor [REG_PREDICT] Observed WRITE transaction to register regmodel.LCR: value='h25 : updated value = 'h25
# UVM_INFO ./../regmodel/uart_reg2ahb_adapter.sv(42) @ 657026000: reporter [uart_reg2ahb_adapter] bus2reg: address = 0x10 data = 0x8 kind = UVM_WRITE status = UVM_IS_OK
# UVM_INFO /ictc/other/tools/QuestaDVA/questasim/verilog_src/uvm-1.2/src/reg/uvm_reg_predictor.svh(221) @ 657026000: uvm_test_top.env.ahb_predictor [REG_PREDICT] Observed WRITE transaction to register regmodel.IER: value='h8 : updated value = 'h8
# ===== Received Data from IER =====
# UVM_INFO ./../regmodel/uart_reg2ahb_adapter.sv(42) @ 657026000: reporter [uart_reg2ahb_adapter] bus2reg: address = 0x14 data = 0x6 kind = UVM_READ status = UVM_IS_OK
# UVM_INFO /ictc/other/tools/QuestaDVA/questasim/verilog_src/uvm-1.2/src/reg/uvm_reg_predictor.svh(225) @ 657026000: uvm_test_top.env.ahb_predictor [REG_PREDICT] Observed READ transaction to register regmodel.FSR: value='h6
# UVM_ERROR ./../sequences/ahb_rxd_rx_empty_sequence.sv(130) @ 657036000: uvm_test_top.env.ahb_agt.sequencer@@rx_empty [ahb_rxd_rx_empty_sequence] 
# ===== FAILED!!! RX_EMPTY_STATUS is not right =====
# UVM_INFO ./../regmodel/uart_reg2ahb_adapter.sv(42) @ 657190000: reporter [uart_reg2ahb_adapter] bus2reg: address = 0x14 data = 0x6 kind = UVM_READ status = UVM_IS_OK
# UVM_INFO /ictc/other/tools/QuestaDVA/questasim/verilog_src/uvm-1.2/src/reg/uvm_reg_predictor.svh(225) @ 657190000: uvm_test_top.env.ahb_predictor [REG_PREDICT] Observed READ transaction to register regmodel.FSR: value='h6
# UVM_INFO ./../testcases/uart_rxd_interrupt.sv(40) @ 667200000: uvm_test_top [uart_rxd_interrupt] --------------------------------------------------------------
# Name                Type                Size  Value           
# --------------------------------------------------------------
# cfg                 uart_configuration  -     @360            
#   parity_mode       parity_mode_e       32    UART_PARITY_NONE
#   sampling          sampling_mode_e     32    MODE_X16        
#   data_width        integral            32    'h7             
#   num_of_stop_bit   integral            32    'h1             
#   baud_rate         integral            32    'h960           
#   baud_rate_enable  integral            1     'h0             
#   parity_enable     integral            1     'h0             
#   interrupt_enable  integral            1     'h0             
# --------------------------------------------------------------
# 
# UVM_INFO ./../regmodel/uart_reg2ahb_adapter.sv(42) @ 667200000: reporter [uart_reg2ahb_adapter] bus2reg: address = 0x0 data = 0x0 kind = UVM_WRITE status = UVM_IS_OK
# UVM_INFO /ictc/other/tools/QuestaDVA/questasim/verilog_src/uvm-1.2/src/reg/uvm_reg_predictor.svh(221) @ 667200000: uvm_test_top.env.ahb_predictor [REG_PREDICT] Observed WRITE transaction to register regmodel.MDR: value='h0 : updated value = 'h0
# UVM_INFO ./../regmodel/uart_reg2ahb_adapter.sv(42) @ 667200000: reporter [uart_reg2ahb_adapter] bus2reg: address = 0x4 data = 0x2c kind = UVM_WRITE status = UVM_IS_OK
# UVM_INFO /ictc/other/tools/QuestaDVA/questasim/verilog_src/uvm-1.2/src/reg/uvm_reg_predictor.svh(221) @ 667200000: uvm_test_top.env.ahb_predictor [REG_PREDICT] Observed WRITE transaction to register regmodel.DLL: value='h2c : updated value = 'h2c
# UVM_INFO ./../regmodel/uart_reg2ahb_adapter.sv(42) @ 667200000: reporter [uart_reg2ahb_adapter] bus2reg: address = 0x8 data = 0xa kind = UVM_WRITE status = UVM_IS_OK
# UVM_INFO /ictc/other/tools/QuestaDVA/questasim/verilog_src/uvm-1.2/src/reg/uvm_reg_predictor.svh(221) @ 667200000: uvm_test_top.env.ahb_predictor [REG_PREDICT] Observed WRITE transaction to register regmodel.DLH: value='ha : updated value = 'ha
# UVM_INFO ./../regmodel/uart_reg2ahb_adapter.sv(42) @ 667200000: reporter [uart_reg2ahb_adapter] bus2reg: address = 0xc data = 0x22 kind = UVM_WRITE status = UVM_IS_OK
# UVM_INFO /ictc/other/tools/QuestaDVA/questasim/verilog_src/uvm-1.2/src/reg/uvm_reg_predictor.svh(221) @ 667200000: uvm_test_top.env.ahb_predictor [REG_PREDICT] Observed WRITE transaction to register regmodel.LCR: value='h22 : updated value = 'h22
# UVM_INFO ./../regmodel/uart_reg2ahb_adapter.sv(42) @ 667200000: reporter [uart_reg2ahb_adapter] bus2reg: address = 0x10 data = 0x8 kind = UVM_WRITE status = UVM_IS_OK
# UVM_INFO /ictc/other/tools/QuestaDVA/questasim/verilog_src/uvm-1.2/src/reg/uvm_reg_predictor.svh(221) @ 667200000: uvm_test_top.env.ahb_predictor [REG_PREDICT] Observed WRITE transaction to register regmodel.IER: value='h8 : updated value = 'h8
# ===== Received Data from IER =====
# UVM_INFO ./../regmodel/uart_reg2ahb_adapter.sv(42) @ 667200000: reporter [uart_reg2ahb_adapter] bus2reg: address = 0x14 data = 0x6 kind = UVM_READ status = UVM_IS_OK
# UVM_INFO /ictc/other/tools/QuestaDVA/questasim/verilog_src/uvm-1.2/src/reg/uvm_reg_predictor.svh(225) @ 667200000: uvm_test_top.env.ahb_predictor [REG_PREDICT] Observed READ transaction to register regmodel.FSR: value='h6
# UVM_ERROR ./../sequences/ahb_rxd_rx_empty_sequence.sv(130) @ 667210000: uvm_test_top.env.ahb_agt.sequencer@@rx_empty [ahb_rxd_rx_empty_sequence] 
# ===== FAILED!!! RX_EMPTY_STATUS is not right =====
# UVM_INFO ./../regmodel/uart_reg2ahb_adapter.sv(42) @ 674707000: reporter [uart_reg2ahb_adapter] bus2reg: address = 0x14 data = 0x6 kind = UVM_READ status = UVM_IS_OK
# UVM_INFO /ictc/other/tools/QuestaDVA/questasim/verilog_src/uvm-1.2/src/reg/uvm_reg_predictor.svh(225) @ 674707000: uvm_test_top.env.ahb_predictor [REG_PREDICT] Observed READ transaction to register regmodel.FSR: value='h6
# UVM_INFO ./../testcases/uart_rxd_interrupt.sv(40) @ 684717000: uvm_test_top [uart_rxd_interrupt] --------------------------------------------------------------
# Name                Type                Size  Value           
# --------------------------------------------------------------
# cfg                 uart_configuration  -     @360            
#   parity_mode       parity_mode_e       32    UART_PARITY_NONE
#   sampling          sampling_mode_e     32    MODE_X13        
#   data_width        integral            32    'h7             
#   num_of_stop_bit   integral            32    'h1             
#   baud_rate         integral            32    'h960           
#   baud_rate_enable  integral            1     'h0             
#   parity_enable     integral            1     'h0             
#   interrupt_enable  integral            1     'h0             
# --------------------------------------------------------------
# 
# UVM_INFO ./../regmodel/uart_reg2ahb_adapter.sv(42) @ 684717000: reporter [uart_reg2ahb_adapter] bus2reg: address = 0x0 data = 0x1 kind = UVM_WRITE status = UVM_IS_OK
# UVM_INFO /ictc/other/tools/QuestaDVA/questasim/verilog_src/uvm-1.2/src/reg/uvm_reg_predictor.svh(221) @ 684717000: uvm_test_top.env.ahb_predictor [REG_PREDICT] Observed WRITE transaction to register regmodel.MDR: value='h1 : updated value = 'h1
# UVM_INFO ./../regmodel/uart_reg2ahb_adapter.sv(42) @ 684717000: reporter [uart_reg2ahb_adapter] bus2reg: address = 0x4 data = 0x85 kind = UVM_WRITE status = UVM_IS_OK
# UVM_INFO /ictc/other/tools/QuestaDVA/questasim/verilog_src/uvm-1.2/src/reg/uvm_reg_predictor.svh(221) @ 684717000: uvm_test_top.env.ahb_predictor [REG_PREDICT] Observed WRITE transaction to register regmodel.DLL: value='h85 : updated value = 'h85
# UVM_INFO ./../regmodel/uart_reg2ahb_adapter.sv(42) @ 684717000: reporter [uart_reg2ahb_adapter] bus2reg: address = 0x8 data = 0xc kind = UVM_WRITE status = UVM_IS_OK
# UVM_INFO /ictc/other/tools/QuestaDVA/questasim/verilog_src/uvm-1.2/src/reg/uvm_reg_predictor.svh(221) @ 684717000: uvm_test_top.env.ahb_predictor [REG_PREDICT] Observed WRITE transaction to register regmodel.DLH: value='hc : updated value = 'hc
# UVM_INFO ./../regmodel/uart_reg2ahb_adapter.sv(42) @ 684717000: reporter [uart_reg2ahb_adapter] bus2reg: address = 0xc data = 0x22 kind = UVM_WRITE status = UVM_IS_OK
# UVM_INFO /ictc/other/tools/QuestaDVA/questasim/verilog_src/uvm-1.2/src/reg/uvm_reg_predictor.svh(221) @ 684717000: uvm_test_top.env.ahb_predictor [REG_PREDICT] Observed WRITE transaction to register regmodel.LCR: value='h22 : updated value = 'h22
# UVM_INFO ./../regmodel/uart_reg2ahb_adapter.sv(42) @ 684717000: reporter [uart_reg2ahb_adapter] bus2reg: address = 0x10 data = 0x8 kind = UVM_WRITE status = UVM_IS_OK
# UVM_INFO /ictc/other/tools/QuestaDVA/questasim/verilog_src/uvm-1.2/src/reg/uvm_reg_predictor.svh(221) @ 684717000: uvm_test_top.env.ahb_predictor [REG_PREDICT] Observed WRITE transaction to register regmodel.IER: value='h8 : updated value = 'h8
# ===== Received Data from IER =====
# UVM_INFO ./../regmodel/uart_reg2ahb_adapter.sv(42) @ 684718000: reporter [uart_reg2ahb_adapter] bus2reg: address = 0x14 data = 0x6 kind = UVM_READ status = UVM_IS_OK
# UVM_INFO /ictc/other/tools/QuestaDVA/questasim/verilog_src/uvm-1.2/src/reg/uvm_reg_predictor.svh(225) @ 684718000: uvm_test_top.env.ahb_predictor [REG_PREDICT] Observed READ transaction to register regmodel.FSR: value='h6
# UVM_ERROR ./../sequences/ahb_rxd_rx_empty_sequence.sv(130) @ 684728000: uvm_test_top.env.ahb_agt.sequencer@@rx_empty [ahb_rxd_rx_empty_sequence] 
# ===== FAILED!!! RX_EMPTY_STATUS is not right =====
# UVM_INFO ./../regmodel/uart_reg2ahb_adapter.sv(42) @ 692225000: reporter [uart_reg2ahb_adapter] bus2reg: address = 0x14 data = 0x6 kind = UVM_READ status = UVM_IS_OK
# UVM_INFO /ictc/other/tools/QuestaDVA/questasim/verilog_src/uvm-1.2/src/reg/uvm_reg_predictor.svh(225) @ 692225000: uvm_test_top.env.ahb_predictor [REG_PREDICT] Observed READ transaction to register regmodel.FSR: value='h6
# UVM_INFO ./../testcases/uart_rxd_interrupt.sv(40) @ 702235000: uvm_test_top [uart_rxd_interrupt] --------------------------------------------------------------
# Name                Type                Size  Value           
# --------------------------------------------------------------
# cfg                 uart_configuration  -     @360            
#   parity_mode       parity_mode_e       32    UART_PARITY_NONE
#   sampling          sampling_mode_e     32    MODE_X16        
#   data_width        integral            32    'h7             
#   num_of_stop_bit   integral            32    'h1             
#   baud_rate         integral            32    'h12c0          
#   baud_rate_enable  integral            1     'h0             
#   parity_enable     integral            1     'h0             
#   interrupt_enable  integral            1     'h0             
# --------------------------------------------------------------
# 
# UVM_INFO ./../regmodel/uart_reg2ahb_adapter.sv(42) @ 702235000: reporter [uart_reg2ahb_adapter] bus2reg: address = 0x0 data = 0x0 kind = UVM_WRITE status = UVM_IS_OK
# UVM_INFO /ictc/other/tools/QuestaDVA/questasim/verilog_src/uvm-1.2/src/reg/uvm_reg_predictor.svh(221) @ 702235000: uvm_test_top.env.ahb_predictor [REG_PREDICT] Observed WRITE transaction to register regmodel.MDR: value='h0 : updated value = 'h0
# UVM_INFO ./../regmodel/uart_reg2ahb_adapter.sv(42) @ 702235000: reporter [uart_reg2ahb_adapter] bus2reg: address = 0x4 data = 0x16 kind = UVM_WRITE status = UVM_IS_OK
# UVM_INFO /ictc/other/tools/QuestaDVA/questasim/verilog_src/uvm-1.2/src/reg/uvm_reg_predictor.svh(221) @ 702235000: uvm_test_top.env.ahb_predictor [REG_PREDICT] Observed WRITE transaction to register regmodel.DLL: value='h16 : updated value = 'h16
# UVM_INFO ./../regmodel/uart_reg2ahb_adapter.sv(42) @ 702235000: reporter [uart_reg2ahb_adapter] bus2reg: address = 0x8 data = 0x5 kind = UVM_WRITE status = UVM_IS_OK
# UVM_INFO /ictc/other/tools/QuestaDVA/questasim/verilog_src/uvm-1.2/src/reg/uvm_reg_predictor.svh(221) @ 702235000: uvm_test_top.env.ahb_predictor [REG_PREDICT] Observed WRITE transaction to register regmodel.DLH: value='h5 : updated value = 'h5
# UVM_INFO ./../regmodel/uart_reg2ahb_adapter.sv(42) @ 702235000: reporter [uart_reg2ahb_adapter] bus2reg: address = 0xc data = 0x22 kind = UVM_WRITE status = UVM_IS_OK
# UVM_INFO /ictc/other/tools/QuestaDVA/questasim/verilog_src/uvm-1.2/src/reg/uvm_reg_predictor.svh(221) @ 702235000: uvm_test_top.env.ahb_predictor [REG_PREDICT] Observed WRITE transaction to register regmodel.LCR: value='h22 : updated value = 'h22
# UVM_INFO ./../regmodel/uart_reg2ahb_adapter.sv(42) @ 702235000: reporter [uart_reg2ahb_adapter] bus2reg: address = 0x10 data = 0x8 kind = UVM_WRITE status = UVM_IS_OK
# UVM_INFO /ictc/other/tools/QuestaDVA/questasim/verilog_src/uvm-1.2/src/reg/uvm_reg_predictor.svh(221) @ 702235000: uvm_test_top.env.ahb_predictor [REG_PREDICT] Observed WRITE transaction to register regmodel.IER: value='h8 : updated value = 'h8
# ===== Received Data from IER =====
# UVM_INFO ./../regmodel/uart_reg2ahb_adapter.sv(42) @ 702235000: reporter [uart_reg2ahb_adapter] bus2reg: address = 0x14 data = 0x6 kind = UVM_READ status = UVM_IS_OK
# UVM_INFO /ictc/other/tools/QuestaDVA/questasim/verilog_src/uvm-1.2/src/reg/uvm_reg_predictor.svh(225) @ 702235000: uvm_test_top.env.ahb_predictor [REG_PREDICT] Observed READ transaction to register regmodel.FSR: value='h6
# UVM_ERROR ./../sequences/ahb_rxd_rx_empty_sequence.sv(130) @ 702245000: uvm_test_top.env.ahb_agt.sequencer@@rx_empty [ahb_rxd_rx_empty_sequence] 
# ===== FAILED!!! RX_EMPTY_STATUS is not right =====
# UVM_INFO ./../regmodel/uart_reg2ahb_adapter.sv(42) @ 705998000: reporter [uart_reg2ahb_adapter] bus2reg: address = 0x14 data = 0x6 kind = UVM_READ status = UVM_IS_OK
# UVM_INFO /ictc/other/tools/QuestaDVA/questasim/verilog_src/uvm-1.2/src/reg/uvm_reg_predictor.svh(225) @ 705998000: uvm_test_top.env.ahb_predictor [REG_PREDICT] Observed READ transaction to register regmodel.FSR: value='h6
# UVM_INFO ./../testcases/uart_rxd_interrupt.sv(40) @ 716008000: uvm_test_top [uart_rxd_interrupt] --------------------------------------------------------------
# Name                Type                Size  Value           
# --------------------------------------------------------------
# cfg                 uart_configuration  -     @360            
#   parity_mode       parity_mode_e       32    UART_PARITY_NONE
#   sampling          sampling_mode_e     32    MODE_X13        
#   data_width        integral            32    'h7             
#   num_of_stop_bit   integral            32    'h1             
#   baud_rate         integral            32    'h12c0          
#   baud_rate_enable  integral            1     'h0             
#   parity_enable     integral            1     'h0             
#   interrupt_enable  integral            1     'h0             
# --------------------------------------------------------------
# 
# UVM_INFO ./../regmodel/uart_reg2ahb_adapter.sv(42) @ 716008000: reporter [uart_reg2ahb_adapter] bus2reg: address = 0x0 data = 0x1 kind = UVM_WRITE status = UVM_IS_OK
# UVM_INFO /ictc/other/tools/QuestaDVA/questasim/verilog_src/uvm-1.2/src/reg/uvm_reg_predictor.svh(221) @ 716008000: uvm_test_top.env.ahb_predictor [REG_PREDICT] Observed WRITE transaction to register regmodel.MDR: value='h1 : updated value = 'h1
# UVM_INFO ./../regmodel/uart_reg2ahb_adapter.sv(42) @ 716008000: reporter [uart_reg2ahb_adapter] bus2reg: address = 0x4 data = 0x42 kind = UVM_WRITE status = UVM_IS_OK
# UVM_INFO /ictc/other/tools/QuestaDVA/questasim/verilog_src/uvm-1.2/src/reg/uvm_reg_predictor.svh(221) @ 716008000: uvm_test_top.env.ahb_predictor [REG_PREDICT] Observed WRITE transaction to register regmodel.DLL: value='h42 : updated value = 'h42
# UVM_INFO ./../regmodel/uart_reg2ahb_adapter.sv(42) @ 716008000: reporter [uart_reg2ahb_adapter] bus2reg: address = 0x8 data = 0x6 kind = UVM_WRITE status = UVM_IS_OK
# UVM_INFO /ictc/other/tools/QuestaDVA/questasim/verilog_src/uvm-1.2/src/reg/uvm_reg_predictor.svh(221) @ 716008000: uvm_test_top.env.ahb_predictor [REG_PREDICT] Observed WRITE transaction to register regmodel.DLH: value='h6 : updated value = 'h6
# UVM_INFO ./../regmodel/uart_reg2ahb_adapter.sv(42) @ 716008000: reporter [uart_reg2ahb_adapter] bus2reg: address = 0xc data = 0x22 kind = UVM_WRITE status = UVM_IS_OK
# UVM_INFO /ictc/other/tools/QuestaDVA/questasim/verilog_src/uvm-1.2/src/reg/uvm_reg_predictor.svh(221) @ 716008000: uvm_test_top.env.ahb_predictor [REG_PREDICT] Observed WRITE transaction to register regmodel.LCR: value='h22 : updated value = 'h22
# UVM_INFO ./../regmodel/uart_reg2ahb_adapter.sv(42) @ 716009000: reporter [uart_reg2ahb_adapter] bus2reg: address = 0x10 data = 0x8 kind = UVM_WRITE status = UVM_IS_OK
# UVM_INFO /ictc/other/tools/QuestaDVA/questasim/verilog_src/uvm-1.2/src/reg/uvm_reg_predictor.svh(221) @ 716009000: uvm_test_top.env.ahb_predictor [REG_PREDICT] Observed WRITE transaction to register regmodel.IER: value='h8 : updated value = 'h8
# ===== Received Data from IER =====
# UVM_INFO ./../regmodel/uart_reg2ahb_adapter.sv(42) @ 716009000: reporter [uart_reg2ahb_adapter] bus2reg: address = 0x14 data = 0x6 kind = UVM_READ status = UVM_IS_OK
# UVM_INFO /ictc/other/tools/QuestaDVA/questasim/verilog_src/uvm-1.2/src/reg/uvm_reg_predictor.svh(225) @ 716009000: uvm_test_top.env.ahb_predictor [REG_PREDICT] Observed READ transaction to register regmodel.FSR: value='h6
# UVM_ERROR ./../sequences/ahb_rxd_rx_empty_sequence.sv(130) @ 716019000: uvm_test_top.env.ahb_agt.sequencer@@rx_empty [ahb_rxd_rx_empty_sequence] 
# ===== FAILED!!! RX_EMPTY_STATUS is not right =====
# UVM_INFO ./../regmodel/uart_reg2ahb_adapter.sv(42) @ 719772000: reporter [uart_reg2ahb_adapter] bus2reg: address = 0x14 data = 0x6 kind = UVM_READ status = UVM_IS_OK
# UVM_INFO /ictc/other/tools/QuestaDVA/questasim/verilog_src/uvm-1.2/src/reg/uvm_reg_predictor.svh(225) @ 719772000: uvm_test_top.env.ahb_predictor [REG_PREDICT] Observed READ transaction to register regmodel.FSR: value='h6
# UVM_INFO ./../testcases/uart_rxd_interrupt.sv(40) @ 729782000: uvm_test_top [uart_rxd_interrupt] --------------------------------------------------------------
# Name                Type                Size  Value           
# --------------------------------------------------------------
# cfg                 uart_configuration  -     @360            
#   parity_mode       parity_mode_e       32    UART_PARITY_NONE
#   sampling          sampling_mode_e     32    MODE_X16        
#   data_width        integral            32    'h7             
#   num_of_stop_bit   integral            32    'h1             
#   baud_rate         integral            32    'h2580          
#   baud_rate_enable  integral            1     'h0             
#   parity_enable     integral            1     'h0             
#   interrupt_enable  integral            1     'h0             
# --------------------------------------------------------------
# 
# UVM_INFO ./../regmodel/uart_reg2ahb_adapter.sv(42) @ 729782000: reporter [uart_reg2ahb_adapter] bus2reg: address = 0x0 data = 0x0 kind = UVM_WRITE status = UVM_IS_OK
# UVM_INFO /ictc/other/tools/QuestaDVA/questasim/verilog_src/uvm-1.2/src/reg/uvm_reg_predictor.svh(221) @ 729782000: uvm_test_top.env.ahb_predictor [REG_PREDICT] Observed WRITE transaction to register regmodel.MDR: value='h0 : updated value = 'h0
# UVM_INFO ./../regmodel/uart_reg2ahb_adapter.sv(42) @ 729782000: reporter [uart_reg2ahb_adapter] bus2reg: address = 0x4 data = 0x8b kind = UVM_WRITE status = UVM_IS_OK
# UVM_INFO /ictc/other/tools/QuestaDVA/questasim/verilog_src/uvm-1.2/src/reg/uvm_reg_predictor.svh(221) @ 729782000: uvm_test_top.env.ahb_predictor [REG_PREDICT] Observed WRITE transaction to register regmodel.DLL: value='h8b : updated value = 'h8b
# UVM_INFO ./../regmodel/uart_reg2ahb_adapter.sv(42) @ 729782000: reporter [uart_reg2ahb_adapter] bus2reg: address = 0x8 data = 0x2 kind = UVM_WRITE status = UVM_IS_OK
# UVM_INFO /ictc/other/tools/QuestaDVA/questasim/verilog_src/uvm-1.2/src/reg/uvm_reg_predictor.svh(221) @ 729782000: uvm_test_top.env.ahb_predictor [REG_PREDICT] Observed WRITE transaction to register regmodel.DLH: value='h2 : updated value = 'h2
# UVM_INFO ./../regmodel/uart_reg2ahb_adapter.sv(42) @ 729782000: reporter [uart_reg2ahb_adapter] bus2reg: address = 0xc data = 0x22 kind = UVM_WRITE status = UVM_IS_OK
# UVM_INFO /ictc/other/tools/QuestaDVA/questasim/verilog_src/uvm-1.2/src/reg/uvm_reg_predictor.svh(221) @ 729782000: uvm_test_top.env.ahb_predictor [REG_PREDICT] Observed WRITE transaction to register regmodel.LCR: value='h22 : updated value = 'h22
# UVM_INFO ./../regmodel/uart_reg2ahb_adapter.sv(42) @ 729782000: reporter [uart_reg2ahb_adapter] bus2reg: address = 0x10 data = 0x8 kind = UVM_WRITE status = UVM_IS_OK
# UVM_INFO /ictc/other/tools/QuestaDVA/questasim/verilog_src/uvm-1.2/src/reg/uvm_reg_predictor.svh(221) @ 729782000: uvm_test_top.env.ahb_predictor [REG_PREDICT] Observed WRITE transaction to register regmodel.IER: value='h8 : updated value = 'h8
# ===== Received Data from IER =====
# UVM_INFO ./../regmodel/uart_reg2ahb_adapter.sv(42) @ 729782000: reporter [uart_reg2ahb_adapter] bus2reg: address = 0x14 data = 0x6 kind = UVM_READ status = UVM_IS_OK
# UVM_INFO /ictc/other/tools/QuestaDVA/questasim/verilog_src/uvm-1.2/src/reg/uvm_reg_predictor.svh(225) @ 729782000: uvm_test_top.env.ahb_predictor [REG_PREDICT] Observed READ transaction to register regmodel.FSR: value='h6
# UVM_ERROR ./../sequences/ahb_rxd_rx_empty_sequence.sv(130) @ 729792000: uvm_test_top.env.ahb_agt.sequencer@@rx_empty [ahb_rxd_rx_empty_sequence] 
# ===== FAILED!!! RX_EMPTY_STATUS is not right =====
# UVM_INFO ./../regmodel/uart_reg2ahb_adapter.sv(42) @ 731664000: reporter [uart_reg2ahb_adapter] bus2reg: address = 0x14 data = 0x6 kind = UVM_READ status = UVM_IS_OK
# UVM_INFO /ictc/other/tools/QuestaDVA/questasim/verilog_src/uvm-1.2/src/reg/uvm_reg_predictor.svh(225) @ 731664000: uvm_test_top.env.ahb_predictor [REG_PREDICT] Observed READ transaction to register regmodel.FSR: value='h6
# UVM_INFO ./../testcases/uart_rxd_interrupt.sv(40) @ 741674000: uvm_test_top [uart_rxd_interrupt] --------------------------------------------------------------
# Name                Type                Size  Value           
# --------------------------------------------------------------
# cfg                 uart_configuration  -     @360            
#   parity_mode       parity_mode_e       32    UART_PARITY_NONE
#   sampling          sampling_mode_e     32    MODE_X13        
#   data_width        integral            32    'h7             
#   num_of_stop_bit   integral            32    'h1             
#   baud_rate         integral            32    'h2580          
#   baud_rate_enable  integral            1     'h0             
#   parity_enable     integral            1     'h0             
#   interrupt_enable  integral            1     'h0             
# --------------------------------------------------------------
# 
# UVM_INFO ./../regmodel/uart_reg2ahb_adapter.sv(42) @ 741674000: reporter [uart_reg2ahb_adapter] bus2reg: address = 0x0 data = 0x1 kind = UVM_WRITE status = UVM_IS_OK
# UVM_INFO /ictc/other/tools/QuestaDVA/questasim/verilog_src/uvm-1.2/src/reg/uvm_reg_predictor.svh(221) @ 741674000: uvm_test_top.env.ahb_predictor [REG_PREDICT] Observed WRITE transaction to register regmodel.MDR: value='h1 : updated value = 'h1
# UVM_INFO ./../regmodel/uart_reg2ahb_adapter.sv(42) @ 741674000: reporter [uart_reg2ahb_adapter] bus2reg: address = 0x4 data = 0x21 kind = UVM_WRITE status = UVM_IS_OK
# UVM_INFO /ictc/other/tools/QuestaDVA/questasim/verilog_src/uvm-1.2/src/reg/uvm_reg_predictor.svh(221) @ 741674000: uvm_test_top.env.ahb_predictor [REG_PREDICT] Observed WRITE transaction to register regmodel.DLL: value='h21 : updated value = 'h21
# UVM_INFO ./../regmodel/uart_reg2ahb_adapter.sv(42) @ 741675000: reporter [uart_reg2ahb_adapter] bus2reg: address = 0x8 data = 0x3 kind = UVM_WRITE status = UVM_IS_OK
# UVM_INFO /ictc/other/tools/QuestaDVA/questasim/verilog_src/uvm-1.2/src/reg/uvm_reg_predictor.svh(221) @ 741675000: uvm_test_top.env.ahb_predictor [REG_PREDICT] Observed WRITE transaction to register regmodel.DLH: value='h3 : updated value = 'h3
# UVM_INFO ./../regmodel/uart_reg2ahb_adapter.sv(42) @ 741675000: reporter [uart_reg2ahb_adapter] bus2reg: address = 0xc data = 0x22 kind = UVM_WRITE status = UVM_IS_OK
# UVM_INFO /ictc/other/tools/QuestaDVA/questasim/verilog_src/uvm-1.2/src/reg/uvm_reg_predictor.svh(221) @ 741675000: uvm_test_top.env.ahb_predictor [REG_PREDICT] Observed WRITE transaction to register regmodel.LCR: value='h22 : updated value = 'h22
# UVM_INFO ./../regmodel/uart_reg2ahb_adapter.sv(42) @ 741675000: reporter [uart_reg2ahb_adapter] bus2reg: address = 0x10 data = 0x8 kind = UVM_WRITE status = UVM_IS_OK
# UVM_INFO /ictc/other/tools/QuestaDVA/questasim/verilog_src/uvm-1.2/src/reg/uvm_reg_predictor.svh(221) @ 741675000: uvm_test_top.env.ahb_predictor [REG_PREDICT] Observed WRITE transaction to register regmodel.IER: value='h8 : updated value = 'h8
# ===== Received Data from IER =====
# UVM_INFO ./../regmodel/uart_reg2ahb_adapter.sv(42) @ 741675000: reporter [uart_reg2ahb_adapter] bus2reg: address = 0x14 data = 0x6 kind = UVM_READ status = UVM_IS_OK
# UVM_INFO /ictc/other/tools/QuestaDVA/questasim/verilog_src/uvm-1.2/src/reg/uvm_reg_predictor.svh(225) @ 741675000: uvm_test_top.env.ahb_predictor [REG_PREDICT] Observed READ transaction to register regmodel.FSR: value='h6
# UVM_ERROR ./../sequences/ahb_rxd_rx_empty_sequence.sv(130) @ 741685000: uvm_test_top.env.ahb_agt.sequencer@@rx_empty [ahb_rxd_rx_empty_sequence] 
# ===== FAILED!!! RX_EMPTY_STATUS is not right =====
# UVM_INFO ./../regmodel/uart_reg2ahb_adapter.sv(42) @ 743557000: reporter [uart_reg2ahb_adapter] bus2reg: address = 0x14 data = 0x6 kind = UVM_READ status = UVM_IS_OK
# UVM_INFO /ictc/other/tools/QuestaDVA/questasim/verilog_src/uvm-1.2/src/reg/uvm_reg_predictor.svh(225) @ 743557000: uvm_test_top.env.ahb_predictor [REG_PREDICT] Observed READ transaction to register regmodel.FSR: value='h6
# UVM_INFO ./../testcases/uart_rxd_interrupt.sv(40) @ 753567000: uvm_test_top [uart_rxd_interrupt] --------------------------------------------------------------
# Name                Type                Size  Value           
# --------------------------------------------------------------
# cfg                 uart_configuration  -     @360            
#   parity_mode       parity_mode_e       32    UART_PARITY_NONE
#   sampling          sampling_mode_e     32    MODE_X16        
#   data_width        integral            32    'h7             
#   num_of_stop_bit   integral            32    'h1             
#   baud_rate         integral            32    'h4b00          
#   baud_rate_enable  integral            1     'h0             
#   parity_enable     integral            1     'h0             
#   interrupt_enable  integral            1     'h0             
# --------------------------------------------------------------
# 
# UVM_INFO ./../regmodel/uart_reg2ahb_adapter.sv(42) @ 753567000: reporter [uart_reg2ahb_adapter] bus2reg: address = 0x0 data = 0x0 kind = UVM_WRITE status = UVM_IS_OK
# UVM_INFO /ictc/other/tools/QuestaDVA/questasim/verilog_src/uvm-1.2/src/reg/uvm_reg_predictor.svh(221) @ 753567000: uvm_test_top.env.ahb_predictor [REG_PREDICT] Observed WRITE transaction to register regmodel.MDR: value='h0 : updated value = 'h0
# UVM_INFO ./../regmodel/uart_reg2ahb_adapter.sv(42) @ 753567000: reporter [uart_reg2ahb_adapter] bus2reg: address = 0x4 data = 0x45 kind = UVM_WRITE status = UVM_IS_OK
# UVM_INFO /ictc/other/tools/QuestaDVA/questasim/verilog_src/uvm-1.2/src/reg/uvm_reg_predictor.svh(221) @ 753567000: uvm_test_top.env.ahb_predictor [REG_PREDICT] Observed WRITE transaction to register regmodel.DLL: value='h45 : updated value = 'h45
# UVM_INFO ./../regmodel/uart_reg2ahb_adapter.sv(42) @ 753567000: reporter [uart_reg2ahb_adapter] bus2reg: address = 0x8 data = 0x1 kind = UVM_WRITE status = UVM_IS_OK
# UVM_INFO /ictc/other/tools/QuestaDVA/questasim/verilog_src/uvm-1.2/src/reg/uvm_reg_predictor.svh(221) @ 753567000: uvm_test_top.env.ahb_predictor [REG_PREDICT] Observed WRITE transaction to register regmodel.DLH: value='h1 : updated value = 'h1
# UVM_INFO ./../regmodel/uart_reg2ahb_adapter.sv(42) @ 753567000: reporter [uart_reg2ahb_adapter] bus2reg: address = 0xc data = 0x22 kind = UVM_WRITE status = UVM_IS_OK
# UVM_INFO /ictc/other/tools/QuestaDVA/questasim/verilog_src/uvm-1.2/src/reg/uvm_reg_predictor.svh(221) @ 753567000: uvm_test_top.env.ahb_predictor [REG_PREDICT] Observed WRITE transaction to register regmodel.LCR: value='h22 : updated value = 'h22
# UVM_INFO ./../regmodel/uart_reg2ahb_adapter.sv(42) @ 753567000: reporter [uart_reg2ahb_adapter] bus2reg: address = 0x10 data = 0x8 kind = UVM_WRITE status = UVM_IS_OK
# UVM_INFO /ictc/other/tools/QuestaDVA/questasim/verilog_src/uvm-1.2/src/reg/uvm_reg_predictor.svh(221) @ 753567000: uvm_test_top.env.ahb_predictor [REG_PREDICT] Observed WRITE transaction to register regmodel.IER: value='h8 : updated value = 'h8
# ===== Received Data from IER =====
# UVM_INFO ./../regmodel/uart_reg2ahb_adapter.sv(42) @ 753567000: reporter [uart_reg2ahb_adapter] bus2reg: address = 0x14 data = 0x6 kind = UVM_READ status = UVM_IS_OK
# UVM_INFO /ictc/other/tools/QuestaDVA/questasim/verilog_src/uvm-1.2/src/reg/uvm_reg_predictor.svh(225) @ 753567000: uvm_test_top.env.ahb_predictor [REG_PREDICT] Observed READ transaction to register regmodel.FSR: value='h6
# UVM_ERROR ./../sequences/ahb_rxd_rx_empty_sequence.sv(130) @ 753577000: uvm_test_top.env.ahb_agt.sequencer@@rx_empty [ahb_rxd_rx_empty_sequence] 
# ===== FAILED!!! RX_EMPTY_STATUS is not right =====
# UVM_INFO ./../regmodel/uart_reg2ahb_adapter.sv(42) @ 754513000: reporter [uart_reg2ahb_adapter] bus2reg: address = 0x14 data = 0x6 kind = UVM_READ status = UVM_IS_OK
# UVM_INFO /ictc/other/tools/QuestaDVA/questasim/verilog_src/uvm-1.2/src/reg/uvm_reg_predictor.svh(225) @ 754513000: uvm_test_top.env.ahb_predictor [REG_PREDICT] Observed READ transaction to register regmodel.FSR: value='h6
# UVM_INFO ./../testcases/uart_rxd_interrupt.sv(40) @ 764523000: uvm_test_top [uart_rxd_interrupt] --------------------------------------------------------------
# Name                Type                Size  Value           
# --------------------------------------------------------------
# cfg                 uart_configuration  -     @360            
#   parity_mode       parity_mode_e       32    UART_PARITY_NONE
#   sampling          sampling_mode_e     32    MODE_X13        
#   data_width        integral            32    'h7             
#   num_of_stop_bit   integral            32    'h1             
#   baud_rate         integral            32    'h4b00          
#   baud_rate_enable  integral            1     'h0             
#   parity_enable     integral            1     'h0             
#   interrupt_enable  integral            1     'h0             
# --------------------------------------------------------------
# 
# UVM_INFO ./../regmodel/uart_reg2ahb_adapter.sv(42) @ 764523000: reporter [uart_reg2ahb_adapter] bus2reg: address = 0x0 data = 0x1 kind = UVM_WRITE status = UVM_IS_OK
# UVM_INFO /ictc/other/tools/QuestaDVA/questasim/verilog_src/uvm-1.2/src/reg/uvm_reg_predictor.svh(221) @ 764523000: uvm_test_top.env.ahb_predictor [REG_PREDICT] Observed WRITE transaction to register regmodel.MDR: value='h1 : updated value = 'h1
# UVM_INFO ./../regmodel/uart_reg2ahb_adapter.sv(42) @ 764524000: reporter [uart_reg2ahb_adapter] bus2reg: address = 0x4 data = 0x91 kind = UVM_WRITE status = UVM_IS_OK
# UVM_INFO /ictc/other/tools/QuestaDVA/questasim/verilog_src/uvm-1.2/src/reg/uvm_reg_predictor.svh(221) @ 764524000: uvm_test_top.env.ahb_predictor [REG_PREDICT] Observed WRITE transaction to register regmodel.DLL: value='h91 : updated value = 'h91
# UVM_INFO ./../regmodel/uart_reg2ahb_adapter.sv(42) @ 764524000: reporter [uart_reg2ahb_adapter] bus2reg: address = 0x8 data = 0x1 kind = UVM_WRITE status = UVM_IS_OK
# UVM_INFO /ictc/other/tools/QuestaDVA/questasim/verilog_src/uvm-1.2/src/reg/uvm_reg_predictor.svh(221) @ 764524000: uvm_test_top.env.ahb_predictor [REG_PREDICT] Observed WRITE transaction to register regmodel.DLH: value='h1 : updated value = 'h1
# UVM_INFO ./../regmodel/uart_reg2ahb_adapter.sv(42) @ 764524000: reporter [uart_reg2ahb_adapter] bus2reg: address = 0xc data = 0x22 kind = UVM_WRITE status = UVM_IS_OK
# UVM_INFO /ictc/other/tools/QuestaDVA/questasim/verilog_src/uvm-1.2/src/reg/uvm_reg_predictor.svh(221) @ 764524000: uvm_test_top.env.ahb_predictor [REG_PREDICT] Observed WRITE transaction to register regmodel.LCR: value='h22 : updated value = 'h22
# UVM_INFO ./../regmodel/uart_reg2ahb_adapter.sv(42) @ 764524000: reporter [uart_reg2ahb_adapter] bus2reg: address = 0x10 data = 0x8 kind = UVM_WRITE status = UVM_IS_OK
# UVM_INFO /ictc/other/tools/QuestaDVA/questasim/verilog_src/uvm-1.2/src/reg/uvm_reg_predictor.svh(221) @ 764524000: uvm_test_top.env.ahb_predictor [REG_PREDICT] Observed WRITE transaction to register regmodel.IER: value='h8 : updated value = 'h8
# ===== Received Data from IER =====
# UVM_INFO ./../regmodel/uart_reg2ahb_adapter.sv(42) @ 764524000: reporter [uart_reg2ahb_adapter] bus2reg: address = 0x14 data = 0x6 kind = UVM_READ status = UVM_IS_OK
# UVM_INFO /ictc/other/tools/QuestaDVA/questasim/verilog_src/uvm-1.2/src/reg/uvm_reg_predictor.svh(225) @ 764524000: uvm_test_top.env.ahb_predictor [REG_PREDICT] Observed READ transaction to register regmodel.FSR: value='h6
# UVM_ERROR ./../sequences/ahb_rxd_rx_empty_sequence.sv(130) @ 764534000: uvm_test_top.env.ahb_agt.sequencer@@rx_empty [ahb_rxd_rx_empty_sequence] 
# ===== FAILED!!! RX_EMPTY_STATUS is not right =====
# UVM_INFO ./../regmodel/uart_reg2ahb_adapter.sv(42) @ 765470000: reporter [uart_reg2ahb_adapter] bus2reg: address = 0x14 data = 0x6 kind = UVM_READ status = UVM_IS_OK
# UVM_INFO /ictc/other/tools/QuestaDVA/questasim/verilog_src/uvm-1.2/src/reg/uvm_reg_predictor.svh(225) @ 765470000: uvm_test_top.env.ahb_predictor [REG_PREDICT] Observed READ transaction to register regmodel.FSR: value='h6
# UVM_INFO ./../testcases/uart_rxd_interrupt.sv(40) @ 775480000: uvm_test_top [uart_rxd_interrupt] --------------------------------------------------------------
# Name                Type                Size  Value           
# --------------------------------------------------------------
# cfg                 uart_configuration  -     @360            
#   parity_mode       parity_mode_e       32    UART_PARITY_NONE
#   sampling          sampling_mode_e     32    MODE_X16        
#   data_width        integral            32    'h7             
#   num_of_stop_bit   integral            32    'h1             
#   baud_rate         integral            32    'h9600          
#   baud_rate_enable  integral            1     'h0             
#   parity_enable     integral            1     'h0             
#   interrupt_enable  integral            1     'h0             
# --------------------------------------------------------------
# 
# UVM_INFO ./../regmodel/uart_reg2ahb_adapter.sv(42) @ 775480000: reporter [uart_reg2ahb_adapter] bus2reg: address = 0x0 data = 0x0 kind = UVM_WRITE status = UVM_IS_OK
# UVM_INFO /ictc/other/tools/QuestaDVA/questasim/verilog_src/uvm-1.2/src/reg/uvm_reg_predictor.svh(221) @ 775480000: uvm_test_top.env.ahb_predictor [REG_PREDICT] Observed WRITE transaction to register regmodel.MDR: value='h0 : updated value = 'h0
# UVM_INFO ./../regmodel/uart_reg2ahb_adapter.sv(42) @ 775480000: reporter [uart_reg2ahb_adapter] bus2reg: address = 0x4 data = 0xa4 kind = UVM_WRITE status = UVM_IS_OK
# UVM_INFO /ictc/other/tools/QuestaDVA/questasim/verilog_src/uvm-1.2/src/reg/uvm_reg_predictor.svh(221) @ 775480000: uvm_test_top.env.ahb_predictor [REG_PREDICT] Observed WRITE transaction to register regmodel.DLL: value='ha4 : updated value = 'ha4
# UVM_INFO ./../regmodel/uart_reg2ahb_adapter.sv(42) @ 775480000: reporter [uart_reg2ahb_adapter] bus2reg: address = 0x8 data = 0x0 kind = UVM_WRITE status = UVM_IS_OK
# UVM_INFO /ictc/other/tools/QuestaDVA/questasim/verilog_src/uvm-1.2/src/reg/uvm_reg_predictor.svh(221) @ 775480000: uvm_test_top.env.ahb_predictor [REG_PREDICT] Observed WRITE transaction to register regmodel.DLH: value='h0 : updated value = 'h0
# UVM_INFO ./../regmodel/uart_reg2ahb_adapter.sv(42) @ 775480000: reporter [uart_reg2ahb_adapter] bus2reg: address = 0xc data = 0x22 kind = UVM_WRITE status = UVM_IS_OK
# UVM_INFO /ictc/other/tools/QuestaDVA/questasim/verilog_src/uvm-1.2/src/reg/uvm_reg_predictor.svh(221) @ 775480000: uvm_test_top.env.ahb_predictor [REG_PREDICT] Observed WRITE transaction to register regmodel.LCR: value='h22 : updated value = 'h22
# UVM_INFO ./../regmodel/uart_reg2ahb_adapter.sv(42) @ 775480000: reporter [uart_reg2ahb_adapter] bus2reg: address = 0x10 data = 0x8 kind = UVM_WRITE status = UVM_IS_OK
# UVM_INFO /ictc/other/tools/QuestaDVA/questasim/verilog_src/uvm-1.2/src/reg/uvm_reg_predictor.svh(221) @ 775480000: uvm_test_top.env.ahb_predictor [REG_PREDICT] Observed WRITE transaction to register regmodel.IER: value='h8 : updated value = 'h8
# ===== Received Data from IER =====
# UVM_INFO ./../regmodel/uart_reg2ahb_adapter.sv(42) @ 775480000: reporter [uart_reg2ahb_adapter] bus2reg: address = 0x14 data = 0x6 kind = UVM_READ status = UVM_IS_OK
# UVM_INFO /ictc/other/tools/QuestaDVA/questasim/verilog_src/uvm-1.2/src/reg/uvm_reg_predictor.svh(225) @ 775480000: uvm_test_top.env.ahb_predictor [REG_PREDICT] Observed READ transaction to register regmodel.FSR: value='h6
# UVM_ERROR ./../sequences/ahb_rxd_rx_empty_sequence.sv(130) @ 775490000: uvm_test_top.env.ahb_agt.sequencer@@rx_empty [ahb_rxd_rx_empty_sequence] 
# ===== FAILED!!! RX_EMPTY_STATUS is not right =====
# UVM_INFO ./../regmodel/uart_reg2ahb_adapter.sv(42) @ 775959000: reporter [uart_reg2ahb_adapter] bus2reg: address = 0x14 data = 0x6 kind = UVM_READ status = UVM_IS_OK
# UVM_INFO /ictc/other/tools/QuestaDVA/questasim/verilog_src/uvm-1.2/src/reg/uvm_reg_predictor.svh(225) @ 775959000: uvm_test_top.env.ahb_predictor [REG_PREDICT] Observed READ transaction to register regmodel.FSR: value='h6
# UVM_INFO ./../testcases/uart_rxd_interrupt.sv(40) @ 785969000: uvm_test_top [uart_rxd_interrupt] --------------------------------------------------------------
# Name                Type                Size  Value           
# --------------------------------------------------------------
# cfg                 uart_configuration  -     @360            
#   parity_mode       parity_mode_e       32    UART_PARITY_NONE
#   sampling          sampling_mode_e     32    MODE_X13        
#   data_width        integral            32    'h7             
#   num_of_stop_bit   integral            32    'h1             
#   baud_rate         integral            32    'h9600          
#   baud_rate_enable  integral            1     'h0             
#   parity_enable     integral            1     'h0             
#   interrupt_enable  integral            1     'h0             
# --------------------------------------------------------------
# 
# UVM_INFO ./../regmodel/uart_reg2ahb_adapter.sv(42) @ 785969000: reporter [uart_reg2ahb_adapter] bus2reg: address = 0x0 data = 0x1 kind = UVM_WRITE status = UVM_IS_OK
# UVM_INFO /ictc/other/tools/QuestaDVA/questasim/verilog_src/uvm-1.2/src/reg/uvm_reg_predictor.svh(221) @ 785969000: uvm_test_top.env.ahb_predictor [REG_PREDICT] Observed WRITE transaction to register regmodel.MDR: value='h1 : updated value = 'h1
# UVM_INFO ./../regmodel/uart_reg2ahb_adapter.sv(42) @ 785969000: reporter [uart_reg2ahb_adapter] bus2reg: address = 0x4 data = 0xc8 kind = UVM_WRITE status = UVM_IS_OK
# UVM_INFO /ictc/other/tools/QuestaDVA/questasim/verilog_src/uvm-1.2/src/reg/uvm_reg_predictor.svh(221) @ 785969000: uvm_test_top.env.ahb_predictor [REG_PREDICT] Observed WRITE transaction to register regmodel.DLL: value='hc8 : updated value = 'hc8
# UVM_INFO ./../regmodel/uart_reg2ahb_adapter.sv(42) @ 785969000: reporter [uart_reg2ahb_adapter] bus2reg: address = 0x8 data = 0x0 kind = UVM_WRITE status = UVM_IS_OK
# UVM_INFO /ictc/other/tools/QuestaDVA/questasim/verilog_src/uvm-1.2/src/reg/uvm_reg_predictor.svh(221) @ 785969000: uvm_test_top.env.ahb_predictor [REG_PREDICT] Observed WRITE transaction to register regmodel.DLH: value='h0 : updated value = 'h0
# UVM_INFO ./../regmodel/uart_reg2ahb_adapter.sv(42) @ 785969000: reporter [uart_reg2ahb_adapter] bus2reg: address = 0xc data = 0x22 kind = UVM_WRITE status = UVM_IS_OK
# UVM_INFO /ictc/other/tools/QuestaDVA/questasim/verilog_src/uvm-1.2/src/reg/uvm_reg_predictor.svh(221) @ 785969000: uvm_test_top.env.ahb_predictor [REG_PREDICT] Observed WRITE transaction to register regmodel.LCR: value='h22 : updated value = 'h22
# UVM_INFO ./../regmodel/uart_reg2ahb_adapter.sv(42) @ 785969000: reporter [uart_reg2ahb_adapter] bus2reg: address = 0x10 data = 0x8 kind = UVM_WRITE status = UVM_IS_OK
# UVM_INFO /ictc/other/tools/QuestaDVA/questasim/verilog_src/uvm-1.2/src/reg/uvm_reg_predictor.svh(221) @ 785969000: uvm_test_top.env.ahb_predictor [REG_PREDICT] Observed WRITE transaction to register regmodel.IER: value='h8 : updated value = 'h8
# ===== Received Data from IER =====
# UVM_INFO ./../regmodel/uart_reg2ahb_adapter.sv(42) @ 785969000: reporter [uart_reg2ahb_adapter] bus2reg: address = 0x14 data = 0x6 kind = UVM_READ status = UVM_IS_OK
# UVM_INFO /ictc/other/tools/QuestaDVA/questasim/verilog_src/uvm-1.2/src/reg/uvm_reg_predictor.svh(225) @ 785969000: uvm_test_top.env.ahb_predictor [REG_PREDICT] Observed READ transaction to register regmodel.FSR: value='h6
# UVM_ERROR ./../sequences/ahb_rxd_rx_empty_sequence.sv(130) @ 785979000: uvm_test_top.env.ahb_agt.sequencer@@rx_empty [ahb_rxd_rx_empty_sequence] 
# ===== FAILED!!! RX_EMPTY_STATUS is not right =====
# UVM_INFO ./../regmodel/uart_reg2ahb_adapter.sv(42) @ 786447000: reporter [uart_reg2ahb_adapter] bus2reg: address = 0x14 data = 0x6 kind = UVM_READ status = UVM_IS_OK
# UVM_INFO /ictc/other/tools/QuestaDVA/questasim/verilog_src/uvm-1.2/src/reg/uvm_reg_predictor.svh(225) @ 786447000: uvm_test_top.env.ahb_predictor [REG_PREDICT] Observed READ transaction to register regmodel.FSR: value='h6
# UVM_INFO ./../testcases/uart_rxd_interrupt.sv(40) @ 796457000: uvm_test_top [uart_rxd_interrupt] --------------------------------------------------------------
# Name                Type                Size  Value           
# --------------------------------------------------------------
# cfg                 uart_configuration  -     @360            
#   parity_mode       parity_mode_e       32    UART_PARITY_NONE
#   sampling          sampling_mode_e     32    MODE_X16        
#   data_width        integral            32    'h7             
#   num_of_stop_bit   integral            32    'h1             
#   baud_rate         integral            32    'h12c00         
#   baud_rate_enable  integral            1     'h0             
#   parity_enable     integral            1     'h0             
#   interrupt_enable  integral            1     'h0             
# --------------------------------------------------------------
# 
# UVM_INFO ./../regmodel/uart_reg2ahb_adapter.sv(42) @ 796457000: reporter [uart_reg2ahb_adapter] bus2reg: address = 0x0 data = 0x0 kind = UVM_WRITE status = UVM_IS_OK
# UVM_INFO /ictc/other/tools/QuestaDVA/questasim/verilog_src/uvm-1.2/src/reg/uvm_reg_predictor.svh(221) @ 796457000: uvm_test_top.env.ahb_predictor [REG_PREDICT] Observed WRITE transaction to register regmodel.MDR: value='h0 : updated value = 'h0
# UVM_INFO ./../regmodel/uart_reg2ahb_adapter.sv(42) @ 796457000: reporter [uart_reg2ahb_adapter] bus2reg: address = 0x4 data = 0x51 kind = UVM_WRITE status = UVM_IS_OK
# UVM_INFO /ictc/other/tools/QuestaDVA/questasim/verilog_src/uvm-1.2/src/reg/uvm_reg_predictor.svh(221) @ 796457000: uvm_test_top.env.ahb_predictor [REG_PREDICT] Observed WRITE transaction to register regmodel.DLL: value='h51 : updated value = 'h51
# UVM_INFO ./../regmodel/uart_reg2ahb_adapter.sv(42) @ 796457000: reporter [uart_reg2ahb_adapter] bus2reg: address = 0x8 data = 0x0 kind = UVM_WRITE status = UVM_IS_OK
# UVM_INFO /ictc/other/tools/QuestaDVA/questasim/verilog_src/uvm-1.2/src/reg/uvm_reg_predictor.svh(221) @ 796457000: uvm_test_top.env.ahb_predictor [REG_PREDICT] Observed WRITE transaction to register regmodel.DLH: value='h0 : updated value = 'h0
# UVM_INFO ./../regmodel/uart_reg2ahb_adapter.sv(42) @ 796457000: reporter [uart_reg2ahb_adapter] bus2reg: address = 0xc data = 0x22 kind = UVM_WRITE status = UVM_IS_OK
# UVM_INFO /ictc/other/tools/QuestaDVA/questasim/verilog_src/uvm-1.2/src/reg/uvm_reg_predictor.svh(221) @ 796457000: uvm_test_top.env.ahb_predictor [REG_PREDICT] Observed WRITE transaction to register regmodel.LCR: value='h22 : updated value = 'h22
# UVM_INFO ./../regmodel/uart_reg2ahb_adapter.sv(42) @ 796457000: reporter [uart_reg2ahb_adapter] bus2reg: address = 0x10 data = 0x8 kind = UVM_WRITE status = UVM_IS_OK
# UVM_INFO /ictc/other/tools/QuestaDVA/questasim/verilog_src/uvm-1.2/src/reg/uvm_reg_predictor.svh(221) @ 796457000: uvm_test_top.env.ahb_predictor [REG_PREDICT] Observed WRITE transaction to register regmodel.IER: value='h8 : updated value = 'h8
# ===== Received Data from IER =====
# UVM_INFO ./../regmodel/uart_reg2ahb_adapter.sv(42) @ 796458000: reporter [uart_reg2ahb_adapter] bus2reg: address = 0x14 data = 0x6 kind = UVM_READ status = UVM_IS_OK
# UVM_INFO /ictc/other/tools/QuestaDVA/questasim/verilog_src/uvm-1.2/src/reg/uvm_reg_predictor.svh(225) @ 796458000: uvm_test_top.env.ahb_predictor [REG_PREDICT] Observed READ transaction to register regmodel.FSR: value='h6
# UVM_ERROR ./../sequences/ahb_rxd_rx_empty_sequence.sv(130) @ 796468000: uvm_test_top.env.ahb_agt.sequencer@@rx_empty [ahb_rxd_rx_empty_sequence] 
# ===== FAILED!!! RX_EMPTY_STATUS is not right =====
# UVM_INFO ./../regmodel/uart_reg2ahb_adapter.sv(42) @ 796702000: reporter [uart_reg2ahb_adapter] bus2reg: address = 0x14 data = 0x6 kind = UVM_READ status = UVM_IS_OK
# UVM_INFO /ictc/other/tools/QuestaDVA/questasim/verilog_src/uvm-1.2/src/reg/uvm_reg_predictor.svh(225) @ 796702000: uvm_test_top.env.ahb_predictor [REG_PREDICT] Observed READ transaction to register regmodel.FSR: value='h6
# UVM_INFO ./../testcases/uart_rxd_interrupt.sv(40) @ 806712000: uvm_test_top [uart_rxd_interrupt] --------------------------------------------------------------
# Name                Type                Size  Value           
# --------------------------------------------------------------
# cfg                 uart_configuration  -     @360            
#   parity_mode       parity_mode_e       32    UART_PARITY_NONE
#   sampling          sampling_mode_e     32    MODE_X13        
#   data_width        integral            32    'h7             
#   num_of_stop_bit   integral            32    'h1             
#   baud_rate         integral            32    'h12c00         
#   baud_rate_enable  integral            1     'h0             
#   parity_enable     integral            1     'h0             
#   interrupt_enable  integral            1     'h0             
# --------------------------------------------------------------
# 
# UVM_INFO ./../regmodel/uart_reg2ahb_adapter.sv(42) @ 806712000: reporter [uart_reg2ahb_adapter] bus2reg: address = 0x0 data = 0x1 kind = UVM_WRITE status = UVM_IS_OK
# UVM_INFO /ictc/other/tools/QuestaDVA/questasim/verilog_src/uvm-1.2/src/reg/uvm_reg_predictor.svh(221) @ 806712000: uvm_test_top.env.ahb_predictor [REG_PREDICT] Observed WRITE transaction to register regmodel.MDR: value='h1 : updated value = 'h1
# UVM_INFO ./../regmodel/uart_reg2ahb_adapter.sv(42) @ 806712000: reporter [uart_reg2ahb_adapter] bus2reg: address = 0x4 data = 0x64 kind = UVM_WRITE status = UVM_IS_OK
# UVM_INFO /ictc/other/tools/QuestaDVA/questasim/verilog_src/uvm-1.2/src/reg/uvm_reg_predictor.svh(221) @ 806712000: uvm_test_top.env.ahb_predictor [REG_PREDICT] Observed WRITE transaction to register regmodel.DLL: value='h64 : updated value = 'h64
# UVM_INFO ./../regmodel/uart_reg2ahb_adapter.sv(42) @ 806712000: reporter [uart_reg2ahb_adapter] bus2reg: address = 0x8 data = 0x0 kind = UVM_WRITE status = UVM_IS_OK
# UVM_INFO /ictc/other/tools/QuestaDVA/questasim/verilog_src/uvm-1.2/src/reg/uvm_reg_predictor.svh(221) @ 806712000: uvm_test_top.env.ahb_predictor [REG_PREDICT] Observed WRITE transaction to register regmodel.DLH: value='h0 : updated value = 'h0
# UVM_INFO ./../regmodel/uart_reg2ahb_adapter.sv(42) @ 806712000: reporter [uart_reg2ahb_adapter] bus2reg: address = 0xc data = 0x22 kind = UVM_WRITE status = UVM_IS_OK
# UVM_INFO /ictc/other/tools/QuestaDVA/questasim/verilog_src/uvm-1.2/src/reg/uvm_reg_predictor.svh(221) @ 806712000: uvm_test_top.env.ahb_predictor [REG_PREDICT] Observed WRITE transaction to register regmodel.LCR: value='h22 : updated value = 'h22
# UVM_INFO ./../regmodel/uart_reg2ahb_adapter.sv(42) @ 806712000: reporter [uart_reg2ahb_adapter] bus2reg: address = 0x10 data = 0x8 kind = UVM_WRITE status = UVM_IS_OK
# UVM_INFO /ictc/other/tools/QuestaDVA/questasim/verilog_src/uvm-1.2/src/reg/uvm_reg_predictor.svh(221) @ 806712000: uvm_test_top.env.ahb_predictor [REG_PREDICT] Observed WRITE transaction to register regmodel.IER: value='h8 : updated value = 'h8
# ===== Received Data from IER =====
# UVM_INFO ./../regmodel/uart_reg2ahb_adapter.sv(42) @ 806712000: reporter [uart_reg2ahb_adapter] bus2reg: address = 0x14 data = 0x6 kind = UVM_READ status = UVM_IS_OK
# UVM_INFO /ictc/other/tools/QuestaDVA/questasim/verilog_src/uvm-1.2/src/reg/uvm_reg_predictor.svh(225) @ 806712000: uvm_test_top.env.ahb_predictor [REG_PREDICT] Observed READ transaction to register regmodel.FSR: value='h6
# UVM_ERROR ./../sequences/ahb_rxd_rx_empty_sequence.sv(130) @ 806722000: uvm_test_top.env.ahb_agt.sequencer@@rx_empty [ahb_rxd_rx_empty_sequence] 
# ===== FAILED!!! RX_EMPTY_STATUS is not right =====
# UVM_INFO ./../regmodel/uart_reg2ahb_adapter.sv(42) @ 806956000: reporter [uart_reg2ahb_adapter] bus2reg: address = 0x14 data = 0x6 kind = UVM_READ status = UVM_IS_OK
# UVM_INFO /ictc/other/tools/QuestaDVA/questasim/verilog_src/uvm-1.2/src/reg/uvm_reg_predictor.svh(225) @ 806956000: uvm_test_top.env.ahb_predictor [REG_PREDICT] Observed READ transaction to register regmodel.FSR: value='h6
# UVM_INFO ./../testcases/uart_rxd_interrupt.sv(40) @ 816966000: uvm_test_top [uart_rxd_interrupt] --------------------------------------------------------------
# Name                Type                Size  Value           
# --------------------------------------------------------------
# cfg                 uart_configuration  -     @360            
#   parity_mode       parity_mode_e       32    UART_PARITY_NONE
#   sampling          sampling_mode_e     32    MODE_X16        
#   data_width        integral            32    'h7             
#   num_of_stop_bit   integral            32    'h1             
#   baud_rate         integral            32    'h1c200         
#   baud_rate_enable  integral            1     'h0             
#   parity_enable     integral            1     'h0             
#   interrupt_enable  integral            1     'h0             
# --------------------------------------------------------------
# 
# UVM_INFO ./../regmodel/uart_reg2ahb_adapter.sv(42) @ 816966000: reporter [uart_reg2ahb_adapter] bus2reg: address = 0x0 data = 0x0 kind = UVM_WRITE status = UVM_IS_OK
# UVM_INFO /ictc/other/tools/QuestaDVA/questasim/verilog_src/uvm-1.2/src/reg/uvm_reg_predictor.svh(221) @ 816966000: uvm_test_top.env.ahb_predictor [REG_PREDICT] Observed WRITE transaction to register regmodel.MDR: value='h0 : updated value = 'h0
# UVM_INFO ./../regmodel/uart_reg2ahb_adapter.sv(42) @ 816966000: reporter [uart_reg2ahb_adapter] bus2reg: address = 0x4 data = 0x36 kind = UVM_WRITE status = UVM_IS_OK
# UVM_INFO /ictc/other/tools/QuestaDVA/questasim/verilog_src/uvm-1.2/src/reg/uvm_reg_predictor.svh(221) @ 816966000: uvm_test_top.env.ahb_predictor [REG_PREDICT] Observed WRITE transaction to register regmodel.DLL: value='h36 : updated value = 'h36
# UVM_INFO ./../regmodel/uart_reg2ahb_adapter.sv(42) @ 816966000: reporter [uart_reg2ahb_adapter] bus2reg: address = 0x8 data = 0x0 kind = UVM_WRITE status = UVM_IS_OK
# UVM_INFO /ictc/other/tools/QuestaDVA/questasim/verilog_src/uvm-1.2/src/reg/uvm_reg_predictor.svh(221) @ 816966000: uvm_test_top.env.ahb_predictor [REG_PREDICT] Observed WRITE transaction to register regmodel.DLH: value='h0 : updated value = 'h0
# UVM_INFO ./../regmodel/uart_reg2ahb_adapter.sv(42) @ 816967000: reporter [uart_reg2ahb_adapter] bus2reg: address = 0xc data = 0x22 kind = UVM_WRITE status = UVM_IS_OK
# UVM_INFO /ictc/other/tools/QuestaDVA/questasim/verilog_src/uvm-1.2/src/reg/uvm_reg_predictor.svh(221) @ 816967000: uvm_test_top.env.ahb_predictor [REG_PREDICT] Observed WRITE transaction to register regmodel.LCR: value='h22 : updated value = 'h22
# UVM_INFO ./../regmodel/uart_reg2ahb_adapter.sv(42) @ 816967000: reporter [uart_reg2ahb_adapter] bus2reg: address = 0x10 data = 0x8 kind = UVM_WRITE status = UVM_IS_OK
# UVM_INFO /ictc/other/tools/QuestaDVA/questasim/verilog_src/uvm-1.2/src/reg/uvm_reg_predictor.svh(221) @ 816967000: uvm_test_top.env.ahb_predictor [REG_PREDICT] Observed WRITE transaction to register regmodel.IER: value='h8 : updated value = 'h8
# ===== Received Data from IER =====
# UVM_INFO ./../regmodel/uart_reg2ahb_adapter.sv(42) @ 816967000: reporter [uart_reg2ahb_adapter] bus2reg: address = 0x14 data = 0x6 kind = UVM_READ status = UVM_IS_OK
# UVM_INFO /ictc/other/tools/QuestaDVA/questasim/verilog_src/uvm-1.2/src/reg/uvm_reg_predictor.svh(225) @ 816967000: uvm_test_top.env.ahb_predictor [REG_PREDICT] Observed READ transaction to register regmodel.FSR: value='h6
# UVM_ERROR ./../sequences/ahb_rxd_rx_empty_sequence.sv(130) @ 816977000: uvm_test_top.env.ahb_agt.sequencer@@rx_empty [ahb_rxd_rx_empty_sequence] 
# ===== FAILED!!! RX_EMPTY_STATUS is not right =====
# UVM_INFO ./../regmodel/uart_reg2ahb_adapter.sv(42) @ 817130000: reporter [uart_reg2ahb_adapter] bus2reg: address = 0x14 data = 0x6 kind = UVM_READ status = UVM_IS_OK
# UVM_INFO /ictc/other/tools/QuestaDVA/questasim/verilog_src/uvm-1.2/src/reg/uvm_reg_predictor.svh(225) @ 817130000: uvm_test_top.env.ahb_predictor [REG_PREDICT] Observed READ transaction to register regmodel.FSR: value='h6
# UVM_INFO ./../testcases/uart_rxd_interrupt.sv(40) @ 827140000: uvm_test_top [uart_rxd_interrupt] --------------------------------------------------------------
# Name                Type                Size  Value           
# --------------------------------------------------------------
# cfg                 uart_configuration  -     @360            
#   parity_mode       parity_mode_e       32    UART_PARITY_NONE
#   sampling          sampling_mode_e     32    MODE_X13        
#   data_width        integral            32    'h7             
#   num_of_stop_bit   integral            32    'h1             
#   baud_rate         integral            32    'h1c200         
#   baud_rate_enable  integral            1     'h0             
#   parity_enable     integral            1     'h0             
#   interrupt_enable  integral            1     'h0             
# --------------------------------------------------------------
# 
# UVM_INFO ./../regmodel/uart_reg2ahb_adapter.sv(42) @ 827140000: reporter [uart_reg2ahb_adapter] bus2reg: address = 0x0 data = 0x1 kind = UVM_WRITE status = UVM_IS_OK
# UVM_INFO /ictc/other/tools/QuestaDVA/questasim/verilog_src/uvm-1.2/src/reg/uvm_reg_predictor.svh(221) @ 827140000: uvm_test_top.env.ahb_predictor [REG_PREDICT] Observed WRITE transaction to register regmodel.MDR: value='h1 : updated value = 'h1
# UVM_INFO ./../regmodel/uart_reg2ahb_adapter.sv(42) @ 827140000: reporter [uart_reg2ahb_adapter] bus2reg: address = 0x4 data = 0x43 kind = UVM_WRITE status = UVM_IS_OK
# UVM_INFO /ictc/other/tools/QuestaDVA/questasim/verilog_src/uvm-1.2/src/reg/uvm_reg_predictor.svh(221) @ 827140000: uvm_test_top.env.ahb_predictor [REG_PREDICT] Observed WRITE transaction to register regmodel.DLL: value='h43 : updated value = 'h43
# UVM_INFO ./../regmodel/uart_reg2ahb_adapter.sv(42) @ 827140000: reporter [uart_reg2ahb_adapter] bus2reg: address = 0x8 data = 0x0 kind = UVM_WRITE status = UVM_IS_OK
# UVM_INFO /ictc/other/tools/QuestaDVA/questasim/verilog_src/uvm-1.2/src/reg/uvm_reg_predictor.svh(221) @ 827140000: uvm_test_top.env.ahb_predictor [REG_PREDICT] Observed WRITE transaction to register regmodel.DLH: value='h0 : updated value = 'h0
# UVM_INFO ./../regmodel/uart_reg2ahb_adapter.sv(42) @ 827140000: reporter [uart_reg2ahb_adapter] bus2reg: address = 0xc data = 0x22 kind = UVM_WRITE status = UVM_IS_OK
# UVM_INFO /ictc/other/tools/QuestaDVA/questasim/verilog_src/uvm-1.2/src/reg/uvm_reg_predictor.svh(221) @ 827140000: uvm_test_top.env.ahb_predictor [REG_PREDICT] Observed WRITE transaction to register regmodel.LCR: value='h22 : updated value = 'h22
# UVM_INFO ./../regmodel/uart_reg2ahb_adapter.sv(42) @ 827140000: reporter [uart_reg2ahb_adapter] bus2reg: address = 0x10 data = 0x8 kind = UVM_WRITE status = UVM_IS_OK
# UVM_INFO /ictc/other/tools/QuestaDVA/questasim/verilog_src/uvm-1.2/src/reg/uvm_reg_predictor.svh(221) @ 827140000: uvm_test_top.env.ahb_predictor [REG_PREDICT] Observed WRITE transaction to register regmodel.IER: value='h8 : updated value = 'h8
# ===== Received Data from IER =====
# UVM_INFO ./../regmodel/uart_reg2ahb_adapter.sv(42) @ 827140000: reporter [uart_reg2ahb_adapter] bus2reg: address = 0x14 data = 0x6 kind = UVM_READ status = UVM_IS_OK
# UVM_INFO /ictc/other/tools/QuestaDVA/questasim/verilog_src/uvm-1.2/src/reg/uvm_reg_predictor.svh(225) @ 827140000: uvm_test_top.env.ahb_predictor [REG_PREDICT] Observed READ transaction to register regmodel.FSR: value='h6
# UVM_ERROR ./../sequences/ahb_rxd_rx_empty_sequence.sv(130) @ 827150000: uvm_test_top.env.ahb_agt.sequencer@@rx_empty [ahb_rxd_rx_empty_sequence] 
# ===== FAILED!!! RX_EMPTY_STATUS is not right =====
# UVM_INFO ./../regmodel/uart_reg2ahb_adapter.sv(42) @ 827303000: reporter [uart_reg2ahb_adapter] bus2reg: address = 0x14 data = 0x6 kind = UVM_READ status = UVM_IS_OK
# UVM_INFO /ictc/other/tools/QuestaDVA/questasim/verilog_src/uvm-1.2/src/reg/uvm_reg_predictor.svh(225) @ 827303000: uvm_test_top.env.ahb_predictor [REG_PREDICT] Observed READ transaction to register regmodel.FSR: value='h6
# UVM_INFO ./../testcases/uart_rxd_interrupt.sv(40) @ 837313000: uvm_test_top [uart_rxd_interrupt] --------------------------------------------------------------
# Name                Type                Size  Value           
# --------------------------------------------------------------
# cfg                 uart_configuration  -     @360            
#   parity_mode       parity_mode_e       32    UART_PARITY_NONE
#   sampling          sampling_mode_e     32    MODE_X16        
#   data_width        integral            32    'h7             
#   num_of_stop_bit   integral            32    'h2             
#   baud_rate         integral            32    'h960           
#   baud_rate_enable  integral            1     'h0             
#   parity_enable     integral            1     'h0             
#   interrupt_enable  integral            1     'h0             
# --------------------------------------------------------------
# 
# UVM_INFO ./../regmodel/uart_reg2ahb_adapter.sv(42) @ 837313000: reporter [uart_reg2ahb_adapter] bus2reg: address = 0x0 data = 0x0 kind = UVM_WRITE status = UVM_IS_OK
# UVM_INFO /ictc/other/tools/QuestaDVA/questasim/verilog_src/uvm-1.2/src/reg/uvm_reg_predictor.svh(221) @ 837313000: uvm_test_top.env.ahb_predictor [REG_PREDICT] Observed WRITE transaction to register regmodel.MDR: value='h0 : updated value = 'h0
# UVM_INFO ./../regmodel/uart_reg2ahb_adapter.sv(42) @ 837313000: reporter [uart_reg2ahb_adapter] bus2reg: address = 0x4 data = 0x2c kind = UVM_WRITE status = UVM_IS_OK
# UVM_INFO /ictc/other/tools/QuestaDVA/questasim/verilog_src/uvm-1.2/src/reg/uvm_reg_predictor.svh(221) @ 837313000: uvm_test_top.env.ahb_predictor [REG_PREDICT] Observed WRITE transaction to register regmodel.DLL: value='h2c : updated value = 'h2c
# UVM_INFO ./../regmodel/uart_reg2ahb_adapter.sv(42) @ 837314000: reporter [uart_reg2ahb_adapter] bus2reg: address = 0x8 data = 0xa kind = UVM_WRITE status = UVM_IS_OK
# UVM_INFO /ictc/other/tools/QuestaDVA/questasim/verilog_src/uvm-1.2/src/reg/uvm_reg_predictor.svh(221) @ 837314000: uvm_test_top.env.ahb_predictor [REG_PREDICT] Observed WRITE transaction to register regmodel.DLH: value='ha : updated value = 'ha
# UVM_INFO ./../regmodel/uart_reg2ahb_adapter.sv(42) @ 837314000: reporter [uart_reg2ahb_adapter] bus2reg: address = 0xc data = 0x26 kind = UVM_WRITE status = UVM_IS_OK
# UVM_INFO /ictc/other/tools/QuestaDVA/questasim/verilog_src/uvm-1.2/src/reg/uvm_reg_predictor.svh(221) @ 837314000: uvm_test_top.env.ahb_predictor [REG_PREDICT] Observed WRITE transaction to register regmodel.LCR: value='h26 : updated value = 'h26
# UVM_INFO ./../regmodel/uart_reg2ahb_adapter.sv(42) @ 837314000: reporter [uart_reg2ahb_adapter] bus2reg: address = 0x10 data = 0x8 kind = UVM_WRITE status = UVM_IS_OK
# UVM_INFO /ictc/other/tools/QuestaDVA/questasim/verilog_src/uvm-1.2/src/reg/uvm_reg_predictor.svh(221) @ 837314000: uvm_test_top.env.ahb_predictor [REG_PREDICT] Observed WRITE transaction to register regmodel.IER: value='h8 : updated value = 'h8
# ===== Received Data from IER =====
# UVM_INFO ./../regmodel/uart_reg2ahb_adapter.sv(42) @ 837314000: reporter [uart_reg2ahb_adapter] bus2reg: address = 0x14 data = 0x6 kind = UVM_READ status = UVM_IS_OK
# UVM_INFO /ictc/other/tools/QuestaDVA/questasim/verilog_src/uvm-1.2/src/reg/uvm_reg_predictor.svh(225) @ 837314000: uvm_test_top.env.ahb_predictor [REG_PREDICT] Observed READ transaction to register regmodel.FSR: value='h6
# UVM_ERROR ./../sequences/ahb_rxd_rx_empty_sequence.sv(130) @ 837324000: uvm_test_top.env.ahb_agt.sequencer@@rx_empty [ahb_rxd_rx_empty_sequence] 
# ===== FAILED!!! RX_EMPTY_STATUS is not right =====
# UVM_INFO ./../regmodel/uart_reg2ahb_adapter.sv(42) @ 845654000: reporter [uart_reg2ahb_adapter] bus2reg: address = 0x14 data = 0x6 kind = UVM_READ status = UVM_IS_OK
# UVM_INFO /ictc/other/tools/QuestaDVA/questasim/verilog_src/uvm-1.2/src/reg/uvm_reg_predictor.svh(225) @ 845654000: uvm_test_top.env.ahb_predictor [REG_PREDICT] Observed READ transaction to register regmodel.FSR: value='h6
# UVM_INFO ./../testcases/uart_rxd_interrupt.sv(40) @ 855664000: uvm_test_top [uart_rxd_interrupt] --------------------------------------------------------------
# Name                Type                Size  Value           
# --------------------------------------------------------------
# cfg                 uart_configuration  -     @360            
#   parity_mode       parity_mode_e       32    UART_PARITY_NONE
#   sampling          sampling_mode_e     32    MODE_X13        
#   data_width        integral            32    'h7             
#   num_of_stop_bit   integral            32    'h2             
#   baud_rate         integral            32    'h960           
#   baud_rate_enable  integral            1     'h0             
#   parity_enable     integral            1     'h0             
#   interrupt_enable  integral            1     'h0             
# --------------------------------------------------------------
# 
# UVM_INFO ./../regmodel/uart_reg2ahb_adapter.sv(42) @ 855664000: reporter [uart_reg2ahb_adapter] bus2reg: address = 0x0 data = 0x1 kind = UVM_WRITE status = UVM_IS_OK
# UVM_INFO /ictc/other/tools/QuestaDVA/questasim/verilog_src/uvm-1.2/src/reg/uvm_reg_predictor.svh(221) @ 855664000: uvm_test_top.env.ahb_predictor [REG_PREDICT] Observed WRITE transaction to register regmodel.MDR: value='h1 : updated value = 'h1
# UVM_INFO ./../regmodel/uart_reg2ahb_adapter.sv(42) @ 855664000: reporter [uart_reg2ahb_adapter] bus2reg: address = 0x4 data = 0x85 kind = UVM_WRITE status = UVM_IS_OK
# UVM_INFO /ictc/other/tools/QuestaDVA/questasim/verilog_src/uvm-1.2/src/reg/uvm_reg_predictor.svh(221) @ 855664000: uvm_test_top.env.ahb_predictor [REG_PREDICT] Observed WRITE transaction to register regmodel.DLL: value='h85 : updated value = 'h85
# UVM_INFO ./../regmodel/uart_reg2ahb_adapter.sv(42) @ 855664000: reporter [uart_reg2ahb_adapter] bus2reg: address = 0x8 data = 0xc kind = UVM_WRITE status = UVM_IS_OK
# UVM_INFO /ictc/other/tools/QuestaDVA/questasim/verilog_src/uvm-1.2/src/reg/uvm_reg_predictor.svh(221) @ 855664000: uvm_test_top.env.ahb_predictor [REG_PREDICT] Observed WRITE transaction to register regmodel.DLH: value='hc : updated value = 'hc
# UVM_INFO ./../regmodel/uart_reg2ahb_adapter.sv(42) @ 855664000: reporter [uart_reg2ahb_adapter] bus2reg: address = 0xc data = 0x26 kind = UVM_WRITE status = UVM_IS_OK
# UVM_INFO /ictc/other/tools/QuestaDVA/questasim/verilog_src/uvm-1.2/src/reg/uvm_reg_predictor.svh(221) @ 855664000: uvm_test_top.env.ahb_predictor [REG_PREDICT] Observed WRITE transaction to register regmodel.LCR: value='h26 : updated value = 'h26
# UVM_INFO ./../regmodel/uart_reg2ahb_adapter.sv(42) @ 855664000: reporter [uart_reg2ahb_adapter] bus2reg: address = 0x10 data = 0x8 kind = UVM_WRITE status = UVM_IS_OK
# UVM_INFO /ictc/other/tools/QuestaDVA/questasim/verilog_src/uvm-1.2/src/reg/uvm_reg_predictor.svh(221) @ 855664000: uvm_test_top.env.ahb_predictor [REG_PREDICT] Observed WRITE transaction to register regmodel.IER: value='h8 : updated value = 'h8
# ===== Received Data from IER =====
# UVM_INFO ./../regmodel/uart_reg2ahb_adapter.sv(42) @ 855664000: reporter [uart_reg2ahb_adapter] bus2reg: address = 0x14 data = 0x6 kind = UVM_READ status = UVM_IS_OK
# UVM_INFO /ictc/other/tools/QuestaDVA/questasim/verilog_src/uvm-1.2/src/reg/uvm_reg_predictor.svh(225) @ 855664000: uvm_test_top.env.ahb_predictor [REG_PREDICT] Observed READ transaction to register regmodel.FSR: value='h6
# UVM_ERROR ./../sequences/ahb_rxd_rx_empty_sequence.sv(130) @ 855674000: uvm_test_top.env.ahb_agt.sequencer@@rx_empty [ahb_rxd_rx_empty_sequence] 
# ===== FAILED!!! RX_EMPTY_STATUS is not right =====
# UVM_INFO ./../regmodel/uart_reg2ahb_adapter.sv(42) @ 864004000: reporter [uart_reg2ahb_adapter] bus2reg: address = 0x14 data = 0x6 kind = UVM_READ status = UVM_IS_OK
# UVM_INFO /ictc/other/tools/QuestaDVA/questasim/verilog_src/uvm-1.2/src/reg/uvm_reg_predictor.svh(225) @ 864004000: uvm_test_top.env.ahb_predictor [REG_PREDICT] Observed READ transaction to register regmodel.FSR: value='h6
# UVM_INFO ./../testcases/uart_rxd_interrupt.sv(40) @ 874014000: uvm_test_top [uart_rxd_interrupt] --------------------------------------------------------------
# Name                Type                Size  Value           
# --------------------------------------------------------------
# cfg                 uart_configuration  -     @360            
#   parity_mode       parity_mode_e       32    UART_PARITY_NONE
#   sampling          sampling_mode_e     32    MODE_X16        
#   data_width        integral            32    'h7             
#   num_of_stop_bit   integral            32    'h2             
#   baud_rate         integral            32    'h12c0          
#   baud_rate_enable  integral            1     'h0             
#   parity_enable     integral            1     'h0             
#   interrupt_enable  integral            1     'h0             
# --------------------------------------------------------------
# 
# UVM_INFO ./../regmodel/uart_reg2ahb_adapter.sv(42) @ 874015000: reporter [uart_reg2ahb_adapter] bus2reg: address = 0x0 data = 0x0 kind = UVM_WRITE status = UVM_IS_OK
# UVM_INFO /ictc/other/tools/QuestaDVA/questasim/verilog_src/uvm-1.2/src/reg/uvm_reg_predictor.svh(221) @ 874015000: uvm_test_top.env.ahb_predictor [REG_PREDICT] Observed WRITE transaction to register regmodel.MDR: value='h0 : updated value = 'h0
# UVM_INFO ./../regmodel/uart_reg2ahb_adapter.sv(42) @ 874015000: reporter [uart_reg2ahb_adapter] bus2reg: address = 0x4 data = 0x16 kind = UVM_WRITE status = UVM_IS_OK
# UVM_INFO /ictc/other/tools/QuestaDVA/questasim/verilog_src/uvm-1.2/src/reg/uvm_reg_predictor.svh(221) @ 874015000: uvm_test_top.env.ahb_predictor [REG_PREDICT] Observed WRITE transaction to register regmodel.DLL: value='h16 : updated value = 'h16
# UVM_INFO ./../regmodel/uart_reg2ahb_adapter.sv(42) @ 874015000: reporter [uart_reg2ahb_adapter] bus2reg: address = 0x8 data = 0x5 kind = UVM_WRITE status = UVM_IS_OK
# UVM_INFO /ictc/other/tools/QuestaDVA/questasim/verilog_src/uvm-1.2/src/reg/uvm_reg_predictor.svh(221) @ 874015000: uvm_test_top.env.ahb_predictor [REG_PREDICT] Observed WRITE transaction to register regmodel.DLH: value='h5 : updated value = 'h5
# UVM_INFO ./../regmodel/uart_reg2ahb_adapter.sv(42) @ 874015000: reporter [uart_reg2ahb_adapter] bus2reg: address = 0xc data = 0x26 kind = UVM_WRITE status = UVM_IS_OK
# UVM_INFO /ictc/other/tools/QuestaDVA/questasim/verilog_src/uvm-1.2/src/reg/uvm_reg_predictor.svh(221) @ 874015000: uvm_test_top.env.ahb_predictor [REG_PREDICT] Observed WRITE transaction to register regmodel.LCR: value='h26 : updated value = 'h26
# UVM_INFO ./../regmodel/uart_reg2ahb_adapter.sv(42) @ 874015000: reporter [uart_reg2ahb_adapter] bus2reg: address = 0x10 data = 0x8 kind = UVM_WRITE status = UVM_IS_OK
# UVM_INFO /ictc/other/tools/QuestaDVA/questasim/verilog_src/uvm-1.2/src/reg/uvm_reg_predictor.svh(221) @ 874015000: uvm_test_top.env.ahb_predictor [REG_PREDICT] Observed WRITE transaction to register regmodel.IER: value='h8 : updated value = 'h8
# ===== Received Data from IER =====
# UVM_INFO ./../regmodel/uart_reg2ahb_adapter.sv(42) @ 874015000: reporter [uart_reg2ahb_adapter] bus2reg: address = 0x14 data = 0x6 kind = UVM_READ status = UVM_IS_OK
# UVM_INFO /ictc/other/tools/QuestaDVA/questasim/verilog_src/uvm-1.2/src/reg/uvm_reg_predictor.svh(225) @ 874015000: uvm_test_top.env.ahb_predictor [REG_PREDICT] Observed READ transaction to register regmodel.FSR: value='h6
# UVM_ERROR ./../sequences/ahb_rxd_rx_empty_sequence.sv(130) @ 874025000: uvm_test_top.env.ahb_agt.sequencer@@rx_empty [ahb_rxd_rx_empty_sequence] 
# ===== FAILED!!! RX_EMPTY_STATUS is not right =====
# UVM_INFO ./../regmodel/uart_reg2ahb_adapter.sv(42) @ 878195000: reporter [uart_reg2ahb_adapter] bus2reg: address = 0x14 data = 0x6 kind = UVM_READ status = UVM_IS_OK
# UVM_INFO /ictc/other/tools/QuestaDVA/questasim/verilog_src/uvm-1.2/src/reg/uvm_reg_predictor.svh(225) @ 878195000: uvm_test_top.env.ahb_predictor [REG_PREDICT] Observed READ transaction to register regmodel.FSR: value='h6
# UVM_INFO ./../testcases/uart_rxd_interrupt.sv(40) @ 888205000: uvm_test_top [uart_rxd_interrupt] --------------------------------------------------------------
# Name                Type                Size  Value           
# --------------------------------------------------------------
# cfg                 uart_configuration  -     @360            
#   parity_mode       parity_mode_e       32    UART_PARITY_NONE
#   sampling          sampling_mode_e     32    MODE_X13        
#   data_width        integral            32    'h7             
#   num_of_stop_bit   integral            32    'h2             
#   baud_rate         integral            32    'h12c0          
#   baud_rate_enable  integral            1     'h0             
#   parity_enable     integral            1     'h0             
#   interrupt_enable  integral            1     'h0             
# --------------------------------------------------------------
# 
# UVM_INFO ./../regmodel/uart_reg2ahb_adapter.sv(42) @ 888205000: reporter [uart_reg2ahb_adapter] bus2reg: address = 0x0 data = 0x1 kind = UVM_WRITE status = UVM_IS_OK
# UVM_INFO /ictc/other/tools/QuestaDVA/questasim/verilog_src/uvm-1.2/src/reg/uvm_reg_predictor.svh(221) @ 888205000: uvm_test_top.env.ahb_predictor [REG_PREDICT] Observed WRITE transaction to register regmodel.MDR: value='h1 : updated value = 'h1
# UVM_INFO ./../regmodel/uart_reg2ahb_adapter.sv(42) @ 888205000: reporter [uart_reg2ahb_adapter] bus2reg: address = 0x4 data = 0x42 kind = UVM_WRITE status = UVM_IS_OK
# UVM_INFO /ictc/other/tools/QuestaDVA/questasim/verilog_src/uvm-1.2/src/reg/uvm_reg_predictor.svh(221) @ 888205000: uvm_test_top.env.ahb_predictor [REG_PREDICT] Observed WRITE transaction to register regmodel.DLL: value='h42 : updated value = 'h42
# UVM_INFO ./../regmodel/uart_reg2ahb_adapter.sv(42) @ 888205000: reporter [uart_reg2ahb_adapter] bus2reg: address = 0x8 data = 0x6 kind = UVM_WRITE status = UVM_IS_OK
# UVM_INFO /ictc/other/tools/QuestaDVA/questasim/verilog_src/uvm-1.2/src/reg/uvm_reg_predictor.svh(221) @ 888205000: uvm_test_top.env.ahb_predictor [REG_PREDICT] Observed WRITE transaction to register regmodel.DLH: value='h6 : updated value = 'h6
# UVM_INFO ./../regmodel/uart_reg2ahb_adapter.sv(42) @ 888205000: reporter [uart_reg2ahb_adapter] bus2reg: address = 0xc data = 0x26 kind = UVM_WRITE status = UVM_IS_OK
# UVM_INFO /ictc/other/tools/QuestaDVA/questasim/verilog_src/uvm-1.2/src/reg/uvm_reg_predictor.svh(221) @ 888205000: uvm_test_top.env.ahb_predictor [REG_PREDICT] Observed WRITE transaction to register regmodel.LCR: value='h26 : updated value = 'h26
# UVM_INFO ./../regmodel/uart_reg2ahb_adapter.sv(42) @ 888205000: reporter [uart_reg2ahb_adapter] bus2reg: address = 0x10 data = 0x8 kind = UVM_WRITE status = UVM_IS_OK
# UVM_INFO /ictc/other/tools/QuestaDVA/questasim/verilog_src/uvm-1.2/src/reg/uvm_reg_predictor.svh(221) @ 888205000: uvm_test_top.env.ahb_predictor [REG_PREDICT] Observed WRITE transaction to register regmodel.IER: value='h8 : updated value = 'h8
# ===== Received Data from IER =====
# UVM_INFO ./../regmodel/uart_reg2ahb_adapter.sv(42) @ 888206000: reporter [uart_reg2ahb_adapter] bus2reg: address = 0x14 data = 0x6 kind = UVM_READ status = UVM_IS_OK
# UVM_INFO /ictc/other/tools/QuestaDVA/questasim/verilog_src/uvm-1.2/src/reg/uvm_reg_predictor.svh(225) @ 888206000: uvm_test_top.env.ahb_predictor [REG_PREDICT] Observed READ transaction to register regmodel.FSR: value='h6
# UVM_ERROR ./../sequences/ahb_rxd_rx_empty_sequence.sv(130) @ 888216000: uvm_test_top.env.ahb_agt.sequencer@@rx_empty [ahb_rxd_rx_empty_sequence] 
# ===== FAILED!!! RX_EMPTY_STATUS is not right =====
# UVM_INFO ./../regmodel/uart_reg2ahb_adapter.sv(42) @ 892386000: reporter [uart_reg2ahb_adapter] bus2reg: address = 0x14 data = 0x6 kind = UVM_READ status = UVM_IS_OK
# UVM_INFO /ictc/other/tools/QuestaDVA/questasim/verilog_src/uvm-1.2/src/reg/uvm_reg_predictor.svh(225) @ 892386000: uvm_test_top.env.ahb_predictor [REG_PREDICT] Observed READ transaction to register regmodel.FSR: value='h6
# UVM_INFO ./../testcases/uart_rxd_interrupt.sv(40) @ 902396000: uvm_test_top [uart_rxd_interrupt] --------------------------------------------------------------
# Name                Type                Size  Value           
# --------------------------------------------------------------
# cfg                 uart_configuration  -     @360            
#   parity_mode       parity_mode_e       32    UART_PARITY_NONE
#   sampling          sampling_mode_e     32    MODE_X16        
#   data_width        integral            32    'h7             
#   num_of_stop_bit   integral            32    'h2             
#   baud_rate         integral            32    'h2580          
#   baud_rate_enable  integral            1     'h0             
#   parity_enable     integral            1     'h0             
#   interrupt_enable  integral            1     'h0             
# --------------------------------------------------------------
# 
# UVM_INFO ./../regmodel/uart_reg2ahb_adapter.sv(42) @ 902396000: reporter [uart_reg2ahb_adapter] bus2reg: address = 0x0 data = 0x0 kind = UVM_WRITE status = UVM_IS_OK
# UVM_INFO /ictc/other/tools/QuestaDVA/questasim/verilog_src/uvm-1.2/src/reg/uvm_reg_predictor.svh(221) @ 902396000: uvm_test_top.env.ahb_predictor [REG_PREDICT] Observed WRITE transaction to register regmodel.MDR: value='h0 : updated value = 'h0
# UVM_INFO ./../regmodel/uart_reg2ahb_adapter.sv(42) @ 902396000: reporter [uart_reg2ahb_adapter] bus2reg: address = 0x4 data = 0x8b kind = UVM_WRITE status = UVM_IS_OK
# UVM_INFO /ictc/other/tools/QuestaDVA/questasim/verilog_src/uvm-1.2/src/reg/uvm_reg_predictor.svh(221) @ 902396000: uvm_test_top.env.ahb_predictor [REG_PREDICT] Observed WRITE transaction to register regmodel.DLL: value='h8b : updated value = 'h8b
# UVM_INFO ./../regmodel/uart_reg2ahb_adapter.sv(42) @ 902396000: reporter [uart_reg2ahb_adapter] bus2reg: address = 0x8 data = 0x2 kind = UVM_WRITE status = UVM_IS_OK
# UVM_INFO /ictc/other/tools/QuestaDVA/questasim/verilog_src/uvm-1.2/src/reg/uvm_reg_predictor.svh(221) @ 902396000: uvm_test_top.env.ahb_predictor [REG_PREDICT] Observed WRITE transaction to register regmodel.DLH: value='h2 : updated value = 'h2
# UVM_INFO ./../regmodel/uart_reg2ahb_adapter.sv(42) @ 902396000: reporter [uart_reg2ahb_adapter] bus2reg: address = 0xc data = 0x26 kind = UVM_WRITE status = UVM_IS_OK
# UVM_INFO /ictc/other/tools/QuestaDVA/questasim/verilog_src/uvm-1.2/src/reg/uvm_reg_predictor.svh(221) @ 902396000: uvm_test_top.env.ahb_predictor [REG_PREDICT] Observed WRITE transaction to register regmodel.LCR: value='h26 : updated value = 'h26
# UVM_INFO ./../regmodel/uart_reg2ahb_adapter.sv(42) @ 902396000: reporter [uart_reg2ahb_adapter] bus2reg: address = 0x10 data = 0x8 kind = UVM_WRITE status = UVM_IS_OK
# UVM_INFO /ictc/other/tools/QuestaDVA/questasim/verilog_src/uvm-1.2/src/reg/uvm_reg_predictor.svh(221) @ 902396000: uvm_test_top.env.ahb_predictor [REG_PREDICT] Observed WRITE transaction to register regmodel.IER: value='h8 : updated value = 'h8
# ===== Received Data from IER =====
# UVM_INFO ./../regmodel/uart_reg2ahb_adapter.sv(42) @ 902396000: reporter [uart_reg2ahb_adapter] bus2reg: address = 0x14 data = 0x6 kind = UVM_READ status = UVM_IS_OK
# UVM_INFO /ictc/other/tools/QuestaDVA/questasim/verilog_src/uvm-1.2/src/reg/uvm_reg_predictor.svh(225) @ 902396000: uvm_test_top.env.ahb_predictor [REG_PREDICT] Observed READ transaction to register regmodel.FSR: value='h6
# UVM_ERROR ./../sequences/ahb_rxd_rx_empty_sequence.sv(130) @ 902406000: uvm_test_top.env.ahb_agt.sequencer@@rx_empty [ahb_rxd_rx_empty_sequence] 
# ===== FAILED!!! RX_EMPTY_STATUS is not right =====
# UVM_INFO ./../regmodel/uart_reg2ahb_adapter.sv(42) @ 904486000: reporter [uart_reg2ahb_adapter] bus2reg: address = 0x14 data = 0x6 kind = UVM_READ status = UVM_IS_OK
# UVM_INFO /ictc/other/tools/QuestaDVA/questasim/verilog_src/uvm-1.2/src/reg/uvm_reg_predictor.svh(225) @ 904486000: uvm_test_top.env.ahb_predictor [REG_PREDICT] Observed READ transaction to register regmodel.FSR: value='h6
# UVM_INFO ./../testcases/uart_rxd_interrupt.sv(40) @ 914496000: uvm_test_top [uart_rxd_interrupt] --------------------------------------------------------------
# Name                Type                Size  Value           
# --------------------------------------------------------------
# cfg                 uart_configuration  -     @360            
#   parity_mode       parity_mode_e       32    UART_PARITY_NONE
#   sampling          sampling_mode_e     32    MODE_X13        
#   data_width        integral            32    'h7             
#   num_of_stop_bit   integral            32    'h2             
#   baud_rate         integral            32    'h2580          
#   baud_rate_enable  integral            1     'h0             
#   parity_enable     integral            1     'h0             
#   interrupt_enable  integral            1     'h0             
# --------------------------------------------------------------
# 
# UVM_INFO ./../regmodel/uart_reg2ahb_adapter.sv(42) @ 914496000: reporter [uart_reg2ahb_adapter] bus2reg: address = 0x0 data = 0x1 kind = UVM_WRITE status = UVM_IS_OK
# UVM_INFO /ictc/other/tools/QuestaDVA/questasim/verilog_src/uvm-1.2/src/reg/uvm_reg_predictor.svh(221) @ 914496000: uvm_test_top.env.ahb_predictor [REG_PREDICT] Observed WRITE transaction to register regmodel.MDR: value='h1 : updated value = 'h1
# UVM_INFO ./../regmodel/uart_reg2ahb_adapter.sv(42) @ 914496000: reporter [uart_reg2ahb_adapter] bus2reg: address = 0x4 data = 0x21 kind = UVM_WRITE status = UVM_IS_OK
# UVM_INFO /ictc/other/tools/QuestaDVA/questasim/verilog_src/uvm-1.2/src/reg/uvm_reg_predictor.svh(221) @ 914496000: uvm_test_top.env.ahb_predictor [REG_PREDICT] Observed WRITE transaction to register regmodel.DLL: value='h21 : updated value = 'h21
# UVM_INFO ./../regmodel/uart_reg2ahb_adapter.sv(42) @ 914496000: reporter [uart_reg2ahb_adapter] bus2reg: address = 0x8 data = 0x3 kind = UVM_WRITE status = UVM_IS_OK
# UVM_INFO /ictc/other/tools/QuestaDVA/questasim/verilog_src/uvm-1.2/src/reg/uvm_reg_predictor.svh(221) @ 914496000: uvm_test_top.env.ahb_predictor [REG_PREDICT] Observed WRITE transaction to register regmodel.DLH: value='h3 : updated value = 'h3
# UVM_INFO ./../regmodel/uart_reg2ahb_adapter.sv(42) @ 914496000: reporter [uart_reg2ahb_adapter] bus2reg: address = 0xc data = 0x26 kind = UVM_WRITE status = UVM_IS_OK
# UVM_INFO /ictc/other/tools/QuestaDVA/questasim/verilog_src/uvm-1.2/src/reg/uvm_reg_predictor.svh(221) @ 914496000: uvm_test_top.env.ahb_predictor [REG_PREDICT] Observed WRITE transaction to register regmodel.LCR: value='h26 : updated value = 'h26
# UVM_INFO ./../regmodel/uart_reg2ahb_adapter.sv(42) @ 914497000: reporter [uart_reg2ahb_adapter] bus2reg: address = 0x10 data = 0x8 kind = UVM_WRITE status = UVM_IS_OK
# UVM_INFO /ictc/other/tools/QuestaDVA/questasim/verilog_src/uvm-1.2/src/reg/uvm_reg_predictor.svh(221) @ 914497000: uvm_test_top.env.ahb_predictor [REG_PREDICT] Observed WRITE transaction to register regmodel.IER: value='h8 : updated value = 'h8
# ===== Received Data from IER =====
# UVM_INFO ./../regmodel/uart_reg2ahb_adapter.sv(42) @ 914497000: reporter [uart_reg2ahb_adapter] bus2reg: address = 0x14 data = 0x6 kind = UVM_READ status = UVM_IS_OK
# UVM_INFO /ictc/other/tools/QuestaDVA/questasim/verilog_src/uvm-1.2/src/reg/uvm_reg_predictor.svh(225) @ 914497000: uvm_test_top.env.ahb_predictor [REG_PREDICT] Observed READ transaction to register regmodel.FSR: value='h6
# UVM_ERROR ./../sequences/ahb_rxd_rx_empty_sequence.sv(130) @ 914507000: uvm_test_top.env.ahb_agt.sequencer@@rx_empty [ahb_rxd_rx_empty_sequence] 
# ===== FAILED!!! RX_EMPTY_STATUS is not right =====
# UVM_INFO ./../regmodel/uart_reg2ahb_adapter.sv(42) @ 916587000: reporter [uart_reg2ahb_adapter] bus2reg: address = 0x14 data = 0x6 kind = UVM_READ status = UVM_IS_OK
# UVM_INFO /ictc/other/tools/QuestaDVA/questasim/verilog_src/uvm-1.2/src/reg/uvm_reg_predictor.svh(225) @ 916587000: uvm_test_top.env.ahb_predictor [REG_PREDICT] Observed READ transaction to register regmodel.FSR: value='h6
# UVM_INFO ./../testcases/uart_rxd_interrupt.sv(40) @ 926597000: uvm_test_top [uart_rxd_interrupt] --------------------------------------------------------------
# Name                Type                Size  Value           
# --------------------------------------------------------------
# cfg                 uart_configuration  -     @360            
#   parity_mode       parity_mode_e       32    UART_PARITY_NONE
#   sampling          sampling_mode_e     32    MODE_X16        
#   data_width        integral            32    'h7             
#   num_of_stop_bit   integral            32    'h2             
#   baud_rate         integral            32    'h4b00          
#   baud_rate_enable  integral            1     'h0             
#   parity_enable     integral            1     'h0             
#   interrupt_enable  integral            1     'h0             
# --------------------------------------------------------------
# 
# UVM_INFO ./../regmodel/uart_reg2ahb_adapter.sv(42) @ 926597000: reporter [uart_reg2ahb_adapter] bus2reg: address = 0x0 data = 0x0 kind = UVM_WRITE status = UVM_IS_OK
# UVM_INFO /ictc/other/tools/QuestaDVA/questasim/verilog_src/uvm-1.2/src/reg/uvm_reg_predictor.svh(221) @ 926597000: uvm_test_top.env.ahb_predictor [REG_PREDICT] Observed WRITE transaction to register regmodel.MDR: value='h0 : updated value = 'h0
# UVM_INFO ./../regmodel/uart_reg2ahb_adapter.sv(42) @ 926597000: reporter [uart_reg2ahb_adapter] bus2reg: address = 0x4 data = 0x45 kind = UVM_WRITE status = UVM_IS_OK
# UVM_INFO /ictc/other/tools/QuestaDVA/questasim/verilog_src/uvm-1.2/src/reg/uvm_reg_predictor.svh(221) @ 926597000: uvm_test_top.env.ahb_predictor [REG_PREDICT] Observed WRITE transaction to register regmodel.DLL: value='h45 : updated value = 'h45
# UVM_INFO ./../regmodel/uart_reg2ahb_adapter.sv(42) @ 926597000: reporter [uart_reg2ahb_adapter] bus2reg: address = 0x8 data = 0x1 kind = UVM_WRITE status = UVM_IS_OK
# UVM_INFO /ictc/other/tools/QuestaDVA/questasim/verilog_src/uvm-1.2/src/reg/uvm_reg_predictor.svh(221) @ 926597000: uvm_test_top.env.ahb_predictor [REG_PREDICT] Observed WRITE transaction to register regmodel.DLH: value='h1 : updated value = 'h1
# UVM_INFO ./../regmodel/uart_reg2ahb_adapter.sv(42) @ 926597000: reporter [uart_reg2ahb_adapter] bus2reg: address = 0xc data = 0x26 kind = UVM_WRITE status = UVM_IS_OK
# UVM_INFO /ictc/other/tools/QuestaDVA/questasim/verilog_src/uvm-1.2/src/reg/uvm_reg_predictor.svh(221) @ 926597000: uvm_test_top.env.ahb_predictor [REG_PREDICT] Observed WRITE transaction to register regmodel.LCR: value='h26 : updated value = 'h26
# UVM_INFO ./../regmodel/uart_reg2ahb_adapter.sv(42) @ 926597000: reporter [uart_reg2ahb_adapter] bus2reg: address = 0x10 data = 0x8 kind = UVM_WRITE status = UVM_IS_OK
# UVM_INFO /ictc/other/tools/QuestaDVA/questasim/verilog_src/uvm-1.2/src/reg/uvm_reg_predictor.svh(221) @ 926597000: uvm_test_top.env.ahb_predictor [REG_PREDICT] Observed WRITE transaction to register regmodel.IER: value='h8 : updated value = 'h8
# ===== Received Data from IER =====
# UVM_INFO ./../regmodel/uart_reg2ahb_adapter.sv(42) @ 926597000: reporter [uart_reg2ahb_adapter] bus2reg: address = 0x14 data = 0x6 kind = UVM_READ status = UVM_IS_OK
# UVM_INFO /ictc/other/tools/QuestaDVA/questasim/verilog_src/uvm-1.2/src/reg/uvm_reg_predictor.svh(225) @ 926597000: uvm_test_top.env.ahb_predictor [REG_PREDICT] Observed READ transaction to register regmodel.FSR: value='h6
# UVM_ERROR ./../sequences/ahb_rxd_rx_empty_sequence.sv(130) @ 926607000: uvm_test_top.env.ahb_agt.sequencer@@rx_empty [ahb_rxd_rx_empty_sequence] 
# ===== FAILED!!! RX_EMPTY_STATUS is not right =====
# UVM_INFO ./../regmodel/uart_reg2ahb_adapter.sv(42) @ 927647000: reporter [uart_reg2ahb_adapter] bus2reg: address = 0x14 data = 0x6 kind = UVM_READ status = UVM_IS_OK
# UVM_INFO /ictc/other/tools/QuestaDVA/questasim/verilog_src/uvm-1.2/src/reg/uvm_reg_predictor.svh(225) @ 927647000: uvm_test_top.env.ahb_predictor [REG_PREDICT] Observed READ transaction to register regmodel.FSR: value='h6
# UVM_INFO ./../testcases/uart_rxd_interrupt.sv(40) @ 937657000: uvm_test_top [uart_rxd_interrupt] --------------------------------------------------------------
# Name                Type                Size  Value           
# --------------------------------------------------------------
# cfg                 uart_configuration  -     @360            
#   parity_mode       parity_mode_e       32    UART_PARITY_NONE
#   sampling          sampling_mode_e     32    MODE_X13        
#   data_width        integral            32    'h7             
#   num_of_stop_bit   integral            32    'h2             
#   baud_rate         integral            32    'h4b00          
#   baud_rate_enable  integral            1     'h0             
#   parity_enable     integral            1     'h0             
#   interrupt_enable  integral            1     'h0             
# --------------------------------------------------------------
# 
# UVM_INFO ./../regmodel/uart_reg2ahb_adapter.sv(42) @ 937657000: reporter [uart_reg2ahb_adapter] bus2reg: address = 0x0 data = 0x1 kind = UVM_WRITE status = UVM_IS_OK
# UVM_INFO /ictc/other/tools/QuestaDVA/questasim/verilog_src/uvm-1.2/src/reg/uvm_reg_predictor.svh(221) @ 937657000: uvm_test_top.env.ahb_predictor [REG_PREDICT] Observed WRITE transaction to register regmodel.MDR: value='h1 : updated value = 'h1
# UVM_INFO ./../regmodel/uart_reg2ahb_adapter.sv(42) @ 937657000: reporter [uart_reg2ahb_adapter] bus2reg: address = 0x4 data = 0x91 kind = UVM_WRITE status = UVM_IS_OK
# UVM_INFO /ictc/other/tools/QuestaDVA/questasim/verilog_src/uvm-1.2/src/reg/uvm_reg_predictor.svh(221) @ 937657000: uvm_test_top.env.ahb_predictor [REG_PREDICT] Observed WRITE transaction to register regmodel.DLL: value='h91 : updated value = 'h91
# UVM_INFO ./../regmodel/uart_reg2ahb_adapter.sv(42) @ 937657000: reporter [uart_reg2ahb_adapter] bus2reg: address = 0x8 data = 0x1 kind = UVM_WRITE status = UVM_IS_OK
# UVM_INFO /ictc/other/tools/QuestaDVA/questasim/verilog_src/uvm-1.2/src/reg/uvm_reg_predictor.svh(221) @ 937657000: uvm_test_top.env.ahb_predictor [REG_PREDICT] Observed WRITE transaction to register regmodel.DLH: value='h1 : updated value = 'h1
# UVM_INFO ./../regmodel/uart_reg2ahb_adapter.sv(42) @ 937658000: reporter [uart_reg2ahb_adapter] bus2reg: address = 0xc data = 0x26 kind = UVM_WRITE status = UVM_IS_OK
# UVM_INFO /ictc/other/tools/QuestaDVA/questasim/verilog_src/uvm-1.2/src/reg/uvm_reg_predictor.svh(221) @ 937658000: uvm_test_top.env.ahb_predictor [REG_PREDICT] Observed WRITE transaction to register regmodel.LCR: value='h26 : updated value = 'h26
# UVM_INFO ./../regmodel/uart_reg2ahb_adapter.sv(42) @ 937658000: reporter [uart_reg2ahb_adapter] bus2reg: address = 0x10 data = 0x8 kind = UVM_WRITE status = UVM_IS_OK
# UVM_INFO /ictc/other/tools/QuestaDVA/questasim/verilog_src/uvm-1.2/src/reg/uvm_reg_predictor.svh(221) @ 937658000: uvm_test_top.env.ahb_predictor [REG_PREDICT] Observed WRITE transaction to register regmodel.IER: value='h8 : updated value = 'h8
# ===== Received Data from IER =====
# UVM_INFO ./../regmodel/uart_reg2ahb_adapter.sv(42) @ 937658000: reporter [uart_reg2ahb_adapter] bus2reg: address = 0x14 data = 0x6 kind = UVM_READ status = UVM_IS_OK
# UVM_INFO /ictc/other/tools/QuestaDVA/questasim/verilog_src/uvm-1.2/src/reg/uvm_reg_predictor.svh(225) @ 937658000: uvm_test_top.env.ahb_predictor [REG_PREDICT] Observed READ transaction to register regmodel.FSR: value='h6
# UVM_ERROR ./../sequences/ahb_rxd_rx_empty_sequence.sv(130) @ 937668000: uvm_test_top.env.ahb_agt.sequencer@@rx_empty [ahb_rxd_rx_empty_sequence] 
# ===== FAILED!!! RX_EMPTY_STATUS is not right =====
# UVM_INFO ./../regmodel/uart_reg2ahb_adapter.sv(42) @ 938708000: reporter [uart_reg2ahb_adapter] bus2reg: address = 0x14 data = 0x6 kind = UVM_READ status = UVM_IS_OK
# UVM_INFO /ictc/other/tools/QuestaDVA/questasim/verilog_src/uvm-1.2/src/reg/uvm_reg_predictor.svh(225) @ 938708000: uvm_test_top.env.ahb_predictor [REG_PREDICT] Observed READ transaction to register regmodel.FSR: value='h6
# UVM_INFO ./../testcases/uart_rxd_interrupt.sv(40) @ 948718000: uvm_test_top [uart_rxd_interrupt] --------------------------------------------------------------
# Name                Type                Size  Value           
# --------------------------------------------------------------
# cfg                 uart_configuration  -     @360            
#   parity_mode       parity_mode_e       32    UART_PARITY_NONE
#   sampling          sampling_mode_e     32    MODE_X16        
#   data_width        integral            32    'h7             
#   num_of_stop_bit   integral            32    'h2             
#   baud_rate         integral            32    'h9600          
#   baud_rate_enable  integral            1     'h0             
#   parity_enable     integral            1     'h0             
#   interrupt_enable  integral            1     'h0             
# --------------------------------------------------------------
# 
# UVM_INFO ./../regmodel/uart_reg2ahb_adapter.sv(42) @ 948718000: reporter [uart_reg2ahb_adapter] bus2reg: address = 0x0 data = 0x0 kind = UVM_WRITE status = UVM_IS_OK
# UVM_INFO /ictc/other/tools/QuestaDVA/questasim/verilog_src/uvm-1.2/src/reg/uvm_reg_predictor.svh(221) @ 948718000: uvm_test_top.env.ahb_predictor [REG_PREDICT] Observed WRITE transaction to register regmodel.MDR: value='h0 : updated value = 'h0
# UVM_INFO ./../regmodel/uart_reg2ahb_adapter.sv(42) @ 948718000: reporter [uart_reg2ahb_adapter] bus2reg: address = 0x4 data = 0xa4 kind = UVM_WRITE status = UVM_IS_OK
# UVM_INFO /ictc/other/tools/QuestaDVA/questasim/verilog_src/uvm-1.2/src/reg/uvm_reg_predictor.svh(221) @ 948718000: uvm_test_top.env.ahb_predictor [REG_PREDICT] Observed WRITE transaction to register regmodel.DLL: value='ha4 : updated value = 'ha4
# UVM_INFO ./../regmodel/uart_reg2ahb_adapter.sv(42) @ 948718000: reporter [uart_reg2ahb_adapter] bus2reg: address = 0x8 data = 0x0 kind = UVM_WRITE status = UVM_IS_OK
# UVM_INFO /ictc/other/tools/QuestaDVA/questasim/verilog_src/uvm-1.2/src/reg/uvm_reg_predictor.svh(221) @ 948718000: uvm_test_top.env.ahb_predictor [REG_PREDICT] Observed WRITE transaction to register regmodel.DLH: value='h0 : updated value = 'h0
# UVM_INFO ./../regmodel/uart_reg2ahb_adapter.sv(42) @ 948718000: reporter [uart_reg2ahb_adapter] bus2reg: address = 0xc data = 0x26 kind = UVM_WRITE status = UVM_IS_OK
# UVM_INFO /ictc/other/tools/QuestaDVA/questasim/verilog_src/uvm-1.2/src/reg/uvm_reg_predictor.svh(221) @ 948718000: uvm_test_top.env.ahb_predictor [REG_PREDICT] Observed WRITE transaction to register regmodel.LCR: value='h26 : updated value = 'h26
# UVM_INFO ./../regmodel/uart_reg2ahb_adapter.sv(42) @ 948718000: reporter [uart_reg2ahb_adapter] bus2reg: address = 0x10 data = 0x8 kind = UVM_WRITE status = UVM_IS_OK
# UVM_INFO /ictc/other/tools/QuestaDVA/questasim/verilog_src/uvm-1.2/src/reg/uvm_reg_predictor.svh(221) @ 948718000: uvm_test_top.env.ahb_predictor [REG_PREDICT] Observed WRITE transaction to register regmodel.IER: value='h8 : updated value = 'h8
# ===== Received Data from IER =====
# UVM_INFO ./../regmodel/uart_reg2ahb_adapter.sv(42) @ 948718000: reporter [uart_reg2ahb_adapter] bus2reg: address = 0x14 data = 0x6 kind = UVM_READ status = UVM_IS_OK
# UVM_INFO /ictc/other/tools/QuestaDVA/questasim/verilog_src/uvm-1.2/src/reg/uvm_reg_predictor.svh(225) @ 948718000: uvm_test_top.env.ahb_predictor [REG_PREDICT] Observed READ transaction to register regmodel.FSR: value='h6
# UVM_ERROR ./../sequences/ahb_rxd_rx_empty_sequence.sv(130) @ 948728000: uvm_test_top.env.ahb_agt.sequencer@@rx_empty [ahb_rxd_rx_empty_sequence] 
# ===== FAILED!!! RX_EMPTY_STATUS is not right =====
# UVM_INFO ./../regmodel/uart_reg2ahb_adapter.sv(42) @ 949248000: reporter [uart_reg2ahb_adapter] bus2reg: address = 0x14 data = 0x6 kind = UVM_READ status = UVM_IS_OK
# UVM_INFO /ictc/other/tools/QuestaDVA/questasim/verilog_src/uvm-1.2/src/reg/uvm_reg_predictor.svh(225) @ 949248000: uvm_test_top.env.ahb_predictor [REG_PREDICT] Observed READ transaction to register regmodel.FSR: value='h6
# UVM_INFO ./../testcases/uart_rxd_interrupt.sv(40) @ 959258000: uvm_test_top [uart_rxd_interrupt] --------------------------------------------------------------
# Name                Type                Size  Value           
# --------------------------------------------------------------
# cfg                 uart_configuration  -     @360            
#   parity_mode       parity_mode_e       32    UART_PARITY_NONE
#   sampling          sampling_mode_e     32    MODE_X13        
#   data_width        integral            32    'h7             
#   num_of_stop_bit   integral            32    'h2             
#   baud_rate         integral            32    'h9600          
#   baud_rate_enable  integral            1     'h0             
#   parity_enable     integral            1     'h0             
#   interrupt_enable  integral            1     'h0             
# --------------------------------------------------------------
# 
# UVM_INFO ./../regmodel/uart_reg2ahb_adapter.sv(42) @ 959258000: reporter [uart_reg2ahb_adapter] bus2reg: address = 0x0 data = 0x1 kind = UVM_WRITE status = UVM_IS_OK
# UVM_INFO /ictc/other/tools/QuestaDVA/questasim/verilog_src/uvm-1.2/src/reg/uvm_reg_predictor.svh(221) @ 959258000: uvm_test_top.env.ahb_predictor [REG_PREDICT] Observed WRITE transaction to register regmodel.MDR: value='h1 : updated value = 'h1
# UVM_INFO ./../regmodel/uart_reg2ahb_adapter.sv(42) @ 959259000: reporter [uart_reg2ahb_adapter] bus2reg: address = 0x4 data = 0xc8 kind = UVM_WRITE status = UVM_IS_OK
# UVM_INFO /ictc/other/tools/QuestaDVA/questasim/verilog_src/uvm-1.2/src/reg/uvm_reg_predictor.svh(221) @ 959259000: uvm_test_top.env.ahb_predictor [REG_PREDICT] Observed WRITE transaction to register regmodel.DLL: value='hc8 : updated value = 'hc8
# UVM_INFO ./../regmodel/uart_reg2ahb_adapter.sv(42) @ 959259000: reporter [uart_reg2ahb_adapter] bus2reg: address = 0x8 data = 0x0 kind = UVM_WRITE status = UVM_IS_OK
# UVM_INFO /ictc/other/tools/QuestaDVA/questasim/verilog_src/uvm-1.2/src/reg/uvm_reg_predictor.svh(221) @ 959259000: uvm_test_top.env.ahb_predictor [REG_PREDICT] Observed WRITE transaction to register regmodel.DLH: value='h0 : updated value = 'h0
# UVM_INFO ./../regmodel/uart_reg2ahb_adapter.sv(42) @ 959259000: reporter [uart_reg2ahb_adapter] bus2reg: address = 0xc data = 0x26 kind = UVM_WRITE status = UVM_IS_OK
# UVM_INFO /ictc/other/tools/QuestaDVA/questasim/verilog_src/uvm-1.2/src/reg/uvm_reg_predictor.svh(221) @ 959259000: uvm_test_top.env.ahb_predictor [REG_PREDICT] Observed WRITE transaction to register regmodel.LCR: value='h26 : updated value = 'h26
# UVM_INFO ./../regmodel/uart_reg2ahb_adapter.sv(42) @ 959259000: reporter [uart_reg2ahb_adapter] bus2reg: address = 0x10 data = 0x8 kind = UVM_WRITE status = UVM_IS_OK
# UVM_INFO /ictc/other/tools/QuestaDVA/questasim/verilog_src/uvm-1.2/src/reg/uvm_reg_predictor.svh(221) @ 959259000: uvm_test_top.env.ahb_predictor [REG_PREDICT] Observed WRITE transaction to register regmodel.IER: value='h8 : updated value = 'h8
# ===== Received Data from IER =====
# UVM_INFO ./../regmodel/uart_reg2ahb_adapter.sv(42) @ 959259000: reporter [uart_reg2ahb_adapter] bus2reg: address = 0x14 data = 0x6 kind = UVM_READ status = UVM_IS_OK
# UVM_INFO /ictc/other/tools/QuestaDVA/questasim/verilog_src/uvm-1.2/src/reg/uvm_reg_predictor.svh(225) @ 959259000: uvm_test_top.env.ahb_predictor [REG_PREDICT] Observed READ transaction to register regmodel.FSR: value='h6
# UVM_ERROR ./../sequences/ahb_rxd_rx_empty_sequence.sv(130) @ 959269000: uvm_test_top.env.ahb_agt.sequencer@@rx_empty [ahb_rxd_rx_empty_sequence] 
# ===== FAILED!!! RX_EMPTY_STATUS is not right =====
# UVM_INFO ./../regmodel/uart_reg2ahb_adapter.sv(42) @ 959789000: reporter [uart_reg2ahb_adapter] bus2reg: address = 0x14 data = 0x6 kind = UVM_READ status = UVM_IS_OK
# UVM_INFO /ictc/other/tools/QuestaDVA/questasim/verilog_src/uvm-1.2/src/reg/uvm_reg_predictor.svh(225) @ 959789000: uvm_test_top.env.ahb_predictor [REG_PREDICT] Observed READ transaction to register regmodel.FSR: value='h6
# UVM_INFO ./../testcases/uart_rxd_interrupt.sv(40) @ 969799000: uvm_test_top [uart_rxd_interrupt] --------------------------------------------------------------
# Name                Type                Size  Value           
# --------------------------------------------------------------
# cfg                 uart_configuration  -     @360            
#   parity_mode       parity_mode_e       32    UART_PARITY_NONE
#   sampling          sampling_mode_e     32    MODE_X16        
#   data_width        integral            32    'h7             
#   num_of_stop_bit   integral            32    'h2             
#   baud_rate         integral            32    'h12c00         
#   baud_rate_enable  integral            1     'h0             
#   parity_enable     integral            1     'h0             
#   interrupt_enable  integral            1     'h0             
# --------------------------------------------------------------
# 
# UVM_INFO ./../regmodel/uart_reg2ahb_adapter.sv(42) @ 969799000: reporter [uart_reg2ahb_adapter] bus2reg: address = 0x0 data = 0x0 kind = UVM_WRITE status = UVM_IS_OK
# UVM_INFO /ictc/other/tools/QuestaDVA/questasim/verilog_src/uvm-1.2/src/reg/uvm_reg_predictor.svh(221) @ 969799000: uvm_test_top.env.ahb_predictor [REG_PREDICT] Observed WRITE transaction to register regmodel.MDR: value='h0 : updated value = 'h0
# UVM_INFO ./../regmodel/uart_reg2ahb_adapter.sv(42) @ 969799000: reporter [uart_reg2ahb_adapter] bus2reg: address = 0x4 data = 0x51 kind = UVM_WRITE status = UVM_IS_OK
# UVM_INFO /ictc/other/tools/QuestaDVA/questasim/verilog_src/uvm-1.2/src/reg/uvm_reg_predictor.svh(221) @ 969799000: uvm_test_top.env.ahb_predictor [REG_PREDICT] Observed WRITE transaction to register regmodel.DLL: value='h51 : updated value = 'h51
# UVM_INFO ./../regmodel/uart_reg2ahb_adapter.sv(42) @ 969799000: reporter [uart_reg2ahb_adapter] bus2reg: address = 0x8 data = 0x0 kind = UVM_WRITE status = UVM_IS_OK
# UVM_INFO /ictc/other/tools/QuestaDVA/questasim/verilog_src/uvm-1.2/src/reg/uvm_reg_predictor.svh(221) @ 969799000: uvm_test_top.env.ahb_predictor [REG_PREDICT] Observed WRITE transaction to register regmodel.DLH: value='h0 : updated value = 'h0
# UVM_INFO ./../regmodel/uart_reg2ahb_adapter.sv(42) @ 969799000: reporter [uart_reg2ahb_adapter] bus2reg: address = 0xc data = 0x26 kind = UVM_WRITE status = UVM_IS_OK
# UVM_INFO /ictc/other/tools/QuestaDVA/questasim/verilog_src/uvm-1.2/src/reg/uvm_reg_predictor.svh(221) @ 969799000: uvm_test_top.env.ahb_predictor [REG_PREDICT] Observed WRITE transaction to register regmodel.LCR: value='h26 : updated value = 'h26
# UVM_INFO ./../regmodel/uart_reg2ahb_adapter.sv(42) @ 969799000: reporter [uart_reg2ahb_adapter] bus2reg: address = 0x10 data = 0x8 kind = UVM_WRITE status = UVM_IS_OK
# UVM_INFO /ictc/other/tools/QuestaDVA/questasim/verilog_src/uvm-1.2/src/reg/uvm_reg_predictor.svh(221) @ 969799000: uvm_test_top.env.ahb_predictor [REG_PREDICT] Observed WRITE transaction to register regmodel.IER: value='h8 : updated value = 'h8
# ===== Received Data from IER =====
# UVM_INFO ./../regmodel/uart_reg2ahb_adapter.sv(42) @ 969799000: reporter [uart_reg2ahb_adapter] bus2reg: address = 0x14 data = 0x6 kind = UVM_READ status = UVM_IS_OK
# UVM_INFO /ictc/other/tools/QuestaDVA/questasim/verilog_src/uvm-1.2/src/reg/uvm_reg_predictor.svh(225) @ 969799000: uvm_test_top.env.ahb_predictor [REG_PREDICT] Observed READ transaction to register regmodel.FSR: value='h6
# UVM_ERROR ./../sequences/ahb_rxd_rx_empty_sequence.sv(130) @ 969809000: uvm_test_top.env.ahb_agt.sequencer@@rx_empty [ahb_rxd_rx_empty_sequence] 
# ===== FAILED!!! RX_EMPTY_STATUS is not right =====
# UVM_INFO ./../regmodel/uart_reg2ahb_adapter.sv(42) @ 970070000: reporter [uart_reg2ahb_adapter] bus2reg: address = 0x14 data = 0x6 kind = UVM_READ status = UVM_IS_OK
# UVM_INFO /ictc/other/tools/QuestaDVA/questasim/verilog_src/uvm-1.2/src/reg/uvm_reg_predictor.svh(225) @ 970070000: uvm_test_top.env.ahb_predictor [REG_PREDICT] Observed READ transaction to register regmodel.FSR: value='h6
# UVM_INFO ./../testcases/uart_rxd_interrupt.sv(40) @ 980080000: uvm_test_top [uart_rxd_interrupt] --------------------------------------------------------------
# Name                Type                Size  Value           
# --------------------------------------------------------------
# cfg                 uart_configuration  -     @360            
#   parity_mode       parity_mode_e       32    UART_PARITY_NONE
#   sampling          sampling_mode_e     32    MODE_X13        
#   data_width        integral            32    'h7             
#   num_of_stop_bit   integral            32    'h2             
#   baud_rate         integral            32    'h12c00         
#   baud_rate_enable  integral            1     'h0             
#   parity_enable     integral            1     'h0             
#   interrupt_enable  integral            1     'h0             
# --------------------------------------------------------------
# 
# UVM_INFO ./../regmodel/uart_reg2ahb_adapter.sv(42) @ 980080000: reporter [uart_reg2ahb_adapter] bus2reg: address = 0x0 data = 0x1 kind = UVM_WRITE status = UVM_IS_OK
# UVM_INFO /ictc/other/tools/QuestaDVA/questasim/verilog_src/uvm-1.2/src/reg/uvm_reg_predictor.svh(221) @ 980080000: uvm_test_top.env.ahb_predictor [REG_PREDICT] Observed WRITE transaction to register regmodel.MDR: value='h1 : updated value = 'h1
# UVM_INFO ./../regmodel/uart_reg2ahb_adapter.sv(42) @ 980080000: reporter [uart_reg2ahb_adapter] bus2reg: address = 0x4 data = 0x64 kind = UVM_WRITE status = UVM_IS_OK
# UVM_INFO /ictc/other/tools/QuestaDVA/questasim/verilog_src/uvm-1.2/src/reg/uvm_reg_predictor.svh(221) @ 980080000: uvm_test_top.env.ahb_predictor [REG_PREDICT] Observed WRITE transaction to register regmodel.DLL: value='h64 : updated value = 'h64
# UVM_INFO ./../regmodel/uart_reg2ahb_adapter.sv(42) @ 980080000: reporter [uart_reg2ahb_adapter] bus2reg: address = 0x8 data = 0x0 kind = UVM_WRITE status = UVM_IS_OK
# UVM_INFO /ictc/other/tools/QuestaDVA/questasim/verilog_src/uvm-1.2/src/reg/uvm_reg_predictor.svh(221) @ 980080000: uvm_test_top.env.ahb_predictor [REG_PREDICT] Observed WRITE transaction to register regmodel.DLH: value='h0 : updated value = 'h0
# UVM_INFO ./../regmodel/uart_reg2ahb_adapter.sv(42) @ 980080000: reporter [uart_reg2ahb_adapter] bus2reg: address = 0xc data = 0x26 kind = UVM_WRITE status = UVM_IS_OK
# UVM_INFO /ictc/other/tools/QuestaDVA/questasim/verilog_src/uvm-1.2/src/reg/uvm_reg_predictor.svh(221) @ 980080000: uvm_test_top.env.ahb_predictor [REG_PREDICT] Observed WRITE transaction to register regmodel.LCR: value='h26 : updated value = 'h26
# UVM_INFO ./../regmodel/uart_reg2ahb_adapter.sv(42) @ 980080000: reporter [uart_reg2ahb_adapter] bus2reg: address = 0x10 data = 0x8 kind = UVM_WRITE status = UVM_IS_OK
# UVM_INFO /ictc/other/tools/QuestaDVA/questasim/verilog_src/uvm-1.2/src/reg/uvm_reg_predictor.svh(221) @ 980080000: uvm_test_top.env.ahb_predictor [REG_PREDICT] Observed WRITE transaction to register regmodel.IER: value='h8 : updated value = 'h8
# ===== Received Data from IER =====
# UVM_INFO ./../regmodel/uart_reg2ahb_adapter.sv(42) @ 980080000: reporter [uart_reg2ahb_adapter] bus2reg: address = 0x14 data = 0x6 kind = UVM_READ status = UVM_IS_OK
# UVM_INFO /ictc/other/tools/QuestaDVA/questasim/verilog_src/uvm-1.2/src/reg/uvm_reg_predictor.svh(225) @ 980080000: uvm_test_top.env.ahb_predictor [REG_PREDICT] Observed READ transaction to register regmodel.FSR: value='h6
# UVM_ERROR ./../sequences/ahb_rxd_rx_empty_sequence.sv(130) @ 980090000: uvm_test_top.env.ahb_agt.sequencer@@rx_empty [ahb_rxd_rx_empty_sequence] 
# ===== FAILED!!! RX_EMPTY_STATUS is not right =====
# UVM_INFO ./../regmodel/uart_reg2ahb_adapter.sv(42) @ 980350000: reporter [uart_reg2ahb_adapter] bus2reg: address = 0x14 data = 0x6 kind = UVM_READ status = UVM_IS_OK
# UVM_INFO /ictc/other/tools/QuestaDVA/questasim/verilog_src/uvm-1.2/src/reg/uvm_reg_predictor.svh(225) @ 980350000: uvm_test_top.env.ahb_predictor [REG_PREDICT] Observed READ transaction to register regmodel.FSR: value='h6
# UVM_INFO ./../testcases/uart_rxd_interrupt.sv(40) @ 990360000: uvm_test_top [uart_rxd_interrupt] --------------------------------------------------------------
# Name                Type                Size  Value           
# --------------------------------------------------------------
# cfg                 uart_configuration  -     @360            
#   parity_mode       parity_mode_e       32    UART_PARITY_NONE
#   sampling          sampling_mode_e     32    MODE_X16        
#   data_width        integral            32    'h7             
#   num_of_stop_bit   integral            32    'h2             
#   baud_rate         integral            32    'h1c200         
#   baud_rate_enable  integral            1     'h0             
#   parity_enable     integral            1     'h0             
#   interrupt_enable  integral            1     'h0             
# --------------------------------------------------------------
# 
# UVM_INFO ./../regmodel/uart_reg2ahb_adapter.sv(42) @ 990360000: reporter [uart_reg2ahb_adapter] bus2reg: address = 0x0 data = 0x0 kind = UVM_WRITE status = UVM_IS_OK
# UVM_INFO /ictc/other/tools/QuestaDVA/questasim/verilog_src/uvm-1.2/src/reg/uvm_reg_predictor.svh(221) @ 990360000: uvm_test_top.env.ahb_predictor [REG_PREDICT] Observed WRITE transaction to register regmodel.MDR: value='h0 : updated value = 'h0
# UVM_INFO ./../regmodel/uart_reg2ahb_adapter.sv(42) @ 990360000: reporter [uart_reg2ahb_adapter] bus2reg: address = 0x4 data = 0x36 kind = UVM_WRITE status = UVM_IS_OK
# UVM_INFO /ictc/other/tools/QuestaDVA/questasim/verilog_src/uvm-1.2/src/reg/uvm_reg_predictor.svh(221) @ 990360000: uvm_test_top.env.ahb_predictor [REG_PREDICT] Observed WRITE transaction to register regmodel.DLL: value='h36 : updated value = 'h36
# UVM_INFO ./../regmodel/uart_reg2ahb_adapter.sv(42) @ 990360000: reporter [uart_reg2ahb_adapter] bus2reg: address = 0x8 data = 0x0 kind = UVM_WRITE status = UVM_IS_OK
# UVM_INFO /ictc/other/tools/QuestaDVA/questasim/verilog_src/uvm-1.2/src/reg/uvm_reg_predictor.svh(221) @ 990360000: uvm_test_top.env.ahb_predictor [REG_PREDICT] Observed WRITE transaction to register regmodel.DLH: value='h0 : updated value = 'h0
# UVM_INFO ./../regmodel/uart_reg2ahb_adapter.sv(42) @ 990360000: reporter [uart_reg2ahb_adapter] bus2reg: address = 0xc data = 0x26 kind = UVM_WRITE status = UVM_IS_OK
# UVM_INFO /ictc/other/tools/QuestaDVA/questasim/verilog_src/uvm-1.2/src/reg/uvm_reg_predictor.svh(221) @ 990360000: uvm_test_top.env.ahb_predictor [REG_PREDICT] Observed WRITE transaction to register regmodel.LCR: value='h26 : updated value = 'h26
# UVM_INFO ./../regmodel/uart_reg2ahb_adapter.sv(42) @ 990360000: reporter [uart_reg2ahb_adapter] bus2reg: address = 0x10 data = 0x8 kind = UVM_WRITE status = UVM_IS_OK
# UVM_INFO /ictc/other/tools/QuestaDVA/questasim/verilog_src/uvm-1.2/src/reg/uvm_reg_predictor.svh(221) @ 990360000: uvm_test_top.env.ahb_predictor [REG_PREDICT] Observed WRITE transaction to register regmodel.IER: value='h8 : updated value = 'h8
# ===== Received Data from IER =====
# UVM_INFO ./../regmodel/uart_reg2ahb_adapter.sv(42) @ 990361000: reporter [uart_reg2ahb_adapter] bus2reg: address = 0x14 data = 0x6 kind = UVM_READ status = UVM_IS_OK
# UVM_INFO /ictc/other/tools/QuestaDVA/questasim/verilog_src/uvm-1.2/src/reg/uvm_reg_predictor.svh(225) @ 990361000: uvm_test_top.env.ahb_predictor [REG_PREDICT] Observed READ transaction to register regmodel.FSR: value='h6
# UVM_ERROR ./../sequences/ahb_rxd_rx_empty_sequence.sv(130) @ 990371000: uvm_test_top.env.ahb_agt.sequencer@@rx_empty [ahb_rxd_rx_empty_sequence] 
# ===== FAILED!!! RX_EMPTY_STATUS is not right =====
# UVM_INFO ./../regmodel/uart_reg2ahb_adapter.sv(42) @ 990541000: reporter [uart_reg2ahb_adapter] bus2reg: address = 0x14 data = 0x6 kind = UVM_READ status = UVM_IS_OK
# UVM_INFO /ictc/other/tools/QuestaDVA/questasim/verilog_src/uvm-1.2/src/reg/uvm_reg_predictor.svh(225) @ 990541000: uvm_test_top.env.ahb_predictor [REG_PREDICT] Observed READ transaction to register regmodel.FSR: value='h6
# UVM_INFO ./../testcases/uart_rxd_interrupt.sv(40) @ 1000551000: uvm_test_top [uart_rxd_interrupt] --------------------------------------------------------------
# Name                Type                Size  Value           
# --------------------------------------------------------------
# cfg                 uart_configuration  -     @360            
#   parity_mode       parity_mode_e       32    UART_PARITY_NONE
#   sampling          sampling_mode_e     32    MODE_X13        
#   data_width        integral            32    'h7             
#   num_of_stop_bit   integral            32    'h2             
#   baud_rate         integral            32    'h1c200         
#   baud_rate_enable  integral            1     'h0             
#   parity_enable     integral            1     'h0             
#   interrupt_enable  integral            1     'h0             
# --------------------------------------------------------------
# 
# UVM_INFO ./../regmodel/uart_reg2ahb_adapter.sv(42) @ 1000551000: reporter [uart_reg2ahb_adapter] bus2reg: address = 0x0 data = 0x1 kind = UVM_WRITE status = UVM_IS_OK
# UVM_INFO /ictc/other/tools/QuestaDVA/questasim/verilog_src/uvm-1.2/src/reg/uvm_reg_predictor.svh(221) @ 1000551000: uvm_test_top.env.ahb_predictor [REG_PREDICT] Observed WRITE transaction to register regmodel.MDR: value='h1 : updated value = 'h1
# UVM_INFO ./../regmodel/uart_reg2ahb_adapter.sv(42) @ 1000551000: reporter [uart_reg2ahb_adapter] bus2reg: address = 0x4 data = 0x43 kind = UVM_WRITE status = UVM_IS_OK
# UVM_INFO /ictc/other/tools/QuestaDVA/questasim/verilog_src/uvm-1.2/src/reg/uvm_reg_predictor.svh(221) @ 1000551000: uvm_test_top.env.ahb_predictor [REG_PREDICT] Observed WRITE transaction to register regmodel.DLL: value='h43 : updated value = 'h43
# UVM_INFO ./../regmodel/uart_reg2ahb_adapter.sv(42) @ 1000551000: reporter [uart_reg2ahb_adapter] bus2reg: address = 0x8 data = 0x0 kind = UVM_WRITE status = UVM_IS_OK
# UVM_INFO /ictc/other/tools/QuestaDVA/questasim/verilog_src/uvm-1.2/src/reg/uvm_reg_predictor.svh(221) @ 1000551000: uvm_test_top.env.ahb_predictor [REG_PREDICT] Observed WRITE transaction to register regmodel.DLH: value='h0 : updated value = 'h0
# UVM_INFO ./../regmodel/uart_reg2ahb_adapter.sv(42) @ 1000551000: reporter [uart_reg2ahb_adapter] bus2reg: address = 0xc data = 0x26 kind = UVM_WRITE status = UVM_IS_OK
# UVM_INFO /ictc/other/tools/QuestaDVA/questasim/verilog_src/uvm-1.2/src/reg/uvm_reg_predictor.svh(221) @ 1000551000: uvm_test_top.env.ahb_predictor [REG_PREDICT] Observed WRITE transaction to register regmodel.LCR: value='h26 : updated value = 'h26
# UVM_INFO ./../regmodel/uart_reg2ahb_adapter.sv(42) @ 1000551000: reporter [uart_reg2ahb_adapter] bus2reg: address = 0x10 data = 0x8 kind = UVM_WRITE status = UVM_IS_OK
# UVM_INFO /ictc/other/tools/QuestaDVA/questasim/verilog_src/uvm-1.2/src/reg/uvm_reg_predictor.svh(221) @ 1000551000: uvm_test_top.env.ahb_predictor [REG_PREDICT] Observed WRITE transaction to register regmodel.IER: value='h8 : updated value = 'h8
# ===== Received Data from IER =====
# UVM_INFO ./../regmodel/uart_reg2ahb_adapter.sv(42) @ 1000551000: reporter [uart_reg2ahb_adapter] bus2reg: address = 0x14 data = 0x6 kind = UVM_READ status = UVM_IS_OK
# UVM_INFO /ictc/other/tools/QuestaDVA/questasim/verilog_src/uvm-1.2/src/reg/uvm_reg_predictor.svh(225) @ 1000551000: uvm_test_top.env.ahb_predictor [REG_PREDICT] Observed READ transaction to register regmodel.FSR: value='h6
# UVM_ERROR ./../sequences/ahb_rxd_rx_empty_sequence.sv(130) @ 1000561000: uvm_test_top.env.ahb_agt.sequencer@@rx_empty [ahb_rxd_rx_empty_sequence] 
# ===== FAILED!!! RX_EMPTY_STATUS is not right =====
# UVM_INFO ./../regmodel/uart_reg2ahb_adapter.sv(42) @ 1000731000: reporter [uart_reg2ahb_adapter] bus2reg: address = 0x14 data = 0x6 kind = UVM_READ status = UVM_IS_OK
# UVM_INFO /ictc/other/tools/QuestaDVA/questasim/verilog_src/uvm-1.2/src/reg/uvm_reg_predictor.svh(225) @ 1000731000: uvm_test_top.env.ahb_predictor [REG_PREDICT] Observed READ transaction to register regmodel.FSR: value='h6
# UVM_INFO ./../testcases/uart_rxd_interrupt.sv(40) @ 1010741000: uvm_test_top [uart_rxd_interrupt] --------------------------------------------------------------
# Name                Type                Size  Value           
# --------------------------------------------------------------
# cfg                 uart_configuration  -     @360            
#   parity_mode       parity_mode_e       32    UART_PARITY_NONE
#   sampling          sampling_mode_e     32    MODE_X16        
#   data_width        integral            32    'h8             
#   num_of_stop_bit   integral            32    'h1             
#   baud_rate         integral            32    'h960           
#   baud_rate_enable  integral            1     'h0             
#   parity_enable     integral            1     'h0             
#   interrupt_enable  integral            1     'h0             
# --------------------------------------------------------------
# 
# UVM_INFO ./../regmodel/uart_reg2ahb_adapter.sv(42) @ 1010741000: reporter [uart_reg2ahb_adapter] bus2reg: address = 0x0 data = 0x0 kind = UVM_WRITE status = UVM_IS_OK
# UVM_INFO /ictc/other/tools/QuestaDVA/questasim/verilog_src/uvm-1.2/src/reg/uvm_reg_predictor.svh(221) @ 1010741000: uvm_test_top.env.ahb_predictor [REG_PREDICT] Observed WRITE transaction to register regmodel.MDR: value='h0 : updated value = 'h0
# UVM_INFO ./../regmodel/uart_reg2ahb_adapter.sv(42) @ 1010741000: reporter [uart_reg2ahb_adapter] bus2reg: address = 0x4 data = 0x2c kind = UVM_WRITE status = UVM_IS_OK
# UVM_INFO /ictc/other/tools/QuestaDVA/questasim/verilog_src/uvm-1.2/src/reg/uvm_reg_predictor.svh(221) @ 1010741000: uvm_test_top.env.ahb_predictor [REG_PREDICT] Observed WRITE transaction to register regmodel.DLL: value='h2c : updated value = 'h2c
# UVM_INFO ./../regmodel/uart_reg2ahb_adapter.sv(42) @ 1010741000: reporter [uart_reg2ahb_adapter] bus2reg: address = 0x8 data = 0xa kind = UVM_WRITE status = UVM_IS_OK
# UVM_INFO /ictc/other/tools/QuestaDVA/questasim/verilog_src/uvm-1.2/src/reg/uvm_reg_predictor.svh(221) @ 1010741000: uvm_test_top.env.ahb_predictor [REG_PREDICT] Observed WRITE transaction to register regmodel.DLH: value='ha : updated value = 'ha
# UVM_INFO ./../regmodel/uart_reg2ahb_adapter.sv(42) @ 1010741000: reporter [uart_reg2ahb_adapter] bus2reg: address = 0xc data = 0x23 kind = UVM_WRITE status = UVM_IS_OK
# UVM_INFO /ictc/other/tools/QuestaDVA/questasim/verilog_src/uvm-1.2/src/reg/uvm_reg_predictor.svh(221) @ 1010741000: uvm_test_top.env.ahb_predictor [REG_PREDICT] Observed WRITE transaction to register regmodel.LCR: value='h23 : updated value = 'h23
# UVM_INFO ./../regmodel/uart_reg2ahb_adapter.sv(42) @ 1010742000: reporter [uart_reg2ahb_adapter] bus2reg: address = 0x10 data = 0x8 kind = UVM_WRITE status = UVM_IS_OK
# UVM_INFO /ictc/other/tools/QuestaDVA/questasim/verilog_src/uvm-1.2/src/reg/uvm_reg_predictor.svh(221) @ 1010742000: uvm_test_top.env.ahb_predictor [REG_PREDICT] Observed WRITE transaction to register regmodel.IER: value='h8 : updated value = 'h8
# ===== Received Data from IER =====
# UVM_INFO ./../regmodel/uart_reg2ahb_adapter.sv(42) @ 1010742000: reporter [uart_reg2ahb_adapter] bus2reg: address = 0x14 data = 0x6 kind = UVM_READ status = UVM_IS_OK
# UVM_INFO /ictc/other/tools/QuestaDVA/questasim/verilog_src/uvm-1.2/src/reg/uvm_reg_predictor.svh(225) @ 1010742000: uvm_test_top.env.ahb_predictor [REG_PREDICT] Observed READ transaction to register regmodel.FSR: value='h6
# UVM_ERROR ./../sequences/ahb_rxd_rx_empty_sequence.sv(130) @ 1010752000: uvm_test_top.env.ahb_agt.sequencer@@rx_empty [ahb_rxd_rx_empty_sequence] 
# ===== FAILED!!! RX_EMPTY_STATUS is not right =====
# UVM_INFO ./../regmodel/uart_reg2ahb_adapter.sv(42) @ 1019082000: reporter [uart_reg2ahb_adapter] bus2reg: address = 0x14 data = 0x6 kind = UVM_READ status = UVM_IS_OK
# UVM_INFO /ictc/other/tools/QuestaDVA/questasim/verilog_src/uvm-1.2/src/reg/uvm_reg_predictor.svh(225) @ 1019082000: uvm_test_top.env.ahb_predictor [REG_PREDICT] Observed READ transaction to register regmodel.FSR: value='h6
# UVM_INFO ./../testcases/uart_rxd_interrupt.sv(40) @ 1029092000: uvm_test_top [uart_rxd_interrupt] --------------------------------------------------------------
# Name                Type                Size  Value           
# --------------------------------------------------------------
# cfg                 uart_configuration  -     @360            
#   parity_mode       parity_mode_e       32    UART_PARITY_NONE
#   sampling          sampling_mode_e     32    MODE_X13        
#   data_width        integral            32    'h8             
#   num_of_stop_bit   integral            32    'h1             
#   baud_rate         integral            32    'h960           
#   baud_rate_enable  integral            1     'h0             
#   parity_enable     integral            1     'h0             
#   interrupt_enable  integral            1     'h0             
# --------------------------------------------------------------
# 
# UVM_INFO ./../regmodel/uart_reg2ahb_adapter.sv(42) @ 1029092000: reporter [uart_reg2ahb_adapter] bus2reg: address = 0x0 data = 0x1 kind = UVM_WRITE status = UVM_IS_OK
# UVM_INFO /ictc/other/tools/QuestaDVA/questasim/verilog_src/uvm-1.2/src/reg/uvm_reg_predictor.svh(221) @ 1029092000: uvm_test_top.env.ahb_predictor [REG_PREDICT] Observed WRITE transaction to register regmodel.MDR: value='h1 : updated value = 'h1
# UVM_INFO ./../regmodel/uart_reg2ahb_adapter.sv(42) @ 1029092000: reporter [uart_reg2ahb_adapter] bus2reg: address = 0x4 data = 0x85 kind = UVM_WRITE status = UVM_IS_OK
# UVM_INFO /ictc/other/tools/QuestaDVA/questasim/verilog_src/uvm-1.2/src/reg/uvm_reg_predictor.svh(221) @ 1029092000: uvm_test_top.env.ahb_predictor [REG_PREDICT] Observed WRITE transaction to register regmodel.DLL: value='h85 : updated value = 'h85
# UVM_INFO ./../regmodel/uart_reg2ahb_adapter.sv(42) @ 1029092000: reporter [uart_reg2ahb_adapter] bus2reg: address = 0x8 data = 0xc kind = UVM_WRITE status = UVM_IS_OK
# UVM_INFO /ictc/other/tools/QuestaDVA/questasim/verilog_src/uvm-1.2/src/reg/uvm_reg_predictor.svh(221) @ 1029092000: uvm_test_top.env.ahb_predictor [REG_PREDICT] Observed WRITE transaction to register regmodel.DLH: value='hc : updated value = 'hc
# UVM_INFO ./../regmodel/uart_reg2ahb_adapter.sv(42) @ 1029092000: reporter [uart_reg2ahb_adapter] bus2reg: address = 0xc data = 0x23 kind = UVM_WRITE status = UVM_IS_OK
# UVM_INFO /ictc/other/tools/QuestaDVA/questasim/verilog_src/uvm-1.2/src/reg/uvm_reg_predictor.svh(221) @ 1029092000: uvm_test_top.env.ahb_predictor [REG_PREDICT] Observed WRITE transaction to register regmodel.LCR: value='h23 : updated value = 'h23
# UVM_INFO ./../regmodel/uart_reg2ahb_adapter.sv(42) @ 1029092000: reporter [uart_reg2ahb_adapter] bus2reg: address = 0x10 data = 0x8 kind = UVM_WRITE status = UVM_IS_OK
# UVM_INFO /ictc/other/tools/QuestaDVA/questasim/verilog_src/uvm-1.2/src/reg/uvm_reg_predictor.svh(221) @ 1029092000: uvm_test_top.env.ahb_predictor [REG_PREDICT] Observed WRITE transaction to register regmodel.IER: value='h8 : updated value = 'h8
# ===== Received Data from IER =====
# UVM_INFO ./../regmodel/uart_reg2ahb_adapter.sv(42) @ 1029092000: reporter [uart_reg2ahb_adapter] bus2reg: address = 0x14 data = 0x6 kind = UVM_READ status = UVM_IS_OK
# UVM_INFO /ictc/other/tools/QuestaDVA/questasim/verilog_src/uvm-1.2/src/reg/uvm_reg_predictor.svh(225) @ 1029092000: uvm_test_top.env.ahb_predictor [REG_PREDICT] Observed READ transaction to register regmodel.FSR: value='h6
# UVM_ERROR ./../sequences/ahb_rxd_rx_empty_sequence.sv(130) @ 1029102000: uvm_test_top.env.ahb_agt.sequencer@@rx_empty [ahb_rxd_rx_empty_sequence] 
# ===== FAILED!!! RX_EMPTY_STATUS is not right =====
# UVM_INFO ./../regmodel/uart_reg2ahb_adapter.sv(42) @ 1037432000: reporter [uart_reg2ahb_adapter] bus2reg: address = 0x14 data = 0x6 kind = UVM_READ status = UVM_IS_OK
# UVM_INFO /ictc/other/tools/QuestaDVA/questasim/verilog_src/uvm-1.2/src/reg/uvm_reg_predictor.svh(225) @ 1037432000: uvm_test_top.env.ahb_predictor [REG_PREDICT] Observed READ transaction to register regmodel.FSR: value='h6
# UVM_INFO ./../testcases/uart_rxd_interrupt.sv(40) @ 1047442000: uvm_test_top [uart_rxd_interrupt] --------------------------------------------------------------
# Name                Type                Size  Value           
# --------------------------------------------------------------
# cfg                 uart_configuration  -     @360            
#   parity_mode       parity_mode_e       32    UART_PARITY_NONE
#   sampling          sampling_mode_e     32    MODE_X16        
#   data_width        integral            32    'h8             
#   num_of_stop_bit   integral            32    'h1             
#   baud_rate         integral            32    'h12c0          
#   baud_rate_enable  integral            1     'h0             
#   parity_enable     integral            1     'h0             
#   interrupt_enable  integral            1     'h0             
# --------------------------------------------------------------
# 
# UVM_INFO ./../regmodel/uart_reg2ahb_adapter.sv(42) @ 1047442000: reporter [uart_reg2ahb_adapter] bus2reg: address = 0x0 data = 0x0 kind = UVM_WRITE status = UVM_IS_OK
# UVM_INFO /ictc/other/tools/QuestaDVA/questasim/verilog_src/uvm-1.2/src/reg/uvm_reg_predictor.svh(221) @ 1047442000: uvm_test_top.env.ahb_predictor [REG_PREDICT] Observed WRITE transaction to register regmodel.MDR: value='h0 : updated value = 'h0
# UVM_INFO ./../regmodel/uart_reg2ahb_adapter.sv(42) @ 1047442000: reporter [uart_reg2ahb_adapter] bus2reg: address = 0x4 data = 0x16 kind = UVM_WRITE status = UVM_IS_OK
# UVM_INFO /ictc/other/tools/QuestaDVA/questasim/verilog_src/uvm-1.2/src/reg/uvm_reg_predictor.svh(221) @ 1047442000: uvm_test_top.env.ahb_predictor [REG_PREDICT] Observed WRITE transaction to register regmodel.DLL: value='h16 : updated value = 'h16
# UVM_INFO ./../regmodel/uart_reg2ahb_adapter.sv(42) @ 1047443000: reporter [uart_reg2ahb_adapter] bus2reg: address = 0x8 data = 0x5 kind = UVM_WRITE status = UVM_IS_OK
# UVM_INFO /ictc/other/tools/QuestaDVA/questasim/verilog_src/uvm-1.2/src/reg/uvm_reg_predictor.svh(221) @ 1047443000: uvm_test_top.env.ahb_predictor [REG_PREDICT] Observed WRITE transaction to register regmodel.DLH: value='h5 : updated value = 'h5
# UVM_INFO ./../regmodel/uart_reg2ahb_adapter.sv(42) @ 1047443000: reporter [uart_reg2ahb_adapter] bus2reg: address = 0xc data = 0x23 kind = UVM_WRITE status = UVM_IS_OK
# UVM_INFO /ictc/other/tools/QuestaDVA/questasim/verilog_src/uvm-1.2/src/reg/uvm_reg_predictor.svh(221) @ 1047443000: uvm_test_top.env.ahb_predictor [REG_PREDICT] Observed WRITE transaction to register regmodel.LCR: value='h23 : updated value = 'h23
# UVM_INFO ./../regmodel/uart_reg2ahb_adapter.sv(42) @ 1047443000: reporter [uart_reg2ahb_adapter] bus2reg: address = 0x10 data = 0x8 kind = UVM_WRITE status = UVM_IS_OK
# UVM_INFO /ictc/other/tools/QuestaDVA/questasim/verilog_src/uvm-1.2/src/reg/uvm_reg_predictor.svh(221) @ 1047443000: uvm_test_top.env.ahb_predictor [REG_PREDICT] Observed WRITE transaction to register regmodel.IER: value='h8 : updated value = 'h8
# ===== Received Data from IER =====
# UVM_INFO ./../regmodel/uart_reg2ahb_adapter.sv(42) @ 1047443000: reporter [uart_reg2ahb_adapter] bus2reg: address = 0x14 data = 0x6 kind = UVM_READ status = UVM_IS_OK
# UVM_INFO /ictc/other/tools/QuestaDVA/questasim/verilog_src/uvm-1.2/src/reg/uvm_reg_predictor.svh(225) @ 1047443000: uvm_test_top.env.ahb_predictor [REG_PREDICT] Observed READ transaction to register regmodel.FSR: value='h6
# UVM_ERROR ./../sequences/ahb_rxd_rx_empty_sequence.sv(130) @ 1047453000: uvm_test_top.env.ahb_agt.sequencer@@rx_empty [ahb_rxd_rx_empty_sequence] 
# ===== FAILED!!! RX_EMPTY_STATUS is not right =====
# UVM_INFO ./../regmodel/uart_reg2ahb_adapter.sv(42) @ 1051623000: reporter [uart_reg2ahb_adapter] bus2reg: address = 0x14 data = 0x6 kind = UVM_READ status = UVM_IS_OK
# UVM_INFO /ictc/other/tools/QuestaDVA/questasim/verilog_src/uvm-1.2/src/reg/uvm_reg_predictor.svh(225) @ 1051623000: uvm_test_top.env.ahb_predictor [REG_PREDICT] Observed READ transaction to register regmodel.FSR: value='h6
# UVM_INFO ./../testcases/uart_rxd_interrupt.sv(40) @ 1061633000: uvm_test_top [uart_rxd_interrupt] --------------------------------------------------------------
# Name                Type                Size  Value           
# --------------------------------------------------------------
# cfg                 uart_configuration  -     @360            
#   parity_mode       parity_mode_e       32    UART_PARITY_NONE
#   sampling          sampling_mode_e     32    MODE_X13        
#   data_width        integral            32    'h8             
#   num_of_stop_bit   integral            32    'h1             
#   baud_rate         integral            32    'h12c0          
#   baud_rate_enable  integral            1     'h0             
#   parity_enable     integral            1     'h0             
#   interrupt_enable  integral            1     'h0             
# --------------------------------------------------------------
# 
# UVM_INFO ./../regmodel/uart_reg2ahb_adapter.sv(42) @ 1061633000: reporter [uart_reg2ahb_adapter] bus2reg: address = 0x0 data = 0x1 kind = UVM_WRITE status = UVM_IS_OK
# UVM_INFO /ictc/other/tools/QuestaDVA/questasim/verilog_src/uvm-1.2/src/reg/uvm_reg_predictor.svh(221) @ 1061633000: uvm_test_top.env.ahb_predictor [REG_PREDICT] Observed WRITE transaction to register regmodel.MDR: value='h1 : updated value = 'h1
# UVM_INFO ./../regmodel/uart_reg2ahb_adapter.sv(42) @ 1061633000: reporter [uart_reg2ahb_adapter] bus2reg: address = 0x4 data = 0x42 kind = UVM_WRITE status = UVM_IS_OK
# UVM_INFO /ictc/other/tools/QuestaDVA/questasim/verilog_src/uvm-1.2/src/reg/uvm_reg_predictor.svh(221) @ 1061633000: uvm_test_top.env.ahb_predictor [REG_PREDICT] Observed WRITE transaction to register regmodel.DLL: value='h42 : updated value = 'h42
# UVM_INFO ./../regmodel/uart_reg2ahb_adapter.sv(42) @ 1061633000: reporter [uart_reg2ahb_adapter] bus2reg: address = 0x8 data = 0x6 kind = UVM_WRITE status = UVM_IS_OK
# UVM_INFO /ictc/other/tools/QuestaDVA/questasim/verilog_src/uvm-1.2/src/reg/uvm_reg_predictor.svh(221) @ 1061633000: uvm_test_top.env.ahb_predictor [REG_PREDICT] Observed WRITE transaction to register regmodel.DLH: value='h6 : updated value = 'h6
# UVM_INFO ./../regmodel/uart_reg2ahb_adapter.sv(42) @ 1061633000: reporter [uart_reg2ahb_adapter] bus2reg: address = 0xc data = 0x23 kind = UVM_WRITE status = UVM_IS_OK
# UVM_INFO /ictc/other/tools/QuestaDVA/questasim/verilog_src/uvm-1.2/src/reg/uvm_reg_predictor.svh(221) @ 1061633000: uvm_test_top.env.ahb_predictor [REG_PREDICT] Observed WRITE transaction to register regmodel.LCR: value='h23 : updated value = 'h23
# UVM_INFO ./../regmodel/uart_reg2ahb_adapter.sv(42) @ 1061633000: reporter [uart_reg2ahb_adapter] bus2reg: address = 0x10 data = 0x8 kind = UVM_WRITE status = UVM_IS_OK
# UVM_INFO /ictc/other/tools/QuestaDVA/questasim/verilog_src/uvm-1.2/src/reg/uvm_reg_predictor.svh(221) @ 1061633000: uvm_test_top.env.ahb_predictor [REG_PREDICT] Observed WRITE transaction to register regmodel.IER: value='h8 : updated value = 'h8
# ===== Received Data from IER =====
# UVM_INFO ./../regmodel/uart_reg2ahb_adapter.sv(42) @ 1061633000: reporter [uart_reg2ahb_adapter] bus2reg: address = 0x14 data = 0x6 kind = UVM_READ status = UVM_IS_OK
# UVM_INFO /ictc/other/tools/QuestaDVA/questasim/verilog_src/uvm-1.2/src/reg/uvm_reg_predictor.svh(225) @ 1061633000: uvm_test_top.env.ahb_predictor [REG_PREDICT] Observed READ transaction to register regmodel.FSR: value='h6
# UVM_ERROR ./../sequences/ahb_rxd_rx_empty_sequence.sv(130) @ 1061643000: uvm_test_top.env.ahb_agt.sequencer@@rx_empty [ahb_rxd_rx_empty_sequence] 
# ===== FAILED!!! RX_EMPTY_STATUS is not right =====
# UVM_INFO ./../regmodel/uart_reg2ahb_adapter.sv(42) @ 1065813000: reporter [uart_reg2ahb_adapter] bus2reg: address = 0x14 data = 0x6 kind = UVM_READ status = UVM_IS_OK
# UVM_INFO /ictc/other/tools/QuestaDVA/questasim/verilog_src/uvm-1.2/src/reg/uvm_reg_predictor.svh(225) @ 1065813000: uvm_test_top.env.ahb_predictor [REG_PREDICT] Observed READ transaction to register regmodel.FSR: value='h6
# UVM_INFO ./../testcases/uart_rxd_interrupt.sv(40) @ 1075823000: uvm_test_top [uart_rxd_interrupt] --------------------------------------------------------------
# Name                Type                Size  Value           
# --------------------------------------------------------------
# cfg                 uart_configuration  -     @360            
#   parity_mode       parity_mode_e       32    UART_PARITY_NONE
#   sampling          sampling_mode_e     32    MODE_X16        
#   data_width        integral            32    'h8             
#   num_of_stop_bit   integral            32    'h1             
#   baud_rate         integral            32    'h2580          
#   baud_rate_enable  integral            1     'h0             
#   parity_enable     integral            1     'h0             
#   interrupt_enable  integral            1     'h0             
# --------------------------------------------------------------
# 
# UVM_INFO ./../regmodel/uart_reg2ahb_adapter.sv(42) @ 1075823000: reporter [uart_reg2ahb_adapter] bus2reg: address = 0x0 data = 0x0 kind = UVM_WRITE status = UVM_IS_OK
# UVM_INFO /ictc/other/tools/QuestaDVA/questasim/verilog_src/uvm-1.2/src/reg/uvm_reg_predictor.svh(221) @ 1075823000: uvm_test_top.env.ahb_predictor [REG_PREDICT] Observed WRITE transaction to register regmodel.MDR: value='h0 : updated value = 'h0
# UVM_INFO ./../regmodel/uart_reg2ahb_adapter.sv(42) @ 1075824000: reporter [uart_reg2ahb_adapter] bus2reg: address = 0x4 data = 0x8b kind = UVM_WRITE status = UVM_IS_OK
# UVM_INFO /ictc/other/tools/QuestaDVA/questasim/verilog_src/uvm-1.2/src/reg/uvm_reg_predictor.svh(221) @ 1075824000: uvm_test_top.env.ahb_predictor [REG_PREDICT] Observed WRITE transaction to register regmodel.DLL: value='h8b : updated value = 'h8b
# UVM_INFO ./../regmodel/uart_reg2ahb_adapter.sv(42) @ 1075824000: reporter [uart_reg2ahb_adapter] bus2reg: address = 0x8 data = 0x2 kind = UVM_WRITE status = UVM_IS_OK
# UVM_INFO /ictc/other/tools/QuestaDVA/questasim/verilog_src/uvm-1.2/src/reg/uvm_reg_predictor.svh(221) @ 1075824000: uvm_test_top.env.ahb_predictor [REG_PREDICT] Observed WRITE transaction to register regmodel.DLH: value='h2 : updated value = 'h2
# UVM_INFO ./../regmodel/uart_reg2ahb_adapter.sv(42) @ 1075824000: reporter [uart_reg2ahb_adapter] bus2reg: address = 0xc data = 0x23 kind = UVM_WRITE status = UVM_IS_OK
# UVM_INFO /ictc/other/tools/QuestaDVA/questasim/verilog_src/uvm-1.2/src/reg/uvm_reg_predictor.svh(221) @ 1075824000: uvm_test_top.env.ahb_predictor [REG_PREDICT] Observed WRITE transaction to register regmodel.LCR: value='h23 : updated value = 'h23
# UVM_INFO ./../regmodel/uart_reg2ahb_adapter.sv(42) @ 1075824000: reporter [uart_reg2ahb_adapter] bus2reg: address = 0x10 data = 0x8 kind = UVM_WRITE status = UVM_IS_OK
# UVM_INFO /ictc/other/tools/QuestaDVA/questasim/verilog_src/uvm-1.2/src/reg/uvm_reg_predictor.svh(221) @ 1075824000: uvm_test_top.env.ahb_predictor [REG_PREDICT] Observed WRITE transaction to register regmodel.IER: value='h8 : updated value = 'h8
# ===== Received Data from IER =====
# UVM_INFO ./../regmodel/uart_reg2ahb_adapter.sv(42) @ 1075824000: reporter [uart_reg2ahb_adapter] bus2reg: address = 0x14 data = 0x6 kind = UVM_READ status = UVM_IS_OK
# UVM_INFO /ictc/other/tools/QuestaDVA/questasim/verilog_src/uvm-1.2/src/reg/uvm_reg_predictor.svh(225) @ 1075824000: uvm_test_top.env.ahb_predictor [REG_PREDICT] Observed READ transaction to register regmodel.FSR: value='h6
# UVM_ERROR ./../sequences/ahb_rxd_rx_empty_sequence.sv(130) @ 1075834000: uvm_test_top.env.ahb_agt.sequencer@@rx_empty [ahb_rxd_rx_empty_sequence] 
# ===== FAILED!!! RX_EMPTY_STATUS is not right =====
# UVM_INFO ./../regmodel/uart_reg2ahb_adapter.sv(42) @ 1077914000: reporter [uart_reg2ahb_adapter] bus2reg: address = 0x14 data = 0x6 kind = UVM_READ status = UVM_IS_OK
# UVM_INFO /ictc/other/tools/QuestaDVA/questasim/verilog_src/uvm-1.2/src/reg/uvm_reg_predictor.svh(225) @ 1077914000: uvm_test_top.env.ahb_predictor [REG_PREDICT] Observed READ transaction to register regmodel.FSR: value='h6
# UVM_INFO ./../testcases/uart_rxd_interrupt.sv(40) @ 1087924000: uvm_test_top [uart_rxd_interrupt] --------------------------------------------------------------
# Name                Type                Size  Value           
# --------------------------------------------------------------
# cfg                 uart_configuration  -     @360            
#   parity_mode       parity_mode_e       32    UART_PARITY_NONE
#   sampling          sampling_mode_e     32    MODE_X13        
#   data_width        integral            32    'h8             
#   num_of_stop_bit   integral            32    'h1             
#   baud_rate         integral            32    'h2580          
#   baud_rate_enable  integral            1     'h0             
#   parity_enable     integral            1     'h0             
#   interrupt_enable  integral            1     'h0             
# --------------------------------------------------------------
# 
# UVM_INFO ./../regmodel/uart_reg2ahb_adapter.sv(42) @ 1087924000: reporter [uart_reg2ahb_adapter] bus2reg: address = 0x0 data = 0x1 kind = UVM_WRITE status = UVM_IS_OK
# UVM_INFO /ictc/other/tools/QuestaDVA/questasim/verilog_src/uvm-1.2/src/reg/uvm_reg_predictor.svh(221) @ 1087924000: uvm_test_top.env.ahb_predictor [REG_PREDICT] Observed WRITE transaction to register regmodel.MDR: value='h1 : updated value = 'h1
# UVM_INFO ./../regmodel/uart_reg2ahb_adapter.sv(42) @ 1087924000: reporter [uart_reg2ahb_adapter] bus2reg: address = 0x4 data = 0x21 kind = UVM_WRITE status = UVM_IS_OK
# UVM_INFO /ictc/other/tools/QuestaDVA/questasim/verilog_src/uvm-1.2/src/reg/uvm_reg_predictor.svh(221) @ 1087924000: uvm_test_top.env.ahb_predictor [REG_PREDICT] Observed WRITE transaction to register regmodel.DLL: value='h21 : updated value = 'h21
# UVM_INFO ./../regmodel/uart_reg2ahb_adapter.sv(42) @ 1087924000: reporter [uart_reg2ahb_adapter] bus2reg: address = 0x8 data = 0x3 kind = UVM_WRITE status = UVM_IS_OK
# UVM_INFO /ictc/other/tools/QuestaDVA/questasim/verilog_src/uvm-1.2/src/reg/uvm_reg_predictor.svh(221) @ 1087924000: uvm_test_top.env.ahb_predictor [REG_PREDICT] Observed WRITE transaction to register regmodel.DLH: value='h3 : updated value = 'h3
# UVM_INFO ./../regmodel/uart_reg2ahb_adapter.sv(42) @ 1087924000: reporter [uart_reg2ahb_adapter] bus2reg: address = 0xc data = 0x23 kind = UVM_WRITE status = UVM_IS_OK
# UVM_INFO /ictc/other/tools/QuestaDVA/questasim/verilog_src/uvm-1.2/src/reg/uvm_reg_predictor.svh(221) @ 1087924000: uvm_test_top.env.ahb_predictor [REG_PREDICT] Observed WRITE transaction to register regmodel.LCR: value='h23 : updated value = 'h23
# UVM_INFO ./../regmodel/uart_reg2ahb_adapter.sv(42) @ 1087924000: reporter [uart_reg2ahb_adapter] bus2reg: address = 0x10 data = 0x8 kind = UVM_WRITE status = UVM_IS_OK
# UVM_INFO /ictc/other/tools/QuestaDVA/questasim/verilog_src/uvm-1.2/src/reg/uvm_reg_predictor.svh(221) @ 1087924000: uvm_test_top.env.ahb_predictor [REG_PREDICT] Observed WRITE transaction to register regmodel.IER: value='h8 : updated value = 'h8
# ===== Received Data from IER =====
# UVM_INFO ./../regmodel/uart_reg2ahb_adapter.sv(42) @ 1087924000: reporter [uart_reg2ahb_adapter] bus2reg: address = 0x14 data = 0x6 kind = UVM_READ status = UVM_IS_OK
# UVM_INFO /ictc/other/tools/QuestaDVA/questasim/verilog_src/uvm-1.2/src/reg/uvm_reg_predictor.svh(225) @ 1087924000: uvm_test_top.env.ahb_predictor [REG_PREDICT] Observed READ transaction to register regmodel.FSR: value='h6
# UVM_ERROR ./../sequences/ahb_rxd_rx_empty_sequence.sv(130) @ 1087934000: uvm_test_top.env.ahb_agt.sequencer@@rx_empty [ahb_rxd_rx_empty_sequence] 
# ===== FAILED!!! RX_EMPTY_STATUS is not right =====
# UVM_INFO ./../regmodel/uart_reg2ahb_adapter.sv(42) @ 1090015000: reporter [uart_reg2ahb_adapter] bus2reg: address = 0x14 data = 0x6 kind = UVM_READ status = UVM_IS_OK
# UVM_INFO /ictc/other/tools/QuestaDVA/questasim/verilog_src/uvm-1.2/src/reg/uvm_reg_predictor.svh(225) @ 1090015000: uvm_test_top.env.ahb_predictor [REG_PREDICT] Observed READ transaction to register regmodel.FSR: value='h6
# UVM_INFO ./../testcases/uart_rxd_interrupt.sv(40) @ 1100025000: uvm_test_top [uart_rxd_interrupt] --------------------------------------------------------------
# Name                Type                Size  Value           
# --------------------------------------------------------------
# cfg                 uart_configuration  -     @360            
#   parity_mode       parity_mode_e       32    UART_PARITY_NONE
#   sampling          sampling_mode_e     32    MODE_X16        
#   data_width        integral            32    'h8             
#   num_of_stop_bit   integral            32    'h1             
#   baud_rate         integral            32    'h4b00          
#   baud_rate_enable  integral            1     'h0             
#   parity_enable     integral            1     'h0             
#   interrupt_enable  integral            1     'h0             
# --------------------------------------------------------------
# 
# UVM_INFO ./../regmodel/uart_reg2ahb_adapter.sv(42) @ 1100025000: reporter [uart_reg2ahb_adapter] bus2reg: address = 0x0 data = 0x0 kind = UVM_WRITE status = UVM_IS_OK
# UVM_INFO /ictc/other/tools/QuestaDVA/questasim/verilog_src/uvm-1.2/src/reg/uvm_reg_predictor.svh(221) @ 1100025000: uvm_test_top.env.ahb_predictor [REG_PREDICT] Observed WRITE transaction to register regmodel.MDR: value='h0 : updated value = 'h0
# UVM_INFO ./../regmodel/uart_reg2ahb_adapter.sv(42) @ 1100025000: reporter [uart_reg2ahb_adapter] bus2reg: address = 0x4 data = 0x45 kind = UVM_WRITE status = UVM_IS_OK
# UVM_INFO /ictc/other/tools/QuestaDVA/questasim/verilog_src/uvm-1.2/src/reg/uvm_reg_predictor.svh(221) @ 1100025000: uvm_test_top.env.ahb_predictor [REG_PREDICT] Observed WRITE transaction to register regmodel.DLL: value='h45 : updated value = 'h45
# UVM_INFO ./../regmodel/uart_reg2ahb_adapter.sv(42) @ 1100025000: reporter [uart_reg2ahb_adapter] bus2reg: address = 0x8 data = 0x1 kind = UVM_WRITE status = UVM_IS_OK
# UVM_INFO /ictc/other/tools/QuestaDVA/questasim/verilog_src/uvm-1.2/src/reg/uvm_reg_predictor.svh(221) @ 1100025000: uvm_test_top.env.ahb_predictor [REG_PREDICT] Observed WRITE transaction to register regmodel.DLH: value='h1 : updated value = 'h1
# UVM_INFO ./../regmodel/uart_reg2ahb_adapter.sv(42) @ 1100025000: reporter [uart_reg2ahb_adapter] bus2reg: address = 0xc data = 0x23 kind = UVM_WRITE status = UVM_IS_OK
# UVM_INFO /ictc/other/tools/QuestaDVA/questasim/verilog_src/uvm-1.2/src/reg/uvm_reg_predictor.svh(221) @ 1100025000: uvm_test_top.env.ahb_predictor [REG_PREDICT] Observed WRITE transaction to register regmodel.LCR: value='h23 : updated value = 'h23
# UVM_INFO ./../regmodel/uart_reg2ahb_adapter.sv(42) @ 1100025000: reporter [uart_reg2ahb_adapter] bus2reg: address = 0x10 data = 0x8 kind = UVM_WRITE status = UVM_IS_OK
# UVM_INFO /ictc/other/tools/QuestaDVA/questasim/verilog_src/uvm-1.2/src/reg/uvm_reg_predictor.svh(221) @ 1100025000: uvm_test_top.env.ahb_predictor [REG_PREDICT] Observed WRITE transaction to register regmodel.IER: value='h8 : updated value = 'h8
# ===== Received Data from IER =====
# UVM_INFO ./../regmodel/uart_reg2ahb_adapter.sv(42) @ 1100025000: reporter [uart_reg2ahb_adapter] bus2reg: address = 0x14 data = 0x6 kind = UVM_READ status = UVM_IS_OK
# UVM_INFO /ictc/other/tools/QuestaDVA/questasim/verilog_src/uvm-1.2/src/reg/uvm_reg_predictor.svh(225) @ 1100025000: uvm_test_top.env.ahb_predictor [REG_PREDICT] Observed READ transaction to register regmodel.FSR: value='h6
# UVM_ERROR ./../sequences/ahb_rxd_rx_empty_sequence.sv(130) @ 1100035000: uvm_test_top.env.ahb_agt.sequencer@@rx_empty [ahb_rxd_rx_empty_sequence] 
# ===== FAILED!!! RX_EMPTY_STATUS is not right =====
# UVM_INFO ./../regmodel/uart_reg2ahb_adapter.sv(42) @ 1101075000: reporter [uart_reg2ahb_adapter] bus2reg: address = 0x14 data = 0x6 kind = UVM_READ status = UVM_IS_OK
# UVM_INFO /ictc/other/tools/QuestaDVA/questasim/verilog_src/uvm-1.2/src/reg/uvm_reg_predictor.svh(225) @ 1101075000: uvm_test_top.env.ahb_predictor [REG_PREDICT] Observed READ transaction to register regmodel.FSR: value='h6
# UVM_INFO ./../testcases/uart_rxd_interrupt.sv(40) @ 1111085000: uvm_test_top [uart_rxd_interrupt] --------------------------------------------------------------
# Name                Type                Size  Value           
# --------------------------------------------------------------
# cfg                 uart_configuration  -     @360            
#   parity_mode       parity_mode_e       32    UART_PARITY_NONE
#   sampling          sampling_mode_e     32    MODE_X13        
#   data_width        integral            32    'h8             
#   num_of_stop_bit   integral            32    'h1             
#   baud_rate         integral            32    'h4b00          
#   baud_rate_enable  integral            1     'h0             
#   parity_enable     integral            1     'h0             
#   interrupt_enable  integral            1     'h0             
# --------------------------------------------------------------
# 
# UVM_INFO ./../regmodel/uart_reg2ahb_adapter.sv(42) @ 1111085000: reporter [uart_reg2ahb_adapter] bus2reg: address = 0x0 data = 0x1 kind = UVM_WRITE status = UVM_IS_OK
# UVM_INFO /ictc/other/tools/QuestaDVA/questasim/verilog_src/uvm-1.2/src/reg/uvm_reg_predictor.svh(221) @ 1111085000: uvm_test_top.env.ahb_predictor [REG_PREDICT] Observed WRITE transaction to register regmodel.MDR: value='h1 : updated value = 'h1
# UVM_INFO ./../regmodel/uart_reg2ahb_adapter.sv(42) @ 1111085000: reporter [uart_reg2ahb_adapter] bus2reg: address = 0x4 data = 0x91 kind = UVM_WRITE status = UVM_IS_OK
# UVM_INFO /ictc/other/tools/QuestaDVA/questasim/verilog_src/uvm-1.2/src/reg/uvm_reg_predictor.svh(221) @ 1111085000: uvm_test_top.env.ahb_predictor [REG_PREDICT] Observed WRITE transaction to register regmodel.DLL: value='h91 : updated value = 'h91
# UVM_INFO ./../regmodel/uart_reg2ahb_adapter.sv(42) @ 1111085000: reporter [uart_reg2ahb_adapter] bus2reg: address = 0x8 data = 0x1 kind = UVM_WRITE status = UVM_IS_OK
# UVM_INFO /ictc/other/tools/QuestaDVA/questasim/verilog_src/uvm-1.2/src/reg/uvm_reg_predictor.svh(221) @ 1111085000: uvm_test_top.env.ahb_predictor [REG_PREDICT] Observed WRITE transaction to register regmodel.DLH: value='h1 : updated value = 'h1
# UVM_INFO ./../regmodel/uart_reg2ahb_adapter.sv(42) @ 1111085000: reporter [uart_reg2ahb_adapter] bus2reg: address = 0xc data = 0x23 kind = UVM_WRITE status = UVM_IS_OK
# UVM_INFO /ictc/other/tools/QuestaDVA/questasim/verilog_src/uvm-1.2/src/reg/uvm_reg_predictor.svh(221) @ 1111085000: uvm_test_top.env.ahb_predictor [REG_PREDICT] Observed WRITE transaction to register regmodel.LCR: value='h23 : updated value = 'h23
# UVM_INFO ./../regmodel/uart_reg2ahb_adapter.sv(42) @ 1111085000: reporter [uart_reg2ahb_adapter] bus2reg: address = 0x10 data = 0x8 kind = UVM_WRITE status = UVM_IS_OK
# UVM_INFO /ictc/other/tools/QuestaDVA/questasim/verilog_src/uvm-1.2/src/reg/uvm_reg_predictor.svh(221) @ 1111085000: uvm_test_top.env.ahb_predictor [REG_PREDICT] Observed WRITE transaction to register regmodel.IER: value='h8 : updated value = 'h8
# ===== Received Data from IER =====
# UVM_INFO ./../regmodel/uart_reg2ahb_adapter.sv(42) @ 1111086000: reporter [uart_reg2ahb_adapter] bus2reg: address = 0x14 data = 0x6 kind = UVM_READ status = UVM_IS_OK
# UVM_INFO /ictc/other/tools/QuestaDVA/questasim/verilog_src/uvm-1.2/src/reg/uvm_reg_predictor.svh(225) @ 1111086000: uvm_test_top.env.ahb_predictor [REG_PREDICT] Observed READ transaction to register regmodel.FSR: value='h6
# UVM_ERROR ./../sequences/ahb_rxd_rx_empty_sequence.sv(130) @ 1111096000: uvm_test_top.env.ahb_agt.sequencer@@rx_empty [ahb_rxd_rx_empty_sequence] 
# ===== FAILED!!! RX_EMPTY_STATUS is not right =====
# UVM_INFO ./../regmodel/uart_reg2ahb_adapter.sv(42) @ 1112136000: reporter [uart_reg2ahb_adapter] bus2reg: address = 0x14 data = 0x6 kind = UVM_READ status = UVM_IS_OK
# UVM_INFO /ictc/other/tools/QuestaDVA/questasim/verilog_src/uvm-1.2/src/reg/uvm_reg_predictor.svh(225) @ 1112136000: uvm_test_top.env.ahb_predictor [REG_PREDICT] Observed READ transaction to register regmodel.FSR: value='h6
# UVM_INFO ./../testcases/uart_rxd_interrupt.sv(40) @ 1122146000: uvm_test_top [uart_rxd_interrupt] --------------------------------------------------------------
# Name                Type                Size  Value           
# --------------------------------------------------------------
# cfg                 uart_configuration  -     @360            
#   parity_mode       parity_mode_e       32    UART_PARITY_NONE
#   sampling          sampling_mode_e     32    MODE_X16        
#   data_width        integral            32    'h8             
#   num_of_stop_bit   integral            32    'h1             
#   baud_rate         integral            32    'h9600          
#   baud_rate_enable  integral            1     'h0             
#   parity_enable     integral            1     'h0             
#   interrupt_enable  integral            1     'h0             
# --------------------------------------------------------------
# 
# UVM_INFO ./../regmodel/uart_reg2ahb_adapter.sv(42) @ 1122146000: reporter [uart_reg2ahb_adapter] bus2reg: address = 0x0 data = 0x0 kind = UVM_WRITE status = UVM_IS_OK
# UVM_INFO /ictc/other/tools/QuestaDVA/questasim/verilog_src/uvm-1.2/src/reg/uvm_reg_predictor.svh(221) @ 1122146000: uvm_test_top.env.ahb_predictor [REG_PREDICT] Observed WRITE transaction to register regmodel.MDR: value='h0 : updated value = 'h0
# UVM_INFO ./../regmodel/uart_reg2ahb_adapter.sv(42) @ 1122146000: reporter [uart_reg2ahb_adapter] bus2reg: address = 0x4 data = 0xa4 kind = UVM_WRITE status = UVM_IS_OK
# UVM_INFO /ictc/other/tools/QuestaDVA/questasim/verilog_src/uvm-1.2/src/reg/uvm_reg_predictor.svh(221) @ 1122146000: uvm_test_top.env.ahb_predictor [REG_PREDICT] Observed WRITE transaction to register regmodel.DLL: value='ha4 : updated value = 'ha4
# UVM_INFO ./../regmodel/uart_reg2ahb_adapter.sv(42) @ 1122146000: reporter [uart_reg2ahb_adapter] bus2reg: address = 0x8 data = 0x0 kind = UVM_WRITE status = UVM_IS_OK
# UVM_INFO /ictc/other/tools/QuestaDVA/questasim/verilog_src/uvm-1.2/src/reg/uvm_reg_predictor.svh(221) @ 1122146000: uvm_test_top.env.ahb_predictor [REG_PREDICT] Observed WRITE transaction to register regmodel.DLH: value='h0 : updated value = 'h0
# UVM_INFO ./../regmodel/uart_reg2ahb_adapter.sv(42) @ 1122146000: reporter [uart_reg2ahb_adapter] bus2reg: address = 0xc data = 0x23 kind = UVM_WRITE status = UVM_IS_OK
# UVM_INFO /ictc/other/tools/QuestaDVA/questasim/verilog_src/uvm-1.2/src/reg/uvm_reg_predictor.svh(221) @ 1122146000: uvm_test_top.env.ahb_predictor [REG_PREDICT] Observed WRITE transaction to register regmodel.LCR: value='h23 : updated value = 'h23
# UVM_INFO ./../regmodel/uart_reg2ahb_adapter.sv(42) @ 1122146000: reporter [uart_reg2ahb_adapter] bus2reg: address = 0x10 data = 0x8 kind = UVM_WRITE status = UVM_IS_OK
# UVM_INFO /ictc/other/tools/QuestaDVA/questasim/verilog_src/uvm-1.2/src/reg/uvm_reg_predictor.svh(221) @ 1122146000: uvm_test_top.env.ahb_predictor [REG_PREDICT] Observed WRITE transaction to register regmodel.IER: value='h8 : updated value = 'h8
# ===== Received Data from IER =====
# UVM_INFO ./../regmodel/uart_reg2ahb_adapter.sv(42) @ 1122146000: reporter [uart_reg2ahb_adapter] bus2reg: address = 0x14 data = 0x6 kind = UVM_READ status = UVM_IS_OK
# UVM_INFO /ictc/other/tools/QuestaDVA/questasim/verilog_src/uvm-1.2/src/reg/uvm_reg_predictor.svh(225) @ 1122146000: uvm_test_top.env.ahb_predictor [REG_PREDICT] Observed READ transaction to register regmodel.FSR: value='h6
# UVM_ERROR ./../sequences/ahb_rxd_rx_empty_sequence.sv(130) @ 1122156000: uvm_test_top.env.ahb_agt.sequencer@@rx_empty [ahb_rxd_rx_empty_sequence] 
# ===== FAILED!!! RX_EMPTY_STATUS is not right =====
# UVM_INFO ./../regmodel/uart_reg2ahb_adapter.sv(42) @ 1122676000: reporter [uart_reg2ahb_adapter] bus2reg: address = 0x14 data = 0x6 kind = UVM_READ status = UVM_IS_OK
# UVM_INFO /ictc/other/tools/QuestaDVA/questasim/verilog_src/uvm-1.2/src/reg/uvm_reg_predictor.svh(225) @ 1122676000: uvm_test_top.env.ahb_predictor [REG_PREDICT] Observed READ transaction to register regmodel.FSR: value='h6
# UVM_INFO ./../testcases/uart_rxd_interrupt.sv(40) @ 1132686000: uvm_test_top [uart_rxd_interrupt] --------------------------------------------------------------
# Name                Type                Size  Value           
# --------------------------------------------------------------
# cfg                 uart_configuration  -     @360            
#   parity_mode       parity_mode_e       32    UART_PARITY_NONE
#   sampling          sampling_mode_e     32    MODE_X13        
#   data_width        integral            32    'h8             
#   num_of_stop_bit   integral            32    'h1             
#   baud_rate         integral            32    'h9600          
#   baud_rate_enable  integral            1     'h0             
#   parity_enable     integral            1     'h0             
#   interrupt_enable  integral            1     'h0             
# --------------------------------------------------------------
# 
# UVM_INFO ./../regmodel/uart_reg2ahb_adapter.sv(42) @ 1132686000: reporter [uart_reg2ahb_adapter] bus2reg: address = 0x0 data = 0x1 kind = UVM_WRITE status = UVM_IS_OK
# UVM_INFO /ictc/other/tools/QuestaDVA/questasim/verilog_src/uvm-1.2/src/reg/uvm_reg_predictor.svh(221) @ 1132686000: uvm_test_top.env.ahb_predictor [REG_PREDICT] Observed WRITE transaction to register regmodel.MDR: value='h1 : updated value = 'h1
# UVM_INFO ./../regmodel/uart_reg2ahb_adapter.sv(42) @ 1132686000: reporter [uart_reg2ahb_adapter] bus2reg: address = 0x4 data = 0xc8 kind = UVM_WRITE status = UVM_IS_OK
# UVM_INFO /ictc/other/tools/QuestaDVA/questasim/verilog_src/uvm-1.2/src/reg/uvm_reg_predictor.svh(221) @ 1132686000: uvm_test_top.env.ahb_predictor [REG_PREDICT] Observed WRITE transaction to register regmodel.DLL: value='hc8 : updated value = 'hc8
# UVM_INFO ./../regmodel/uart_reg2ahb_adapter.sv(42) @ 1132686000: reporter [uart_reg2ahb_adapter] bus2reg: address = 0x8 data = 0x0 kind = UVM_WRITE status = UVM_IS_OK
# UVM_INFO /ictc/other/tools/QuestaDVA/questasim/verilog_src/uvm-1.2/src/reg/uvm_reg_predictor.svh(221) @ 1132686000: uvm_test_top.env.ahb_predictor [REG_PREDICT] Observed WRITE transaction to register regmodel.DLH: value='h0 : updated value = 'h0
# UVM_INFO ./../regmodel/uart_reg2ahb_adapter.sv(42) @ 1132687000: reporter [uart_reg2ahb_adapter] bus2reg: address = 0xc data = 0x23 kind = UVM_WRITE status = UVM_IS_OK
# UVM_INFO /ictc/other/tools/QuestaDVA/questasim/verilog_src/uvm-1.2/src/reg/uvm_reg_predictor.svh(221) @ 1132687000: uvm_test_top.env.ahb_predictor [REG_PREDICT] Observed WRITE transaction to register regmodel.LCR: value='h23 : updated value = 'h23
# UVM_INFO ./../regmodel/uart_reg2ahb_adapter.sv(42) @ 1132687000: reporter [uart_reg2ahb_adapter] bus2reg: address = 0x10 data = 0x8 kind = UVM_WRITE status = UVM_IS_OK
# UVM_INFO /ictc/other/tools/QuestaDVA/questasim/verilog_src/uvm-1.2/src/reg/uvm_reg_predictor.svh(221) @ 1132687000: uvm_test_top.env.ahb_predictor [REG_PREDICT] Observed WRITE transaction to register regmodel.IER: value='h8 : updated value = 'h8
# ===== Received Data from IER =====
# UVM_INFO ./../regmodel/uart_reg2ahb_adapter.sv(42) @ 1132687000: reporter [uart_reg2ahb_adapter] bus2reg: address = 0x14 data = 0x6 kind = UVM_READ status = UVM_IS_OK
# UVM_INFO /ictc/other/tools/QuestaDVA/questasim/verilog_src/uvm-1.2/src/reg/uvm_reg_predictor.svh(225) @ 1132687000: uvm_test_top.env.ahb_predictor [REG_PREDICT] Observed READ transaction to register regmodel.FSR: value='h6
# UVM_ERROR ./../sequences/ahb_rxd_rx_empty_sequence.sv(130) @ 1132697000: uvm_test_top.env.ahb_agt.sequencer@@rx_empty [ahb_rxd_rx_empty_sequence] 
# ===== FAILED!!! RX_EMPTY_STATUS is not right =====
# UVM_INFO ./../regmodel/uart_reg2ahb_adapter.sv(42) @ 1133217000: reporter [uart_reg2ahb_adapter] bus2reg: address = 0x14 data = 0x6 kind = UVM_READ status = UVM_IS_OK
# UVM_INFO /ictc/other/tools/QuestaDVA/questasim/verilog_src/uvm-1.2/src/reg/uvm_reg_predictor.svh(225) @ 1133217000: uvm_test_top.env.ahb_predictor [REG_PREDICT] Observed READ transaction to register regmodel.FSR: value='h6
# UVM_INFO ./../testcases/uart_rxd_interrupt.sv(40) @ 1143227000: uvm_test_top [uart_rxd_interrupt] --------------------------------------------------------------
# Name                Type                Size  Value           
# --------------------------------------------------------------
# cfg                 uart_configuration  -     @360            
#   parity_mode       parity_mode_e       32    UART_PARITY_NONE
#   sampling          sampling_mode_e     32    MODE_X16        
#   data_width        integral            32    'h8             
#   num_of_stop_bit   integral            32    'h1             
#   baud_rate         integral            32    'h12c00         
#   baud_rate_enable  integral            1     'h0             
#   parity_enable     integral            1     'h0             
#   interrupt_enable  integral            1     'h0             
# --------------------------------------------------------------
# 
# UVM_INFO ./../regmodel/uart_reg2ahb_adapter.sv(42) @ 1143227000: reporter [uart_reg2ahb_adapter] bus2reg: address = 0x0 data = 0x0 kind = UVM_WRITE status = UVM_IS_OK
# UVM_INFO /ictc/other/tools/QuestaDVA/questasim/verilog_src/uvm-1.2/src/reg/uvm_reg_predictor.svh(221) @ 1143227000: uvm_test_top.env.ahb_predictor [REG_PREDICT] Observed WRITE transaction to register regmodel.MDR: value='h0 : updated value = 'h0
# UVM_INFO ./../regmodel/uart_reg2ahb_adapter.sv(42) @ 1143227000: reporter [uart_reg2ahb_adapter] bus2reg: address = 0x4 data = 0x51 kind = UVM_WRITE status = UVM_IS_OK
# UVM_INFO /ictc/other/tools/QuestaDVA/questasim/verilog_src/uvm-1.2/src/reg/uvm_reg_predictor.svh(221) @ 1143227000: uvm_test_top.env.ahb_predictor [REG_PREDICT] Observed WRITE transaction to register regmodel.DLL: value='h51 : updated value = 'h51
# UVM_INFO ./../regmodel/uart_reg2ahb_adapter.sv(42) @ 1143227000: reporter [uart_reg2ahb_adapter] bus2reg: address = 0x8 data = 0x0 kind = UVM_WRITE status = UVM_IS_OK
# UVM_INFO /ictc/other/tools/QuestaDVA/questasim/verilog_src/uvm-1.2/src/reg/uvm_reg_predictor.svh(221) @ 1143227000: uvm_test_top.env.ahb_predictor [REG_PREDICT] Observed WRITE transaction to register regmodel.DLH: value='h0 : updated value = 'h0
# UVM_INFO ./../regmodel/uart_reg2ahb_adapter.sv(42) @ 1143227000: reporter [uart_reg2ahb_adapter] bus2reg: address = 0xc data = 0x23 kind = UVM_WRITE status = UVM_IS_OK
# UVM_INFO /ictc/other/tools/QuestaDVA/questasim/verilog_src/uvm-1.2/src/reg/uvm_reg_predictor.svh(221) @ 1143227000: uvm_test_top.env.ahb_predictor [REG_PREDICT] Observed WRITE transaction to register regmodel.LCR: value='h23 : updated value = 'h23
# UVM_INFO ./../regmodel/uart_reg2ahb_adapter.sv(42) @ 1143227000: reporter [uart_reg2ahb_adapter] bus2reg: address = 0x10 data = 0x8 kind = UVM_WRITE status = UVM_IS_OK
# UVM_INFO /ictc/other/tools/QuestaDVA/questasim/verilog_src/uvm-1.2/src/reg/uvm_reg_predictor.svh(221) @ 1143227000: uvm_test_top.env.ahb_predictor [REG_PREDICT] Observed WRITE transaction to register regmodel.IER: value='h8 : updated value = 'h8
# ===== Received Data from IER =====
# UVM_INFO ./../regmodel/uart_reg2ahb_adapter.sv(42) @ 1143227000: reporter [uart_reg2ahb_adapter] bus2reg: address = 0x14 data = 0x6 kind = UVM_READ status = UVM_IS_OK
# UVM_INFO /ictc/other/tools/QuestaDVA/questasim/verilog_src/uvm-1.2/src/reg/uvm_reg_predictor.svh(225) @ 1143227000: uvm_test_top.env.ahb_predictor [REG_PREDICT] Observed READ transaction to register regmodel.FSR: value='h6
# UVM_ERROR ./../sequences/ahb_rxd_rx_empty_sequence.sv(130) @ 1143237000: uvm_test_top.env.ahb_agt.sequencer@@rx_empty [ahb_rxd_rx_empty_sequence] 
# ===== FAILED!!! RX_EMPTY_STATUS is not right =====
# UVM_INFO ./../regmodel/uart_reg2ahb_adapter.sv(42) @ 1143497000: reporter [uart_reg2ahb_adapter] bus2reg: address = 0x14 data = 0x6 kind = UVM_READ status = UVM_IS_OK
# UVM_INFO /ictc/other/tools/QuestaDVA/questasim/verilog_src/uvm-1.2/src/reg/uvm_reg_predictor.svh(225) @ 1143497000: uvm_test_top.env.ahb_predictor [REG_PREDICT] Observed READ transaction to register regmodel.FSR: value='h6
# UVM_INFO ./../testcases/uart_rxd_interrupt.sv(40) @ 1153507000: uvm_test_top [uart_rxd_interrupt] --------------------------------------------------------------
# Name                Type                Size  Value           
# --------------------------------------------------------------
# cfg                 uart_configuration  -     @360            
#   parity_mode       parity_mode_e       32    UART_PARITY_NONE
#   sampling          sampling_mode_e     32    MODE_X13        
#   data_width        integral            32    'h8             
#   num_of_stop_bit   integral            32    'h1             
#   baud_rate         integral            32    'h12c00         
#   baud_rate_enable  integral            1     'h0             
#   parity_enable     integral            1     'h0             
#   interrupt_enable  integral            1     'h0             
# --------------------------------------------------------------
# 
# UVM_INFO ./../regmodel/uart_reg2ahb_adapter.sv(42) @ 1153507000: reporter [uart_reg2ahb_adapter] bus2reg: address = 0x0 data = 0x1 kind = UVM_WRITE status = UVM_IS_OK
# UVM_INFO /ictc/other/tools/QuestaDVA/questasim/verilog_src/uvm-1.2/src/reg/uvm_reg_predictor.svh(221) @ 1153507000: uvm_test_top.env.ahb_predictor [REG_PREDICT] Observed WRITE transaction to register regmodel.MDR: value='h1 : updated value = 'h1
# UVM_INFO ./../regmodel/uart_reg2ahb_adapter.sv(42) @ 1153507000: reporter [uart_reg2ahb_adapter] bus2reg: address = 0x4 data = 0x64 kind = UVM_WRITE status = UVM_IS_OK
# UVM_INFO /ictc/other/tools/QuestaDVA/questasim/verilog_src/uvm-1.2/src/reg/uvm_reg_predictor.svh(221) @ 1153507000: uvm_test_top.env.ahb_predictor [REG_PREDICT] Observed WRITE transaction to register regmodel.DLL: value='h64 : updated value = 'h64
# UVM_INFO ./../regmodel/uart_reg2ahb_adapter.sv(42) @ 1153508000: reporter [uart_reg2ahb_adapter] bus2reg: address = 0x8 data = 0x0 kind = UVM_WRITE status = UVM_IS_OK
# UVM_INFO /ictc/other/tools/QuestaDVA/questasim/verilog_src/uvm-1.2/src/reg/uvm_reg_predictor.svh(221) @ 1153508000: uvm_test_top.env.ahb_predictor [REG_PREDICT] Observed WRITE transaction to register regmodel.DLH: value='h0 : updated value = 'h0
# UVM_INFO ./../regmodel/uart_reg2ahb_adapter.sv(42) @ 1153508000: reporter [uart_reg2ahb_adapter] bus2reg: address = 0xc data = 0x23 kind = UVM_WRITE status = UVM_IS_OK
# UVM_INFO /ictc/other/tools/QuestaDVA/questasim/verilog_src/uvm-1.2/src/reg/uvm_reg_predictor.svh(221) @ 1153508000: uvm_test_top.env.ahb_predictor [REG_PREDICT] Observed WRITE transaction to register regmodel.LCR: value='h23 : updated value = 'h23
# UVM_INFO ./../regmodel/uart_reg2ahb_adapter.sv(42) @ 1153508000: reporter [uart_reg2ahb_adapter] bus2reg: address = 0x10 data = 0x8 kind = UVM_WRITE status = UVM_IS_OK
# UVM_INFO /ictc/other/tools/QuestaDVA/questasim/verilog_src/uvm-1.2/src/reg/uvm_reg_predictor.svh(221) @ 1153508000: uvm_test_top.env.ahb_predictor [REG_PREDICT] Observed WRITE transaction to register regmodel.IER: value='h8 : updated value = 'h8
# ===== Received Data from IER =====
# UVM_INFO ./../regmodel/uart_reg2ahb_adapter.sv(42) @ 1153508000: reporter [uart_reg2ahb_adapter] bus2reg: address = 0x14 data = 0x6 kind = UVM_READ status = UVM_IS_OK
# UVM_INFO /ictc/other/tools/QuestaDVA/questasim/verilog_src/uvm-1.2/src/reg/uvm_reg_predictor.svh(225) @ 1153508000: uvm_test_top.env.ahb_predictor [REG_PREDICT] Observed READ transaction to register regmodel.FSR: value='h6
# UVM_ERROR ./../sequences/ahb_rxd_rx_empty_sequence.sv(130) @ 1153518000: uvm_test_top.env.ahb_agt.sequencer@@rx_empty [ahb_rxd_rx_empty_sequence] 
# ===== FAILED!!! RX_EMPTY_STATUS is not right =====
# UVM_INFO ./../regmodel/uart_reg2ahb_adapter.sv(42) @ 1153778000: reporter [uart_reg2ahb_adapter] bus2reg: address = 0x14 data = 0x6 kind = UVM_READ status = UVM_IS_OK
# UVM_INFO /ictc/other/tools/QuestaDVA/questasim/verilog_src/uvm-1.2/src/reg/uvm_reg_predictor.svh(225) @ 1153778000: uvm_test_top.env.ahb_predictor [REG_PREDICT] Observed READ transaction to register regmodel.FSR: value='h6
# UVM_INFO ./../testcases/uart_rxd_interrupt.sv(40) @ 1163788000: uvm_test_top [uart_rxd_interrupt] --------------------------------------------------------------
# Name                Type                Size  Value           
# --------------------------------------------------------------
# cfg                 uart_configuration  -     @360            
#   parity_mode       parity_mode_e       32    UART_PARITY_NONE
#   sampling          sampling_mode_e     32    MODE_X16        
#   data_width        integral            32    'h8             
#   num_of_stop_bit   integral            32    'h1             
#   baud_rate         integral            32    'h1c200         
#   baud_rate_enable  integral            1     'h0             
#   parity_enable     integral            1     'h0             
#   interrupt_enable  integral            1     'h0             
# --------------------------------------------------------------
# 
# UVM_INFO ./../regmodel/uart_reg2ahb_adapter.sv(42) @ 1163788000: reporter [uart_reg2ahb_adapter] bus2reg: address = 0x0 data = 0x0 kind = UVM_WRITE status = UVM_IS_OK
# UVM_INFO /ictc/other/tools/QuestaDVA/questasim/verilog_src/uvm-1.2/src/reg/uvm_reg_predictor.svh(221) @ 1163788000: uvm_test_top.env.ahb_predictor [REG_PREDICT] Observed WRITE transaction to register regmodel.MDR: value='h0 : updated value = 'h0
# UVM_INFO ./../regmodel/uart_reg2ahb_adapter.sv(42) @ 1163788000: reporter [uart_reg2ahb_adapter] bus2reg: address = 0x4 data = 0x36 kind = UVM_WRITE status = UVM_IS_OK
# UVM_INFO /ictc/other/tools/QuestaDVA/questasim/verilog_src/uvm-1.2/src/reg/uvm_reg_predictor.svh(221) @ 1163788000: uvm_test_top.env.ahb_predictor [REG_PREDICT] Observed WRITE transaction to register regmodel.DLL: value='h36 : updated value = 'h36
# UVM_INFO ./../regmodel/uart_reg2ahb_adapter.sv(42) @ 1163788000: reporter [uart_reg2ahb_adapter] bus2reg: address = 0x8 data = 0x0 kind = UVM_WRITE status = UVM_IS_OK
# UVM_INFO /ictc/other/tools/QuestaDVA/questasim/verilog_src/uvm-1.2/src/reg/uvm_reg_predictor.svh(221) @ 1163788000: uvm_test_top.env.ahb_predictor [REG_PREDICT] Observed WRITE transaction to register regmodel.DLH: value='h0 : updated value = 'h0
# UVM_INFO ./../regmodel/uart_reg2ahb_adapter.sv(42) @ 1163788000: reporter [uart_reg2ahb_adapter] bus2reg: address = 0xc data = 0x23 kind = UVM_WRITE status = UVM_IS_OK
# UVM_INFO /ictc/other/tools/QuestaDVA/questasim/verilog_src/uvm-1.2/src/reg/uvm_reg_predictor.svh(221) @ 1163788000: uvm_test_top.env.ahb_predictor [REG_PREDICT] Observed WRITE transaction to register regmodel.LCR: value='h23 : updated value = 'h23
# UVM_INFO ./../regmodel/uart_reg2ahb_adapter.sv(42) @ 1163788000: reporter [uart_reg2ahb_adapter] bus2reg: address = 0x10 data = 0x8 kind = UVM_WRITE status = UVM_IS_OK
# UVM_INFO /ictc/other/tools/QuestaDVA/questasim/verilog_src/uvm-1.2/src/reg/uvm_reg_predictor.svh(221) @ 1163788000: uvm_test_top.env.ahb_predictor [REG_PREDICT] Observed WRITE transaction to register regmodel.IER: value='h8 : updated value = 'h8
# ===== Received Data from IER =====
# UVM_INFO ./../regmodel/uart_reg2ahb_adapter.sv(42) @ 1163788000: reporter [uart_reg2ahb_adapter] bus2reg: address = 0x14 data = 0x6 kind = UVM_READ status = UVM_IS_OK
# UVM_INFO /ictc/other/tools/QuestaDVA/questasim/verilog_src/uvm-1.2/src/reg/uvm_reg_predictor.svh(225) @ 1163788000: uvm_test_top.env.ahb_predictor [REG_PREDICT] Observed READ transaction to register regmodel.FSR: value='h6
# UVM_ERROR ./../sequences/ahb_rxd_rx_empty_sequence.sv(130) @ 1163798000: uvm_test_top.env.ahb_agt.sequencer@@rx_empty [ahb_rxd_rx_empty_sequence] 
# ===== FAILED!!! RX_EMPTY_STATUS is not right =====
# UVM_INFO ./../regmodel/uart_reg2ahb_adapter.sv(42) @ 1163968000: reporter [uart_reg2ahb_adapter] bus2reg: address = 0x14 data = 0x6 kind = UVM_READ status = UVM_IS_OK
# UVM_INFO /ictc/other/tools/QuestaDVA/questasim/verilog_src/uvm-1.2/src/reg/uvm_reg_predictor.svh(225) @ 1163968000: uvm_test_top.env.ahb_predictor [REG_PREDICT] Observed READ transaction to register regmodel.FSR: value='h6
# UVM_INFO ./../testcases/uart_rxd_interrupt.sv(40) @ 1173978000: uvm_test_top [uart_rxd_interrupt] --------------------------------------------------------------
# Name                Type                Size  Value           
# --------------------------------------------------------------
# cfg                 uart_configuration  -     @360            
#   parity_mode       parity_mode_e       32    UART_PARITY_NONE
#   sampling          sampling_mode_e     32    MODE_X13        
#   data_width        integral            32    'h8             
#   num_of_stop_bit   integral            32    'h1             
#   baud_rate         integral            32    'h1c200         
#   baud_rate_enable  integral            1     'h0             
#   parity_enable     integral            1     'h0             
#   interrupt_enable  integral            1     'h0             
# --------------------------------------------------------------
# 
# UVM_INFO ./../regmodel/uart_reg2ahb_adapter.sv(42) @ 1173979000: reporter [uart_reg2ahb_adapter] bus2reg: address = 0x0 data = 0x1 kind = UVM_WRITE status = UVM_IS_OK
# UVM_INFO /ictc/other/tools/QuestaDVA/questasim/verilog_src/uvm-1.2/src/reg/uvm_reg_predictor.svh(221) @ 1173979000: uvm_test_top.env.ahb_predictor [REG_PREDICT] Observed WRITE transaction to register regmodel.MDR: value='h1 : updated value = 'h1
# UVM_INFO ./../regmodel/uart_reg2ahb_adapter.sv(42) @ 1173979000: reporter [uart_reg2ahb_adapter] bus2reg: address = 0x4 data = 0x43 kind = UVM_WRITE status = UVM_IS_OK
# UVM_INFO /ictc/other/tools/QuestaDVA/questasim/verilog_src/uvm-1.2/src/reg/uvm_reg_predictor.svh(221) @ 1173979000: uvm_test_top.env.ahb_predictor [REG_PREDICT] Observed WRITE transaction to register regmodel.DLL: value='h43 : updated value = 'h43
# UVM_INFO ./../regmodel/uart_reg2ahb_adapter.sv(42) @ 1173979000: reporter [uart_reg2ahb_adapter] bus2reg: address = 0x8 data = 0x0 kind = UVM_WRITE status = UVM_IS_OK
# UVM_INFO /ictc/other/tools/QuestaDVA/questasim/verilog_src/uvm-1.2/src/reg/uvm_reg_predictor.svh(221) @ 1173979000: uvm_test_top.env.ahb_predictor [REG_PREDICT] Observed WRITE transaction to register regmodel.DLH: value='h0 : updated value = 'h0
# UVM_INFO ./../regmodel/uart_reg2ahb_adapter.sv(42) @ 1173979000: reporter [uart_reg2ahb_adapter] bus2reg: address = 0xc data = 0x23 kind = UVM_WRITE status = UVM_IS_OK
# UVM_INFO /ictc/other/tools/QuestaDVA/questasim/verilog_src/uvm-1.2/src/reg/uvm_reg_predictor.svh(221) @ 1173979000: uvm_test_top.env.ahb_predictor [REG_PREDICT] Observed WRITE transaction to register regmodel.LCR: value='h23 : updated value = 'h23
# UVM_INFO ./../regmodel/uart_reg2ahb_adapter.sv(42) @ 1173979000: reporter [uart_reg2ahb_adapter] bus2reg: address = 0x10 data = 0x8 kind = UVM_WRITE status = UVM_IS_OK
# UVM_INFO /ictc/other/tools/QuestaDVA/questasim/verilog_src/uvm-1.2/src/reg/uvm_reg_predictor.svh(221) @ 1173979000: uvm_test_top.env.ahb_predictor [REG_PREDICT] Observed WRITE transaction to register regmodel.IER: value='h8 : updated value = 'h8
# ===== Received Data from IER =====
# UVM_INFO ./../regmodel/uart_reg2ahb_adapter.sv(42) @ 1173979000: reporter [uart_reg2ahb_adapter] bus2reg: address = 0x14 data = 0x6 kind = UVM_READ status = UVM_IS_OK
# UVM_INFO /ictc/other/tools/QuestaDVA/questasim/verilog_src/uvm-1.2/src/reg/uvm_reg_predictor.svh(225) @ 1173979000: uvm_test_top.env.ahb_predictor [REG_PREDICT] Observed READ transaction to register regmodel.FSR: value='h6
# UVM_ERROR ./../sequences/ahb_rxd_rx_empty_sequence.sv(130) @ 1173989000: uvm_test_top.env.ahb_agt.sequencer@@rx_empty [ahb_rxd_rx_empty_sequence] 
# ===== FAILED!!! RX_EMPTY_STATUS is not right =====
# UVM_INFO ./../regmodel/uart_reg2ahb_adapter.sv(42) @ 1174159000: reporter [uart_reg2ahb_adapter] bus2reg: address = 0x14 data = 0x6 kind = UVM_READ status = UVM_IS_OK
# UVM_INFO /ictc/other/tools/QuestaDVA/questasim/verilog_src/uvm-1.2/src/reg/uvm_reg_predictor.svh(225) @ 1174159000: uvm_test_top.env.ahb_predictor [REG_PREDICT] Observed READ transaction to register regmodel.FSR: value='h6
# UVM_INFO ./../testcases/uart_rxd_interrupt.sv(40) @ 1184169000: uvm_test_top [uart_rxd_interrupt] --------------------------------------------------------------
# Name                Type                Size  Value           
# --------------------------------------------------------------
# cfg                 uart_configuration  -     @360            
#   parity_mode       parity_mode_e       32    UART_PARITY_NONE
#   sampling          sampling_mode_e     32    MODE_X16        
#   data_width        integral            32    'h8             
#   num_of_stop_bit   integral            32    'h2             
#   baud_rate         integral            32    'h960           
#   baud_rate_enable  integral            1     'h0             
#   parity_enable     integral            1     'h0             
#   interrupt_enable  integral            1     'h0             
# --------------------------------------------------------------
# 
# UVM_INFO ./../regmodel/uart_reg2ahb_adapter.sv(42) @ 1184169000: reporter [uart_reg2ahb_adapter] bus2reg: address = 0x0 data = 0x0 kind = UVM_WRITE status = UVM_IS_OK
# UVM_INFO /ictc/other/tools/QuestaDVA/questasim/verilog_src/uvm-1.2/src/reg/uvm_reg_predictor.svh(221) @ 1184169000: uvm_test_top.env.ahb_predictor [REG_PREDICT] Observed WRITE transaction to register regmodel.MDR: value='h0 : updated value = 'h0
# UVM_INFO ./../regmodel/uart_reg2ahb_adapter.sv(42) @ 1184169000: reporter [uart_reg2ahb_adapter] bus2reg: address = 0x4 data = 0x2c kind = UVM_WRITE status = UVM_IS_OK
# UVM_INFO /ictc/other/tools/QuestaDVA/questasim/verilog_src/uvm-1.2/src/reg/uvm_reg_predictor.svh(221) @ 1184169000: uvm_test_top.env.ahb_predictor [REG_PREDICT] Observed WRITE transaction to register regmodel.DLL: value='h2c : updated value = 'h2c
# UVM_INFO ./../regmodel/uart_reg2ahb_adapter.sv(42) @ 1184169000: reporter [uart_reg2ahb_adapter] bus2reg: address = 0x8 data = 0xa kind = UVM_WRITE status = UVM_IS_OK
# UVM_INFO /ictc/other/tools/QuestaDVA/questasim/verilog_src/uvm-1.2/src/reg/uvm_reg_predictor.svh(221) @ 1184169000: uvm_test_top.env.ahb_predictor [REG_PREDICT] Observed WRITE transaction to register regmodel.DLH: value='ha : updated value = 'ha
# UVM_INFO ./../regmodel/uart_reg2ahb_adapter.sv(42) @ 1184169000: reporter [uart_reg2ahb_adapter] bus2reg: address = 0xc data = 0x27 kind = UVM_WRITE status = UVM_IS_OK
# UVM_INFO /ictc/other/tools/QuestaDVA/questasim/verilog_src/uvm-1.2/src/reg/uvm_reg_predictor.svh(221) @ 1184169000: uvm_test_top.env.ahb_predictor [REG_PREDICT] Observed WRITE transaction to register regmodel.LCR: value='h27 : updated value = 'h27
# UVM_INFO ./../regmodel/uart_reg2ahb_adapter.sv(42) @ 1184169000: reporter [uart_reg2ahb_adapter] bus2reg: address = 0x10 data = 0x8 kind = UVM_WRITE status = UVM_IS_OK
# UVM_INFO /ictc/other/tools/QuestaDVA/questasim/verilog_src/uvm-1.2/src/reg/uvm_reg_predictor.svh(221) @ 1184169000: uvm_test_top.env.ahb_predictor [REG_PREDICT] Observed WRITE transaction to register regmodel.IER: value='h8 : updated value = 'h8
# ===== Received Data from IER =====
# UVM_INFO ./../regmodel/uart_reg2ahb_adapter.sv(42) @ 1184170000: reporter [uart_reg2ahb_adapter] bus2reg: address = 0x14 data = 0x6 kind = UVM_READ status = UVM_IS_OK
# UVM_INFO /ictc/other/tools/QuestaDVA/questasim/verilog_src/uvm-1.2/src/reg/uvm_reg_predictor.svh(225) @ 1184170000: uvm_test_top.env.ahb_predictor [REG_PREDICT] Observed READ transaction to register regmodel.FSR: value='h6
# UVM_ERROR ./../sequences/ahb_rxd_rx_empty_sequence.sv(130) @ 1184180000: uvm_test_top.env.ahb_agt.sequencer@@rx_empty [ahb_rxd_rx_empty_sequence] 
# ===== FAILED!!! RX_EMPTY_STATUS is not right =====
# UVM_INFO ./../regmodel/uart_reg2ahb_adapter.sv(42) @ 1193343000: reporter [uart_reg2ahb_adapter] bus2reg: address = 0x14 data = 0x6 kind = UVM_READ status = UVM_IS_OK
# UVM_INFO /ictc/other/tools/QuestaDVA/questasim/verilog_src/uvm-1.2/src/reg/uvm_reg_predictor.svh(225) @ 1193343000: uvm_test_top.env.ahb_predictor [REG_PREDICT] Observed READ transaction to register regmodel.FSR: value='h6
# UVM_INFO ./../testcases/uart_rxd_interrupt.sv(40) @ 1203353000: uvm_test_top [uart_rxd_interrupt] --------------------------------------------------------------
# Name                Type                Size  Value           
# --------------------------------------------------------------
# cfg                 uart_configuration  -     @360            
#   parity_mode       parity_mode_e       32    UART_PARITY_NONE
#   sampling          sampling_mode_e     32    MODE_X13        
#   data_width        integral            32    'h8             
#   num_of_stop_bit   integral            32    'h2             
#   baud_rate         integral            32    'h960           
#   baud_rate_enable  integral            1     'h0             
#   parity_enable     integral            1     'h0             
#   interrupt_enable  integral            1     'h0             
# --------------------------------------------------------------
# 
# UVM_INFO ./../regmodel/uart_reg2ahb_adapter.sv(42) @ 1203353000: reporter [uart_reg2ahb_adapter] bus2reg: address = 0x0 data = 0x1 kind = UVM_WRITE status = UVM_IS_OK
# UVM_INFO /ictc/other/tools/QuestaDVA/questasim/verilog_src/uvm-1.2/src/reg/uvm_reg_predictor.svh(221) @ 1203353000: uvm_test_top.env.ahb_predictor [REG_PREDICT] Observed WRITE transaction to register regmodel.MDR: value='h1 : updated value = 'h1
# UVM_INFO ./../regmodel/uart_reg2ahb_adapter.sv(42) @ 1203353000: reporter [uart_reg2ahb_adapter] bus2reg: address = 0x4 data = 0x85 kind = UVM_WRITE status = UVM_IS_OK
# UVM_INFO /ictc/other/tools/QuestaDVA/questasim/verilog_src/uvm-1.2/src/reg/uvm_reg_predictor.svh(221) @ 1203353000: uvm_test_top.env.ahb_predictor [REG_PREDICT] Observed WRITE transaction to register regmodel.DLL: value='h85 : updated value = 'h85
# UVM_INFO ./../regmodel/uart_reg2ahb_adapter.sv(42) @ 1203353000: reporter [uart_reg2ahb_adapter] bus2reg: address = 0x8 data = 0xc kind = UVM_WRITE status = UVM_IS_OK
# UVM_INFO /ictc/other/tools/QuestaDVA/questasim/verilog_src/uvm-1.2/src/reg/uvm_reg_predictor.svh(221) @ 1203353000: uvm_test_top.env.ahb_predictor [REG_PREDICT] Observed WRITE transaction to register regmodel.DLH: value='hc : updated value = 'hc
# UVM_INFO ./../regmodel/uart_reg2ahb_adapter.sv(42) @ 1203353000: reporter [uart_reg2ahb_adapter] bus2reg: address = 0xc data = 0x27 kind = UVM_WRITE status = UVM_IS_OK
# UVM_INFO /ictc/other/tools/QuestaDVA/questasim/verilog_src/uvm-1.2/src/reg/uvm_reg_predictor.svh(221) @ 1203353000: uvm_test_top.env.ahb_predictor [REG_PREDICT] Observed WRITE transaction to register regmodel.LCR: value='h27 : updated value = 'h27
# UVM_INFO ./../regmodel/uart_reg2ahb_adapter.sv(42) @ 1203353000: reporter [uart_reg2ahb_adapter] bus2reg: address = 0x10 data = 0x8 kind = UVM_WRITE status = UVM_IS_OK
# UVM_INFO /ictc/other/tools/QuestaDVA/questasim/verilog_src/uvm-1.2/src/reg/uvm_reg_predictor.svh(221) @ 1203353000: uvm_test_top.env.ahb_predictor [REG_PREDICT] Observed WRITE transaction to register regmodel.IER: value='h8 : updated value = 'h8
# ===== Received Data from IER =====
# UVM_INFO ./../regmodel/uart_reg2ahb_adapter.sv(42) @ 1203353000: reporter [uart_reg2ahb_adapter] bus2reg: address = 0x14 data = 0x6 kind = UVM_READ status = UVM_IS_OK
# UVM_INFO /ictc/other/tools/QuestaDVA/questasim/verilog_src/uvm-1.2/src/reg/uvm_reg_predictor.svh(225) @ 1203353000: uvm_test_top.env.ahb_predictor [REG_PREDICT] Observed READ transaction to register regmodel.FSR: value='h6
# UVM_ERROR ./../sequences/ahb_rxd_rx_empty_sequence.sv(130) @ 1203363000: uvm_test_top.env.ahb_agt.sequencer@@rx_empty [ahb_rxd_rx_empty_sequence] 
# ===== FAILED!!! RX_EMPTY_STATUS is not right =====
# UVM_INFO ./../regmodel/uart_reg2ahb_adapter.sv(42) @ 1212526000: reporter [uart_reg2ahb_adapter] bus2reg: address = 0x14 data = 0x6 kind = UVM_READ status = UVM_IS_OK
# UVM_INFO /ictc/other/tools/QuestaDVA/questasim/verilog_src/uvm-1.2/src/reg/uvm_reg_predictor.svh(225) @ 1212526000: uvm_test_top.env.ahb_predictor [REG_PREDICT] Observed READ transaction to register regmodel.FSR: value='h6
# UVM_INFO ./../testcases/uart_rxd_interrupt.sv(40) @ 1222536000: uvm_test_top [uart_rxd_interrupt] --------------------------------------------------------------
# Name                Type                Size  Value           
# --------------------------------------------------------------
# cfg                 uart_configuration  -     @360            
#   parity_mode       parity_mode_e       32    UART_PARITY_NONE
#   sampling          sampling_mode_e     32    MODE_X16        
#   data_width        integral            32    'h8             
#   num_of_stop_bit   integral            32    'h2             
#   baud_rate         integral            32    'h12c0          
#   baud_rate_enable  integral            1     'h0             
#   parity_enable     integral            1     'h0             
#   interrupt_enable  integral            1     'h0             
# --------------------------------------------------------------
# 
# UVM_INFO ./../regmodel/uart_reg2ahb_adapter.sv(42) @ 1222536000: reporter [uart_reg2ahb_adapter] bus2reg: address = 0x0 data = 0x0 kind = UVM_WRITE status = UVM_IS_OK
# UVM_INFO /ictc/other/tools/QuestaDVA/questasim/verilog_src/uvm-1.2/src/reg/uvm_reg_predictor.svh(221) @ 1222536000: uvm_test_top.env.ahb_predictor [REG_PREDICT] Observed WRITE transaction to register regmodel.MDR: value='h0 : updated value = 'h0
# UVM_INFO ./../regmodel/uart_reg2ahb_adapter.sv(42) @ 1222536000: reporter [uart_reg2ahb_adapter] bus2reg: address = 0x4 data = 0x16 kind = UVM_WRITE status = UVM_IS_OK
# UVM_INFO /ictc/other/tools/QuestaDVA/questasim/verilog_src/uvm-1.2/src/reg/uvm_reg_predictor.svh(221) @ 1222536000: uvm_test_top.env.ahb_predictor [REG_PREDICT] Observed WRITE transaction to register regmodel.DLL: value='h16 : updated value = 'h16
# UVM_INFO ./../regmodel/uart_reg2ahb_adapter.sv(42) @ 1222536000: reporter [uart_reg2ahb_adapter] bus2reg: address = 0x8 data = 0x5 kind = UVM_WRITE status = UVM_IS_OK
# UVM_INFO /ictc/other/tools/QuestaDVA/questasim/verilog_src/uvm-1.2/src/reg/uvm_reg_predictor.svh(221) @ 1222536000: uvm_test_top.env.ahb_predictor [REG_PREDICT] Observed WRITE transaction to register regmodel.DLH: value='h5 : updated value = 'h5
# UVM_INFO ./../regmodel/uart_reg2ahb_adapter.sv(42) @ 1222536000: reporter [uart_reg2ahb_adapter] bus2reg: address = 0xc data = 0x27 kind = UVM_WRITE status = UVM_IS_OK
# UVM_INFO /ictc/other/tools/QuestaDVA/questasim/verilog_src/uvm-1.2/src/reg/uvm_reg_predictor.svh(221) @ 1222536000: uvm_test_top.env.ahb_predictor [REG_PREDICT] Observed WRITE transaction to register regmodel.LCR: value='h27 : updated value = 'h27
# UVM_INFO ./../regmodel/uart_reg2ahb_adapter.sv(42) @ 1222537000: reporter [uart_reg2ahb_adapter] bus2reg: address = 0x10 data = 0x8 kind = UVM_WRITE status = UVM_IS_OK
# UVM_INFO /ictc/other/tools/QuestaDVA/questasim/verilog_src/uvm-1.2/src/reg/uvm_reg_predictor.svh(221) @ 1222537000: uvm_test_top.env.ahb_predictor [REG_PREDICT] Observed WRITE transaction to register regmodel.IER: value='h8 : updated value = 'h8
# ===== Received Data from IER =====
# UVM_INFO ./../regmodel/uart_reg2ahb_adapter.sv(42) @ 1222537000: reporter [uart_reg2ahb_adapter] bus2reg: address = 0x14 data = 0x6 kind = UVM_READ status = UVM_IS_OK
# UVM_INFO /ictc/other/tools/QuestaDVA/questasim/verilog_src/uvm-1.2/src/reg/uvm_reg_predictor.svh(225) @ 1222537000: uvm_test_top.env.ahb_predictor [REG_PREDICT] Observed READ transaction to register regmodel.FSR: value='h6
# UVM_ERROR ./../sequences/ahb_rxd_rx_empty_sequence.sv(130) @ 1222547000: uvm_test_top.env.ahb_agt.sequencer@@rx_empty [ahb_rxd_rx_empty_sequence] 
# ===== FAILED!!! RX_EMPTY_STATUS is not right =====
# UVM_INFO ./../regmodel/uart_reg2ahb_adapter.sv(42) @ 1227134000: reporter [uart_reg2ahb_adapter] bus2reg: address = 0x14 data = 0x6 kind = UVM_READ status = UVM_IS_OK
# UVM_INFO /ictc/other/tools/QuestaDVA/questasim/verilog_src/uvm-1.2/src/reg/uvm_reg_predictor.svh(225) @ 1227134000: uvm_test_top.env.ahb_predictor [REG_PREDICT] Observed READ transaction to register regmodel.FSR: value='h6
# UVM_INFO ./../testcases/uart_rxd_interrupt.sv(40) @ 1237144000: uvm_test_top [uart_rxd_interrupt] --------------------------------------------------------------
# Name                Type                Size  Value           
# --------------------------------------------------------------
# cfg                 uart_configuration  -     @360            
#   parity_mode       parity_mode_e       32    UART_PARITY_NONE
#   sampling          sampling_mode_e     32    MODE_X13        
#   data_width        integral            32    'h8             
#   num_of_stop_bit   integral            32    'h2             
#   baud_rate         integral            32    'h12c0          
#   baud_rate_enable  integral            1     'h0             
#   parity_enable     integral            1     'h0             
#   interrupt_enable  integral            1     'h0             
# --------------------------------------------------------------
# 
# UVM_INFO ./../regmodel/uart_reg2ahb_adapter.sv(42) @ 1237144000: reporter [uart_reg2ahb_adapter] bus2reg: address = 0x0 data = 0x1 kind = UVM_WRITE status = UVM_IS_OK
# UVM_INFO /ictc/other/tools/QuestaDVA/questasim/verilog_src/uvm-1.2/src/reg/uvm_reg_predictor.svh(221) @ 1237144000: uvm_test_top.env.ahb_predictor [REG_PREDICT] Observed WRITE transaction to register regmodel.MDR: value='h1 : updated value = 'h1
# UVM_INFO ./../regmodel/uart_reg2ahb_adapter.sv(42) @ 1237144000: reporter [uart_reg2ahb_adapter] bus2reg: address = 0x4 data = 0x42 kind = UVM_WRITE status = UVM_IS_OK
# UVM_INFO /ictc/other/tools/QuestaDVA/questasim/verilog_src/uvm-1.2/src/reg/uvm_reg_predictor.svh(221) @ 1237144000: uvm_test_top.env.ahb_predictor [REG_PREDICT] Observed WRITE transaction to register regmodel.DLL: value='h42 : updated value = 'h42
# UVM_INFO ./../regmodel/uart_reg2ahb_adapter.sv(42) @ 1237144000: reporter [uart_reg2ahb_adapter] bus2reg: address = 0x8 data = 0x6 kind = UVM_WRITE status = UVM_IS_OK
# UVM_INFO /ictc/other/tools/QuestaDVA/questasim/verilog_src/uvm-1.2/src/reg/uvm_reg_predictor.svh(221) @ 1237144000: uvm_test_top.env.ahb_predictor [REG_PREDICT] Observed WRITE transaction to register regmodel.DLH: value='h6 : updated value = 'h6
# UVM_INFO ./../regmodel/uart_reg2ahb_adapter.sv(42) @ 1237144000: reporter [uart_reg2ahb_adapter] bus2reg: address = 0xc data = 0x27 kind = UVM_WRITE status = UVM_IS_OK
# UVM_INFO /ictc/other/tools/QuestaDVA/questasim/verilog_src/uvm-1.2/src/reg/uvm_reg_predictor.svh(221) @ 1237144000: uvm_test_top.env.ahb_predictor [REG_PREDICT] Observed WRITE transaction to register regmodel.LCR: value='h27 : updated value = 'h27
# UVM_INFO ./../regmodel/uart_reg2ahb_adapter.sv(42) @ 1237144000: reporter [uart_reg2ahb_adapter] bus2reg: address = 0x10 data = 0x8 kind = UVM_WRITE status = UVM_IS_OK
# UVM_INFO /ictc/other/tools/QuestaDVA/questasim/verilog_src/uvm-1.2/src/reg/uvm_reg_predictor.svh(221) @ 1237144000: uvm_test_top.env.ahb_predictor [REG_PREDICT] Observed WRITE transaction to register regmodel.IER: value='h8 : updated value = 'h8
# ===== Received Data from IER =====
# UVM_INFO ./../regmodel/uart_reg2ahb_adapter.sv(42) @ 1237144000: reporter [uart_reg2ahb_adapter] bus2reg: address = 0x14 data = 0x6 kind = UVM_READ status = UVM_IS_OK
# UVM_INFO /ictc/other/tools/QuestaDVA/questasim/verilog_src/uvm-1.2/src/reg/uvm_reg_predictor.svh(225) @ 1237144000: uvm_test_top.env.ahb_predictor [REG_PREDICT] Observed READ transaction to register regmodel.FSR: value='h6
# UVM_ERROR ./../sequences/ahb_rxd_rx_empty_sequence.sv(130) @ 1237154000: uvm_test_top.env.ahb_agt.sequencer@@rx_empty [ahb_rxd_rx_empty_sequence] 
# ===== FAILED!!! RX_EMPTY_STATUS is not right =====
# UVM_INFO ./../regmodel/uart_reg2ahb_adapter.sv(42) @ 1241741000: reporter [uart_reg2ahb_adapter] bus2reg: address = 0x14 data = 0x6 kind = UVM_READ status = UVM_IS_OK
# UVM_INFO /ictc/other/tools/QuestaDVA/questasim/verilog_src/uvm-1.2/src/reg/uvm_reg_predictor.svh(225) @ 1241741000: uvm_test_top.env.ahb_predictor [REG_PREDICT] Observed READ transaction to register regmodel.FSR: value='h6
# UVM_INFO ./../testcases/uart_rxd_interrupt.sv(40) @ 1251751000: uvm_test_top [uart_rxd_interrupt] --------------------------------------------------------------
# Name                Type                Size  Value           
# --------------------------------------------------------------
# cfg                 uart_configuration  -     @360            
#   parity_mode       parity_mode_e       32    UART_PARITY_NONE
#   sampling          sampling_mode_e     32    MODE_X16        
#   data_width        integral            32    'h8             
#   num_of_stop_bit   integral            32    'h2             
#   baud_rate         integral            32    'h2580          
#   baud_rate_enable  integral            1     'h0             
#   parity_enable     integral            1     'h0             
#   interrupt_enable  integral            1     'h0             
# --------------------------------------------------------------
# 
# UVM_INFO ./../regmodel/uart_reg2ahb_adapter.sv(42) @ 1251751000: reporter [uart_reg2ahb_adapter] bus2reg: address = 0x0 data = 0x0 kind = UVM_WRITE status = UVM_IS_OK
# UVM_INFO /ictc/other/tools/QuestaDVA/questasim/verilog_src/uvm-1.2/src/reg/uvm_reg_predictor.svh(221) @ 1251751000: uvm_test_top.env.ahb_predictor [REG_PREDICT] Observed WRITE transaction to register regmodel.MDR: value='h0 : updated value = 'h0
# UVM_INFO ./../regmodel/uart_reg2ahb_adapter.sv(42) @ 1251751000: reporter [uart_reg2ahb_adapter] bus2reg: address = 0x4 data = 0x8b kind = UVM_WRITE status = UVM_IS_OK
# UVM_INFO /ictc/other/tools/QuestaDVA/questasim/verilog_src/uvm-1.2/src/reg/uvm_reg_predictor.svh(221) @ 1251751000: uvm_test_top.env.ahb_predictor [REG_PREDICT] Observed WRITE transaction to register regmodel.DLL: value='h8b : updated value = 'h8b
# UVM_INFO ./../regmodel/uart_reg2ahb_adapter.sv(42) @ 1251751000: reporter [uart_reg2ahb_adapter] bus2reg: address = 0x8 data = 0x2 kind = UVM_WRITE status = UVM_IS_OK
# UVM_INFO /ictc/other/tools/QuestaDVA/questasim/verilog_src/uvm-1.2/src/reg/uvm_reg_predictor.svh(221) @ 1251751000: uvm_test_top.env.ahb_predictor [REG_PREDICT] Observed WRITE transaction to register regmodel.DLH: value='h2 : updated value = 'h2
# UVM_INFO ./../regmodel/uart_reg2ahb_adapter.sv(42) @ 1251752000: reporter [uart_reg2ahb_adapter] bus2reg: address = 0xc data = 0x27 kind = UVM_WRITE status = UVM_IS_OK
# UVM_INFO /ictc/other/tools/QuestaDVA/questasim/verilog_src/uvm-1.2/src/reg/uvm_reg_predictor.svh(221) @ 1251752000: uvm_test_top.env.ahb_predictor [REG_PREDICT] Observed WRITE transaction to register regmodel.LCR: value='h27 : updated value = 'h27
# UVM_INFO ./../regmodel/uart_reg2ahb_adapter.sv(42) @ 1251752000: reporter [uart_reg2ahb_adapter] bus2reg: address = 0x10 data = 0x8 kind = UVM_WRITE status = UVM_IS_OK
# UVM_INFO /ictc/other/tools/QuestaDVA/questasim/verilog_src/uvm-1.2/src/reg/uvm_reg_predictor.svh(221) @ 1251752000: uvm_test_top.env.ahb_predictor [REG_PREDICT] Observed WRITE transaction to register regmodel.IER: value='h8 : updated value = 'h8
# ===== Received Data from IER =====
# UVM_INFO ./../regmodel/uart_reg2ahb_adapter.sv(42) @ 1251752000: reporter [uart_reg2ahb_adapter] bus2reg: address = 0x14 data = 0x6 kind = UVM_READ status = UVM_IS_OK
# UVM_INFO /ictc/other/tools/QuestaDVA/questasim/verilog_src/uvm-1.2/src/reg/uvm_reg_predictor.svh(225) @ 1251752000: uvm_test_top.env.ahb_predictor [REG_PREDICT] Observed READ transaction to register regmodel.FSR: value='h6
# UVM_ERROR ./../sequences/ahb_rxd_rx_empty_sequence.sv(130) @ 1251762000: uvm_test_top.env.ahb_agt.sequencer@@rx_empty [ahb_rxd_rx_empty_sequence] 
# ===== FAILED!!! RX_EMPTY_STATUS is not right =====
# UVM_INFO ./../regmodel/uart_reg2ahb_adapter.sv(42) @ 1254050000: reporter [uart_reg2ahb_adapter] bus2reg: address = 0x14 data = 0x6 kind = UVM_READ status = UVM_IS_OK
# UVM_INFO /ictc/other/tools/QuestaDVA/questasim/verilog_src/uvm-1.2/src/reg/uvm_reg_predictor.svh(225) @ 1254050000: uvm_test_top.env.ahb_predictor [REG_PREDICT] Observed READ transaction to register regmodel.FSR: value='h6
# UVM_INFO ./../testcases/uart_rxd_interrupt.sv(40) @ 1264060000: uvm_test_top [uart_rxd_interrupt] --------------------------------------------------------------
# Name                Type                Size  Value           
# --------------------------------------------------------------
# cfg                 uart_configuration  -     @360            
#   parity_mode       parity_mode_e       32    UART_PARITY_NONE
#   sampling          sampling_mode_e     32    MODE_X13        
#   data_width        integral            32    'h8             
#   num_of_stop_bit   integral            32    'h2             
#   baud_rate         integral            32    'h2580          
#   baud_rate_enable  integral            1     'h0             
#   parity_enable     integral            1     'h0             
#   interrupt_enable  integral            1     'h0             
# --------------------------------------------------------------
# 
# UVM_INFO ./../regmodel/uart_reg2ahb_adapter.sv(42) @ 1264060000: reporter [uart_reg2ahb_adapter] bus2reg: address = 0x0 data = 0x1 kind = UVM_WRITE status = UVM_IS_OK
# UVM_INFO /ictc/other/tools/QuestaDVA/questasim/verilog_src/uvm-1.2/src/reg/uvm_reg_predictor.svh(221) @ 1264060000: uvm_test_top.env.ahb_predictor [REG_PREDICT] Observed WRITE transaction to register regmodel.MDR: value='h1 : updated value = 'h1
# UVM_INFO ./../regmodel/uart_reg2ahb_adapter.sv(42) @ 1264060000: reporter [uart_reg2ahb_adapter] bus2reg: address = 0x4 data = 0x21 kind = UVM_WRITE status = UVM_IS_OK
# UVM_INFO /ictc/other/tools/QuestaDVA/questasim/verilog_src/uvm-1.2/src/reg/uvm_reg_predictor.svh(221) @ 1264060000: uvm_test_top.env.ahb_predictor [REG_PREDICT] Observed WRITE transaction to register regmodel.DLL: value='h21 : updated value = 'h21
# UVM_INFO ./../regmodel/uart_reg2ahb_adapter.sv(42) @ 1264060000: reporter [uart_reg2ahb_adapter] bus2reg: address = 0x8 data = 0x3 kind = UVM_WRITE status = UVM_IS_OK
# UVM_INFO /ictc/other/tools/QuestaDVA/questasim/verilog_src/uvm-1.2/src/reg/uvm_reg_predictor.svh(221) @ 1264060000: uvm_test_top.env.ahb_predictor [REG_PREDICT] Observed WRITE transaction to register regmodel.DLH: value='h3 : updated value = 'h3
# UVM_INFO ./../regmodel/uart_reg2ahb_adapter.sv(42) @ 1264060000: reporter [uart_reg2ahb_adapter] bus2reg: address = 0xc data = 0x27 kind = UVM_WRITE status = UVM_IS_OK
# UVM_INFO /ictc/other/tools/QuestaDVA/questasim/verilog_src/uvm-1.2/src/reg/uvm_reg_predictor.svh(221) @ 1264060000: uvm_test_top.env.ahb_predictor [REG_PREDICT] Observed WRITE transaction to register regmodel.LCR: value='h27 : updated value = 'h27
# UVM_INFO ./../regmodel/uart_reg2ahb_adapter.sv(42) @ 1264060000: reporter [uart_reg2ahb_adapter] bus2reg: address = 0x10 data = 0x8 kind = UVM_WRITE status = UVM_IS_OK
# UVM_INFO /ictc/other/tools/QuestaDVA/questasim/verilog_src/uvm-1.2/src/reg/uvm_reg_predictor.svh(221) @ 1264060000: uvm_test_top.env.ahb_predictor [REG_PREDICT] Observed WRITE transaction to register regmodel.IER: value='h8 : updated value = 'h8
# ===== Received Data from IER =====
# UVM_INFO ./../regmodel/uart_reg2ahb_adapter.sv(42) @ 1264060000: reporter [uart_reg2ahb_adapter] bus2reg: address = 0x14 data = 0x6 kind = UVM_READ status = UVM_IS_OK
# UVM_INFO /ictc/other/tools/QuestaDVA/questasim/verilog_src/uvm-1.2/src/reg/uvm_reg_predictor.svh(225) @ 1264060000: uvm_test_top.env.ahb_predictor [REG_PREDICT] Observed READ transaction to register regmodel.FSR: value='h6
# UVM_ERROR ./../sequences/ahb_rxd_rx_empty_sequence.sv(130) @ 1264070000: uvm_test_top.env.ahb_agt.sequencer@@rx_empty [ahb_rxd_rx_empty_sequence] 
# ===== FAILED!!! RX_EMPTY_STATUS is not right =====
# UVM_INFO ./../regmodel/uart_reg2ahb_adapter.sv(42) @ 1266358000: reporter [uart_reg2ahb_adapter] bus2reg: address = 0x14 data = 0x6 kind = UVM_READ status = UVM_IS_OK
# UVM_INFO /ictc/other/tools/QuestaDVA/questasim/verilog_src/uvm-1.2/src/reg/uvm_reg_predictor.svh(225) @ 1266358000: uvm_test_top.env.ahb_predictor [REG_PREDICT] Observed READ transaction to register regmodel.FSR: value='h6
# UVM_INFO ./../testcases/uart_rxd_interrupt.sv(40) @ 1276368000: uvm_test_top [uart_rxd_interrupt] --------------------------------------------------------------
# Name                Type                Size  Value           
# --------------------------------------------------------------
# cfg                 uart_configuration  -     @360            
#   parity_mode       parity_mode_e       32    UART_PARITY_NONE
#   sampling          sampling_mode_e     32    MODE_X16        
#   data_width        integral            32    'h8             
#   num_of_stop_bit   integral            32    'h2             
#   baud_rate         integral            32    'h4b00          
#   baud_rate_enable  integral            1     'h0             
#   parity_enable     integral            1     'h0             
#   interrupt_enable  integral            1     'h0             
# --------------------------------------------------------------
# 
# UVM_INFO ./../regmodel/uart_reg2ahb_adapter.sv(42) @ 1276368000: reporter [uart_reg2ahb_adapter] bus2reg: address = 0x0 data = 0x0 kind = UVM_WRITE status = UVM_IS_OK
# UVM_INFO /ictc/other/tools/QuestaDVA/questasim/verilog_src/uvm-1.2/src/reg/uvm_reg_predictor.svh(221) @ 1276368000: uvm_test_top.env.ahb_predictor [REG_PREDICT] Observed WRITE transaction to register regmodel.MDR: value='h0 : updated value = 'h0
# UVM_INFO ./../regmodel/uart_reg2ahb_adapter.sv(42) @ 1276369000: reporter [uart_reg2ahb_adapter] bus2reg: address = 0x4 data = 0x45 kind = UVM_WRITE status = UVM_IS_OK
# UVM_INFO /ictc/other/tools/QuestaDVA/questasim/verilog_src/uvm-1.2/src/reg/uvm_reg_predictor.svh(221) @ 1276369000: uvm_test_top.env.ahb_predictor [REG_PREDICT] Observed WRITE transaction to register regmodel.DLL: value='h45 : updated value = 'h45
# UVM_INFO ./../regmodel/uart_reg2ahb_adapter.sv(42) @ 1276369000: reporter [uart_reg2ahb_adapter] bus2reg: address = 0x8 data = 0x1 kind = UVM_WRITE status = UVM_IS_OK
# UVM_INFO /ictc/other/tools/QuestaDVA/questasim/verilog_src/uvm-1.2/src/reg/uvm_reg_predictor.svh(221) @ 1276369000: uvm_test_top.env.ahb_predictor [REG_PREDICT] Observed WRITE transaction to register regmodel.DLH: value='h1 : updated value = 'h1
# UVM_INFO ./../regmodel/uart_reg2ahb_adapter.sv(42) @ 1276369000: reporter [uart_reg2ahb_adapter] bus2reg: address = 0xc data = 0x27 kind = UVM_WRITE status = UVM_IS_OK
# UVM_INFO /ictc/other/tools/QuestaDVA/questasim/verilog_src/uvm-1.2/src/reg/uvm_reg_predictor.svh(221) @ 1276369000: uvm_test_top.env.ahb_predictor [REG_PREDICT] Observed WRITE transaction to register regmodel.LCR: value='h27 : updated value = 'h27
# UVM_INFO ./../regmodel/uart_reg2ahb_adapter.sv(42) @ 1276369000: reporter [uart_reg2ahb_adapter] bus2reg: address = 0x10 data = 0x8 kind = UVM_WRITE status = UVM_IS_OK
# UVM_INFO /ictc/other/tools/QuestaDVA/questasim/verilog_src/uvm-1.2/src/reg/uvm_reg_predictor.svh(221) @ 1276369000: uvm_test_top.env.ahb_predictor [REG_PREDICT] Observed WRITE transaction to register regmodel.IER: value='h8 : updated value = 'h8
# ===== Received Data from IER =====
# UVM_INFO ./../regmodel/uart_reg2ahb_adapter.sv(42) @ 1276369000: reporter [uart_reg2ahb_adapter] bus2reg: address = 0x14 data = 0x6 kind = UVM_READ status = UVM_IS_OK
# UVM_INFO /ictc/other/tools/QuestaDVA/questasim/verilog_src/uvm-1.2/src/reg/uvm_reg_predictor.svh(225) @ 1276369000: uvm_test_top.env.ahb_predictor [REG_PREDICT] Observed READ transaction to register regmodel.FSR: value='h6
# UVM_ERROR ./../sequences/ahb_rxd_rx_empty_sequence.sv(130) @ 1276379000: uvm_test_top.env.ahb_agt.sequencer@@rx_empty [ahb_rxd_rx_empty_sequence] 
# ===== FAILED!!! RX_EMPTY_STATUS is not right =====
# UVM_INFO ./../regmodel/uart_reg2ahb_adapter.sv(42) @ 1277523000: reporter [uart_reg2ahb_adapter] bus2reg: address = 0x14 data = 0x6 kind = UVM_READ status = UVM_IS_OK
# UVM_INFO /ictc/other/tools/QuestaDVA/questasim/verilog_src/uvm-1.2/src/reg/uvm_reg_predictor.svh(225) @ 1277523000: uvm_test_top.env.ahb_predictor [REG_PREDICT] Observed READ transaction to register regmodel.FSR: value='h6
# UVM_INFO ./../testcases/uart_rxd_interrupt.sv(40) @ 1287533000: uvm_test_top [uart_rxd_interrupt] --------------------------------------------------------------
# Name                Type                Size  Value           
# --------------------------------------------------------------
# cfg                 uart_configuration  -     @360            
#   parity_mode       parity_mode_e       32    UART_PARITY_NONE
#   sampling          sampling_mode_e     32    MODE_X13        
#   data_width        integral            32    'h8             
#   num_of_stop_bit   integral            32    'h2             
#   baud_rate         integral            32    'h4b00          
#   baud_rate_enable  integral            1     'h0             
#   parity_enable     integral            1     'h0             
#   interrupt_enable  integral            1     'h0             
# --------------------------------------------------------------
# 
# UVM_INFO ./../regmodel/uart_reg2ahb_adapter.sv(42) @ 1287533000: reporter [uart_reg2ahb_adapter] bus2reg: address = 0x0 data = 0x1 kind = UVM_WRITE status = UVM_IS_OK
# UVM_INFO /ictc/other/tools/QuestaDVA/questasim/verilog_src/uvm-1.2/src/reg/uvm_reg_predictor.svh(221) @ 1287533000: uvm_test_top.env.ahb_predictor [REG_PREDICT] Observed WRITE transaction to register regmodel.MDR: value='h1 : updated value = 'h1
# UVM_INFO ./../regmodel/uart_reg2ahb_adapter.sv(42) @ 1287533000: reporter [uart_reg2ahb_adapter] bus2reg: address = 0x4 data = 0x91 kind = UVM_WRITE status = UVM_IS_OK
# UVM_INFO /ictc/other/tools/QuestaDVA/questasim/verilog_src/uvm-1.2/src/reg/uvm_reg_predictor.svh(221) @ 1287533000: uvm_test_top.env.ahb_predictor [REG_PREDICT] Observed WRITE transaction to register regmodel.DLL: value='h91 : updated value = 'h91
# UVM_INFO ./../regmodel/uart_reg2ahb_adapter.sv(42) @ 1287533000: reporter [uart_reg2ahb_adapter] bus2reg: address = 0x8 data = 0x1 kind = UVM_WRITE status = UVM_IS_OK
# UVM_INFO /ictc/other/tools/QuestaDVA/questasim/verilog_src/uvm-1.2/src/reg/uvm_reg_predictor.svh(221) @ 1287533000: uvm_test_top.env.ahb_predictor [REG_PREDICT] Observed WRITE transaction to register regmodel.DLH: value='h1 : updated value = 'h1
# UVM_INFO ./../regmodel/uart_reg2ahb_adapter.sv(42) @ 1287533000: reporter [uart_reg2ahb_adapter] bus2reg: address = 0xc data = 0x27 kind = UVM_WRITE status = UVM_IS_OK
# UVM_INFO /ictc/other/tools/QuestaDVA/questasim/verilog_src/uvm-1.2/src/reg/uvm_reg_predictor.svh(221) @ 1287533000: uvm_test_top.env.ahb_predictor [REG_PREDICT] Observed WRITE transaction to register regmodel.LCR: value='h27 : updated value = 'h27
# UVM_INFO ./../regmodel/uart_reg2ahb_adapter.sv(42) @ 1287533000: reporter [uart_reg2ahb_adapter] bus2reg: address = 0x10 data = 0x8 kind = UVM_WRITE status = UVM_IS_OK
# UVM_INFO /ictc/other/tools/QuestaDVA/questasim/verilog_src/uvm-1.2/src/reg/uvm_reg_predictor.svh(221) @ 1287533000: uvm_test_top.env.ahb_predictor [REG_PREDICT] Observed WRITE transaction to register regmodel.IER: value='h8 : updated value = 'h8
# ===== Received Data from IER =====
# UVM_INFO ./../regmodel/uart_reg2ahb_adapter.sv(42) @ 1287533000: reporter [uart_reg2ahb_adapter] bus2reg: address = 0x14 data = 0x6 kind = UVM_READ status = UVM_IS_OK
# UVM_INFO /ictc/other/tools/QuestaDVA/questasim/verilog_src/uvm-1.2/src/reg/uvm_reg_predictor.svh(225) @ 1287533000: uvm_test_top.env.ahb_predictor [REG_PREDICT] Observed READ transaction to register regmodel.FSR: value='h6
# UVM_ERROR ./../sequences/ahb_rxd_rx_empty_sequence.sv(130) @ 1287543000: uvm_test_top.env.ahb_agt.sequencer@@rx_empty [ahb_rxd_rx_empty_sequence] 
# ===== FAILED!!! RX_EMPTY_STATUS is not right =====
# UVM_INFO ./../regmodel/uart_reg2ahb_adapter.sv(42) @ 1288688000: reporter [uart_reg2ahb_adapter] bus2reg: address = 0x14 data = 0x6 kind = UVM_READ status = UVM_IS_OK
# UVM_INFO /ictc/other/tools/QuestaDVA/questasim/verilog_src/uvm-1.2/src/reg/uvm_reg_predictor.svh(225) @ 1288688000: uvm_test_top.env.ahb_predictor [REG_PREDICT] Observed READ transaction to register regmodel.FSR: value='h6
# UVM_INFO ./../testcases/uart_rxd_interrupt.sv(40) @ 1298698000: uvm_test_top [uart_rxd_interrupt] --------------------------------------------------------------
# Name                Type                Size  Value           
# --------------------------------------------------------------
# cfg                 uart_configuration  -     @360            
#   parity_mode       parity_mode_e       32    UART_PARITY_NONE
#   sampling          sampling_mode_e     32    MODE_X16        
#   data_width        integral            32    'h8             
#   num_of_stop_bit   integral            32    'h2             
#   baud_rate         integral            32    'h9600          
#   baud_rate_enable  integral            1     'h0             
#   parity_enable     integral            1     'h0             
#   interrupt_enable  integral            1     'h0             
# --------------------------------------------------------------
# 
# UVM_INFO ./../regmodel/uart_reg2ahb_adapter.sv(42) @ 1298698000: reporter [uart_reg2ahb_adapter] bus2reg: address = 0x0 data = 0x0 kind = UVM_WRITE status = UVM_IS_OK
# UVM_INFO /ictc/other/tools/QuestaDVA/questasim/verilog_src/uvm-1.2/src/reg/uvm_reg_predictor.svh(221) @ 1298698000: uvm_test_top.env.ahb_predictor [REG_PREDICT] Observed WRITE transaction to register regmodel.MDR: value='h0 : updated value = 'h0
# UVM_INFO ./../regmodel/uart_reg2ahb_adapter.sv(42) @ 1298698000: reporter [uart_reg2ahb_adapter] bus2reg: address = 0x4 data = 0xa4 kind = UVM_WRITE status = UVM_IS_OK
# UVM_INFO /ictc/other/tools/QuestaDVA/questasim/verilog_src/uvm-1.2/src/reg/uvm_reg_predictor.svh(221) @ 1298698000: uvm_test_top.env.ahb_predictor [REG_PREDICT] Observed WRITE transaction to register regmodel.DLL: value='ha4 : updated value = 'ha4
# UVM_INFO ./../regmodel/uart_reg2ahb_adapter.sv(42) @ 1298698000: reporter [uart_reg2ahb_adapter] bus2reg: address = 0x8 data = 0x0 kind = UVM_WRITE status = UVM_IS_OK
# UVM_INFO /ictc/other/tools/QuestaDVA/questasim/verilog_src/uvm-1.2/src/reg/uvm_reg_predictor.svh(221) @ 1298698000: uvm_test_top.env.ahb_predictor [REG_PREDICT] Observed WRITE transaction to register regmodel.DLH: value='h0 : updated value = 'h0
# UVM_INFO ./../regmodel/uart_reg2ahb_adapter.sv(42) @ 1298698000: reporter [uart_reg2ahb_adapter] bus2reg: address = 0xc data = 0x27 kind = UVM_WRITE status = UVM_IS_OK
# UVM_INFO /ictc/other/tools/QuestaDVA/questasim/verilog_src/uvm-1.2/src/reg/uvm_reg_predictor.svh(221) @ 1298698000: uvm_test_top.env.ahb_predictor [REG_PREDICT] Observed WRITE transaction to register regmodel.LCR: value='h27 : updated value = 'h27
# UVM_INFO ./../regmodel/uart_reg2ahb_adapter.sv(42) @ 1298698000: reporter [uart_reg2ahb_adapter] bus2reg: address = 0x10 data = 0x8 kind = UVM_WRITE status = UVM_IS_OK
# UVM_INFO /ictc/other/tools/QuestaDVA/questasim/verilog_src/uvm-1.2/src/reg/uvm_reg_predictor.svh(221) @ 1298698000: uvm_test_top.env.ahb_predictor [REG_PREDICT] Observed WRITE transaction to register regmodel.IER: value='h8 : updated value = 'h8
# ===== Received Data from IER =====
# UVM_INFO ./../regmodel/uart_reg2ahb_adapter.sv(42) @ 1298698000: reporter [uart_reg2ahb_adapter] bus2reg: address = 0x14 data = 0x6 kind = UVM_READ status = UVM_IS_OK
# UVM_INFO /ictc/other/tools/QuestaDVA/questasim/verilog_src/uvm-1.2/src/reg/uvm_reg_predictor.svh(225) @ 1298698000: uvm_test_top.env.ahb_predictor [REG_PREDICT] Observed READ transaction to register regmodel.FSR: value='h6
# UVM_ERROR ./../sequences/ahb_rxd_rx_empty_sequence.sv(130) @ 1298708000: uvm_test_top.env.ahb_agt.sequencer@@rx_empty [ahb_rxd_rx_empty_sequence] 
# ===== FAILED!!! RX_EMPTY_STATUS is not right =====
# UVM_INFO ./../regmodel/uart_reg2ahb_adapter.sv(42) @ 1299280000: reporter [uart_reg2ahb_adapter] bus2reg: address = 0x14 data = 0x6 kind = UVM_READ status = UVM_IS_OK
# UVM_INFO /ictc/other/tools/QuestaDVA/questasim/verilog_src/uvm-1.2/src/reg/uvm_reg_predictor.svh(225) @ 1299280000: uvm_test_top.env.ahb_predictor [REG_PREDICT] Observed READ transaction to register regmodel.FSR: value='h6
# UVM_INFO ./../testcases/uart_rxd_interrupt.sv(40) @ 1309290000: uvm_test_top [uart_rxd_interrupt] --------------------------------------------------------------
# Name                Type                Size  Value           
# --------------------------------------------------------------
# cfg                 uart_configuration  -     @360            
#   parity_mode       parity_mode_e       32    UART_PARITY_NONE
#   sampling          sampling_mode_e     32    MODE_X13        
#   data_width        integral            32    'h8             
#   num_of_stop_bit   integral            32    'h2             
#   baud_rate         integral            32    'h9600          
#   baud_rate_enable  integral            1     'h0             
#   parity_enable     integral            1     'h0             
#   interrupt_enable  integral            1     'h0             
# --------------------------------------------------------------
# 
# UVM_INFO ./../regmodel/uart_reg2ahb_adapter.sv(42) @ 1309290000: reporter [uart_reg2ahb_adapter] bus2reg: address = 0x0 data = 0x1 kind = UVM_WRITE status = UVM_IS_OK
# UVM_INFO /ictc/other/tools/QuestaDVA/questasim/verilog_src/uvm-1.2/src/reg/uvm_reg_predictor.svh(221) @ 1309290000: uvm_test_top.env.ahb_predictor [REG_PREDICT] Observed WRITE transaction to register regmodel.MDR: value='h1 : updated value = 'h1
# UVM_INFO ./../regmodel/uart_reg2ahb_adapter.sv(42) @ 1309290000: reporter [uart_reg2ahb_adapter] bus2reg: address = 0x4 data = 0xc8 kind = UVM_WRITE status = UVM_IS_OK
# UVM_INFO /ictc/other/tools/QuestaDVA/questasim/verilog_src/uvm-1.2/src/reg/uvm_reg_predictor.svh(221) @ 1309290000: uvm_test_top.env.ahb_predictor [REG_PREDICT] Observed WRITE transaction to register regmodel.DLL: value='hc8 : updated value = 'hc8
# UVM_INFO ./../regmodel/uart_reg2ahb_adapter.sv(42) @ 1309290000: reporter [uart_reg2ahb_adapter] bus2reg: address = 0x8 data = 0x0 kind = UVM_WRITE status = UVM_IS_OK
# UVM_INFO /ictc/other/tools/QuestaDVA/questasim/verilog_src/uvm-1.2/src/reg/uvm_reg_predictor.svh(221) @ 1309290000: uvm_test_top.env.ahb_predictor [REG_PREDICT] Observed WRITE transaction to register regmodel.DLH: value='h0 : updated value = 'h0
# UVM_INFO ./../regmodel/uart_reg2ahb_adapter.sv(42) @ 1309290000: reporter [uart_reg2ahb_adapter] bus2reg: address = 0xc data = 0x27 kind = UVM_WRITE status = UVM_IS_OK
# UVM_INFO /ictc/other/tools/QuestaDVA/questasim/verilog_src/uvm-1.2/src/reg/uvm_reg_predictor.svh(221) @ 1309290000: uvm_test_top.env.ahb_predictor [REG_PREDICT] Observed WRITE transaction to register regmodel.LCR: value='h27 : updated value = 'h27
# UVM_INFO ./../regmodel/uart_reg2ahb_adapter.sv(42) @ 1309290000: reporter [uart_reg2ahb_adapter] bus2reg: address = 0x10 data = 0x8 kind = UVM_WRITE status = UVM_IS_OK
# UVM_INFO /ictc/other/tools/QuestaDVA/questasim/verilog_src/uvm-1.2/src/reg/uvm_reg_predictor.svh(221) @ 1309290000: uvm_test_top.env.ahb_predictor [REG_PREDICT] Observed WRITE transaction to register regmodel.IER: value='h8 : updated value = 'h8
# ===== Received Data from IER =====
# UVM_INFO ./../regmodel/uart_reg2ahb_adapter.sv(42) @ 1309291000: reporter [uart_reg2ahb_adapter] bus2reg: address = 0x14 data = 0x6 kind = UVM_READ status = UVM_IS_OK
# UVM_INFO /ictc/other/tools/QuestaDVA/questasim/verilog_src/uvm-1.2/src/reg/uvm_reg_predictor.svh(225) @ 1309291000: uvm_test_top.env.ahb_predictor [REG_PREDICT] Observed READ transaction to register regmodel.FSR: value='h6
# UVM_ERROR ./../sequences/ahb_rxd_rx_empty_sequence.sv(130) @ 1309301000: uvm_test_top.env.ahb_agt.sequencer@@rx_empty [ahb_rxd_rx_empty_sequence] 
# ===== FAILED!!! RX_EMPTY_STATUS is not right =====
# UVM_INFO ./../regmodel/uart_reg2ahb_adapter.sv(42) @ 1309873000: reporter [uart_reg2ahb_adapter] bus2reg: address = 0x14 data = 0x6 kind = UVM_READ status = UVM_IS_OK
# UVM_INFO /ictc/other/tools/QuestaDVA/questasim/verilog_src/uvm-1.2/src/reg/uvm_reg_predictor.svh(225) @ 1309873000: uvm_test_top.env.ahb_predictor [REG_PREDICT] Observed READ transaction to register regmodel.FSR: value='h6
# UVM_INFO ./../testcases/uart_rxd_interrupt.sv(40) @ 1319883000: uvm_test_top [uart_rxd_interrupt] --------------------------------------------------------------
# Name                Type                Size  Value           
# --------------------------------------------------------------
# cfg                 uart_configuration  -     @360            
#   parity_mode       parity_mode_e       32    UART_PARITY_NONE
#   sampling          sampling_mode_e     32    MODE_X16        
#   data_width        integral            32    'h8             
#   num_of_stop_bit   integral            32    'h2             
#   baud_rate         integral            32    'h12c00         
#   baud_rate_enable  integral            1     'h0             
#   parity_enable     integral            1     'h0             
#   interrupt_enable  integral            1     'h0             
# --------------------------------------------------------------
# 
# UVM_INFO ./../regmodel/uart_reg2ahb_adapter.sv(42) @ 1319883000: reporter [uart_reg2ahb_adapter] bus2reg: address = 0x0 data = 0x0 kind = UVM_WRITE status = UVM_IS_OK
# UVM_INFO /ictc/other/tools/QuestaDVA/questasim/verilog_src/uvm-1.2/src/reg/uvm_reg_predictor.svh(221) @ 1319883000: uvm_test_top.env.ahb_predictor [REG_PREDICT] Observed WRITE transaction to register regmodel.MDR: value='h0 : updated value = 'h0
# UVM_INFO ./../regmodel/uart_reg2ahb_adapter.sv(42) @ 1319883000: reporter [uart_reg2ahb_adapter] bus2reg: address = 0x4 data = 0x51 kind = UVM_WRITE status = UVM_IS_OK
# UVM_INFO /ictc/other/tools/QuestaDVA/questasim/verilog_src/uvm-1.2/src/reg/uvm_reg_predictor.svh(221) @ 1319883000: uvm_test_top.env.ahb_predictor [REG_PREDICT] Observed WRITE transaction to register regmodel.DLL: value='h51 : updated value = 'h51
# UVM_INFO ./../regmodel/uart_reg2ahb_adapter.sv(42) @ 1319883000: reporter [uart_reg2ahb_adapter] bus2reg: address = 0x8 data = 0x0 kind = UVM_WRITE status = UVM_IS_OK
# UVM_INFO /ictc/other/tools/QuestaDVA/questasim/verilog_src/uvm-1.2/src/reg/uvm_reg_predictor.svh(221) @ 1319883000: uvm_test_top.env.ahb_predictor [REG_PREDICT] Observed WRITE transaction to register regmodel.DLH: value='h0 : updated value = 'h0
# UVM_INFO ./../regmodel/uart_reg2ahb_adapter.sv(42) @ 1319883000: reporter [uart_reg2ahb_adapter] bus2reg: address = 0xc data = 0x27 kind = UVM_WRITE status = UVM_IS_OK
# UVM_INFO /ictc/other/tools/QuestaDVA/questasim/verilog_src/uvm-1.2/src/reg/uvm_reg_predictor.svh(221) @ 1319883000: uvm_test_top.env.ahb_predictor [REG_PREDICT] Observed WRITE transaction to register regmodel.LCR: value='h27 : updated value = 'h27
# UVM_INFO ./../regmodel/uart_reg2ahb_adapter.sv(42) @ 1319883000: reporter [uart_reg2ahb_adapter] bus2reg: address = 0x10 data = 0x8 kind = UVM_WRITE status = UVM_IS_OK
# UVM_INFO /ictc/other/tools/QuestaDVA/questasim/verilog_src/uvm-1.2/src/reg/uvm_reg_predictor.svh(221) @ 1319883000: uvm_test_top.env.ahb_predictor [REG_PREDICT] Observed WRITE transaction to register regmodel.IER: value='h8 : updated value = 'h8
# ===== Received Data from IER =====
# UVM_INFO ./../regmodel/uart_reg2ahb_adapter.sv(42) @ 1319883000: reporter [uart_reg2ahb_adapter] bus2reg: address = 0x14 data = 0x6 kind = UVM_READ status = UVM_IS_OK
# UVM_INFO /ictc/other/tools/QuestaDVA/questasim/verilog_src/uvm-1.2/src/reg/uvm_reg_predictor.svh(225) @ 1319883000: uvm_test_top.env.ahb_predictor [REG_PREDICT] Observed READ transaction to register regmodel.FSR: value='h6
# UVM_ERROR ./../sequences/ahb_rxd_rx_empty_sequence.sv(130) @ 1319893000: uvm_test_top.env.ahb_agt.sequencer@@rx_empty [ahb_rxd_rx_empty_sequence] 
# ===== FAILED!!! RX_EMPTY_STATUS is not right =====
# UVM_INFO ./../regmodel/uart_reg2ahb_adapter.sv(42) @ 1320179000: reporter [uart_reg2ahb_adapter] bus2reg: address = 0x14 data = 0x6 kind = UVM_READ status = UVM_IS_OK
# UVM_INFO /ictc/other/tools/QuestaDVA/questasim/verilog_src/uvm-1.2/src/reg/uvm_reg_predictor.svh(225) @ 1320179000: uvm_test_top.env.ahb_predictor [REG_PREDICT] Observed READ transaction to register regmodel.FSR: value='h6
# UVM_INFO ./../testcases/uart_rxd_interrupt.sv(40) @ 1330189000: uvm_test_top [uart_rxd_interrupt] --------------------------------------------------------------
# Name                Type                Size  Value           
# --------------------------------------------------------------
# cfg                 uart_configuration  -     @360            
#   parity_mode       parity_mode_e       32    UART_PARITY_NONE
#   sampling          sampling_mode_e     32    MODE_X13        
#   data_width        integral            32    'h8             
#   num_of_stop_bit   integral            32    'h2             
#   baud_rate         integral            32    'h12c00         
#   baud_rate_enable  integral            1     'h0             
#   parity_enable     integral            1     'h0             
#   interrupt_enable  integral            1     'h0             
# --------------------------------------------------------------
# 
# UVM_INFO ./../regmodel/uart_reg2ahb_adapter.sv(42) @ 1330189000: reporter [uart_reg2ahb_adapter] bus2reg: address = 0x0 data = 0x1 kind = UVM_WRITE status = UVM_IS_OK
# UVM_INFO /ictc/other/tools/QuestaDVA/questasim/verilog_src/uvm-1.2/src/reg/uvm_reg_predictor.svh(221) @ 1330189000: uvm_test_top.env.ahb_predictor [REG_PREDICT] Observed WRITE transaction to register regmodel.MDR: value='h1 : updated value = 'h1
# UVM_INFO ./../regmodel/uart_reg2ahb_adapter.sv(42) @ 1330189000: reporter [uart_reg2ahb_adapter] bus2reg: address = 0x4 data = 0x64 kind = UVM_WRITE status = UVM_IS_OK
# UVM_INFO /ictc/other/tools/QuestaDVA/questasim/verilog_src/uvm-1.2/src/reg/uvm_reg_predictor.svh(221) @ 1330189000: uvm_test_top.env.ahb_predictor [REG_PREDICT] Observed WRITE transaction to register regmodel.DLL: value='h64 : updated value = 'h64
# UVM_INFO ./../regmodel/uart_reg2ahb_adapter.sv(42) @ 1330189000: reporter [uart_reg2ahb_adapter] bus2reg: address = 0x8 data = 0x0 kind = UVM_WRITE status = UVM_IS_OK
# UVM_INFO /ictc/other/tools/QuestaDVA/questasim/verilog_src/uvm-1.2/src/reg/uvm_reg_predictor.svh(221) @ 1330189000: uvm_test_top.env.ahb_predictor [REG_PREDICT] Observed WRITE transaction to register regmodel.DLH: value='h0 : updated value = 'h0
# UVM_INFO ./../regmodel/uart_reg2ahb_adapter.sv(42) @ 1330189000: reporter [uart_reg2ahb_adapter] bus2reg: address = 0xc data = 0x27 kind = UVM_WRITE status = UVM_IS_OK
# UVM_INFO /ictc/other/tools/QuestaDVA/questasim/verilog_src/uvm-1.2/src/reg/uvm_reg_predictor.svh(221) @ 1330189000: uvm_test_top.env.ahb_predictor [REG_PREDICT] Observed WRITE transaction to register regmodel.LCR: value='h27 : updated value = 'h27
# UVM_INFO ./../regmodel/uart_reg2ahb_adapter.sv(42) @ 1330190000: reporter [uart_reg2ahb_adapter] bus2reg: address = 0x10 data = 0x8 kind = UVM_WRITE status = UVM_IS_OK
# UVM_INFO /ictc/other/tools/QuestaDVA/questasim/verilog_src/uvm-1.2/src/reg/uvm_reg_predictor.svh(221) @ 1330190000: uvm_test_top.env.ahb_predictor [REG_PREDICT] Observed WRITE transaction to register regmodel.IER: value='h8 : updated value = 'h8
# ===== Received Data from IER =====
# UVM_INFO ./../regmodel/uart_reg2ahb_adapter.sv(42) @ 1330190000: reporter [uart_reg2ahb_adapter] bus2reg: address = 0x14 data = 0x6 kind = UVM_READ status = UVM_IS_OK
# UVM_INFO /ictc/other/tools/QuestaDVA/questasim/verilog_src/uvm-1.2/src/reg/uvm_reg_predictor.svh(225) @ 1330190000: uvm_test_top.env.ahb_predictor [REG_PREDICT] Observed READ transaction to register regmodel.FSR: value='h6
# UVM_ERROR ./../sequences/ahb_rxd_rx_empty_sequence.sv(130) @ 1330200000: uvm_test_top.env.ahb_agt.sequencer@@rx_empty [ahb_rxd_rx_empty_sequence] 
# ===== FAILED!!! RX_EMPTY_STATUS is not right =====
# UVM_INFO ./../regmodel/uart_reg2ahb_adapter.sv(42) @ 1330486000: reporter [uart_reg2ahb_adapter] bus2reg: address = 0x14 data = 0x6 kind = UVM_READ status = UVM_IS_OK
# UVM_INFO /ictc/other/tools/QuestaDVA/questasim/verilog_src/uvm-1.2/src/reg/uvm_reg_predictor.svh(225) @ 1330486000: uvm_test_top.env.ahb_predictor [REG_PREDICT] Observed READ transaction to register regmodel.FSR: value='h6
# UVM_INFO ./../testcases/uart_rxd_interrupt.sv(40) @ 1340496000: uvm_test_top [uart_rxd_interrupt] --------------------------------------------------------------
# Name                Type                Size  Value           
# --------------------------------------------------------------
# cfg                 uart_configuration  -     @360            
#   parity_mode       parity_mode_e       32    UART_PARITY_NONE
#   sampling          sampling_mode_e     32    MODE_X16        
#   data_width        integral            32    'h8             
#   num_of_stop_bit   integral            32    'h2             
#   baud_rate         integral            32    'h1c200         
#   baud_rate_enable  integral            1     'h0             
#   parity_enable     integral            1     'h0             
#   interrupt_enable  integral            1     'h0             
# --------------------------------------------------------------
# 
# UVM_INFO ./../regmodel/uart_reg2ahb_adapter.sv(42) @ 1340496000: reporter [uart_reg2ahb_adapter] bus2reg: address = 0x0 data = 0x0 kind = UVM_WRITE status = UVM_IS_OK
# UVM_INFO /ictc/other/tools/QuestaDVA/questasim/verilog_src/uvm-1.2/src/reg/uvm_reg_predictor.svh(221) @ 1340496000: uvm_test_top.env.ahb_predictor [REG_PREDICT] Observed WRITE transaction to register regmodel.MDR: value='h0 : updated value = 'h0
# UVM_INFO ./../regmodel/uart_reg2ahb_adapter.sv(42) @ 1340496000: reporter [uart_reg2ahb_adapter] bus2reg: address = 0x4 data = 0x36 kind = UVM_WRITE status = UVM_IS_OK
# UVM_INFO /ictc/other/tools/QuestaDVA/questasim/verilog_src/uvm-1.2/src/reg/uvm_reg_predictor.svh(221) @ 1340496000: uvm_test_top.env.ahb_predictor [REG_PREDICT] Observed WRITE transaction to register regmodel.DLL: value='h36 : updated value = 'h36
# UVM_INFO ./../regmodel/uart_reg2ahb_adapter.sv(42) @ 1340496000: reporter [uart_reg2ahb_adapter] bus2reg: address = 0x8 data = 0x0 kind = UVM_WRITE status = UVM_IS_OK
# UVM_INFO /ictc/other/tools/QuestaDVA/questasim/verilog_src/uvm-1.2/src/reg/uvm_reg_predictor.svh(221) @ 1340496000: uvm_test_top.env.ahb_predictor [REG_PREDICT] Observed WRITE transaction to register regmodel.DLH: value='h0 : updated value = 'h0
# UVM_INFO ./../regmodel/uart_reg2ahb_adapter.sv(42) @ 1340496000: reporter [uart_reg2ahb_adapter] bus2reg: address = 0xc data = 0x27 kind = UVM_WRITE status = UVM_IS_OK
# UVM_INFO /ictc/other/tools/QuestaDVA/questasim/verilog_src/uvm-1.2/src/reg/uvm_reg_predictor.svh(221) @ 1340496000: uvm_test_top.env.ahb_predictor [REG_PREDICT] Observed WRITE transaction to register regmodel.LCR: value='h27 : updated value = 'h27
# UVM_INFO ./../regmodel/uart_reg2ahb_adapter.sv(42) @ 1340496000: reporter [uart_reg2ahb_adapter] bus2reg: address = 0x10 data = 0x8 kind = UVM_WRITE status = UVM_IS_OK
# UVM_INFO /ictc/other/tools/QuestaDVA/questasim/verilog_src/uvm-1.2/src/reg/uvm_reg_predictor.svh(221) @ 1340496000: uvm_test_top.env.ahb_predictor [REG_PREDICT] Observed WRITE transaction to register regmodel.IER: value='h8 : updated value = 'h8
# ===== Received Data from IER =====
# UVM_INFO ./../regmodel/uart_reg2ahb_adapter.sv(42) @ 1340496000: reporter [uart_reg2ahb_adapter] bus2reg: address = 0x14 data = 0x6 kind = UVM_READ status = UVM_IS_OK
# UVM_INFO /ictc/other/tools/QuestaDVA/questasim/verilog_src/uvm-1.2/src/reg/uvm_reg_predictor.svh(225) @ 1340496000: uvm_test_top.env.ahb_predictor [REG_PREDICT] Observed READ transaction to register regmodel.FSR: value='h6
# UVM_ERROR ./../sequences/ahb_rxd_rx_empty_sequence.sv(130) @ 1340506000: uvm_test_top.env.ahb_agt.sequencer@@rx_empty [ahb_rxd_rx_empty_sequence] 
# ===== FAILED!!! RX_EMPTY_STATUS is not right =====
# UVM_INFO ./../regmodel/uart_reg2ahb_adapter.sv(42) @ 1340693000: reporter [uart_reg2ahb_adapter] bus2reg: address = 0x14 data = 0x6 kind = UVM_READ status = UVM_IS_OK
# UVM_INFO /ictc/other/tools/QuestaDVA/questasim/verilog_src/uvm-1.2/src/reg/uvm_reg_predictor.svh(225) @ 1340693000: uvm_test_top.env.ahb_predictor [REG_PREDICT] Observed READ transaction to register regmodel.FSR: value='h6
# UVM_INFO ./../testcases/uart_rxd_interrupt.sv(40) @ 1350703000: uvm_test_top [uart_rxd_interrupt] --------------------------------------------------------------
# Name                Type                Size  Value           
# --------------------------------------------------------------
# cfg                 uart_configuration  -     @360            
#   parity_mode       parity_mode_e       32    UART_PARITY_NONE
#   sampling          sampling_mode_e     32    MODE_X13        
#   data_width        integral            32    'h8             
#   num_of_stop_bit   integral            32    'h2             
#   baud_rate         integral            32    'h1c200         
#   baud_rate_enable  integral            1     'h0             
#   parity_enable     integral            1     'h0             
#   interrupt_enable  integral            1     'h0             
# --------------------------------------------------------------
# 
# UVM_INFO ./../regmodel/uart_reg2ahb_adapter.sv(42) @ 1350703000: reporter [uart_reg2ahb_adapter] bus2reg: address = 0x0 data = 0x1 kind = UVM_WRITE status = UVM_IS_OK
# UVM_INFO /ictc/other/tools/QuestaDVA/questasim/verilog_src/uvm-1.2/src/reg/uvm_reg_predictor.svh(221) @ 1350703000: uvm_test_top.env.ahb_predictor [REG_PREDICT] Observed WRITE transaction to register regmodel.MDR: value='h1 : updated value = 'h1
# UVM_INFO ./../regmodel/uart_reg2ahb_adapter.sv(42) @ 1350703000: reporter [uart_reg2ahb_adapter] bus2reg: address = 0x4 data = 0x43 kind = UVM_WRITE status = UVM_IS_OK
# UVM_INFO /ictc/other/tools/QuestaDVA/questasim/verilog_src/uvm-1.2/src/reg/uvm_reg_predictor.svh(221) @ 1350703000: uvm_test_top.env.ahb_predictor [REG_PREDICT] Observed WRITE transaction to register regmodel.DLL: value='h43 : updated value = 'h43
# UVM_INFO ./../regmodel/uart_reg2ahb_adapter.sv(42) @ 1350704000: reporter [uart_reg2ahb_adapter] bus2reg: address = 0x8 data = 0x0 kind = UVM_WRITE status = UVM_IS_OK
# UVM_INFO /ictc/other/tools/QuestaDVA/questasim/verilog_src/uvm-1.2/src/reg/uvm_reg_predictor.svh(221) @ 1350704000: uvm_test_top.env.ahb_predictor [REG_PREDICT] Observed WRITE transaction to register regmodel.DLH: value='h0 : updated value = 'h0
# UVM_INFO ./../regmodel/uart_reg2ahb_adapter.sv(42) @ 1350704000: reporter [uart_reg2ahb_adapter] bus2reg: address = 0xc data = 0x27 kind = UVM_WRITE status = UVM_IS_OK
# UVM_INFO /ictc/other/tools/QuestaDVA/questasim/verilog_src/uvm-1.2/src/reg/uvm_reg_predictor.svh(221) @ 1350704000: uvm_test_top.env.ahb_predictor [REG_PREDICT] Observed WRITE transaction to register regmodel.LCR: value='h27 : updated value = 'h27
# UVM_INFO ./../regmodel/uart_reg2ahb_adapter.sv(42) @ 1350704000: reporter [uart_reg2ahb_adapter] bus2reg: address = 0x10 data = 0x8 kind = UVM_WRITE status = UVM_IS_OK
# UVM_INFO /ictc/other/tools/QuestaDVA/questasim/verilog_src/uvm-1.2/src/reg/uvm_reg_predictor.svh(221) @ 1350704000: uvm_test_top.env.ahb_predictor [REG_PREDICT] Observed WRITE transaction to register regmodel.IER: value='h8 : updated value = 'h8
# ===== Received Data from IER =====
# UVM_INFO ./../regmodel/uart_reg2ahb_adapter.sv(42) @ 1350704000: reporter [uart_reg2ahb_adapter] bus2reg: address = 0x14 data = 0x6 kind = UVM_READ status = UVM_IS_OK
# UVM_INFO /ictc/other/tools/QuestaDVA/questasim/verilog_src/uvm-1.2/src/reg/uvm_reg_predictor.svh(225) @ 1350704000: uvm_test_top.env.ahb_predictor [REG_PREDICT] Observed READ transaction to register regmodel.FSR: value='h6
# UVM_ERROR ./../sequences/ahb_rxd_rx_empty_sequence.sv(130) @ 1350714000: uvm_test_top.env.ahb_agt.sequencer@@rx_empty [ahb_rxd_rx_empty_sequence] 
# ===== FAILED!!! RX_EMPTY_STATUS is not right =====
# UVM_INFO ./../regmodel/uart_reg2ahb_adapter.sv(42) @ 1350901000: reporter [uart_reg2ahb_adapter] bus2reg: address = 0x14 data = 0x6 kind = UVM_READ status = UVM_IS_OK
# UVM_INFO /ictc/other/tools/QuestaDVA/questasim/verilog_src/uvm-1.2/src/reg/uvm_reg_predictor.svh(225) @ 1350901000: uvm_test_top.env.ahb_predictor [REG_PREDICT] Observed READ transaction to register regmodel.FSR: value='h6
# UVM_INFO ./../testcases/uart_rxd_interrupt.sv(40) @ 1360911000: uvm_test_top [uart_rxd_interrupt] -------------------------------------------------------------
# Name                Type                Size  Value          
# -------------------------------------------------------------
# cfg                 uart_configuration  -     @360           
#   parity_mode       parity_mode_e       32    UART_PARITY_ODD
#   sampling          sampling_mode_e     32    MODE_X16       
#   data_width        integral            32    'h5            
#   num_of_stop_bit   integral            32    'h1            
#   baud_rate         integral            32    'h960          
#   baud_rate_enable  integral            1     'h0            
#   parity_enable     integral            1     'h0            
#   interrupt_enable  integral            1     'h0            
# -------------------------------------------------------------
# 
# UVM_INFO ./../regmodel/uart_reg2ahb_adapter.sv(42) @ 1360911000: reporter [uart_reg2ahb_adapter] bus2reg: address = 0x0 data = 0x0 kind = UVM_WRITE status = UVM_IS_OK
# UVM_INFO /ictc/other/tools/QuestaDVA/questasim/verilog_src/uvm-1.2/src/reg/uvm_reg_predictor.svh(221) @ 1360911000: uvm_test_top.env.ahb_predictor [REG_PREDICT] Observed WRITE transaction to register regmodel.MDR: value='h0 : updated value = 'h0
# UVM_INFO ./../regmodel/uart_reg2ahb_adapter.sv(42) @ 1360911000: reporter [uart_reg2ahb_adapter] bus2reg: address = 0x4 data = 0x2c kind = UVM_WRITE status = UVM_IS_OK
# UVM_INFO /ictc/other/tools/QuestaDVA/questasim/verilog_src/uvm-1.2/src/reg/uvm_reg_predictor.svh(221) @ 1360911000: uvm_test_top.env.ahb_predictor [REG_PREDICT] Observed WRITE transaction to register regmodel.DLL: value='h2c : updated value = 'h2c
# UVM_INFO ./../regmodel/uart_reg2ahb_adapter.sv(42) @ 1360911000: reporter [uart_reg2ahb_adapter] bus2reg: address = 0x8 data = 0xa kind = UVM_WRITE status = UVM_IS_OK
# UVM_INFO /ictc/other/tools/QuestaDVA/questasim/verilog_src/uvm-1.2/src/reg/uvm_reg_predictor.svh(221) @ 1360911000: uvm_test_top.env.ahb_predictor [REG_PREDICT] Observed WRITE transaction to register regmodel.DLH: value='ha : updated value = 'ha
# UVM_INFO ./../regmodel/uart_reg2ahb_adapter.sv(42) @ 1360911000: reporter [uart_reg2ahb_adapter] bus2reg: address = 0xc data = 0x28 kind = UVM_WRITE status = UVM_IS_OK
# UVM_INFO /ictc/other/tools/QuestaDVA/questasim/verilog_src/uvm-1.2/src/reg/uvm_reg_predictor.svh(221) @ 1360911000: uvm_test_top.env.ahb_predictor [REG_PREDICT] Observed WRITE transaction to register regmodel.LCR: value='h28 : updated value = 'h28
# UVM_INFO ./../regmodel/uart_reg2ahb_adapter.sv(42) @ 1360911000: reporter [uart_reg2ahb_adapter] bus2reg: address = 0x10 data = 0x8 kind = UVM_WRITE status = UVM_IS_OK
# UVM_INFO /ictc/other/tools/QuestaDVA/questasim/verilog_src/uvm-1.2/src/reg/uvm_reg_predictor.svh(221) @ 1360911000: uvm_test_top.env.ahb_predictor [REG_PREDICT] Observed WRITE transaction to register regmodel.IER: value='h8 : updated value = 'h8
# ===== Received Data from IER =====
# UVM_INFO ./../regmodel/uart_reg2ahb_adapter.sv(42) @ 1360911000: reporter [uart_reg2ahb_adapter] bus2reg: address = 0x14 data = 0x6 kind = UVM_READ status = UVM_IS_OK
# UVM_INFO /ictc/other/tools/QuestaDVA/questasim/verilog_src/uvm-1.2/src/reg/uvm_reg_predictor.svh(225) @ 1360911000: uvm_test_top.env.ahb_predictor [REG_PREDICT] Observed READ transaction to register regmodel.FSR: value='h6
# UVM_ERROR ./../sequences/ahb_rxd_rx_empty_sequence.sv(130) @ 1360921000: uvm_test_top.env.ahb_agt.sequencer@@rx_empty [ahb_rxd_rx_empty_sequence] 
# ===== FAILED!!! RX_EMPTY_STATUS is not right =====
# UVM_INFO ./../regmodel/uart_reg2ahb_adapter.sv(42) @ 1367585000: reporter [uart_reg2ahb_adapter] bus2reg: address = 0x14 data = 0x6 kind = UVM_READ status = UVM_IS_OK
# UVM_INFO /ictc/other/tools/QuestaDVA/questasim/verilog_src/uvm-1.2/src/reg/uvm_reg_predictor.svh(225) @ 1367585000: uvm_test_top.env.ahb_predictor [REG_PREDICT] Observed READ transaction to register regmodel.FSR: value='h6
# UVM_INFO ./../testcases/uart_rxd_interrupt.sv(40) @ 1377595000: uvm_test_top [uart_rxd_interrupt] -------------------------------------------------------------
# Name                Type                Size  Value          
# -------------------------------------------------------------
# cfg                 uart_configuration  -     @360           
#   parity_mode       parity_mode_e       32    UART_PARITY_ODD
#   sampling          sampling_mode_e     32    MODE_X13       
#   data_width        integral            32    'h5            
#   num_of_stop_bit   integral            32    'h1            
#   baud_rate         integral            32    'h960          
#   baud_rate_enable  integral            1     'h0            
#   parity_enable     integral            1     'h0            
#   interrupt_enable  integral            1     'h0            
# -------------------------------------------------------------
# 
# UVM_INFO ./../regmodel/uart_reg2ahb_adapter.sv(42) @ 1377595000: reporter [uart_reg2ahb_adapter] bus2reg: address = 0x0 data = 0x1 kind = UVM_WRITE status = UVM_IS_OK
# UVM_INFO /ictc/other/tools/QuestaDVA/questasim/verilog_src/uvm-1.2/src/reg/uvm_reg_predictor.svh(221) @ 1377595000: uvm_test_top.env.ahb_predictor [REG_PREDICT] Observed WRITE transaction to register regmodel.MDR: value='h1 : updated value = 'h1
# UVM_INFO ./../regmodel/uart_reg2ahb_adapter.sv(42) @ 1377596000: reporter [uart_reg2ahb_adapter] bus2reg: address = 0x4 data = 0x85 kind = UVM_WRITE status = UVM_IS_OK
# UVM_INFO /ictc/other/tools/QuestaDVA/questasim/verilog_src/uvm-1.2/src/reg/uvm_reg_predictor.svh(221) @ 1377596000: uvm_test_top.env.ahb_predictor [REG_PREDICT] Observed WRITE transaction to register regmodel.DLL: value='h85 : updated value = 'h85
# UVM_INFO ./../regmodel/uart_reg2ahb_adapter.sv(42) @ 1377596000: reporter [uart_reg2ahb_adapter] bus2reg: address = 0x8 data = 0xc kind = UVM_WRITE status = UVM_IS_OK
# UVM_INFO /ictc/other/tools/QuestaDVA/questasim/verilog_src/uvm-1.2/src/reg/uvm_reg_predictor.svh(221) @ 1377596000: uvm_test_top.env.ahb_predictor [REG_PREDICT] Observed WRITE transaction to register regmodel.DLH: value='hc : updated value = 'hc
# UVM_INFO ./../regmodel/uart_reg2ahb_adapter.sv(42) @ 1377596000: reporter [uart_reg2ahb_adapter] bus2reg: address = 0xc data = 0x28 kind = UVM_WRITE status = UVM_IS_OK
# UVM_INFO /ictc/other/tools/QuestaDVA/questasim/verilog_src/uvm-1.2/src/reg/uvm_reg_predictor.svh(221) @ 1377596000: uvm_test_top.env.ahb_predictor [REG_PREDICT] Observed WRITE transaction to register regmodel.LCR: value='h28 : updated value = 'h28
# UVM_INFO ./../regmodel/uart_reg2ahb_adapter.sv(42) @ 1377596000: reporter [uart_reg2ahb_adapter] bus2reg: address = 0x10 data = 0x8 kind = UVM_WRITE status = UVM_IS_OK
# UVM_INFO /ictc/other/tools/QuestaDVA/questasim/verilog_src/uvm-1.2/src/reg/uvm_reg_predictor.svh(221) @ 1377596000: uvm_test_top.env.ahb_predictor [REG_PREDICT] Observed WRITE transaction to register regmodel.IER: value='h8 : updated value = 'h8
# ===== Received Data from IER =====
# UVM_INFO ./../regmodel/uart_reg2ahb_adapter.sv(42) @ 1377596000: reporter [uart_reg2ahb_adapter] bus2reg: address = 0x14 data = 0x6 kind = UVM_READ status = UVM_IS_OK
# UVM_INFO /ictc/other/tools/QuestaDVA/questasim/verilog_src/uvm-1.2/src/reg/uvm_reg_predictor.svh(225) @ 1377596000: uvm_test_top.env.ahb_predictor [REG_PREDICT] Observed READ transaction to register regmodel.FSR: value='h6
# UVM_ERROR ./../sequences/ahb_rxd_rx_empty_sequence.sv(130) @ 1377606000: uvm_test_top.env.ahb_agt.sequencer@@rx_empty [ahb_rxd_rx_empty_sequence] 
# ===== FAILED!!! RX_EMPTY_STATUS is not right =====
# UVM_INFO ./../regmodel/uart_reg2ahb_adapter.sv(42) @ 1384270000: reporter [uart_reg2ahb_adapter] bus2reg: address = 0x14 data = 0x6 kind = UVM_READ status = UVM_IS_OK
# UVM_INFO /ictc/other/tools/QuestaDVA/questasim/verilog_src/uvm-1.2/src/reg/uvm_reg_predictor.svh(225) @ 1384270000: uvm_test_top.env.ahb_predictor [REG_PREDICT] Observed READ transaction to register regmodel.FSR: value='h6
# UVM_INFO ./../testcases/uart_rxd_interrupt.sv(40) @ 1394280000: uvm_test_top [uart_rxd_interrupt] -------------------------------------------------------------
# Name                Type                Size  Value          
# -------------------------------------------------------------
# cfg                 uart_configuration  -     @360           
#   parity_mode       parity_mode_e       32    UART_PARITY_ODD
#   sampling          sampling_mode_e     32    MODE_X16       
#   data_width        integral            32    'h5            
#   num_of_stop_bit   integral            32    'h1            
#   baud_rate         integral            32    'h12c0         
#   baud_rate_enable  integral            1     'h0            
#   parity_enable     integral            1     'h0            
#   interrupt_enable  integral            1     'h0            
# -------------------------------------------------------------
# 
# UVM_INFO ./../regmodel/uart_reg2ahb_adapter.sv(42) @ 1394280000: reporter [uart_reg2ahb_adapter] bus2reg: address = 0x0 data = 0x0 kind = UVM_WRITE status = UVM_IS_OK
# UVM_INFO /ictc/other/tools/QuestaDVA/questasim/verilog_src/uvm-1.2/src/reg/uvm_reg_predictor.svh(221) @ 1394280000: uvm_test_top.env.ahb_predictor [REG_PREDICT] Observed WRITE transaction to register regmodel.MDR: value='h0 : updated value = 'h0
# UVM_INFO ./../regmodel/uart_reg2ahb_adapter.sv(42) @ 1394280000: reporter [uart_reg2ahb_adapter] bus2reg: address = 0x4 data = 0x16 kind = UVM_WRITE status = UVM_IS_OK
# UVM_INFO /ictc/other/tools/QuestaDVA/questasim/verilog_src/uvm-1.2/src/reg/uvm_reg_predictor.svh(221) @ 1394280000: uvm_test_top.env.ahb_predictor [REG_PREDICT] Observed WRITE transaction to register regmodel.DLL: value='h16 : updated value = 'h16
# UVM_INFO ./../regmodel/uart_reg2ahb_adapter.sv(42) @ 1394280000: reporter [uart_reg2ahb_adapter] bus2reg: address = 0x8 data = 0x5 kind = UVM_WRITE status = UVM_IS_OK
# UVM_INFO /ictc/other/tools/QuestaDVA/questasim/verilog_src/uvm-1.2/src/reg/uvm_reg_predictor.svh(221) @ 1394280000: uvm_test_top.env.ahb_predictor [REG_PREDICT] Observed WRITE transaction to register regmodel.DLH: value='h5 : updated value = 'h5
# UVM_INFO ./../regmodel/uart_reg2ahb_adapter.sv(42) @ 1394280000: reporter [uart_reg2ahb_adapter] bus2reg: address = 0xc data = 0x28 kind = UVM_WRITE status = UVM_IS_OK
# UVM_INFO /ictc/other/tools/QuestaDVA/questasim/verilog_src/uvm-1.2/src/reg/uvm_reg_predictor.svh(221) @ 1394280000: uvm_test_top.env.ahb_predictor [REG_PREDICT] Observed WRITE transaction to register regmodel.LCR: value='h28 : updated value = 'h28
# UVM_INFO ./../regmodel/uart_reg2ahb_adapter.sv(42) @ 1394280000: reporter [uart_reg2ahb_adapter] bus2reg: address = 0x10 data = 0x8 kind = UVM_WRITE status = UVM_IS_OK
# UVM_INFO /ictc/other/tools/QuestaDVA/questasim/verilog_src/uvm-1.2/src/reg/uvm_reg_predictor.svh(221) @ 1394280000: uvm_test_top.env.ahb_predictor [REG_PREDICT] Observed WRITE transaction to register regmodel.IER: value='h8 : updated value = 'h8
# ===== Received Data from IER =====
# UVM_INFO ./../regmodel/uart_reg2ahb_adapter.sv(42) @ 1394280000: reporter [uart_reg2ahb_adapter] bus2reg: address = 0x14 data = 0x6 kind = UVM_READ status = UVM_IS_OK
# UVM_INFO /ictc/other/tools/QuestaDVA/questasim/verilog_src/uvm-1.2/src/reg/uvm_reg_predictor.svh(225) @ 1394280000: uvm_test_top.env.ahb_predictor [REG_PREDICT] Observed READ transaction to register regmodel.FSR: value='h6
# UVM_ERROR ./../sequences/ahb_rxd_rx_empty_sequence.sv(130) @ 1394290000: uvm_test_top.env.ahb_agt.sequencer@@rx_empty [ahb_rxd_rx_empty_sequence] 
# ===== FAILED!!! RX_EMPTY_STATUS is not right =====
# UVM_INFO ./../regmodel/uart_reg2ahb_adapter.sv(42) @ 1397627000: reporter [uart_reg2ahb_adapter] bus2reg: address = 0x14 data = 0x6 kind = UVM_READ status = UVM_IS_OK
# UVM_INFO /ictc/other/tools/QuestaDVA/questasim/verilog_src/uvm-1.2/src/reg/uvm_reg_predictor.svh(225) @ 1397627000: uvm_test_top.env.ahb_predictor [REG_PREDICT] Observed READ transaction to register regmodel.FSR: value='h6
# UVM_INFO ./../testcases/uart_rxd_interrupt.sv(40) @ 1407637000: uvm_test_top [uart_rxd_interrupt] -------------------------------------------------------------
# Name                Type                Size  Value          
# -------------------------------------------------------------
# cfg                 uart_configuration  -     @360           
#   parity_mode       parity_mode_e       32    UART_PARITY_ODD
#   sampling          sampling_mode_e     32    MODE_X13       
#   data_width        integral            32    'h5            
#   num_of_stop_bit   integral            32    'h1            
#   baud_rate         integral            32    'h12c0         
#   baud_rate_enable  integral            1     'h0            
#   parity_enable     integral            1     'h0            
#   interrupt_enable  integral            1     'h0            
# -------------------------------------------------------------
# 
# UVM_INFO ./../regmodel/uart_reg2ahb_adapter.sv(42) @ 1407637000: reporter [uart_reg2ahb_adapter] bus2reg: address = 0x0 data = 0x1 kind = UVM_WRITE status = UVM_IS_OK
# UVM_INFO /ictc/other/tools/QuestaDVA/questasim/verilog_src/uvm-1.2/src/reg/uvm_reg_predictor.svh(221) @ 1407637000: uvm_test_top.env.ahb_predictor [REG_PREDICT] Observed WRITE transaction to register regmodel.MDR: value='h1 : updated value = 'h1
# UVM_INFO ./../regmodel/uart_reg2ahb_adapter.sv(42) @ 1407637000: reporter [uart_reg2ahb_adapter] bus2reg: address = 0x4 data = 0x42 kind = UVM_WRITE status = UVM_IS_OK
# UVM_INFO /ictc/other/tools/QuestaDVA/questasim/verilog_src/uvm-1.2/src/reg/uvm_reg_predictor.svh(221) @ 1407637000: uvm_test_top.env.ahb_predictor [REG_PREDICT] Observed WRITE transaction to register regmodel.DLL: value='h42 : updated value = 'h42
# UVM_INFO ./../regmodel/uart_reg2ahb_adapter.sv(42) @ 1407637000: reporter [uart_reg2ahb_adapter] bus2reg: address = 0x8 data = 0x6 kind = UVM_WRITE status = UVM_IS_OK
# UVM_INFO /ictc/other/tools/QuestaDVA/questasim/verilog_src/uvm-1.2/src/reg/uvm_reg_predictor.svh(221) @ 1407637000: uvm_test_top.env.ahb_predictor [REG_PREDICT] Observed WRITE transaction to register regmodel.DLH: value='h6 : updated value = 'h6
# UVM_INFO ./../regmodel/uart_reg2ahb_adapter.sv(42) @ 1407637000: reporter [uart_reg2ahb_adapter] bus2reg: address = 0xc data = 0x28 kind = UVM_WRITE status = UVM_IS_OK
# UVM_INFO /ictc/other/tools/QuestaDVA/questasim/verilog_src/uvm-1.2/src/reg/uvm_reg_predictor.svh(221) @ 1407637000: uvm_test_top.env.ahb_predictor [REG_PREDICT] Observed WRITE transaction to register regmodel.LCR: value='h28 : updated value = 'h28
# UVM_INFO ./../regmodel/uart_reg2ahb_adapter.sv(42) @ 1407637000: reporter [uart_reg2ahb_adapter] bus2reg: address = 0x10 data = 0x8 kind = UVM_WRITE status = UVM_IS_OK
# UVM_INFO /ictc/other/tools/QuestaDVA/questasim/verilog_src/uvm-1.2/src/reg/uvm_reg_predictor.svh(221) @ 1407637000: uvm_test_top.env.ahb_predictor [REG_PREDICT] Observed WRITE transaction to register regmodel.IER: value='h8 : updated value = 'h8
# ===== Received Data from IER =====
# UVM_INFO ./../regmodel/uart_reg2ahb_adapter.sv(42) @ 1407637000: reporter [uart_reg2ahb_adapter] bus2reg: address = 0x14 data = 0x6 kind = UVM_READ status = UVM_IS_OK
# UVM_INFO /ictc/other/tools/QuestaDVA/questasim/verilog_src/uvm-1.2/src/reg/uvm_reg_predictor.svh(225) @ 1407637000: uvm_test_top.env.ahb_predictor [REG_PREDICT] Observed READ transaction to register regmodel.FSR: value='h6
# UVM_ERROR ./../sequences/ahb_rxd_rx_empty_sequence.sv(130) @ 1407647000: uvm_test_top.env.ahb_agt.sequencer@@rx_empty [ahb_rxd_rx_empty_sequence] 
# ===== FAILED!!! RX_EMPTY_STATUS is not right =====
# UVM_INFO ./../regmodel/uart_reg2ahb_adapter.sv(42) @ 1410983000: reporter [uart_reg2ahb_adapter] bus2reg: address = 0x14 data = 0x6 kind = UVM_READ status = UVM_IS_OK
# UVM_INFO /ictc/other/tools/QuestaDVA/questasim/verilog_src/uvm-1.2/src/reg/uvm_reg_predictor.svh(225) @ 1410983000: uvm_test_top.env.ahb_predictor [REG_PREDICT] Observed READ transaction to register regmodel.FSR: value='h6
# UVM_INFO ./../testcases/uart_rxd_interrupt.sv(40) @ 1420993000: uvm_test_top [uart_rxd_interrupt] -------------------------------------------------------------
# Name                Type                Size  Value          
# -------------------------------------------------------------
# cfg                 uart_configuration  -     @360           
#   parity_mode       parity_mode_e       32    UART_PARITY_ODD
#   sampling          sampling_mode_e     32    MODE_X16       
#   data_width        integral            32    'h5            
#   num_of_stop_bit   integral            32    'h1            
#   baud_rate         integral            32    'h2580         
#   baud_rate_enable  integral            1     'h0            
#   parity_enable     integral            1     'h0            
#   interrupt_enable  integral            1     'h0            
# -------------------------------------------------------------
# 
# UVM_INFO ./../regmodel/uart_reg2ahb_adapter.sv(42) @ 1420993000: reporter [uart_reg2ahb_adapter] bus2reg: address = 0x0 data = 0x0 kind = UVM_WRITE status = UVM_IS_OK
# UVM_INFO /ictc/other/tools/QuestaDVA/questasim/verilog_src/uvm-1.2/src/reg/uvm_reg_predictor.svh(221) @ 1420993000: uvm_test_top.env.ahb_predictor [REG_PREDICT] Observed WRITE transaction to register regmodel.MDR: value='h0 : updated value = 'h0
# UVM_INFO ./../regmodel/uart_reg2ahb_adapter.sv(42) @ 1420993000: reporter [uart_reg2ahb_adapter] bus2reg: address = 0x4 data = 0x8b kind = UVM_WRITE status = UVM_IS_OK
# UVM_INFO /ictc/other/tools/QuestaDVA/questasim/verilog_src/uvm-1.2/src/reg/uvm_reg_predictor.svh(221) @ 1420993000: uvm_test_top.env.ahb_predictor [REG_PREDICT] Observed WRITE transaction to register regmodel.DLL: value='h8b : updated value = 'h8b
# UVM_INFO ./../regmodel/uart_reg2ahb_adapter.sv(42) @ 1420993000: reporter [uart_reg2ahb_adapter] bus2reg: address = 0x8 data = 0x2 kind = UVM_WRITE status = UVM_IS_OK
# UVM_INFO /ictc/other/tools/QuestaDVA/questasim/verilog_src/uvm-1.2/src/reg/uvm_reg_predictor.svh(221) @ 1420993000: uvm_test_top.env.ahb_predictor [REG_PREDICT] Observed WRITE transaction to register regmodel.DLH: value='h2 : updated value = 'h2
# UVM_INFO ./../regmodel/uart_reg2ahb_adapter.sv(42) @ 1420993000: reporter [uart_reg2ahb_adapter] bus2reg: address = 0xc data = 0x28 kind = UVM_WRITE status = UVM_IS_OK
# UVM_INFO /ictc/other/tools/QuestaDVA/questasim/verilog_src/uvm-1.2/src/reg/uvm_reg_predictor.svh(221) @ 1420993000: uvm_test_top.env.ahb_predictor [REG_PREDICT] Observed WRITE transaction to register regmodel.LCR: value='h28 : updated value = 'h28
# UVM_INFO ./../regmodel/uart_reg2ahb_adapter.sv(42) @ 1420993000: reporter [uart_reg2ahb_adapter] bus2reg: address = 0x10 data = 0x8 kind = UVM_WRITE status = UVM_IS_OK
# UVM_INFO /ictc/other/tools/QuestaDVA/questasim/verilog_src/uvm-1.2/src/reg/uvm_reg_predictor.svh(221) @ 1420993000: uvm_test_top.env.ahb_predictor [REG_PREDICT] Observed WRITE transaction to register regmodel.IER: value='h8 : updated value = 'h8
# ===== Received Data from IER =====
# UVM_INFO ./../regmodel/uart_reg2ahb_adapter.sv(42) @ 1420994000: reporter [uart_reg2ahb_adapter] bus2reg: address = 0x14 data = 0x6 kind = UVM_READ status = UVM_IS_OK
# UVM_INFO /ictc/other/tools/QuestaDVA/questasim/verilog_src/uvm-1.2/src/reg/uvm_reg_predictor.svh(225) @ 1420994000: uvm_test_top.env.ahb_predictor [REG_PREDICT] Observed READ transaction to register regmodel.FSR: value='h6
# UVM_ERROR ./../sequences/ahb_rxd_rx_empty_sequence.sv(130) @ 1421004000: uvm_test_top.env.ahb_agt.sequencer@@rx_empty [ahb_rxd_rx_empty_sequence] 
# ===== FAILED!!! RX_EMPTY_STATUS is not right =====
# UVM_INFO ./../regmodel/uart_reg2ahb_adapter.sv(42) @ 1422668000: reporter [uart_reg2ahb_adapter] bus2reg: address = 0x14 data = 0x6 kind = UVM_READ status = UVM_IS_OK
# UVM_INFO /ictc/other/tools/QuestaDVA/questasim/verilog_src/uvm-1.2/src/reg/uvm_reg_predictor.svh(225) @ 1422668000: uvm_test_top.env.ahb_predictor [REG_PREDICT] Observed READ transaction to register regmodel.FSR: value='h6
# UVM_INFO ./../testcases/uart_rxd_interrupt.sv(40) @ 1432678000: uvm_test_top [uart_rxd_interrupt] -------------------------------------------------------------
# Name                Type                Size  Value          
# -------------------------------------------------------------
# cfg                 uart_configuration  -     @360           
#   parity_mode       parity_mode_e       32    UART_PARITY_ODD
#   sampling          sampling_mode_e     32    MODE_X13       
#   data_width        integral            32    'h5            
#   num_of_stop_bit   integral            32    'h1            
#   baud_rate         integral            32    'h2580         
#   baud_rate_enable  integral            1     'h0            
#   parity_enable     integral            1     'h0            
#   interrupt_enable  integral            1     'h0            
# -------------------------------------------------------------
# 
# UVM_INFO ./../regmodel/uart_reg2ahb_adapter.sv(42) @ 1432678000: reporter [uart_reg2ahb_adapter] bus2reg: address = 0x0 data = 0x1 kind = UVM_WRITE status = UVM_IS_OK
# UVM_INFO /ictc/other/tools/QuestaDVA/questasim/verilog_src/uvm-1.2/src/reg/uvm_reg_predictor.svh(221) @ 1432678000: uvm_test_top.env.ahb_predictor [REG_PREDICT] Observed WRITE transaction to register regmodel.MDR: value='h1 : updated value = 'h1
# UVM_INFO ./../regmodel/uart_reg2ahb_adapter.sv(42) @ 1432678000: reporter [uart_reg2ahb_adapter] bus2reg: address = 0x4 data = 0x21 kind = UVM_WRITE status = UVM_IS_OK
# UVM_INFO /ictc/other/tools/QuestaDVA/questasim/verilog_src/uvm-1.2/src/reg/uvm_reg_predictor.svh(221) @ 1432678000: uvm_test_top.env.ahb_predictor [REG_PREDICT] Observed WRITE transaction to register regmodel.DLL: value='h21 : updated value = 'h21
# UVM_INFO ./../regmodel/uart_reg2ahb_adapter.sv(42) @ 1432678000: reporter [uart_reg2ahb_adapter] bus2reg: address = 0x8 data = 0x3 kind = UVM_WRITE status = UVM_IS_OK
# UVM_INFO /ictc/other/tools/QuestaDVA/questasim/verilog_src/uvm-1.2/src/reg/uvm_reg_predictor.svh(221) @ 1432678000: uvm_test_top.env.ahb_predictor [REG_PREDICT] Observed WRITE transaction to register regmodel.DLH: value='h3 : updated value = 'h3
# UVM_INFO ./../regmodel/uart_reg2ahb_adapter.sv(42) @ 1432678000: reporter [uart_reg2ahb_adapter] bus2reg: address = 0xc data = 0x28 kind = UVM_WRITE status = UVM_IS_OK
# UVM_INFO /ictc/other/tools/QuestaDVA/questasim/verilog_src/uvm-1.2/src/reg/uvm_reg_predictor.svh(221) @ 1432678000: uvm_test_top.env.ahb_predictor [REG_PREDICT] Observed WRITE transaction to register regmodel.LCR: value='h28 : updated value = 'h28
# UVM_INFO ./../regmodel/uart_reg2ahb_adapter.sv(42) @ 1432678000: reporter [uart_reg2ahb_adapter] bus2reg: address = 0x10 data = 0x8 kind = UVM_WRITE status = UVM_IS_OK
# UVM_INFO /ictc/other/tools/QuestaDVA/questasim/verilog_src/uvm-1.2/src/reg/uvm_reg_predictor.svh(221) @ 1432678000: uvm_test_top.env.ahb_predictor [REG_PREDICT] Observed WRITE transaction to register regmodel.IER: value='h8 : updated value = 'h8
# ===== Received Data from IER =====
# UVM_INFO ./../regmodel/uart_reg2ahb_adapter.sv(42) @ 1432678000: reporter [uart_reg2ahb_adapter] bus2reg: address = 0x14 data = 0x6 kind = UVM_READ status = UVM_IS_OK
# UVM_INFO /ictc/other/tools/QuestaDVA/questasim/verilog_src/uvm-1.2/src/reg/uvm_reg_predictor.svh(225) @ 1432678000: uvm_test_top.env.ahb_predictor [REG_PREDICT] Observed READ transaction to register regmodel.FSR: value='h6
# UVM_ERROR ./../sequences/ahb_rxd_rx_empty_sequence.sv(130) @ 1432688000: uvm_test_top.env.ahb_agt.sequencer@@rx_empty [ahb_rxd_rx_empty_sequence] 
# ===== FAILED!!! RX_EMPTY_STATUS is not right =====
# UVM_INFO ./../regmodel/uart_reg2ahb_adapter.sv(42) @ 1434352000: reporter [uart_reg2ahb_adapter] bus2reg: address = 0x14 data = 0x6 kind = UVM_READ status = UVM_IS_OK
# UVM_INFO /ictc/other/tools/QuestaDVA/questasim/verilog_src/uvm-1.2/src/reg/uvm_reg_predictor.svh(225) @ 1434352000: uvm_test_top.env.ahb_predictor [REG_PREDICT] Observed READ transaction to register regmodel.FSR: value='h6
# UVM_INFO ./../testcases/uart_rxd_interrupt.sv(40) @ 1444362000: uvm_test_top [uart_rxd_interrupt] -------------------------------------------------------------
# Name                Type                Size  Value          
# -------------------------------------------------------------
# cfg                 uart_configuration  -     @360           
#   parity_mode       parity_mode_e       32    UART_PARITY_ODD
#   sampling          sampling_mode_e     32    MODE_X16       
#   data_width        integral            32    'h5            
#   num_of_stop_bit   integral            32    'h1            
#   baud_rate         integral            32    'h4b00         
#   baud_rate_enable  integral            1     'h0            
#   parity_enable     integral            1     'h0            
#   interrupt_enable  integral            1     'h0            
# -------------------------------------------------------------
# 
# UVM_INFO ./../regmodel/uart_reg2ahb_adapter.sv(42) @ 1444362000: reporter [uart_reg2ahb_adapter] bus2reg: address = 0x0 data = 0x0 kind = UVM_WRITE status = UVM_IS_OK
# UVM_INFO /ictc/other/tools/QuestaDVA/questasim/verilog_src/uvm-1.2/src/reg/uvm_reg_predictor.svh(221) @ 1444362000: uvm_test_top.env.ahb_predictor [REG_PREDICT] Observed WRITE transaction to register regmodel.MDR: value='h0 : updated value = 'h0
# UVM_INFO ./../regmodel/uart_reg2ahb_adapter.sv(42) @ 1444362000: reporter [uart_reg2ahb_adapter] bus2reg: address = 0x4 data = 0x45 kind = UVM_WRITE status = UVM_IS_OK
# UVM_INFO /ictc/other/tools/QuestaDVA/questasim/verilog_src/uvm-1.2/src/reg/uvm_reg_predictor.svh(221) @ 1444362000: uvm_test_top.env.ahb_predictor [REG_PREDICT] Observed WRITE transaction to register regmodel.DLL: value='h45 : updated value = 'h45
# UVM_INFO ./../regmodel/uart_reg2ahb_adapter.sv(42) @ 1444362000: reporter [uart_reg2ahb_adapter] bus2reg: address = 0x8 data = 0x1 kind = UVM_WRITE status = UVM_IS_OK
# UVM_INFO /ictc/other/tools/QuestaDVA/questasim/verilog_src/uvm-1.2/src/reg/uvm_reg_predictor.svh(221) @ 1444362000: uvm_test_top.env.ahb_predictor [REG_PREDICT] Observed WRITE transaction to register regmodel.DLH: value='h1 : updated value = 'h1
# UVM_INFO ./../regmodel/uart_reg2ahb_adapter.sv(42) @ 1444363000: reporter [uart_reg2ahb_adapter] bus2reg: address = 0xc data = 0x28 kind = UVM_WRITE status = UVM_IS_OK
# UVM_INFO /ictc/other/tools/QuestaDVA/questasim/verilog_src/uvm-1.2/src/reg/uvm_reg_predictor.svh(221) @ 1444363000: uvm_test_top.env.ahb_predictor [REG_PREDICT] Observed WRITE transaction to register regmodel.LCR: value='h28 : updated value = 'h28
# UVM_INFO ./../regmodel/uart_reg2ahb_adapter.sv(42) @ 1444363000: reporter [uart_reg2ahb_adapter] bus2reg: address = 0x10 data = 0x8 kind = UVM_WRITE status = UVM_IS_OK
# UVM_INFO /ictc/other/tools/QuestaDVA/questasim/verilog_src/uvm-1.2/src/reg/uvm_reg_predictor.svh(221) @ 1444363000: uvm_test_top.env.ahb_predictor [REG_PREDICT] Observed WRITE transaction to register regmodel.IER: value='h8 : updated value = 'h8
# ===== Received Data from IER =====
# UVM_INFO ./../regmodel/uart_reg2ahb_adapter.sv(42) @ 1444363000: reporter [uart_reg2ahb_adapter] bus2reg: address = 0x14 data = 0x6 kind = UVM_READ status = UVM_IS_OK
# UVM_INFO /ictc/other/tools/QuestaDVA/questasim/verilog_src/uvm-1.2/src/reg/uvm_reg_predictor.svh(225) @ 1444363000: uvm_test_top.env.ahb_predictor [REG_PREDICT] Observed READ transaction to register regmodel.FSR: value='h6
# UVM_ERROR ./../sequences/ahb_rxd_rx_empty_sequence.sv(130) @ 1444373000: uvm_test_top.env.ahb_agt.sequencer@@rx_empty [ahb_rxd_rx_empty_sequence] 
# ===== FAILED!!! RX_EMPTY_STATUS is not right =====
# UVM_INFO ./../regmodel/uart_reg2ahb_adapter.sv(42) @ 1445205000: reporter [uart_reg2ahb_adapter] bus2reg: address = 0x14 data = 0x6 kind = UVM_READ status = UVM_IS_OK
# UVM_INFO /ictc/other/tools/QuestaDVA/questasim/verilog_src/uvm-1.2/src/reg/uvm_reg_predictor.svh(225) @ 1445205000: uvm_test_top.env.ahb_predictor [REG_PREDICT] Observed READ transaction to register regmodel.FSR: value='h6
# UVM_INFO ./../testcases/uart_rxd_interrupt.sv(40) @ 1455215000: uvm_test_top [uart_rxd_interrupt] -------------------------------------------------------------
# Name                Type                Size  Value          
# -------------------------------------------------------------
# cfg                 uart_configuration  -     @360           
#   parity_mode       parity_mode_e       32    UART_PARITY_ODD
#   sampling          sampling_mode_e     32    MODE_X13       
#   data_width        integral            32    'h5            
#   num_of_stop_bit   integral            32    'h1            
#   baud_rate         integral            32    'h4b00         
#   baud_rate_enable  integral            1     'h0            
#   parity_enable     integral            1     'h0            
#   interrupt_enable  integral            1     'h0            
# -------------------------------------------------------------
# 
# UVM_INFO ./../regmodel/uart_reg2ahb_adapter.sv(42) @ 1455215000: reporter [uart_reg2ahb_adapter] bus2reg: address = 0x0 data = 0x1 kind = UVM_WRITE status = UVM_IS_OK
# UVM_INFO /ictc/other/tools/QuestaDVA/questasim/verilog_src/uvm-1.2/src/reg/uvm_reg_predictor.svh(221) @ 1455215000: uvm_test_top.env.ahb_predictor [REG_PREDICT] Observed WRITE transaction to register regmodel.MDR: value='h1 : updated value = 'h1
# UVM_INFO ./../regmodel/uart_reg2ahb_adapter.sv(42) @ 1455215000: reporter [uart_reg2ahb_adapter] bus2reg: address = 0x4 data = 0x91 kind = UVM_WRITE status = UVM_IS_OK
# UVM_INFO /ictc/other/tools/QuestaDVA/questasim/verilog_src/uvm-1.2/src/reg/uvm_reg_predictor.svh(221) @ 1455215000: uvm_test_top.env.ahb_predictor [REG_PREDICT] Observed WRITE transaction to register regmodel.DLL: value='h91 : updated value = 'h91
# UVM_INFO ./../regmodel/uart_reg2ahb_adapter.sv(42) @ 1455215000: reporter [uart_reg2ahb_adapter] bus2reg: address = 0x8 data = 0x1 kind = UVM_WRITE status = UVM_IS_OK
# UVM_INFO /ictc/other/tools/QuestaDVA/questasim/verilog_src/uvm-1.2/src/reg/uvm_reg_predictor.svh(221) @ 1455215000: uvm_test_top.env.ahb_predictor [REG_PREDICT] Observed WRITE transaction to register regmodel.DLH: value='h1 : updated value = 'h1
# UVM_INFO ./../regmodel/uart_reg2ahb_adapter.sv(42) @ 1455215000: reporter [uart_reg2ahb_adapter] bus2reg: address = 0xc data = 0x28 kind = UVM_WRITE status = UVM_IS_OK
# UVM_INFO /ictc/other/tools/QuestaDVA/questasim/verilog_src/uvm-1.2/src/reg/uvm_reg_predictor.svh(221) @ 1455215000: uvm_test_top.env.ahb_predictor [REG_PREDICT] Observed WRITE transaction to register regmodel.LCR: value='h28 : updated value = 'h28
# UVM_INFO ./../regmodel/uart_reg2ahb_adapter.sv(42) @ 1455215000: reporter [uart_reg2ahb_adapter] bus2reg: address = 0x10 data = 0x8 kind = UVM_WRITE status = UVM_IS_OK
# UVM_INFO /ictc/other/tools/QuestaDVA/questasim/verilog_src/uvm-1.2/src/reg/uvm_reg_predictor.svh(221) @ 1455215000: uvm_test_top.env.ahb_predictor [REG_PREDICT] Observed WRITE transaction to register regmodel.IER: value='h8 : updated value = 'h8
# ===== Received Data from IER =====
# UVM_INFO ./../regmodel/uart_reg2ahb_adapter.sv(42) @ 1455215000: reporter [uart_reg2ahb_adapter] bus2reg: address = 0x14 data = 0x6 kind = UVM_READ status = UVM_IS_OK
# UVM_INFO /ictc/other/tools/QuestaDVA/questasim/verilog_src/uvm-1.2/src/reg/uvm_reg_predictor.svh(225) @ 1455215000: uvm_test_top.env.ahb_predictor [REG_PREDICT] Observed READ transaction to register regmodel.FSR: value='h6
# UVM_ERROR ./../sequences/ahb_rxd_rx_empty_sequence.sv(130) @ 1455225000: uvm_test_top.env.ahb_agt.sequencer@@rx_empty [ahb_rxd_rx_empty_sequence] 
# ===== FAILED!!! RX_EMPTY_STATUS is not right =====
# UVM_INFO ./../regmodel/uart_reg2ahb_adapter.sv(42) @ 1456057000: reporter [uart_reg2ahb_adapter] bus2reg: address = 0x14 data = 0x6 kind = UVM_READ status = UVM_IS_OK
# UVM_INFO /ictc/other/tools/QuestaDVA/questasim/verilog_src/uvm-1.2/src/reg/uvm_reg_predictor.svh(225) @ 1456057000: uvm_test_top.env.ahb_predictor [REG_PREDICT] Observed READ transaction to register regmodel.FSR: value='h6
# UVM_INFO ./../testcases/uart_rxd_interrupt.sv(40) @ 1466067000: uvm_test_top [uart_rxd_interrupt] -------------------------------------------------------------
# Name                Type                Size  Value          
# -------------------------------------------------------------
# cfg                 uart_configuration  -     @360           
#   parity_mode       parity_mode_e       32    UART_PARITY_ODD
#   sampling          sampling_mode_e     32    MODE_X16       
#   data_width        integral            32    'h5            
#   num_of_stop_bit   integral            32    'h1            
#   baud_rate         integral            32    'h9600         
#   baud_rate_enable  integral            1     'h0            
#   parity_enable     integral            1     'h0            
#   interrupt_enable  integral            1     'h0            
# -------------------------------------------------------------
# 
# UVM_INFO ./../regmodel/uart_reg2ahb_adapter.sv(42) @ 1466067000: reporter [uart_reg2ahb_adapter] bus2reg: address = 0x0 data = 0x0 kind = UVM_WRITE status = UVM_IS_OK
# UVM_INFO /ictc/other/tools/QuestaDVA/questasim/verilog_src/uvm-1.2/src/reg/uvm_reg_predictor.svh(221) @ 1466067000: uvm_test_top.env.ahb_predictor [REG_PREDICT] Observed WRITE transaction to register regmodel.MDR: value='h0 : updated value = 'h0
# UVM_INFO ./../regmodel/uart_reg2ahb_adapter.sv(42) @ 1466067000: reporter [uart_reg2ahb_adapter] bus2reg: address = 0x4 data = 0xa4 kind = UVM_WRITE status = UVM_IS_OK
# UVM_INFO /ictc/other/tools/QuestaDVA/questasim/verilog_src/uvm-1.2/src/reg/uvm_reg_predictor.svh(221) @ 1466067000: uvm_test_top.env.ahb_predictor [REG_PREDICT] Observed WRITE transaction to register regmodel.DLL: value='ha4 : updated value = 'ha4
# UVM_INFO ./../regmodel/uart_reg2ahb_adapter.sv(42) @ 1466068000: reporter [uart_reg2ahb_adapter] bus2reg: address = 0x8 data = 0x0 kind = UVM_WRITE status = UVM_IS_OK
# UVM_INFO /ictc/other/tools/QuestaDVA/questasim/verilog_src/uvm-1.2/src/reg/uvm_reg_predictor.svh(221) @ 1466068000: uvm_test_top.env.ahb_predictor [REG_PREDICT] Observed WRITE transaction to register regmodel.DLH: value='h0 : updated value = 'h0
# UVM_INFO ./../regmodel/uart_reg2ahb_adapter.sv(42) @ 1466068000: reporter [uart_reg2ahb_adapter] bus2reg: address = 0xc data = 0x28 kind = UVM_WRITE status = UVM_IS_OK
# UVM_INFO /ictc/other/tools/QuestaDVA/questasim/verilog_src/uvm-1.2/src/reg/uvm_reg_predictor.svh(221) @ 1466068000: uvm_test_top.env.ahb_predictor [REG_PREDICT] Observed WRITE transaction to register regmodel.LCR: value='h28 : updated value = 'h28
# UVM_INFO ./../regmodel/uart_reg2ahb_adapter.sv(42) @ 1466068000: reporter [uart_reg2ahb_adapter] bus2reg: address = 0x10 data = 0x8 kind = UVM_WRITE status = UVM_IS_OK
# UVM_INFO /ictc/other/tools/QuestaDVA/questasim/verilog_src/uvm-1.2/src/reg/uvm_reg_predictor.svh(221) @ 1466068000: uvm_test_top.env.ahb_predictor [REG_PREDICT] Observed WRITE transaction to register regmodel.IER: value='h8 : updated value = 'h8
# ===== Received Data from IER =====
# UVM_INFO ./../regmodel/uart_reg2ahb_adapter.sv(42) @ 1466068000: reporter [uart_reg2ahb_adapter] bus2reg: address = 0x14 data = 0x6 kind = UVM_READ status = UVM_IS_OK
# UVM_INFO /ictc/other/tools/QuestaDVA/questasim/verilog_src/uvm-1.2/src/reg/uvm_reg_predictor.svh(225) @ 1466068000: uvm_test_top.env.ahb_predictor [REG_PREDICT] Observed READ transaction to register regmodel.FSR: value='h6
# UVM_ERROR ./../sequences/ahb_rxd_rx_empty_sequence.sv(130) @ 1466078000: uvm_test_top.env.ahb_agt.sequencer@@rx_empty [ahb_rxd_rx_empty_sequence] 
# ===== FAILED!!! RX_EMPTY_STATUS is not right =====
# UVM_INFO ./../regmodel/uart_reg2ahb_adapter.sv(42) @ 1466494000: reporter [uart_reg2ahb_adapter] bus2reg: address = 0x14 data = 0x6 kind = UVM_READ status = UVM_IS_OK
# UVM_INFO /ictc/other/tools/QuestaDVA/questasim/verilog_src/uvm-1.2/src/reg/uvm_reg_predictor.svh(225) @ 1466494000: uvm_test_top.env.ahb_predictor [REG_PREDICT] Observed READ transaction to register regmodel.FSR: value='h6
# UVM_INFO ./../testcases/uart_rxd_interrupt.sv(40) @ 1476504000: uvm_test_top [uart_rxd_interrupt] -------------------------------------------------------------
# Name                Type                Size  Value          
# -------------------------------------------------------------
# cfg                 uart_configuration  -     @360           
#   parity_mode       parity_mode_e       32    UART_PARITY_ODD
#   sampling          sampling_mode_e     32    MODE_X13       
#   data_width        integral            32    'h5            
#   num_of_stop_bit   integral            32    'h1            
#   baud_rate         integral            32    'h9600         
#   baud_rate_enable  integral            1     'h0            
#   parity_enable     integral            1     'h0            
#   interrupt_enable  integral            1     'h0            
# -------------------------------------------------------------
# 
# UVM_INFO ./../regmodel/uart_reg2ahb_adapter.sv(42) @ 1476504000: reporter [uart_reg2ahb_adapter] bus2reg: address = 0x0 data = 0x1 kind = UVM_WRITE status = UVM_IS_OK
# UVM_INFO /ictc/other/tools/QuestaDVA/questasim/verilog_src/uvm-1.2/src/reg/uvm_reg_predictor.svh(221) @ 1476504000: uvm_test_top.env.ahb_predictor [REG_PREDICT] Observed WRITE transaction to register regmodel.MDR: value='h1 : updated value = 'h1
# UVM_INFO ./../regmodel/uart_reg2ahb_adapter.sv(42) @ 1476504000: reporter [uart_reg2ahb_adapter] bus2reg: address = 0x4 data = 0xc8 kind = UVM_WRITE status = UVM_IS_OK
# UVM_INFO /ictc/other/tools/QuestaDVA/questasim/verilog_src/uvm-1.2/src/reg/uvm_reg_predictor.svh(221) @ 1476504000: uvm_test_top.env.ahb_predictor [REG_PREDICT] Observed WRITE transaction to register regmodel.DLL: value='hc8 : updated value = 'hc8
# UVM_INFO ./../regmodel/uart_reg2ahb_adapter.sv(42) @ 1476504000: reporter [uart_reg2ahb_adapter] bus2reg: address = 0x8 data = 0x0 kind = UVM_WRITE status = UVM_IS_OK
# UVM_INFO /ictc/other/tools/QuestaDVA/questasim/verilog_src/uvm-1.2/src/reg/uvm_reg_predictor.svh(221) @ 1476504000: uvm_test_top.env.ahb_predictor [REG_PREDICT] Observed WRITE transaction to register regmodel.DLH: value='h0 : updated value = 'h0
# UVM_INFO ./../regmodel/uart_reg2ahb_adapter.sv(42) @ 1476504000: reporter [uart_reg2ahb_adapter] bus2reg: address = 0xc data = 0x28 kind = UVM_WRITE status = UVM_IS_OK
# UVM_INFO /ictc/other/tools/QuestaDVA/questasim/verilog_src/uvm-1.2/src/reg/uvm_reg_predictor.svh(221) @ 1476504000: uvm_test_top.env.ahb_predictor [REG_PREDICT] Observed WRITE transaction to register regmodel.LCR: value='h28 : updated value = 'h28
# UVM_INFO ./../regmodel/uart_reg2ahb_adapter.sv(42) @ 1476504000: reporter [uart_reg2ahb_adapter] bus2reg: address = 0x10 data = 0x8 kind = UVM_WRITE status = UVM_IS_OK
# UVM_INFO /ictc/other/tools/QuestaDVA/questasim/verilog_src/uvm-1.2/src/reg/uvm_reg_predictor.svh(221) @ 1476504000: uvm_test_top.env.ahb_predictor [REG_PREDICT] Observed WRITE transaction to register regmodel.IER: value='h8 : updated value = 'h8
# ===== Received Data from IER =====
# UVM_INFO ./../regmodel/uart_reg2ahb_adapter.sv(42) @ 1476504000: reporter [uart_reg2ahb_adapter] bus2reg: address = 0x14 data = 0x6 kind = UVM_READ status = UVM_IS_OK
# UVM_INFO /ictc/other/tools/QuestaDVA/questasim/verilog_src/uvm-1.2/src/reg/uvm_reg_predictor.svh(225) @ 1476504000: uvm_test_top.env.ahb_predictor [REG_PREDICT] Observed READ transaction to register regmodel.FSR: value='h6
# UVM_ERROR ./../sequences/ahb_rxd_rx_empty_sequence.sv(130) @ 1476514000: uvm_test_top.env.ahb_agt.sequencer@@rx_empty [ahb_rxd_rx_empty_sequence] 
# ===== FAILED!!! RX_EMPTY_STATUS is not right =====
# UVM_INFO ./../regmodel/uart_reg2ahb_adapter.sv(42) @ 1476930000: reporter [uart_reg2ahb_adapter] bus2reg: address = 0x14 data = 0x6 kind = UVM_READ status = UVM_IS_OK
# UVM_INFO /ictc/other/tools/QuestaDVA/questasim/verilog_src/uvm-1.2/src/reg/uvm_reg_predictor.svh(225) @ 1476930000: uvm_test_top.env.ahb_predictor [REG_PREDICT] Observed READ transaction to register regmodel.FSR: value='h6
# UVM_INFO ./../testcases/uart_rxd_interrupt.sv(40) @ 1486940000: uvm_test_top [uart_rxd_interrupt] -------------------------------------------------------------
# Name                Type                Size  Value          
# -------------------------------------------------------------
# cfg                 uart_configuration  -     @360           
#   parity_mode       parity_mode_e       32    UART_PARITY_ODD
#   sampling          sampling_mode_e     32    MODE_X16       
#   data_width        integral            32    'h5            
#   num_of_stop_bit   integral            32    'h1            
#   baud_rate         integral            32    'h12c00        
#   baud_rate_enable  integral            1     'h0            
#   parity_enable     integral            1     'h0            
#   interrupt_enable  integral            1     'h0            
# -------------------------------------------------------------
# 
# UVM_INFO ./../regmodel/uart_reg2ahb_adapter.sv(42) @ 1486941000: reporter [uart_reg2ahb_adapter] bus2reg: address = 0x0 data = 0x0 kind = UVM_WRITE status = UVM_IS_OK
# UVM_INFO /ictc/other/tools/QuestaDVA/questasim/verilog_src/uvm-1.2/src/reg/uvm_reg_predictor.svh(221) @ 1486941000: uvm_test_top.env.ahb_predictor [REG_PREDICT] Observed WRITE transaction to register regmodel.MDR: value='h0 : updated value = 'h0
# UVM_INFO ./../regmodel/uart_reg2ahb_adapter.sv(42) @ 1486941000: reporter [uart_reg2ahb_adapter] bus2reg: address = 0x4 data = 0x51 kind = UVM_WRITE status = UVM_IS_OK
# UVM_INFO /ictc/other/tools/QuestaDVA/questasim/verilog_src/uvm-1.2/src/reg/uvm_reg_predictor.svh(221) @ 1486941000: uvm_test_top.env.ahb_predictor [REG_PREDICT] Observed WRITE transaction to register regmodel.DLL: value='h51 : updated value = 'h51
# UVM_INFO ./../regmodel/uart_reg2ahb_adapter.sv(42) @ 1486941000: reporter [uart_reg2ahb_adapter] bus2reg: address = 0x8 data = 0x0 kind = UVM_WRITE status = UVM_IS_OK
# UVM_INFO /ictc/other/tools/QuestaDVA/questasim/verilog_src/uvm-1.2/src/reg/uvm_reg_predictor.svh(221) @ 1486941000: uvm_test_top.env.ahb_predictor [REG_PREDICT] Observed WRITE transaction to register regmodel.DLH: value='h0 : updated value = 'h0
# UVM_INFO ./../regmodel/uart_reg2ahb_adapter.sv(42) @ 1486941000: reporter [uart_reg2ahb_adapter] bus2reg: address = 0xc data = 0x28 kind = UVM_WRITE status = UVM_IS_OK
# UVM_INFO /ictc/other/tools/QuestaDVA/questasim/verilog_src/uvm-1.2/src/reg/uvm_reg_predictor.svh(221) @ 1486941000: uvm_test_top.env.ahb_predictor [REG_PREDICT] Observed WRITE transaction to register regmodel.LCR: value='h28 : updated value = 'h28
# UVM_INFO ./../regmodel/uart_reg2ahb_adapter.sv(42) @ 1486941000: reporter [uart_reg2ahb_adapter] bus2reg: address = 0x10 data = 0x8 kind = UVM_WRITE status = UVM_IS_OK
# UVM_INFO /ictc/other/tools/QuestaDVA/questasim/verilog_src/uvm-1.2/src/reg/uvm_reg_predictor.svh(221) @ 1486941000: uvm_test_top.env.ahb_predictor [REG_PREDICT] Observed WRITE transaction to register regmodel.IER: value='h8 : updated value = 'h8
# ===== Received Data from IER =====
# UVM_INFO ./../regmodel/uart_reg2ahb_adapter.sv(42) @ 1486941000: reporter [uart_reg2ahb_adapter] bus2reg: address = 0x14 data = 0x6 kind = UVM_READ status = UVM_IS_OK
# UVM_INFO /ictc/other/tools/QuestaDVA/questasim/verilog_src/uvm-1.2/src/reg/uvm_reg_predictor.svh(225) @ 1486941000: uvm_test_top.env.ahb_predictor [REG_PREDICT] Observed READ transaction to register regmodel.FSR: value='h6
# UVM_ERROR ./../sequences/ahb_rxd_rx_empty_sequence.sv(130) @ 1486951000: uvm_test_top.env.ahb_agt.sequencer@@rx_empty [ahb_rxd_rx_empty_sequence] 
# ===== FAILED!!! RX_EMPTY_STATUS is not right =====
# UVM_INFO ./../regmodel/uart_reg2ahb_adapter.sv(42) @ 1487159000: reporter [uart_reg2ahb_adapter] bus2reg: address = 0x14 data = 0x6 kind = UVM_READ status = UVM_IS_OK
# UVM_INFO /ictc/other/tools/QuestaDVA/questasim/verilog_src/uvm-1.2/src/reg/uvm_reg_predictor.svh(225) @ 1487159000: uvm_test_top.env.ahb_predictor [REG_PREDICT] Observed READ transaction to register regmodel.FSR: value='h6
# UVM_INFO ./../testcases/uart_rxd_interrupt.sv(40) @ 1497169000: uvm_test_top [uart_rxd_interrupt] -------------------------------------------------------------
# Name                Type                Size  Value          
# -------------------------------------------------------------
# cfg                 uart_configuration  -     @360           
#   parity_mode       parity_mode_e       32    UART_PARITY_ODD
#   sampling          sampling_mode_e     32    MODE_X13       
#   data_width        integral            32    'h5            
#   num_of_stop_bit   integral            32    'h1            
#   baud_rate         integral            32    'h12c00        
#   baud_rate_enable  integral            1     'h0            
#   parity_enable     integral            1     'h0            
#   interrupt_enable  integral            1     'h0            
# -------------------------------------------------------------
# 
# UVM_INFO ./../regmodel/uart_reg2ahb_adapter.sv(42) @ 1497169000: reporter [uart_reg2ahb_adapter] bus2reg: address = 0x0 data = 0x1 kind = UVM_WRITE status = UVM_IS_OK
# UVM_INFO /ictc/other/tools/QuestaDVA/questasim/verilog_src/uvm-1.2/src/reg/uvm_reg_predictor.svh(221) @ 1497169000: uvm_test_top.env.ahb_predictor [REG_PREDICT] Observed WRITE transaction to register regmodel.MDR: value='h1 : updated value = 'h1
# UVM_INFO ./../regmodel/uart_reg2ahb_adapter.sv(42) @ 1497169000: reporter [uart_reg2ahb_adapter] bus2reg: address = 0x4 data = 0x64 kind = UVM_WRITE status = UVM_IS_OK
# UVM_INFO /ictc/other/tools/QuestaDVA/questasim/verilog_src/uvm-1.2/src/reg/uvm_reg_predictor.svh(221) @ 1497169000: uvm_test_top.env.ahb_predictor [REG_PREDICT] Observed WRITE transaction to register regmodel.DLL: value='h64 : updated value = 'h64
# UVM_INFO ./../regmodel/uart_reg2ahb_adapter.sv(42) @ 1497169000: reporter [uart_reg2ahb_adapter] bus2reg: address = 0x8 data = 0x0 kind = UVM_WRITE status = UVM_IS_OK
# UVM_INFO /ictc/other/tools/QuestaDVA/questasim/verilog_src/uvm-1.2/src/reg/uvm_reg_predictor.svh(221) @ 1497169000: uvm_test_top.env.ahb_predictor [REG_PREDICT] Observed WRITE transaction to register regmodel.DLH: value='h0 : updated value = 'h0
# UVM_INFO ./../regmodel/uart_reg2ahb_adapter.sv(42) @ 1497169000: reporter [uart_reg2ahb_adapter] bus2reg: address = 0xc data = 0x28 kind = UVM_WRITE status = UVM_IS_OK
# UVM_INFO /ictc/other/tools/QuestaDVA/questasim/verilog_src/uvm-1.2/src/reg/uvm_reg_predictor.svh(221) @ 1497169000: uvm_test_top.env.ahb_predictor [REG_PREDICT] Observed WRITE transaction to register regmodel.LCR: value='h28 : updated value = 'h28
# UVM_INFO ./../regmodel/uart_reg2ahb_adapter.sv(42) @ 1497169000: reporter [uart_reg2ahb_adapter] bus2reg: address = 0x10 data = 0x8 kind = UVM_WRITE status = UVM_IS_OK
# UVM_INFO /ictc/other/tools/QuestaDVA/questasim/verilog_src/uvm-1.2/src/reg/uvm_reg_predictor.svh(221) @ 1497169000: uvm_test_top.env.ahb_predictor [REG_PREDICT] Observed WRITE transaction to register regmodel.IER: value='h8 : updated value = 'h8
# ===== Received Data from IER =====
# UVM_INFO ./../regmodel/uart_reg2ahb_adapter.sv(42) @ 1497170000: reporter [uart_reg2ahb_adapter] bus2reg: address = 0x14 data = 0x6 kind = UVM_READ status = UVM_IS_OK
# UVM_INFO /ictc/other/tools/QuestaDVA/questasim/verilog_src/uvm-1.2/src/reg/uvm_reg_predictor.svh(225) @ 1497170000: uvm_test_top.env.ahb_predictor [REG_PREDICT] Observed READ transaction to register regmodel.FSR: value='h6
# UVM_ERROR ./../sequences/ahb_rxd_rx_empty_sequence.sv(130) @ 1497180000: uvm_test_top.env.ahb_agt.sequencer@@rx_empty [ahb_rxd_rx_empty_sequence] 
# ===== FAILED!!! RX_EMPTY_STATUS is not right =====
# UVM_INFO ./../regmodel/uart_reg2ahb_adapter.sv(42) @ 1497388000: reporter [uart_reg2ahb_adapter] bus2reg: address = 0x14 data = 0x6 kind = UVM_READ status = UVM_IS_OK
# UVM_INFO /ictc/other/tools/QuestaDVA/questasim/verilog_src/uvm-1.2/src/reg/uvm_reg_predictor.svh(225) @ 1497388000: uvm_test_top.env.ahb_predictor [REG_PREDICT] Observed READ transaction to register regmodel.FSR: value='h6
# UVM_INFO ./../testcases/uart_rxd_interrupt.sv(40) @ 1507398000: uvm_test_top [uart_rxd_interrupt] -------------------------------------------------------------
# Name                Type                Size  Value          
# -------------------------------------------------------------
# cfg                 uart_configuration  -     @360           
#   parity_mode       parity_mode_e       32    UART_PARITY_ODD
#   sampling          sampling_mode_e     32    MODE_X16       
#   data_width        integral            32    'h5            
#   num_of_stop_bit   integral            32    'h1            
#   baud_rate         integral            32    'h1c200        
#   baud_rate_enable  integral            1     'h0            
#   parity_enable     integral            1     'h0            
#   interrupt_enable  integral            1     'h0            
# -------------------------------------------------------------
# 
# UVM_INFO ./../regmodel/uart_reg2ahb_adapter.sv(42) @ 1507398000: reporter [uart_reg2ahb_adapter] bus2reg: address = 0x0 data = 0x0 kind = UVM_WRITE status = UVM_IS_OK
# UVM_INFO /ictc/other/tools/QuestaDVA/questasim/verilog_src/uvm-1.2/src/reg/uvm_reg_predictor.svh(221) @ 1507398000: uvm_test_top.env.ahb_predictor [REG_PREDICT] Observed WRITE transaction to register regmodel.MDR: value='h0 : updated value = 'h0
# UVM_INFO ./../regmodel/uart_reg2ahb_adapter.sv(42) @ 1507398000: reporter [uart_reg2ahb_adapter] bus2reg: address = 0x4 data = 0x36 kind = UVM_WRITE status = UVM_IS_OK
# UVM_INFO /ictc/other/tools/QuestaDVA/questasim/verilog_src/uvm-1.2/src/reg/uvm_reg_predictor.svh(221) @ 1507398000: uvm_test_top.env.ahb_predictor [REG_PREDICT] Observed WRITE transaction to register regmodel.DLL: value='h36 : updated value = 'h36
# UVM_INFO ./../regmodel/uart_reg2ahb_adapter.sv(42) @ 1507398000: reporter [uart_reg2ahb_adapter] bus2reg: address = 0x8 data = 0x0 kind = UVM_WRITE status = UVM_IS_OK
# UVM_INFO /ictc/other/tools/QuestaDVA/questasim/verilog_src/uvm-1.2/src/reg/uvm_reg_predictor.svh(221) @ 1507398000: uvm_test_top.env.ahb_predictor [REG_PREDICT] Observed WRITE transaction to register regmodel.DLH: value='h0 : updated value = 'h0
# UVM_INFO ./../regmodel/uart_reg2ahb_adapter.sv(42) @ 1507398000: reporter [uart_reg2ahb_adapter] bus2reg: address = 0xc data = 0x28 kind = UVM_WRITE status = UVM_IS_OK
# UVM_INFO /ictc/other/tools/QuestaDVA/questasim/verilog_src/uvm-1.2/src/reg/uvm_reg_predictor.svh(221) @ 1507398000: uvm_test_top.env.ahb_predictor [REG_PREDICT] Observed WRITE transaction to register regmodel.LCR: value='h28 : updated value = 'h28
# UVM_INFO ./../regmodel/uart_reg2ahb_adapter.sv(42) @ 1507398000: reporter [uart_reg2ahb_adapter] bus2reg: address = 0x10 data = 0x8 kind = UVM_WRITE status = UVM_IS_OK
# UVM_INFO /ictc/other/tools/QuestaDVA/questasim/verilog_src/uvm-1.2/src/reg/uvm_reg_predictor.svh(221) @ 1507398000: uvm_test_top.env.ahb_predictor [REG_PREDICT] Observed WRITE transaction to register regmodel.IER: value='h8 : updated value = 'h8
# ===== Received Data from IER =====
# UVM_INFO ./../regmodel/uart_reg2ahb_adapter.sv(42) @ 1507398000: reporter [uart_reg2ahb_adapter] bus2reg: address = 0x14 data = 0x6 kind = UVM_READ status = UVM_IS_OK
# UVM_INFO /ictc/other/tools/QuestaDVA/questasim/verilog_src/uvm-1.2/src/reg/uvm_reg_predictor.svh(225) @ 1507398000: uvm_test_top.env.ahb_predictor [REG_PREDICT] Observed READ transaction to register regmodel.FSR: value='h6
# UVM_ERROR ./../sequences/ahb_rxd_rx_empty_sequence.sv(130) @ 1507408000: uvm_test_top.env.ahb_agt.sequencer@@rx_empty [ahb_rxd_rx_empty_sequence] 
# ===== FAILED!!! RX_EMPTY_STATUS is not right =====
# UVM_INFO ./../regmodel/uart_reg2ahb_adapter.sv(42) @ 1507544000: reporter [uart_reg2ahb_adapter] bus2reg: address = 0x14 data = 0x6 kind = UVM_READ status = UVM_IS_OK
# UVM_INFO /ictc/other/tools/QuestaDVA/questasim/verilog_src/uvm-1.2/src/reg/uvm_reg_predictor.svh(225) @ 1507544000: uvm_test_top.env.ahb_predictor [REG_PREDICT] Observed READ transaction to register regmodel.FSR: value='h6
# UVM_INFO ./../testcases/uart_rxd_interrupt.sv(40) @ 1517554000: uvm_test_top [uart_rxd_interrupt] -------------------------------------------------------------
# Name                Type                Size  Value          
# -------------------------------------------------------------
# cfg                 uart_configuration  -     @360           
#   parity_mode       parity_mode_e       32    UART_PARITY_ODD
#   sampling          sampling_mode_e     32    MODE_X13       
#   data_width        integral            32    'h5            
#   num_of_stop_bit   integral            32    'h1            
#   baud_rate         integral            32    'h1c200        
#   baud_rate_enable  integral            1     'h0            
#   parity_enable     integral            1     'h0            
#   interrupt_enable  integral            1     'h0            
# -------------------------------------------------------------
# 
# UVM_INFO ./../regmodel/uart_reg2ahb_adapter.sv(42) @ 1517554000: reporter [uart_reg2ahb_adapter] bus2reg: address = 0x0 data = 0x1 kind = UVM_WRITE status = UVM_IS_OK
# UVM_INFO /ictc/other/tools/QuestaDVA/questasim/verilog_src/uvm-1.2/src/reg/uvm_reg_predictor.svh(221) @ 1517554000: uvm_test_top.env.ahb_predictor [REG_PREDICT] Observed WRITE transaction to register regmodel.MDR: value='h1 : updated value = 'h1
# UVM_INFO ./../regmodel/uart_reg2ahb_adapter.sv(42) @ 1517554000: reporter [uart_reg2ahb_adapter] bus2reg: address = 0x4 data = 0x43 kind = UVM_WRITE status = UVM_IS_OK
# UVM_INFO /ictc/other/tools/QuestaDVA/questasim/verilog_src/uvm-1.2/src/reg/uvm_reg_predictor.svh(221) @ 1517554000: uvm_test_top.env.ahb_predictor [REG_PREDICT] Observed WRITE transaction to register regmodel.DLL: value='h43 : updated value = 'h43
# UVM_INFO ./../regmodel/uart_reg2ahb_adapter.sv(42) @ 1517554000: reporter [uart_reg2ahb_adapter] bus2reg: address = 0x8 data = 0x0 kind = UVM_WRITE status = UVM_IS_OK
# UVM_INFO /ictc/other/tools/QuestaDVA/questasim/verilog_src/uvm-1.2/src/reg/uvm_reg_predictor.svh(221) @ 1517554000: uvm_test_top.env.ahb_predictor [REG_PREDICT] Observed WRITE transaction to register regmodel.DLH: value='h0 : updated value = 'h0
# UVM_INFO ./../regmodel/uart_reg2ahb_adapter.sv(42) @ 1517554000: reporter [uart_reg2ahb_adapter] bus2reg: address = 0xc data = 0x28 kind = UVM_WRITE status = UVM_IS_OK
# UVM_INFO /ictc/other/tools/QuestaDVA/questasim/verilog_src/uvm-1.2/src/reg/uvm_reg_predictor.svh(221) @ 1517554000: uvm_test_top.env.ahb_predictor [REG_PREDICT] Observed WRITE transaction to register regmodel.LCR: value='h28 : updated value = 'h28
# UVM_INFO ./../regmodel/uart_reg2ahb_adapter.sv(42) @ 1517555000: reporter [uart_reg2ahb_adapter] bus2reg: address = 0x10 data = 0x8 kind = UVM_WRITE status = UVM_IS_OK
# UVM_INFO /ictc/other/tools/QuestaDVA/questasim/verilog_src/uvm-1.2/src/reg/uvm_reg_predictor.svh(221) @ 1517555000: uvm_test_top.env.ahb_predictor [REG_PREDICT] Observed WRITE transaction to register regmodel.IER: value='h8 : updated value = 'h8
# ===== Received Data from IER =====
# UVM_INFO ./../regmodel/uart_reg2ahb_adapter.sv(42) @ 1517555000: reporter [uart_reg2ahb_adapter] bus2reg: address = 0x14 data = 0x6 kind = UVM_READ status = UVM_IS_OK
# UVM_INFO /ictc/other/tools/QuestaDVA/questasim/verilog_src/uvm-1.2/src/reg/uvm_reg_predictor.svh(225) @ 1517555000: uvm_test_top.env.ahb_predictor [REG_PREDICT] Observed READ transaction to register regmodel.FSR: value='h6
# UVM_ERROR ./../sequences/ahb_rxd_rx_empty_sequence.sv(130) @ 1517565000: uvm_test_top.env.ahb_agt.sequencer@@rx_empty [ahb_rxd_rx_empty_sequence] 
# ===== FAILED!!! RX_EMPTY_STATUS is not right =====
# UVM_INFO ./../regmodel/uart_reg2ahb_adapter.sv(42) @ 1517701000: reporter [uart_reg2ahb_adapter] bus2reg: address = 0x14 data = 0x6 kind = UVM_READ status = UVM_IS_OK
# UVM_INFO /ictc/other/tools/QuestaDVA/questasim/verilog_src/uvm-1.2/src/reg/uvm_reg_predictor.svh(225) @ 1517701000: uvm_test_top.env.ahb_predictor [REG_PREDICT] Observed READ transaction to register regmodel.FSR: value='h6
# UVM_INFO ./../testcases/uart_rxd_interrupt.sv(40) @ 1527711000: uvm_test_top [uart_rxd_interrupt] -------------------------------------------------------------
# Name                Type                Size  Value          
# -------------------------------------------------------------
# cfg                 uart_configuration  -     @360           
#   parity_mode       parity_mode_e       32    UART_PARITY_ODD
#   sampling          sampling_mode_e     32    MODE_X16       
#   data_width        integral            32    'h5            
#   num_of_stop_bit   integral            32    'h2            
#   baud_rate         integral            32    'h960          
#   baud_rate_enable  integral            1     'h0            
#   parity_enable     integral            1     'h0            
#   interrupt_enable  integral            1     'h0            
# -------------------------------------------------------------
# 
# UVM_INFO ./../regmodel/uart_reg2ahb_adapter.sv(42) @ 1527711000: reporter [uart_reg2ahb_adapter] bus2reg: address = 0x0 data = 0x0 kind = UVM_WRITE status = UVM_IS_OK
# UVM_INFO /ictc/other/tools/QuestaDVA/questasim/verilog_src/uvm-1.2/src/reg/uvm_reg_predictor.svh(221) @ 1527711000: uvm_test_top.env.ahb_predictor [REG_PREDICT] Observed WRITE transaction to register regmodel.MDR: value='h0 : updated value = 'h0
# UVM_INFO ./../regmodel/uart_reg2ahb_adapter.sv(42) @ 1527711000: reporter [uart_reg2ahb_adapter] bus2reg: address = 0x4 data = 0x2c kind = UVM_WRITE status = UVM_IS_OK
# UVM_INFO /ictc/other/tools/QuestaDVA/questasim/verilog_src/uvm-1.2/src/reg/uvm_reg_predictor.svh(221) @ 1527711000: uvm_test_top.env.ahb_predictor [REG_PREDICT] Observed WRITE transaction to register regmodel.DLL: value='h2c : updated value = 'h2c
# UVM_INFO ./../regmodel/uart_reg2ahb_adapter.sv(42) @ 1527711000: reporter [uart_reg2ahb_adapter] bus2reg: address = 0x8 data = 0xa kind = UVM_WRITE status = UVM_IS_OK
# UVM_INFO /ictc/other/tools/QuestaDVA/questasim/verilog_src/uvm-1.2/src/reg/uvm_reg_predictor.svh(221) @ 1527711000: uvm_test_top.env.ahb_predictor [REG_PREDICT] Observed WRITE transaction to register regmodel.DLH: value='ha : updated value = 'ha
# UVM_INFO ./../regmodel/uart_reg2ahb_adapter.sv(42) @ 1527711000: reporter [uart_reg2ahb_adapter] bus2reg: address = 0xc data = 0x2c kind = UVM_WRITE status = UVM_IS_OK
# UVM_INFO /ictc/other/tools/QuestaDVA/questasim/verilog_src/uvm-1.2/src/reg/uvm_reg_predictor.svh(221) @ 1527711000: uvm_test_top.env.ahb_predictor [REG_PREDICT] Observed WRITE transaction to register regmodel.LCR: value='h2c : updated value = 'h2c
# UVM_INFO ./../regmodel/uart_reg2ahb_adapter.sv(42) @ 1527711000: reporter [uart_reg2ahb_adapter] bus2reg: address = 0x10 data = 0x8 kind = UVM_WRITE status = UVM_IS_OK
# UVM_INFO /ictc/other/tools/QuestaDVA/questasim/verilog_src/uvm-1.2/src/reg/uvm_reg_predictor.svh(221) @ 1527711000: uvm_test_top.env.ahb_predictor [REG_PREDICT] Observed WRITE transaction to register regmodel.IER: value='h8 : updated value = 'h8
# ===== Received Data from IER =====
# UVM_INFO ./../regmodel/uart_reg2ahb_adapter.sv(42) @ 1527711000: reporter [uart_reg2ahb_adapter] bus2reg: address = 0x14 data = 0x6 kind = UVM_READ status = UVM_IS_OK
# UVM_INFO /ictc/other/tools/QuestaDVA/questasim/verilog_src/uvm-1.2/src/reg/uvm_reg_predictor.svh(225) @ 1527711000: uvm_test_top.env.ahb_predictor [REG_PREDICT] Observed READ transaction to register regmodel.FSR: value='h6
# UVM_ERROR ./../sequences/ahb_rxd_rx_empty_sequence.sv(130) @ 1527721000: uvm_test_top.env.ahb_agt.sequencer@@rx_empty [ahb_rxd_rx_empty_sequence] 
# ===== FAILED!!! RX_EMPTY_STATUS is not right =====
# UVM_INFO ./../regmodel/uart_reg2ahb_adapter.sv(42) @ 1535218000: reporter [uart_reg2ahb_adapter] bus2reg: address = 0x14 data = 0x6 kind = UVM_READ status = UVM_IS_OK
# UVM_INFO /ictc/other/tools/QuestaDVA/questasim/verilog_src/uvm-1.2/src/reg/uvm_reg_predictor.svh(225) @ 1535218000: uvm_test_top.env.ahb_predictor [REG_PREDICT] Observed READ transaction to register regmodel.FSR: value='h6
# UVM_INFO ./../testcases/uart_rxd_interrupt.sv(40) @ 1545228000: uvm_test_top [uart_rxd_interrupt] -------------------------------------------------------------
# Name                Type                Size  Value          
# -------------------------------------------------------------
# cfg                 uart_configuration  -     @360           
#   parity_mode       parity_mode_e       32    UART_PARITY_ODD
#   sampling          sampling_mode_e     32    MODE_X13       
#   data_width        integral            32    'h5            
#   num_of_stop_bit   integral            32    'h2            
#   baud_rate         integral            32    'h960          
#   baud_rate_enable  integral            1     'h0            
#   parity_enable     integral            1     'h0            
#   interrupt_enable  integral            1     'h0            
# -------------------------------------------------------------
# 
# UVM_INFO ./../regmodel/uart_reg2ahb_adapter.sv(42) @ 1545228000: reporter [uart_reg2ahb_adapter] bus2reg: address = 0x0 data = 0x1 kind = UVM_WRITE status = UVM_IS_OK
# UVM_INFO /ictc/other/tools/QuestaDVA/questasim/verilog_src/uvm-1.2/src/reg/uvm_reg_predictor.svh(221) @ 1545228000: uvm_test_top.env.ahb_predictor [REG_PREDICT] Observed WRITE transaction to register regmodel.MDR: value='h1 : updated value = 'h1
# UVM_INFO ./../regmodel/uart_reg2ahb_adapter.sv(42) @ 1545228000: reporter [uart_reg2ahb_adapter] bus2reg: address = 0x4 data = 0x85 kind = UVM_WRITE status = UVM_IS_OK
# UVM_INFO /ictc/other/tools/QuestaDVA/questasim/verilog_src/uvm-1.2/src/reg/uvm_reg_predictor.svh(221) @ 1545228000: uvm_test_top.env.ahb_predictor [REG_PREDICT] Observed WRITE transaction to register regmodel.DLL: value='h85 : updated value = 'h85
# UVM_INFO ./../regmodel/uart_reg2ahb_adapter.sv(42) @ 1545228000: reporter [uart_reg2ahb_adapter] bus2reg: address = 0x8 data = 0xc kind = UVM_WRITE status = UVM_IS_OK
# UVM_INFO /ictc/other/tools/QuestaDVA/questasim/verilog_src/uvm-1.2/src/reg/uvm_reg_predictor.svh(221) @ 1545228000: uvm_test_top.env.ahb_predictor [REG_PREDICT] Observed WRITE transaction to register regmodel.DLH: value='hc : updated value = 'hc
# UVM_INFO ./../regmodel/uart_reg2ahb_adapter.sv(42) @ 1545229000: reporter [uart_reg2ahb_adapter] bus2reg: address = 0xc data = 0x2c kind = UVM_WRITE status = UVM_IS_OK
# UVM_INFO /ictc/other/tools/QuestaDVA/questasim/verilog_src/uvm-1.2/src/reg/uvm_reg_predictor.svh(221) @ 1545229000: uvm_test_top.env.ahb_predictor [REG_PREDICT] Observed WRITE transaction to register regmodel.LCR: value='h2c : updated value = 'h2c
# UVM_INFO ./../regmodel/uart_reg2ahb_adapter.sv(42) @ 1545229000: reporter [uart_reg2ahb_adapter] bus2reg: address = 0x10 data = 0x8 kind = UVM_WRITE status = UVM_IS_OK
# UVM_INFO /ictc/other/tools/QuestaDVA/questasim/verilog_src/uvm-1.2/src/reg/uvm_reg_predictor.svh(221) @ 1545229000: uvm_test_top.env.ahb_predictor [REG_PREDICT] Observed WRITE transaction to register regmodel.IER: value='h8 : updated value = 'h8
# ===== Received Data from IER =====
# UVM_INFO ./../regmodel/uart_reg2ahb_adapter.sv(42) @ 1545229000: reporter [uart_reg2ahb_adapter] bus2reg: address = 0x14 data = 0x6 kind = UVM_READ status = UVM_IS_OK
# UVM_INFO /ictc/other/tools/QuestaDVA/questasim/verilog_src/uvm-1.2/src/reg/uvm_reg_predictor.svh(225) @ 1545229000: uvm_test_top.env.ahb_predictor [REG_PREDICT] Observed READ transaction to register regmodel.FSR: value='h6
# UVM_ERROR ./../sequences/ahb_rxd_rx_empty_sequence.sv(130) @ 1545239000: uvm_test_top.env.ahb_agt.sequencer@@rx_empty [ahb_rxd_rx_empty_sequence] 
# ===== FAILED!!! RX_EMPTY_STATUS is not right =====
# UVM_INFO ./../regmodel/uart_reg2ahb_adapter.sv(42) @ 1552736000: reporter [uart_reg2ahb_adapter] bus2reg: address = 0x14 data = 0x6 kind = UVM_READ status = UVM_IS_OK
# UVM_INFO /ictc/other/tools/QuestaDVA/questasim/verilog_src/uvm-1.2/src/reg/uvm_reg_predictor.svh(225) @ 1552736000: uvm_test_top.env.ahb_predictor [REG_PREDICT] Observed READ transaction to register regmodel.FSR: value='h6
# UVM_INFO ./../testcases/uart_rxd_interrupt.sv(40) @ 1562746000: uvm_test_top [uart_rxd_interrupt] -------------------------------------------------------------
# Name                Type                Size  Value          
# -------------------------------------------------------------
# cfg                 uart_configuration  -     @360           
#   parity_mode       parity_mode_e       32    UART_PARITY_ODD
#   sampling          sampling_mode_e     32    MODE_X16       
#   data_width        integral            32    'h5            
#   num_of_stop_bit   integral            32    'h2            
#   baud_rate         integral            32    'h12c0         
#   baud_rate_enable  integral            1     'h0            
#   parity_enable     integral            1     'h0            
#   interrupt_enable  integral            1     'h0            
# -------------------------------------------------------------
# 
# UVM_INFO ./../regmodel/uart_reg2ahb_adapter.sv(42) @ 1562746000: reporter [uart_reg2ahb_adapter] bus2reg: address = 0x0 data = 0x0 kind = UVM_WRITE status = UVM_IS_OK
# UVM_INFO /ictc/other/tools/QuestaDVA/questasim/verilog_src/uvm-1.2/src/reg/uvm_reg_predictor.svh(221) @ 1562746000: uvm_test_top.env.ahb_predictor [REG_PREDICT] Observed WRITE transaction to register regmodel.MDR: value='h0 : updated value = 'h0
# UVM_INFO ./../regmodel/uart_reg2ahb_adapter.sv(42) @ 1562746000: reporter [uart_reg2ahb_adapter] bus2reg: address = 0x4 data = 0x16 kind = UVM_WRITE status = UVM_IS_OK
# UVM_INFO /ictc/other/tools/QuestaDVA/questasim/verilog_src/uvm-1.2/src/reg/uvm_reg_predictor.svh(221) @ 1562746000: uvm_test_top.env.ahb_predictor [REG_PREDICT] Observed WRITE transaction to register regmodel.DLL: value='h16 : updated value = 'h16
# UVM_INFO ./../regmodel/uart_reg2ahb_adapter.sv(42) @ 1562746000: reporter [uart_reg2ahb_adapter] bus2reg: address = 0x8 data = 0x5 kind = UVM_WRITE status = UVM_IS_OK
# UVM_INFO /ictc/other/tools/QuestaDVA/questasim/verilog_src/uvm-1.2/src/reg/uvm_reg_predictor.svh(221) @ 1562746000: uvm_test_top.env.ahb_predictor [REG_PREDICT] Observed WRITE transaction to register regmodel.DLH: value='h5 : updated value = 'h5
# UVM_INFO ./../regmodel/uart_reg2ahb_adapter.sv(42) @ 1562746000: reporter [uart_reg2ahb_adapter] bus2reg: address = 0xc data = 0x2c kind = UVM_WRITE status = UVM_IS_OK
# UVM_INFO /ictc/other/tools/QuestaDVA/questasim/verilog_src/uvm-1.2/src/reg/uvm_reg_predictor.svh(221) @ 1562746000: uvm_test_top.env.ahb_predictor [REG_PREDICT] Observed WRITE transaction to register regmodel.LCR: value='h2c : updated value = 'h2c
# UVM_INFO ./../regmodel/uart_reg2ahb_adapter.sv(42) @ 1562746000: reporter [uart_reg2ahb_adapter] bus2reg: address = 0x10 data = 0x8 kind = UVM_WRITE status = UVM_IS_OK
# UVM_INFO /ictc/other/tools/QuestaDVA/questasim/verilog_src/uvm-1.2/src/reg/uvm_reg_predictor.svh(221) @ 1562746000: uvm_test_top.env.ahb_predictor [REG_PREDICT] Observed WRITE transaction to register regmodel.IER: value='h8 : updated value = 'h8
# ===== Received Data from IER =====
# UVM_INFO ./../regmodel/uart_reg2ahb_adapter.sv(42) @ 1562746000: reporter [uart_reg2ahb_adapter] bus2reg: address = 0x14 data = 0x6 kind = UVM_READ status = UVM_IS_OK
# UVM_INFO /ictc/other/tools/QuestaDVA/questasim/verilog_src/uvm-1.2/src/reg/uvm_reg_predictor.svh(225) @ 1562746000: uvm_test_top.env.ahb_predictor [REG_PREDICT] Observed READ transaction to register regmodel.FSR: value='h6
# UVM_ERROR ./../sequences/ahb_rxd_rx_empty_sequence.sv(130) @ 1562756000: uvm_test_top.env.ahb_agt.sequencer@@rx_empty [ahb_rxd_rx_empty_sequence] 
# ===== FAILED!!! RX_EMPTY_STATUS is not right =====
# UVM_INFO ./../regmodel/uart_reg2ahb_adapter.sv(42) @ 1566509000: reporter [uart_reg2ahb_adapter] bus2reg: address = 0x14 data = 0x6 kind = UVM_READ status = UVM_IS_OK
# UVM_INFO /ictc/other/tools/QuestaDVA/questasim/verilog_src/uvm-1.2/src/reg/uvm_reg_predictor.svh(225) @ 1566509000: uvm_test_top.env.ahb_predictor [REG_PREDICT] Observed READ transaction to register regmodel.FSR: value='h6
# UVM_INFO ./../testcases/uart_rxd_interrupt.sv(40) @ 1576519000: uvm_test_top [uart_rxd_interrupt] -------------------------------------------------------------
# Name                Type                Size  Value          
# -------------------------------------------------------------
# cfg                 uart_configuration  -     @360           
#   parity_mode       parity_mode_e       32    UART_PARITY_ODD
#   sampling          sampling_mode_e     32    MODE_X13       
#   data_width        integral            32    'h5            
#   num_of_stop_bit   integral            32    'h2            
#   baud_rate         integral            32    'h12c0         
#   baud_rate_enable  integral            1     'h0            
#   parity_enable     integral            1     'h0            
#   interrupt_enable  integral            1     'h0            
# -------------------------------------------------------------
# 
# UVM_INFO ./../regmodel/uart_reg2ahb_adapter.sv(42) @ 1576519000: reporter [uart_reg2ahb_adapter] bus2reg: address = 0x0 data = 0x1 kind = UVM_WRITE status = UVM_IS_OK
# UVM_INFO /ictc/other/tools/QuestaDVA/questasim/verilog_src/uvm-1.2/src/reg/uvm_reg_predictor.svh(221) @ 1576519000: uvm_test_top.env.ahb_predictor [REG_PREDICT] Observed WRITE transaction to register regmodel.MDR: value='h1 : updated value = 'h1
# UVM_INFO ./../regmodel/uart_reg2ahb_adapter.sv(42) @ 1576520000: reporter [uart_reg2ahb_adapter] bus2reg: address = 0x4 data = 0x42 kind = UVM_WRITE status = UVM_IS_OK
# UVM_INFO /ictc/other/tools/QuestaDVA/questasim/verilog_src/uvm-1.2/src/reg/uvm_reg_predictor.svh(221) @ 1576520000: uvm_test_top.env.ahb_predictor [REG_PREDICT] Observed WRITE transaction to register regmodel.DLL: value='h42 : updated value = 'h42
# UVM_INFO ./../regmodel/uart_reg2ahb_adapter.sv(42) @ 1576520000: reporter [uart_reg2ahb_adapter] bus2reg: address = 0x8 data = 0x6 kind = UVM_WRITE status = UVM_IS_OK
# UVM_INFO /ictc/other/tools/QuestaDVA/questasim/verilog_src/uvm-1.2/src/reg/uvm_reg_predictor.svh(221) @ 1576520000: uvm_test_top.env.ahb_predictor [REG_PREDICT] Observed WRITE transaction to register regmodel.DLH: value='h6 : updated value = 'h6
# UVM_INFO ./../regmodel/uart_reg2ahb_adapter.sv(42) @ 1576520000: reporter [uart_reg2ahb_adapter] bus2reg: address = 0xc data = 0x2c kind = UVM_WRITE status = UVM_IS_OK
# UVM_INFO /ictc/other/tools/QuestaDVA/questasim/verilog_src/uvm-1.2/src/reg/uvm_reg_predictor.svh(221) @ 1576520000: uvm_test_top.env.ahb_predictor [REG_PREDICT] Observed WRITE transaction to register regmodel.LCR: value='h2c : updated value = 'h2c
# UVM_INFO ./../regmodel/uart_reg2ahb_adapter.sv(42) @ 1576520000: reporter [uart_reg2ahb_adapter] bus2reg: address = 0x10 data = 0x8 kind = UVM_WRITE status = UVM_IS_OK
# UVM_INFO /ictc/other/tools/QuestaDVA/questasim/verilog_src/uvm-1.2/src/reg/uvm_reg_predictor.svh(221) @ 1576520000: uvm_test_top.env.ahb_predictor [REG_PREDICT] Observed WRITE transaction to register regmodel.IER: value='h8 : updated value = 'h8
# ===== Received Data from IER =====
# UVM_INFO ./../regmodel/uart_reg2ahb_adapter.sv(42) @ 1576520000: reporter [uart_reg2ahb_adapter] bus2reg: address = 0x14 data = 0x6 kind = UVM_READ status = UVM_IS_OK
# UVM_INFO /ictc/other/tools/QuestaDVA/questasim/verilog_src/uvm-1.2/src/reg/uvm_reg_predictor.svh(225) @ 1576520000: uvm_test_top.env.ahb_predictor [REG_PREDICT] Observed READ transaction to register regmodel.FSR: value='h6
# UVM_ERROR ./../sequences/ahb_rxd_rx_empty_sequence.sv(130) @ 1576530000: uvm_test_top.env.ahb_agt.sequencer@@rx_empty [ahb_rxd_rx_empty_sequence] 
# ===== FAILED!!! RX_EMPTY_STATUS is not right =====
# UVM_INFO ./../regmodel/uart_reg2ahb_adapter.sv(42) @ 1580283000: reporter [uart_reg2ahb_adapter] bus2reg: address = 0x14 data = 0x6 kind = UVM_READ status = UVM_IS_OK
# UVM_INFO /ictc/other/tools/QuestaDVA/questasim/verilog_src/uvm-1.2/src/reg/uvm_reg_predictor.svh(225) @ 1580283000: uvm_test_top.env.ahb_predictor [REG_PREDICT] Observed READ transaction to register regmodel.FSR: value='h6
# UVM_INFO ./../testcases/uart_rxd_interrupt.sv(40) @ 1590293000: uvm_test_top [uart_rxd_interrupt] -------------------------------------------------------------
# Name                Type                Size  Value          
# -------------------------------------------------------------
# cfg                 uart_configuration  -     @360           
#   parity_mode       parity_mode_e       32    UART_PARITY_ODD
#   sampling          sampling_mode_e     32    MODE_X16       
#   data_width        integral            32    'h5            
#   num_of_stop_bit   integral            32    'h2            
#   baud_rate         integral            32    'h2580         
#   baud_rate_enable  integral            1     'h0            
#   parity_enable     integral            1     'h0            
#   interrupt_enable  integral            1     'h0            
# -------------------------------------------------------------
# 
# UVM_INFO ./../regmodel/uart_reg2ahb_adapter.sv(42) @ 1590293000: reporter [uart_reg2ahb_adapter] bus2reg: address = 0x0 data = 0x0 kind = UVM_WRITE status = UVM_IS_OK
# UVM_INFO /ictc/other/tools/QuestaDVA/questasim/verilog_src/uvm-1.2/src/reg/uvm_reg_predictor.svh(221) @ 1590293000: uvm_test_top.env.ahb_predictor [REG_PREDICT] Observed WRITE transaction to register regmodel.MDR: value='h0 : updated value = 'h0
# UVM_INFO ./../regmodel/uart_reg2ahb_adapter.sv(42) @ 1590293000: reporter [uart_reg2ahb_adapter] bus2reg: address = 0x4 data = 0x8b kind = UVM_WRITE status = UVM_IS_OK
# UVM_INFO /ictc/other/tools/QuestaDVA/questasim/verilog_src/uvm-1.2/src/reg/uvm_reg_predictor.svh(221) @ 1590293000: uvm_test_top.env.ahb_predictor [REG_PREDICT] Observed WRITE transaction to register regmodel.DLL: value='h8b : updated value = 'h8b
# UVM_INFO ./../regmodel/uart_reg2ahb_adapter.sv(42) @ 1590293000: reporter [uart_reg2ahb_adapter] bus2reg: address = 0x8 data = 0x2 kind = UVM_WRITE status = UVM_IS_OK
# UVM_INFO /ictc/other/tools/QuestaDVA/questasim/verilog_src/uvm-1.2/src/reg/uvm_reg_predictor.svh(221) @ 1590293000: uvm_test_top.env.ahb_predictor [REG_PREDICT] Observed WRITE transaction to register regmodel.DLH: value='h2 : updated value = 'h2
# UVM_INFO ./../regmodel/uart_reg2ahb_adapter.sv(42) @ 1590293000: reporter [uart_reg2ahb_adapter] bus2reg: address = 0xc data = 0x2c kind = UVM_WRITE status = UVM_IS_OK
# UVM_INFO /ictc/other/tools/QuestaDVA/questasim/verilog_src/uvm-1.2/src/reg/uvm_reg_predictor.svh(221) @ 1590293000: uvm_test_top.env.ahb_predictor [REG_PREDICT] Observed WRITE transaction to register regmodel.LCR: value='h2c : updated value = 'h2c
# UVM_INFO ./../regmodel/uart_reg2ahb_adapter.sv(42) @ 1590293000: reporter [uart_reg2ahb_adapter] bus2reg: address = 0x10 data = 0x8 kind = UVM_WRITE status = UVM_IS_OK
# UVM_INFO /ictc/other/tools/QuestaDVA/questasim/verilog_src/uvm-1.2/src/reg/uvm_reg_predictor.svh(221) @ 1590293000: uvm_test_top.env.ahb_predictor [REG_PREDICT] Observed WRITE transaction to register regmodel.IER: value='h8 : updated value = 'h8
# ===== Received Data from IER =====
# UVM_INFO ./../regmodel/uart_reg2ahb_adapter.sv(42) @ 1590293000: reporter [uart_reg2ahb_adapter] bus2reg: address = 0x14 data = 0x6 kind = UVM_READ status = UVM_IS_OK
# UVM_INFO /ictc/other/tools/QuestaDVA/questasim/verilog_src/uvm-1.2/src/reg/uvm_reg_predictor.svh(225) @ 1590293000: uvm_test_top.env.ahb_predictor [REG_PREDICT] Observed READ transaction to register regmodel.FSR: value='h6
# UVM_ERROR ./../sequences/ahb_rxd_rx_empty_sequence.sv(130) @ 1590303000: uvm_test_top.env.ahb_agt.sequencer@@rx_empty [ahb_rxd_rx_empty_sequence] 
# ===== FAILED!!! RX_EMPTY_STATUS is not right =====
# UVM_INFO ./../regmodel/uart_reg2ahb_adapter.sv(42) @ 1592176000: reporter [uart_reg2ahb_adapter] bus2reg: address = 0x14 data = 0x6 kind = UVM_READ status = UVM_IS_OK
# UVM_INFO /ictc/other/tools/QuestaDVA/questasim/verilog_src/uvm-1.2/src/reg/uvm_reg_predictor.svh(225) @ 1592176000: uvm_test_top.env.ahb_predictor [REG_PREDICT] Observed READ transaction to register regmodel.FSR: value='h6
# UVM_INFO ./../testcases/uart_rxd_interrupt.sv(40) @ 1602186000: uvm_test_top [uart_rxd_interrupt] -------------------------------------------------------------
# Name                Type                Size  Value          
# -------------------------------------------------------------
# cfg                 uart_configuration  -     @360           
#   parity_mode       parity_mode_e       32    UART_PARITY_ODD
#   sampling          sampling_mode_e     32    MODE_X13       
#   data_width        integral            32    'h5            
#   num_of_stop_bit   integral            32    'h2            
#   baud_rate         integral            32    'h2580         
#   baud_rate_enable  integral            1     'h0            
#   parity_enable     integral            1     'h0            
#   interrupt_enable  integral            1     'h0            
# -------------------------------------------------------------
# 
# UVM_INFO ./../regmodel/uart_reg2ahb_adapter.sv(42) @ 1602186000: reporter [uart_reg2ahb_adapter] bus2reg: address = 0x0 data = 0x1 kind = UVM_WRITE status = UVM_IS_OK
# UVM_INFO /ictc/other/tools/QuestaDVA/questasim/verilog_src/uvm-1.2/src/reg/uvm_reg_predictor.svh(221) @ 1602186000: uvm_test_top.env.ahb_predictor [REG_PREDICT] Observed WRITE transaction to register regmodel.MDR: value='h1 : updated value = 'h1
# UVM_INFO ./../regmodel/uart_reg2ahb_adapter.sv(42) @ 1602186000: reporter [uart_reg2ahb_adapter] bus2reg: address = 0x4 data = 0x21 kind = UVM_WRITE status = UVM_IS_OK
# UVM_INFO /ictc/other/tools/QuestaDVA/questasim/verilog_src/uvm-1.2/src/reg/uvm_reg_predictor.svh(221) @ 1602186000: uvm_test_top.env.ahb_predictor [REG_PREDICT] Observed WRITE transaction to register regmodel.DLL: value='h21 : updated value = 'h21
# UVM_INFO ./../regmodel/uart_reg2ahb_adapter.sv(42) @ 1602186000: reporter [uart_reg2ahb_adapter] bus2reg: address = 0x8 data = 0x3 kind = UVM_WRITE status = UVM_IS_OK
# UVM_INFO /ictc/other/tools/QuestaDVA/questasim/verilog_src/uvm-1.2/src/reg/uvm_reg_predictor.svh(221) @ 1602186000: uvm_test_top.env.ahb_predictor [REG_PREDICT] Observed WRITE transaction to register regmodel.DLH: value='h3 : updated value = 'h3
# UVM_INFO ./../regmodel/uart_reg2ahb_adapter.sv(42) @ 1602186000: reporter [uart_reg2ahb_adapter] bus2reg: address = 0xc data = 0x2c kind = UVM_WRITE status = UVM_IS_OK
# UVM_INFO /ictc/other/tools/QuestaDVA/questasim/verilog_src/uvm-1.2/src/reg/uvm_reg_predictor.svh(221) @ 1602186000: uvm_test_top.env.ahb_predictor [REG_PREDICT] Observed WRITE transaction to register regmodel.LCR: value='h2c : updated value = 'h2c
# UVM_INFO ./../regmodel/uart_reg2ahb_adapter.sv(42) @ 1602186000: reporter [uart_reg2ahb_adapter] bus2reg: address = 0x10 data = 0x8 kind = UVM_WRITE status = UVM_IS_OK
# UVM_INFO /ictc/other/tools/QuestaDVA/questasim/verilog_src/uvm-1.2/src/reg/uvm_reg_predictor.svh(221) @ 1602186000: uvm_test_top.env.ahb_predictor [REG_PREDICT] Observed WRITE transaction to register regmodel.IER: value='h8 : updated value = 'h8
# ===== Received Data from IER =====
# UVM_INFO ./../regmodel/uart_reg2ahb_adapter.sv(42) @ 1602186000: reporter [uart_reg2ahb_adapter] bus2reg: address = 0x14 data = 0x6 kind = UVM_READ status = UVM_IS_OK
# UVM_INFO /ictc/other/tools/QuestaDVA/questasim/verilog_src/uvm-1.2/src/reg/uvm_reg_predictor.svh(225) @ 1602186000: uvm_test_top.env.ahb_predictor [REG_PREDICT] Observed READ transaction to register regmodel.FSR: value='h6
# UVM_ERROR ./../sequences/ahb_rxd_rx_empty_sequence.sv(130) @ 1602196000: uvm_test_top.env.ahb_agt.sequencer@@rx_empty [ahb_rxd_rx_empty_sequence] 
# ===== FAILED!!! RX_EMPTY_STATUS is not right =====
# UVM_INFO ./../regmodel/uart_reg2ahb_adapter.sv(42) @ 1604068000: reporter [uart_reg2ahb_adapter] bus2reg: address = 0x14 data = 0x6 kind = UVM_READ status = UVM_IS_OK
# UVM_INFO /ictc/other/tools/QuestaDVA/questasim/verilog_src/uvm-1.2/src/reg/uvm_reg_predictor.svh(225) @ 1604068000: uvm_test_top.env.ahb_predictor [REG_PREDICT] Observed READ transaction to register regmodel.FSR: value='h6
# UVM_INFO ./../testcases/uart_rxd_interrupt.sv(40) @ 1614078000: uvm_test_top [uart_rxd_interrupt] -------------------------------------------------------------
# Name                Type                Size  Value          
# -------------------------------------------------------------
# cfg                 uart_configuration  -     @360           
#   parity_mode       parity_mode_e       32    UART_PARITY_ODD
#   sampling          sampling_mode_e     32    MODE_X16       
#   data_width        integral            32    'h5            
#   num_of_stop_bit   integral            32    'h2            
#   baud_rate         integral            32    'h4b00         
#   baud_rate_enable  integral            1     'h0            
#   parity_enable     integral            1     'h0            
#   interrupt_enable  integral            1     'h0            
# -------------------------------------------------------------
# 
# UVM_INFO ./../regmodel/uart_reg2ahb_adapter.sv(42) @ 1614078000: reporter [uart_reg2ahb_adapter] bus2reg: address = 0x0 data = 0x0 kind = UVM_WRITE status = UVM_IS_OK
# UVM_INFO /ictc/other/tools/QuestaDVA/questasim/verilog_src/uvm-1.2/src/reg/uvm_reg_predictor.svh(221) @ 1614078000: uvm_test_top.env.ahb_predictor [REG_PREDICT] Observed WRITE transaction to register regmodel.MDR: value='h0 : updated value = 'h0
# UVM_INFO ./../regmodel/uart_reg2ahb_adapter.sv(42) @ 1614078000: reporter [uart_reg2ahb_adapter] bus2reg: address = 0x4 data = 0x45 kind = UVM_WRITE status = UVM_IS_OK
# UVM_INFO /ictc/other/tools/QuestaDVA/questasim/verilog_src/uvm-1.2/src/reg/uvm_reg_predictor.svh(221) @ 1614078000: uvm_test_top.env.ahb_predictor [REG_PREDICT] Observed WRITE transaction to register regmodel.DLL: value='h45 : updated value = 'h45
# UVM_INFO ./../regmodel/uart_reg2ahb_adapter.sv(42) @ 1614078000: reporter [uart_reg2ahb_adapter] bus2reg: address = 0x8 data = 0x1 kind = UVM_WRITE status = UVM_IS_OK
# UVM_INFO /ictc/other/tools/QuestaDVA/questasim/verilog_src/uvm-1.2/src/reg/uvm_reg_predictor.svh(221) @ 1614078000: uvm_test_top.env.ahb_predictor [REG_PREDICT] Observed WRITE transaction to register regmodel.DLH: value='h1 : updated value = 'h1
# UVM_INFO ./../regmodel/uart_reg2ahb_adapter.sv(42) @ 1614078000: reporter [uart_reg2ahb_adapter] bus2reg: address = 0xc data = 0x2c kind = UVM_WRITE status = UVM_IS_OK
# UVM_INFO /ictc/other/tools/QuestaDVA/questasim/verilog_src/uvm-1.2/src/reg/uvm_reg_predictor.svh(221) @ 1614078000: uvm_test_top.env.ahb_predictor [REG_PREDICT] Observed WRITE transaction to register regmodel.LCR: value='h2c : updated value = 'h2c
# UVM_INFO ./../regmodel/uart_reg2ahb_adapter.sv(42) @ 1614078000: reporter [uart_reg2ahb_adapter] bus2reg: address = 0x10 data = 0x8 kind = UVM_WRITE status = UVM_IS_OK
# UVM_INFO /ictc/other/tools/QuestaDVA/questasim/verilog_src/uvm-1.2/src/reg/uvm_reg_predictor.svh(221) @ 1614078000: uvm_test_top.env.ahb_predictor [REG_PREDICT] Observed WRITE transaction to register regmodel.IER: value='h8 : updated value = 'h8
# ===== Received Data from IER =====
# UVM_INFO ./../regmodel/uart_reg2ahb_adapter.sv(42) @ 1614079000: reporter [uart_reg2ahb_adapter] bus2reg: address = 0x14 data = 0x6 kind = UVM_READ status = UVM_IS_OK
# UVM_INFO /ictc/other/tools/QuestaDVA/questasim/verilog_src/uvm-1.2/src/reg/uvm_reg_predictor.svh(225) @ 1614079000: uvm_test_top.env.ahb_predictor [REG_PREDICT] Observed READ transaction to register regmodel.FSR: value='h6
# UVM_ERROR ./../sequences/ahb_rxd_rx_empty_sequence.sv(130) @ 1614089000: uvm_test_top.env.ahb_agt.sequencer@@rx_empty [ahb_rxd_rx_empty_sequence] 
# ===== FAILED!!! RX_EMPTY_STATUS is not right =====
# UVM_INFO ./../regmodel/uart_reg2ahb_adapter.sv(42) @ 1615025000: reporter [uart_reg2ahb_adapter] bus2reg: address = 0x14 data = 0x6 kind = UVM_READ status = UVM_IS_OK
# UVM_INFO /ictc/other/tools/QuestaDVA/questasim/verilog_src/uvm-1.2/src/reg/uvm_reg_predictor.svh(225) @ 1615025000: uvm_test_top.env.ahb_predictor [REG_PREDICT] Observed READ transaction to register regmodel.FSR: value='h6
# UVM_INFO ./../testcases/uart_rxd_interrupt.sv(40) @ 1625035000: uvm_test_top [uart_rxd_interrupt] -------------------------------------------------------------
# Name                Type                Size  Value          
# -------------------------------------------------------------
# cfg                 uart_configuration  -     @360           
#   parity_mode       parity_mode_e       32    UART_PARITY_ODD
#   sampling          sampling_mode_e     32    MODE_X13       
#   data_width        integral            32    'h5            
#   num_of_stop_bit   integral            32    'h2            
#   baud_rate         integral            32    'h4b00         
#   baud_rate_enable  integral            1     'h0            
#   parity_enable     integral            1     'h0            
#   interrupt_enable  integral            1     'h0            
# -------------------------------------------------------------
# 
# UVM_INFO ./../regmodel/uart_reg2ahb_adapter.sv(42) @ 1625035000: reporter [uart_reg2ahb_adapter] bus2reg: address = 0x0 data = 0x1 kind = UVM_WRITE status = UVM_IS_OK
# UVM_INFO /ictc/other/tools/QuestaDVA/questasim/verilog_src/uvm-1.2/src/reg/uvm_reg_predictor.svh(221) @ 1625035000: uvm_test_top.env.ahb_predictor [REG_PREDICT] Observed WRITE transaction to register regmodel.MDR: value='h1 : updated value = 'h1
# UVM_INFO ./../regmodel/uart_reg2ahb_adapter.sv(42) @ 1625035000: reporter [uart_reg2ahb_adapter] bus2reg: address = 0x4 data = 0x91 kind = UVM_WRITE status = UVM_IS_OK
# UVM_INFO /ictc/other/tools/QuestaDVA/questasim/verilog_src/uvm-1.2/src/reg/uvm_reg_predictor.svh(221) @ 1625035000: uvm_test_top.env.ahb_predictor [REG_PREDICT] Observed WRITE transaction to register regmodel.DLL: value='h91 : updated value = 'h91
# UVM_INFO ./../regmodel/uart_reg2ahb_adapter.sv(42) @ 1625035000: reporter [uart_reg2ahb_adapter] bus2reg: address = 0x8 data = 0x1 kind = UVM_WRITE status = UVM_IS_OK
# UVM_INFO /ictc/other/tools/QuestaDVA/questasim/verilog_src/uvm-1.2/src/reg/uvm_reg_predictor.svh(221) @ 1625035000: uvm_test_top.env.ahb_predictor [REG_PREDICT] Observed WRITE transaction to register regmodel.DLH: value='h1 : updated value = 'h1
# UVM_INFO ./../regmodel/uart_reg2ahb_adapter.sv(42) @ 1625035000: reporter [uart_reg2ahb_adapter] bus2reg: address = 0xc data = 0x2c kind = UVM_WRITE status = UVM_IS_OK
# UVM_INFO /ictc/other/tools/QuestaDVA/questasim/verilog_src/uvm-1.2/src/reg/uvm_reg_predictor.svh(221) @ 1625035000: uvm_test_top.env.ahb_predictor [REG_PREDICT] Observed WRITE transaction to register regmodel.LCR: value='h2c : updated value = 'h2c
# UVM_INFO ./../regmodel/uart_reg2ahb_adapter.sv(42) @ 1625035000: reporter [uart_reg2ahb_adapter] bus2reg: address = 0x10 data = 0x8 kind = UVM_WRITE status = UVM_IS_OK
# UVM_INFO /ictc/other/tools/QuestaDVA/questasim/verilog_src/uvm-1.2/src/reg/uvm_reg_predictor.svh(221) @ 1625035000: uvm_test_top.env.ahb_predictor [REG_PREDICT] Observed WRITE transaction to register regmodel.IER: value='h8 : updated value = 'h8
# ===== Received Data from IER =====
# UVM_INFO ./../regmodel/uart_reg2ahb_adapter.sv(42) @ 1625035000: reporter [uart_reg2ahb_adapter] bus2reg: address = 0x14 data = 0x6 kind = UVM_READ status = UVM_IS_OK
# UVM_INFO /ictc/other/tools/QuestaDVA/questasim/verilog_src/uvm-1.2/src/reg/uvm_reg_predictor.svh(225) @ 1625035000: uvm_test_top.env.ahb_predictor [REG_PREDICT] Observed READ transaction to register regmodel.FSR: value='h6
# UVM_ERROR ./../sequences/ahb_rxd_rx_empty_sequence.sv(130) @ 1625045000: uvm_test_top.env.ahb_agt.sequencer@@rx_empty [ahb_rxd_rx_empty_sequence] 
# ===== FAILED!!! RX_EMPTY_STATUS is not right =====
# UVM_INFO ./../regmodel/uart_reg2ahb_adapter.sv(42) @ 1625981000: reporter [uart_reg2ahb_adapter] bus2reg: address = 0x14 data = 0x6 kind = UVM_READ status = UVM_IS_OK
# UVM_INFO /ictc/other/tools/QuestaDVA/questasim/verilog_src/uvm-1.2/src/reg/uvm_reg_predictor.svh(225) @ 1625981000: uvm_test_top.env.ahb_predictor [REG_PREDICT] Observed READ transaction to register regmodel.FSR: value='h6
# UVM_INFO ./../testcases/uart_rxd_interrupt.sv(40) @ 1635991000: uvm_test_top [uart_rxd_interrupt] -------------------------------------------------------------
# Name                Type                Size  Value          
# -------------------------------------------------------------
# cfg                 uart_configuration  -     @360           
#   parity_mode       parity_mode_e       32    UART_PARITY_ODD
#   sampling          sampling_mode_e     32    MODE_X16       
#   data_width        integral            32    'h5            
#   num_of_stop_bit   integral            32    'h2            
#   baud_rate         integral            32    'h9600         
#   baud_rate_enable  integral            1     'h0            
#   parity_enable     integral            1     'h0            
#   interrupt_enable  integral            1     'h0            
# -------------------------------------------------------------
# 
# UVM_INFO ./../regmodel/uart_reg2ahb_adapter.sv(42) @ 1635991000: reporter [uart_reg2ahb_adapter] bus2reg: address = 0x0 data = 0x0 kind = UVM_WRITE status = UVM_IS_OK
# UVM_INFO /ictc/other/tools/QuestaDVA/questasim/verilog_src/uvm-1.2/src/reg/uvm_reg_predictor.svh(221) @ 1635991000: uvm_test_top.env.ahb_predictor [REG_PREDICT] Observed WRITE transaction to register regmodel.MDR: value='h0 : updated value = 'h0
# UVM_INFO ./../regmodel/uart_reg2ahb_adapter.sv(42) @ 1635991000: reporter [uart_reg2ahb_adapter] bus2reg: address = 0x4 data = 0xa4 kind = UVM_WRITE status = UVM_IS_OK
# UVM_INFO /ictc/other/tools/QuestaDVA/questasim/verilog_src/uvm-1.2/src/reg/uvm_reg_predictor.svh(221) @ 1635991000: uvm_test_top.env.ahb_predictor [REG_PREDICT] Observed WRITE transaction to register regmodel.DLL: value='ha4 : updated value = 'ha4
# UVM_INFO ./../regmodel/uart_reg2ahb_adapter.sv(42) @ 1635991000: reporter [uart_reg2ahb_adapter] bus2reg: address = 0x8 data = 0x0 kind = UVM_WRITE status = UVM_IS_OK
# UVM_INFO /ictc/other/tools/QuestaDVA/questasim/verilog_src/uvm-1.2/src/reg/uvm_reg_predictor.svh(221) @ 1635991000: uvm_test_top.env.ahb_predictor [REG_PREDICT] Observed WRITE transaction to register regmodel.DLH: value='h0 : updated value = 'h0
# UVM_INFO ./../regmodel/uart_reg2ahb_adapter.sv(42) @ 1635991000: reporter [uart_reg2ahb_adapter] bus2reg: address = 0xc data = 0x2c kind = UVM_WRITE status = UVM_IS_OK
# UVM_INFO /ictc/other/tools/QuestaDVA/questasim/verilog_src/uvm-1.2/src/reg/uvm_reg_predictor.svh(221) @ 1635991000: uvm_test_top.env.ahb_predictor [REG_PREDICT] Observed WRITE transaction to register regmodel.LCR: value='h2c : updated value = 'h2c
# UVM_INFO ./../regmodel/uart_reg2ahb_adapter.sv(42) @ 1635992000: reporter [uart_reg2ahb_adapter] bus2reg: address = 0x10 data = 0x8 kind = UVM_WRITE status = UVM_IS_OK
# UVM_INFO /ictc/other/tools/QuestaDVA/questasim/verilog_src/uvm-1.2/src/reg/uvm_reg_predictor.svh(221) @ 1635992000: uvm_test_top.env.ahb_predictor [REG_PREDICT] Observed WRITE transaction to register regmodel.IER: value='h8 : updated value = 'h8
# ===== Received Data from IER =====
# UVM_INFO ./../regmodel/uart_reg2ahb_adapter.sv(42) @ 1635992000: reporter [uart_reg2ahb_adapter] bus2reg: address = 0x14 data = 0x6 kind = UVM_READ status = UVM_IS_OK
# UVM_INFO /ictc/other/tools/QuestaDVA/questasim/verilog_src/uvm-1.2/src/reg/uvm_reg_predictor.svh(225) @ 1635992000: uvm_test_top.env.ahb_predictor [REG_PREDICT] Observed READ transaction to register regmodel.FSR: value='h6
# UVM_ERROR ./../sequences/ahb_rxd_rx_empty_sequence.sv(130) @ 1636002000: uvm_test_top.env.ahb_agt.sequencer@@rx_empty [ahb_rxd_rx_empty_sequence] 
# ===== FAILED!!! RX_EMPTY_STATUS is not right =====
# UVM_INFO ./../regmodel/uart_reg2ahb_adapter.sv(42) @ 1636470000: reporter [uart_reg2ahb_adapter] bus2reg: address = 0x14 data = 0x6 kind = UVM_READ status = UVM_IS_OK
# UVM_INFO /ictc/other/tools/QuestaDVA/questasim/verilog_src/uvm-1.2/src/reg/uvm_reg_predictor.svh(225) @ 1636470000: uvm_test_top.env.ahb_predictor [REG_PREDICT] Observed READ transaction to register regmodel.FSR: value='h6
# UVM_INFO ./../testcases/uart_rxd_interrupt.sv(40) @ 1646480000: uvm_test_top [uart_rxd_interrupt] -------------------------------------------------------------
# Name                Type                Size  Value          
# -------------------------------------------------------------
# cfg                 uart_configuration  -     @360           
#   parity_mode       parity_mode_e       32    UART_PARITY_ODD
#   sampling          sampling_mode_e     32    MODE_X13       
#   data_width        integral            32    'h5            
#   num_of_stop_bit   integral            32    'h2            
#   baud_rate         integral            32    'h9600         
#   baud_rate_enable  integral            1     'h0            
#   parity_enable     integral            1     'h0            
#   interrupt_enable  integral            1     'h0            
# -------------------------------------------------------------
# 
# UVM_INFO ./../regmodel/uart_reg2ahb_adapter.sv(42) @ 1646480000: reporter [uart_reg2ahb_adapter] bus2reg: address = 0x0 data = 0x1 kind = UVM_WRITE status = UVM_IS_OK
# UVM_INFO /ictc/other/tools/QuestaDVA/questasim/verilog_src/uvm-1.2/src/reg/uvm_reg_predictor.svh(221) @ 1646480000: uvm_test_top.env.ahb_predictor [REG_PREDICT] Observed WRITE transaction to register regmodel.MDR: value='h1 : updated value = 'h1
# UVM_INFO ./../regmodel/uart_reg2ahb_adapter.sv(42) @ 1646480000: reporter [uart_reg2ahb_adapter] bus2reg: address = 0x4 data = 0xc8 kind = UVM_WRITE status = UVM_IS_OK
# UVM_INFO /ictc/other/tools/QuestaDVA/questasim/verilog_src/uvm-1.2/src/reg/uvm_reg_predictor.svh(221) @ 1646480000: uvm_test_top.env.ahb_predictor [REG_PREDICT] Observed WRITE transaction to register regmodel.DLL: value='hc8 : updated value = 'hc8
# UVM_INFO ./../regmodel/uart_reg2ahb_adapter.sv(42) @ 1646480000: reporter [uart_reg2ahb_adapter] bus2reg: address = 0x8 data = 0x0 kind = UVM_WRITE status = UVM_IS_OK
# UVM_INFO /ictc/other/tools/QuestaDVA/questasim/verilog_src/uvm-1.2/src/reg/uvm_reg_predictor.svh(221) @ 1646480000: uvm_test_top.env.ahb_predictor [REG_PREDICT] Observed WRITE transaction to register regmodel.DLH: value='h0 : updated value = 'h0
# UVM_INFO ./../regmodel/uart_reg2ahb_adapter.sv(42) @ 1646480000: reporter [uart_reg2ahb_adapter] bus2reg: address = 0xc data = 0x2c kind = UVM_WRITE status = UVM_IS_OK
# UVM_INFO /ictc/other/tools/QuestaDVA/questasim/verilog_src/uvm-1.2/src/reg/uvm_reg_predictor.svh(221) @ 1646480000: uvm_test_top.env.ahb_predictor [REG_PREDICT] Observed WRITE transaction to register regmodel.LCR: value='h2c : updated value = 'h2c
# UVM_INFO ./../regmodel/uart_reg2ahb_adapter.sv(42) @ 1646480000: reporter [uart_reg2ahb_adapter] bus2reg: address = 0x10 data = 0x8 kind = UVM_WRITE status = UVM_IS_OK
# UVM_INFO /ictc/other/tools/QuestaDVA/questasim/verilog_src/uvm-1.2/src/reg/uvm_reg_predictor.svh(221) @ 1646480000: uvm_test_top.env.ahb_predictor [REG_PREDICT] Observed WRITE transaction to register regmodel.IER: value='h8 : updated value = 'h8
# ===== Received Data from IER =====
# UVM_INFO ./../regmodel/uart_reg2ahb_adapter.sv(42) @ 1646480000: reporter [uart_reg2ahb_adapter] bus2reg: address = 0x14 data = 0x6 kind = UVM_READ status = UVM_IS_OK
# UVM_INFO /ictc/other/tools/QuestaDVA/questasim/verilog_src/uvm-1.2/src/reg/uvm_reg_predictor.svh(225) @ 1646480000: uvm_test_top.env.ahb_predictor [REG_PREDICT] Observed READ transaction to register regmodel.FSR: value='h6
# UVM_ERROR ./../sequences/ahb_rxd_rx_empty_sequence.sv(130) @ 1646490000: uvm_test_top.env.ahb_agt.sequencer@@rx_empty [ahb_rxd_rx_empty_sequence] 
# ===== FAILED!!! RX_EMPTY_STATUS is not right =====
# UVM_INFO ./../regmodel/uart_reg2ahb_adapter.sv(42) @ 1646958000: reporter [uart_reg2ahb_adapter] bus2reg: address = 0x14 data = 0x6 kind = UVM_READ status = UVM_IS_OK
# UVM_INFO /ictc/other/tools/QuestaDVA/questasim/verilog_src/uvm-1.2/src/reg/uvm_reg_predictor.svh(225) @ 1646958000: uvm_test_top.env.ahb_predictor [REG_PREDICT] Observed READ transaction to register regmodel.FSR: value='h6
# UVM_INFO ./../testcases/uart_rxd_interrupt.sv(40) @ 1656968000: uvm_test_top [uart_rxd_interrupt] -------------------------------------------------------------
# Name                Type                Size  Value          
# -------------------------------------------------------------
# cfg                 uart_configuration  -     @360           
#   parity_mode       parity_mode_e       32    UART_PARITY_ODD
#   sampling          sampling_mode_e     32    MODE_X16       
#   data_width        integral            32    'h5            
#   num_of_stop_bit   integral            32    'h2            
#   baud_rate         integral            32    'h12c00        
#   baud_rate_enable  integral            1     'h0            
#   parity_enable     integral            1     'h0            
#   interrupt_enable  integral            1     'h0            
# -------------------------------------------------------------
# 
# UVM_INFO ./../regmodel/uart_reg2ahb_adapter.sv(42) @ 1656968000: reporter [uart_reg2ahb_adapter] bus2reg: address = 0x0 data = 0x0 kind = UVM_WRITE status = UVM_IS_OK
# UVM_INFO /ictc/other/tools/QuestaDVA/questasim/verilog_src/uvm-1.2/src/reg/uvm_reg_predictor.svh(221) @ 1656968000: uvm_test_top.env.ahb_predictor [REG_PREDICT] Observed WRITE transaction to register regmodel.MDR: value='h0 : updated value = 'h0
# UVM_INFO ./../regmodel/uart_reg2ahb_adapter.sv(42) @ 1656968000: reporter [uart_reg2ahb_adapter] bus2reg: address = 0x4 data = 0x51 kind = UVM_WRITE status = UVM_IS_OK
# UVM_INFO /ictc/other/tools/QuestaDVA/questasim/verilog_src/uvm-1.2/src/reg/uvm_reg_predictor.svh(221) @ 1656968000: uvm_test_top.env.ahb_predictor [REG_PREDICT] Observed WRITE transaction to register regmodel.DLL: value='h51 : updated value = 'h51
# UVM_INFO ./../regmodel/uart_reg2ahb_adapter.sv(42) @ 1656969000: reporter [uart_reg2ahb_adapter] bus2reg: address = 0x8 data = 0x0 kind = UVM_WRITE status = UVM_IS_OK
# UVM_INFO /ictc/other/tools/QuestaDVA/questasim/verilog_src/uvm-1.2/src/reg/uvm_reg_predictor.svh(221) @ 1656969000: uvm_test_top.env.ahb_predictor [REG_PREDICT] Observed WRITE transaction to register regmodel.DLH: value='h0 : updated value = 'h0
# UVM_INFO ./../regmodel/uart_reg2ahb_adapter.sv(42) @ 1656969000: reporter [uart_reg2ahb_adapter] bus2reg: address = 0xc data = 0x2c kind = UVM_WRITE status = UVM_IS_OK
# UVM_INFO /ictc/other/tools/QuestaDVA/questasim/verilog_src/uvm-1.2/src/reg/uvm_reg_predictor.svh(221) @ 1656969000: uvm_test_top.env.ahb_predictor [REG_PREDICT] Observed WRITE transaction to register regmodel.LCR: value='h2c : updated value = 'h2c
# UVM_INFO ./../regmodel/uart_reg2ahb_adapter.sv(42) @ 1656969000: reporter [uart_reg2ahb_adapter] bus2reg: address = 0x10 data = 0x8 kind = UVM_WRITE status = UVM_IS_OK
# UVM_INFO /ictc/other/tools/QuestaDVA/questasim/verilog_src/uvm-1.2/src/reg/uvm_reg_predictor.svh(221) @ 1656969000: uvm_test_top.env.ahb_predictor [REG_PREDICT] Observed WRITE transaction to register regmodel.IER: value='h8 : updated value = 'h8
# ===== Received Data from IER =====
# UVM_INFO ./../regmodel/uart_reg2ahb_adapter.sv(42) @ 1656969000: reporter [uart_reg2ahb_adapter] bus2reg: address = 0x14 data = 0x6 kind = UVM_READ status = UVM_IS_OK
# UVM_INFO /ictc/other/tools/QuestaDVA/questasim/verilog_src/uvm-1.2/src/reg/uvm_reg_predictor.svh(225) @ 1656969000: uvm_test_top.env.ahb_predictor [REG_PREDICT] Observed READ transaction to register regmodel.FSR: value='h6
# UVM_ERROR ./../sequences/ahb_rxd_rx_empty_sequence.sv(130) @ 1656979000: uvm_test_top.env.ahb_agt.sequencer@@rx_empty [ahb_rxd_rx_empty_sequence] 
# ===== FAILED!!! RX_EMPTY_STATUS is not right =====
# UVM_INFO ./../regmodel/uart_reg2ahb_adapter.sv(42) @ 1657213000: reporter [uart_reg2ahb_adapter] bus2reg: address = 0x14 data = 0x6 kind = UVM_READ status = UVM_IS_OK
# UVM_INFO /ictc/other/tools/QuestaDVA/questasim/verilog_src/uvm-1.2/src/reg/uvm_reg_predictor.svh(225) @ 1657213000: uvm_test_top.env.ahb_predictor [REG_PREDICT] Observed READ transaction to register regmodel.FSR: value='h6
# UVM_INFO ./../testcases/uart_rxd_interrupt.sv(40) @ 1667223000: uvm_test_top [uart_rxd_interrupt] -------------------------------------------------------------
# Name                Type                Size  Value          
# -------------------------------------------------------------
# cfg                 uart_configuration  -     @360           
#   parity_mode       parity_mode_e       32    UART_PARITY_ODD
#   sampling          sampling_mode_e     32    MODE_X13       
#   data_width        integral            32    'h5            
#   num_of_stop_bit   integral            32    'h2            
#   baud_rate         integral            32    'h12c00        
#   baud_rate_enable  integral            1     'h0            
#   parity_enable     integral            1     'h0            
#   interrupt_enable  integral            1     'h0            
# -------------------------------------------------------------
# 
# UVM_INFO ./../regmodel/uart_reg2ahb_adapter.sv(42) @ 1667223000: reporter [uart_reg2ahb_adapter] bus2reg: address = 0x0 data = 0x1 kind = UVM_WRITE status = UVM_IS_OK
# UVM_INFO /ictc/other/tools/QuestaDVA/questasim/verilog_src/uvm-1.2/src/reg/uvm_reg_predictor.svh(221) @ 1667223000: uvm_test_top.env.ahb_predictor [REG_PREDICT] Observed WRITE transaction to register regmodel.MDR: value='h1 : updated value = 'h1
# UVM_INFO ./../regmodel/uart_reg2ahb_adapter.sv(42) @ 1667223000: reporter [uart_reg2ahb_adapter] bus2reg: address = 0x4 data = 0x64 kind = UVM_WRITE status = UVM_IS_OK
# UVM_INFO /ictc/other/tools/QuestaDVA/questasim/verilog_src/uvm-1.2/src/reg/uvm_reg_predictor.svh(221) @ 1667223000: uvm_test_top.env.ahb_predictor [REG_PREDICT] Observed WRITE transaction to register regmodel.DLL: value='h64 : updated value = 'h64
# UVM_INFO ./../regmodel/uart_reg2ahb_adapter.sv(42) @ 1667223000: reporter [uart_reg2ahb_adapter] bus2reg: address = 0x8 data = 0x0 kind = UVM_WRITE status = UVM_IS_OK
# UVM_INFO /ictc/other/tools/QuestaDVA/questasim/verilog_src/uvm-1.2/src/reg/uvm_reg_predictor.svh(221) @ 1667223000: uvm_test_top.env.ahb_predictor [REG_PREDICT] Observed WRITE transaction to register regmodel.DLH: value='h0 : updated value = 'h0
# UVM_INFO ./../regmodel/uart_reg2ahb_adapter.sv(42) @ 1667223000: reporter [uart_reg2ahb_adapter] bus2reg: address = 0xc data = 0x2c kind = UVM_WRITE status = UVM_IS_OK
# UVM_INFO /ictc/other/tools/QuestaDVA/questasim/verilog_src/uvm-1.2/src/reg/uvm_reg_predictor.svh(221) @ 1667223000: uvm_test_top.env.ahb_predictor [REG_PREDICT] Observed WRITE transaction to register regmodel.LCR: value='h2c : updated value = 'h2c
# UVM_INFO ./../regmodel/uart_reg2ahb_adapter.sv(42) @ 1667223000: reporter [uart_reg2ahb_adapter] bus2reg: address = 0x10 data = 0x8 kind = UVM_WRITE status = UVM_IS_OK
# UVM_INFO /ictc/other/tools/QuestaDVA/questasim/verilog_src/uvm-1.2/src/reg/uvm_reg_predictor.svh(221) @ 1667223000: uvm_test_top.env.ahb_predictor [REG_PREDICT] Observed WRITE transaction to register regmodel.IER: value='h8 : updated value = 'h8
# ===== Received Data from IER =====
# UVM_INFO ./../regmodel/uart_reg2ahb_adapter.sv(42) @ 1667223000: reporter [uart_reg2ahb_adapter] bus2reg: address = 0x14 data = 0x6 kind = UVM_READ status = UVM_IS_OK
# UVM_INFO /ictc/other/tools/QuestaDVA/questasim/verilog_src/uvm-1.2/src/reg/uvm_reg_predictor.svh(225) @ 1667223000: uvm_test_top.env.ahb_predictor [REG_PREDICT] Observed READ transaction to register regmodel.FSR: value='h6
# UVM_ERROR ./../sequences/ahb_rxd_rx_empty_sequence.sv(130) @ 1667233000: uvm_test_top.env.ahb_agt.sequencer@@rx_empty [ahb_rxd_rx_empty_sequence] 
# ===== FAILED!!! RX_EMPTY_STATUS is not right =====
# UVM_INFO ./../regmodel/uart_reg2ahb_adapter.sv(42) @ 1667467000: reporter [uart_reg2ahb_adapter] bus2reg: address = 0x14 data = 0x6 kind = UVM_READ status = UVM_IS_OK
# UVM_INFO /ictc/other/tools/QuestaDVA/questasim/verilog_src/uvm-1.2/src/reg/uvm_reg_predictor.svh(225) @ 1667467000: uvm_test_top.env.ahb_predictor [REG_PREDICT] Observed READ transaction to register regmodel.FSR: value='h6
# UVM_INFO ./../testcases/uart_rxd_interrupt.sv(40) @ 1677477000: uvm_test_top [uart_rxd_interrupt] -------------------------------------------------------------
# Name                Type                Size  Value          
# -------------------------------------------------------------
# cfg                 uart_configuration  -     @360           
#   parity_mode       parity_mode_e       32    UART_PARITY_ODD
#   sampling          sampling_mode_e     32    MODE_X16       
#   data_width        integral            32    'h5            
#   num_of_stop_bit   integral            32    'h2            
#   baud_rate         integral            32    'h1c200        
#   baud_rate_enable  integral            1     'h0            
#   parity_enable     integral            1     'h0            
#   interrupt_enable  integral            1     'h0            
# -------------------------------------------------------------
# 
# UVM_INFO ./../regmodel/uart_reg2ahb_adapter.sv(42) @ 1677477000: reporter [uart_reg2ahb_adapter] bus2reg: address = 0x0 data = 0x0 kind = UVM_WRITE status = UVM_IS_OK
# UVM_INFO /ictc/other/tools/QuestaDVA/questasim/verilog_src/uvm-1.2/src/reg/uvm_reg_predictor.svh(221) @ 1677477000: uvm_test_top.env.ahb_predictor [REG_PREDICT] Observed WRITE transaction to register regmodel.MDR: value='h0 : updated value = 'h0
# UVM_INFO ./../regmodel/uart_reg2ahb_adapter.sv(42) @ 1677478000: reporter [uart_reg2ahb_adapter] bus2reg: address = 0x4 data = 0x36 kind = UVM_WRITE status = UVM_IS_OK
# UVM_INFO /ictc/other/tools/QuestaDVA/questasim/verilog_src/uvm-1.2/src/reg/uvm_reg_predictor.svh(221) @ 1677478000: uvm_test_top.env.ahb_predictor [REG_PREDICT] Observed WRITE transaction to register regmodel.DLL: value='h36 : updated value = 'h36
# UVM_INFO ./../regmodel/uart_reg2ahb_adapter.sv(42) @ 1677478000: reporter [uart_reg2ahb_adapter] bus2reg: address = 0x8 data = 0x0 kind = UVM_WRITE status = UVM_IS_OK
# UVM_INFO /ictc/other/tools/QuestaDVA/questasim/verilog_src/uvm-1.2/src/reg/uvm_reg_predictor.svh(221) @ 1677478000: uvm_test_top.env.ahb_predictor [REG_PREDICT] Observed WRITE transaction to register regmodel.DLH: value='h0 : updated value = 'h0
# UVM_INFO ./../regmodel/uart_reg2ahb_adapter.sv(42) @ 1677478000: reporter [uart_reg2ahb_adapter] bus2reg: address = 0xc data = 0x2c kind = UVM_WRITE status = UVM_IS_OK
# UVM_INFO /ictc/other/tools/QuestaDVA/questasim/verilog_src/uvm-1.2/src/reg/uvm_reg_predictor.svh(221) @ 1677478000: uvm_test_top.env.ahb_predictor [REG_PREDICT] Observed WRITE transaction to register regmodel.LCR: value='h2c : updated value = 'h2c
# UVM_INFO ./../regmodel/uart_reg2ahb_adapter.sv(42) @ 1677478000: reporter [uart_reg2ahb_adapter] bus2reg: address = 0x10 data = 0x8 kind = UVM_WRITE status = UVM_IS_OK
# UVM_INFO /ictc/other/tools/QuestaDVA/questasim/verilog_src/uvm-1.2/src/reg/uvm_reg_predictor.svh(221) @ 1677478000: uvm_test_top.env.ahb_predictor [REG_PREDICT] Observed WRITE transaction to register regmodel.IER: value='h8 : updated value = 'h8
# ===== Received Data from IER =====
# UVM_INFO ./../regmodel/uart_reg2ahb_adapter.sv(42) @ 1677478000: reporter [uart_reg2ahb_adapter] bus2reg: address = 0x14 data = 0x6 kind = UVM_READ status = UVM_IS_OK
# UVM_INFO /ictc/other/tools/QuestaDVA/questasim/verilog_src/uvm-1.2/src/reg/uvm_reg_predictor.svh(225) @ 1677478000: uvm_test_top.env.ahb_predictor [REG_PREDICT] Observed READ transaction to register regmodel.FSR: value='h6
# UVM_ERROR ./../sequences/ahb_rxd_rx_empty_sequence.sv(130) @ 1677488000: uvm_test_top.env.ahb_agt.sequencer@@rx_empty [ahb_rxd_rx_empty_sequence] 
# ===== FAILED!!! RX_EMPTY_STATUS is not right =====
# UVM_INFO ./../regmodel/uart_reg2ahb_adapter.sv(42) @ 1677641000: reporter [uart_reg2ahb_adapter] bus2reg: address = 0x14 data = 0x6 kind = UVM_READ status = UVM_IS_OK
# UVM_INFO /ictc/other/tools/QuestaDVA/questasim/verilog_src/uvm-1.2/src/reg/uvm_reg_predictor.svh(225) @ 1677641000: uvm_test_top.env.ahb_predictor [REG_PREDICT] Observed READ transaction to register regmodel.FSR: value='h6
# UVM_INFO ./../testcases/uart_rxd_interrupt.sv(40) @ 1687651000: uvm_test_top [uart_rxd_interrupt] -------------------------------------------------------------
# Name                Type                Size  Value          
# -------------------------------------------------------------
# cfg                 uart_configuration  -     @360           
#   parity_mode       parity_mode_e       32    UART_PARITY_ODD
#   sampling          sampling_mode_e     32    MODE_X13       
#   data_width        integral            32    'h5            
#   num_of_stop_bit   integral            32    'h2            
#   baud_rate         integral            32    'h1c200        
#   baud_rate_enable  integral            1     'h0            
#   parity_enable     integral            1     'h0            
#   interrupt_enable  integral            1     'h0            
# -------------------------------------------------------------
# 
# UVM_INFO ./../regmodel/uart_reg2ahb_adapter.sv(42) @ 1687651000: reporter [uart_reg2ahb_adapter] bus2reg: address = 0x0 data = 0x1 kind = UVM_WRITE status = UVM_IS_OK
# UVM_INFO /ictc/other/tools/QuestaDVA/questasim/verilog_src/uvm-1.2/src/reg/uvm_reg_predictor.svh(221) @ 1687651000: uvm_test_top.env.ahb_predictor [REG_PREDICT] Observed WRITE transaction to register regmodel.MDR: value='h1 : updated value = 'h1
# UVM_INFO ./../regmodel/uart_reg2ahb_adapter.sv(42) @ 1687651000: reporter [uart_reg2ahb_adapter] bus2reg: address = 0x4 data = 0x43 kind = UVM_WRITE status = UVM_IS_OK
# UVM_INFO /ictc/other/tools/QuestaDVA/questasim/verilog_src/uvm-1.2/src/reg/uvm_reg_predictor.svh(221) @ 1687651000: uvm_test_top.env.ahb_predictor [REG_PREDICT] Observed WRITE transaction to register regmodel.DLL: value='h43 : updated value = 'h43
# UVM_INFO ./../regmodel/uart_reg2ahb_adapter.sv(42) @ 1687651000: reporter [uart_reg2ahb_adapter] bus2reg: address = 0x8 data = 0x0 kind = UVM_WRITE status = UVM_IS_OK
# UVM_INFO /ictc/other/tools/QuestaDVA/questasim/verilog_src/uvm-1.2/src/reg/uvm_reg_predictor.svh(221) @ 1687651000: uvm_test_top.env.ahb_predictor [REG_PREDICT] Observed WRITE transaction to register regmodel.DLH: value='h0 : updated value = 'h0
# UVM_INFO ./../regmodel/uart_reg2ahb_adapter.sv(42) @ 1687651000: reporter [uart_reg2ahb_adapter] bus2reg: address = 0xc data = 0x2c kind = UVM_WRITE status = UVM_IS_OK
# UVM_INFO /ictc/other/tools/QuestaDVA/questasim/verilog_src/uvm-1.2/src/reg/uvm_reg_predictor.svh(221) @ 1687651000: uvm_test_top.env.ahb_predictor [REG_PREDICT] Observed WRITE transaction to register regmodel.LCR: value='h2c : updated value = 'h2c
# UVM_INFO ./../regmodel/uart_reg2ahb_adapter.sv(42) @ 1687651000: reporter [uart_reg2ahb_adapter] bus2reg: address = 0x10 data = 0x8 kind = UVM_WRITE status = UVM_IS_OK
# UVM_INFO /ictc/other/tools/QuestaDVA/questasim/verilog_src/uvm-1.2/src/reg/uvm_reg_predictor.svh(221) @ 1687651000: uvm_test_top.env.ahb_predictor [REG_PREDICT] Observed WRITE transaction to register regmodel.IER: value='h8 : updated value = 'h8
# ===== Received Data from IER =====
# UVM_INFO ./../regmodel/uart_reg2ahb_adapter.sv(42) @ 1687651000: reporter [uart_reg2ahb_adapter] bus2reg: address = 0x14 data = 0x6 kind = UVM_READ status = UVM_IS_OK
# UVM_INFO /ictc/other/tools/QuestaDVA/questasim/verilog_src/uvm-1.2/src/reg/uvm_reg_predictor.svh(225) @ 1687651000: uvm_test_top.env.ahb_predictor [REG_PREDICT] Observed READ transaction to register regmodel.FSR: value='h6
# UVM_ERROR ./../sequences/ahb_rxd_rx_empty_sequence.sv(130) @ 1687661000: uvm_test_top.env.ahb_agt.sequencer@@rx_empty [ahb_rxd_rx_empty_sequence] 
# ===== FAILED!!! RX_EMPTY_STATUS is not right =====
# UVM_INFO ./../regmodel/uart_reg2ahb_adapter.sv(42) @ 1687815000: reporter [uart_reg2ahb_adapter] bus2reg: address = 0x14 data = 0x6 kind = UVM_READ status = UVM_IS_OK
# UVM_INFO /ictc/other/tools/QuestaDVA/questasim/verilog_src/uvm-1.2/src/reg/uvm_reg_predictor.svh(225) @ 1687815000: uvm_test_top.env.ahb_predictor [REG_PREDICT] Observed READ transaction to register regmodel.FSR: value='h6
# UVM_INFO ./../testcases/uart_rxd_interrupt.sv(40) @ 1697825000: uvm_test_top [uart_rxd_interrupt] -------------------------------------------------------------
# Name                Type                Size  Value          
# -------------------------------------------------------------
# cfg                 uart_configuration  -     @360           
#   parity_mode       parity_mode_e       32    UART_PARITY_ODD
#   sampling          sampling_mode_e     32    MODE_X16       
#   data_width        integral            32    'h6            
#   num_of_stop_bit   integral            32    'h1            
#   baud_rate         integral            32    'h960          
#   baud_rate_enable  integral            1     'h0            
#   parity_enable     integral            1     'h0            
#   interrupt_enable  integral            1     'h0            
# -------------------------------------------------------------
# 
# UVM_INFO ./../regmodel/uart_reg2ahb_adapter.sv(42) @ 1697825000: reporter [uart_reg2ahb_adapter] bus2reg: address = 0x0 data = 0x0 kind = UVM_WRITE status = UVM_IS_OK
# UVM_INFO /ictc/other/tools/QuestaDVA/questasim/verilog_src/uvm-1.2/src/reg/uvm_reg_predictor.svh(221) @ 1697825000: uvm_test_top.env.ahb_predictor [REG_PREDICT] Observed WRITE transaction to register regmodel.MDR: value='h0 : updated value = 'h0
# UVM_INFO ./../regmodel/uart_reg2ahb_adapter.sv(42) @ 1697825000: reporter [uart_reg2ahb_adapter] bus2reg: address = 0x4 data = 0x2c kind = UVM_WRITE status = UVM_IS_OK
# UVM_INFO /ictc/other/tools/QuestaDVA/questasim/verilog_src/uvm-1.2/src/reg/uvm_reg_predictor.svh(221) @ 1697825000: uvm_test_top.env.ahb_predictor [REG_PREDICT] Observed WRITE transaction to register regmodel.DLL: value='h2c : updated value = 'h2c
# UVM_INFO ./../regmodel/uart_reg2ahb_adapter.sv(42) @ 1697825000: reporter [uart_reg2ahb_adapter] bus2reg: address = 0x8 data = 0xa kind = UVM_WRITE status = UVM_IS_OK
# UVM_INFO /ictc/other/tools/QuestaDVA/questasim/verilog_src/uvm-1.2/src/reg/uvm_reg_predictor.svh(221) @ 1697825000: uvm_test_top.env.ahb_predictor [REG_PREDICT] Observed WRITE transaction to register regmodel.DLH: value='ha : updated value = 'ha
# UVM_INFO ./../regmodel/uart_reg2ahb_adapter.sv(42) @ 1697825000: reporter [uart_reg2ahb_adapter] bus2reg: address = 0xc data = 0x29 kind = UVM_WRITE status = UVM_IS_OK
# UVM_INFO /ictc/other/tools/QuestaDVA/questasim/verilog_src/uvm-1.2/src/reg/uvm_reg_predictor.svh(221) @ 1697825000: uvm_test_top.env.ahb_predictor [REG_PREDICT] Observed WRITE transaction to register regmodel.LCR: value='h29 : updated value = 'h29
# UVM_INFO ./../regmodel/uart_reg2ahb_adapter.sv(42) @ 1697825000: reporter [uart_reg2ahb_adapter] bus2reg: address = 0x10 data = 0x8 kind = UVM_WRITE status = UVM_IS_OK
# UVM_INFO /ictc/other/tools/QuestaDVA/questasim/verilog_src/uvm-1.2/src/reg/uvm_reg_predictor.svh(221) @ 1697825000: uvm_test_top.env.ahb_predictor [REG_PREDICT] Observed WRITE transaction to register regmodel.IER: value='h8 : updated value = 'h8
# ===== Received Data from IER =====
# UVM_INFO ./../regmodel/uart_reg2ahb_adapter.sv(42) @ 1697825000: reporter [uart_reg2ahb_adapter] bus2reg: address = 0x14 data = 0x6 kind = UVM_READ status = UVM_IS_OK
# UVM_INFO /ictc/other/tools/QuestaDVA/questasim/verilog_src/uvm-1.2/src/reg/uvm_reg_predictor.svh(225) @ 1697825000: uvm_test_top.env.ahb_predictor [REG_PREDICT] Observed READ transaction to register regmodel.FSR: value='h6
# UVM_ERROR ./../sequences/ahb_rxd_rx_empty_sequence.sv(130) @ 1697835000: uvm_test_top.env.ahb_agt.sequencer@@rx_empty [ahb_rxd_rx_empty_sequence] 
# ===== FAILED!!! RX_EMPTY_STATUS is not right =====
# UVM_INFO ./../regmodel/uart_reg2ahb_adapter.sv(42) @ 1705332000: reporter [uart_reg2ahb_adapter] bus2reg: address = 0x14 data = 0x6 kind = UVM_READ status = UVM_IS_OK
# UVM_INFO /ictc/other/tools/QuestaDVA/questasim/verilog_src/uvm-1.2/src/reg/uvm_reg_predictor.svh(225) @ 1705332000: uvm_test_top.env.ahb_predictor [REG_PREDICT] Observed READ transaction to register regmodel.FSR: value='h6
# UVM_INFO ./../testcases/uart_rxd_interrupt.sv(40) @ 1715342000: uvm_test_top [uart_rxd_interrupt] -------------------------------------------------------------
# Name                Type                Size  Value          
# -------------------------------------------------------------
# cfg                 uart_configuration  -     @360           
#   parity_mode       parity_mode_e       32    UART_PARITY_ODD
#   sampling          sampling_mode_e     32    MODE_X13       
#   data_width        integral            32    'h6            
#   num_of_stop_bit   integral            32    'h1            
#   baud_rate         integral            32    'h960          
#   baud_rate_enable  integral            1     'h0            
#   parity_enable     integral            1     'h0            
#   interrupt_enable  integral            1     'h0            
# -------------------------------------------------------------
# 
# UVM_INFO ./../regmodel/uart_reg2ahb_adapter.sv(42) @ 1715342000: reporter [uart_reg2ahb_adapter] bus2reg: address = 0x0 data = 0x1 kind = UVM_WRITE status = UVM_IS_OK
# UVM_INFO /ictc/other/tools/QuestaDVA/questasim/verilog_src/uvm-1.2/src/reg/uvm_reg_predictor.svh(221) @ 1715342000: uvm_test_top.env.ahb_predictor [REG_PREDICT] Observed WRITE transaction to register regmodel.MDR: value='h1 : updated value = 'h1
# UVM_INFO ./../regmodel/uart_reg2ahb_adapter.sv(42) @ 1715342000: reporter [uart_reg2ahb_adapter] bus2reg: address = 0x4 data = 0x85 kind = UVM_WRITE status = UVM_IS_OK
# UVM_INFO /ictc/other/tools/QuestaDVA/questasim/verilog_src/uvm-1.2/src/reg/uvm_reg_predictor.svh(221) @ 1715342000: uvm_test_top.env.ahb_predictor [REG_PREDICT] Observed WRITE transaction to register regmodel.DLL: value='h85 : updated value = 'h85
# UVM_INFO ./../regmodel/uart_reg2ahb_adapter.sv(42) @ 1715342000: reporter [uart_reg2ahb_adapter] bus2reg: address = 0x8 data = 0xc kind = UVM_WRITE status = UVM_IS_OK
# UVM_INFO /ictc/other/tools/QuestaDVA/questasim/verilog_src/uvm-1.2/src/reg/uvm_reg_predictor.svh(221) @ 1715342000: uvm_test_top.env.ahb_predictor [REG_PREDICT] Observed WRITE transaction to register regmodel.DLH: value='hc : updated value = 'hc
# UVM_INFO ./../regmodel/uart_reg2ahb_adapter.sv(42) @ 1715342000: reporter [uart_reg2ahb_adapter] bus2reg: address = 0xc data = 0x29 kind = UVM_WRITE status = UVM_IS_OK
# UVM_INFO /ictc/other/tools/QuestaDVA/questasim/verilog_src/uvm-1.2/src/reg/uvm_reg_predictor.svh(221) @ 1715342000: uvm_test_top.env.ahb_predictor [REG_PREDICT] Observed WRITE transaction to register regmodel.LCR: value='h29 : updated value = 'h29
# UVM_INFO ./../regmodel/uart_reg2ahb_adapter.sv(42) @ 1715342000: reporter [uart_reg2ahb_adapter] bus2reg: address = 0x10 data = 0x8 kind = UVM_WRITE status = UVM_IS_OK
# UVM_INFO /ictc/other/tools/QuestaDVA/questasim/verilog_src/uvm-1.2/src/reg/uvm_reg_predictor.svh(221) @ 1715342000: uvm_test_top.env.ahb_predictor [REG_PREDICT] Observed WRITE transaction to register regmodel.IER: value='h8 : updated value = 'h8
# ===== Received Data from IER =====
# UVM_INFO ./../regmodel/uart_reg2ahb_adapter.sv(42) @ 1715343000: reporter [uart_reg2ahb_adapter] bus2reg: address = 0x14 data = 0x6 kind = UVM_READ status = UVM_IS_OK
# UVM_INFO /ictc/other/tools/QuestaDVA/questasim/verilog_src/uvm-1.2/src/reg/uvm_reg_predictor.svh(225) @ 1715343000: uvm_test_top.env.ahb_predictor [REG_PREDICT] Observed READ transaction to register regmodel.FSR: value='h6
# UVM_ERROR ./../sequences/ahb_rxd_rx_empty_sequence.sv(130) @ 1715353000: uvm_test_top.env.ahb_agt.sequencer@@rx_empty [ahb_rxd_rx_empty_sequence] 
# ===== FAILED!!! RX_EMPTY_STATUS is not right =====
# UVM_INFO ./../regmodel/uart_reg2ahb_adapter.sv(42) @ 1722850000: reporter [uart_reg2ahb_adapter] bus2reg: address = 0x14 data = 0x6 kind = UVM_READ status = UVM_IS_OK
# UVM_INFO /ictc/other/tools/QuestaDVA/questasim/verilog_src/uvm-1.2/src/reg/uvm_reg_predictor.svh(225) @ 1722850000: uvm_test_top.env.ahb_predictor [REG_PREDICT] Observed READ transaction to register regmodel.FSR: value='h6
# UVM_INFO ./../testcases/uart_rxd_interrupt.sv(40) @ 1732860000: uvm_test_top [uart_rxd_interrupt] -------------------------------------------------------------
# Name                Type                Size  Value          
# -------------------------------------------------------------
# cfg                 uart_configuration  -     @360           
#   parity_mode       parity_mode_e       32    UART_PARITY_ODD
#   sampling          sampling_mode_e     32    MODE_X16       
#   data_width        integral            32    'h6            
#   num_of_stop_bit   integral            32    'h1            
#   baud_rate         integral            32    'h12c0         
#   baud_rate_enable  integral            1     'h0            
#   parity_enable     integral            1     'h0            
#   interrupt_enable  integral            1     'h0            
# -------------------------------------------------------------
# 
# UVM_INFO ./../regmodel/uart_reg2ahb_adapter.sv(42) @ 1732860000: reporter [uart_reg2ahb_adapter] bus2reg: address = 0x0 data = 0x0 kind = UVM_WRITE status = UVM_IS_OK
# UVM_INFO /ictc/other/tools/QuestaDVA/questasim/verilog_src/uvm-1.2/src/reg/uvm_reg_predictor.svh(221) @ 1732860000: uvm_test_top.env.ahb_predictor [REG_PREDICT] Observed WRITE transaction to register regmodel.MDR: value='h0 : updated value = 'h0
# UVM_INFO ./../regmodel/uart_reg2ahb_adapter.sv(42) @ 1732860000: reporter [uart_reg2ahb_adapter] bus2reg: address = 0x4 data = 0x16 kind = UVM_WRITE status = UVM_IS_OK
# UVM_INFO /ictc/other/tools/QuestaDVA/questasim/verilog_src/uvm-1.2/src/reg/uvm_reg_predictor.svh(221) @ 1732860000: uvm_test_top.env.ahb_predictor [REG_PREDICT] Observed WRITE transaction to register regmodel.DLL: value='h16 : updated value = 'h16
# UVM_INFO ./../regmodel/uart_reg2ahb_adapter.sv(42) @ 1732860000: reporter [uart_reg2ahb_adapter] bus2reg: address = 0x8 data = 0x5 kind = UVM_WRITE status = UVM_IS_OK
# UVM_INFO /ictc/other/tools/QuestaDVA/questasim/verilog_src/uvm-1.2/src/reg/uvm_reg_predictor.svh(221) @ 1732860000: uvm_test_top.env.ahb_predictor [REG_PREDICT] Observed WRITE transaction to register regmodel.DLH: value='h5 : updated value = 'h5
# UVM_INFO ./../regmodel/uart_reg2ahb_adapter.sv(42) @ 1732860000: reporter [uart_reg2ahb_adapter] bus2reg: address = 0xc data = 0x29 kind = UVM_WRITE status = UVM_IS_OK
# UVM_INFO /ictc/other/tools/QuestaDVA/questasim/verilog_src/uvm-1.2/src/reg/uvm_reg_predictor.svh(221) @ 1732860000: uvm_test_top.env.ahb_predictor [REG_PREDICT] Observed WRITE transaction to register regmodel.LCR: value='h29 : updated value = 'h29
# UVM_INFO ./../regmodel/uart_reg2ahb_adapter.sv(42) @ 1732860000: reporter [uart_reg2ahb_adapter] bus2reg: address = 0x10 data = 0x8 kind = UVM_WRITE status = UVM_IS_OK
# UVM_INFO /ictc/other/tools/QuestaDVA/questasim/verilog_src/uvm-1.2/src/reg/uvm_reg_predictor.svh(221) @ 1732860000: uvm_test_top.env.ahb_predictor [REG_PREDICT] Observed WRITE transaction to register regmodel.IER: value='h8 : updated value = 'h8
# ===== Received Data from IER =====
# UVM_INFO ./../regmodel/uart_reg2ahb_adapter.sv(42) @ 1732860000: reporter [uart_reg2ahb_adapter] bus2reg: address = 0x14 data = 0x6 kind = UVM_READ status = UVM_IS_OK
# UVM_INFO /ictc/other/tools/QuestaDVA/questasim/verilog_src/uvm-1.2/src/reg/uvm_reg_predictor.svh(225) @ 1732860000: uvm_test_top.env.ahb_predictor [REG_PREDICT] Observed READ transaction to register regmodel.FSR: value='h6
# UVM_ERROR ./../sequences/ahb_rxd_rx_empty_sequence.sv(130) @ 1732870000: uvm_test_top.env.ahb_agt.sequencer@@rx_empty [ahb_rxd_rx_empty_sequence] 
# ===== FAILED!!! RX_EMPTY_STATUS is not right =====
# UVM_INFO ./../regmodel/uart_reg2ahb_adapter.sv(42) @ 1736623000: reporter [uart_reg2ahb_adapter] bus2reg: address = 0x14 data = 0x6 kind = UVM_READ status = UVM_IS_OK
# UVM_INFO /ictc/other/tools/QuestaDVA/questasim/verilog_src/uvm-1.2/src/reg/uvm_reg_predictor.svh(225) @ 1736623000: uvm_test_top.env.ahb_predictor [REG_PREDICT] Observed READ transaction to register regmodel.FSR: value='h6
# UVM_INFO ./../testcases/uart_rxd_interrupt.sv(40) @ 1746633000: uvm_test_top [uart_rxd_interrupt] -------------------------------------------------------------
# Name                Type                Size  Value          
# -------------------------------------------------------------
# cfg                 uart_configuration  -     @360           
#   parity_mode       parity_mode_e       32    UART_PARITY_ODD
#   sampling          sampling_mode_e     32    MODE_X13       
#   data_width        integral            32    'h6            
#   num_of_stop_bit   integral            32    'h1            
#   baud_rate         integral            32    'h12c0         
#   baud_rate_enable  integral            1     'h0            
#   parity_enable     integral            1     'h0            
#   interrupt_enable  integral            1     'h0            
# -------------------------------------------------------------
# 
# UVM_INFO ./../regmodel/uart_reg2ahb_adapter.sv(42) @ 1746633000: reporter [uart_reg2ahb_adapter] bus2reg: address = 0x0 data = 0x1 kind = UVM_WRITE status = UVM_IS_OK
# UVM_INFO /ictc/other/tools/QuestaDVA/questasim/verilog_src/uvm-1.2/src/reg/uvm_reg_predictor.svh(221) @ 1746633000: uvm_test_top.env.ahb_predictor [REG_PREDICT] Observed WRITE transaction to register regmodel.MDR: value='h1 : updated value = 'h1
# UVM_INFO ./../regmodel/uart_reg2ahb_adapter.sv(42) @ 1746633000: reporter [uart_reg2ahb_adapter] bus2reg: address = 0x4 data = 0x42 kind = UVM_WRITE status = UVM_IS_OK
# UVM_INFO /ictc/other/tools/QuestaDVA/questasim/verilog_src/uvm-1.2/src/reg/uvm_reg_predictor.svh(221) @ 1746633000: uvm_test_top.env.ahb_predictor [REG_PREDICT] Observed WRITE transaction to register regmodel.DLL: value='h42 : updated value = 'h42
# UVM_INFO ./../regmodel/uart_reg2ahb_adapter.sv(42) @ 1746633000: reporter [uart_reg2ahb_adapter] bus2reg: address = 0x8 data = 0x6 kind = UVM_WRITE status = UVM_IS_OK
# UVM_INFO /ictc/other/tools/QuestaDVA/questasim/verilog_src/uvm-1.2/src/reg/uvm_reg_predictor.svh(221) @ 1746633000: uvm_test_top.env.ahb_predictor [REG_PREDICT] Observed WRITE transaction to register regmodel.DLH: value='h6 : updated value = 'h6
# UVM_INFO ./../regmodel/uart_reg2ahb_adapter.sv(42) @ 1746634000: reporter [uart_reg2ahb_adapter] bus2reg: address = 0xc data = 0x29 kind = UVM_WRITE status = UVM_IS_OK
# UVM_INFO /ictc/other/tools/QuestaDVA/questasim/verilog_src/uvm-1.2/src/reg/uvm_reg_predictor.svh(221) @ 1746634000: uvm_test_top.env.ahb_predictor [REG_PREDICT] Observed WRITE transaction to register regmodel.LCR: value='h29 : updated value = 'h29
# UVM_INFO ./../regmodel/uart_reg2ahb_adapter.sv(42) @ 1746634000: reporter [uart_reg2ahb_adapter] bus2reg: address = 0x10 data = 0x8 kind = UVM_WRITE status = UVM_IS_OK
# UVM_INFO /ictc/other/tools/QuestaDVA/questasim/verilog_src/uvm-1.2/src/reg/uvm_reg_predictor.svh(221) @ 1746634000: uvm_test_top.env.ahb_predictor [REG_PREDICT] Observed WRITE transaction to register regmodel.IER: value='h8 : updated value = 'h8
# ===== Received Data from IER =====
# UVM_INFO ./../regmodel/uart_reg2ahb_adapter.sv(42) @ 1746634000: reporter [uart_reg2ahb_adapter] bus2reg: address = 0x14 data = 0x6 kind = UVM_READ status = UVM_IS_OK
# UVM_INFO /ictc/other/tools/QuestaDVA/questasim/verilog_src/uvm-1.2/src/reg/uvm_reg_predictor.svh(225) @ 1746634000: uvm_test_top.env.ahb_predictor [REG_PREDICT] Observed READ transaction to register regmodel.FSR: value='h6
# UVM_ERROR ./../sequences/ahb_rxd_rx_empty_sequence.sv(130) @ 1746644000: uvm_test_top.env.ahb_agt.sequencer@@rx_empty [ahb_rxd_rx_empty_sequence] 
# ===== FAILED!!! RX_EMPTY_STATUS is not right =====
# UVM_INFO ./../regmodel/uart_reg2ahb_adapter.sv(42) @ 1750397000: reporter [uart_reg2ahb_adapter] bus2reg: address = 0x14 data = 0x6 kind = UVM_READ status = UVM_IS_OK
# UVM_INFO /ictc/other/tools/QuestaDVA/questasim/verilog_src/uvm-1.2/src/reg/uvm_reg_predictor.svh(225) @ 1750397000: uvm_test_top.env.ahb_predictor [REG_PREDICT] Observed READ transaction to register regmodel.FSR: value='h6
# UVM_INFO ./../testcases/uart_rxd_interrupt.sv(40) @ 1760407000: uvm_test_top [uart_rxd_interrupt] -------------------------------------------------------------
# Name                Type                Size  Value          
# -------------------------------------------------------------
# cfg                 uart_configuration  -     @360           
#   parity_mode       parity_mode_e       32    UART_PARITY_ODD
#   sampling          sampling_mode_e     32    MODE_X16       
#   data_width        integral            32    'h6            
#   num_of_stop_bit   integral            32    'h1            
#   baud_rate         integral            32    'h2580         
#   baud_rate_enable  integral            1     'h0            
#   parity_enable     integral            1     'h0            
#   interrupt_enable  integral            1     'h0            
# -------------------------------------------------------------
# 
# UVM_INFO ./../regmodel/uart_reg2ahb_adapter.sv(42) @ 1760407000: reporter [uart_reg2ahb_adapter] bus2reg: address = 0x0 data = 0x0 kind = UVM_WRITE status = UVM_IS_OK
# UVM_INFO /ictc/other/tools/QuestaDVA/questasim/verilog_src/uvm-1.2/src/reg/uvm_reg_predictor.svh(221) @ 1760407000: uvm_test_top.env.ahb_predictor [REG_PREDICT] Observed WRITE transaction to register regmodel.MDR: value='h0 : updated value = 'h0
# UVM_INFO ./../regmodel/uart_reg2ahb_adapter.sv(42) @ 1760407000: reporter [uart_reg2ahb_adapter] bus2reg: address = 0x4 data = 0x8b kind = UVM_WRITE status = UVM_IS_OK
# UVM_INFO /ictc/other/tools/QuestaDVA/questasim/verilog_src/uvm-1.2/src/reg/uvm_reg_predictor.svh(221) @ 1760407000: uvm_test_top.env.ahb_predictor [REG_PREDICT] Observed WRITE transaction to register regmodel.DLL: value='h8b : updated value = 'h8b
# UVM_INFO ./../regmodel/uart_reg2ahb_adapter.sv(42) @ 1760407000: reporter [uart_reg2ahb_adapter] bus2reg: address = 0x8 data = 0x2 kind = UVM_WRITE status = UVM_IS_OK
# UVM_INFO /ictc/other/tools/QuestaDVA/questasim/verilog_src/uvm-1.2/src/reg/uvm_reg_predictor.svh(221) @ 1760407000: uvm_test_top.env.ahb_predictor [REG_PREDICT] Observed WRITE transaction to register regmodel.DLH: value='h2 : updated value = 'h2
# UVM_INFO ./../regmodel/uart_reg2ahb_adapter.sv(42) @ 1760407000: reporter [uart_reg2ahb_adapter] bus2reg: address = 0xc data = 0x29 kind = UVM_WRITE status = UVM_IS_OK
# UVM_INFO /ictc/other/tools/QuestaDVA/questasim/verilog_src/uvm-1.2/src/reg/uvm_reg_predictor.svh(221) @ 1760407000: uvm_test_top.env.ahb_predictor [REG_PREDICT] Observed WRITE transaction to register regmodel.LCR: value='h29 : updated value = 'h29
# UVM_INFO ./../regmodel/uart_reg2ahb_adapter.sv(42) @ 1760407000: reporter [uart_reg2ahb_adapter] bus2reg: address = 0x10 data = 0x8 kind = UVM_WRITE status = UVM_IS_OK
# UVM_INFO /ictc/other/tools/QuestaDVA/questasim/verilog_src/uvm-1.2/src/reg/uvm_reg_predictor.svh(221) @ 1760407000: uvm_test_top.env.ahb_predictor [REG_PREDICT] Observed WRITE transaction to register regmodel.IER: value='h8 : updated value = 'h8
# ===== Received Data from IER =====
# UVM_INFO ./../regmodel/uart_reg2ahb_adapter.sv(42) @ 1760407000: reporter [uart_reg2ahb_adapter] bus2reg: address = 0x14 data = 0x6 kind = UVM_READ status = UVM_IS_OK
# UVM_INFO /ictc/other/tools/QuestaDVA/questasim/verilog_src/uvm-1.2/src/reg/uvm_reg_predictor.svh(225) @ 1760407000: uvm_test_top.env.ahb_predictor [REG_PREDICT] Observed READ transaction to register regmodel.FSR: value='h6
# UVM_ERROR ./../sequences/ahb_rxd_rx_empty_sequence.sv(130) @ 1760417000: uvm_test_top.env.ahb_agt.sequencer@@rx_empty [ahb_rxd_rx_empty_sequence] 
# ===== FAILED!!! RX_EMPTY_STATUS is not right =====
# UVM_INFO ./../regmodel/uart_reg2ahb_adapter.sv(42) @ 1762289000: reporter [uart_reg2ahb_adapter] bus2reg: address = 0x14 data = 0x6 kind = UVM_READ status = UVM_IS_OK
# UVM_INFO /ictc/other/tools/QuestaDVA/questasim/verilog_src/uvm-1.2/src/reg/uvm_reg_predictor.svh(225) @ 1762289000: uvm_test_top.env.ahb_predictor [REG_PREDICT] Observed READ transaction to register regmodel.FSR: value='h6
# UVM_INFO ./../testcases/uart_rxd_interrupt.sv(40) @ 1772299000: uvm_test_top [uart_rxd_interrupt] -------------------------------------------------------------
# Name                Type                Size  Value          
# -------------------------------------------------------------
# cfg                 uart_configuration  -     @360           
#   parity_mode       parity_mode_e       32    UART_PARITY_ODD
#   sampling          sampling_mode_e     32    MODE_X13       
#   data_width        integral            32    'h6            
#   num_of_stop_bit   integral            32    'h1            
#   baud_rate         integral            32    'h2580         
#   baud_rate_enable  integral            1     'h0            
#   parity_enable     integral            1     'h0            
#   interrupt_enable  integral            1     'h0            
# -------------------------------------------------------------
# 
# UVM_INFO ./../regmodel/uart_reg2ahb_adapter.sv(42) @ 1772299000: reporter [uart_reg2ahb_adapter] bus2reg: address = 0x0 data = 0x1 kind = UVM_WRITE status = UVM_IS_OK
# UVM_INFO /ictc/other/tools/QuestaDVA/questasim/verilog_src/uvm-1.2/src/reg/uvm_reg_predictor.svh(221) @ 1772299000: uvm_test_top.env.ahb_predictor [REG_PREDICT] Observed WRITE transaction to register regmodel.MDR: value='h1 : updated value = 'h1
# UVM_INFO ./../regmodel/uart_reg2ahb_adapter.sv(42) @ 1772299000: reporter [uart_reg2ahb_adapter] bus2reg: address = 0x4 data = 0x21 kind = UVM_WRITE status = UVM_IS_OK
# UVM_INFO /ictc/other/tools/QuestaDVA/questasim/verilog_src/uvm-1.2/src/reg/uvm_reg_predictor.svh(221) @ 1772299000: uvm_test_top.env.ahb_predictor [REG_PREDICT] Observed WRITE transaction to register regmodel.DLL: value='h21 : updated value = 'h21
# UVM_INFO ./../regmodel/uart_reg2ahb_adapter.sv(42) @ 1772300000: reporter [uart_reg2ahb_adapter] bus2reg: address = 0x8 data = 0x3 kind = UVM_WRITE status = UVM_IS_OK
# UVM_INFO /ictc/other/tools/QuestaDVA/questasim/verilog_src/uvm-1.2/src/reg/uvm_reg_predictor.svh(221) @ 1772300000: uvm_test_top.env.ahb_predictor [REG_PREDICT] Observed WRITE transaction to register regmodel.DLH: value='h3 : updated value = 'h3
# UVM_INFO ./../regmodel/uart_reg2ahb_adapter.sv(42) @ 1772300000: reporter [uart_reg2ahb_adapter] bus2reg: address = 0xc data = 0x29 kind = UVM_WRITE status = UVM_IS_OK
# UVM_INFO /ictc/other/tools/QuestaDVA/questasim/verilog_src/uvm-1.2/src/reg/uvm_reg_predictor.svh(221) @ 1772300000: uvm_test_top.env.ahb_predictor [REG_PREDICT] Observed WRITE transaction to register regmodel.LCR: value='h29 : updated value = 'h29
# UVM_INFO ./../regmodel/uart_reg2ahb_adapter.sv(42) @ 1772300000: reporter [uart_reg2ahb_adapter] bus2reg: address = 0x10 data = 0x8 kind = UVM_WRITE status = UVM_IS_OK
# UVM_INFO /ictc/other/tools/QuestaDVA/questasim/verilog_src/uvm-1.2/src/reg/uvm_reg_predictor.svh(221) @ 1772300000: uvm_test_top.env.ahb_predictor [REG_PREDICT] Observed WRITE transaction to register regmodel.IER: value='h8 : updated value = 'h8
# ===== Received Data from IER =====
# UVM_INFO ./../regmodel/uart_reg2ahb_adapter.sv(42) @ 1772300000: reporter [uart_reg2ahb_adapter] bus2reg: address = 0x14 data = 0x6 kind = UVM_READ status = UVM_IS_OK
# UVM_INFO /ictc/other/tools/QuestaDVA/questasim/verilog_src/uvm-1.2/src/reg/uvm_reg_predictor.svh(225) @ 1772300000: uvm_test_top.env.ahb_predictor [REG_PREDICT] Observed READ transaction to register regmodel.FSR: value='h6
# UVM_ERROR ./../sequences/ahb_rxd_rx_empty_sequence.sv(130) @ 1772310000: uvm_test_top.env.ahb_agt.sequencer@@rx_empty [ahb_rxd_rx_empty_sequence] 
# ===== FAILED!!! RX_EMPTY_STATUS is not right =====
# UVM_INFO ./../regmodel/uart_reg2ahb_adapter.sv(42) @ 1774182000: reporter [uart_reg2ahb_adapter] bus2reg: address = 0x14 data = 0x6 kind = UVM_READ status = UVM_IS_OK
# UVM_INFO /ictc/other/tools/QuestaDVA/questasim/verilog_src/uvm-1.2/src/reg/uvm_reg_predictor.svh(225) @ 1774182000: uvm_test_top.env.ahb_predictor [REG_PREDICT] Observed READ transaction to register regmodel.FSR: value='h6
# UVM_INFO ./../testcases/uart_rxd_interrupt.sv(40) @ 1784192000: uvm_test_top [uart_rxd_interrupt] -------------------------------------------------------------
# Name                Type                Size  Value          
# -------------------------------------------------------------
# cfg                 uart_configuration  -     @360           
#   parity_mode       parity_mode_e       32    UART_PARITY_ODD
#   sampling          sampling_mode_e     32    MODE_X16       
#   data_width        integral            32    'h6            
#   num_of_stop_bit   integral            32    'h1            
#   baud_rate         integral            32    'h4b00         
#   baud_rate_enable  integral            1     'h0            
#   parity_enable     integral            1     'h0            
#   interrupt_enable  integral            1     'h0            
# -------------------------------------------------------------
# 
# UVM_INFO ./../regmodel/uart_reg2ahb_adapter.sv(42) @ 1784192000: reporter [uart_reg2ahb_adapter] bus2reg: address = 0x0 data = 0x0 kind = UVM_WRITE status = UVM_IS_OK
# UVM_INFO /ictc/other/tools/QuestaDVA/questasim/verilog_src/uvm-1.2/src/reg/uvm_reg_predictor.svh(221) @ 1784192000: uvm_test_top.env.ahb_predictor [REG_PREDICT] Observed WRITE transaction to register regmodel.MDR: value='h0 : updated value = 'h0
# UVM_INFO ./../regmodel/uart_reg2ahb_adapter.sv(42) @ 1784192000: reporter [uart_reg2ahb_adapter] bus2reg: address = 0x4 data = 0x45 kind = UVM_WRITE status = UVM_IS_OK
# UVM_INFO /ictc/other/tools/QuestaDVA/questasim/verilog_src/uvm-1.2/src/reg/uvm_reg_predictor.svh(221) @ 1784192000: uvm_test_top.env.ahb_predictor [REG_PREDICT] Observed WRITE transaction to register regmodel.DLL: value='h45 : updated value = 'h45
# UVM_INFO ./../regmodel/uart_reg2ahb_adapter.sv(42) @ 1784192000: reporter [uart_reg2ahb_adapter] bus2reg: address = 0x8 data = 0x1 kind = UVM_WRITE status = UVM_IS_OK
# UVM_INFO /ictc/other/tools/QuestaDVA/questasim/verilog_src/uvm-1.2/src/reg/uvm_reg_predictor.svh(221) @ 1784192000: uvm_test_top.env.ahb_predictor [REG_PREDICT] Observed WRITE transaction to register regmodel.DLH: value='h1 : updated value = 'h1
# UVM_INFO ./../regmodel/uart_reg2ahb_adapter.sv(42) @ 1784192000: reporter [uart_reg2ahb_adapter] bus2reg: address = 0xc data = 0x29 kind = UVM_WRITE status = UVM_IS_OK
# UVM_INFO /ictc/other/tools/QuestaDVA/questasim/verilog_src/uvm-1.2/src/reg/uvm_reg_predictor.svh(221) @ 1784192000: uvm_test_top.env.ahb_predictor [REG_PREDICT] Observed WRITE transaction to register regmodel.LCR: value='h29 : updated value = 'h29
# UVM_INFO ./../regmodel/uart_reg2ahb_adapter.sv(42) @ 1784192000: reporter [uart_reg2ahb_adapter] bus2reg: address = 0x10 data = 0x8 kind = UVM_WRITE status = UVM_IS_OK
# UVM_INFO /ictc/other/tools/QuestaDVA/questasim/verilog_src/uvm-1.2/src/reg/uvm_reg_predictor.svh(221) @ 1784192000: uvm_test_top.env.ahb_predictor [REG_PREDICT] Observed WRITE transaction to register regmodel.IER: value='h8 : updated value = 'h8
# ===== Received Data from IER =====
# UVM_INFO ./../regmodel/uart_reg2ahb_adapter.sv(42) @ 1784192000: reporter [uart_reg2ahb_adapter] bus2reg: address = 0x14 data = 0x6 kind = UVM_READ status = UVM_IS_OK
# UVM_INFO /ictc/other/tools/QuestaDVA/questasim/verilog_src/uvm-1.2/src/reg/uvm_reg_predictor.svh(225) @ 1784192000: uvm_test_top.env.ahb_predictor [REG_PREDICT] Observed READ transaction to register regmodel.FSR: value='h6
# UVM_ERROR ./../sequences/ahb_rxd_rx_empty_sequence.sv(130) @ 1784202000: uvm_test_top.env.ahb_agt.sequencer@@rx_empty [ahb_rxd_rx_empty_sequence] 
# ===== FAILED!!! RX_EMPTY_STATUS is not right =====
# UVM_INFO ./../regmodel/uart_reg2ahb_adapter.sv(42) @ 1785138000: reporter [uart_reg2ahb_adapter] bus2reg: address = 0x14 data = 0x6 kind = UVM_READ status = UVM_IS_OK
# UVM_INFO /ictc/other/tools/QuestaDVA/questasim/verilog_src/uvm-1.2/src/reg/uvm_reg_predictor.svh(225) @ 1785138000: uvm_test_top.env.ahb_predictor [REG_PREDICT] Observed READ transaction to register regmodel.FSR: value='h6
# UVM_INFO ./../testcases/uart_rxd_interrupt.sv(40) @ 1795148000: uvm_test_top [uart_rxd_interrupt] -------------------------------------------------------------
# Name                Type                Size  Value          
# -------------------------------------------------------------
# cfg                 uart_configuration  -     @360           
#   parity_mode       parity_mode_e       32    UART_PARITY_ODD
#   sampling          sampling_mode_e     32    MODE_X13       
#   data_width        integral            32    'h6            
#   num_of_stop_bit   integral            32    'h1            
#   baud_rate         integral            32    'h4b00         
#   baud_rate_enable  integral            1     'h0            
#   parity_enable     integral            1     'h0            
#   interrupt_enable  integral            1     'h0            
# -------------------------------------------------------------
# 
# UVM_INFO ./../regmodel/uart_reg2ahb_adapter.sv(42) @ 1795149000: reporter [uart_reg2ahb_adapter] bus2reg: address = 0x0 data = 0x1 kind = UVM_WRITE status = UVM_IS_OK
# UVM_INFO /ictc/other/tools/QuestaDVA/questasim/verilog_src/uvm-1.2/src/reg/uvm_reg_predictor.svh(221) @ 1795149000: uvm_test_top.env.ahb_predictor [REG_PREDICT] Observed WRITE transaction to register regmodel.MDR: value='h1 : updated value = 'h1
# UVM_INFO ./../regmodel/uart_reg2ahb_adapter.sv(42) @ 1795149000: reporter [uart_reg2ahb_adapter] bus2reg: address = 0x4 data = 0x91 kind = UVM_WRITE status = UVM_IS_OK
# UVM_INFO /ictc/other/tools/QuestaDVA/questasim/verilog_src/uvm-1.2/src/reg/uvm_reg_predictor.svh(221) @ 1795149000: uvm_test_top.env.ahb_predictor [REG_PREDICT] Observed WRITE transaction to register regmodel.DLL: value='h91 : updated value = 'h91
# UVM_INFO ./../regmodel/uart_reg2ahb_adapter.sv(42) @ 1795149000: reporter [uart_reg2ahb_adapter] bus2reg: address = 0x8 data = 0x1 kind = UVM_WRITE status = UVM_IS_OK
# UVM_INFO /ictc/other/tools/QuestaDVA/questasim/verilog_src/uvm-1.2/src/reg/uvm_reg_predictor.svh(221) @ 1795149000: uvm_test_top.env.ahb_predictor [REG_PREDICT] Observed WRITE transaction to register regmodel.DLH: value='h1 : updated value = 'h1
# UVM_INFO ./../regmodel/uart_reg2ahb_adapter.sv(42) @ 1795149000: reporter [uart_reg2ahb_adapter] bus2reg: address = 0xc data = 0x29 kind = UVM_WRITE status = UVM_IS_OK
# UVM_INFO /ictc/other/tools/QuestaDVA/questasim/verilog_src/uvm-1.2/src/reg/uvm_reg_predictor.svh(221) @ 1795149000: uvm_test_top.env.ahb_predictor [REG_PREDICT] Observed WRITE transaction to register regmodel.LCR: value='h29 : updated value = 'h29
# UVM_INFO ./../regmodel/uart_reg2ahb_adapter.sv(42) @ 1795149000: reporter [uart_reg2ahb_adapter] bus2reg: address = 0x10 data = 0x8 kind = UVM_WRITE status = UVM_IS_OK
# UVM_INFO /ictc/other/tools/QuestaDVA/questasim/verilog_src/uvm-1.2/src/reg/uvm_reg_predictor.svh(221) @ 1795149000: uvm_test_top.env.ahb_predictor [REG_PREDICT] Observed WRITE transaction to register regmodel.IER: value='h8 : updated value = 'h8
# ===== Received Data from IER =====
# UVM_INFO ./../regmodel/uart_reg2ahb_adapter.sv(42) @ 1795149000: reporter [uart_reg2ahb_adapter] bus2reg: address = 0x14 data = 0x6 kind = UVM_READ status = UVM_IS_OK
# UVM_INFO /ictc/other/tools/QuestaDVA/questasim/verilog_src/uvm-1.2/src/reg/uvm_reg_predictor.svh(225) @ 1795149000: uvm_test_top.env.ahb_predictor [REG_PREDICT] Observed READ transaction to register regmodel.FSR: value='h6
# UVM_ERROR ./../sequences/ahb_rxd_rx_empty_sequence.sv(130) @ 1795159000: uvm_test_top.env.ahb_agt.sequencer@@rx_empty [ahb_rxd_rx_empty_sequence] 
# ===== FAILED!!! RX_EMPTY_STATUS is not right =====
# UVM_INFO ./../regmodel/uart_reg2ahb_adapter.sv(42) @ 1796095000: reporter [uart_reg2ahb_adapter] bus2reg: address = 0x14 data = 0x6 kind = UVM_READ status = UVM_IS_OK
# UVM_INFO /ictc/other/tools/QuestaDVA/questasim/verilog_src/uvm-1.2/src/reg/uvm_reg_predictor.svh(225) @ 1796095000: uvm_test_top.env.ahb_predictor [REG_PREDICT] Observed READ transaction to register regmodel.FSR: value='h6
# UVM_INFO ./../testcases/uart_rxd_interrupt.sv(40) @ 1806105000: uvm_test_top [uart_rxd_interrupt] -------------------------------------------------------------
# Name                Type                Size  Value          
# -------------------------------------------------------------
# cfg                 uart_configuration  -     @360           
#   parity_mode       parity_mode_e       32    UART_PARITY_ODD
#   sampling          sampling_mode_e     32    MODE_X16       
#   data_width        integral            32    'h6            
#   num_of_stop_bit   integral            32    'h1            
#   baud_rate         integral            32    'h9600         
#   baud_rate_enable  integral            1     'h0            
#   parity_enable     integral            1     'h0            
#   interrupt_enable  integral            1     'h0            
# -------------------------------------------------------------
# 
# UVM_INFO ./../regmodel/uart_reg2ahb_adapter.sv(42) @ 1806105000: reporter [uart_reg2ahb_adapter] bus2reg: address = 0x0 data = 0x0 kind = UVM_WRITE status = UVM_IS_OK
# UVM_INFO /ictc/other/tools/QuestaDVA/questasim/verilog_src/uvm-1.2/src/reg/uvm_reg_predictor.svh(221) @ 1806105000: uvm_test_top.env.ahb_predictor [REG_PREDICT] Observed WRITE transaction to register regmodel.MDR: value='h0 : updated value = 'h0
# UVM_INFO ./../regmodel/uart_reg2ahb_adapter.sv(42) @ 1806105000: reporter [uart_reg2ahb_adapter] bus2reg: address = 0x4 data = 0xa4 kind = UVM_WRITE status = UVM_IS_OK
# UVM_INFO /ictc/other/tools/QuestaDVA/questasim/verilog_src/uvm-1.2/src/reg/uvm_reg_predictor.svh(221) @ 1806105000: uvm_test_top.env.ahb_predictor [REG_PREDICT] Observed WRITE transaction to register regmodel.DLL: value='ha4 : updated value = 'ha4
# UVM_INFO ./../regmodel/uart_reg2ahb_adapter.sv(42) @ 1806105000: reporter [uart_reg2ahb_adapter] bus2reg: address = 0x8 data = 0x0 kind = UVM_WRITE status = UVM_IS_OK
# UVM_INFO /ictc/other/tools/QuestaDVA/questasim/verilog_src/uvm-1.2/src/reg/uvm_reg_predictor.svh(221) @ 1806105000: uvm_test_top.env.ahb_predictor [REG_PREDICT] Observed WRITE transaction to register regmodel.DLH: value='h0 : updated value = 'h0
# UVM_INFO ./../regmodel/uart_reg2ahb_adapter.sv(42) @ 1806105000: reporter [uart_reg2ahb_adapter] bus2reg: address = 0xc data = 0x29 kind = UVM_WRITE status = UVM_IS_OK
# UVM_INFO /ictc/other/tools/QuestaDVA/questasim/verilog_src/uvm-1.2/src/reg/uvm_reg_predictor.svh(221) @ 1806105000: uvm_test_top.env.ahb_predictor [REG_PREDICT] Observed WRITE transaction to register regmodel.LCR: value='h29 : updated value = 'h29
# UVM_INFO ./../regmodel/uart_reg2ahb_adapter.sv(42) @ 1806105000: reporter [uart_reg2ahb_adapter] bus2reg: address = 0x10 data = 0x8 kind = UVM_WRITE status = UVM_IS_OK
# UVM_INFO /ictc/other/tools/QuestaDVA/questasim/verilog_src/uvm-1.2/src/reg/uvm_reg_predictor.svh(221) @ 1806105000: uvm_test_top.env.ahb_predictor [REG_PREDICT] Observed WRITE transaction to register regmodel.IER: value='h8 : updated value = 'h8
# ===== Received Data from IER =====
# UVM_INFO ./../regmodel/uart_reg2ahb_adapter.sv(42) @ 1806106000: reporter [uart_reg2ahb_adapter] bus2reg: address = 0x14 data = 0x6 kind = UVM_READ status = UVM_IS_OK
# UVM_INFO /ictc/other/tools/QuestaDVA/questasim/verilog_src/uvm-1.2/src/reg/uvm_reg_predictor.svh(225) @ 1806106000: uvm_test_top.env.ahb_predictor [REG_PREDICT] Observed READ transaction to register regmodel.FSR: value='h6
# UVM_ERROR ./../sequences/ahb_rxd_rx_empty_sequence.sv(130) @ 1806116000: uvm_test_top.env.ahb_agt.sequencer@@rx_empty [ahb_rxd_rx_empty_sequence] 
# ===== FAILED!!! RX_EMPTY_STATUS is not right =====
# UVM_INFO ./../regmodel/uart_reg2ahb_adapter.sv(42) @ 1806584000: reporter [uart_reg2ahb_adapter] bus2reg: address = 0x14 data = 0x6 kind = UVM_READ status = UVM_IS_OK
# UVM_INFO /ictc/other/tools/QuestaDVA/questasim/verilog_src/uvm-1.2/src/reg/uvm_reg_predictor.svh(225) @ 1806584000: uvm_test_top.env.ahb_predictor [REG_PREDICT] Observed READ transaction to register regmodel.FSR: value='h6
# UVM_INFO ./../testcases/uart_rxd_interrupt.sv(40) @ 1816594000: uvm_test_top [uart_rxd_interrupt] -------------------------------------------------------------
# Name                Type                Size  Value          
# -------------------------------------------------------------
# cfg                 uart_configuration  -     @360           
#   parity_mode       parity_mode_e       32    UART_PARITY_ODD
#   sampling          sampling_mode_e     32    MODE_X13       
#   data_width        integral            32    'h6            
#   num_of_stop_bit   integral            32    'h1            
#   baud_rate         integral            32    'h9600         
#   baud_rate_enable  integral            1     'h0            
#   parity_enable     integral            1     'h0            
#   interrupt_enable  integral            1     'h0            
# -------------------------------------------------------------
# 
# UVM_INFO ./../regmodel/uart_reg2ahb_adapter.sv(42) @ 1816594000: reporter [uart_reg2ahb_adapter] bus2reg: address = 0x0 data = 0x1 kind = UVM_WRITE status = UVM_IS_OK
# UVM_INFO /ictc/other/tools/QuestaDVA/questasim/verilog_src/uvm-1.2/src/reg/uvm_reg_predictor.svh(221) @ 1816594000: uvm_test_top.env.ahb_predictor [REG_PREDICT] Observed WRITE transaction to register regmodel.MDR: value='h1 : updated value = 'h1
# UVM_INFO ./../regmodel/uart_reg2ahb_adapter.sv(42) @ 1816594000: reporter [uart_reg2ahb_adapter] bus2reg: address = 0x4 data = 0xc8 kind = UVM_WRITE status = UVM_IS_OK
# UVM_INFO /ictc/other/tools/QuestaDVA/questasim/verilog_src/uvm-1.2/src/reg/uvm_reg_predictor.svh(221) @ 1816594000: uvm_test_top.env.ahb_predictor [REG_PREDICT] Observed WRITE transaction to register regmodel.DLL: value='hc8 : updated value = 'hc8
# UVM_INFO ./../regmodel/uart_reg2ahb_adapter.sv(42) @ 1816594000: reporter [uart_reg2ahb_adapter] bus2reg: address = 0x8 data = 0x0 kind = UVM_WRITE status = UVM_IS_OK
# UVM_INFO /ictc/other/tools/QuestaDVA/questasim/verilog_src/uvm-1.2/src/reg/uvm_reg_predictor.svh(221) @ 1816594000: uvm_test_top.env.ahb_predictor [REG_PREDICT] Observed WRITE transaction to register regmodel.DLH: value='h0 : updated value = 'h0
# UVM_INFO ./../regmodel/uart_reg2ahb_adapter.sv(42) @ 1816594000: reporter [uart_reg2ahb_adapter] bus2reg: address = 0xc data = 0x29 kind = UVM_WRITE status = UVM_IS_OK
# UVM_INFO /ictc/other/tools/QuestaDVA/questasim/verilog_src/uvm-1.2/src/reg/uvm_reg_predictor.svh(221) @ 1816594000: uvm_test_top.env.ahb_predictor [REG_PREDICT] Observed WRITE transaction to register regmodel.LCR: value='h29 : updated value = 'h29
# UVM_INFO ./../regmodel/uart_reg2ahb_adapter.sv(42) @ 1816594000: reporter [uart_reg2ahb_adapter] bus2reg: address = 0x10 data = 0x8 kind = UVM_WRITE status = UVM_IS_OK
# UVM_INFO /ictc/other/tools/QuestaDVA/questasim/verilog_src/uvm-1.2/src/reg/uvm_reg_predictor.svh(221) @ 1816594000: uvm_test_top.env.ahb_predictor [REG_PREDICT] Observed WRITE transaction to register regmodel.IER: value='h8 : updated value = 'h8
# ===== Received Data from IER =====
# UVM_INFO ./../regmodel/uart_reg2ahb_adapter.sv(42) @ 1816594000: reporter [uart_reg2ahb_adapter] bus2reg: address = 0x14 data = 0x6 kind = UVM_READ status = UVM_IS_OK
# UVM_INFO /ictc/other/tools/QuestaDVA/questasim/verilog_src/uvm-1.2/src/reg/uvm_reg_predictor.svh(225) @ 1816594000: uvm_test_top.env.ahb_predictor [REG_PREDICT] Observed READ transaction to register regmodel.FSR: value='h6
# UVM_ERROR ./../sequences/ahb_rxd_rx_empty_sequence.sv(130) @ 1816604000: uvm_test_top.env.ahb_agt.sequencer@@rx_empty [ahb_rxd_rx_empty_sequence] 
# ===== FAILED!!! RX_EMPTY_STATUS is not right =====
# UVM_INFO ./../regmodel/uart_reg2ahb_adapter.sv(42) @ 1817072000: reporter [uart_reg2ahb_adapter] bus2reg: address = 0x14 data = 0x6 kind = UVM_READ status = UVM_IS_OK
# UVM_INFO /ictc/other/tools/QuestaDVA/questasim/verilog_src/uvm-1.2/src/reg/uvm_reg_predictor.svh(225) @ 1817072000: uvm_test_top.env.ahb_predictor [REG_PREDICT] Observed READ transaction to register regmodel.FSR: value='h6
# UVM_INFO ./../testcases/uart_rxd_interrupt.sv(40) @ 1827082000: uvm_test_top [uart_rxd_interrupt] -------------------------------------------------------------
# Name                Type                Size  Value          
# -------------------------------------------------------------
# cfg                 uart_configuration  -     @360           
#   parity_mode       parity_mode_e       32    UART_PARITY_ODD
#   sampling          sampling_mode_e     32    MODE_X16       
#   data_width        integral            32    'h6            
#   num_of_stop_bit   integral            32    'h1            
#   baud_rate         integral            32    'h12c00        
#   baud_rate_enable  integral            1     'h0            
#   parity_enable     integral            1     'h0            
#   interrupt_enable  integral            1     'h0            
# -------------------------------------------------------------
# 
# UVM_INFO ./../regmodel/uart_reg2ahb_adapter.sv(42) @ 1827082000: reporter [uart_reg2ahb_adapter] bus2reg: address = 0x0 data = 0x0 kind = UVM_WRITE status = UVM_IS_OK
# UVM_INFO /ictc/other/tools/QuestaDVA/questasim/verilog_src/uvm-1.2/src/reg/uvm_reg_predictor.svh(221) @ 1827082000: uvm_test_top.env.ahb_predictor [REG_PREDICT] Observed WRITE transaction to register regmodel.MDR: value='h0 : updated value = 'h0
# UVM_INFO ./../regmodel/uart_reg2ahb_adapter.sv(42) @ 1827082000: reporter [uart_reg2ahb_adapter] bus2reg: address = 0x4 data = 0x51 kind = UVM_WRITE status = UVM_IS_OK
# UVM_INFO /ictc/other/tools/QuestaDVA/questasim/verilog_src/uvm-1.2/src/reg/uvm_reg_predictor.svh(221) @ 1827082000: uvm_test_top.env.ahb_predictor [REG_PREDICT] Observed WRITE transaction to register regmodel.DLL: value='h51 : updated value = 'h51
# UVM_INFO ./../regmodel/uart_reg2ahb_adapter.sv(42) @ 1827082000: reporter [uart_reg2ahb_adapter] bus2reg: address = 0x8 data = 0x0 kind = UVM_WRITE status = UVM_IS_OK
# UVM_INFO /ictc/other/tools/QuestaDVA/questasim/verilog_src/uvm-1.2/src/reg/uvm_reg_predictor.svh(221) @ 1827082000: uvm_test_top.env.ahb_predictor [REG_PREDICT] Observed WRITE transaction to register regmodel.DLH: value='h0 : updated value = 'h0
# UVM_INFO ./../regmodel/uart_reg2ahb_adapter.sv(42) @ 1827082000: reporter [uart_reg2ahb_adapter] bus2reg: address = 0xc data = 0x29 kind = UVM_WRITE status = UVM_IS_OK
# UVM_INFO /ictc/other/tools/QuestaDVA/questasim/verilog_src/uvm-1.2/src/reg/uvm_reg_predictor.svh(221) @ 1827082000: uvm_test_top.env.ahb_predictor [REG_PREDICT] Observed WRITE transaction to register regmodel.LCR: value='h29 : updated value = 'h29
# UVM_INFO ./../regmodel/uart_reg2ahb_adapter.sv(42) @ 1827083000: reporter [uart_reg2ahb_adapter] bus2reg: address = 0x10 data = 0x8 kind = UVM_WRITE status = UVM_IS_OK
# UVM_INFO /ictc/other/tools/QuestaDVA/questasim/verilog_src/uvm-1.2/src/reg/uvm_reg_predictor.svh(221) @ 1827083000: uvm_test_top.env.ahb_predictor [REG_PREDICT] Observed WRITE transaction to register regmodel.IER: value='h8 : updated value = 'h8
# ===== Received Data from IER =====
# UVM_INFO ./../regmodel/uart_reg2ahb_adapter.sv(42) @ 1827083000: reporter [uart_reg2ahb_adapter] bus2reg: address = 0x14 data = 0x6 kind = UVM_READ status = UVM_IS_OK
# UVM_INFO /ictc/other/tools/QuestaDVA/questasim/verilog_src/uvm-1.2/src/reg/uvm_reg_predictor.svh(225) @ 1827083000: uvm_test_top.env.ahb_predictor [REG_PREDICT] Observed READ transaction to register regmodel.FSR: value='h6
# UVM_ERROR ./../sequences/ahb_rxd_rx_empty_sequence.sv(130) @ 1827093000: uvm_test_top.env.ahb_agt.sequencer@@rx_empty [ahb_rxd_rx_empty_sequence] 
# ===== FAILED!!! RX_EMPTY_STATUS is not right =====
# UVM_INFO ./../regmodel/uart_reg2ahb_adapter.sv(42) @ 1827327000: reporter [uart_reg2ahb_adapter] bus2reg: address = 0x14 data = 0x6 kind = UVM_READ status = UVM_IS_OK
# UVM_INFO /ictc/other/tools/QuestaDVA/questasim/verilog_src/uvm-1.2/src/reg/uvm_reg_predictor.svh(225) @ 1827327000: uvm_test_top.env.ahb_predictor [REG_PREDICT] Observed READ transaction to register regmodel.FSR: value='h6
# UVM_INFO ./../testcases/uart_rxd_interrupt.sv(40) @ 1837337000: uvm_test_top [uart_rxd_interrupt] -------------------------------------------------------------
# Name                Type                Size  Value          
# -------------------------------------------------------------
# cfg                 uart_configuration  -     @360           
#   parity_mode       parity_mode_e       32    UART_PARITY_ODD
#   sampling          sampling_mode_e     32    MODE_X13       
#   data_width        integral            32    'h6            
#   num_of_stop_bit   integral            32    'h1            
#   baud_rate         integral            32    'h12c00        
#   baud_rate_enable  integral            1     'h0            
#   parity_enable     integral            1     'h0            
#   interrupt_enable  integral            1     'h0            
# -------------------------------------------------------------
# 
# UVM_INFO ./../regmodel/uart_reg2ahb_adapter.sv(42) @ 1837337000: reporter [uart_reg2ahb_adapter] bus2reg: address = 0x0 data = 0x1 kind = UVM_WRITE status = UVM_IS_OK
# UVM_INFO /ictc/other/tools/QuestaDVA/questasim/verilog_src/uvm-1.2/src/reg/uvm_reg_predictor.svh(221) @ 1837337000: uvm_test_top.env.ahb_predictor [REG_PREDICT] Observed WRITE transaction to register regmodel.MDR: value='h1 : updated value = 'h1
# UVM_INFO ./../regmodel/uart_reg2ahb_adapter.sv(42) @ 1837337000: reporter [uart_reg2ahb_adapter] bus2reg: address = 0x4 data = 0x64 kind = UVM_WRITE status = UVM_IS_OK
# UVM_INFO /ictc/other/tools/QuestaDVA/questasim/verilog_src/uvm-1.2/src/reg/uvm_reg_predictor.svh(221) @ 1837337000: uvm_test_top.env.ahb_predictor [REG_PREDICT] Observed WRITE transaction to register regmodel.DLL: value='h64 : updated value = 'h64
# UVM_INFO ./../regmodel/uart_reg2ahb_adapter.sv(42) @ 1837337000: reporter [uart_reg2ahb_adapter] bus2reg: address = 0x8 data = 0x0 kind = UVM_WRITE status = UVM_IS_OK
# UVM_INFO /ictc/other/tools/QuestaDVA/questasim/verilog_src/uvm-1.2/src/reg/uvm_reg_predictor.svh(221) @ 1837337000: uvm_test_top.env.ahb_predictor [REG_PREDICT] Observed WRITE transaction to register regmodel.DLH: value='h0 : updated value = 'h0
# UVM_INFO ./../regmodel/uart_reg2ahb_adapter.sv(42) @ 1837337000: reporter [uart_reg2ahb_adapter] bus2reg: address = 0xc data = 0x29 kind = UVM_WRITE status = UVM_IS_OK
# UVM_INFO /ictc/other/tools/QuestaDVA/questasim/verilog_src/uvm-1.2/src/reg/uvm_reg_predictor.svh(221) @ 1837337000: uvm_test_top.env.ahb_predictor [REG_PREDICT] Observed WRITE transaction to register regmodel.LCR: value='h29 : updated value = 'h29
# UVM_INFO ./../regmodel/uart_reg2ahb_adapter.sv(42) @ 1837337000: reporter [uart_reg2ahb_adapter] bus2reg: address = 0x10 data = 0x8 kind = UVM_WRITE status = UVM_IS_OK
# UVM_INFO /ictc/other/tools/QuestaDVA/questasim/verilog_src/uvm-1.2/src/reg/uvm_reg_predictor.svh(221) @ 1837337000: uvm_test_top.env.ahb_predictor [REG_PREDICT] Observed WRITE transaction to register regmodel.IER: value='h8 : updated value = 'h8
# ===== Received Data from IER =====
# UVM_INFO ./../regmodel/uart_reg2ahb_adapter.sv(42) @ 1837337000: reporter [uart_reg2ahb_adapter] bus2reg: address = 0x14 data = 0x6 kind = UVM_READ status = UVM_IS_OK
# UVM_INFO /ictc/other/tools/QuestaDVA/questasim/verilog_src/uvm-1.2/src/reg/uvm_reg_predictor.svh(225) @ 1837337000: uvm_test_top.env.ahb_predictor [REG_PREDICT] Observed READ transaction to register regmodel.FSR: value='h6
# UVM_ERROR ./../sequences/ahb_rxd_rx_empty_sequence.sv(130) @ 1837347000: uvm_test_top.env.ahb_agt.sequencer@@rx_empty [ahb_rxd_rx_empty_sequence] 
# ===== FAILED!!! RX_EMPTY_STATUS is not right =====
# UVM_INFO ./../regmodel/uart_reg2ahb_adapter.sv(42) @ 1837581000: reporter [uart_reg2ahb_adapter] bus2reg: address = 0x14 data = 0x6 kind = UVM_READ status = UVM_IS_OK
# UVM_INFO /ictc/other/tools/QuestaDVA/questasim/verilog_src/uvm-1.2/src/reg/uvm_reg_predictor.svh(225) @ 1837581000: uvm_test_top.env.ahb_predictor [REG_PREDICT] Observed READ transaction to register regmodel.FSR: value='h6
# UVM_INFO ./../testcases/uart_rxd_interrupt.sv(40) @ 1847591000: uvm_test_top [uart_rxd_interrupt] -------------------------------------------------------------
# Name                Type                Size  Value          
# -------------------------------------------------------------
# cfg                 uart_configuration  -     @360           
#   parity_mode       parity_mode_e       32    UART_PARITY_ODD
#   sampling          sampling_mode_e     32    MODE_X16       
#   data_width        integral            32    'h6            
#   num_of_stop_bit   integral            32    'h1            
#   baud_rate         integral            32    'h1c200        
#   baud_rate_enable  integral            1     'h0            
#   parity_enable     integral            1     'h0            
#   interrupt_enable  integral            1     'h0            
# -------------------------------------------------------------
# 
# UVM_INFO ./../regmodel/uart_reg2ahb_adapter.sv(42) @ 1847591000: reporter [uart_reg2ahb_adapter] bus2reg: address = 0x0 data = 0x0 kind = UVM_WRITE status = UVM_IS_OK
# UVM_INFO /ictc/other/tools/QuestaDVA/questasim/verilog_src/uvm-1.2/src/reg/uvm_reg_predictor.svh(221) @ 1847591000: uvm_test_top.env.ahb_predictor [REG_PREDICT] Observed WRITE transaction to register regmodel.MDR: value='h0 : updated value = 'h0
# UVM_INFO ./../regmodel/uart_reg2ahb_adapter.sv(42) @ 1847591000: reporter [uart_reg2ahb_adapter] bus2reg: address = 0x4 data = 0x36 kind = UVM_WRITE status = UVM_IS_OK
# UVM_INFO /ictc/other/tools/QuestaDVA/questasim/verilog_src/uvm-1.2/src/reg/uvm_reg_predictor.svh(221) @ 1847591000: uvm_test_top.env.ahb_predictor [REG_PREDICT] Observed WRITE transaction to register regmodel.DLL: value='h36 : updated value = 'h36
# UVM_INFO ./../regmodel/uart_reg2ahb_adapter.sv(42) @ 1847591000: reporter [uart_reg2ahb_adapter] bus2reg: address = 0x8 data = 0x0 kind = UVM_WRITE status = UVM_IS_OK
# UVM_INFO /ictc/other/tools/QuestaDVA/questasim/verilog_src/uvm-1.2/src/reg/uvm_reg_predictor.svh(221) @ 1847591000: uvm_test_top.env.ahb_predictor [REG_PREDICT] Observed WRITE transaction to register regmodel.DLH: value='h0 : updated value = 'h0
# UVM_INFO ./../regmodel/uart_reg2ahb_adapter.sv(42) @ 1847592000: reporter [uart_reg2ahb_adapter] bus2reg: address = 0xc data = 0x29 kind = UVM_WRITE status = UVM_IS_OK
# UVM_INFO /ictc/other/tools/QuestaDVA/questasim/verilog_src/uvm-1.2/src/reg/uvm_reg_predictor.svh(221) @ 1847592000: uvm_test_top.env.ahb_predictor [REG_PREDICT] Observed WRITE transaction to register regmodel.LCR: value='h29 : updated value = 'h29
# UVM_INFO ./../regmodel/uart_reg2ahb_adapter.sv(42) @ 1847592000: reporter [uart_reg2ahb_adapter] bus2reg: address = 0x10 data = 0x8 kind = UVM_WRITE status = UVM_IS_OK
# UVM_INFO /ictc/other/tools/QuestaDVA/questasim/verilog_src/uvm-1.2/src/reg/uvm_reg_predictor.svh(221) @ 1847592000: uvm_test_top.env.ahb_predictor [REG_PREDICT] Observed WRITE transaction to register regmodel.IER: value='h8 : updated value = 'h8
# ===== Received Data from IER =====
# UVM_INFO ./../regmodel/uart_reg2ahb_adapter.sv(42) @ 1847592000: reporter [uart_reg2ahb_adapter] bus2reg: address = 0x14 data = 0x6 kind = UVM_READ status = UVM_IS_OK
# UVM_INFO /ictc/other/tools/QuestaDVA/questasim/verilog_src/uvm-1.2/src/reg/uvm_reg_predictor.svh(225) @ 1847592000: uvm_test_top.env.ahb_predictor [REG_PREDICT] Observed READ transaction to register regmodel.FSR: value='h6
# UVM_ERROR ./../sequences/ahb_rxd_rx_empty_sequence.sv(130) @ 1847602000: uvm_test_top.env.ahb_agt.sequencer@@rx_empty [ahb_rxd_rx_empty_sequence] 
# ===== FAILED!!! RX_EMPTY_STATUS is not right =====
# UVM_INFO ./../regmodel/uart_reg2ahb_adapter.sv(42) @ 1847755000: reporter [uart_reg2ahb_adapter] bus2reg: address = 0x14 data = 0x6 kind = UVM_READ status = UVM_IS_OK
# UVM_INFO /ictc/other/tools/QuestaDVA/questasim/verilog_src/uvm-1.2/src/reg/uvm_reg_predictor.svh(225) @ 1847755000: uvm_test_top.env.ahb_predictor [REG_PREDICT] Observed READ transaction to register regmodel.FSR: value='h6
# UVM_INFO ./../testcases/uart_rxd_interrupt.sv(40) @ 1857765000: uvm_test_top [uart_rxd_interrupt] -------------------------------------------------------------
# Name                Type                Size  Value          
# -------------------------------------------------------------
# cfg                 uart_configuration  -     @360           
#   parity_mode       parity_mode_e       32    UART_PARITY_ODD
#   sampling          sampling_mode_e     32    MODE_X13       
#   data_width        integral            32    'h6            
#   num_of_stop_bit   integral            32    'h1            
#   baud_rate         integral            32    'h1c200        
#   baud_rate_enable  integral            1     'h0            
#   parity_enable     integral            1     'h0            
#   interrupt_enable  integral            1     'h0            
# -------------------------------------------------------------
# 
# UVM_INFO ./../regmodel/uart_reg2ahb_adapter.sv(42) @ 1857765000: reporter [uart_reg2ahb_adapter] bus2reg: address = 0x0 data = 0x1 kind = UVM_WRITE status = UVM_IS_OK
# UVM_INFO /ictc/other/tools/QuestaDVA/questasim/verilog_src/uvm-1.2/src/reg/uvm_reg_predictor.svh(221) @ 1857765000: uvm_test_top.env.ahb_predictor [REG_PREDICT] Observed WRITE transaction to register regmodel.MDR: value='h1 : updated value = 'h1
# UVM_INFO ./../regmodel/uart_reg2ahb_adapter.sv(42) @ 1857765000: reporter [uart_reg2ahb_adapter] bus2reg: address = 0x4 data = 0x43 kind = UVM_WRITE status = UVM_IS_OK
# UVM_INFO /ictc/other/tools/QuestaDVA/questasim/verilog_src/uvm-1.2/src/reg/uvm_reg_predictor.svh(221) @ 1857765000: uvm_test_top.env.ahb_predictor [REG_PREDICT] Observed WRITE transaction to register regmodel.DLL: value='h43 : updated value = 'h43
# UVM_INFO ./../regmodel/uart_reg2ahb_adapter.sv(42) @ 1857765000: reporter [uart_reg2ahb_adapter] bus2reg: address = 0x8 data = 0x0 kind = UVM_WRITE status = UVM_IS_OK
# UVM_INFO /ictc/other/tools/QuestaDVA/questasim/verilog_src/uvm-1.2/src/reg/uvm_reg_predictor.svh(221) @ 1857765000: uvm_test_top.env.ahb_predictor [REG_PREDICT] Observed WRITE transaction to register regmodel.DLH: value='h0 : updated value = 'h0
# UVM_INFO ./../regmodel/uart_reg2ahb_adapter.sv(42) @ 1857765000: reporter [uart_reg2ahb_adapter] bus2reg: address = 0xc data = 0x29 kind = UVM_WRITE status = UVM_IS_OK
# UVM_INFO /ictc/other/tools/QuestaDVA/questasim/verilog_src/uvm-1.2/src/reg/uvm_reg_predictor.svh(221) @ 1857765000: uvm_test_top.env.ahb_predictor [REG_PREDICT] Observed WRITE transaction to register regmodel.LCR: value='h29 : updated value = 'h29
# UVM_INFO ./../regmodel/uart_reg2ahb_adapter.sv(42) @ 1857765000: reporter [uart_reg2ahb_adapter] bus2reg: address = 0x10 data = 0x8 kind = UVM_WRITE status = UVM_IS_OK
# UVM_INFO /ictc/other/tools/QuestaDVA/questasim/verilog_src/uvm-1.2/src/reg/uvm_reg_predictor.svh(221) @ 1857765000: uvm_test_top.env.ahb_predictor [REG_PREDICT] Observed WRITE transaction to register regmodel.IER: value='h8 : updated value = 'h8
# ===== Received Data from IER =====
# UVM_INFO ./../regmodel/uart_reg2ahb_adapter.sv(42) @ 1857765000: reporter [uart_reg2ahb_adapter] bus2reg: address = 0x14 data = 0x6 kind = UVM_READ status = UVM_IS_OK
# UVM_INFO /ictc/other/tools/QuestaDVA/questasim/verilog_src/uvm-1.2/src/reg/uvm_reg_predictor.svh(225) @ 1857765000: uvm_test_top.env.ahb_predictor [REG_PREDICT] Observed READ transaction to register regmodel.FSR: value='h6
# UVM_ERROR ./../sequences/ahb_rxd_rx_empty_sequence.sv(130) @ 1857775000: uvm_test_top.env.ahb_agt.sequencer@@rx_empty [ahb_rxd_rx_empty_sequence] 
# ===== FAILED!!! RX_EMPTY_STATUS is not right =====
# UVM_INFO ./../regmodel/uart_reg2ahb_adapter.sv(42) @ 1857928000: reporter [uart_reg2ahb_adapter] bus2reg: address = 0x14 data = 0x6 kind = UVM_READ status = UVM_IS_OK
# UVM_INFO /ictc/other/tools/QuestaDVA/questasim/verilog_src/uvm-1.2/src/reg/uvm_reg_predictor.svh(225) @ 1857928000: uvm_test_top.env.ahb_predictor [REG_PREDICT] Observed READ transaction to register regmodel.FSR: value='h6
# UVM_INFO ./../testcases/uart_rxd_interrupt.sv(40) @ 1867938000: uvm_test_top [uart_rxd_interrupt] -------------------------------------------------------------
# Name                Type                Size  Value          
# -------------------------------------------------------------
# cfg                 uart_configuration  -     @360           
#   parity_mode       parity_mode_e       32    UART_PARITY_ODD
#   sampling          sampling_mode_e     32    MODE_X16       
#   data_width        integral            32    'h6            
#   num_of_stop_bit   integral            32    'h2            
#   baud_rate         integral            32    'h960          
#   baud_rate_enable  integral            1     'h0            
#   parity_enable     integral            1     'h0            
#   interrupt_enable  integral            1     'h0            
# -------------------------------------------------------------
# 
# UVM_INFO ./../regmodel/uart_reg2ahb_adapter.sv(42) @ 1867938000: reporter [uart_reg2ahb_adapter] bus2reg: address = 0x0 data = 0x0 kind = UVM_WRITE status = UVM_IS_OK
# UVM_INFO /ictc/other/tools/QuestaDVA/questasim/verilog_src/uvm-1.2/src/reg/uvm_reg_predictor.svh(221) @ 1867938000: uvm_test_top.env.ahb_predictor [REG_PREDICT] Observed WRITE transaction to register regmodel.MDR: value='h0 : updated value = 'h0
# UVM_INFO ./../regmodel/uart_reg2ahb_adapter.sv(42) @ 1867939000: reporter [uart_reg2ahb_adapter] bus2reg: address = 0x4 data = 0x2c kind = UVM_WRITE status = UVM_IS_OK
# UVM_INFO /ictc/other/tools/QuestaDVA/questasim/verilog_src/uvm-1.2/src/reg/uvm_reg_predictor.svh(221) @ 1867939000: uvm_test_top.env.ahb_predictor [REG_PREDICT] Observed WRITE transaction to register regmodel.DLL: value='h2c : updated value = 'h2c
# UVM_INFO ./../regmodel/uart_reg2ahb_adapter.sv(42) @ 1867939000: reporter [uart_reg2ahb_adapter] bus2reg: address = 0x8 data = 0xa kind = UVM_WRITE status = UVM_IS_OK
# UVM_INFO /ictc/other/tools/QuestaDVA/questasim/verilog_src/uvm-1.2/src/reg/uvm_reg_predictor.svh(221) @ 1867939000: uvm_test_top.env.ahb_predictor [REG_PREDICT] Observed WRITE transaction to register regmodel.DLH: value='ha : updated value = 'ha
# UVM_INFO ./../regmodel/uart_reg2ahb_adapter.sv(42) @ 1867939000: reporter [uart_reg2ahb_adapter] bus2reg: address = 0xc data = 0x2d kind = UVM_WRITE status = UVM_IS_OK
# UVM_INFO /ictc/other/tools/QuestaDVA/questasim/verilog_src/uvm-1.2/src/reg/uvm_reg_predictor.svh(221) @ 1867939000: uvm_test_top.env.ahb_predictor [REG_PREDICT] Observed WRITE transaction to register regmodel.LCR: value='h2d : updated value = 'h2d
# UVM_INFO ./../regmodel/uart_reg2ahb_adapter.sv(42) @ 1867939000: reporter [uart_reg2ahb_adapter] bus2reg: address = 0x10 data = 0x8 kind = UVM_WRITE status = UVM_IS_OK
# UVM_INFO /ictc/other/tools/QuestaDVA/questasim/verilog_src/uvm-1.2/src/reg/uvm_reg_predictor.svh(221) @ 1867939000: uvm_test_top.env.ahb_predictor [REG_PREDICT] Observed WRITE transaction to register regmodel.IER: value='h8 : updated value = 'h8
# ===== Received Data from IER =====
# UVM_INFO ./../regmodel/uart_reg2ahb_adapter.sv(42) @ 1867939000: reporter [uart_reg2ahb_adapter] bus2reg: address = 0x14 data = 0x6 kind = UVM_READ status = UVM_IS_OK
# UVM_INFO /ictc/other/tools/QuestaDVA/questasim/verilog_src/uvm-1.2/src/reg/uvm_reg_predictor.svh(225) @ 1867939000: uvm_test_top.env.ahb_predictor [REG_PREDICT] Observed READ transaction to register regmodel.FSR: value='h6
# UVM_ERROR ./../sequences/ahb_rxd_rx_empty_sequence.sv(130) @ 1867949000: uvm_test_top.env.ahb_agt.sequencer@@rx_empty [ahb_rxd_rx_empty_sequence] 
# ===== FAILED!!! RX_EMPTY_STATUS is not right =====
# UVM_INFO ./../regmodel/uart_reg2ahb_adapter.sv(42) @ 1876279000: reporter [uart_reg2ahb_adapter] bus2reg: address = 0x14 data = 0x6 kind = UVM_READ status = UVM_IS_OK
# UVM_INFO /ictc/other/tools/QuestaDVA/questasim/verilog_src/uvm-1.2/src/reg/uvm_reg_predictor.svh(225) @ 1876279000: uvm_test_top.env.ahb_predictor [REG_PREDICT] Observed READ transaction to register regmodel.FSR: value='h6
# UVM_INFO ./../testcases/uart_rxd_interrupt.sv(40) @ 1886289000: uvm_test_top [uart_rxd_interrupt] -------------------------------------------------------------
# Name                Type                Size  Value          
# -------------------------------------------------------------
# cfg                 uart_configuration  -     @360           
#   parity_mode       parity_mode_e       32    UART_PARITY_ODD
#   sampling          sampling_mode_e     32    MODE_X13       
#   data_width        integral            32    'h6            
#   num_of_stop_bit   integral            32    'h2            
#   baud_rate         integral            32    'h960          
#   baud_rate_enable  integral            1     'h0            
#   parity_enable     integral            1     'h0            
#   interrupt_enable  integral            1     'h0            
# -------------------------------------------------------------
# 
# UVM_INFO ./../regmodel/uart_reg2ahb_adapter.sv(42) @ 1886289000: reporter [uart_reg2ahb_adapter] bus2reg: address = 0x0 data = 0x1 kind = UVM_WRITE status = UVM_IS_OK
# UVM_INFO /ictc/other/tools/QuestaDVA/questasim/verilog_src/uvm-1.2/src/reg/uvm_reg_predictor.svh(221) @ 1886289000: uvm_test_top.env.ahb_predictor [REG_PREDICT] Observed WRITE transaction to register regmodel.MDR: value='h1 : updated value = 'h1
# UVM_INFO ./../regmodel/uart_reg2ahb_adapter.sv(42) @ 1886289000: reporter [uart_reg2ahb_adapter] bus2reg: address = 0x4 data = 0x85 kind = UVM_WRITE status = UVM_IS_OK
# UVM_INFO /ictc/other/tools/QuestaDVA/questasim/verilog_src/uvm-1.2/src/reg/uvm_reg_predictor.svh(221) @ 1886289000: uvm_test_top.env.ahb_predictor [REG_PREDICT] Observed WRITE transaction to register regmodel.DLL: value='h85 : updated value = 'h85
# UVM_INFO ./../regmodel/uart_reg2ahb_adapter.sv(42) @ 1886289000: reporter [uart_reg2ahb_adapter] bus2reg: address = 0x8 data = 0xc kind = UVM_WRITE status = UVM_IS_OK
# UVM_INFO /ictc/other/tools/QuestaDVA/questasim/verilog_src/uvm-1.2/src/reg/uvm_reg_predictor.svh(221) @ 1886289000: uvm_test_top.env.ahb_predictor [REG_PREDICT] Observed WRITE transaction to register regmodel.DLH: value='hc : updated value = 'hc
# UVM_INFO ./../regmodel/uart_reg2ahb_adapter.sv(42) @ 1886289000: reporter [uart_reg2ahb_adapter] bus2reg: address = 0xc data = 0x2d kind = UVM_WRITE status = UVM_IS_OK
# UVM_INFO /ictc/other/tools/QuestaDVA/questasim/verilog_src/uvm-1.2/src/reg/uvm_reg_predictor.svh(221) @ 1886289000: uvm_test_top.env.ahb_predictor [REG_PREDICT] Observed WRITE transaction to register regmodel.LCR: value='h2d : updated value = 'h2d
# UVM_INFO ./../regmodel/uart_reg2ahb_adapter.sv(42) @ 1886289000: reporter [uart_reg2ahb_adapter] bus2reg: address = 0x10 data = 0x8 kind = UVM_WRITE status = UVM_IS_OK
# UVM_INFO /ictc/other/tools/QuestaDVA/questasim/verilog_src/uvm-1.2/src/reg/uvm_reg_predictor.svh(221) @ 1886289000: uvm_test_top.env.ahb_predictor [REG_PREDICT] Observed WRITE transaction to register regmodel.IER: value='h8 : updated value = 'h8
# ===== Received Data from IER =====
# UVM_INFO ./../regmodel/uart_reg2ahb_adapter.sv(42) @ 1886289000: reporter [uart_reg2ahb_adapter] bus2reg: address = 0x14 data = 0x6 kind = UVM_READ status = UVM_IS_OK
# UVM_INFO /ictc/other/tools/QuestaDVA/questasim/verilog_src/uvm-1.2/src/reg/uvm_reg_predictor.svh(225) @ 1886289000: uvm_test_top.env.ahb_predictor [REG_PREDICT] Observed READ transaction to register regmodel.FSR: value='h6
# UVM_ERROR ./../sequences/ahb_rxd_rx_empty_sequence.sv(130) @ 1886299000: uvm_test_top.env.ahb_agt.sequencer@@rx_empty [ahb_rxd_rx_empty_sequence] 
# ===== FAILED!!! RX_EMPTY_STATUS is not right =====
# UVM_INFO ./../regmodel/uart_reg2ahb_adapter.sv(42) @ 1894630000: reporter [uart_reg2ahb_adapter] bus2reg: address = 0x14 data = 0x6 kind = UVM_READ status = UVM_IS_OK
# UVM_INFO /ictc/other/tools/QuestaDVA/questasim/verilog_src/uvm-1.2/src/reg/uvm_reg_predictor.svh(225) @ 1894630000: uvm_test_top.env.ahb_predictor [REG_PREDICT] Observed READ transaction to register regmodel.FSR: value='h6
# UVM_INFO ./../testcases/uart_rxd_interrupt.sv(40) @ 1904640000: uvm_test_top [uart_rxd_interrupt] -------------------------------------------------------------
# Name                Type                Size  Value          
# -------------------------------------------------------------
# cfg                 uart_configuration  -     @360           
#   parity_mode       parity_mode_e       32    UART_PARITY_ODD
#   sampling          sampling_mode_e     32    MODE_X16       
#   data_width        integral            32    'h6            
#   num_of_stop_bit   integral            32    'h2            
#   baud_rate         integral            32    'h12c0         
#   baud_rate_enable  integral            1     'h0            
#   parity_enable     integral            1     'h0            
#   interrupt_enable  integral            1     'h0            
# -------------------------------------------------------------
# 
# UVM_INFO ./../regmodel/uart_reg2ahb_adapter.sv(42) @ 1904640000: reporter [uart_reg2ahb_adapter] bus2reg: address = 0x0 data = 0x0 kind = UVM_WRITE status = UVM_IS_OK
# UVM_INFO /ictc/other/tools/QuestaDVA/questasim/verilog_src/uvm-1.2/src/reg/uvm_reg_predictor.svh(221) @ 1904640000: uvm_test_top.env.ahb_predictor [REG_PREDICT] Observed WRITE transaction to register regmodel.MDR: value='h0 : updated value = 'h0
# UVM_INFO ./../regmodel/uart_reg2ahb_adapter.sv(42) @ 1904640000: reporter [uart_reg2ahb_adapter] bus2reg: address = 0x4 data = 0x16 kind = UVM_WRITE status = UVM_IS_OK
# UVM_INFO /ictc/other/tools/QuestaDVA/questasim/verilog_src/uvm-1.2/src/reg/uvm_reg_predictor.svh(221) @ 1904640000: uvm_test_top.env.ahb_predictor [REG_PREDICT] Observed WRITE transaction to register regmodel.DLL: value='h16 : updated value = 'h16
# UVM_INFO ./../regmodel/uart_reg2ahb_adapter.sv(42) @ 1904640000: reporter [uart_reg2ahb_adapter] bus2reg: address = 0x8 data = 0x5 kind = UVM_WRITE status = UVM_IS_OK
# UVM_INFO /ictc/other/tools/QuestaDVA/questasim/verilog_src/uvm-1.2/src/reg/uvm_reg_predictor.svh(221) @ 1904640000: uvm_test_top.env.ahb_predictor [REG_PREDICT] Observed WRITE transaction to register regmodel.DLH: value='h5 : updated value = 'h5
# UVM_INFO ./../regmodel/uart_reg2ahb_adapter.sv(42) @ 1904640000: reporter [uart_reg2ahb_adapter] bus2reg: address = 0xc data = 0x2d kind = UVM_WRITE status = UVM_IS_OK
# UVM_INFO /ictc/other/tools/QuestaDVA/questasim/verilog_src/uvm-1.2/src/reg/uvm_reg_predictor.svh(221) @ 1904640000: uvm_test_top.env.ahb_predictor [REG_PREDICT] Observed WRITE transaction to register regmodel.LCR: value='h2d : updated value = 'h2d
# UVM_INFO ./../regmodel/uart_reg2ahb_adapter.sv(42) @ 1904640000: reporter [uart_reg2ahb_adapter] bus2reg: address = 0x10 data = 0x8 kind = UVM_WRITE status = UVM_IS_OK
# UVM_INFO /ictc/other/tools/QuestaDVA/questasim/verilog_src/uvm-1.2/src/reg/uvm_reg_predictor.svh(221) @ 1904640000: uvm_test_top.env.ahb_predictor [REG_PREDICT] Observed WRITE transaction to register regmodel.IER: value='h8 : updated value = 'h8
# ===== Received Data from IER =====
# UVM_INFO ./../regmodel/uart_reg2ahb_adapter.sv(42) @ 1904640000: reporter [uart_reg2ahb_adapter] bus2reg: address = 0x14 data = 0x6 kind = UVM_READ status = UVM_IS_OK
# UVM_INFO /ictc/other/tools/QuestaDVA/questasim/verilog_src/uvm-1.2/src/reg/uvm_reg_predictor.svh(225) @ 1904640000: uvm_test_top.env.ahb_predictor [REG_PREDICT] Observed READ transaction to register regmodel.FSR: value='h6
# UVM_ERROR ./../sequences/ahb_rxd_rx_empty_sequence.sv(130) @ 1904650000: uvm_test_top.env.ahb_agt.sequencer@@rx_empty [ahb_rxd_rx_empty_sequence] 
# ===== FAILED!!! RX_EMPTY_STATUS is not right =====
# UVM_INFO ./../regmodel/uart_reg2ahb_adapter.sv(42) @ 1908820000: reporter [uart_reg2ahb_adapter] bus2reg: address = 0x14 data = 0x6 kind = UVM_READ status = UVM_IS_OK
# UVM_INFO /ictc/other/tools/QuestaDVA/questasim/verilog_src/uvm-1.2/src/reg/uvm_reg_predictor.svh(225) @ 1908820000: uvm_test_top.env.ahb_predictor [REG_PREDICT] Observed READ transaction to register regmodel.FSR: value='h6
# UVM_INFO ./../testcases/uart_rxd_interrupt.sv(40) @ 1918830000: uvm_test_top [uart_rxd_interrupt] -------------------------------------------------------------
# Name                Type                Size  Value          
# -------------------------------------------------------------
# cfg                 uart_configuration  -     @360           
#   parity_mode       parity_mode_e       32    UART_PARITY_ODD
#   sampling          sampling_mode_e     32    MODE_X13       
#   data_width        integral            32    'h6            
#   num_of_stop_bit   integral            32    'h2            
#   baud_rate         integral            32    'h12c0         
#   baud_rate_enable  integral            1     'h0            
#   parity_enable     integral            1     'h0            
#   interrupt_enable  integral            1     'h0            
# -------------------------------------------------------------
# 
# UVM_INFO ./../regmodel/uart_reg2ahb_adapter.sv(42) @ 1918830000: reporter [uart_reg2ahb_adapter] bus2reg: address = 0x0 data = 0x1 kind = UVM_WRITE status = UVM_IS_OK
# UVM_INFO /ictc/other/tools/QuestaDVA/questasim/verilog_src/uvm-1.2/src/reg/uvm_reg_predictor.svh(221) @ 1918830000: uvm_test_top.env.ahb_predictor [REG_PREDICT] Observed WRITE transaction to register regmodel.MDR: value='h1 : updated value = 'h1
# UVM_INFO ./../regmodel/uart_reg2ahb_adapter.sv(42) @ 1918830000: reporter [uart_reg2ahb_adapter] bus2reg: address = 0x4 data = 0x42 kind = UVM_WRITE status = UVM_IS_OK
# UVM_INFO /ictc/other/tools/QuestaDVA/questasim/verilog_src/uvm-1.2/src/reg/uvm_reg_predictor.svh(221) @ 1918830000: uvm_test_top.env.ahb_predictor [REG_PREDICT] Observed WRITE transaction to register regmodel.DLL: value='h42 : updated value = 'h42
# UVM_INFO ./../regmodel/uart_reg2ahb_adapter.sv(42) @ 1918830000: reporter [uart_reg2ahb_adapter] bus2reg: address = 0x8 data = 0x6 kind = UVM_WRITE status = UVM_IS_OK
# UVM_INFO /ictc/other/tools/QuestaDVA/questasim/verilog_src/uvm-1.2/src/reg/uvm_reg_predictor.svh(221) @ 1918830000: uvm_test_top.env.ahb_predictor [REG_PREDICT] Observed WRITE transaction to register regmodel.DLH: value='h6 : updated value = 'h6
# UVM_INFO ./../regmodel/uart_reg2ahb_adapter.sv(42) @ 1918830000: reporter [uart_reg2ahb_adapter] bus2reg: address = 0xc data = 0x2d kind = UVM_WRITE status = UVM_IS_OK
# UVM_INFO /ictc/other/tools/QuestaDVA/questasim/verilog_src/uvm-1.2/src/reg/uvm_reg_predictor.svh(221) @ 1918830000: uvm_test_top.env.ahb_predictor [REG_PREDICT] Observed WRITE transaction to register regmodel.LCR: value='h2d : updated value = 'h2d
# UVM_INFO ./../regmodel/uart_reg2ahb_adapter.sv(42) @ 1918830000: reporter [uart_reg2ahb_adapter] bus2reg: address = 0x10 data = 0x8 kind = UVM_WRITE status = UVM_IS_OK
# UVM_INFO /ictc/other/tools/QuestaDVA/questasim/verilog_src/uvm-1.2/src/reg/uvm_reg_predictor.svh(221) @ 1918830000: uvm_test_top.env.ahb_predictor [REG_PREDICT] Observed WRITE transaction to register regmodel.IER: value='h8 : updated value = 'h8
# ===== Received Data from IER =====
# UVM_INFO ./../regmodel/uart_reg2ahb_adapter.sv(42) @ 1918831000: reporter [uart_reg2ahb_adapter] bus2reg: address = 0x14 data = 0x6 kind = UVM_READ status = UVM_IS_OK
# UVM_INFO /ictc/other/tools/QuestaDVA/questasim/verilog_src/uvm-1.2/src/reg/uvm_reg_predictor.svh(225) @ 1918831000: uvm_test_top.env.ahb_predictor [REG_PREDICT] Observed READ transaction to register regmodel.FSR: value='h6
# UVM_ERROR ./../sequences/ahb_rxd_rx_empty_sequence.sv(130) @ 1918841000: uvm_test_top.env.ahb_agt.sequencer@@rx_empty [ahb_rxd_rx_empty_sequence] 
# ===== FAILED!!! RX_EMPTY_STATUS is not right =====
# UVM_INFO ./../regmodel/uart_reg2ahb_adapter.sv(42) @ 1923011000: reporter [uart_reg2ahb_adapter] bus2reg: address = 0x14 data = 0x6 kind = UVM_READ status = UVM_IS_OK
# UVM_INFO /ictc/other/tools/QuestaDVA/questasim/verilog_src/uvm-1.2/src/reg/uvm_reg_predictor.svh(225) @ 1923011000: uvm_test_top.env.ahb_predictor [REG_PREDICT] Observed READ transaction to register regmodel.FSR: value='h6
# UVM_INFO ./../testcases/uart_rxd_interrupt.sv(40) @ 1933021000: uvm_test_top [uart_rxd_interrupt] -------------------------------------------------------------
# Name                Type                Size  Value          
# -------------------------------------------------------------
# cfg                 uart_configuration  -     @360           
#   parity_mode       parity_mode_e       32    UART_PARITY_ODD
#   sampling          sampling_mode_e     32    MODE_X16       
#   data_width        integral            32    'h6            
#   num_of_stop_bit   integral            32    'h2            
#   baud_rate         integral            32    'h2580         
#   baud_rate_enable  integral            1     'h0            
#   parity_enable     integral            1     'h0            
#   interrupt_enable  integral            1     'h0            
# -------------------------------------------------------------
# 
# UVM_INFO ./../regmodel/uart_reg2ahb_adapter.sv(42) @ 1933021000: reporter [uart_reg2ahb_adapter] bus2reg: address = 0x0 data = 0x0 kind = UVM_WRITE status = UVM_IS_OK
# UVM_INFO /ictc/other/tools/QuestaDVA/questasim/verilog_src/uvm-1.2/src/reg/uvm_reg_predictor.svh(221) @ 1933021000: uvm_test_top.env.ahb_predictor [REG_PREDICT] Observed WRITE transaction to register regmodel.MDR: value='h0 : updated value = 'h0
# UVM_INFO ./../regmodel/uart_reg2ahb_adapter.sv(42) @ 1933021000: reporter [uart_reg2ahb_adapter] bus2reg: address = 0x4 data = 0x8b kind = UVM_WRITE status = UVM_IS_OK
# UVM_INFO /ictc/other/tools/QuestaDVA/questasim/verilog_src/uvm-1.2/src/reg/uvm_reg_predictor.svh(221) @ 1933021000: uvm_test_top.env.ahb_predictor [REG_PREDICT] Observed WRITE transaction to register regmodel.DLL: value='h8b : updated value = 'h8b
# UVM_INFO ./../regmodel/uart_reg2ahb_adapter.sv(42) @ 1933021000: reporter [uart_reg2ahb_adapter] bus2reg: address = 0x8 data = 0x2 kind = UVM_WRITE status = UVM_IS_OK
# UVM_INFO /ictc/other/tools/QuestaDVA/questasim/verilog_src/uvm-1.2/src/reg/uvm_reg_predictor.svh(221) @ 1933021000: uvm_test_top.env.ahb_predictor [REG_PREDICT] Observed WRITE transaction to register regmodel.DLH: value='h2 : updated value = 'h2
# UVM_INFO ./../regmodel/uart_reg2ahb_adapter.sv(42) @ 1933021000: reporter [uart_reg2ahb_adapter] bus2reg: address = 0xc data = 0x2d kind = UVM_WRITE status = UVM_IS_OK
# UVM_INFO /ictc/other/tools/QuestaDVA/questasim/verilog_src/uvm-1.2/src/reg/uvm_reg_predictor.svh(221) @ 1933021000: uvm_test_top.env.ahb_predictor [REG_PREDICT] Observed WRITE transaction to register regmodel.LCR: value='h2d : updated value = 'h2d
# UVM_INFO ./../regmodel/uart_reg2ahb_adapter.sv(42) @ 1933021000: reporter [uart_reg2ahb_adapter] bus2reg: address = 0x10 data = 0x8 kind = UVM_WRITE status = UVM_IS_OK
# UVM_INFO /ictc/other/tools/QuestaDVA/questasim/verilog_src/uvm-1.2/src/reg/uvm_reg_predictor.svh(221) @ 1933021000: uvm_test_top.env.ahb_predictor [REG_PREDICT] Observed WRITE transaction to register regmodel.IER: value='h8 : updated value = 'h8
# ===== Received Data from IER =====
# UVM_INFO ./../regmodel/uart_reg2ahb_adapter.sv(42) @ 1933021000: reporter [uart_reg2ahb_adapter] bus2reg: address = 0x14 data = 0x6 kind = UVM_READ status = UVM_IS_OK
# UVM_INFO /ictc/other/tools/QuestaDVA/questasim/verilog_src/uvm-1.2/src/reg/uvm_reg_predictor.svh(225) @ 1933021000: uvm_test_top.env.ahb_predictor [REG_PREDICT] Observed READ transaction to register regmodel.FSR: value='h6
# UVM_ERROR ./../sequences/ahb_rxd_rx_empty_sequence.sv(130) @ 1933031000: uvm_test_top.env.ahb_agt.sequencer@@rx_empty [ahb_rxd_rx_empty_sequence] 
# ===== FAILED!!! RX_EMPTY_STATUS is not right =====
# UVM_INFO ./../regmodel/uart_reg2ahb_adapter.sv(42) @ 1935111000: reporter [uart_reg2ahb_adapter] bus2reg: address = 0x14 data = 0x6 kind = UVM_READ status = UVM_IS_OK
# UVM_INFO /ictc/other/tools/QuestaDVA/questasim/verilog_src/uvm-1.2/src/reg/uvm_reg_predictor.svh(225) @ 1935111000: uvm_test_top.env.ahb_predictor [REG_PREDICT] Observed READ transaction to register regmodel.FSR: value='h6
# UVM_INFO ./../testcases/uart_rxd_interrupt.sv(40) @ 1945121000: uvm_test_top [uart_rxd_interrupt] -------------------------------------------------------------
# Name                Type                Size  Value          
# -------------------------------------------------------------
# cfg                 uart_configuration  -     @360           
#   parity_mode       parity_mode_e       32    UART_PARITY_ODD
#   sampling          sampling_mode_e     32    MODE_X13       
#   data_width        integral            32    'h6            
#   num_of_stop_bit   integral            32    'h2            
#   baud_rate         integral            32    'h2580         
#   baud_rate_enable  integral            1     'h0            
#   parity_enable     integral            1     'h0            
#   interrupt_enable  integral            1     'h0            
# -------------------------------------------------------------
# 
# UVM_INFO ./../regmodel/uart_reg2ahb_adapter.sv(42) @ 1945121000: reporter [uart_reg2ahb_adapter] bus2reg: address = 0x0 data = 0x1 kind = UVM_WRITE status = UVM_IS_OK
# UVM_INFO /ictc/other/tools/QuestaDVA/questasim/verilog_src/uvm-1.2/src/reg/uvm_reg_predictor.svh(221) @ 1945121000: uvm_test_top.env.ahb_predictor [REG_PREDICT] Observed WRITE transaction to register regmodel.MDR: value='h1 : updated value = 'h1
# UVM_INFO ./../regmodel/uart_reg2ahb_adapter.sv(42) @ 1945121000: reporter [uart_reg2ahb_adapter] bus2reg: address = 0x4 data = 0x21 kind = UVM_WRITE status = UVM_IS_OK
# UVM_INFO /ictc/other/tools/QuestaDVA/questasim/verilog_src/uvm-1.2/src/reg/uvm_reg_predictor.svh(221) @ 1945121000: uvm_test_top.env.ahb_predictor [REG_PREDICT] Observed WRITE transaction to register regmodel.DLL: value='h21 : updated value = 'h21
# UVM_INFO ./../regmodel/uart_reg2ahb_adapter.sv(42) @ 1945121000: reporter [uart_reg2ahb_adapter] bus2reg: address = 0x8 data = 0x3 kind = UVM_WRITE status = UVM_IS_OK
# UVM_INFO /ictc/other/tools/QuestaDVA/questasim/verilog_src/uvm-1.2/src/reg/uvm_reg_predictor.svh(221) @ 1945121000: uvm_test_top.env.ahb_predictor [REG_PREDICT] Observed WRITE transaction to register regmodel.DLH: value='h3 : updated value = 'h3
# UVM_INFO ./../regmodel/uart_reg2ahb_adapter.sv(42) @ 1945121000: reporter [uart_reg2ahb_adapter] bus2reg: address = 0xc data = 0x2d kind = UVM_WRITE status = UVM_IS_OK
# UVM_INFO /ictc/other/tools/QuestaDVA/questasim/verilog_src/uvm-1.2/src/reg/uvm_reg_predictor.svh(221) @ 1945121000: uvm_test_top.env.ahb_predictor [REG_PREDICT] Observed WRITE transaction to register regmodel.LCR: value='h2d : updated value = 'h2d
# UVM_INFO ./../regmodel/uart_reg2ahb_adapter.sv(42) @ 1945122000: reporter [uart_reg2ahb_adapter] bus2reg: address = 0x10 data = 0x8 kind = UVM_WRITE status = UVM_IS_OK
# UVM_INFO /ictc/other/tools/QuestaDVA/questasim/verilog_src/uvm-1.2/src/reg/uvm_reg_predictor.svh(221) @ 1945122000: uvm_test_top.env.ahb_predictor [REG_PREDICT] Observed WRITE transaction to register regmodel.IER: value='h8 : updated value = 'h8
# ===== Received Data from IER =====
# UVM_INFO ./../regmodel/uart_reg2ahb_adapter.sv(42) @ 1945122000: reporter [uart_reg2ahb_adapter] bus2reg: address = 0x14 data = 0x6 kind = UVM_READ status = UVM_IS_OK
# UVM_INFO /ictc/other/tools/QuestaDVA/questasim/verilog_src/uvm-1.2/src/reg/uvm_reg_predictor.svh(225) @ 1945122000: uvm_test_top.env.ahb_predictor [REG_PREDICT] Observed READ transaction to register regmodel.FSR: value='h6
# UVM_ERROR ./../sequences/ahb_rxd_rx_empty_sequence.sv(130) @ 1945132000: uvm_test_top.env.ahb_agt.sequencer@@rx_empty [ahb_rxd_rx_empty_sequence] 
# ===== FAILED!!! RX_EMPTY_STATUS is not right =====
# UVM_INFO ./../regmodel/uart_reg2ahb_adapter.sv(42) @ 1947212000: reporter [uart_reg2ahb_adapter] bus2reg: address = 0x14 data = 0x6 kind = UVM_READ status = UVM_IS_OK
# UVM_INFO /ictc/other/tools/QuestaDVA/questasim/verilog_src/uvm-1.2/src/reg/uvm_reg_predictor.svh(225) @ 1947212000: uvm_test_top.env.ahb_predictor [REG_PREDICT] Observed READ transaction to register regmodel.FSR: value='h6
# UVM_INFO ./../testcases/uart_rxd_interrupt.sv(40) @ 1957222000: uvm_test_top [uart_rxd_interrupt] -------------------------------------------------------------
# Name                Type                Size  Value          
# -------------------------------------------------------------
# cfg                 uart_configuration  -     @360           
#   parity_mode       parity_mode_e       32    UART_PARITY_ODD
#   sampling          sampling_mode_e     32    MODE_X16       
#   data_width        integral            32    'h6            
#   num_of_stop_bit   integral            32    'h2            
#   baud_rate         integral            32    'h4b00         
#   baud_rate_enable  integral            1     'h0            
#   parity_enable     integral            1     'h0            
#   interrupt_enable  integral            1     'h0            
# -------------------------------------------------------------
# 
# UVM_INFO ./../regmodel/uart_reg2ahb_adapter.sv(42) @ 1957222000: reporter [uart_reg2ahb_adapter] bus2reg: address = 0x0 data = 0x0 kind = UVM_WRITE status = UVM_IS_OK
# UVM_INFO /ictc/other/tools/QuestaDVA/questasim/verilog_src/uvm-1.2/src/reg/uvm_reg_predictor.svh(221) @ 1957222000: uvm_test_top.env.ahb_predictor [REG_PREDICT] Observed WRITE transaction to register regmodel.MDR: value='h0 : updated value = 'h0
# UVM_INFO ./../regmodel/uart_reg2ahb_adapter.sv(42) @ 1957222000: reporter [uart_reg2ahb_adapter] bus2reg: address = 0x4 data = 0x45 kind = UVM_WRITE status = UVM_IS_OK
# UVM_INFO /ictc/other/tools/QuestaDVA/questasim/verilog_src/uvm-1.2/src/reg/uvm_reg_predictor.svh(221) @ 1957222000: uvm_test_top.env.ahb_predictor [REG_PREDICT] Observed WRITE transaction to register regmodel.DLL: value='h45 : updated value = 'h45
# UVM_INFO ./../regmodel/uart_reg2ahb_adapter.sv(42) @ 1957222000: reporter [uart_reg2ahb_adapter] bus2reg: address = 0x8 data = 0x1 kind = UVM_WRITE status = UVM_IS_OK
# UVM_INFO /ictc/other/tools/QuestaDVA/questasim/verilog_src/uvm-1.2/src/reg/uvm_reg_predictor.svh(221) @ 1957222000: uvm_test_top.env.ahb_predictor [REG_PREDICT] Observed WRITE transaction to register regmodel.DLH: value='h1 : updated value = 'h1
# UVM_INFO ./../regmodel/uart_reg2ahb_adapter.sv(42) @ 1957222000: reporter [uart_reg2ahb_adapter] bus2reg: address = 0xc data = 0x2d kind = UVM_WRITE status = UVM_IS_OK
# UVM_INFO /ictc/other/tools/QuestaDVA/questasim/verilog_src/uvm-1.2/src/reg/uvm_reg_predictor.svh(221) @ 1957222000: uvm_test_top.env.ahb_predictor [REG_PREDICT] Observed WRITE transaction to register regmodel.LCR: value='h2d : updated value = 'h2d
# UVM_INFO ./../regmodel/uart_reg2ahb_adapter.sv(42) @ 1957222000: reporter [uart_reg2ahb_adapter] bus2reg: address = 0x10 data = 0x8 kind = UVM_WRITE status = UVM_IS_OK
# UVM_INFO /ictc/other/tools/QuestaDVA/questasim/verilog_src/uvm-1.2/src/reg/uvm_reg_predictor.svh(221) @ 1957222000: uvm_test_top.env.ahb_predictor [REG_PREDICT] Observed WRITE transaction to register regmodel.IER: value='h8 : updated value = 'h8
# ===== Received Data from IER =====
# UVM_INFO ./../regmodel/uart_reg2ahb_adapter.sv(42) @ 1957222000: reporter [uart_reg2ahb_adapter] bus2reg: address = 0x14 data = 0x6 kind = UVM_READ status = UVM_IS_OK
# UVM_INFO /ictc/other/tools/QuestaDVA/questasim/verilog_src/uvm-1.2/src/reg/uvm_reg_predictor.svh(225) @ 1957222000: uvm_test_top.env.ahb_predictor [REG_PREDICT] Observed READ transaction to register regmodel.FSR: value='h6
# UVM_ERROR ./../sequences/ahb_rxd_rx_empty_sequence.sv(130) @ 1957232000: uvm_test_top.env.ahb_agt.sequencer@@rx_empty [ahb_rxd_rx_empty_sequence] 
# ===== FAILED!!! RX_EMPTY_STATUS is not right =====
# UVM_INFO ./../regmodel/uart_reg2ahb_adapter.sv(42) @ 1958272000: reporter [uart_reg2ahb_adapter] bus2reg: address = 0x14 data = 0x6 kind = UVM_READ status = UVM_IS_OK
# UVM_INFO /ictc/other/tools/QuestaDVA/questasim/verilog_src/uvm-1.2/src/reg/uvm_reg_predictor.svh(225) @ 1958272000: uvm_test_top.env.ahb_predictor [REG_PREDICT] Observed READ transaction to register regmodel.FSR: value='h6
# UVM_INFO ./../testcases/uart_rxd_interrupt.sv(40) @ 1968282000: uvm_test_top [uart_rxd_interrupt] -------------------------------------------------------------
# Name                Type                Size  Value          
# -------------------------------------------------------------
# cfg                 uart_configuration  -     @360           
#   parity_mode       parity_mode_e       32    UART_PARITY_ODD
#   sampling          sampling_mode_e     32    MODE_X13       
#   data_width        integral            32    'h6            
#   num_of_stop_bit   integral            32    'h2            
#   baud_rate         integral            32    'h4b00         
#   baud_rate_enable  integral            1     'h0            
#   parity_enable     integral            1     'h0            
#   interrupt_enable  integral            1     'h0            
# -------------------------------------------------------------
# 
# UVM_INFO ./../regmodel/uart_reg2ahb_adapter.sv(42) @ 1968282000: reporter [uart_reg2ahb_adapter] bus2reg: address = 0x0 data = 0x1 kind = UVM_WRITE status = UVM_IS_OK
# UVM_INFO /ictc/other/tools/QuestaDVA/questasim/verilog_src/uvm-1.2/src/reg/uvm_reg_predictor.svh(221) @ 1968282000: uvm_test_top.env.ahb_predictor [REG_PREDICT] Observed WRITE transaction to register regmodel.MDR: value='h1 : updated value = 'h1
# UVM_INFO ./../regmodel/uart_reg2ahb_adapter.sv(42) @ 1968282000: reporter [uart_reg2ahb_adapter] bus2reg: address = 0x4 data = 0x91 kind = UVM_WRITE status = UVM_IS_OK
# UVM_INFO /ictc/other/tools/QuestaDVA/questasim/verilog_src/uvm-1.2/src/reg/uvm_reg_predictor.svh(221) @ 1968282000: uvm_test_top.env.ahb_predictor [REG_PREDICT] Observed WRITE transaction to register regmodel.DLL: value='h91 : updated value = 'h91
# UVM_INFO ./../regmodel/uart_reg2ahb_adapter.sv(42) @ 1968283000: reporter [uart_reg2ahb_adapter] bus2reg: address = 0x8 data = 0x1 kind = UVM_WRITE status = UVM_IS_OK
# UVM_INFO /ictc/other/tools/QuestaDVA/questasim/verilog_src/uvm-1.2/src/reg/uvm_reg_predictor.svh(221) @ 1968283000: uvm_test_top.env.ahb_predictor [REG_PREDICT] Observed WRITE transaction to register regmodel.DLH: value='h1 : updated value = 'h1
# UVM_INFO ./../regmodel/uart_reg2ahb_adapter.sv(42) @ 1968283000: reporter [uart_reg2ahb_adapter] bus2reg: address = 0xc data = 0x2d kind = UVM_WRITE status = UVM_IS_OK
# UVM_INFO /ictc/other/tools/QuestaDVA/questasim/verilog_src/uvm-1.2/src/reg/uvm_reg_predictor.svh(221) @ 1968283000: uvm_test_top.env.ahb_predictor [REG_PREDICT] Observed WRITE transaction to register regmodel.LCR: value='h2d : updated value = 'h2d
# UVM_INFO ./../regmodel/uart_reg2ahb_adapter.sv(42) @ 1968283000: reporter [uart_reg2ahb_adapter] bus2reg: address = 0x10 data = 0x8 kind = UVM_WRITE status = UVM_IS_OK
# UVM_INFO /ictc/other/tools/QuestaDVA/questasim/verilog_src/uvm-1.2/src/reg/uvm_reg_predictor.svh(221) @ 1968283000: uvm_test_top.env.ahb_predictor [REG_PREDICT] Observed WRITE transaction to register regmodel.IER: value='h8 : updated value = 'h8
# ===== Received Data from IER =====
# UVM_INFO ./../regmodel/uart_reg2ahb_adapter.sv(42) @ 1968283000: reporter [uart_reg2ahb_adapter] bus2reg: address = 0x14 data = 0x6 kind = UVM_READ status = UVM_IS_OK
# UVM_INFO /ictc/other/tools/QuestaDVA/questasim/verilog_src/uvm-1.2/src/reg/uvm_reg_predictor.svh(225) @ 1968283000: uvm_test_top.env.ahb_predictor [REG_PREDICT] Observed READ transaction to register regmodel.FSR: value='h6
# UVM_ERROR ./../sequences/ahb_rxd_rx_empty_sequence.sv(130) @ 1968293000: uvm_test_top.env.ahb_agt.sequencer@@rx_empty [ahb_rxd_rx_empty_sequence] 
# ===== FAILED!!! RX_EMPTY_STATUS is not right =====
# UVM_INFO ./../regmodel/uart_reg2ahb_adapter.sv(42) @ 1969333000: reporter [uart_reg2ahb_adapter] bus2reg: address = 0x14 data = 0x6 kind = UVM_READ status = UVM_IS_OK
# UVM_INFO /ictc/other/tools/QuestaDVA/questasim/verilog_src/uvm-1.2/src/reg/uvm_reg_predictor.svh(225) @ 1969333000: uvm_test_top.env.ahb_predictor [REG_PREDICT] Observed READ transaction to register regmodel.FSR: value='h6
# UVM_INFO ./../testcases/uart_rxd_interrupt.sv(40) @ 1979343000: uvm_test_top [uart_rxd_interrupt] -------------------------------------------------------------
# Name                Type                Size  Value          
# -------------------------------------------------------------
# cfg                 uart_configuration  -     @360           
#   parity_mode       parity_mode_e       32    UART_PARITY_ODD
#   sampling          sampling_mode_e     32    MODE_X16       
#   data_width        integral            32    'h6            
#   num_of_stop_bit   integral            32    'h2            
#   baud_rate         integral            32    'h9600         
#   baud_rate_enable  integral            1     'h0            
#   parity_enable     integral            1     'h0            
#   interrupt_enable  integral            1     'h0            
# -------------------------------------------------------------
# 
# UVM_INFO ./../regmodel/uart_reg2ahb_adapter.sv(42) @ 1979343000: reporter [uart_reg2ahb_adapter] bus2reg: address = 0x0 data = 0x0 kind = UVM_WRITE status = UVM_IS_OK
# UVM_INFO /ictc/other/tools/QuestaDVA/questasim/verilog_src/uvm-1.2/src/reg/uvm_reg_predictor.svh(221) @ 1979343000: uvm_test_top.env.ahb_predictor [REG_PREDICT] Observed WRITE transaction to register regmodel.MDR: value='h0 : updated value = 'h0
# UVM_INFO ./../regmodel/uart_reg2ahb_adapter.sv(42) @ 1979343000: reporter [uart_reg2ahb_adapter] bus2reg: address = 0x4 data = 0xa4 kind = UVM_WRITE status = UVM_IS_OK
# UVM_INFO /ictc/other/tools/QuestaDVA/questasim/verilog_src/uvm-1.2/src/reg/uvm_reg_predictor.svh(221) @ 1979343000: uvm_test_top.env.ahb_predictor [REG_PREDICT] Observed WRITE transaction to register regmodel.DLL: value='ha4 : updated value = 'ha4
# UVM_INFO ./../regmodel/uart_reg2ahb_adapter.sv(42) @ 1979343000: reporter [uart_reg2ahb_adapter] bus2reg: address = 0x8 data = 0x0 kind = UVM_WRITE status = UVM_IS_OK
# UVM_INFO /ictc/other/tools/QuestaDVA/questasim/verilog_src/uvm-1.2/src/reg/uvm_reg_predictor.svh(221) @ 1979343000: uvm_test_top.env.ahb_predictor [REG_PREDICT] Observed WRITE transaction to register regmodel.DLH: value='h0 : updated value = 'h0
# UVM_INFO ./../regmodel/uart_reg2ahb_adapter.sv(42) @ 1979343000: reporter [uart_reg2ahb_adapter] bus2reg: address = 0xc data = 0x2d kind = UVM_WRITE status = UVM_IS_OK
# UVM_INFO /ictc/other/tools/QuestaDVA/questasim/verilog_src/uvm-1.2/src/reg/uvm_reg_predictor.svh(221) @ 1979343000: uvm_test_top.env.ahb_predictor [REG_PREDICT] Observed WRITE transaction to register regmodel.LCR: value='h2d : updated value = 'h2d
# UVM_INFO ./../regmodel/uart_reg2ahb_adapter.sv(42) @ 1979343000: reporter [uart_reg2ahb_adapter] bus2reg: address = 0x10 data = 0x8 kind = UVM_WRITE status = UVM_IS_OK
# UVM_INFO /ictc/other/tools/QuestaDVA/questasim/verilog_src/uvm-1.2/src/reg/uvm_reg_predictor.svh(221) @ 1979343000: uvm_test_top.env.ahb_predictor [REG_PREDICT] Observed WRITE transaction to register regmodel.IER: value='h8 : updated value = 'h8
# ===== Received Data from IER =====
# UVM_INFO ./../regmodel/uart_reg2ahb_adapter.sv(42) @ 1979343000: reporter [uart_reg2ahb_adapter] bus2reg: address = 0x14 data = 0x6 kind = UVM_READ status = UVM_IS_OK
# UVM_INFO /ictc/other/tools/QuestaDVA/questasim/verilog_src/uvm-1.2/src/reg/uvm_reg_predictor.svh(225) @ 1979343000: uvm_test_top.env.ahb_predictor [REG_PREDICT] Observed READ transaction to register regmodel.FSR: value='h6
# UVM_ERROR ./../sequences/ahb_rxd_rx_empty_sequence.sv(130) @ 1979353000: uvm_test_top.env.ahb_agt.sequencer@@rx_empty [ahb_rxd_rx_empty_sequence] 
# ===== FAILED!!! RX_EMPTY_STATUS is not right =====
# UVM_INFO ./../regmodel/uart_reg2ahb_adapter.sv(42) @ 1979873000: reporter [uart_reg2ahb_adapter] bus2reg: address = 0x14 data = 0x6 kind = UVM_READ status = UVM_IS_OK
# UVM_INFO /ictc/other/tools/QuestaDVA/questasim/verilog_src/uvm-1.2/src/reg/uvm_reg_predictor.svh(225) @ 1979873000: uvm_test_top.env.ahb_predictor [REG_PREDICT] Observed READ transaction to register regmodel.FSR: value='h6
# UVM_INFO ./../testcases/uart_rxd_interrupt.sv(40) @ 1989883000: uvm_test_top [uart_rxd_interrupt] -------------------------------------------------------------
# Name                Type                Size  Value          
# -------------------------------------------------------------
# cfg                 uart_configuration  -     @360           
#   parity_mode       parity_mode_e       32    UART_PARITY_ODD
#   sampling          sampling_mode_e     32    MODE_X13       
#   data_width        integral            32    'h6            
#   num_of_stop_bit   integral            32    'h2            
#   baud_rate         integral            32    'h9600         
#   baud_rate_enable  integral            1     'h0            
#   parity_enable     integral            1     'h0            
#   interrupt_enable  integral            1     'h0            
# -------------------------------------------------------------
# 
# UVM_INFO ./../regmodel/uart_reg2ahb_adapter.sv(42) @ 1989883000: reporter [uart_reg2ahb_adapter] bus2reg: address = 0x0 data = 0x1 kind = UVM_WRITE status = UVM_IS_OK
# UVM_INFO /ictc/other/tools/QuestaDVA/questasim/verilog_src/uvm-1.2/src/reg/uvm_reg_predictor.svh(221) @ 1989883000: uvm_test_top.env.ahb_predictor [REG_PREDICT] Observed WRITE transaction to register regmodel.MDR: value='h1 : updated value = 'h1
# UVM_INFO ./../regmodel/uart_reg2ahb_adapter.sv(42) @ 1989884000: reporter [uart_reg2ahb_adapter] bus2reg: address = 0x4 data = 0xc8 kind = UVM_WRITE status = UVM_IS_OK
# UVM_INFO /ictc/other/tools/QuestaDVA/questasim/verilog_src/uvm-1.2/src/reg/uvm_reg_predictor.svh(221) @ 1989884000: uvm_test_top.env.ahb_predictor [REG_PREDICT] Observed WRITE transaction to register regmodel.DLL: value='hc8 : updated value = 'hc8
# UVM_INFO ./../regmodel/uart_reg2ahb_adapter.sv(42) @ 1989884000: reporter [uart_reg2ahb_adapter] bus2reg: address = 0x8 data = 0x0 kind = UVM_WRITE status = UVM_IS_OK
# UVM_INFO /ictc/other/tools/QuestaDVA/questasim/verilog_src/uvm-1.2/src/reg/uvm_reg_predictor.svh(221) @ 1989884000: uvm_test_top.env.ahb_predictor [REG_PREDICT] Observed WRITE transaction to register regmodel.DLH: value='h0 : updated value = 'h0
# UVM_INFO ./../regmodel/uart_reg2ahb_adapter.sv(42) @ 1989884000: reporter [uart_reg2ahb_adapter] bus2reg: address = 0xc data = 0x2d kind = UVM_WRITE status = UVM_IS_OK
# UVM_INFO /ictc/other/tools/QuestaDVA/questasim/verilog_src/uvm-1.2/src/reg/uvm_reg_predictor.svh(221) @ 1989884000: uvm_test_top.env.ahb_predictor [REG_PREDICT] Observed WRITE transaction to register regmodel.LCR: value='h2d : updated value = 'h2d
# UVM_INFO ./../regmodel/uart_reg2ahb_adapter.sv(42) @ 1989884000: reporter [uart_reg2ahb_adapter] bus2reg: address = 0x10 data = 0x8 kind = UVM_WRITE status = UVM_IS_OK
# UVM_INFO /ictc/other/tools/QuestaDVA/questasim/verilog_src/uvm-1.2/src/reg/uvm_reg_predictor.svh(221) @ 1989884000: uvm_test_top.env.ahb_predictor [REG_PREDICT] Observed WRITE transaction to register regmodel.IER: value='h8 : updated value = 'h8
# ===== Received Data from IER =====
# UVM_INFO ./../regmodel/uart_reg2ahb_adapter.sv(42) @ 1989884000: reporter [uart_reg2ahb_adapter] bus2reg: address = 0x14 data = 0x6 kind = UVM_READ status = UVM_IS_OK
# UVM_INFO /ictc/other/tools/QuestaDVA/questasim/verilog_src/uvm-1.2/src/reg/uvm_reg_predictor.svh(225) @ 1989884000: uvm_test_top.env.ahb_predictor [REG_PREDICT] Observed READ transaction to register regmodel.FSR: value='h6
# UVM_ERROR ./../sequences/ahb_rxd_rx_empty_sequence.sv(130) @ 1989894000: uvm_test_top.env.ahb_agt.sequencer@@rx_empty [ahb_rxd_rx_empty_sequence] 
# ===== FAILED!!! RX_EMPTY_STATUS is not right =====
# UVM_INFO ./../regmodel/uart_reg2ahb_adapter.sv(42) @ 1990414000: reporter [uart_reg2ahb_adapter] bus2reg: address = 0x14 data = 0x6 kind = UVM_READ status = UVM_IS_OK
# UVM_INFO /ictc/other/tools/QuestaDVA/questasim/verilog_src/uvm-1.2/src/reg/uvm_reg_predictor.svh(225) @ 1990414000: uvm_test_top.env.ahb_predictor [REG_PREDICT] Observed READ transaction to register regmodel.FSR: value='h6
# UVM_INFO ./../testcases/uart_rxd_interrupt.sv(40) @ 2000424000: uvm_test_top [uart_rxd_interrupt] -------------------------------------------------------------
# Name                Type                Size  Value          
# -------------------------------------------------------------
# cfg                 uart_configuration  -     @360           
#   parity_mode       parity_mode_e       32    UART_PARITY_ODD
#   sampling          sampling_mode_e     32    MODE_X16       
#   data_width        integral            32    'h6            
#   num_of_stop_bit   integral            32    'h2            
#   baud_rate         integral            32    'h12c00        
#   baud_rate_enable  integral            1     'h0            
#   parity_enable     integral            1     'h0            
#   interrupt_enable  integral            1     'h0            
# -------------------------------------------------------------
# 
# UVM_INFO ./../regmodel/uart_reg2ahb_adapter.sv(42) @ 2000424000: reporter [uart_reg2ahb_adapter] bus2reg: address = 0x0 data = 0x0 kind = UVM_WRITE status = UVM_IS_OK
# UVM_INFO /ictc/other/tools/QuestaDVA/questasim/verilog_src/uvm-1.2/src/reg/uvm_reg_predictor.svh(221) @ 2000424000: uvm_test_top.env.ahb_predictor [REG_PREDICT] Observed WRITE transaction to register regmodel.MDR: value='h0 : updated value = 'h0
# UVM_INFO ./../regmodel/uart_reg2ahb_adapter.sv(42) @ 2000424000: reporter [uart_reg2ahb_adapter] bus2reg: address = 0x4 data = 0x51 kind = UVM_WRITE status = UVM_IS_OK
# UVM_INFO /ictc/other/tools/QuestaDVA/questasim/verilog_src/uvm-1.2/src/reg/uvm_reg_predictor.svh(221) @ 2000424000: uvm_test_top.env.ahb_predictor [REG_PREDICT] Observed WRITE transaction to register regmodel.DLL: value='h51 : updated value = 'h51
# UVM_INFO ./../regmodel/uart_reg2ahb_adapter.sv(42) @ 2000424000: reporter [uart_reg2ahb_adapter] bus2reg: address = 0x8 data = 0x0 kind = UVM_WRITE status = UVM_IS_OK
# UVM_INFO /ictc/other/tools/QuestaDVA/questasim/verilog_src/uvm-1.2/src/reg/uvm_reg_predictor.svh(221) @ 2000424000: uvm_test_top.env.ahb_predictor [REG_PREDICT] Observed WRITE transaction to register regmodel.DLH: value='h0 : updated value = 'h0
# UVM_INFO ./../regmodel/uart_reg2ahb_adapter.sv(42) @ 2000424000: reporter [uart_reg2ahb_adapter] bus2reg: address = 0xc data = 0x2d kind = UVM_WRITE status = UVM_IS_OK
# UVM_INFO /ictc/other/tools/QuestaDVA/questasim/verilog_src/uvm-1.2/src/reg/uvm_reg_predictor.svh(221) @ 2000424000: uvm_test_top.env.ahb_predictor [REG_PREDICT] Observed WRITE transaction to register regmodel.LCR: value='h2d : updated value = 'h2d
# UVM_INFO ./../regmodel/uart_reg2ahb_adapter.sv(42) @ 2000424000: reporter [uart_reg2ahb_adapter] bus2reg: address = 0x10 data = 0x8 kind = UVM_WRITE status = UVM_IS_OK
# UVM_INFO /ictc/other/tools/QuestaDVA/questasim/verilog_src/uvm-1.2/src/reg/uvm_reg_predictor.svh(221) @ 2000424000: uvm_test_top.env.ahb_predictor [REG_PREDICT] Observed WRITE transaction to register regmodel.IER: value='h8 : updated value = 'h8
# ===== Received Data from IER =====
# UVM_INFO ./../regmodel/uart_reg2ahb_adapter.sv(42) @ 2000424000: reporter [uart_reg2ahb_adapter] bus2reg: address = 0x14 data = 0x6 kind = UVM_READ status = UVM_IS_OK
# UVM_INFO /ictc/other/tools/QuestaDVA/questasim/verilog_src/uvm-1.2/src/reg/uvm_reg_predictor.svh(225) @ 2000424000: uvm_test_top.env.ahb_predictor [REG_PREDICT] Observed READ transaction to register regmodel.FSR: value='h6
# UVM_ERROR ./../sequences/ahb_rxd_rx_empty_sequence.sv(130) @ 2000434000: uvm_test_top.env.ahb_agt.sequencer@@rx_empty [ahb_rxd_rx_empty_sequence] 
# ===== FAILED!!! RX_EMPTY_STATUS is not right =====
# UVM_INFO ./../regmodel/uart_reg2ahb_adapter.sv(42) @ 2000695000: reporter [uart_reg2ahb_adapter] bus2reg: address = 0x14 data = 0x6 kind = UVM_READ status = UVM_IS_OK
# UVM_INFO /ictc/other/tools/QuestaDVA/questasim/verilog_src/uvm-1.2/src/reg/uvm_reg_predictor.svh(225) @ 2000695000: uvm_test_top.env.ahb_predictor [REG_PREDICT] Observed READ transaction to register regmodel.FSR: value='h6
# UVM_INFO ./../testcases/uart_rxd_interrupt.sv(40) @ 2010705000: uvm_test_top [uart_rxd_interrupt] -------------------------------------------------------------
# Name                Type                Size  Value          
# -------------------------------------------------------------
# cfg                 uart_configuration  -     @360           
#   parity_mode       parity_mode_e       32    UART_PARITY_ODD
#   sampling          sampling_mode_e     32    MODE_X13       
#   data_width        integral            32    'h6            
#   num_of_stop_bit   integral            32    'h2            
#   baud_rate         integral            32    'h12c00        
#   baud_rate_enable  integral            1     'h0            
#   parity_enable     integral            1     'h0            
#   interrupt_enable  integral            1     'h0            
# -------------------------------------------------------------
# 
# UVM_INFO ./../regmodel/uart_reg2ahb_adapter.sv(42) @ 2010705000: reporter [uart_reg2ahb_adapter] bus2reg: address = 0x0 data = 0x1 kind = UVM_WRITE status = UVM_IS_OK
# UVM_INFO /ictc/other/tools/QuestaDVA/questasim/verilog_src/uvm-1.2/src/reg/uvm_reg_predictor.svh(221) @ 2010705000: uvm_test_top.env.ahb_predictor [REG_PREDICT] Observed WRITE transaction to register regmodel.MDR: value='h1 : updated value = 'h1
# UVM_INFO ./../regmodel/uart_reg2ahb_adapter.sv(42) @ 2010705000: reporter [uart_reg2ahb_adapter] bus2reg: address = 0x4 data = 0x64 kind = UVM_WRITE status = UVM_IS_OK
# UVM_INFO /ictc/other/tools/QuestaDVA/questasim/verilog_src/uvm-1.2/src/reg/uvm_reg_predictor.svh(221) @ 2010705000: uvm_test_top.env.ahb_predictor [REG_PREDICT] Observed WRITE transaction to register regmodel.DLL: value='h64 : updated value = 'h64
# UVM_INFO ./../regmodel/uart_reg2ahb_adapter.sv(42) @ 2010705000: reporter [uart_reg2ahb_adapter] bus2reg: address = 0x8 data = 0x0 kind = UVM_WRITE status = UVM_IS_OK
# UVM_INFO /ictc/other/tools/QuestaDVA/questasim/verilog_src/uvm-1.2/src/reg/uvm_reg_predictor.svh(221) @ 2010705000: uvm_test_top.env.ahb_predictor [REG_PREDICT] Observed WRITE transaction to register regmodel.DLH: value='h0 : updated value = 'h0
# UVM_INFO ./../regmodel/uart_reg2ahb_adapter.sv(42) @ 2010705000: reporter [uart_reg2ahb_adapter] bus2reg: address = 0xc data = 0x2d kind = UVM_WRITE status = UVM_IS_OK
# UVM_INFO /ictc/other/tools/QuestaDVA/questasim/verilog_src/uvm-1.2/src/reg/uvm_reg_predictor.svh(221) @ 2010705000: uvm_test_top.env.ahb_predictor [REG_PREDICT] Observed WRITE transaction to register regmodel.LCR: value='h2d : updated value = 'h2d
# UVM_INFO ./../regmodel/uart_reg2ahb_adapter.sv(42) @ 2010705000: reporter [uart_reg2ahb_adapter] bus2reg: address = 0x10 data = 0x8 kind = UVM_WRITE status = UVM_IS_OK
# UVM_INFO /ictc/other/tools/QuestaDVA/questasim/verilog_src/uvm-1.2/src/reg/uvm_reg_predictor.svh(221) @ 2010705000: uvm_test_top.env.ahb_predictor [REG_PREDICT] Observed WRITE transaction to register regmodel.IER: value='h8 : updated value = 'h8
# ===== Received Data from IER =====
# UVM_INFO ./../regmodel/uart_reg2ahb_adapter.sv(42) @ 2010705000: reporter [uart_reg2ahb_adapter] bus2reg: address = 0x14 data = 0x6 kind = UVM_READ status = UVM_IS_OK
# UVM_INFO /ictc/other/tools/QuestaDVA/questasim/verilog_src/uvm-1.2/src/reg/uvm_reg_predictor.svh(225) @ 2010705000: uvm_test_top.env.ahb_predictor [REG_PREDICT] Observed READ transaction to register regmodel.FSR: value='h6
# UVM_ERROR ./../sequences/ahb_rxd_rx_empty_sequence.sv(130) @ 2010715000: uvm_test_top.env.ahb_agt.sequencer@@rx_empty [ahb_rxd_rx_empty_sequence] 
# ===== FAILED!!! RX_EMPTY_STATUS is not right =====
# UVM_INFO ./../regmodel/uart_reg2ahb_adapter.sv(42) @ 2010975000: reporter [uart_reg2ahb_adapter] bus2reg: address = 0x14 data = 0x6 kind = UVM_READ status = UVM_IS_OK
# UVM_INFO /ictc/other/tools/QuestaDVA/questasim/verilog_src/uvm-1.2/src/reg/uvm_reg_predictor.svh(225) @ 2010975000: uvm_test_top.env.ahb_predictor [REG_PREDICT] Observed READ transaction to register regmodel.FSR: value='h6
# UVM_INFO ./../testcases/uart_rxd_interrupt.sv(40) @ 2020985000: uvm_test_top [uart_rxd_interrupt] -------------------------------------------------------------
# Name                Type                Size  Value          
# -------------------------------------------------------------
# cfg                 uart_configuration  -     @360           
#   parity_mode       parity_mode_e       32    UART_PARITY_ODD
#   sampling          sampling_mode_e     32    MODE_X16       
#   data_width        integral            32    'h6            
#   num_of_stop_bit   integral            32    'h2            
#   baud_rate         integral            32    'h1c200        
#   baud_rate_enable  integral            1     'h0            
#   parity_enable     integral            1     'h0            
#   interrupt_enable  integral            1     'h0            
# -------------------------------------------------------------
# 
# UVM_INFO ./../regmodel/uart_reg2ahb_adapter.sv(42) @ 2020985000: reporter [uart_reg2ahb_adapter] bus2reg: address = 0x0 data = 0x0 kind = UVM_WRITE status = UVM_IS_OK
# UVM_INFO /ictc/other/tools/QuestaDVA/questasim/verilog_src/uvm-1.2/src/reg/uvm_reg_predictor.svh(221) @ 2020985000: uvm_test_top.env.ahb_predictor [REG_PREDICT] Observed WRITE transaction to register regmodel.MDR: value='h0 : updated value = 'h0
# UVM_INFO ./../regmodel/uart_reg2ahb_adapter.sv(42) @ 2020985000: reporter [uart_reg2ahb_adapter] bus2reg: address = 0x4 data = 0x36 kind = UVM_WRITE status = UVM_IS_OK
# UVM_INFO /ictc/other/tools/QuestaDVA/questasim/verilog_src/uvm-1.2/src/reg/uvm_reg_predictor.svh(221) @ 2020985000: uvm_test_top.env.ahb_predictor [REG_PREDICT] Observed WRITE transaction to register regmodel.DLL: value='h36 : updated value = 'h36
# UVM_INFO ./../regmodel/uart_reg2ahb_adapter.sv(42) @ 2020985000: reporter [uart_reg2ahb_adapter] bus2reg: address = 0x8 data = 0x0 kind = UVM_WRITE status = UVM_IS_OK
# UVM_INFO /ictc/other/tools/QuestaDVA/questasim/verilog_src/uvm-1.2/src/reg/uvm_reg_predictor.svh(221) @ 2020985000: uvm_test_top.env.ahb_predictor [REG_PREDICT] Observed WRITE transaction to register regmodel.DLH: value='h0 : updated value = 'h0
# UVM_INFO ./../regmodel/uart_reg2ahb_adapter.sv(42) @ 2020985000: reporter [uart_reg2ahb_adapter] bus2reg: address = 0xc data = 0x2d kind = UVM_WRITE status = UVM_IS_OK
# UVM_INFO /ictc/other/tools/QuestaDVA/questasim/verilog_src/uvm-1.2/src/reg/uvm_reg_predictor.svh(221) @ 2020985000: uvm_test_top.env.ahb_predictor [REG_PREDICT] Observed WRITE transaction to register regmodel.LCR: value='h2d : updated value = 'h2d
# UVM_INFO ./../regmodel/uart_reg2ahb_adapter.sv(42) @ 2020985000: reporter [uart_reg2ahb_adapter] bus2reg: address = 0x10 data = 0x8 kind = UVM_WRITE status = UVM_IS_OK
# UVM_INFO /ictc/other/tools/QuestaDVA/questasim/verilog_src/uvm-1.2/src/reg/uvm_reg_predictor.svh(221) @ 2020985000: uvm_test_top.env.ahb_predictor [REG_PREDICT] Observed WRITE transaction to register regmodel.IER: value='h8 : updated value = 'h8
# ===== Received Data from IER =====
# UVM_INFO ./../regmodel/uart_reg2ahb_adapter.sv(42) @ 2020986000: reporter [uart_reg2ahb_adapter] bus2reg: address = 0x14 data = 0x6 kind = UVM_READ status = UVM_IS_OK
# UVM_INFO /ictc/other/tools/QuestaDVA/questasim/verilog_src/uvm-1.2/src/reg/uvm_reg_predictor.svh(225) @ 2020986000: uvm_test_top.env.ahb_predictor [REG_PREDICT] Observed READ transaction to register regmodel.FSR: value='h6
# UVM_ERROR ./../sequences/ahb_rxd_rx_empty_sequence.sv(130) @ 2020996000: uvm_test_top.env.ahb_agt.sequencer@@rx_empty [ahb_rxd_rx_empty_sequence] 
# ===== FAILED!!! RX_EMPTY_STATUS is not right =====
# UVM_INFO ./../regmodel/uart_reg2ahb_adapter.sv(42) @ 2021166000: reporter [uart_reg2ahb_adapter] bus2reg: address = 0x14 data = 0x6 kind = UVM_READ status = UVM_IS_OK
# UVM_INFO /ictc/other/tools/QuestaDVA/questasim/verilog_src/uvm-1.2/src/reg/uvm_reg_predictor.svh(225) @ 2021166000: uvm_test_top.env.ahb_predictor [REG_PREDICT] Observed READ transaction to register regmodel.FSR: value='h6
# UVM_INFO ./../testcases/uart_rxd_interrupt.sv(40) @ 2031176000: uvm_test_top [uart_rxd_interrupt] -------------------------------------------------------------
# Name                Type                Size  Value          
# -------------------------------------------------------------
# cfg                 uart_configuration  -     @360           
#   parity_mode       parity_mode_e       32    UART_PARITY_ODD
#   sampling          sampling_mode_e     32    MODE_X13       
#   data_width        integral            32    'h6            
#   num_of_stop_bit   integral            32    'h2            
#   baud_rate         integral            32    'h1c200        
#   baud_rate_enable  integral            1     'h0            
#   parity_enable     integral            1     'h0            
#   interrupt_enable  integral            1     'h0            
# -------------------------------------------------------------
# 
# UVM_INFO ./../regmodel/uart_reg2ahb_adapter.sv(42) @ 2031176000: reporter [uart_reg2ahb_adapter] bus2reg: address = 0x0 data = 0x1 kind = UVM_WRITE status = UVM_IS_OK
# UVM_INFO /ictc/other/tools/QuestaDVA/questasim/verilog_src/uvm-1.2/src/reg/uvm_reg_predictor.svh(221) @ 2031176000: uvm_test_top.env.ahb_predictor [REG_PREDICT] Observed WRITE transaction to register regmodel.MDR: value='h1 : updated value = 'h1
# UVM_INFO ./../regmodel/uart_reg2ahb_adapter.sv(42) @ 2031176000: reporter [uart_reg2ahb_adapter] bus2reg: address = 0x4 data = 0x43 kind = UVM_WRITE status = UVM_IS_OK
# UVM_INFO /ictc/other/tools/QuestaDVA/questasim/verilog_src/uvm-1.2/src/reg/uvm_reg_predictor.svh(221) @ 2031176000: uvm_test_top.env.ahb_predictor [REG_PREDICT] Observed WRITE transaction to register regmodel.DLL: value='h43 : updated value = 'h43
# UVM_INFO ./../regmodel/uart_reg2ahb_adapter.sv(42) @ 2031176000: reporter [uart_reg2ahb_adapter] bus2reg: address = 0x8 data = 0x0 kind = UVM_WRITE status = UVM_IS_OK
# UVM_INFO /ictc/other/tools/QuestaDVA/questasim/verilog_src/uvm-1.2/src/reg/uvm_reg_predictor.svh(221) @ 2031176000: uvm_test_top.env.ahb_predictor [REG_PREDICT] Observed WRITE transaction to register regmodel.DLH: value='h0 : updated value = 'h0
# UVM_INFO ./../regmodel/uart_reg2ahb_adapter.sv(42) @ 2031176000: reporter [uart_reg2ahb_adapter] bus2reg: address = 0xc data = 0x2d kind = UVM_WRITE status = UVM_IS_OK
# UVM_INFO /ictc/other/tools/QuestaDVA/questasim/verilog_src/uvm-1.2/src/reg/uvm_reg_predictor.svh(221) @ 2031176000: uvm_test_top.env.ahb_predictor [REG_PREDICT] Observed WRITE transaction to register regmodel.LCR: value='h2d : updated value = 'h2d
# UVM_INFO ./../regmodel/uart_reg2ahb_adapter.sv(42) @ 2031176000: reporter [uart_reg2ahb_adapter] bus2reg: address = 0x10 data = 0x8 kind = UVM_WRITE status = UVM_IS_OK
# UVM_INFO /ictc/other/tools/QuestaDVA/questasim/verilog_src/uvm-1.2/src/reg/uvm_reg_predictor.svh(221) @ 2031176000: uvm_test_top.env.ahb_predictor [REG_PREDICT] Observed WRITE transaction to register regmodel.IER: value='h8 : updated value = 'h8
# ===== Received Data from IER =====
# UVM_INFO ./../regmodel/uart_reg2ahb_adapter.sv(42) @ 2031176000: reporter [uart_reg2ahb_adapter] bus2reg: address = 0x14 data = 0x6 kind = UVM_READ status = UVM_IS_OK
# UVM_INFO /ictc/other/tools/QuestaDVA/questasim/verilog_src/uvm-1.2/src/reg/uvm_reg_predictor.svh(225) @ 2031176000: uvm_test_top.env.ahb_predictor [REG_PREDICT] Observed READ transaction to register regmodel.FSR: value='h6
# UVM_ERROR ./../sequences/ahb_rxd_rx_empty_sequence.sv(130) @ 2031186000: uvm_test_top.env.ahb_agt.sequencer@@rx_empty [ahb_rxd_rx_empty_sequence] 
# ===== FAILED!!! RX_EMPTY_STATUS is not right =====
# UVM_INFO ./../regmodel/uart_reg2ahb_adapter.sv(42) @ 2031356000: reporter [uart_reg2ahb_adapter] bus2reg: address = 0x14 data = 0x6 kind = UVM_READ status = UVM_IS_OK
# UVM_INFO /ictc/other/tools/QuestaDVA/questasim/verilog_src/uvm-1.2/src/reg/uvm_reg_predictor.svh(225) @ 2031356000: uvm_test_top.env.ahb_predictor [REG_PREDICT] Observed READ transaction to register regmodel.FSR: value='h6
# UVM_INFO ./../testcases/uart_rxd_interrupt.sv(40) @ 2041366000: uvm_test_top [uart_rxd_interrupt] -------------------------------------------------------------
# Name                Type                Size  Value          
# -------------------------------------------------------------
# cfg                 uart_configuration  -     @360           
#   parity_mode       parity_mode_e       32    UART_PARITY_ODD
#   sampling          sampling_mode_e     32    MODE_X16       
#   data_width        integral            32    'h7            
#   num_of_stop_bit   integral            32    'h1            
#   baud_rate         integral            32    'h960          
#   baud_rate_enable  integral            1     'h0            
#   parity_enable     integral            1     'h0            
#   interrupt_enable  integral            1     'h0            
# -------------------------------------------------------------
# 
# UVM_INFO ./../regmodel/uart_reg2ahb_adapter.sv(42) @ 2041366000: reporter [uart_reg2ahb_adapter] bus2reg: address = 0x0 data = 0x0 kind = UVM_WRITE status = UVM_IS_OK
# UVM_INFO /ictc/other/tools/QuestaDVA/questasim/verilog_src/uvm-1.2/src/reg/uvm_reg_predictor.svh(221) @ 2041366000: uvm_test_top.env.ahb_predictor [REG_PREDICT] Observed WRITE transaction to register regmodel.MDR: value='h0 : updated value = 'h0
# UVM_INFO ./../regmodel/uart_reg2ahb_adapter.sv(42) @ 2041366000: reporter [uart_reg2ahb_adapter] bus2reg: address = 0x4 data = 0x2c kind = UVM_WRITE status = UVM_IS_OK
# UVM_INFO /ictc/other/tools/QuestaDVA/questasim/verilog_src/uvm-1.2/src/reg/uvm_reg_predictor.svh(221) @ 2041366000: uvm_test_top.env.ahb_predictor [REG_PREDICT] Observed WRITE transaction to register regmodel.DLL: value='h2c : updated value = 'h2c
# UVM_INFO ./../regmodel/uart_reg2ahb_adapter.sv(42) @ 2041366000: reporter [uart_reg2ahb_adapter] bus2reg: address = 0x8 data = 0xa kind = UVM_WRITE status = UVM_IS_OK
# UVM_INFO /ictc/other/tools/QuestaDVA/questasim/verilog_src/uvm-1.2/src/reg/uvm_reg_predictor.svh(221) @ 2041366000: uvm_test_top.env.ahb_predictor [REG_PREDICT] Observed WRITE transaction to register regmodel.DLH: value='ha : updated value = 'ha
# UVM_INFO ./../regmodel/uart_reg2ahb_adapter.sv(42) @ 2041367000: reporter [uart_reg2ahb_adapter] bus2reg: address = 0xc data = 0x2a kind = UVM_WRITE status = UVM_IS_OK
# UVM_INFO /ictc/other/tools/QuestaDVA/questasim/verilog_src/uvm-1.2/src/reg/uvm_reg_predictor.svh(221) @ 2041367000: uvm_test_top.env.ahb_predictor [REG_PREDICT] Observed WRITE transaction to register regmodel.LCR: value='h2a : updated value = 'h2a
# UVM_INFO ./../regmodel/uart_reg2ahb_adapter.sv(42) @ 2041367000: reporter [uart_reg2ahb_adapter] bus2reg: address = 0x10 data = 0x8 kind = UVM_WRITE status = UVM_IS_OK
# UVM_INFO /ictc/other/tools/QuestaDVA/questasim/verilog_src/uvm-1.2/src/reg/uvm_reg_predictor.svh(221) @ 2041367000: uvm_test_top.env.ahb_predictor [REG_PREDICT] Observed WRITE transaction to register regmodel.IER: value='h8 : updated value = 'h8
# ===== Received Data from IER =====
# UVM_INFO ./../regmodel/uart_reg2ahb_adapter.sv(42) @ 2041367000: reporter [uart_reg2ahb_adapter] bus2reg: address = 0x14 data = 0x6 kind = UVM_READ status = UVM_IS_OK
# UVM_INFO /ictc/other/tools/QuestaDVA/questasim/verilog_src/uvm-1.2/src/reg/uvm_reg_predictor.svh(225) @ 2041367000: uvm_test_top.env.ahb_predictor [REG_PREDICT] Observed READ transaction to register regmodel.FSR: value='h6
# UVM_ERROR ./../sequences/ahb_rxd_rx_empty_sequence.sv(130) @ 2041377000: uvm_test_top.env.ahb_agt.sequencer@@rx_empty [ahb_rxd_rx_empty_sequence] 
# ===== FAILED!!! RX_EMPTY_STATUS is not right =====
# UVM_INFO ./../regmodel/uart_reg2ahb_adapter.sv(42) @ 2049707000: reporter [uart_reg2ahb_adapter] bus2reg: address = 0x14 data = 0x6 kind = UVM_READ status = UVM_IS_OK
# UVM_INFO /ictc/other/tools/QuestaDVA/questasim/verilog_src/uvm-1.2/src/reg/uvm_reg_predictor.svh(225) @ 2049707000: uvm_test_top.env.ahb_predictor [REG_PREDICT] Observed READ transaction to register regmodel.FSR: value='h6
# UVM_INFO ./../testcases/uart_rxd_interrupt.sv(40) @ 2059717000: uvm_test_top [uart_rxd_interrupt] -------------------------------------------------------------
# Name                Type                Size  Value          
# -------------------------------------------------------------
# cfg                 uart_configuration  -     @360           
#   parity_mode       parity_mode_e       32    UART_PARITY_ODD
#   sampling          sampling_mode_e     32    MODE_X13       
#   data_width        integral            32    'h7            
#   num_of_stop_bit   integral            32    'h1            
#   baud_rate         integral            32    'h960          
#   baud_rate_enable  integral            1     'h0            
#   parity_enable     integral            1     'h0            
#   interrupt_enable  integral            1     'h0            
# -------------------------------------------------------------
# 
# UVM_INFO ./../regmodel/uart_reg2ahb_adapter.sv(42) @ 2059717000: reporter [uart_reg2ahb_adapter] bus2reg: address = 0x0 data = 0x1 kind = UVM_WRITE status = UVM_IS_OK
# UVM_INFO /ictc/other/tools/QuestaDVA/questasim/verilog_src/uvm-1.2/src/reg/uvm_reg_predictor.svh(221) @ 2059717000: uvm_test_top.env.ahb_predictor [REG_PREDICT] Observed WRITE transaction to register regmodel.MDR: value='h1 : updated value = 'h1
# UVM_INFO ./../regmodel/uart_reg2ahb_adapter.sv(42) @ 2059717000: reporter [uart_reg2ahb_adapter] bus2reg: address = 0x4 data = 0x85 kind = UVM_WRITE status = UVM_IS_OK
# UVM_INFO /ictc/other/tools/QuestaDVA/questasim/verilog_src/uvm-1.2/src/reg/uvm_reg_predictor.svh(221) @ 2059717000: uvm_test_top.env.ahb_predictor [REG_PREDICT] Observed WRITE transaction to register regmodel.DLL: value='h85 : updated value = 'h85
# UVM_INFO ./../regmodel/uart_reg2ahb_adapter.sv(42) @ 2059717000: reporter [uart_reg2ahb_adapter] bus2reg: address = 0x8 data = 0xc kind = UVM_WRITE status = UVM_IS_OK
# UVM_INFO /ictc/other/tools/QuestaDVA/questasim/verilog_src/uvm-1.2/src/reg/uvm_reg_predictor.svh(221) @ 2059717000: uvm_test_top.env.ahb_predictor [REG_PREDICT] Observed WRITE transaction to register regmodel.DLH: value='hc : updated value = 'hc
# UVM_INFO ./../regmodel/uart_reg2ahb_adapter.sv(42) @ 2059717000: reporter [uart_reg2ahb_adapter] bus2reg: address = 0xc data = 0x2a kind = UVM_WRITE status = UVM_IS_OK
# UVM_INFO /ictc/other/tools/QuestaDVA/questasim/verilog_src/uvm-1.2/src/reg/uvm_reg_predictor.svh(221) @ 2059717000: uvm_test_top.env.ahb_predictor [REG_PREDICT] Observed WRITE transaction to register regmodel.LCR: value='h2a : updated value = 'h2a
# UVM_INFO ./../regmodel/uart_reg2ahb_adapter.sv(42) @ 2059717000: reporter [uart_reg2ahb_adapter] bus2reg: address = 0x10 data = 0x8 kind = UVM_WRITE status = UVM_IS_OK
# UVM_INFO /ictc/other/tools/QuestaDVA/questasim/verilog_src/uvm-1.2/src/reg/uvm_reg_predictor.svh(221) @ 2059717000: uvm_test_top.env.ahb_predictor [REG_PREDICT] Observed WRITE transaction to register regmodel.IER: value='h8 : updated value = 'h8
# ===== Received Data from IER =====
# UVM_INFO ./../regmodel/uart_reg2ahb_adapter.sv(42) @ 2059717000: reporter [uart_reg2ahb_adapter] bus2reg: address = 0x14 data = 0x6 kind = UVM_READ status = UVM_IS_OK
# UVM_INFO /ictc/other/tools/QuestaDVA/questasim/verilog_src/uvm-1.2/src/reg/uvm_reg_predictor.svh(225) @ 2059717000: uvm_test_top.env.ahb_predictor [REG_PREDICT] Observed READ transaction to register regmodel.FSR: value='h6
# UVM_ERROR ./../sequences/ahb_rxd_rx_empty_sequence.sv(130) @ 2059727000: uvm_test_top.env.ahb_agt.sequencer@@rx_empty [ahb_rxd_rx_empty_sequence] 
# ===== FAILED!!! RX_EMPTY_STATUS is not right =====
# UVM_INFO ./../regmodel/uart_reg2ahb_adapter.sv(42) @ 2068057000: reporter [uart_reg2ahb_adapter] bus2reg: address = 0x14 data = 0x6 kind = UVM_READ status = UVM_IS_OK
# UVM_INFO /ictc/other/tools/QuestaDVA/questasim/verilog_src/uvm-1.2/src/reg/uvm_reg_predictor.svh(225) @ 2068057000: uvm_test_top.env.ahb_predictor [REG_PREDICT] Observed READ transaction to register regmodel.FSR: value='h6
# UVM_INFO ./../testcases/uart_rxd_interrupt.sv(40) @ 2078067000: uvm_test_top [uart_rxd_interrupt] -------------------------------------------------------------
# Name                Type                Size  Value          
# -------------------------------------------------------------
# cfg                 uart_configuration  -     @360           
#   parity_mode       parity_mode_e       32    UART_PARITY_ODD
#   sampling          sampling_mode_e     32    MODE_X16       
#   data_width        integral            32    'h7            
#   num_of_stop_bit   integral            32    'h1            
#   baud_rate         integral            32    'h12c0         
#   baud_rate_enable  integral            1     'h0            
#   parity_enable     integral            1     'h0            
#   interrupt_enable  integral            1     'h0            
# -------------------------------------------------------------
# 
# UVM_INFO ./../regmodel/uart_reg2ahb_adapter.sv(42) @ 2078067000: reporter [uart_reg2ahb_adapter] bus2reg: address = 0x0 data = 0x0 kind = UVM_WRITE status = UVM_IS_OK
# UVM_INFO /ictc/other/tools/QuestaDVA/questasim/verilog_src/uvm-1.2/src/reg/uvm_reg_predictor.svh(221) @ 2078067000: uvm_test_top.env.ahb_predictor [REG_PREDICT] Observed WRITE transaction to register regmodel.MDR: value='h0 : updated value = 'h0
# UVM_INFO ./../regmodel/uart_reg2ahb_adapter.sv(42) @ 2078067000: reporter [uart_reg2ahb_adapter] bus2reg: address = 0x4 data = 0x16 kind = UVM_WRITE status = UVM_IS_OK
# UVM_INFO /ictc/other/tools/QuestaDVA/questasim/verilog_src/uvm-1.2/src/reg/uvm_reg_predictor.svh(221) @ 2078067000: uvm_test_top.env.ahb_predictor [REG_PREDICT] Observed WRITE transaction to register regmodel.DLL: value='h16 : updated value = 'h16
# UVM_INFO ./../regmodel/uart_reg2ahb_adapter.sv(42) @ 2078068000: reporter [uart_reg2ahb_adapter] bus2reg: address = 0x8 data = 0x5 kind = UVM_WRITE status = UVM_IS_OK
# UVM_INFO /ictc/other/tools/QuestaDVA/questasim/verilog_src/uvm-1.2/src/reg/uvm_reg_predictor.svh(221) @ 2078068000: uvm_test_top.env.ahb_predictor [REG_PREDICT] Observed WRITE transaction to register regmodel.DLH: value='h5 : updated value = 'h5
# UVM_INFO ./../regmodel/uart_reg2ahb_adapter.sv(42) @ 2078068000: reporter [uart_reg2ahb_adapter] bus2reg: address = 0xc data = 0x2a kind = UVM_WRITE status = UVM_IS_OK
# UVM_INFO /ictc/other/tools/QuestaDVA/questasim/verilog_src/uvm-1.2/src/reg/uvm_reg_predictor.svh(221) @ 2078068000: uvm_test_top.env.ahb_predictor [REG_PREDICT] Observed WRITE transaction to register regmodel.LCR: value='h2a : updated value = 'h2a
# UVM_INFO ./../regmodel/uart_reg2ahb_adapter.sv(42) @ 2078068000: reporter [uart_reg2ahb_adapter] bus2reg: address = 0x10 data = 0x8 kind = UVM_WRITE status = UVM_IS_OK
# UVM_INFO /ictc/other/tools/QuestaDVA/questasim/verilog_src/uvm-1.2/src/reg/uvm_reg_predictor.svh(221) @ 2078068000: uvm_test_top.env.ahb_predictor [REG_PREDICT] Observed WRITE transaction to register regmodel.IER: value='h8 : updated value = 'h8
# ===== Received Data from IER =====
# UVM_INFO ./../regmodel/uart_reg2ahb_adapter.sv(42) @ 2078068000: reporter [uart_reg2ahb_adapter] bus2reg: address = 0x14 data = 0x6 kind = UVM_READ status = UVM_IS_OK
# UVM_INFO /ictc/other/tools/QuestaDVA/questasim/verilog_src/uvm-1.2/src/reg/uvm_reg_predictor.svh(225) @ 2078068000: uvm_test_top.env.ahb_predictor [REG_PREDICT] Observed READ transaction to register regmodel.FSR: value='h6
# UVM_ERROR ./../sequences/ahb_rxd_rx_empty_sequence.sv(130) @ 2078078000: uvm_test_top.env.ahb_agt.sequencer@@rx_empty [ahb_rxd_rx_empty_sequence] 
# ===== FAILED!!! RX_EMPTY_STATUS is not right =====
# UVM_INFO ./../regmodel/uart_reg2ahb_adapter.sv(42) @ 2082248000: reporter [uart_reg2ahb_adapter] bus2reg: address = 0x14 data = 0x6 kind = UVM_READ status = UVM_IS_OK
# UVM_INFO /ictc/other/tools/QuestaDVA/questasim/verilog_src/uvm-1.2/src/reg/uvm_reg_predictor.svh(225) @ 2082248000: uvm_test_top.env.ahb_predictor [REG_PREDICT] Observed READ transaction to register regmodel.FSR: value='h6
# UVM_INFO ./../testcases/uart_rxd_interrupt.sv(40) @ 2092258000: uvm_test_top [uart_rxd_interrupt] -------------------------------------------------------------
# Name                Type                Size  Value          
# -------------------------------------------------------------
# cfg                 uart_configuration  -     @360           
#   parity_mode       parity_mode_e       32    UART_PARITY_ODD
#   sampling          sampling_mode_e     32    MODE_X13       
#   data_width        integral            32    'h7            
#   num_of_stop_bit   integral            32    'h1            
#   baud_rate         integral            32    'h12c0         
#   baud_rate_enable  integral            1     'h0            
#   parity_enable     integral            1     'h0            
#   interrupt_enable  integral            1     'h0            
# -------------------------------------------------------------
# 
# UVM_INFO ./../regmodel/uart_reg2ahb_adapter.sv(42) @ 2092258000: reporter [uart_reg2ahb_adapter] bus2reg: address = 0x0 data = 0x1 kind = UVM_WRITE status = UVM_IS_OK
# UVM_INFO /ictc/other/tools/QuestaDVA/questasim/verilog_src/uvm-1.2/src/reg/uvm_reg_predictor.svh(221) @ 2092258000: uvm_test_top.env.ahb_predictor [REG_PREDICT] Observed WRITE transaction to register regmodel.MDR: value='h1 : updated value = 'h1
# UVM_INFO ./../regmodel/uart_reg2ahb_adapter.sv(42) @ 2092258000: reporter [uart_reg2ahb_adapter] bus2reg: address = 0x4 data = 0x42 kind = UVM_WRITE status = UVM_IS_OK
# UVM_INFO /ictc/other/tools/QuestaDVA/questasim/verilog_src/uvm-1.2/src/reg/uvm_reg_predictor.svh(221) @ 2092258000: uvm_test_top.env.ahb_predictor [REG_PREDICT] Observed WRITE transaction to register regmodel.DLL: value='h42 : updated value = 'h42
# UVM_INFO ./../regmodel/uart_reg2ahb_adapter.sv(42) @ 2092258000: reporter [uart_reg2ahb_adapter] bus2reg: address = 0x8 data = 0x6 kind = UVM_WRITE status = UVM_IS_OK
# UVM_INFO /ictc/other/tools/QuestaDVA/questasim/verilog_src/uvm-1.2/src/reg/uvm_reg_predictor.svh(221) @ 2092258000: uvm_test_top.env.ahb_predictor [REG_PREDICT] Observed WRITE transaction to register regmodel.DLH: value='h6 : updated value = 'h6
# UVM_INFO ./../regmodel/uart_reg2ahb_adapter.sv(42) @ 2092258000: reporter [uart_reg2ahb_adapter] bus2reg: address = 0xc data = 0x2a kind = UVM_WRITE status = UVM_IS_OK
# UVM_INFO /ictc/other/tools/QuestaDVA/questasim/verilog_src/uvm-1.2/src/reg/uvm_reg_predictor.svh(221) @ 2092258000: uvm_test_top.env.ahb_predictor [REG_PREDICT] Observed WRITE transaction to register regmodel.LCR: value='h2a : updated value = 'h2a
# UVM_INFO ./../regmodel/uart_reg2ahb_adapter.sv(42) @ 2092258000: reporter [uart_reg2ahb_adapter] bus2reg: address = 0x10 data = 0x8 kind = UVM_WRITE status = UVM_IS_OK
# UVM_INFO /ictc/other/tools/QuestaDVA/questasim/verilog_src/uvm-1.2/src/reg/uvm_reg_predictor.svh(221) @ 2092258000: uvm_test_top.env.ahb_predictor [REG_PREDICT] Observed WRITE transaction to register regmodel.IER: value='h8 : updated value = 'h8
# ===== Received Data from IER =====
# UVM_INFO ./../regmodel/uart_reg2ahb_adapter.sv(42) @ 2092258000: reporter [uart_reg2ahb_adapter] bus2reg: address = 0x14 data = 0x6 kind = UVM_READ status = UVM_IS_OK
# UVM_INFO /ictc/other/tools/QuestaDVA/questasim/verilog_src/uvm-1.2/src/reg/uvm_reg_predictor.svh(225) @ 2092258000: uvm_test_top.env.ahb_predictor [REG_PREDICT] Observed READ transaction to register regmodel.FSR: value='h6
# UVM_ERROR ./../sequences/ahb_rxd_rx_empty_sequence.sv(130) @ 2092268000: uvm_test_top.env.ahb_agt.sequencer@@rx_empty [ahb_rxd_rx_empty_sequence] 
# ===== FAILED!!! RX_EMPTY_STATUS is not right =====
# UVM_INFO ./../regmodel/uart_reg2ahb_adapter.sv(42) @ 2096438000: reporter [uart_reg2ahb_adapter] bus2reg: address = 0x14 data = 0x6 kind = UVM_READ status = UVM_IS_OK
# UVM_INFO /ictc/other/tools/QuestaDVA/questasim/verilog_src/uvm-1.2/src/reg/uvm_reg_predictor.svh(225) @ 2096438000: uvm_test_top.env.ahb_predictor [REG_PREDICT] Observed READ transaction to register regmodel.FSR: value='h6
# UVM_INFO ./../testcases/uart_rxd_interrupt.sv(40) @ 2106448000: uvm_test_top [uart_rxd_interrupt] -------------------------------------------------------------
# Name                Type                Size  Value          
# -------------------------------------------------------------
# cfg                 uart_configuration  -     @360           
#   parity_mode       parity_mode_e       32    UART_PARITY_ODD
#   sampling          sampling_mode_e     32    MODE_X16       
#   data_width        integral            32    'h7            
#   num_of_stop_bit   integral            32    'h1            
#   baud_rate         integral            32    'h2580         
#   baud_rate_enable  integral            1     'h0            
#   parity_enable     integral            1     'h0            
#   interrupt_enable  integral            1     'h0            
# -------------------------------------------------------------
# 
# UVM_INFO ./../regmodel/uart_reg2ahb_adapter.sv(42) @ 2106449000: reporter [uart_reg2ahb_adapter] bus2reg: address = 0x0 data = 0x0 kind = UVM_WRITE status = UVM_IS_OK
# UVM_INFO /ictc/other/tools/QuestaDVA/questasim/verilog_src/uvm-1.2/src/reg/uvm_reg_predictor.svh(221) @ 2106449000: uvm_test_top.env.ahb_predictor [REG_PREDICT] Observed WRITE transaction to register regmodel.MDR: value='h0 : updated value = 'h0
# UVM_INFO ./../regmodel/uart_reg2ahb_adapter.sv(42) @ 2106449000: reporter [uart_reg2ahb_adapter] bus2reg: address = 0x4 data = 0x8b kind = UVM_WRITE status = UVM_IS_OK
# UVM_INFO /ictc/other/tools/QuestaDVA/questasim/verilog_src/uvm-1.2/src/reg/uvm_reg_predictor.svh(221) @ 2106449000: uvm_test_top.env.ahb_predictor [REG_PREDICT] Observed WRITE transaction to register regmodel.DLL: value='h8b : updated value = 'h8b
# UVM_INFO ./../regmodel/uart_reg2ahb_adapter.sv(42) @ 2106449000: reporter [uart_reg2ahb_adapter] bus2reg: address = 0x8 data = 0x2 kind = UVM_WRITE status = UVM_IS_OK
# UVM_INFO /ictc/other/tools/QuestaDVA/questasim/verilog_src/uvm-1.2/src/reg/uvm_reg_predictor.svh(221) @ 2106449000: uvm_test_top.env.ahb_predictor [REG_PREDICT] Observed WRITE transaction to register regmodel.DLH: value='h2 : updated value = 'h2
# UVM_INFO ./../regmodel/uart_reg2ahb_adapter.sv(42) @ 2106449000: reporter [uart_reg2ahb_adapter] bus2reg: address = 0xc data = 0x2a kind = UVM_WRITE status = UVM_IS_OK
# UVM_INFO /ictc/other/tools/QuestaDVA/questasim/verilog_src/uvm-1.2/src/reg/uvm_reg_predictor.svh(221) @ 2106449000: uvm_test_top.env.ahb_predictor [REG_PREDICT] Observed WRITE transaction to register regmodel.LCR: value='h2a : updated value = 'h2a
# UVM_INFO ./../regmodel/uart_reg2ahb_adapter.sv(42) @ 2106449000: reporter [uart_reg2ahb_adapter] bus2reg: address = 0x10 data = 0x8 kind = UVM_WRITE status = UVM_IS_OK
# UVM_INFO /ictc/other/tools/QuestaDVA/questasim/verilog_src/uvm-1.2/src/reg/uvm_reg_predictor.svh(221) @ 2106449000: uvm_test_top.env.ahb_predictor [REG_PREDICT] Observed WRITE transaction to register regmodel.IER: value='h8 : updated value = 'h8
# ===== Received Data from IER =====
# UVM_INFO ./../regmodel/uart_reg2ahb_adapter.sv(42) @ 2106449000: reporter [uart_reg2ahb_adapter] bus2reg: address = 0x14 data = 0x6 kind = UVM_READ status = UVM_IS_OK
# UVM_INFO /ictc/other/tools/QuestaDVA/questasim/verilog_src/uvm-1.2/src/reg/uvm_reg_predictor.svh(225) @ 2106449000: uvm_test_top.env.ahb_predictor [REG_PREDICT] Observed READ transaction to register regmodel.FSR: value='h6
# UVM_ERROR ./../sequences/ahb_rxd_rx_empty_sequence.sv(130) @ 2106459000: uvm_test_top.env.ahb_agt.sequencer@@rx_empty [ahb_rxd_rx_empty_sequence] 
# ===== FAILED!!! RX_EMPTY_STATUS is not right =====
# UVM_INFO ./../regmodel/uart_reg2ahb_adapter.sv(42) @ 2108539000: reporter [uart_reg2ahb_adapter] bus2reg: address = 0x14 data = 0x6 kind = UVM_READ status = UVM_IS_OK
# UVM_INFO /ictc/other/tools/QuestaDVA/questasim/verilog_src/uvm-1.2/src/reg/uvm_reg_predictor.svh(225) @ 2108539000: uvm_test_top.env.ahb_predictor [REG_PREDICT] Observed READ transaction to register regmodel.FSR: value='h6
# UVM_INFO ./../testcases/uart_rxd_interrupt.sv(40) @ 2118549000: uvm_test_top [uart_rxd_interrupt] -------------------------------------------------------------
# Name                Type                Size  Value          
# -------------------------------------------------------------
# cfg                 uart_configuration  -     @360           
#   parity_mode       parity_mode_e       32    UART_PARITY_ODD
#   sampling          sampling_mode_e     32    MODE_X13       
#   data_width        integral            32    'h7            
#   num_of_stop_bit   integral            32    'h1            
#   baud_rate         integral            32    'h2580         
#   baud_rate_enable  integral            1     'h0            
#   parity_enable     integral            1     'h0            
#   interrupt_enable  integral            1     'h0            
# -------------------------------------------------------------
# 
# UVM_INFO ./../regmodel/uart_reg2ahb_adapter.sv(42) @ 2118549000: reporter [uart_reg2ahb_adapter] bus2reg: address = 0x0 data = 0x1 kind = UVM_WRITE status = UVM_IS_OK
# UVM_INFO /ictc/other/tools/QuestaDVA/questasim/verilog_src/uvm-1.2/src/reg/uvm_reg_predictor.svh(221) @ 2118549000: uvm_test_top.env.ahb_predictor [REG_PREDICT] Observed WRITE transaction to register regmodel.MDR: value='h1 : updated value = 'h1
# UVM_INFO ./../regmodel/uart_reg2ahb_adapter.sv(42) @ 2118549000: reporter [uart_reg2ahb_adapter] bus2reg: address = 0x4 data = 0x21 kind = UVM_WRITE status = UVM_IS_OK
# UVM_INFO /ictc/other/tools/QuestaDVA/questasim/verilog_src/uvm-1.2/src/reg/uvm_reg_predictor.svh(221) @ 2118549000: uvm_test_top.env.ahb_predictor [REG_PREDICT] Observed WRITE transaction to register regmodel.DLL: value='h21 : updated value = 'h21
# UVM_INFO ./../regmodel/uart_reg2ahb_adapter.sv(42) @ 2118549000: reporter [uart_reg2ahb_adapter] bus2reg: address = 0x8 data = 0x3 kind = UVM_WRITE status = UVM_IS_OK
# UVM_INFO /ictc/other/tools/QuestaDVA/questasim/verilog_src/uvm-1.2/src/reg/uvm_reg_predictor.svh(221) @ 2118549000: uvm_test_top.env.ahb_predictor [REG_PREDICT] Observed WRITE transaction to register regmodel.DLH: value='h3 : updated value = 'h3
# UVM_INFO ./../regmodel/uart_reg2ahb_adapter.sv(42) @ 2118549000: reporter [uart_reg2ahb_adapter] bus2reg: address = 0xc data = 0x2a kind = UVM_WRITE status = UVM_IS_OK
# UVM_INFO /ictc/other/tools/QuestaDVA/questasim/verilog_src/uvm-1.2/src/reg/uvm_reg_predictor.svh(221) @ 2118549000: uvm_test_top.env.ahb_predictor [REG_PREDICT] Observed WRITE transaction to register regmodel.LCR: value='h2a : updated value = 'h2a
# UVM_INFO ./../regmodel/uart_reg2ahb_adapter.sv(42) @ 2118549000: reporter [uart_reg2ahb_adapter] bus2reg: address = 0x10 data = 0x8 kind = UVM_WRITE status = UVM_IS_OK
# UVM_INFO /ictc/other/tools/QuestaDVA/questasim/verilog_src/uvm-1.2/src/reg/uvm_reg_predictor.svh(221) @ 2118549000: uvm_test_top.env.ahb_predictor [REG_PREDICT] Observed WRITE transaction to register regmodel.IER: value='h8 : updated value = 'h8
# ===== Received Data from IER =====
# UVM_INFO ./../regmodel/uart_reg2ahb_adapter.sv(42) @ 2118550000: reporter [uart_reg2ahb_adapter] bus2reg: address = 0x14 data = 0x6 kind = UVM_READ status = UVM_IS_OK
# UVM_INFO /ictc/other/tools/QuestaDVA/questasim/verilog_src/uvm-1.2/src/reg/uvm_reg_predictor.svh(225) @ 2118550000: uvm_test_top.env.ahb_predictor [REG_PREDICT] Observed READ transaction to register regmodel.FSR: value='h6
# UVM_ERROR ./../sequences/ahb_rxd_rx_empty_sequence.sv(130) @ 2118560000: uvm_test_top.env.ahb_agt.sequencer@@rx_empty [ahb_rxd_rx_empty_sequence] 
# ===== FAILED!!! RX_EMPTY_STATUS is not right =====
# UVM_INFO ./../regmodel/uart_reg2ahb_adapter.sv(42) @ 2120640000: reporter [uart_reg2ahb_adapter] bus2reg: address = 0x14 data = 0x6 kind = UVM_READ status = UVM_IS_OK
# UVM_INFO /ictc/other/tools/QuestaDVA/questasim/verilog_src/uvm-1.2/src/reg/uvm_reg_predictor.svh(225) @ 2120640000: uvm_test_top.env.ahb_predictor [REG_PREDICT] Observed READ transaction to register regmodel.FSR: value='h6
# UVM_INFO ./../testcases/uart_rxd_interrupt.sv(40) @ 2130650000: uvm_test_top [uart_rxd_interrupt] -------------------------------------------------------------
# Name                Type                Size  Value          
# -------------------------------------------------------------
# cfg                 uart_configuration  -     @360           
#   parity_mode       parity_mode_e       32    UART_PARITY_ODD
#   sampling          sampling_mode_e     32    MODE_X16       
#   data_width        integral            32    'h7            
#   num_of_stop_bit   integral            32    'h1            
#   baud_rate         integral            32    'h4b00         
#   baud_rate_enable  integral            1     'h0            
#   parity_enable     integral            1     'h0            
#   interrupt_enable  integral            1     'h0            
# -------------------------------------------------------------
# 
# UVM_INFO ./../regmodel/uart_reg2ahb_adapter.sv(42) @ 2130650000: reporter [uart_reg2ahb_adapter] bus2reg: address = 0x0 data = 0x0 kind = UVM_WRITE status = UVM_IS_OK
# UVM_INFO /ictc/other/tools/QuestaDVA/questasim/verilog_src/uvm-1.2/src/reg/uvm_reg_predictor.svh(221) @ 2130650000: uvm_test_top.env.ahb_predictor [REG_PREDICT] Observed WRITE transaction to register regmodel.MDR: value='h0 : updated value = 'h0
# UVM_INFO ./../regmodel/uart_reg2ahb_adapter.sv(42) @ 2130650000: reporter [uart_reg2ahb_adapter] bus2reg: address = 0x4 data = 0x45 kind = UVM_WRITE status = UVM_IS_OK
# UVM_INFO /ictc/other/tools/QuestaDVA/questasim/verilog_src/uvm-1.2/src/reg/uvm_reg_predictor.svh(221) @ 2130650000: uvm_test_top.env.ahb_predictor [REG_PREDICT] Observed WRITE transaction to register regmodel.DLL: value='h45 : updated value = 'h45
# UVM_INFO ./../regmodel/uart_reg2ahb_adapter.sv(42) @ 2130650000: reporter [uart_reg2ahb_adapter] bus2reg: address = 0x8 data = 0x1 kind = UVM_WRITE status = UVM_IS_OK
# UVM_INFO /ictc/other/tools/QuestaDVA/questasim/verilog_src/uvm-1.2/src/reg/uvm_reg_predictor.svh(221) @ 2130650000: uvm_test_top.env.ahb_predictor [REG_PREDICT] Observed WRITE transaction to register regmodel.DLH: value='h1 : updated value = 'h1
# UVM_INFO ./../regmodel/uart_reg2ahb_adapter.sv(42) @ 2130650000: reporter [uart_reg2ahb_adapter] bus2reg: address = 0xc data = 0x2a kind = UVM_WRITE status = UVM_IS_OK
# UVM_INFO /ictc/other/tools/QuestaDVA/questasim/verilog_src/uvm-1.2/src/reg/uvm_reg_predictor.svh(221) @ 2130650000: uvm_test_top.env.ahb_predictor [REG_PREDICT] Observed WRITE transaction to register regmodel.LCR: value='h2a : updated value = 'h2a
# UVM_INFO ./../regmodel/uart_reg2ahb_adapter.sv(42) @ 2130650000: reporter [uart_reg2ahb_adapter] bus2reg: address = 0x10 data = 0x8 kind = UVM_WRITE status = UVM_IS_OK
# UVM_INFO /ictc/other/tools/QuestaDVA/questasim/verilog_src/uvm-1.2/src/reg/uvm_reg_predictor.svh(221) @ 2130650000: uvm_test_top.env.ahb_predictor [REG_PREDICT] Observed WRITE transaction to register regmodel.IER: value='h8 : updated value = 'h8
# ===== Received Data from IER =====
# UVM_INFO ./../regmodel/uart_reg2ahb_adapter.sv(42) @ 2130650000: reporter [uart_reg2ahb_adapter] bus2reg: address = 0x14 data = 0x6 kind = UVM_READ status = UVM_IS_OK
# UVM_INFO /ictc/other/tools/QuestaDVA/questasim/verilog_src/uvm-1.2/src/reg/uvm_reg_predictor.svh(225) @ 2130650000: uvm_test_top.env.ahb_predictor [REG_PREDICT] Observed READ transaction to register regmodel.FSR: value='h6
# UVM_ERROR ./../sequences/ahb_rxd_rx_empty_sequence.sv(130) @ 2130660000: uvm_test_top.env.ahb_agt.sequencer@@rx_empty [ahb_rxd_rx_empty_sequence] 
# ===== FAILED!!! RX_EMPTY_STATUS is not right =====
# UVM_INFO ./../regmodel/uart_reg2ahb_adapter.sv(42) @ 2131700000: reporter [uart_reg2ahb_adapter] bus2reg: address = 0x14 data = 0x6 kind = UVM_READ status = UVM_IS_OK
# UVM_INFO /ictc/other/tools/QuestaDVA/questasim/verilog_src/uvm-1.2/src/reg/uvm_reg_predictor.svh(225) @ 2131700000: uvm_test_top.env.ahb_predictor [REG_PREDICT] Observed READ transaction to register regmodel.FSR: value='h6
# UVM_INFO ./../testcases/uart_rxd_interrupt.sv(40) @ 2141710000: uvm_test_top [uart_rxd_interrupt] -------------------------------------------------------------
# Name                Type                Size  Value          
# -------------------------------------------------------------
# cfg                 uart_configuration  -     @360           
#   parity_mode       parity_mode_e       32    UART_PARITY_ODD
#   sampling          sampling_mode_e     32    MODE_X13       
#   data_width        integral            32    'h7            
#   num_of_stop_bit   integral            32    'h1            
#   baud_rate         integral            32    'h4b00         
#   baud_rate_enable  integral            1     'h0            
#   parity_enable     integral            1     'h0            
#   interrupt_enable  integral            1     'h0            
# -------------------------------------------------------------
# 
# UVM_INFO ./../regmodel/uart_reg2ahb_adapter.sv(42) @ 2141710000: reporter [uart_reg2ahb_adapter] bus2reg: address = 0x0 data = 0x1 kind = UVM_WRITE status = UVM_IS_OK
# UVM_INFO /ictc/other/tools/QuestaDVA/questasim/verilog_src/uvm-1.2/src/reg/uvm_reg_predictor.svh(221) @ 2141710000: uvm_test_top.env.ahb_predictor [REG_PREDICT] Observed WRITE transaction to register regmodel.MDR: value='h1 : updated value = 'h1
# UVM_INFO ./../regmodel/uart_reg2ahb_adapter.sv(42) @ 2141710000: reporter [uart_reg2ahb_adapter] bus2reg: address = 0x4 data = 0x91 kind = UVM_WRITE status = UVM_IS_OK
# UVM_INFO /ictc/other/tools/QuestaDVA/questasim/verilog_src/uvm-1.2/src/reg/uvm_reg_predictor.svh(221) @ 2141710000: uvm_test_top.env.ahb_predictor [REG_PREDICT] Observed WRITE transaction to register regmodel.DLL: value='h91 : updated value = 'h91
# UVM_INFO ./../regmodel/uart_reg2ahb_adapter.sv(42) @ 2141710000: reporter [uart_reg2ahb_adapter] bus2reg: address = 0x8 data = 0x1 kind = UVM_WRITE status = UVM_IS_OK
# UVM_INFO /ictc/other/tools/QuestaDVA/questasim/verilog_src/uvm-1.2/src/reg/uvm_reg_predictor.svh(221) @ 2141710000: uvm_test_top.env.ahb_predictor [REG_PREDICT] Observed WRITE transaction to register regmodel.DLH: value='h1 : updated value = 'h1
# UVM_INFO ./../regmodel/uart_reg2ahb_adapter.sv(42) @ 2141710000: reporter [uart_reg2ahb_adapter] bus2reg: address = 0xc data = 0x2a kind = UVM_WRITE status = UVM_IS_OK
# UVM_INFO /ictc/other/tools/QuestaDVA/questasim/verilog_src/uvm-1.2/src/reg/uvm_reg_predictor.svh(221) @ 2141710000: uvm_test_top.env.ahb_predictor [REG_PREDICT] Observed WRITE transaction to register regmodel.LCR: value='h2a : updated value = 'h2a
# UVM_INFO ./../regmodel/uart_reg2ahb_adapter.sv(42) @ 2141711000: reporter [uart_reg2ahb_adapter] bus2reg: address = 0x10 data = 0x8 kind = UVM_WRITE status = UVM_IS_OK
# UVM_INFO /ictc/other/tools/QuestaDVA/questasim/verilog_src/uvm-1.2/src/reg/uvm_reg_predictor.svh(221) @ 2141711000: uvm_test_top.env.ahb_predictor [REG_PREDICT] Observed WRITE transaction to register regmodel.IER: value='h8 : updated value = 'h8
# ===== Received Data from IER =====
# UVM_INFO ./../regmodel/uart_reg2ahb_adapter.sv(42) @ 2141711000: reporter [uart_reg2ahb_adapter] bus2reg: address = 0x14 data = 0x6 kind = UVM_READ status = UVM_IS_OK
# UVM_INFO /ictc/other/tools/QuestaDVA/questasim/verilog_src/uvm-1.2/src/reg/uvm_reg_predictor.svh(225) @ 2141711000: uvm_test_top.env.ahb_predictor [REG_PREDICT] Observed READ transaction to register regmodel.FSR: value='h6
# UVM_ERROR ./../sequences/ahb_rxd_rx_empty_sequence.sv(130) @ 2141721000: uvm_test_top.env.ahb_agt.sequencer@@rx_empty [ahb_rxd_rx_empty_sequence] 
# ===== FAILED!!! RX_EMPTY_STATUS is not right =====
# UVM_INFO ./../regmodel/uart_reg2ahb_adapter.sv(42) @ 2142761000: reporter [uart_reg2ahb_adapter] bus2reg: address = 0x14 data = 0x6 kind = UVM_READ status = UVM_IS_OK
# UVM_INFO /ictc/other/tools/QuestaDVA/questasim/verilog_src/uvm-1.2/src/reg/uvm_reg_predictor.svh(225) @ 2142761000: uvm_test_top.env.ahb_predictor [REG_PREDICT] Observed READ transaction to register regmodel.FSR: value='h6
# UVM_INFO ./../testcases/uart_rxd_interrupt.sv(40) @ 2152771000: uvm_test_top [uart_rxd_interrupt] -------------------------------------------------------------
# Name                Type                Size  Value          
# -------------------------------------------------------------
# cfg                 uart_configuration  -     @360           
#   parity_mode       parity_mode_e       32    UART_PARITY_ODD
#   sampling          sampling_mode_e     32    MODE_X16       
#   data_width        integral            32    'h7            
#   num_of_stop_bit   integral            32    'h1            
#   baud_rate         integral            32    'h9600         
#   baud_rate_enable  integral            1     'h0            
#   parity_enable     integral            1     'h0            
#   interrupt_enable  integral            1     'h0            
# -------------------------------------------------------------
# 
# UVM_INFO ./../regmodel/uart_reg2ahb_adapter.sv(42) @ 2152771000: reporter [uart_reg2ahb_adapter] bus2reg: address = 0x0 data = 0x0 kind = UVM_WRITE status = UVM_IS_OK
# UVM_INFO /ictc/other/tools/QuestaDVA/questasim/verilog_src/uvm-1.2/src/reg/uvm_reg_predictor.svh(221) @ 2152771000: uvm_test_top.env.ahb_predictor [REG_PREDICT] Observed WRITE transaction to register regmodel.MDR: value='h0 : updated value = 'h0
# UVM_INFO ./../regmodel/uart_reg2ahb_adapter.sv(42) @ 2152771000: reporter [uart_reg2ahb_adapter] bus2reg: address = 0x4 data = 0xa4 kind = UVM_WRITE status = UVM_IS_OK
# UVM_INFO /ictc/other/tools/QuestaDVA/questasim/verilog_src/uvm-1.2/src/reg/uvm_reg_predictor.svh(221) @ 2152771000: uvm_test_top.env.ahb_predictor [REG_PREDICT] Observed WRITE transaction to register regmodel.DLL: value='ha4 : updated value = 'ha4
# UVM_INFO ./../regmodel/uart_reg2ahb_adapter.sv(42) @ 2152771000: reporter [uart_reg2ahb_adapter] bus2reg: address = 0x8 data = 0x0 kind = UVM_WRITE status = UVM_IS_OK
# UVM_INFO /ictc/other/tools/QuestaDVA/questasim/verilog_src/uvm-1.2/src/reg/uvm_reg_predictor.svh(221) @ 2152771000: uvm_test_top.env.ahb_predictor [REG_PREDICT] Observed WRITE transaction to register regmodel.DLH: value='h0 : updated value = 'h0
# UVM_INFO ./../regmodel/uart_reg2ahb_adapter.sv(42) @ 2152771000: reporter [uart_reg2ahb_adapter] bus2reg: address = 0xc data = 0x2a kind = UVM_WRITE status = UVM_IS_OK
# UVM_INFO /ictc/other/tools/QuestaDVA/questasim/verilog_src/uvm-1.2/src/reg/uvm_reg_predictor.svh(221) @ 2152771000: uvm_test_top.env.ahb_predictor [REG_PREDICT] Observed WRITE transaction to register regmodel.LCR: value='h2a : updated value = 'h2a
# UVM_INFO ./../regmodel/uart_reg2ahb_adapter.sv(42) @ 2152771000: reporter [uart_reg2ahb_adapter] bus2reg: address = 0x10 data = 0x8 kind = UVM_WRITE status = UVM_IS_OK
# UVM_INFO /ictc/other/tools/QuestaDVA/questasim/verilog_src/uvm-1.2/src/reg/uvm_reg_predictor.svh(221) @ 2152771000: uvm_test_top.env.ahb_predictor [REG_PREDICT] Observed WRITE transaction to register regmodel.IER: value='h8 : updated value = 'h8
# ===== Received Data from IER =====
# UVM_INFO ./../regmodel/uart_reg2ahb_adapter.sv(42) @ 2152771000: reporter [uart_reg2ahb_adapter] bus2reg: address = 0x14 data = 0x6 kind = UVM_READ status = UVM_IS_OK
# UVM_INFO /ictc/other/tools/QuestaDVA/questasim/verilog_src/uvm-1.2/src/reg/uvm_reg_predictor.svh(225) @ 2152771000: uvm_test_top.env.ahb_predictor [REG_PREDICT] Observed READ transaction to register regmodel.FSR: value='h6
# UVM_ERROR ./../sequences/ahb_rxd_rx_empty_sequence.sv(130) @ 2152781000: uvm_test_top.env.ahb_agt.sequencer@@rx_empty [ahb_rxd_rx_empty_sequence] 
# ===== FAILED!!! RX_EMPTY_STATUS is not right =====
# UVM_INFO ./../regmodel/uart_reg2ahb_adapter.sv(42) @ 2153301000: reporter [uart_reg2ahb_adapter] bus2reg: address = 0x14 data = 0x6 kind = UVM_READ status = UVM_IS_OK
# UVM_INFO /ictc/other/tools/QuestaDVA/questasim/verilog_src/uvm-1.2/src/reg/uvm_reg_predictor.svh(225) @ 2153301000: uvm_test_top.env.ahb_predictor [REG_PREDICT] Observed READ transaction to register regmodel.FSR: value='h6
# UVM_INFO ./../testcases/uart_rxd_interrupt.sv(40) @ 2163311000: uvm_test_top [uart_rxd_interrupt] -------------------------------------------------------------
# Name                Type                Size  Value          
# -------------------------------------------------------------
# cfg                 uart_configuration  -     @360           
#   parity_mode       parity_mode_e       32    UART_PARITY_ODD
#   sampling          sampling_mode_e     32    MODE_X13       
#   data_width        integral            32    'h7            
#   num_of_stop_bit   integral            32    'h1            
#   baud_rate         integral            32    'h9600         
#   baud_rate_enable  integral            1     'h0            
#   parity_enable     integral            1     'h0            
#   interrupt_enable  integral            1     'h0            
# -------------------------------------------------------------
# 
# UVM_INFO ./../regmodel/uart_reg2ahb_adapter.sv(42) @ 2163311000: reporter [uart_reg2ahb_adapter] bus2reg: address = 0x0 data = 0x1 kind = UVM_WRITE status = UVM_IS_OK
# UVM_INFO /ictc/other/tools/QuestaDVA/questasim/verilog_src/uvm-1.2/src/reg/uvm_reg_predictor.svh(221) @ 2163311000: uvm_test_top.env.ahb_predictor [REG_PREDICT] Observed WRITE transaction to register regmodel.MDR: value='h1 : updated value = 'h1
# UVM_INFO ./../regmodel/uart_reg2ahb_adapter.sv(42) @ 2163311000: reporter [uart_reg2ahb_adapter] bus2reg: address = 0x4 data = 0xc8 kind = UVM_WRITE status = UVM_IS_OK
# UVM_INFO /ictc/other/tools/QuestaDVA/questasim/verilog_src/uvm-1.2/src/reg/uvm_reg_predictor.svh(221) @ 2163311000: uvm_test_top.env.ahb_predictor [REG_PREDICT] Observed WRITE transaction to register regmodel.DLL: value='hc8 : updated value = 'hc8
# UVM_INFO ./../regmodel/uart_reg2ahb_adapter.sv(42) @ 2163311000: reporter [uart_reg2ahb_adapter] bus2reg: address = 0x8 data = 0x0 kind = UVM_WRITE status = UVM_IS_OK
# UVM_INFO /ictc/other/tools/QuestaDVA/questasim/verilog_src/uvm-1.2/src/reg/uvm_reg_predictor.svh(221) @ 2163311000: uvm_test_top.env.ahb_predictor [REG_PREDICT] Observed WRITE transaction to register regmodel.DLH: value='h0 : updated value = 'h0
# UVM_INFO ./../regmodel/uart_reg2ahb_adapter.sv(42) @ 2163312000: reporter [uart_reg2ahb_adapter] bus2reg: address = 0xc data = 0x2a kind = UVM_WRITE status = UVM_IS_OK
# UVM_INFO /ictc/other/tools/QuestaDVA/questasim/verilog_src/uvm-1.2/src/reg/uvm_reg_predictor.svh(221) @ 2163312000: uvm_test_top.env.ahb_predictor [REG_PREDICT] Observed WRITE transaction to register regmodel.LCR: value='h2a : updated value = 'h2a
# UVM_INFO ./../regmodel/uart_reg2ahb_adapter.sv(42) @ 2163312000: reporter [uart_reg2ahb_adapter] bus2reg: address = 0x10 data = 0x8 kind = UVM_WRITE status = UVM_IS_OK
# UVM_INFO /ictc/other/tools/QuestaDVA/questasim/verilog_src/uvm-1.2/src/reg/uvm_reg_predictor.svh(221) @ 2163312000: uvm_test_top.env.ahb_predictor [REG_PREDICT] Observed WRITE transaction to register regmodel.IER: value='h8 : updated value = 'h8
# ===== Received Data from IER =====
# UVM_INFO ./../regmodel/uart_reg2ahb_adapter.sv(42) @ 2163312000: reporter [uart_reg2ahb_adapter] bus2reg: address = 0x14 data = 0x6 kind = UVM_READ status = UVM_IS_OK
# UVM_INFO /ictc/other/tools/QuestaDVA/questasim/verilog_src/uvm-1.2/src/reg/uvm_reg_predictor.svh(225) @ 2163312000: uvm_test_top.env.ahb_predictor [REG_PREDICT] Observed READ transaction to register regmodel.FSR: value='h6
# UVM_ERROR ./../sequences/ahb_rxd_rx_empty_sequence.sv(130) @ 2163322000: uvm_test_top.env.ahb_agt.sequencer@@rx_empty [ahb_rxd_rx_empty_sequence] 
# ===== FAILED!!! RX_EMPTY_STATUS is not right =====
# UVM_INFO ./../regmodel/uart_reg2ahb_adapter.sv(42) @ 2163842000: reporter [uart_reg2ahb_adapter] bus2reg: address = 0x14 data = 0x6 kind = UVM_READ status = UVM_IS_OK
# UVM_INFO /ictc/other/tools/QuestaDVA/questasim/verilog_src/uvm-1.2/src/reg/uvm_reg_predictor.svh(225) @ 2163842000: uvm_test_top.env.ahb_predictor [REG_PREDICT] Observed READ transaction to register regmodel.FSR: value='h6
# UVM_INFO ./../testcases/uart_rxd_interrupt.sv(40) @ 2173852000: uvm_test_top [uart_rxd_interrupt] -------------------------------------------------------------
# Name                Type                Size  Value          
# -------------------------------------------------------------
# cfg                 uart_configuration  -     @360           
#   parity_mode       parity_mode_e       32    UART_PARITY_ODD
#   sampling          sampling_mode_e     32    MODE_X16       
#   data_width        integral            32    'h7            
#   num_of_stop_bit   integral            32    'h1            
#   baud_rate         integral            32    'h12c00        
#   baud_rate_enable  integral            1     'h0            
#   parity_enable     integral            1     'h0            
#   interrupt_enable  integral            1     'h0            
# -------------------------------------------------------------
# 
# UVM_INFO ./../regmodel/uart_reg2ahb_adapter.sv(42) @ 2173852000: reporter [uart_reg2ahb_adapter] bus2reg: address = 0x0 data = 0x0 kind = UVM_WRITE status = UVM_IS_OK
# UVM_INFO /ictc/other/tools/QuestaDVA/questasim/verilog_src/uvm-1.2/src/reg/uvm_reg_predictor.svh(221) @ 2173852000: uvm_test_top.env.ahb_predictor [REG_PREDICT] Observed WRITE transaction to register regmodel.MDR: value='h0 : updated value = 'h0
# UVM_INFO ./../regmodel/uart_reg2ahb_adapter.sv(42) @ 2173852000: reporter [uart_reg2ahb_adapter] bus2reg: address = 0x4 data = 0x51 kind = UVM_WRITE status = UVM_IS_OK
# UVM_INFO /ictc/other/tools/QuestaDVA/questasim/verilog_src/uvm-1.2/src/reg/uvm_reg_predictor.svh(221) @ 2173852000: uvm_test_top.env.ahb_predictor [REG_PREDICT] Observed WRITE transaction to register regmodel.DLL: value='h51 : updated value = 'h51
# UVM_INFO ./../regmodel/uart_reg2ahb_adapter.sv(42) @ 2173852000: reporter [uart_reg2ahb_adapter] bus2reg: address = 0x8 data = 0x0 kind = UVM_WRITE status = UVM_IS_OK
# UVM_INFO /ictc/other/tools/QuestaDVA/questasim/verilog_src/uvm-1.2/src/reg/uvm_reg_predictor.svh(221) @ 2173852000: uvm_test_top.env.ahb_predictor [REG_PREDICT] Observed WRITE transaction to register regmodel.DLH: value='h0 : updated value = 'h0
# UVM_INFO ./../regmodel/uart_reg2ahb_adapter.sv(42) @ 2173852000: reporter [uart_reg2ahb_adapter] bus2reg: address = 0xc data = 0x2a kind = UVM_WRITE status = UVM_IS_OK
# UVM_INFO /ictc/other/tools/QuestaDVA/questasim/verilog_src/uvm-1.2/src/reg/uvm_reg_predictor.svh(221) @ 2173852000: uvm_test_top.env.ahb_predictor [REG_PREDICT] Observed WRITE transaction to register regmodel.LCR: value='h2a : updated value = 'h2a
# UVM_INFO ./../regmodel/uart_reg2ahb_adapter.sv(42) @ 2173852000: reporter [uart_reg2ahb_adapter] bus2reg: address = 0x10 data = 0x8 kind = UVM_WRITE status = UVM_IS_OK
# UVM_INFO /ictc/other/tools/QuestaDVA/questasim/verilog_src/uvm-1.2/src/reg/uvm_reg_predictor.svh(221) @ 2173852000: uvm_test_top.env.ahb_predictor [REG_PREDICT] Observed WRITE transaction to register regmodel.IER: value='h8 : updated value = 'h8
# ===== Received Data from IER =====
# UVM_INFO ./../regmodel/uart_reg2ahb_adapter.sv(42) @ 2173852000: reporter [uart_reg2ahb_adapter] bus2reg: address = 0x14 data = 0x6 kind = UVM_READ status = UVM_IS_OK
# UVM_INFO /ictc/other/tools/QuestaDVA/questasim/verilog_src/uvm-1.2/src/reg/uvm_reg_predictor.svh(225) @ 2173852000: uvm_test_top.env.ahb_predictor [REG_PREDICT] Observed READ transaction to register regmodel.FSR: value='h6
# UVM_ERROR ./../sequences/ahb_rxd_rx_empty_sequence.sv(130) @ 2173862000: uvm_test_top.env.ahb_agt.sequencer@@rx_empty [ahb_rxd_rx_empty_sequence] 
# ===== FAILED!!! RX_EMPTY_STATUS is not right =====
# UVM_INFO ./../regmodel/uart_reg2ahb_adapter.sv(42) @ 2174122000: reporter [uart_reg2ahb_adapter] bus2reg: address = 0x14 data = 0x6 kind = UVM_READ status = UVM_IS_OK
# UVM_INFO /ictc/other/tools/QuestaDVA/questasim/verilog_src/uvm-1.2/src/reg/uvm_reg_predictor.svh(225) @ 2174122000: uvm_test_top.env.ahb_predictor [REG_PREDICT] Observed READ transaction to register regmodel.FSR: value='h6
# UVM_INFO ./../testcases/uart_rxd_interrupt.sv(40) @ 2184132000: uvm_test_top [uart_rxd_interrupt] -------------------------------------------------------------
# Name                Type                Size  Value          
# -------------------------------------------------------------
# cfg                 uart_configuration  -     @360           
#   parity_mode       parity_mode_e       32    UART_PARITY_ODD
#   sampling          sampling_mode_e     32    MODE_X13       
#   data_width        integral            32    'h7            
#   num_of_stop_bit   integral            32    'h1            
#   baud_rate         integral            32    'h12c00        
#   baud_rate_enable  integral            1     'h0            
#   parity_enable     integral            1     'h0            
#   interrupt_enable  integral            1     'h0            
# -------------------------------------------------------------
# 
# UVM_INFO ./../regmodel/uart_reg2ahb_adapter.sv(42) @ 2184132000: reporter [uart_reg2ahb_adapter] bus2reg: address = 0x0 data = 0x1 kind = UVM_WRITE status = UVM_IS_OK
# UVM_INFO /ictc/other/tools/QuestaDVA/questasim/verilog_src/uvm-1.2/src/reg/uvm_reg_predictor.svh(221) @ 2184132000: uvm_test_top.env.ahb_predictor [REG_PREDICT] Observed WRITE transaction to register regmodel.MDR: value='h1 : updated value = 'h1
# UVM_INFO ./../regmodel/uart_reg2ahb_adapter.sv(42) @ 2184133000: reporter [uart_reg2ahb_adapter] bus2reg: address = 0x4 data = 0x64 kind = UVM_WRITE status = UVM_IS_OK
# UVM_INFO /ictc/other/tools/QuestaDVA/questasim/verilog_src/uvm-1.2/src/reg/uvm_reg_predictor.svh(221) @ 2184133000: uvm_test_top.env.ahb_predictor [REG_PREDICT] Observed WRITE transaction to register regmodel.DLL: value='h64 : updated value = 'h64
# UVM_INFO ./../regmodel/uart_reg2ahb_adapter.sv(42) @ 2184133000: reporter [uart_reg2ahb_adapter] bus2reg: address = 0x8 data = 0x0 kind = UVM_WRITE status = UVM_IS_OK
# UVM_INFO /ictc/other/tools/QuestaDVA/questasim/verilog_src/uvm-1.2/src/reg/uvm_reg_predictor.svh(221) @ 2184133000: uvm_test_top.env.ahb_predictor [REG_PREDICT] Observed WRITE transaction to register regmodel.DLH: value='h0 : updated value = 'h0
# UVM_INFO ./../regmodel/uart_reg2ahb_adapter.sv(42) @ 2184133000: reporter [uart_reg2ahb_adapter] bus2reg: address = 0xc data = 0x2a kind = UVM_WRITE status = UVM_IS_OK
# UVM_INFO /ictc/other/tools/QuestaDVA/questasim/verilog_src/uvm-1.2/src/reg/uvm_reg_predictor.svh(221) @ 2184133000: uvm_test_top.env.ahb_predictor [REG_PREDICT] Observed WRITE transaction to register regmodel.LCR: value='h2a : updated value = 'h2a
# UVM_INFO ./../regmodel/uart_reg2ahb_adapter.sv(42) @ 2184133000: reporter [uart_reg2ahb_adapter] bus2reg: address = 0x10 data = 0x8 kind = UVM_WRITE status = UVM_IS_OK
# UVM_INFO /ictc/other/tools/QuestaDVA/questasim/verilog_src/uvm-1.2/src/reg/uvm_reg_predictor.svh(221) @ 2184133000: uvm_test_top.env.ahb_predictor [REG_PREDICT] Observed WRITE transaction to register regmodel.IER: value='h8 : updated value = 'h8
# ===== Received Data from IER =====
# UVM_INFO ./../regmodel/uart_reg2ahb_adapter.sv(42) @ 2184133000: reporter [uart_reg2ahb_adapter] bus2reg: address = 0x14 data = 0x6 kind = UVM_READ status = UVM_IS_OK
# UVM_INFO /ictc/other/tools/QuestaDVA/questasim/verilog_src/uvm-1.2/src/reg/uvm_reg_predictor.svh(225) @ 2184133000: uvm_test_top.env.ahb_predictor [REG_PREDICT] Observed READ transaction to register regmodel.FSR: value='h6
# UVM_ERROR ./../sequences/ahb_rxd_rx_empty_sequence.sv(130) @ 2184143000: uvm_test_top.env.ahb_agt.sequencer@@rx_empty [ahb_rxd_rx_empty_sequence] 
# ===== FAILED!!! RX_EMPTY_STATUS is not right =====
# UVM_INFO ./../regmodel/uart_reg2ahb_adapter.sv(42) @ 2184403000: reporter [uart_reg2ahb_adapter] bus2reg: address = 0x14 data = 0x6 kind = UVM_READ status = UVM_IS_OK
# UVM_INFO /ictc/other/tools/QuestaDVA/questasim/verilog_src/uvm-1.2/src/reg/uvm_reg_predictor.svh(225) @ 2184403000: uvm_test_top.env.ahb_predictor [REG_PREDICT] Observed READ transaction to register regmodel.FSR: value='h6
# UVM_INFO ./../testcases/uart_rxd_interrupt.sv(40) @ 2194413000: uvm_test_top [uart_rxd_interrupt] -------------------------------------------------------------
# Name                Type                Size  Value          
# -------------------------------------------------------------
# cfg                 uart_configuration  -     @360           
#   parity_mode       parity_mode_e       32    UART_PARITY_ODD
#   sampling          sampling_mode_e     32    MODE_X16       
#   data_width        integral            32    'h7            
#   num_of_stop_bit   integral            32    'h1            
#   baud_rate         integral            32    'h1c200        
#   baud_rate_enable  integral            1     'h0            
#   parity_enable     integral            1     'h0            
#   interrupt_enable  integral            1     'h0            
# -------------------------------------------------------------
# 
# UVM_INFO ./../regmodel/uart_reg2ahb_adapter.sv(42) @ 2194413000: reporter [uart_reg2ahb_adapter] bus2reg: address = 0x0 data = 0x0 kind = UVM_WRITE status = UVM_IS_OK
# UVM_INFO /ictc/other/tools/QuestaDVA/questasim/verilog_src/uvm-1.2/src/reg/uvm_reg_predictor.svh(221) @ 2194413000: uvm_test_top.env.ahb_predictor [REG_PREDICT] Observed WRITE transaction to register regmodel.MDR: value='h0 : updated value = 'h0
# UVM_INFO ./../regmodel/uart_reg2ahb_adapter.sv(42) @ 2194413000: reporter [uart_reg2ahb_adapter] bus2reg: address = 0x4 data = 0x36 kind = UVM_WRITE status = UVM_IS_OK
# UVM_INFO /ictc/other/tools/QuestaDVA/questasim/verilog_src/uvm-1.2/src/reg/uvm_reg_predictor.svh(221) @ 2194413000: uvm_test_top.env.ahb_predictor [REG_PREDICT] Observed WRITE transaction to register regmodel.DLL: value='h36 : updated value = 'h36
# UVM_INFO ./../regmodel/uart_reg2ahb_adapter.sv(42) @ 2194413000: reporter [uart_reg2ahb_adapter] bus2reg: address = 0x8 data = 0x0 kind = UVM_WRITE status = UVM_IS_OK
# UVM_INFO /ictc/other/tools/QuestaDVA/questasim/verilog_src/uvm-1.2/src/reg/uvm_reg_predictor.svh(221) @ 2194413000: uvm_test_top.env.ahb_predictor [REG_PREDICT] Observed WRITE transaction to register regmodel.DLH: value='h0 : updated value = 'h0
# UVM_INFO ./../regmodel/uart_reg2ahb_adapter.sv(42) @ 2194413000: reporter [uart_reg2ahb_adapter] bus2reg: address = 0xc data = 0x2a kind = UVM_WRITE status = UVM_IS_OK
# UVM_INFO /ictc/other/tools/QuestaDVA/questasim/verilog_src/uvm-1.2/src/reg/uvm_reg_predictor.svh(221) @ 2194413000: uvm_test_top.env.ahb_predictor [REG_PREDICT] Observed WRITE transaction to register regmodel.LCR: value='h2a : updated value = 'h2a
# UVM_INFO ./../regmodel/uart_reg2ahb_adapter.sv(42) @ 2194413000: reporter [uart_reg2ahb_adapter] bus2reg: address = 0x10 data = 0x8 kind = UVM_WRITE status = UVM_IS_OK
# UVM_INFO /ictc/other/tools/QuestaDVA/questasim/verilog_src/uvm-1.2/src/reg/uvm_reg_predictor.svh(221) @ 2194413000: uvm_test_top.env.ahb_predictor [REG_PREDICT] Observed WRITE transaction to register regmodel.IER: value='h8 : updated value = 'h8
# ===== Received Data from IER =====
# UVM_INFO ./../regmodel/uart_reg2ahb_adapter.sv(42) @ 2194413000: reporter [uart_reg2ahb_adapter] bus2reg: address = 0x14 data = 0x6 kind = UVM_READ status = UVM_IS_OK
# UVM_INFO /ictc/other/tools/QuestaDVA/questasim/verilog_src/uvm-1.2/src/reg/uvm_reg_predictor.svh(225) @ 2194413000: uvm_test_top.env.ahb_predictor [REG_PREDICT] Observed READ transaction to register regmodel.FSR: value='h6
# UVM_ERROR ./../sequences/ahb_rxd_rx_empty_sequence.sv(130) @ 2194423000: uvm_test_top.env.ahb_agt.sequencer@@rx_empty [ahb_rxd_rx_empty_sequence] 
# ===== FAILED!!! RX_EMPTY_STATUS is not right =====
# UVM_INFO ./../regmodel/uart_reg2ahb_adapter.sv(42) @ 2194594000: reporter [uart_reg2ahb_adapter] bus2reg: address = 0x14 data = 0x6 kind = UVM_READ status = UVM_IS_OK
# UVM_INFO /ictc/other/tools/QuestaDVA/questasim/verilog_src/uvm-1.2/src/reg/uvm_reg_predictor.svh(225) @ 2194594000: uvm_test_top.env.ahb_predictor [REG_PREDICT] Observed READ transaction to register regmodel.FSR: value='h6
# UVM_INFO ./../testcases/uart_rxd_interrupt.sv(40) @ 2204604000: uvm_test_top [uart_rxd_interrupt] -------------------------------------------------------------
# Name                Type                Size  Value          
# -------------------------------------------------------------
# cfg                 uart_configuration  -     @360           
#   parity_mode       parity_mode_e       32    UART_PARITY_ODD
#   sampling          sampling_mode_e     32    MODE_X13       
#   data_width        integral            32    'h7            
#   num_of_stop_bit   integral            32    'h1            
#   baud_rate         integral            32    'h1c200        
#   baud_rate_enable  integral            1     'h0            
#   parity_enable     integral            1     'h0            
#   interrupt_enable  integral            1     'h0            
# -------------------------------------------------------------
# 
# UVM_INFO ./../regmodel/uart_reg2ahb_adapter.sv(42) @ 2204604000: reporter [uart_reg2ahb_adapter] bus2reg: address = 0x0 data = 0x1 kind = UVM_WRITE status = UVM_IS_OK
# UVM_INFO /ictc/other/tools/QuestaDVA/questasim/verilog_src/uvm-1.2/src/reg/uvm_reg_predictor.svh(221) @ 2204604000: uvm_test_top.env.ahb_predictor [REG_PREDICT] Observed WRITE transaction to register regmodel.MDR: value='h1 : updated value = 'h1
# UVM_INFO ./../regmodel/uart_reg2ahb_adapter.sv(42) @ 2204604000: reporter [uart_reg2ahb_adapter] bus2reg: address = 0x4 data = 0x43 kind = UVM_WRITE status = UVM_IS_OK
# UVM_INFO /ictc/other/tools/QuestaDVA/questasim/verilog_src/uvm-1.2/src/reg/uvm_reg_predictor.svh(221) @ 2204604000: uvm_test_top.env.ahb_predictor [REG_PREDICT] Observed WRITE transaction to register regmodel.DLL: value='h43 : updated value = 'h43
# UVM_INFO ./../regmodel/uart_reg2ahb_adapter.sv(42) @ 2204604000: reporter [uart_reg2ahb_adapter] bus2reg: address = 0x8 data = 0x0 kind = UVM_WRITE status = UVM_IS_OK
# UVM_INFO /ictc/other/tools/QuestaDVA/questasim/verilog_src/uvm-1.2/src/reg/uvm_reg_predictor.svh(221) @ 2204604000: uvm_test_top.env.ahb_predictor [REG_PREDICT] Observed WRITE transaction to register regmodel.DLH: value='h0 : updated value = 'h0
# UVM_INFO ./../regmodel/uart_reg2ahb_adapter.sv(42) @ 2204604000: reporter [uart_reg2ahb_adapter] bus2reg: address = 0xc data = 0x2a kind = UVM_WRITE status = UVM_IS_OK
# UVM_INFO /ictc/other/tools/QuestaDVA/questasim/verilog_src/uvm-1.2/src/reg/uvm_reg_predictor.svh(221) @ 2204604000: uvm_test_top.env.ahb_predictor [REG_PREDICT] Observed WRITE transaction to register regmodel.LCR: value='h2a : updated value = 'h2a
# UVM_INFO ./../regmodel/uart_reg2ahb_adapter.sv(42) @ 2204604000: reporter [uart_reg2ahb_adapter] bus2reg: address = 0x10 data = 0x8 kind = UVM_WRITE status = UVM_IS_OK
# UVM_INFO /ictc/other/tools/QuestaDVA/questasim/verilog_src/uvm-1.2/src/reg/uvm_reg_predictor.svh(221) @ 2204604000: uvm_test_top.env.ahb_predictor [REG_PREDICT] Observed WRITE transaction to register regmodel.IER: value='h8 : updated value = 'h8
# ===== Received Data from IER =====
# UVM_INFO ./../regmodel/uart_reg2ahb_adapter.sv(42) @ 2204604000: reporter [uart_reg2ahb_adapter] bus2reg: address = 0x14 data = 0x6 kind = UVM_READ status = UVM_IS_OK
# UVM_INFO /ictc/other/tools/QuestaDVA/questasim/verilog_src/uvm-1.2/src/reg/uvm_reg_predictor.svh(225) @ 2204604000: uvm_test_top.env.ahb_predictor [REG_PREDICT] Observed READ transaction to register regmodel.FSR: value='h6
# UVM_ERROR ./../sequences/ahb_rxd_rx_empty_sequence.sv(130) @ 2204614000: uvm_test_top.env.ahb_agt.sequencer@@rx_empty [ahb_rxd_rx_empty_sequence] 
# ===== FAILED!!! RX_EMPTY_STATUS is not right =====
# UVM_INFO ./../regmodel/uart_reg2ahb_adapter.sv(42) @ 2204784000: reporter [uart_reg2ahb_adapter] bus2reg: address = 0x14 data = 0x6 kind = UVM_READ status = UVM_IS_OK
# UVM_INFO /ictc/other/tools/QuestaDVA/questasim/verilog_src/uvm-1.2/src/reg/uvm_reg_predictor.svh(225) @ 2204784000: uvm_test_top.env.ahb_predictor [REG_PREDICT] Observed READ transaction to register regmodel.FSR: value='h6
# UVM_INFO ./../testcases/uart_rxd_interrupt.sv(40) @ 2214794000: uvm_test_top [uart_rxd_interrupt] -------------------------------------------------------------
# Name                Type                Size  Value          
# -------------------------------------------------------------
# cfg                 uart_configuration  -     @360           
#   parity_mode       parity_mode_e       32    UART_PARITY_ODD
#   sampling          sampling_mode_e     32    MODE_X16       
#   data_width        integral            32    'h7            
#   num_of_stop_bit   integral            32    'h2            
#   baud_rate         integral            32    'h960          
#   baud_rate_enable  integral            1     'h0            
#   parity_enable     integral            1     'h0            
#   interrupt_enable  integral            1     'h0            
# -------------------------------------------------------------
# 
# UVM_INFO ./../regmodel/uart_reg2ahb_adapter.sv(42) @ 2214794000: reporter [uart_reg2ahb_adapter] bus2reg: address = 0x0 data = 0x0 kind = UVM_WRITE status = UVM_IS_OK
# UVM_INFO /ictc/other/tools/QuestaDVA/questasim/verilog_src/uvm-1.2/src/reg/uvm_reg_predictor.svh(221) @ 2214794000: uvm_test_top.env.ahb_predictor [REG_PREDICT] Observed WRITE transaction to register regmodel.MDR: value='h0 : updated value = 'h0
# UVM_INFO ./../regmodel/uart_reg2ahb_adapter.sv(42) @ 2214794000: reporter [uart_reg2ahb_adapter] bus2reg: address = 0x4 data = 0x2c kind = UVM_WRITE status = UVM_IS_OK
# UVM_INFO /ictc/other/tools/QuestaDVA/questasim/verilog_src/uvm-1.2/src/reg/uvm_reg_predictor.svh(221) @ 2214794000: uvm_test_top.env.ahb_predictor [REG_PREDICT] Observed WRITE transaction to register regmodel.DLL: value='h2c : updated value = 'h2c
# UVM_INFO ./../regmodel/uart_reg2ahb_adapter.sv(42) @ 2214794000: reporter [uart_reg2ahb_adapter] bus2reg: address = 0x8 data = 0xa kind = UVM_WRITE status = UVM_IS_OK
# UVM_INFO /ictc/other/tools/QuestaDVA/questasim/verilog_src/uvm-1.2/src/reg/uvm_reg_predictor.svh(221) @ 2214794000: uvm_test_top.env.ahb_predictor [REG_PREDICT] Observed WRITE transaction to register regmodel.DLH: value='ha : updated value = 'ha
# UVM_INFO ./../regmodel/uart_reg2ahb_adapter.sv(42) @ 2214794000: reporter [uart_reg2ahb_adapter] bus2reg: address = 0xc data = 0x2e kind = UVM_WRITE status = UVM_IS_OK
# UVM_INFO /ictc/other/tools/QuestaDVA/questasim/verilog_src/uvm-1.2/src/reg/uvm_reg_predictor.svh(221) @ 2214794000: uvm_test_top.env.ahb_predictor [REG_PREDICT] Observed WRITE transaction to register regmodel.LCR: value='h2e : updated value = 'h2e
# UVM_INFO ./../regmodel/uart_reg2ahb_adapter.sv(42) @ 2214794000: reporter [uart_reg2ahb_adapter] bus2reg: address = 0x10 data = 0x8 kind = UVM_WRITE status = UVM_IS_OK
# UVM_INFO /ictc/other/tools/QuestaDVA/questasim/verilog_src/uvm-1.2/src/reg/uvm_reg_predictor.svh(221) @ 2214794000: uvm_test_top.env.ahb_predictor [REG_PREDICT] Observed WRITE transaction to register regmodel.IER: value='h8 : updated value = 'h8
# ===== Received Data from IER =====
# UVM_INFO ./../regmodel/uart_reg2ahb_adapter.sv(42) @ 2214795000: reporter [uart_reg2ahb_adapter] bus2reg: address = 0x14 data = 0x6 kind = UVM_READ status = UVM_IS_OK
# UVM_INFO /ictc/other/tools/QuestaDVA/questasim/verilog_src/uvm-1.2/src/reg/uvm_reg_predictor.svh(225) @ 2214795000: uvm_test_top.env.ahb_predictor [REG_PREDICT] Observed READ transaction to register regmodel.FSR: value='h6
# UVM_ERROR ./../sequences/ahb_rxd_rx_empty_sequence.sv(130) @ 2214805000: uvm_test_top.env.ahb_agt.sequencer@@rx_empty [ahb_rxd_rx_empty_sequence] 
# ===== FAILED!!! RX_EMPTY_STATUS is not right =====
# UVM_INFO ./../regmodel/uart_reg2ahb_adapter.sv(42) @ 2223968000: reporter [uart_reg2ahb_adapter] bus2reg: address = 0x14 data = 0x6 kind = UVM_READ status = UVM_IS_OK
# UVM_INFO /ictc/other/tools/QuestaDVA/questasim/verilog_src/uvm-1.2/src/reg/uvm_reg_predictor.svh(225) @ 2223968000: uvm_test_top.env.ahb_predictor [REG_PREDICT] Observed READ transaction to register regmodel.FSR: value='h6
# UVM_INFO ./../testcases/uart_rxd_interrupt.sv(40) @ 2233978000: uvm_test_top [uart_rxd_interrupt] -------------------------------------------------------------
# Name                Type                Size  Value          
# -------------------------------------------------------------
# cfg                 uart_configuration  -     @360           
#   parity_mode       parity_mode_e       32    UART_PARITY_ODD
#   sampling          sampling_mode_e     32    MODE_X13       
#   data_width        integral            32    'h7            
#   num_of_stop_bit   integral            32    'h2            
#   baud_rate         integral            32    'h960          
#   baud_rate_enable  integral            1     'h0            
#   parity_enable     integral            1     'h0            
#   interrupt_enable  integral            1     'h0            
# -------------------------------------------------------------
# 
# UVM_INFO ./../regmodel/uart_reg2ahb_adapter.sv(42) @ 2233978000: reporter [uart_reg2ahb_adapter] bus2reg: address = 0x0 data = 0x1 kind = UVM_WRITE status = UVM_IS_OK
# UVM_INFO /ictc/other/tools/QuestaDVA/questasim/verilog_src/uvm-1.2/src/reg/uvm_reg_predictor.svh(221) @ 2233978000: uvm_test_top.env.ahb_predictor [REG_PREDICT] Observed WRITE transaction to register regmodel.MDR: value='h1 : updated value = 'h1
# UVM_INFO ./../regmodel/uart_reg2ahb_adapter.sv(42) @ 2233978000: reporter [uart_reg2ahb_adapter] bus2reg: address = 0x4 data = 0x85 kind = UVM_WRITE status = UVM_IS_OK
# UVM_INFO /ictc/other/tools/QuestaDVA/questasim/verilog_src/uvm-1.2/src/reg/uvm_reg_predictor.svh(221) @ 2233978000: uvm_test_top.env.ahb_predictor [REG_PREDICT] Observed WRITE transaction to register regmodel.DLL: value='h85 : updated value = 'h85
# UVM_INFO ./../regmodel/uart_reg2ahb_adapter.sv(42) @ 2233978000: reporter [uart_reg2ahb_adapter] bus2reg: address = 0x8 data = 0xc kind = UVM_WRITE status = UVM_IS_OK
# UVM_INFO /ictc/other/tools/QuestaDVA/questasim/verilog_src/uvm-1.2/src/reg/uvm_reg_predictor.svh(221) @ 2233978000: uvm_test_top.env.ahb_predictor [REG_PREDICT] Observed WRITE transaction to register regmodel.DLH: value='hc : updated value = 'hc
# UVM_INFO ./../regmodel/uart_reg2ahb_adapter.sv(42) @ 2233978000: reporter [uart_reg2ahb_adapter] bus2reg: address = 0xc data = 0x2e kind = UVM_WRITE status = UVM_IS_OK
# UVM_INFO /ictc/other/tools/QuestaDVA/questasim/verilog_src/uvm-1.2/src/reg/uvm_reg_predictor.svh(221) @ 2233978000: uvm_test_top.env.ahb_predictor [REG_PREDICT] Observed WRITE transaction to register regmodel.LCR: value='h2e : updated value = 'h2e
# UVM_INFO ./../regmodel/uart_reg2ahb_adapter.sv(42) @ 2233978000: reporter [uart_reg2ahb_adapter] bus2reg: address = 0x10 data = 0x8 kind = UVM_WRITE status = UVM_IS_OK
# UVM_INFO /ictc/other/tools/QuestaDVA/questasim/verilog_src/uvm-1.2/src/reg/uvm_reg_predictor.svh(221) @ 2233978000: uvm_test_top.env.ahb_predictor [REG_PREDICT] Observed WRITE transaction to register regmodel.IER: value='h8 : updated value = 'h8
# ===== Received Data from IER =====
# UVM_INFO ./../regmodel/uart_reg2ahb_adapter.sv(42) @ 2233978000: reporter [uart_reg2ahb_adapter] bus2reg: address = 0x14 data = 0x6 kind = UVM_READ status = UVM_IS_OK
# UVM_INFO /ictc/other/tools/QuestaDVA/questasim/verilog_src/uvm-1.2/src/reg/uvm_reg_predictor.svh(225) @ 2233978000: uvm_test_top.env.ahb_predictor [REG_PREDICT] Observed READ transaction to register regmodel.FSR: value='h6
# UVM_ERROR ./../sequences/ahb_rxd_rx_empty_sequence.sv(130) @ 2233988000: uvm_test_top.env.ahb_agt.sequencer@@rx_empty [ahb_rxd_rx_empty_sequence] 
# ===== FAILED!!! RX_EMPTY_STATUS is not right =====
# UVM_INFO ./../regmodel/uart_reg2ahb_adapter.sv(42) @ 2243151000: reporter [uart_reg2ahb_adapter] bus2reg: address = 0x14 data = 0x6 kind = UVM_READ status = UVM_IS_OK
# UVM_INFO /ictc/other/tools/QuestaDVA/questasim/verilog_src/uvm-1.2/src/reg/uvm_reg_predictor.svh(225) @ 2243151000: uvm_test_top.env.ahb_predictor [REG_PREDICT] Observed READ transaction to register regmodel.FSR: value='h6
# UVM_INFO ./../testcases/uart_rxd_interrupt.sv(40) @ 2253161000: uvm_test_top [uart_rxd_interrupt] -------------------------------------------------------------
# Name                Type                Size  Value          
# -------------------------------------------------------------
# cfg                 uart_configuration  -     @360           
#   parity_mode       parity_mode_e       32    UART_PARITY_ODD
#   sampling          sampling_mode_e     32    MODE_X16       
#   data_width        integral            32    'h7            
#   num_of_stop_bit   integral            32    'h2            
#   baud_rate         integral            32    'h12c0         
#   baud_rate_enable  integral            1     'h0            
#   parity_enable     integral            1     'h0            
#   interrupt_enable  integral            1     'h0            
# -------------------------------------------------------------
# 
# UVM_INFO ./../regmodel/uart_reg2ahb_adapter.sv(42) @ 2253161000: reporter [uart_reg2ahb_adapter] bus2reg: address = 0x0 data = 0x0 kind = UVM_WRITE status = UVM_IS_OK
# UVM_INFO /ictc/other/tools/QuestaDVA/questasim/verilog_src/uvm-1.2/src/reg/uvm_reg_predictor.svh(221) @ 2253161000: uvm_test_top.env.ahb_predictor [REG_PREDICT] Observed WRITE transaction to register regmodel.MDR: value='h0 : updated value = 'h0
# UVM_INFO ./../regmodel/uart_reg2ahb_adapter.sv(42) @ 2253161000: reporter [uart_reg2ahb_adapter] bus2reg: address = 0x4 data = 0x16 kind = UVM_WRITE status = UVM_IS_OK
# UVM_INFO /ictc/other/tools/QuestaDVA/questasim/verilog_src/uvm-1.2/src/reg/uvm_reg_predictor.svh(221) @ 2253161000: uvm_test_top.env.ahb_predictor [REG_PREDICT] Observed WRITE transaction to register regmodel.DLL: value='h16 : updated value = 'h16
# UVM_INFO ./../regmodel/uart_reg2ahb_adapter.sv(42) @ 2253161000: reporter [uart_reg2ahb_adapter] bus2reg: address = 0x8 data = 0x5 kind = UVM_WRITE status = UVM_IS_OK
# UVM_INFO /ictc/other/tools/QuestaDVA/questasim/verilog_src/uvm-1.2/src/reg/uvm_reg_predictor.svh(221) @ 2253161000: uvm_test_top.env.ahb_predictor [REG_PREDICT] Observed WRITE transaction to register regmodel.DLH: value='h5 : updated value = 'h5
# UVM_INFO ./../regmodel/uart_reg2ahb_adapter.sv(42) @ 2253161000: reporter [uart_reg2ahb_adapter] bus2reg: address = 0xc data = 0x2e kind = UVM_WRITE status = UVM_IS_OK
# UVM_INFO /ictc/other/tools/QuestaDVA/questasim/verilog_src/uvm-1.2/src/reg/uvm_reg_predictor.svh(221) @ 2253161000: uvm_test_top.env.ahb_predictor [REG_PREDICT] Observed WRITE transaction to register regmodel.LCR: value='h2e : updated value = 'h2e
# UVM_INFO ./../regmodel/uart_reg2ahb_adapter.sv(42) @ 2253162000: reporter [uart_reg2ahb_adapter] bus2reg: address = 0x10 data = 0x8 kind = UVM_WRITE status = UVM_IS_OK
# UVM_INFO /ictc/other/tools/QuestaDVA/questasim/verilog_src/uvm-1.2/src/reg/uvm_reg_predictor.svh(221) @ 2253162000: uvm_test_top.env.ahb_predictor [REG_PREDICT] Observed WRITE transaction to register regmodel.IER: value='h8 : updated value = 'h8
# ===== Received Data from IER =====
# UVM_INFO ./../regmodel/uart_reg2ahb_adapter.sv(42) @ 2253162000: reporter [uart_reg2ahb_adapter] bus2reg: address = 0x14 data = 0x6 kind = UVM_READ status = UVM_IS_OK
# UVM_INFO /ictc/other/tools/QuestaDVA/questasim/verilog_src/uvm-1.2/src/reg/uvm_reg_predictor.svh(225) @ 2253162000: uvm_test_top.env.ahb_predictor [REG_PREDICT] Observed READ transaction to register regmodel.FSR: value='h6
# UVM_ERROR ./../sequences/ahb_rxd_rx_empty_sequence.sv(130) @ 2253172000: uvm_test_top.env.ahb_agt.sequencer@@rx_empty [ahb_rxd_rx_empty_sequence] 
# ===== FAILED!!! RX_EMPTY_STATUS is not right =====
# UVM_INFO ./../regmodel/uart_reg2ahb_adapter.sv(42) @ 2257759000: reporter [uart_reg2ahb_adapter] bus2reg: address = 0x14 data = 0x6 kind = UVM_READ status = UVM_IS_OK
# UVM_INFO /ictc/other/tools/QuestaDVA/questasim/verilog_src/uvm-1.2/src/reg/uvm_reg_predictor.svh(225) @ 2257759000: uvm_test_top.env.ahb_predictor [REG_PREDICT] Observed READ transaction to register regmodel.FSR: value='h6
# UVM_INFO ./../testcases/uart_rxd_interrupt.sv(40) @ 2267769000: uvm_test_top [uart_rxd_interrupt] -------------------------------------------------------------
# Name                Type                Size  Value          
# -------------------------------------------------------------
# cfg                 uart_configuration  -     @360           
#   parity_mode       parity_mode_e       32    UART_PARITY_ODD
#   sampling          sampling_mode_e     32    MODE_X13       
#   data_width        integral            32    'h7            
#   num_of_stop_bit   integral            32    'h2            
#   baud_rate         integral            32    'h12c0         
#   baud_rate_enable  integral            1     'h0            
#   parity_enable     integral            1     'h0            
#   interrupt_enable  integral            1     'h0            
# -------------------------------------------------------------
# 
# UVM_INFO ./../regmodel/uart_reg2ahb_adapter.sv(42) @ 2267769000: reporter [uart_reg2ahb_adapter] bus2reg: address = 0x0 data = 0x1 kind = UVM_WRITE status = UVM_IS_OK
# UVM_INFO /ictc/other/tools/QuestaDVA/questasim/verilog_src/uvm-1.2/src/reg/uvm_reg_predictor.svh(221) @ 2267769000: uvm_test_top.env.ahb_predictor [REG_PREDICT] Observed WRITE transaction to register regmodel.MDR: value='h1 : updated value = 'h1
# UVM_INFO ./../regmodel/uart_reg2ahb_adapter.sv(42) @ 2267769000: reporter [uart_reg2ahb_adapter] bus2reg: address = 0x4 data = 0x42 kind = UVM_WRITE status = UVM_IS_OK
# UVM_INFO /ictc/other/tools/QuestaDVA/questasim/verilog_src/uvm-1.2/src/reg/uvm_reg_predictor.svh(221) @ 2267769000: uvm_test_top.env.ahb_predictor [REG_PREDICT] Observed WRITE transaction to register regmodel.DLL: value='h42 : updated value = 'h42
# UVM_INFO ./../regmodel/uart_reg2ahb_adapter.sv(42) @ 2267769000: reporter [uart_reg2ahb_adapter] bus2reg: address = 0x8 data = 0x6 kind = UVM_WRITE status = UVM_IS_OK
# UVM_INFO /ictc/other/tools/QuestaDVA/questasim/verilog_src/uvm-1.2/src/reg/uvm_reg_predictor.svh(221) @ 2267769000: uvm_test_top.env.ahb_predictor [REG_PREDICT] Observed WRITE transaction to register regmodel.DLH: value='h6 : updated value = 'h6
# UVM_INFO ./../regmodel/uart_reg2ahb_adapter.sv(42) @ 2267769000: reporter [uart_reg2ahb_adapter] bus2reg: address = 0xc data = 0x2e kind = UVM_WRITE status = UVM_IS_OK
# UVM_INFO /ictc/other/tools/QuestaDVA/questasim/verilog_src/uvm-1.2/src/reg/uvm_reg_predictor.svh(221) @ 2267769000: uvm_test_top.env.ahb_predictor [REG_PREDICT] Observed WRITE transaction to register regmodel.LCR: value='h2e : updated value = 'h2e
# UVM_INFO ./../regmodel/uart_reg2ahb_adapter.sv(42) @ 2267769000: reporter [uart_reg2ahb_adapter] bus2reg: address = 0x10 data = 0x8 kind = UVM_WRITE status = UVM_IS_OK
# UVM_INFO /ictc/other/tools/QuestaDVA/questasim/verilog_src/uvm-1.2/src/reg/uvm_reg_predictor.svh(221) @ 2267769000: uvm_test_top.env.ahb_predictor [REG_PREDICT] Observed WRITE transaction to register regmodel.IER: value='h8 : updated value = 'h8
# ===== Received Data from IER =====
# UVM_INFO ./../regmodel/uart_reg2ahb_adapter.sv(42) @ 2267769000: reporter [uart_reg2ahb_adapter] bus2reg: address = 0x14 data = 0x6 kind = UVM_READ status = UVM_IS_OK
# UVM_INFO /ictc/other/tools/QuestaDVA/questasim/verilog_src/uvm-1.2/src/reg/uvm_reg_predictor.svh(225) @ 2267769000: uvm_test_top.env.ahb_predictor [REG_PREDICT] Observed READ transaction to register regmodel.FSR: value='h6
# UVM_ERROR ./../sequences/ahb_rxd_rx_empty_sequence.sv(130) @ 2267779000: uvm_test_top.env.ahb_agt.sequencer@@rx_empty [ahb_rxd_rx_empty_sequence] 
# ===== FAILED!!! RX_EMPTY_STATUS is not right =====
# UVM_INFO ./../regmodel/uart_reg2ahb_adapter.sv(42) @ 2272366000: reporter [uart_reg2ahb_adapter] bus2reg: address = 0x14 data = 0x6 kind = UVM_READ status = UVM_IS_OK
# UVM_INFO /ictc/other/tools/QuestaDVA/questasim/verilog_src/uvm-1.2/src/reg/uvm_reg_predictor.svh(225) @ 2272366000: uvm_test_top.env.ahb_predictor [REG_PREDICT] Observed READ transaction to register regmodel.FSR: value='h6
# UVM_INFO ./../testcases/uart_rxd_interrupt.sv(40) @ 2282376000: uvm_test_top [uart_rxd_interrupt] -------------------------------------------------------------
# Name                Type                Size  Value          
# -------------------------------------------------------------
# cfg                 uart_configuration  -     @360           
#   parity_mode       parity_mode_e       32    UART_PARITY_ODD
#   sampling          sampling_mode_e     32    MODE_X16       
#   data_width        integral            32    'h7            
#   num_of_stop_bit   integral            32    'h2            
#   baud_rate         integral            32    'h2580         
#   baud_rate_enable  integral            1     'h0            
#   parity_enable     integral            1     'h0            
#   interrupt_enable  integral            1     'h0            
# -------------------------------------------------------------
# 
# UVM_INFO ./../regmodel/uart_reg2ahb_adapter.sv(42) @ 2282376000: reporter [uart_reg2ahb_adapter] bus2reg: address = 0x0 data = 0x0 kind = UVM_WRITE status = UVM_IS_OK
# UVM_INFO /ictc/other/tools/QuestaDVA/questasim/verilog_src/uvm-1.2/src/reg/uvm_reg_predictor.svh(221) @ 2282376000: uvm_test_top.env.ahb_predictor [REG_PREDICT] Observed WRITE transaction to register regmodel.MDR: value='h0 : updated value = 'h0
# UVM_INFO ./../regmodel/uart_reg2ahb_adapter.sv(42) @ 2282376000: reporter [uart_reg2ahb_adapter] bus2reg: address = 0x4 data = 0x8b kind = UVM_WRITE status = UVM_IS_OK
# UVM_INFO /ictc/other/tools/QuestaDVA/questasim/verilog_src/uvm-1.2/src/reg/uvm_reg_predictor.svh(221) @ 2282376000: uvm_test_top.env.ahb_predictor [REG_PREDICT] Observed WRITE transaction to register regmodel.DLL: value='h8b : updated value = 'h8b
# UVM_INFO ./../regmodel/uart_reg2ahb_adapter.sv(42) @ 2282377000: reporter [uart_reg2ahb_adapter] bus2reg: address = 0x8 data = 0x2 kind = UVM_WRITE status = UVM_IS_OK
# UVM_INFO /ictc/other/tools/QuestaDVA/questasim/verilog_src/uvm-1.2/src/reg/uvm_reg_predictor.svh(221) @ 2282377000: uvm_test_top.env.ahb_predictor [REG_PREDICT] Observed WRITE transaction to register regmodel.DLH: value='h2 : updated value = 'h2
# UVM_INFO ./../regmodel/uart_reg2ahb_adapter.sv(42) @ 2282377000: reporter [uart_reg2ahb_adapter] bus2reg: address = 0xc data = 0x2e kind = UVM_WRITE status = UVM_IS_OK
# UVM_INFO /ictc/other/tools/QuestaDVA/questasim/verilog_src/uvm-1.2/src/reg/uvm_reg_predictor.svh(221) @ 2282377000: uvm_test_top.env.ahb_predictor [REG_PREDICT] Observed WRITE transaction to register regmodel.LCR: value='h2e : updated value = 'h2e
# UVM_INFO ./../regmodel/uart_reg2ahb_adapter.sv(42) @ 2282377000: reporter [uart_reg2ahb_adapter] bus2reg: address = 0x10 data = 0x8 kind = UVM_WRITE status = UVM_IS_OK
# UVM_INFO /ictc/other/tools/QuestaDVA/questasim/verilog_src/uvm-1.2/src/reg/uvm_reg_predictor.svh(221) @ 2282377000: uvm_test_top.env.ahb_predictor [REG_PREDICT] Observed WRITE transaction to register regmodel.IER: value='h8 : updated value = 'h8
# ===== Received Data from IER =====
# UVM_INFO ./../regmodel/uart_reg2ahb_adapter.sv(42) @ 2282377000: reporter [uart_reg2ahb_adapter] bus2reg: address = 0x14 data = 0x6 kind = UVM_READ status = UVM_IS_OK
# UVM_INFO /ictc/other/tools/QuestaDVA/questasim/verilog_src/uvm-1.2/src/reg/uvm_reg_predictor.svh(225) @ 2282377000: uvm_test_top.env.ahb_predictor [REG_PREDICT] Observed READ transaction to register regmodel.FSR: value='h6
# UVM_ERROR ./../sequences/ahb_rxd_rx_empty_sequence.sv(130) @ 2282387000: uvm_test_top.env.ahb_agt.sequencer@@rx_empty [ahb_rxd_rx_empty_sequence] 
# ===== FAILED!!! RX_EMPTY_STATUS is not right =====
# UVM_INFO ./../regmodel/uart_reg2ahb_adapter.sv(42) @ 2284675000: reporter [uart_reg2ahb_adapter] bus2reg: address = 0x14 data = 0x6 kind = UVM_READ status = UVM_IS_OK
# UVM_INFO /ictc/other/tools/QuestaDVA/questasim/verilog_src/uvm-1.2/src/reg/uvm_reg_predictor.svh(225) @ 2284675000: uvm_test_top.env.ahb_predictor [REG_PREDICT] Observed READ transaction to register regmodel.FSR: value='h6
# UVM_INFO ./../testcases/uart_rxd_interrupt.sv(40) @ 2294685000: uvm_test_top [uart_rxd_interrupt] -------------------------------------------------------------
# Name                Type                Size  Value          
# -------------------------------------------------------------
# cfg                 uart_configuration  -     @360           
#   parity_mode       parity_mode_e       32    UART_PARITY_ODD
#   sampling          sampling_mode_e     32    MODE_X13       
#   data_width        integral            32    'h7            
#   num_of_stop_bit   integral            32    'h2            
#   baud_rate         integral            32    'h2580         
#   baud_rate_enable  integral            1     'h0            
#   parity_enable     integral            1     'h0            
#   interrupt_enable  integral            1     'h0            
# -------------------------------------------------------------
# 
# UVM_INFO ./../regmodel/uart_reg2ahb_adapter.sv(42) @ 2294685000: reporter [uart_reg2ahb_adapter] bus2reg: address = 0x0 data = 0x1 kind = UVM_WRITE status = UVM_IS_OK
# UVM_INFO /ictc/other/tools/QuestaDVA/questasim/verilog_src/uvm-1.2/src/reg/uvm_reg_predictor.svh(221) @ 2294685000: uvm_test_top.env.ahb_predictor [REG_PREDICT] Observed WRITE transaction to register regmodel.MDR: value='h1 : updated value = 'h1
# UVM_INFO ./../regmodel/uart_reg2ahb_adapter.sv(42) @ 2294685000: reporter [uart_reg2ahb_adapter] bus2reg: address = 0x4 data = 0x21 kind = UVM_WRITE status = UVM_IS_OK
# UVM_INFO /ictc/other/tools/QuestaDVA/questasim/verilog_src/uvm-1.2/src/reg/uvm_reg_predictor.svh(221) @ 2294685000: uvm_test_top.env.ahb_predictor [REG_PREDICT] Observed WRITE transaction to register regmodel.DLL: value='h21 : updated value = 'h21
# UVM_INFO ./../regmodel/uart_reg2ahb_adapter.sv(42) @ 2294685000: reporter [uart_reg2ahb_adapter] bus2reg: address = 0x8 data = 0x3 kind = UVM_WRITE status = UVM_IS_OK
# UVM_INFO /ictc/other/tools/QuestaDVA/questasim/verilog_src/uvm-1.2/src/reg/uvm_reg_predictor.svh(221) @ 2294685000: uvm_test_top.env.ahb_predictor [REG_PREDICT] Observed WRITE transaction to register regmodel.DLH: value='h3 : updated value = 'h3
# UVM_INFO ./../regmodel/uart_reg2ahb_adapter.sv(42) @ 2294685000: reporter [uart_reg2ahb_adapter] bus2reg: address = 0xc data = 0x2e kind = UVM_WRITE status = UVM_IS_OK
# UVM_INFO /ictc/other/tools/QuestaDVA/questasim/verilog_src/uvm-1.2/src/reg/uvm_reg_predictor.svh(221) @ 2294685000: uvm_test_top.env.ahb_predictor [REG_PREDICT] Observed WRITE transaction to register regmodel.LCR: value='h2e : updated value = 'h2e
# UVM_INFO ./../regmodel/uart_reg2ahb_adapter.sv(42) @ 2294685000: reporter [uart_reg2ahb_adapter] bus2reg: address = 0x10 data = 0x8 kind = UVM_WRITE status = UVM_IS_OK
# UVM_INFO /ictc/other/tools/QuestaDVA/questasim/verilog_src/uvm-1.2/src/reg/uvm_reg_predictor.svh(221) @ 2294685000: uvm_test_top.env.ahb_predictor [REG_PREDICT] Observed WRITE transaction to register regmodel.IER: value='h8 : updated value = 'h8
# ===== Received Data from IER =====
# UVM_INFO ./../regmodel/uart_reg2ahb_adapter.sv(42) @ 2294685000: reporter [uart_reg2ahb_adapter] bus2reg: address = 0x14 data = 0x6 kind = UVM_READ status = UVM_IS_OK
# UVM_INFO /ictc/other/tools/QuestaDVA/questasim/verilog_src/uvm-1.2/src/reg/uvm_reg_predictor.svh(225) @ 2294685000: uvm_test_top.env.ahb_predictor [REG_PREDICT] Observed READ transaction to register regmodel.FSR: value='h6
# UVM_ERROR ./../sequences/ahb_rxd_rx_empty_sequence.sv(130) @ 2294695000: uvm_test_top.env.ahb_agt.sequencer@@rx_empty [ahb_rxd_rx_empty_sequence] 
# ===== FAILED!!! RX_EMPTY_STATUS is not right =====
# UVM_INFO ./../regmodel/uart_reg2ahb_adapter.sv(42) @ 2296983000: reporter [uart_reg2ahb_adapter] bus2reg: address = 0x14 data = 0x6 kind = UVM_READ status = UVM_IS_OK
# UVM_INFO /ictc/other/tools/QuestaDVA/questasim/verilog_src/uvm-1.2/src/reg/uvm_reg_predictor.svh(225) @ 2296983000: uvm_test_top.env.ahb_predictor [REG_PREDICT] Observed READ transaction to register regmodel.FSR: value='h6
# UVM_INFO ./../testcases/uart_rxd_interrupt.sv(40) @ 2306993000: uvm_test_top [uart_rxd_interrupt] -------------------------------------------------------------
# Name                Type                Size  Value          
# -------------------------------------------------------------
# cfg                 uart_configuration  -     @360           
#   parity_mode       parity_mode_e       32    UART_PARITY_ODD
#   sampling          sampling_mode_e     32    MODE_X16       
#   data_width        integral            32    'h7            
#   num_of_stop_bit   integral            32    'h2            
#   baud_rate         integral            32    'h4b00         
#   baud_rate_enable  integral            1     'h0            
#   parity_enable     integral            1     'h0            
#   interrupt_enable  integral            1     'h0            
# -------------------------------------------------------------
# 
# UVM_INFO ./../regmodel/uart_reg2ahb_adapter.sv(42) @ 2306993000: reporter [uart_reg2ahb_adapter] bus2reg: address = 0x0 data = 0x0 kind = UVM_WRITE status = UVM_IS_OK
# UVM_INFO /ictc/other/tools/QuestaDVA/questasim/verilog_src/uvm-1.2/src/reg/uvm_reg_predictor.svh(221) @ 2306993000: uvm_test_top.env.ahb_predictor [REG_PREDICT] Observed WRITE transaction to register regmodel.MDR: value='h0 : updated value = 'h0
# UVM_INFO ./../regmodel/uart_reg2ahb_adapter.sv(42) @ 2306994000: reporter [uart_reg2ahb_adapter] bus2reg: address = 0x4 data = 0x45 kind = UVM_WRITE status = UVM_IS_OK
# UVM_INFO /ictc/other/tools/QuestaDVA/questasim/verilog_src/uvm-1.2/src/reg/uvm_reg_predictor.svh(221) @ 2306994000: uvm_test_top.env.ahb_predictor [REG_PREDICT] Observed WRITE transaction to register regmodel.DLL: value='h45 : updated value = 'h45
# UVM_INFO ./../regmodel/uart_reg2ahb_adapter.sv(42) @ 2306994000: reporter [uart_reg2ahb_adapter] bus2reg: address = 0x8 data = 0x1 kind = UVM_WRITE status = UVM_IS_OK
# UVM_INFO /ictc/other/tools/QuestaDVA/questasim/verilog_src/uvm-1.2/src/reg/uvm_reg_predictor.svh(221) @ 2306994000: uvm_test_top.env.ahb_predictor [REG_PREDICT] Observed WRITE transaction to register regmodel.DLH: value='h1 : updated value = 'h1
# UVM_INFO ./../regmodel/uart_reg2ahb_adapter.sv(42) @ 2306994000: reporter [uart_reg2ahb_adapter] bus2reg: address = 0xc data = 0x2e kind = UVM_WRITE status = UVM_IS_OK
# UVM_INFO /ictc/other/tools/QuestaDVA/questasim/verilog_src/uvm-1.2/src/reg/uvm_reg_predictor.svh(221) @ 2306994000: uvm_test_top.env.ahb_predictor [REG_PREDICT] Observed WRITE transaction to register regmodel.LCR: value='h2e : updated value = 'h2e
# UVM_INFO ./../regmodel/uart_reg2ahb_adapter.sv(42) @ 2306994000: reporter [uart_reg2ahb_adapter] bus2reg: address = 0x10 data = 0x8 kind = UVM_WRITE status = UVM_IS_OK
# UVM_INFO /ictc/other/tools/QuestaDVA/questasim/verilog_src/uvm-1.2/src/reg/uvm_reg_predictor.svh(221) @ 2306994000: uvm_test_top.env.ahb_predictor [REG_PREDICT] Observed WRITE transaction to register regmodel.IER: value='h8 : updated value = 'h8
# ===== Received Data from IER =====
# UVM_INFO ./../regmodel/uart_reg2ahb_adapter.sv(42) @ 2306994000: reporter [uart_reg2ahb_adapter] bus2reg: address = 0x14 data = 0x6 kind = UVM_READ status = UVM_IS_OK
# UVM_INFO /ictc/other/tools/QuestaDVA/questasim/verilog_src/uvm-1.2/src/reg/uvm_reg_predictor.svh(225) @ 2306994000: uvm_test_top.env.ahb_predictor [REG_PREDICT] Observed READ transaction to register regmodel.FSR: value='h6
# UVM_ERROR ./../sequences/ahb_rxd_rx_empty_sequence.sv(130) @ 2307004000: uvm_test_top.env.ahb_agt.sequencer@@rx_empty [ahb_rxd_rx_empty_sequence] 
# ===== FAILED!!! RX_EMPTY_STATUS is not right =====
# UVM_INFO ./../regmodel/uart_reg2ahb_adapter.sv(42) @ 2308148000: reporter [uart_reg2ahb_adapter] bus2reg: address = 0x14 data = 0x6 kind = UVM_READ status = UVM_IS_OK
# UVM_INFO /ictc/other/tools/QuestaDVA/questasim/verilog_src/uvm-1.2/src/reg/uvm_reg_predictor.svh(225) @ 2308148000: uvm_test_top.env.ahb_predictor [REG_PREDICT] Observed READ transaction to register regmodel.FSR: value='h6
# UVM_INFO ./../testcases/uart_rxd_interrupt.sv(40) @ 2318158000: uvm_test_top [uart_rxd_interrupt] -------------------------------------------------------------
# Name                Type                Size  Value          
# -------------------------------------------------------------
# cfg                 uart_configuration  -     @360           
#   parity_mode       parity_mode_e       32    UART_PARITY_ODD
#   sampling          sampling_mode_e     32    MODE_X13       
#   data_width        integral            32    'h7            
#   num_of_stop_bit   integral            32    'h2            
#   baud_rate         integral            32    'h4b00         
#   baud_rate_enable  integral            1     'h0            
#   parity_enable     integral            1     'h0            
#   interrupt_enable  integral            1     'h0            
# -------------------------------------------------------------
# 
# UVM_INFO ./../regmodel/uart_reg2ahb_adapter.sv(42) @ 2318158000: reporter [uart_reg2ahb_adapter] bus2reg: address = 0x0 data = 0x1 kind = UVM_WRITE status = UVM_IS_OK
# UVM_INFO /ictc/other/tools/QuestaDVA/questasim/verilog_src/uvm-1.2/src/reg/uvm_reg_predictor.svh(221) @ 2318158000: uvm_test_top.env.ahb_predictor [REG_PREDICT] Observed WRITE transaction to register regmodel.MDR: value='h1 : updated value = 'h1
# UVM_INFO ./../regmodel/uart_reg2ahb_adapter.sv(42) @ 2318158000: reporter [uart_reg2ahb_adapter] bus2reg: address = 0x4 data = 0x91 kind = UVM_WRITE status = UVM_IS_OK
# UVM_INFO /ictc/other/tools/QuestaDVA/questasim/verilog_src/uvm-1.2/src/reg/uvm_reg_predictor.svh(221) @ 2318158000: uvm_test_top.env.ahb_predictor [REG_PREDICT] Observed WRITE transaction to register regmodel.DLL: value='h91 : updated value = 'h91
# UVM_INFO ./../regmodel/uart_reg2ahb_adapter.sv(42) @ 2318158000: reporter [uart_reg2ahb_adapter] bus2reg: address = 0x8 data = 0x1 kind = UVM_WRITE status = UVM_IS_OK
# UVM_INFO /ictc/other/tools/QuestaDVA/questasim/verilog_src/uvm-1.2/src/reg/uvm_reg_predictor.svh(221) @ 2318158000: uvm_test_top.env.ahb_predictor [REG_PREDICT] Observed WRITE transaction to register regmodel.DLH: value='h1 : updated value = 'h1
# UVM_INFO ./../regmodel/uart_reg2ahb_adapter.sv(42) @ 2318158000: reporter [uart_reg2ahb_adapter] bus2reg: address = 0xc data = 0x2e kind = UVM_WRITE status = UVM_IS_OK
# UVM_INFO /ictc/other/tools/QuestaDVA/questasim/verilog_src/uvm-1.2/src/reg/uvm_reg_predictor.svh(221) @ 2318158000: uvm_test_top.env.ahb_predictor [REG_PREDICT] Observed WRITE transaction to register regmodel.LCR: value='h2e : updated value = 'h2e
# UVM_INFO ./../regmodel/uart_reg2ahb_adapter.sv(42) @ 2318158000: reporter [uart_reg2ahb_adapter] bus2reg: address = 0x10 data = 0x8 kind = UVM_WRITE status = UVM_IS_OK
# UVM_INFO /ictc/other/tools/QuestaDVA/questasim/verilog_src/uvm-1.2/src/reg/uvm_reg_predictor.svh(221) @ 2318158000: uvm_test_top.env.ahb_predictor [REG_PREDICT] Observed WRITE transaction to register regmodel.IER: value='h8 : updated value = 'h8
# ===== Received Data from IER =====
# UVM_INFO ./../regmodel/uart_reg2ahb_adapter.sv(42) @ 2318158000: reporter [uart_reg2ahb_adapter] bus2reg: address = 0x14 data = 0x6 kind = UVM_READ status = UVM_IS_OK
# UVM_INFO /ictc/other/tools/QuestaDVA/questasim/verilog_src/uvm-1.2/src/reg/uvm_reg_predictor.svh(225) @ 2318158000: uvm_test_top.env.ahb_predictor [REG_PREDICT] Observed READ transaction to register regmodel.FSR: value='h6
# UVM_ERROR ./../sequences/ahb_rxd_rx_empty_sequence.sv(130) @ 2318168000: uvm_test_top.env.ahb_agt.sequencer@@rx_empty [ahb_rxd_rx_empty_sequence] 
# ===== FAILED!!! RX_EMPTY_STATUS is not right =====
# UVM_INFO ./../regmodel/uart_reg2ahb_adapter.sv(42) @ 2319313000: reporter [uart_reg2ahb_adapter] bus2reg: address = 0x14 data = 0x6 kind = UVM_READ status = UVM_IS_OK
# UVM_INFO /ictc/other/tools/QuestaDVA/questasim/verilog_src/uvm-1.2/src/reg/uvm_reg_predictor.svh(225) @ 2319313000: uvm_test_top.env.ahb_predictor [REG_PREDICT] Observed READ transaction to register regmodel.FSR: value='h6
# UVM_INFO ./../testcases/uart_rxd_interrupt.sv(40) @ 2329323000: uvm_test_top [uart_rxd_interrupt] -------------------------------------------------------------
# Name                Type                Size  Value          
# -------------------------------------------------------------
# cfg                 uart_configuration  -     @360           
#   parity_mode       parity_mode_e       32    UART_PARITY_ODD
#   sampling          sampling_mode_e     32    MODE_X16       
#   data_width        integral            32    'h7            
#   num_of_stop_bit   integral            32    'h2            
#   baud_rate         integral            32    'h9600         
#   baud_rate_enable  integral            1     'h0            
#   parity_enable     integral            1     'h0            
#   interrupt_enable  integral            1     'h0            
# -------------------------------------------------------------
# 
# UVM_INFO ./../regmodel/uart_reg2ahb_adapter.sv(42) @ 2329323000: reporter [uart_reg2ahb_adapter] bus2reg: address = 0x0 data = 0x0 kind = UVM_WRITE status = UVM_IS_OK
# UVM_INFO /ictc/other/tools/QuestaDVA/questasim/verilog_src/uvm-1.2/src/reg/uvm_reg_predictor.svh(221) @ 2329323000: uvm_test_top.env.ahb_predictor [REG_PREDICT] Observed WRITE transaction to register regmodel.MDR: value='h0 : updated value = 'h0
# UVM_INFO ./../regmodel/uart_reg2ahb_adapter.sv(42) @ 2329323000: reporter [uart_reg2ahb_adapter] bus2reg: address = 0x4 data = 0xa4 kind = UVM_WRITE status = UVM_IS_OK
# UVM_INFO /ictc/other/tools/QuestaDVA/questasim/verilog_src/uvm-1.2/src/reg/uvm_reg_predictor.svh(221) @ 2329323000: uvm_test_top.env.ahb_predictor [REG_PREDICT] Observed WRITE transaction to register regmodel.DLL: value='ha4 : updated value = 'ha4
# UVM_INFO ./../regmodel/uart_reg2ahb_adapter.sv(42) @ 2329323000: reporter [uart_reg2ahb_adapter] bus2reg: address = 0x8 data = 0x0 kind = UVM_WRITE status = UVM_IS_OK
# UVM_INFO /ictc/other/tools/QuestaDVA/questasim/verilog_src/uvm-1.2/src/reg/uvm_reg_predictor.svh(221) @ 2329323000: uvm_test_top.env.ahb_predictor [REG_PREDICT] Observed WRITE transaction to register regmodel.DLH: value='h0 : updated value = 'h0
# UVM_INFO ./../regmodel/uart_reg2ahb_adapter.sv(42) @ 2329323000: reporter [uart_reg2ahb_adapter] bus2reg: address = 0xc data = 0x2e kind = UVM_WRITE status = UVM_IS_OK
# UVM_INFO /ictc/other/tools/QuestaDVA/questasim/verilog_src/uvm-1.2/src/reg/uvm_reg_predictor.svh(221) @ 2329323000: uvm_test_top.env.ahb_predictor [REG_PREDICT] Observed WRITE transaction to register regmodel.LCR: value='h2e : updated value = 'h2e
# UVM_INFO ./../regmodel/uart_reg2ahb_adapter.sv(42) @ 2329323000: reporter [uart_reg2ahb_adapter] bus2reg: address = 0x10 data = 0x8 kind = UVM_WRITE status = UVM_IS_OK
# UVM_INFO /ictc/other/tools/QuestaDVA/questasim/verilog_src/uvm-1.2/src/reg/uvm_reg_predictor.svh(221) @ 2329323000: uvm_test_top.env.ahb_predictor [REG_PREDICT] Observed WRITE transaction to register regmodel.IER: value='h8 : updated value = 'h8
# ===== Received Data from IER =====
# UVM_INFO ./../regmodel/uart_reg2ahb_adapter.sv(42) @ 2329323000: reporter [uart_reg2ahb_adapter] bus2reg: address = 0x14 data = 0x6 kind = UVM_READ status = UVM_IS_OK
# UVM_INFO /ictc/other/tools/QuestaDVA/questasim/verilog_src/uvm-1.2/src/reg/uvm_reg_predictor.svh(225) @ 2329323000: uvm_test_top.env.ahb_predictor [REG_PREDICT] Observed READ transaction to register regmodel.FSR: value='h6
# UVM_ERROR ./../sequences/ahb_rxd_rx_empty_sequence.sv(130) @ 2329333000: uvm_test_top.env.ahb_agt.sequencer@@rx_empty [ahb_rxd_rx_empty_sequence] 
# ===== FAILED!!! RX_EMPTY_STATUS is not right =====
# UVM_INFO ./../regmodel/uart_reg2ahb_adapter.sv(42) @ 2329905000: reporter [uart_reg2ahb_adapter] bus2reg: address = 0x14 data = 0x6 kind = UVM_READ status = UVM_IS_OK
# UVM_INFO /ictc/other/tools/QuestaDVA/questasim/verilog_src/uvm-1.2/src/reg/uvm_reg_predictor.svh(225) @ 2329905000: uvm_test_top.env.ahb_predictor [REG_PREDICT] Observed READ transaction to register regmodel.FSR: value='h6
# UVM_INFO ./../testcases/uart_rxd_interrupt.sv(40) @ 2339915000: uvm_test_top [uart_rxd_interrupt] -------------------------------------------------------------
# Name                Type                Size  Value          
# -------------------------------------------------------------
# cfg                 uart_configuration  -     @360           
#   parity_mode       parity_mode_e       32    UART_PARITY_ODD
#   sampling          sampling_mode_e     32    MODE_X13       
#   data_width        integral            32    'h7            
#   num_of_stop_bit   integral            32    'h2            
#   baud_rate         integral            32    'h9600         
#   baud_rate_enable  integral            1     'h0            
#   parity_enable     integral            1     'h0            
#   interrupt_enable  integral            1     'h0            
# -------------------------------------------------------------
# 
# UVM_INFO ./../regmodel/uart_reg2ahb_adapter.sv(42) @ 2339915000: reporter [uart_reg2ahb_adapter] bus2reg: address = 0x0 data = 0x1 kind = UVM_WRITE status = UVM_IS_OK
# UVM_INFO /ictc/other/tools/QuestaDVA/questasim/verilog_src/uvm-1.2/src/reg/uvm_reg_predictor.svh(221) @ 2339915000: uvm_test_top.env.ahb_predictor [REG_PREDICT] Observed WRITE transaction to register regmodel.MDR: value='h1 : updated value = 'h1
# UVM_INFO ./../regmodel/uart_reg2ahb_adapter.sv(42) @ 2339915000: reporter [uart_reg2ahb_adapter] bus2reg: address = 0x4 data = 0xc8 kind = UVM_WRITE status = UVM_IS_OK
# UVM_INFO /ictc/other/tools/QuestaDVA/questasim/verilog_src/uvm-1.2/src/reg/uvm_reg_predictor.svh(221) @ 2339915000: uvm_test_top.env.ahb_predictor [REG_PREDICT] Observed WRITE transaction to register regmodel.DLL: value='hc8 : updated value = 'hc8
# UVM_INFO ./../regmodel/uart_reg2ahb_adapter.sv(42) @ 2339915000: reporter [uart_reg2ahb_adapter] bus2reg: address = 0x8 data = 0x0 kind = UVM_WRITE status = UVM_IS_OK
# UVM_INFO /ictc/other/tools/QuestaDVA/questasim/verilog_src/uvm-1.2/src/reg/uvm_reg_predictor.svh(221) @ 2339915000: uvm_test_top.env.ahb_predictor [REG_PREDICT] Observed WRITE transaction to register regmodel.DLH: value='h0 : updated value = 'h0
# UVM_INFO ./../regmodel/uart_reg2ahb_adapter.sv(42) @ 2339915000: reporter [uart_reg2ahb_adapter] bus2reg: address = 0xc data = 0x2e kind = UVM_WRITE status = UVM_IS_OK
# UVM_INFO /ictc/other/tools/QuestaDVA/questasim/verilog_src/uvm-1.2/src/reg/uvm_reg_predictor.svh(221) @ 2339915000: uvm_test_top.env.ahb_predictor [REG_PREDICT] Observed WRITE transaction to register regmodel.LCR: value='h2e : updated value = 'h2e
# UVM_INFO ./../regmodel/uart_reg2ahb_adapter.sv(42) @ 2339915000: reporter [uart_reg2ahb_adapter] bus2reg: address = 0x10 data = 0x8 kind = UVM_WRITE status = UVM_IS_OK
# UVM_INFO /ictc/other/tools/QuestaDVA/questasim/verilog_src/uvm-1.2/src/reg/uvm_reg_predictor.svh(221) @ 2339915000: uvm_test_top.env.ahb_predictor [REG_PREDICT] Observed WRITE transaction to register regmodel.IER: value='h8 : updated value = 'h8
# ===== Received Data from IER =====
# UVM_INFO ./../regmodel/uart_reg2ahb_adapter.sv(42) @ 2339916000: reporter [uart_reg2ahb_adapter] bus2reg: address = 0x14 data = 0x6 kind = UVM_READ status = UVM_IS_OK
# UVM_INFO /ictc/other/tools/QuestaDVA/questasim/verilog_src/uvm-1.2/src/reg/uvm_reg_predictor.svh(225) @ 2339916000: uvm_test_top.env.ahb_predictor [REG_PREDICT] Observed READ transaction to register regmodel.FSR: value='h6
# UVM_ERROR ./../sequences/ahb_rxd_rx_empty_sequence.sv(130) @ 2339926000: uvm_test_top.env.ahb_agt.sequencer@@rx_empty [ahb_rxd_rx_empty_sequence] 
# ===== FAILED!!! RX_EMPTY_STATUS is not right =====
# UVM_INFO ./../regmodel/uart_reg2ahb_adapter.sv(42) @ 2340498000: reporter [uart_reg2ahb_adapter] bus2reg: address = 0x14 data = 0x6 kind = UVM_READ status = UVM_IS_OK
# UVM_INFO /ictc/other/tools/QuestaDVA/questasim/verilog_src/uvm-1.2/src/reg/uvm_reg_predictor.svh(225) @ 2340498000: uvm_test_top.env.ahb_predictor [REG_PREDICT] Observed READ transaction to register regmodel.FSR: value='h6
# UVM_INFO ./../testcases/uart_rxd_interrupt.sv(40) @ 2350508000: uvm_test_top [uart_rxd_interrupt] -------------------------------------------------------------
# Name                Type                Size  Value          
# -------------------------------------------------------------
# cfg                 uart_configuration  -     @360           
#   parity_mode       parity_mode_e       32    UART_PARITY_ODD
#   sampling          sampling_mode_e     32    MODE_X16       
#   data_width        integral            32    'h7            
#   num_of_stop_bit   integral            32    'h2            
#   baud_rate         integral            32    'h12c00        
#   baud_rate_enable  integral            1     'h0            
#   parity_enable     integral            1     'h0            
#   interrupt_enable  integral            1     'h0            
# -------------------------------------------------------------
# 
# UVM_INFO ./../regmodel/uart_reg2ahb_adapter.sv(42) @ 2350508000: reporter [uart_reg2ahb_adapter] bus2reg: address = 0x0 data = 0x0 kind = UVM_WRITE status = UVM_IS_OK
# UVM_INFO /ictc/other/tools/QuestaDVA/questasim/verilog_src/uvm-1.2/src/reg/uvm_reg_predictor.svh(221) @ 2350508000: uvm_test_top.env.ahb_predictor [REG_PREDICT] Observed WRITE transaction to register regmodel.MDR: value='h0 : updated value = 'h0
# UVM_INFO ./../regmodel/uart_reg2ahb_adapter.sv(42) @ 2350508000: reporter [uart_reg2ahb_adapter] bus2reg: address = 0x4 data = 0x51 kind = UVM_WRITE status = UVM_IS_OK
# UVM_INFO /ictc/other/tools/QuestaDVA/questasim/verilog_src/uvm-1.2/src/reg/uvm_reg_predictor.svh(221) @ 2350508000: uvm_test_top.env.ahb_predictor [REG_PREDICT] Observed WRITE transaction to register regmodel.DLL: value='h51 : updated value = 'h51
# UVM_INFO ./../regmodel/uart_reg2ahb_adapter.sv(42) @ 2350508000: reporter [uart_reg2ahb_adapter] bus2reg: address = 0x8 data = 0x0 kind = UVM_WRITE status = UVM_IS_OK
# UVM_INFO /ictc/other/tools/QuestaDVA/questasim/verilog_src/uvm-1.2/src/reg/uvm_reg_predictor.svh(221) @ 2350508000: uvm_test_top.env.ahb_predictor [REG_PREDICT] Observed WRITE transaction to register regmodel.DLH: value='h0 : updated value = 'h0
# UVM_INFO ./../regmodel/uart_reg2ahb_adapter.sv(42) @ 2350508000: reporter [uart_reg2ahb_adapter] bus2reg: address = 0xc data = 0x2e kind = UVM_WRITE status = UVM_IS_OK
# UVM_INFO /ictc/other/tools/QuestaDVA/questasim/verilog_src/uvm-1.2/src/reg/uvm_reg_predictor.svh(221) @ 2350508000: uvm_test_top.env.ahb_predictor [REG_PREDICT] Observed WRITE transaction to register regmodel.LCR: value='h2e : updated value = 'h2e
# UVM_INFO ./../regmodel/uart_reg2ahb_adapter.sv(42) @ 2350508000: reporter [uart_reg2ahb_adapter] bus2reg: address = 0x10 data = 0x8 kind = UVM_WRITE status = UVM_IS_OK
# UVM_INFO /ictc/other/tools/QuestaDVA/questasim/verilog_src/uvm-1.2/src/reg/uvm_reg_predictor.svh(221) @ 2350508000: uvm_test_top.env.ahb_predictor [REG_PREDICT] Observed WRITE transaction to register regmodel.IER: value='h8 : updated value = 'h8
# ===== Received Data from IER =====
# UVM_INFO ./../regmodel/uart_reg2ahb_adapter.sv(42) @ 2350508000: reporter [uart_reg2ahb_adapter] bus2reg: address = 0x14 data = 0x6 kind = UVM_READ status = UVM_IS_OK
# UVM_INFO /ictc/other/tools/QuestaDVA/questasim/verilog_src/uvm-1.2/src/reg/uvm_reg_predictor.svh(225) @ 2350508000: uvm_test_top.env.ahb_predictor [REG_PREDICT] Observed READ transaction to register regmodel.FSR: value='h6
# UVM_ERROR ./../sequences/ahb_rxd_rx_empty_sequence.sv(130) @ 2350518000: uvm_test_top.env.ahb_agt.sequencer@@rx_empty [ahb_rxd_rx_empty_sequence] 
# ===== FAILED!!! RX_EMPTY_STATUS is not right =====
# UVM_INFO ./../regmodel/uart_reg2ahb_adapter.sv(42) @ 2350804000: reporter [uart_reg2ahb_adapter] bus2reg: address = 0x14 data = 0x6 kind = UVM_READ status = UVM_IS_OK
# UVM_INFO /ictc/other/tools/QuestaDVA/questasim/verilog_src/uvm-1.2/src/reg/uvm_reg_predictor.svh(225) @ 2350804000: uvm_test_top.env.ahb_predictor [REG_PREDICT] Observed READ transaction to register regmodel.FSR: value='h6
# UVM_INFO ./../testcases/uart_rxd_interrupt.sv(40) @ 2360814000: uvm_test_top [uart_rxd_interrupt] -------------------------------------------------------------
# Name                Type                Size  Value          
# -------------------------------------------------------------
# cfg                 uart_configuration  -     @360           
#   parity_mode       parity_mode_e       32    UART_PARITY_ODD
#   sampling          sampling_mode_e     32    MODE_X13       
#   data_width        integral            32    'h7            
#   num_of_stop_bit   integral            32    'h2            
#   baud_rate         integral            32    'h12c00        
#   baud_rate_enable  integral            1     'h0            
#   parity_enable     integral            1     'h0            
#   interrupt_enable  integral            1     'h0            
# -------------------------------------------------------------
# 
# UVM_INFO ./../regmodel/uart_reg2ahb_adapter.sv(42) @ 2360814000: reporter [uart_reg2ahb_adapter] bus2reg: address = 0x0 data = 0x1 kind = UVM_WRITE status = UVM_IS_OK
# UVM_INFO /ictc/other/tools/QuestaDVA/questasim/verilog_src/uvm-1.2/src/reg/uvm_reg_predictor.svh(221) @ 2360814000: uvm_test_top.env.ahb_predictor [REG_PREDICT] Observed WRITE transaction to register regmodel.MDR: value='h1 : updated value = 'h1
# UVM_INFO ./../regmodel/uart_reg2ahb_adapter.sv(42) @ 2360814000: reporter [uart_reg2ahb_adapter] bus2reg: address = 0x4 data = 0x64 kind = UVM_WRITE status = UVM_IS_OK
# UVM_INFO /ictc/other/tools/QuestaDVA/questasim/verilog_src/uvm-1.2/src/reg/uvm_reg_predictor.svh(221) @ 2360814000: uvm_test_top.env.ahb_predictor [REG_PREDICT] Observed WRITE transaction to register regmodel.DLL: value='h64 : updated value = 'h64
# UVM_INFO ./../regmodel/uart_reg2ahb_adapter.sv(42) @ 2360814000: reporter [uart_reg2ahb_adapter] bus2reg: address = 0x8 data = 0x0 kind = UVM_WRITE status = UVM_IS_OK
# UVM_INFO /ictc/other/tools/QuestaDVA/questasim/verilog_src/uvm-1.2/src/reg/uvm_reg_predictor.svh(221) @ 2360814000: uvm_test_top.env.ahb_predictor [REG_PREDICT] Observed WRITE transaction to register regmodel.DLH: value='h0 : updated value = 'h0
# UVM_INFO ./../regmodel/uart_reg2ahb_adapter.sv(42) @ 2360815000: reporter [uart_reg2ahb_adapter] bus2reg: address = 0xc data = 0x2e kind = UVM_WRITE status = UVM_IS_OK
# UVM_INFO /ictc/other/tools/QuestaDVA/questasim/verilog_src/uvm-1.2/src/reg/uvm_reg_predictor.svh(221) @ 2360815000: uvm_test_top.env.ahb_predictor [REG_PREDICT] Observed WRITE transaction to register regmodel.LCR: value='h2e : updated value = 'h2e
# UVM_INFO ./../regmodel/uart_reg2ahb_adapter.sv(42) @ 2360815000: reporter [uart_reg2ahb_adapter] bus2reg: address = 0x10 data = 0x8 kind = UVM_WRITE status = UVM_IS_OK
# UVM_INFO /ictc/other/tools/QuestaDVA/questasim/verilog_src/uvm-1.2/src/reg/uvm_reg_predictor.svh(221) @ 2360815000: uvm_test_top.env.ahb_predictor [REG_PREDICT] Observed WRITE transaction to register regmodel.IER: value='h8 : updated value = 'h8
# ===== Received Data from IER =====
# UVM_INFO ./../regmodel/uart_reg2ahb_adapter.sv(42) @ 2360815000: reporter [uart_reg2ahb_adapter] bus2reg: address = 0x14 data = 0x6 kind = UVM_READ status = UVM_IS_OK
# UVM_INFO /ictc/other/tools/QuestaDVA/questasim/verilog_src/uvm-1.2/src/reg/uvm_reg_predictor.svh(225) @ 2360815000: uvm_test_top.env.ahb_predictor [REG_PREDICT] Observed READ transaction to register regmodel.FSR: value='h6
# UVM_ERROR ./../sequences/ahb_rxd_rx_empty_sequence.sv(130) @ 2360825000: uvm_test_top.env.ahb_agt.sequencer@@rx_empty [ahb_rxd_rx_empty_sequence] 
# ===== FAILED!!! RX_EMPTY_STATUS is not right =====
# UVM_INFO ./../regmodel/uart_reg2ahb_adapter.sv(42) @ 2361111000: reporter [uart_reg2ahb_adapter] bus2reg: address = 0x14 data = 0x6 kind = UVM_READ status = UVM_IS_OK
# UVM_INFO /ictc/other/tools/QuestaDVA/questasim/verilog_src/uvm-1.2/src/reg/uvm_reg_predictor.svh(225) @ 2361111000: uvm_test_top.env.ahb_predictor [REG_PREDICT] Observed READ transaction to register regmodel.FSR: value='h6
# UVM_INFO ./../testcases/uart_rxd_interrupt.sv(40) @ 2371121000: uvm_test_top [uart_rxd_interrupt] -------------------------------------------------------------
# Name                Type                Size  Value          
# -------------------------------------------------------------
# cfg                 uart_configuration  -     @360           
#   parity_mode       parity_mode_e       32    UART_PARITY_ODD
#   sampling          sampling_mode_e     32    MODE_X16       
#   data_width        integral            32    'h7            
#   num_of_stop_bit   integral            32    'h2            
#   baud_rate         integral            32    'h1c200        
#   baud_rate_enable  integral            1     'h0            
#   parity_enable     integral            1     'h0            
#   interrupt_enable  integral            1     'h0            
# -------------------------------------------------------------
# 
# UVM_INFO ./../regmodel/uart_reg2ahb_adapter.sv(42) @ 2371121000: reporter [uart_reg2ahb_adapter] bus2reg: address = 0x0 data = 0x0 kind = UVM_WRITE status = UVM_IS_OK
# UVM_INFO /ictc/other/tools/QuestaDVA/questasim/verilog_src/uvm-1.2/src/reg/uvm_reg_predictor.svh(221) @ 2371121000: uvm_test_top.env.ahb_predictor [REG_PREDICT] Observed WRITE transaction to register regmodel.MDR: value='h0 : updated value = 'h0
# UVM_INFO ./../regmodel/uart_reg2ahb_adapter.sv(42) @ 2371121000: reporter [uart_reg2ahb_adapter] bus2reg: address = 0x4 data = 0x36 kind = UVM_WRITE status = UVM_IS_OK
# UVM_INFO /ictc/other/tools/QuestaDVA/questasim/verilog_src/uvm-1.2/src/reg/uvm_reg_predictor.svh(221) @ 2371121000: uvm_test_top.env.ahb_predictor [REG_PREDICT] Observed WRITE transaction to register regmodel.DLL: value='h36 : updated value = 'h36
# UVM_INFO ./../regmodel/uart_reg2ahb_adapter.sv(42) @ 2371121000: reporter [uart_reg2ahb_adapter] bus2reg: address = 0x8 data = 0x0 kind = UVM_WRITE status = UVM_IS_OK
# UVM_INFO /ictc/other/tools/QuestaDVA/questasim/verilog_src/uvm-1.2/src/reg/uvm_reg_predictor.svh(221) @ 2371121000: uvm_test_top.env.ahb_predictor [REG_PREDICT] Observed WRITE transaction to register regmodel.DLH: value='h0 : updated value = 'h0
# UVM_INFO ./../regmodel/uart_reg2ahb_adapter.sv(42) @ 2371121000: reporter [uart_reg2ahb_adapter] bus2reg: address = 0xc data = 0x2e kind = UVM_WRITE status = UVM_IS_OK
# UVM_INFO /ictc/other/tools/QuestaDVA/questasim/verilog_src/uvm-1.2/src/reg/uvm_reg_predictor.svh(221) @ 2371121000: uvm_test_top.env.ahb_predictor [REG_PREDICT] Observed WRITE transaction to register regmodel.LCR: value='h2e : updated value = 'h2e
# UVM_INFO ./../regmodel/uart_reg2ahb_adapter.sv(42) @ 2371121000: reporter [uart_reg2ahb_adapter] bus2reg: address = 0x10 data = 0x8 kind = UVM_WRITE status = UVM_IS_OK
# UVM_INFO /ictc/other/tools/QuestaDVA/questasim/verilog_src/uvm-1.2/src/reg/uvm_reg_predictor.svh(221) @ 2371121000: uvm_test_top.env.ahb_predictor [REG_PREDICT] Observed WRITE transaction to register regmodel.IER: value='h8 : updated value = 'h8
# ===== Received Data from IER =====
# UVM_INFO ./../regmodel/uart_reg2ahb_adapter.sv(42) @ 2371121000: reporter [uart_reg2ahb_adapter] bus2reg: address = 0x14 data = 0x6 kind = UVM_READ status = UVM_IS_OK
# UVM_INFO /ictc/other/tools/QuestaDVA/questasim/verilog_src/uvm-1.2/src/reg/uvm_reg_predictor.svh(225) @ 2371121000: uvm_test_top.env.ahb_predictor [REG_PREDICT] Observed READ transaction to register regmodel.FSR: value='h6
# UVM_ERROR ./../sequences/ahb_rxd_rx_empty_sequence.sv(130) @ 2371131000: uvm_test_top.env.ahb_agt.sequencer@@rx_empty [ahb_rxd_rx_empty_sequence] 
# ===== FAILED!!! RX_EMPTY_STATUS is not right =====
# UVM_INFO ./../regmodel/uart_reg2ahb_adapter.sv(42) @ 2371318000: reporter [uart_reg2ahb_adapter] bus2reg: address = 0x14 data = 0x6 kind = UVM_READ status = UVM_IS_OK
# UVM_INFO /ictc/other/tools/QuestaDVA/questasim/verilog_src/uvm-1.2/src/reg/uvm_reg_predictor.svh(225) @ 2371318000: uvm_test_top.env.ahb_predictor [REG_PREDICT] Observed READ transaction to register regmodel.FSR: value='h6
# UVM_INFO ./../testcases/uart_rxd_interrupt.sv(40) @ 2381328000: uvm_test_top [uart_rxd_interrupt] -------------------------------------------------------------
# Name                Type                Size  Value          
# -------------------------------------------------------------
# cfg                 uart_configuration  -     @360           
#   parity_mode       parity_mode_e       32    UART_PARITY_ODD
#   sampling          sampling_mode_e     32    MODE_X13       
#   data_width        integral            32    'h7            
#   num_of_stop_bit   integral            32    'h2            
#   baud_rate         integral            32    'h1c200        
#   baud_rate_enable  integral            1     'h0            
#   parity_enable     integral            1     'h0            
#   interrupt_enable  integral            1     'h0            
# -------------------------------------------------------------
# 
# UVM_INFO ./../regmodel/uart_reg2ahb_adapter.sv(42) @ 2381328000: reporter [uart_reg2ahb_adapter] bus2reg: address = 0x0 data = 0x1 kind = UVM_WRITE status = UVM_IS_OK
# UVM_INFO /ictc/other/tools/QuestaDVA/questasim/verilog_src/uvm-1.2/src/reg/uvm_reg_predictor.svh(221) @ 2381328000: uvm_test_top.env.ahb_predictor [REG_PREDICT] Observed WRITE transaction to register regmodel.MDR: value='h1 : updated value = 'h1
# UVM_INFO ./../regmodel/uart_reg2ahb_adapter.sv(42) @ 2381328000: reporter [uart_reg2ahb_adapter] bus2reg: address = 0x4 data = 0x43 kind = UVM_WRITE status = UVM_IS_OK
# UVM_INFO /ictc/other/tools/QuestaDVA/questasim/verilog_src/uvm-1.2/src/reg/uvm_reg_predictor.svh(221) @ 2381328000: uvm_test_top.env.ahb_predictor [REG_PREDICT] Observed WRITE transaction to register regmodel.DLL: value='h43 : updated value = 'h43
# UVM_INFO ./../regmodel/uart_reg2ahb_adapter.sv(42) @ 2381329000: reporter [uart_reg2ahb_adapter] bus2reg: address = 0x8 data = 0x0 kind = UVM_WRITE status = UVM_IS_OK
# UVM_INFO /ictc/other/tools/QuestaDVA/questasim/verilog_src/uvm-1.2/src/reg/uvm_reg_predictor.svh(221) @ 2381329000: uvm_test_top.env.ahb_predictor [REG_PREDICT] Observed WRITE transaction to register regmodel.DLH: value='h0 : updated value = 'h0
# UVM_INFO ./../regmodel/uart_reg2ahb_adapter.sv(42) @ 2381329000: reporter [uart_reg2ahb_adapter] bus2reg: address = 0xc data = 0x2e kind = UVM_WRITE status = UVM_IS_OK
# UVM_INFO /ictc/other/tools/QuestaDVA/questasim/verilog_src/uvm-1.2/src/reg/uvm_reg_predictor.svh(221) @ 2381329000: uvm_test_top.env.ahb_predictor [REG_PREDICT] Observed WRITE transaction to register regmodel.LCR: value='h2e : updated value = 'h2e
# UVM_INFO ./../regmodel/uart_reg2ahb_adapter.sv(42) @ 2381329000: reporter [uart_reg2ahb_adapter] bus2reg: address = 0x10 data = 0x8 kind = UVM_WRITE status = UVM_IS_OK
# UVM_INFO /ictc/other/tools/QuestaDVA/questasim/verilog_src/uvm-1.2/src/reg/uvm_reg_predictor.svh(221) @ 2381329000: uvm_test_top.env.ahb_predictor [REG_PREDICT] Observed WRITE transaction to register regmodel.IER: value='h8 : updated value = 'h8
# ===== Received Data from IER =====
# UVM_INFO ./../regmodel/uart_reg2ahb_adapter.sv(42) @ 2381329000: reporter [uart_reg2ahb_adapter] bus2reg: address = 0x14 data = 0x6 kind = UVM_READ status = UVM_IS_OK
# UVM_INFO /ictc/other/tools/QuestaDVA/questasim/verilog_src/uvm-1.2/src/reg/uvm_reg_predictor.svh(225) @ 2381329000: uvm_test_top.env.ahb_predictor [REG_PREDICT] Observed READ transaction to register regmodel.FSR: value='h6
# UVM_ERROR ./../sequences/ahb_rxd_rx_empty_sequence.sv(130) @ 2381339000: uvm_test_top.env.ahb_agt.sequencer@@rx_empty [ahb_rxd_rx_empty_sequence] 
# ===== FAILED!!! RX_EMPTY_STATUS is not right =====
# UVM_INFO ./../regmodel/uart_reg2ahb_adapter.sv(42) @ 2381526000: reporter [uart_reg2ahb_adapter] bus2reg: address = 0x14 data = 0x6 kind = UVM_READ status = UVM_IS_OK
# UVM_INFO /ictc/other/tools/QuestaDVA/questasim/verilog_src/uvm-1.2/src/reg/uvm_reg_predictor.svh(225) @ 2381526000: uvm_test_top.env.ahb_predictor [REG_PREDICT] Observed READ transaction to register regmodel.FSR: value='h6
# UVM_INFO ./../testcases/uart_rxd_interrupt.sv(40) @ 2391536000: uvm_test_top [uart_rxd_interrupt] -------------------------------------------------------------
# Name                Type                Size  Value          
# -------------------------------------------------------------
# cfg                 uart_configuration  -     @360           
#   parity_mode       parity_mode_e       32    UART_PARITY_ODD
#   sampling          sampling_mode_e     32    MODE_X16       
#   data_width        integral            32    'h8            
#   num_of_stop_bit   integral            32    'h1            
#   baud_rate         integral            32    'h960          
#   baud_rate_enable  integral            1     'h0            
#   parity_enable     integral            1     'h0            
#   interrupt_enable  integral            1     'h0            
# -------------------------------------------------------------
# 
# UVM_INFO ./../regmodel/uart_reg2ahb_adapter.sv(42) @ 2391536000: reporter [uart_reg2ahb_adapter] bus2reg: address = 0x0 data = 0x0 kind = UVM_WRITE status = UVM_IS_OK
# UVM_INFO /ictc/other/tools/QuestaDVA/questasim/verilog_src/uvm-1.2/src/reg/uvm_reg_predictor.svh(221) @ 2391536000: uvm_test_top.env.ahb_predictor [REG_PREDICT] Observed WRITE transaction to register regmodel.MDR: value='h0 : updated value = 'h0
# UVM_INFO ./../regmodel/uart_reg2ahb_adapter.sv(42) @ 2391536000: reporter [uart_reg2ahb_adapter] bus2reg: address = 0x4 data = 0x2c kind = UVM_WRITE status = UVM_IS_OK
# UVM_INFO /ictc/other/tools/QuestaDVA/questasim/verilog_src/uvm-1.2/src/reg/uvm_reg_predictor.svh(221) @ 2391536000: uvm_test_top.env.ahb_predictor [REG_PREDICT] Observed WRITE transaction to register regmodel.DLL: value='h2c : updated value = 'h2c
# UVM_INFO ./../regmodel/uart_reg2ahb_adapter.sv(42) @ 2391536000: reporter [uart_reg2ahb_adapter] bus2reg: address = 0x8 data = 0xa kind = UVM_WRITE status = UVM_IS_OK
# UVM_INFO /ictc/other/tools/QuestaDVA/questasim/verilog_src/uvm-1.2/src/reg/uvm_reg_predictor.svh(221) @ 2391536000: uvm_test_top.env.ahb_predictor [REG_PREDICT] Observed WRITE transaction to register regmodel.DLH: value='ha : updated value = 'ha
# UVM_INFO ./../regmodel/uart_reg2ahb_adapter.sv(42) @ 2391536000: reporter [uart_reg2ahb_adapter] bus2reg: address = 0xc data = 0x2b kind = UVM_WRITE status = UVM_IS_OK
# UVM_INFO /ictc/other/tools/QuestaDVA/questasim/verilog_src/uvm-1.2/src/reg/uvm_reg_predictor.svh(221) @ 2391536000: uvm_test_top.env.ahb_predictor [REG_PREDICT] Observed WRITE transaction to register regmodel.LCR: value='h2b : updated value = 'h2b
# UVM_INFO ./../regmodel/uart_reg2ahb_adapter.sv(42) @ 2391536000: reporter [uart_reg2ahb_adapter] bus2reg: address = 0x10 data = 0x8 kind = UVM_WRITE status = UVM_IS_OK
# UVM_INFO /ictc/other/tools/QuestaDVA/questasim/verilog_src/uvm-1.2/src/reg/uvm_reg_predictor.svh(221) @ 2391536000: uvm_test_top.env.ahb_predictor [REG_PREDICT] Observed WRITE transaction to register regmodel.IER: value='h8 : updated value = 'h8
# ===== Received Data from IER =====
# UVM_INFO ./../regmodel/uart_reg2ahb_adapter.sv(42) @ 2391536000: reporter [uart_reg2ahb_adapter] bus2reg: address = 0x14 data = 0x6 kind = UVM_READ status = UVM_IS_OK
# UVM_INFO /ictc/other/tools/QuestaDVA/questasim/verilog_src/uvm-1.2/src/reg/uvm_reg_predictor.svh(225) @ 2391536000: uvm_test_top.env.ahb_predictor [REG_PREDICT] Observed READ transaction to register regmodel.FSR: value='h6
# UVM_ERROR ./../sequences/ahb_rxd_rx_empty_sequence.sv(130) @ 2391546000: uvm_test_top.env.ahb_agt.sequencer@@rx_empty [ahb_rxd_rx_empty_sequence] 
# ===== FAILED!!! RX_EMPTY_STATUS is not right =====
# UVM_INFO ./../regmodel/uart_reg2ahb_adapter.sv(42) @ 2400709000: reporter [uart_reg2ahb_adapter] bus2reg: address = 0x14 data = 0x6 kind = UVM_READ status = UVM_IS_OK
# UVM_INFO /ictc/other/tools/QuestaDVA/questasim/verilog_src/uvm-1.2/src/reg/uvm_reg_predictor.svh(225) @ 2400709000: uvm_test_top.env.ahb_predictor [REG_PREDICT] Observed READ transaction to register regmodel.FSR: value='h6
# UVM_INFO ./../testcases/uart_rxd_interrupt.sv(40) @ 2410719000: uvm_test_top [uart_rxd_interrupt] -------------------------------------------------------------
# Name                Type                Size  Value          
# -------------------------------------------------------------
# cfg                 uart_configuration  -     @360           
#   parity_mode       parity_mode_e       32    UART_PARITY_ODD
#   sampling          sampling_mode_e     32    MODE_X13       
#   data_width        integral            32    'h8            
#   num_of_stop_bit   integral            32    'h1            
#   baud_rate         integral            32    'h960          
#   baud_rate_enable  integral            1     'h0            
#   parity_enable     integral            1     'h0            
#   interrupt_enable  integral            1     'h0            
# -------------------------------------------------------------
# 
# UVM_INFO ./../regmodel/uart_reg2ahb_adapter.sv(42) @ 2410720000: reporter [uart_reg2ahb_adapter] bus2reg: address = 0x0 data = 0x1 kind = UVM_WRITE status = UVM_IS_OK
# UVM_INFO /ictc/other/tools/QuestaDVA/questasim/verilog_src/uvm-1.2/src/reg/uvm_reg_predictor.svh(221) @ 2410720000: uvm_test_top.env.ahb_predictor [REG_PREDICT] Observed WRITE transaction to register regmodel.MDR: value='h1 : updated value = 'h1
# UVM_INFO ./../regmodel/uart_reg2ahb_adapter.sv(42) @ 2410720000: reporter [uart_reg2ahb_adapter] bus2reg: address = 0x4 data = 0x85 kind = UVM_WRITE status = UVM_IS_OK
# UVM_INFO /ictc/other/tools/QuestaDVA/questasim/verilog_src/uvm-1.2/src/reg/uvm_reg_predictor.svh(221) @ 2410720000: uvm_test_top.env.ahb_predictor [REG_PREDICT] Observed WRITE transaction to register regmodel.DLL: value='h85 : updated value = 'h85
# UVM_INFO ./../regmodel/uart_reg2ahb_adapter.sv(42) @ 2410720000: reporter [uart_reg2ahb_adapter] bus2reg: address = 0x8 data = 0xc kind = UVM_WRITE status = UVM_IS_OK
# UVM_INFO /ictc/other/tools/QuestaDVA/questasim/verilog_src/uvm-1.2/src/reg/uvm_reg_predictor.svh(221) @ 2410720000: uvm_test_top.env.ahb_predictor [REG_PREDICT] Observed WRITE transaction to register regmodel.DLH: value='hc : updated value = 'hc
# UVM_INFO ./../regmodel/uart_reg2ahb_adapter.sv(42) @ 2410720000: reporter [uart_reg2ahb_adapter] bus2reg: address = 0xc data = 0x2b kind = UVM_WRITE status = UVM_IS_OK
# UVM_INFO /ictc/other/tools/QuestaDVA/questasim/verilog_src/uvm-1.2/src/reg/uvm_reg_predictor.svh(221) @ 2410720000: uvm_test_top.env.ahb_predictor [REG_PREDICT] Observed WRITE transaction to register regmodel.LCR: value='h2b : updated value = 'h2b
# UVM_INFO ./../regmodel/uart_reg2ahb_adapter.sv(42) @ 2410720000: reporter [uart_reg2ahb_adapter] bus2reg: address = 0x10 data = 0x8 kind = UVM_WRITE status = UVM_IS_OK
# UVM_INFO /ictc/other/tools/QuestaDVA/questasim/verilog_src/uvm-1.2/src/reg/uvm_reg_predictor.svh(221) @ 2410720000: uvm_test_top.env.ahb_predictor [REG_PREDICT] Observed WRITE transaction to register regmodel.IER: value='h8 : updated value = 'h8
# ===== Received Data from IER =====
# UVM_INFO ./../regmodel/uart_reg2ahb_adapter.sv(42) @ 2410720000: reporter [uart_reg2ahb_adapter] bus2reg: address = 0x14 data = 0x6 kind = UVM_READ status = UVM_IS_OK
# UVM_INFO /ictc/other/tools/QuestaDVA/questasim/verilog_src/uvm-1.2/src/reg/uvm_reg_predictor.svh(225) @ 2410720000: uvm_test_top.env.ahb_predictor [REG_PREDICT] Observed READ transaction to register regmodel.FSR: value='h6
# UVM_ERROR ./../sequences/ahb_rxd_rx_empty_sequence.sv(130) @ 2410730000: uvm_test_top.env.ahb_agt.sequencer@@rx_empty [ahb_rxd_rx_empty_sequence] 
# ===== FAILED!!! RX_EMPTY_STATUS is not right =====
# UVM_INFO ./../regmodel/uart_reg2ahb_adapter.sv(42) @ 2419893000: reporter [uart_reg2ahb_adapter] bus2reg: address = 0x14 data = 0x6 kind = UVM_READ status = UVM_IS_OK
# UVM_INFO /ictc/other/tools/QuestaDVA/questasim/verilog_src/uvm-1.2/src/reg/uvm_reg_predictor.svh(225) @ 2419893000: uvm_test_top.env.ahb_predictor [REG_PREDICT] Observed READ transaction to register regmodel.FSR: value='h6
# UVM_INFO ./../testcases/uart_rxd_interrupt.sv(40) @ 2429903000: uvm_test_top [uart_rxd_interrupt] -------------------------------------------------------------
# Name                Type                Size  Value          
# -------------------------------------------------------------
# cfg                 uart_configuration  -     @360           
#   parity_mode       parity_mode_e       32    UART_PARITY_ODD
#   sampling          sampling_mode_e     32    MODE_X16       
#   data_width        integral            32    'h8            
#   num_of_stop_bit   integral            32    'h1            
#   baud_rate         integral            32    'h12c0         
#   baud_rate_enable  integral            1     'h0            
#   parity_enable     integral            1     'h0            
#   interrupt_enable  integral            1     'h0            
# -------------------------------------------------------------
# 
# UVM_INFO ./../regmodel/uart_reg2ahb_adapter.sv(42) @ 2429903000: reporter [uart_reg2ahb_adapter] bus2reg: address = 0x0 data = 0x0 kind = UVM_WRITE status = UVM_IS_OK
# UVM_INFO /ictc/other/tools/QuestaDVA/questasim/verilog_src/uvm-1.2/src/reg/uvm_reg_predictor.svh(221) @ 2429903000: uvm_test_top.env.ahb_predictor [REG_PREDICT] Observed WRITE transaction to register regmodel.MDR: value='h0 : updated value = 'h0
# UVM_INFO ./../regmodel/uart_reg2ahb_adapter.sv(42) @ 2429903000: reporter [uart_reg2ahb_adapter] bus2reg: address = 0x4 data = 0x16 kind = UVM_WRITE status = UVM_IS_OK
# UVM_INFO /ictc/other/tools/QuestaDVA/questasim/verilog_src/uvm-1.2/src/reg/uvm_reg_predictor.svh(221) @ 2429903000: uvm_test_top.env.ahb_predictor [REG_PREDICT] Observed WRITE transaction to register regmodel.DLL: value='h16 : updated value = 'h16
# UVM_INFO ./../regmodel/uart_reg2ahb_adapter.sv(42) @ 2429903000: reporter [uart_reg2ahb_adapter] bus2reg: address = 0x8 data = 0x5 kind = UVM_WRITE status = UVM_IS_OK
# UVM_INFO /ictc/other/tools/QuestaDVA/questasim/verilog_src/uvm-1.2/src/reg/uvm_reg_predictor.svh(221) @ 2429903000: uvm_test_top.env.ahb_predictor [REG_PREDICT] Observed WRITE transaction to register regmodel.DLH: value='h5 : updated value = 'h5
# UVM_INFO ./../regmodel/uart_reg2ahb_adapter.sv(42) @ 2429903000: reporter [uart_reg2ahb_adapter] bus2reg: address = 0xc data = 0x2b kind = UVM_WRITE status = UVM_IS_OK
# UVM_INFO /ictc/other/tools/QuestaDVA/questasim/verilog_src/uvm-1.2/src/reg/uvm_reg_predictor.svh(221) @ 2429903000: uvm_test_top.env.ahb_predictor [REG_PREDICT] Observed WRITE transaction to register regmodel.LCR: value='h2b : updated value = 'h2b
# UVM_INFO ./../regmodel/uart_reg2ahb_adapter.sv(42) @ 2429903000: reporter [uart_reg2ahb_adapter] bus2reg: address = 0x10 data = 0x8 kind = UVM_WRITE status = UVM_IS_OK
# UVM_INFO /ictc/other/tools/QuestaDVA/questasim/verilog_src/uvm-1.2/src/reg/uvm_reg_predictor.svh(221) @ 2429903000: uvm_test_top.env.ahb_predictor [REG_PREDICT] Observed WRITE transaction to register regmodel.IER: value='h8 : updated value = 'h8
# ===== Received Data from IER =====
# UVM_INFO ./../regmodel/uart_reg2ahb_adapter.sv(42) @ 2429904000: reporter [uart_reg2ahb_adapter] bus2reg: address = 0x14 data = 0x6 kind = UVM_READ status = UVM_IS_OK
# UVM_INFO /ictc/other/tools/QuestaDVA/questasim/verilog_src/uvm-1.2/src/reg/uvm_reg_predictor.svh(225) @ 2429904000: uvm_test_top.env.ahb_predictor [REG_PREDICT] Observed READ transaction to register regmodel.FSR: value='h6
# UVM_ERROR ./../sequences/ahb_rxd_rx_empty_sequence.sv(130) @ 2429914000: uvm_test_top.env.ahb_agt.sequencer@@rx_empty [ahb_rxd_rx_empty_sequence] 
# ===== FAILED!!! RX_EMPTY_STATUS is not right =====
# UVM_INFO ./../regmodel/uart_reg2ahb_adapter.sv(42) @ 2434501000: reporter [uart_reg2ahb_adapter] bus2reg: address = 0x14 data = 0x6 kind = UVM_READ status = UVM_IS_OK
# UVM_INFO /ictc/other/tools/QuestaDVA/questasim/verilog_src/uvm-1.2/src/reg/uvm_reg_predictor.svh(225) @ 2434501000: uvm_test_top.env.ahb_predictor [REG_PREDICT] Observed READ transaction to register regmodel.FSR: value='h6
# UVM_INFO ./../testcases/uart_rxd_interrupt.sv(40) @ 2444511000: uvm_test_top [uart_rxd_interrupt] -------------------------------------------------------------
# Name                Type                Size  Value          
# -------------------------------------------------------------
# cfg                 uart_configuration  -     @360           
#   parity_mode       parity_mode_e       32    UART_PARITY_ODD
#   sampling          sampling_mode_e     32    MODE_X13       
#   data_width        integral            32    'h8            
#   num_of_stop_bit   integral            32    'h1            
#   baud_rate         integral            32    'h12c0         
#   baud_rate_enable  integral            1     'h0            
#   parity_enable     integral            1     'h0            
#   interrupt_enable  integral            1     'h0            
# -------------------------------------------------------------
# 
# UVM_INFO ./../regmodel/uart_reg2ahb_adapter.sv(42) @ 2444511000: reporter [uart_reg2ahb_adapter] bus2reg: address = 0x0 data = 0x1 kind = UVM_WRITE status = UVM_IS_OK
# UVM_INFO /ictc/other/tools/QuestaDVA/questasim/verilog_src/uvm-1.2/src/reg/uvm_reg_predictor.svh(221) @ 2444511000: uvm_test_top.env.ahb_predictor [REG_PREDICT] Observed WRITE transaction to register regmodel.MDR: value='h1 : updated value = 'h1
# UVM_INFO ./../regmodel/uart_reg2ahb_adapter.sv(42) @ 2444511000: reporter [uart_reg2ahb_adapter] bus2reg: address = 0x4 data = 0x42 kind = UVM_WRITE status = UVM_IS_OK
# UVM_INFO /ictc/other/tools/QuestaDVA/questasim/verilog_src/uvm-1.2/src/reg/uvm_reg_predictor.svh(221) @ 2444511000: uvm_test_top.env.ahb_predictor [REG_PREDICT] Observed WRITE transaction to register regmodel.DLL: value='h42 : updated value = 'h42
# UVM_INFO ./../regmodel/uart_reg2ahb_adapter.sv(42) @ 2444511000: reporter [uart_reg2ahb_adapter] bus2reg: address = 0x8 data = 0x6 kind = UVM_WRITE status = UVM_IS_OK
# UVM_INFO /ictc/other/tools/QuestaDVA/questasim/verilog_src/uvm-1.2/src/reg/uvm_reg_predictor.svh(221) @ 2444511000: uvm_test_top.env.ahb_predictor [REG_PREDICT] Observed WRITE transaction to register regmodel.DLH: value='h6 : updated value = 'h6
# UVM_INFO ./../regmodel/uart_reg2ahb_adapter.sv(42) @ 2444511000: reporter [uart_reg2ahb_adapter] bus2reg: address = 0xc data = 0x2b kind = UVM_WRITE status = UVM_IS_OK
# UVM_INFO /ictc/other/tools/QuestaDVA/questasim/verilog_src/uvm-1.2/src/reg/uvm_reg_predictor.svh(221) @ 2444511000: uvm_test_top.env.ahb_predictor [REG_PREDICT] Observed WRITE transaction to register regmodel.LCR: value='h2b : updated value = 'h2b
# UVM_INFO ./../regmodel/uart_reg2ahb_adapter.sv(42) @ 2444511000: reporter [uart_reg2ahb_adapter] bus2reg: address = 0x10 data = 0x8 kind = UVM_WRITE status = UVM_IS_OK
# UVM_INFO /ictc/other/tools/QuestaDVA/questasim/verilog_src/uvm-1.2/src/reg/uvm_reg_predictor.svh(221) @ 2444511000: uvm_test_top.env.ahb_predictor [REG_PREDICT] Observed WRITE transaction to register regmodel.IER: value='h8 : updated value = 'h8
# ===== Received Data from IER =====
# UVM_INFO ./../regmodel/uart_reg2ahb_adapter.sv(42) @ 2444511000: reporter [uart_reg2ahb_adapter] bus2reg: address = 0x14 data = 0x6 kind = UVM_READ status = UVM_IS_OK
# UVM_INFO /ictc/other/tools/QuestaDVA/questasim/verilog_src/uvm-1.2/src/reg/uvm_reg_predictor.svh(225) @ 2444511000: uvm_test_top.env.ahb_predictor [REG_PREDICT] Observed READ transaction to register regmodel.FSR: value='h6
# UVM_ERROR ./../sequences/ahb_rxd_rx_empty_sequence.sv(130) @ 2444521000: uvm_test_top.env.ahb_agt.sequencer@@rx_empty [ahb_rxd_rx_empty_sequence] 
# ===== FAILED!!! RX_EMPTY_STATUS is not right =====
# UVM_INFO ./../regmodel/uart_reg2ahb_adapter.sv(42) @ 2449108000: reporter [uart_reg2ahb_adapter] bus2reg: address = 0x14 data = 0x6 kind = UVM_READ status = UVM_IS_OK
# UVM_INFO /ictc/other/tools/QuestaDVA/questasim/verilog_src/uvm-1.2/src/reg/uvm_reg_predictor.svh(225) @ 2449108000: uvm_test_top.env.ahb_predictor [REG_PREDICT] Observed READ transaction to register regmodel.FSR: value='h6
# UVM_INFO ./../testcases/uart_rxd_interrupt.sv(40) @ 2459118000: uvm_test_top [uart_rxd_interrupt] -------------------------------------------------------------
# Name                Type                Size  Value          
# -------------------------------------------------------------
# cfg                 uart_configuration  -     @360           
#   parity_mode       parity_mode_e       32    UART_PARITY_ODD
#   sampling          sampling_mode_e     32    MODE_X16       
#   data_width        integral            32    'h8            
#   num_of_stop_bit   integral            32    'h1            
#   baud_rate         integral            32    'h2580         
#   baud_rate_enable  integral            1     'h0            
#   parity_enable     integral            1     'h0            
#   interrupt_enable  integral            1     'h0            
# -------------------------------------------------------------
# 
# UVM_INFO ./../regmodel/uart_reg2ahb_adapter.sv(42) @ 2459118000: reporter [uart_reg2ahb_adapter] bus2reg: address = 0x0 data = 0x0 kind = UVM_WRITE status = UVM_IS_OK
# UVM_INFO /ictc/other/tools/QuestaDVA/questasim/verilog_src/uvm-1.2/src/reg/uvm_reg_predictor.svh(221) @ 2459118000: uvm_test_top.env.ahb_predictor [REG_PREDICT] Observed WRITE transaction to register regmodel.MDR: value='h0 : updated value = 'h0
# UVM_INFO ./../regmodel/uart_reg2ahb_adapter.sv(42) @ 2459118000: reporter [uart_reg2ahb_adapter] bus2reg: address = 0x4 data = 0x8b kind = UVM_WRITE status = UVM_IS_OK
# UVM_INFO /ictc/other/tools/QuestaDVA/questasim/verilog_src/uvm-1.2/src/reg/uvm_reg_predictor.svh(221) @ 2459118000: uvm_test_top.env.ahb_predictor [REG_PREDICT] Observed WRITE transaction to register regmodel.DLL: value='h8b : updated value = 'h8b
# UVM_INFO ./../regmodel/uart_reg2ahb_adapter.sv(42) @ 2459118000: reporter [uart_reg2ahb_adapter] bus2reg: address = 0x8 data = 0x2 kind = UVM_WRITE status = UVM_IS_OK
# UVM_INFO /ictc/other/tools/QuestaDVA/questasim/verilog_src/uvm-1.2/src/reg/uvm_reg_predictor.svh(221) @ 2459118000: uvm_test_top.env.ahb_predictor [REG_PREDICT] Observed WRITE transaction to register regmodel.DLH: value='h2 : updated value = 'h2
# UVM_INFO ./../regmodel/uart_reg2ahb_adapter.sv(42) @ 2459118000: reporter [uart_reg2ahb_adapter] bus2reg: address = 0xc data = 0x2b kind = UVM_WRITE status = UVM_IS_OK
# UVM_INFO /ictc/other/tools/QuestaDVA/questasim/verilog_src/uvm-1.2/src/reg/uvm_reg_predictor.svh(221) @ 2459118000: uvm_test_top.env.ahb_predictor [REG_PREDICT] Observed WRITE transaction to register regmodel.LCR: value='h2b : updated value = 'h2b
# UVM_INFO ./../regmodel/uart_reg2ahb_adapter.sv(42) @ 2459119000: reporter [uart_reg2ahb_adapter] bus2reg: address = 0x10 data = 0x8 kind = UVM_WRITE status = UVM_IS_OK
# UVM_INFO /ictc/other/tools/QuestaDVA/questasim/verilog_src/uvm-1.2/src/reg/uvm_reg_predictor.svh(221) @ 2459119000: uvm_test_top.env.ahb_predictor [REG_PREDICT] Observed WRITE transaction to register regmodel.IER: value='h8 : updated value = 'h8
# ===== Received Data from IER =====
# UVM_INFO ./../regmodel/uart_reg2ahb_adapter.sv(42) @ 2459119000: reporter [uart_reg2ahb_adapter] bus2reg: address = 0x14 data = 0x6 kind = UVM_READ status = UVM_IS_OK
# UVM_INFO /ictc/other/tools/QuestaDVA/questasim/verilog_src/uvm-1.2/src/reg/uvm_reg_predictor.svh(225) @ 2459119000: uvm_test_top.env.ahb_predictor [REG_PREDICT] Observed READ transaction to register regmodel.FSR: value='h6
# UVM_ERROR ./../sequences/ahb_rxd_rx_empty_sequence.sv(130) @ 2459129000: uvm_test_top.env.ahb_agt.sequencer@@rx_empty [ahb_rxd_rx_empty_sequence] 
# ===== FAILED!!! RX_EMPTY_STATUS is not right =====
# UVM_INFO ./../regmodel/uart_reg2ahb_adapter.sv(42) @ 2461417000: reporter [uart_reg2ahb_adapter] bus2reg: address = 0x14 data = 0x6 kind = UVM_READ status = UVM_IS_OK
# UVM_INFO /ictc/other/tools/QuestaDVA/questasim/verilog_src/uvm-1.2/src/reg/uvm_reg_predictor.svh(225) @ 2461417000: uvm_test_top.env.ahb_predictor [REG_PREDICT] Observed READ transaction to register regmodel.FSR: value='h6
# UVM_INFO ./../testcases/uart_rxd_interrupt.sv(40) @ 2471427000: uvm_test_top [uart_rxd_interrupt] -------------------------------------------------------------
# Name                Type                Size  Value          
# -------------------------------------------------------------
# cfg                 uart_configuration  -     @360           
#   parity_mode       parity_mode_e       32    UART_PARITY_ODD
#   sampling          sampling_mode_e     32    MODE_X13       
#   data_width        integral            32    'h8            
#   num_of_stop_bit   integral            32    'h1            
#   baud_rate         integral            32    'h2580         
#   baud_rate_enable  integral            1     'h0            
#   parity_enable     integral            1     'h0            
#   interrupt_enable  integral            1     'h0            
# -------------------------------------------------------------
# 
# UVM_INFO ./../regmodel/uart_reg2ahb_adapter.sv(42) @ 2471427000: reporter [uart_reg2ahb_adapter] bus2reg: address = 0x0 data = 0x1 kind = UVM_WRITE status = UVM_IS_OK
# UVM_INFO /ictc/other/tools/QuestaDVA/questasim/verilog_src/uvm-1.2/src/reg/uvm_reg_predictor.svh(221) @ 2471427000: uvm_test_top.env.ahb_predictor [REG_PREDICT] Observed WRITE transaction to register regmodel.MDR: value='h1 : updated value = 'h1
# UVM_INFO ./../regmodel/uart_reg2ahb_adapter.sv(42) @ 2471427000: reporter [uart_reg2ahb_adapter] bus2reg: address = 0x4 data = 0x21 kind = UVM_WRITE status = UVM_IS_OK
# UVM_INFO /ictc/other/tools/QuestaDVA/questasim/verilog_src/uvm-1.2/src/reg/uvm_reg_predictor.svh(221) @ 2471427000: uvm_test_top.env.ahb_predictor [REG_PREDICT] Observed WRITE transaction to register regmodel.DLL: value='h21 : updated value = 'h21
# UVM_INFO ./../regmodel/uart_reg2ahb_adapter.sv(42) @ 2471427000: reporter [uart_reg2ahb_adapter] bus2reg: address = 0x8 data = 0x3 kind = UVM_WRITE status = UVM_IS_OK
# UVM_INFO /ictc/other/tools/QuestaDVA/questasim/verilog_src/uvm-1.2/src/reg/uvm_reg_predictor.svh(221) @ 2471427000: uvm_test_top.env.ahb_predictor [REG_PREDICT] Observed WRITE transaction to register regmodel.DLH: value='h3 : updated value = 'h3
# UVM_INFO ./../regmodel/uart_reg2ahb_adapter.sv(42) @ 2471427000: reporter [uart_reg2ahb_adapter] bus2reg: address = 0xc data = 0x2b kind = UVM_WRITE status = UVM_IS_OK
# UVM_INFO /ictc/other/tools/QuestaDVA/questasim/verilog_src/uvm-1.2/src/reg/uvm_reg_predictor.svh(221) @ 2471427000: uvm_test_top.env.ahb_predictor [REG_PREDICT] Observed WRITE transaction to register regmodel.LCR: value='h2b : updated value = 'h2b
# UVM_INFO ./../regmodel/uart_reg2ahb_adapter.sv(42) @ 2471427000: reporter [uart_reg2ahb_adapter] bus2reg: address = 0x10 data = 0x8 kind = UVM_WRITE status = UVM_IS_OK
# UVM_INFO /ictc/other/tools/QuestaDVA/questasim/verilog_src/uvm-1.2/src/reg/uvm_reg_predictor.svh(221) @ 2471427000: uvm_test_top.env.ahb_predictor [REG_PREDICT] Observed WRITE transaction to register regmodel.IER: value='h8 : updated value = 'h8
# ===== Received Data from IER =====
# UVM_INFO ./../regmodel/uart_reg2ahb_adapter.sv(42) @ 2471427000: reporter [uart_reg2ahb_adapter] bus2reg: address = 0x14 data = 0x6 kind = UVM_READ status = UVM_IS_OK
# UVM_INFO /ictc/other/tools/QuestaDVA/questasim/verilog_src/uvm-1.2/src/reg/uvm_reg_predictor.svh(225) @ 2471427000: uvm_test_top.env.ahb_predictor [REG_PREDICT] Observed READ transaction to register regmodel.FSR: value='h6
# UVM_ERROR ./../sequences/ahb_rxd_rx_empty_sequence.sv(130) @ 2471437000: uvm_test_top.env.ahb_agt.sequencer@@rx_empty [ahb_rxd_rx_empty_sequence] 
# ===== FAILED!!! RX_EMPTY_STATUS is not right =====
# UVM_INFO ./../regmodel/uart_reg2ahb_adapter.sv(42) @ 2473725000: reporter [uart_reg2ahb_adapter] bus2reg: address = 0x14 data = 0x6 kind = UVM_READ status = UVM_IS_OK
# UVM_INFO /ictc/other/tools/QuestaDVA/questasim/verilog_src/uvm-1.2/src/reg/uvm_reg_predictor.svh(225) @ 2473725000: uvm_test_top.env.ahb_predictor [REG_PREDICT] Observed READ transaction to register regmodel.FSR: value='h6
# UVM_INFO ./../testcases/uart_rxd_interrupt.sv(40) @ 2483735000: uvm_test_top [uart_rxd_interrupt] -------------------------------------------------------------
# Name                Type                Size  Value          
# -------------------------------------------------------------
# cfg                 uart_configuration  -     @360           
#   parity_mode       parity_mode_e       32    UART_PARITY_ODD
#   sampling          sampling_mode_e     32    MODE_X16       
#   data_width        integral            32    'h8            
#   num_of_stop_bit   integral            32    'h1            
#   baud_rate         integral            32    'h4b00         
#   baud_rate_enable  integral            1     'h0            
#   parity_enable     integral            1     'h0            
#   interrupt_enable  integral            1     'h0            
# -------------------------------------------------------------
# 
# UVM_INFO ./../regmodel/uart_reg2ahb_adapter.sv(42) @ 2483735000: reporter [uart_reg2ahb_adapter] bus2reg: address = 0x0 data = 0x0 kind = UVM_WRITE status = UVM_IS_OK
# UVM_INFO /ictc/other/tools/QuestaDVA/questasim/verilog_src/uvm-1.2/src/reg/uvm_reg_predictor.svh(221) @ 2483735000: uvm_test_top.env.ahb_predictor [REG_PREDICT] Observed WRITE transaction to register regmodel.MDR: value='h0 : updated value = 'h0
# UVM_INFO ./../regmodel/uart_reg2ahb_adapter.sv(42) @ 2483735000: reporter [uart_reg2ahb_adapter] bus2reg: address = 0x4 data = 0x45 kind = UVM_WRITE status = UVM_IS_OK
# UVM_INFO /ictc/other/tools/QuestaDVA/questasim/verilog_src/uvm-1.2/src/reg/uvm_reg_predictor.svh(221) @ 2483735000: uvm_test_top.env.ahb_predictor [REG_PREDICT] Observed WRITE transaction to register regmodel.DLL: value='h45 : updated value = 'h45
# UVM_INFO ./../regmodel/uart_reg2ahb_adapter.sv(42) @ 2483735000: reporter [uart_reg2ahb_adapter] bus2reg: address = 0x8 data = 0x1 kind = UVM_WRITE status = UVM_IS_OK
# UVM_INFO /ictc/other/tools/QuestaDVA/questasim/verilog_src/uvm-1.2/src/reg/uvm_reg_predictor.svh(221) @ 2483735000: uvm_test_top.env.ahb_predictor [REG_PREDICT] Observed WRITE transaction to register regmodel.DLH: value='h1 : updated value = 'h1
# UVM_INFO ./../regmodel/uart_reg2ahb_adapter.sv(42) @ 2483736000: reporter [uart_reg2ahb_adapter] bus2reg: address = 0xc data = 0x2b kind = UVM_WRITE status = UVM_IS_OK
# UVM_INFO /ictc/other/tools/QuestaDVA/questasim/verilog_src/uvm-1.2/src/reg/uvm_reg_predictor.svh(221) @ 2483736000: uvm_test_top.env.ahb_predictor [REG_PREDICT] Observed WRITE transaction to register regmodel.LCR: value='h2b : updated value = 'h2b
# UVM_INFO ./../regmodel/uart_reg2ahb_adapter.sv(42) @ 2483736000: reporter [uart_reg2ahb_adapter] bus2reg: address = 0x10 data = 0x8 kind = UVM_WRITE status = UVM_IS_OK
# UVM_INFO /ictc/other/tools/QuestaDVA/questasim/verilog_src/uvm-1.2/src/reg/uvm_reg_predictor.svh(221) @ 2483736000: uvm_test_top.env.ahb_predictor [REG_PREDICT] Observed WRITE transaction to register regmodel.IER: value='h8 : updated value = 'h8
# ===== Received Data from IER =====
# UVM_INFO ./../regmodel/uart_reg2ahb_adapter.sv(42) @ 2483736000: reporter [uart_reg2ahb_adapter] bus2reg: address = 0x14 data = 0x6 kind = UVM_READ status = UVM_IS_OK
# UVM_INFO /ictc/other/tools/QuestaDVA/questasim/verilog_src/uvm-1.2/src/reg/uvm_reg_predictor.svh(225) @ 2483736000: uvm_test_top.env.ahb_predictor [REG_PREDICT] Observed READ transaction to register regmodel.FSR: value='h6
# UVM_ERROR ./../sequences/ahb_rxd_rx_empty_sequence.sv(130) @ 2483746000: uvm_test_top.env.ahb_agt.sequencer@@rx_empty [ahb_rxd_rx_empty_sequence] 
# ===== FAILED!!! RX_EMPTY_STATUS is not right =====
# UVM_INFO ./../regmodel/uart_reg2ahb_adapter.sv(42) @ 2484890000: reporter [uart_reg2ahb_adapter] bus2reg: address = 0x14 data = 0x6 kind = UVM_READ status = UVM_IS_OK
# UVM_INFO /ictc/other/tools/QuestaDVA/questasim/verilog_src/uvm-1.2/src/reg/uvm_reg_predictor.svh(225) @ 2484890000: uvm_test_top.env.ahb_predictor [REG_PREDICT] Observed READ transaction to register regmodel.FSR: value='h6
# UVM_INFO ./../testcases/uart_rxd_interrupt.sv(40) @ 2494900000: uvm_test_top [uart_rxd_interrupt] -------------------------------------------------------------
# Name                Type                Size  Value          
# -------------------------------------------------------------
# cfg                 uart_configuration  -     @360           
#   parity_mode       parity_mode_e       32    UART_PARITY_ODD
#   sampling          sampling_mode_e     32    MODE_X13       
#   data_width        integral            32    'h8            
#   num_of_stop_bit   integral            32    'h1            
#   baud_rate         integral            32    'h4b00         
#   baud_rate_enable  integral            1     'h0            
#   parity_enable     integral            1     'h0            
#   interrupt_enable  integral            1     'h0            
# -------------------------------------------------------------
# 
# UVM_INFO ./../regmodel/uart_reg2ahb_adapter.sv(42) @ 2494900000: reporter [uart_reg2ahb_adapter] bus2reg: address = 0x0 data = 0x1 kind = UVM_WRITE status = UVM_IS_OK
# UVM_INFO /ictc/other/tools/QuestaDVA/questasim/verilog_src/uvm-1.2/src/reg/uvm_reg_predictor.svh(221) @ 2494900000: uvm_test_top.env.ahb_predictor [REG_PREDICT] Observed WRITE transaction to register regmodel.MDR: value='h1 : updated value = 'h1
# UVM_INFO ./../regmodel/uart_reg2ahb_adapter.sv(42) @ 2494900000: reporter [uart_reg2ahb_adapter] bus2reg: address = 0x4 data = 0x91 kind = UVM_WRITE status = UVM_IS_OK
# UVM_INFO /ictc/other/tools/QuestaDVA/questasim/verilog_src/uvm-1.2/src/reg/uvm_reg_predictor.svh(221) @ 2494900000: uvm_test_top.env.ahb_predictor [REG_PREDICT] Observed WRITE transaction to register regmodel.DLL: value='h91 : updated value = 'h91
# UVM_INFO ./../regmodel/uart_reg2ahb_adapter.sv(42) @ 2494900000: reporter [uart_reg2ahb_adapter] bus2reg: address = 0x8 data = 0x1 kind = UVM_WRITE status = UVM_IS_OK
# UVM_INFO /ictc/other/tools/QuestaDVA/questasim/verilog_src/uvm-1.2/src/reg/uvm_reg_predictor.svh(221) @ 2494900000: uvm_test_top.env.ahb_predictor [REG_PREDICT] Observed WRITE transaction to register regmodel.DLH: value='h1 : updated value = 'h1
# UVM_INFO ./../regmodel/uart_reg2ahb_adapter.sv(42) @ 2494900000: reporter [uart_reg2ahb_adapter] bus2reg: address = 0xc data = 0x2b kind = UVM_WRITE status = UVM_IS_OK
# UVM_INFO /ictc/other/tools/QuestaDVA/questasim/verilog_src/uvm-1.2/src/reg/uvm_reg_predictor.svh(221) @ 2494900000: uvm_test_top.env.ahb_predictor [REG_PREDICT] Observed WRITE transaction to register regmodel.LCR: value='h2b : updated value = 'h2b
# UVM_INFO ./../regmodel/uart_reg2ahb_adapter.sv(42) @ 2494900000: reporter [uart_reg2ahb_adapter] bus2reg: address = 0x10 data = 0x8 kind = UVM_WRITE status = UVM_IS_OK
# UVM_INFO /ictc/other/tools/QuestaDVA/questasim/verilog_src/uvm-1.2/src/reg/uvm_reg_predictor.svh(221) @ 2494900000: uvm_test_top.env.ahb_predictor [REG_PREDICT] Observed WRITE transaction to register regmodel.IER: value='h8 : updated value = 'h8
# ===== Received Data from IER =====
# UVM_INFO ./../regmodel/uart_reg2ahb_adapter.sv(42) @ 2494900000: reporter [uart_reg2ahb_adapter] bus2reg: address = 0x14 data = 0x6 kind = UVM_READ status = UVM_IS_OK
# UVM_INFO /ictc/other/tools/QuestaDVA/questasim/verilog_src/uvm-1.2/src/reg/uvm_reg_predictor.svh(225) @ 2494900000: uvm_test_top.env.ahb_predictor [REG_PREDICT] Observed READ transaction to register regmodel.FSR: value='h6
# UVM_ERROR ./../sequences/ahb_rxd_rx_empty_sequence.sv(130) @ 2494910000: uvm_test_top.env.ahb_agt.sequencer@@rx_empty [ahb_rxd_rx_empty_sequence] 
# ===== FAILED!!! RX_EMPTY_STATUS is not right =====
# UVM_INFO ./../regmodel/uart_reg2ahb_adapter.sv(42) @ 2496054000: reporter [uart_reg2ahb_adapter] bus2reg: address = 0x14 data = 0x6 kind = UVM_READ status = UVM_IS_OK
# UVM_INFO /ictc/other/tools/QuestaDVA/questasim/verilog_src/uvm-1.2/src/reg/uvm_reg_predictor.svh(225) @ 2496054000: uvm_test_top.env.ahb_predictor [REG_PREDICT] Observed READ transaction to register regmodel.FSR: value='h6
# UVM_INFO ./../testcases/uart_rxd_interrupt.sv(40) @ 2506064000: uvm_test_top [uart_rxd_interrupt] -------------------------------------------------------------
# Name                Type                Size  Value          
# -------------------------------------------------------------
# cfg                 uart_configuration  -     @360           
#   parity_mode       parity_mode_e       32    UART_PARITY_ODD
#   sampling          sampling_mode_e     32    MODE_X16       
#   data_width        integral            32    'h8            
#   num_of_stop_bit   integral            32    'h1            
#   baud_rate         integral            32    'h9600         
#   baud_rate_enable  integral            1     'h0            
#   parity_enable     integral            1     'h0            
#   interrupt_enable  integral            1     'h0            
# -------------------------------------------------------------
# 
# UVM_INFO ./../regmodel/uart_reg2ahb_adapter.sv(42) @ 2506064000: reporter [uart_reg2ahb_adapter] bus2reg: address = 0x0 data = 0x0 kind = UVM_WRITE status = UVM_IS_OK
# UVM_INFO /ictc/other/tools/QuestaDVA/questasim/verilog_src/uvm-1.2/src/reg/uvm_reg_predictor.svh(221) @ 2506064000: uvm_test_top.env.ahb_predictor [REG_PREDICT] Observed WRITE transaction to register regmodel.MDR: value='h0 : updated value = 'h0
# UVM_INFO ./../regmodel/uart_reg2ahb_adapter.sv(42) @ 2506065000: reporter [uart_reg2ahb_adapter] bus2reg: address = 0x4 data = 0xa4 kind = UVM_WRITE status = UVM_IS_OK
# UVM_INFO /ictc/other/tools/QuestaDVA/questasim/verilog_src/uvm-1.2/src/reg/uvm_reg_predictor.svh(221) @ 2506065000: uvm_test_top.env.ahb_predictor [REG_PREDICT] Observed WRITE transaction to register regmodel.DLL: value='ha4 : updated value = 'ha4
# UVM_INFO ./../regmodel/uart_reg2ahb_adapter.sv(42) @ 2506065000: reporter [uart_reg2ahb_adapter] bus2reg: address = 0x8 data = 0x0 kind = UVM_WRITE status = UVM_IS_OK
# UVM_INFO /ictc/other/tools/QuestaDVA/questasim/verilog_src/uvm-1.2/src/reg/uvm_reg_predictor.svh(221) @ 2506065000: uvm_test_top.env.ahb_predictor [REG_PREDICT] Observed WRITE transaction to register regmodel.DLH: value='h0 : updated value = 'h0
# UVM_INFO ./../regmodel/uart_reg2ahb_adapter.sv(42) @ 2506065000: reporter [uart_reg2ahb_adapter] bus2reg: address = 0xc data = 0x2b kind = UVM_WRITE status = UVM_IS_OK
# UVM_INFO /ictc/other/tools/QuestaDVA/questasim/verilog_src/uvm-1.2/src/reg/uvm_reg_predictor.svh(221) @ 2506065000: uvm_test_top.env.ahb_predictor [REG_PREDICT] Observed WRITE transaction to register regmodel.LCR: value='h2b : updated value = 'h2b
# UVM_INFO ./../regmodel/uart_reg2ahb_adapter.sv(42) @ 2506065000: reporter [uart_reg2ahb_adapter] bus2reg: address = 0x10 data = 0x8 kind = UVM_WRITE status = UVM_IS_OK
# UVM_INFO /ictc/other/tools/QuestaDVA/questasim/verilog_src/uvm-1.2/src/reg/uvm_reg_predictor.svh(221) @ 2506065000: uvm_test_top.env.ahb_predictor [REG_PREDICT] Observed WRITE transaction to register regmodel.IER: value='h8 : updated value = 'h8
# ===== Received Data from IER =====
# UVM_INFO ./../regmodel/uart_reg2ahb_adapter.sv(42) @ 2506065000: reporter [uart_reg2ahb_adapter] bus2reg: address = 0x14 data = 0x6 kind = UVM_READ status = UVM_IS_OK
# UVM_INFO /ictc/other/tools/QuestaDVA/questasim/verilog_src/uvm-1.2/src/reg/uvm_reg_predictor.svh(225) @ 2506065000: uvm_test_top.env.ahb_predictor [REG_PREDICT] Observed READ transaction to register regmodel.FSR: value='h6
# UVM_ERROR ./../sequences/ahb_rxd_rx_empty_sequence.sv(130) @ 2506075000: uvm_test_top.env.ahb_agt.sequencer@@rx_empty [ahb_rxd_rx_empty_sequence] 
# ===== FAILED!!! RX_EMPTY_STATUS is not right =====
# UVM_INFO ./../regmodel/uart_reg2ahb_adapter.sv(42) @ 2506647000: reporter [uart_reg2ahb_adapter] bus2reg: address = 0x14 data = 0x6 kind = UVM_READ status = UVM_IS_OK
# UVM_INFO /ictc/other/tools/QuestaDVA/questasim/verilog_src/uvm-1.2/src/reg/uvm_reg_predictor.svh(225) @ 2506647000: uvm_test_top.env.ahb_predictor [REG_PREDICT] Observed READ transaction to register regmodel.FSR: value='h6
# UVM_INFO ./../testcases/uart_rxd_interrupt.sv(40) @ 2516657000: uvm_test_top [uart_rxd_interrupt] -------------------------------------------------------------
# Name                Type                Size  Value          
# -------------------------------------------------------------
# cfg                 uart_configuration  -     @360           
#   parity_mode       parity_mode_e       32    UART_PARITY_ODD
#   sampling          sampling_mode_e     32    MODE_X13       
#   data_width        integral            32    'h8            
#   num_of_stop_bit   integral            32    'h1            
#   baud_rate         integral            32    'h9600         
#   baud_rate_enable  integral            1     'h0            
#   parity_enable     integral            1     'h0            
#   interrupt_enable  integral            1     'h0            
# -------------------------------------------------------------
# 
# UVM_INFO ./../regmodel/uart_reg2ahb_adapter.sv(42) @ 2516657000: reporter [uart_reg2ahb_adapter] bus2reg: address = 0x0 data = 0x1 kind = UVM_WRITE status = UVM_IS_OK
# UVM_INFO /ictc/other/tools/QuestaDVA/questasim/verilog_src/uvm-1.2/src/reg/uvm_reg_predictor.svh(221) @ 2516657000: uvm_test_top.env.ahb_predictor [REG_PREDICT] Observed WRITE transaction to register regmodel.MDR: value='h1 : updated value = 'h1
# UVM_INFO ./../regmodel/uart_reg2ahb_adapter.sv(42) @ 2516657000: reporter [uart_reg2ahb_adapter] bus2reg: address = 0x4 data = 0xc8 kind = UVM_WRITE status = UVM_IS_OK
# UVM_INFO /ictc/other/tools/QuestaDVA/questasim/verilog_src/uvm-1.2/src/reg/uvm_reg_predictor.svh(221) @ 2516657000: uvm_test_top.env.ahb_predictor [REG_PREDICT] Observed WRITE transaction to register regmodel.DLL: value='hc8 : updated value = 'hc8
# UVM_INFO ./../regmodel/uart_reg2ahb_adapter.sv(42) @ 2516657000: reporter [uart_reg2ahb_adapter] bus2reg: address = 0x8 data = 0x0 kind = UVM_WRITE status = UVM_IS_OK
# UVM_INFO /ictc/other/tools/QuestaDVA/questasim/verilog_src/uvm-1.2/src/reg/uvm_reg_predictor.svh(221) @ 2516657000: uvm_test_top.env.ahb_predictor [REG_PREDICT] Observed WRITE transaction to register regmodel.DLH: value='h0 : updated value = 'h0
# UVM_INFO ./../regmodel/uart_reg2ahb_adapter.sv(42) @ 2516657000: reporter [uart_reg2ahb_adapter] bus2reg: address = 0xc data = 0x2b kind = UVM_WRITE status = UVM_IS_OK
# UVM_INFO /ictc/other/tools/QuestaDVA/questasim/verilog_src/uvm-1.2/src/reg/uvm_reg_predictor.svh(221) @ 2516657000: uvm_test_top.env.ahb_predictor [REG_PREDICT] Observed WRITE transaction to register regmodel.LCR: value='h2b : updated value = 'h2b
# UVM_INFO ./../regmodel/uart_reg2ahb_adapter.sv(42) @ 2516657000: reporter [uart_reg2ahb_adapter] bus2reg: address = 0x10 data = 0x8 kind = UVM_WRITE status = UVM_IS_OK
# UVM_INFO /ictc/other/tools/QuestaDVA/questasim/verilog_src/uvm-1.2/src/reg/uvm_reg_predictor.svh(221) @ 2516657000: uvm_test_top.env.ahb_predictor [REG_PREDICT] Observed WRITE transaction to register regmodel.IER: value='h8 : updated value = 'h8
# ===== Received Data from IER =====
# UVM_INFO ./../regmodel/uart_reg2ahb_adapter.sv(42) @ 2516657000: reporter [uart_reg2ahb_adapter] bus2reg: address = 0x14 data = 0x6 kind = UVM_READ status = UVM_IS_OK
# UVM_INFO /ictc/other/tools/QuestaDVA/questasim/verilog_src/uvm-1.2/src/reg/uvm_reg_predictor.svh(225) @ 2516657000: uvm_test_top.env.ahb_predictor [REG_PREDICT] Observed READ transaction to register regmodel.FSR: value='h6
# UVM_ERROR ./../sequences/ahb_rxd_rx_empty_sequence.sv(130) @ 2516667000: uvm_test_top.env.ahb_agt.sequencer@@rx_empty [ahb_rxd_rx_empty_sequence] 
# ===== FAILED!!! RX_EMPTY_STATUS is not right =====
# UVM_INFO ./../regmodel/uart_reg2ahb_adapter.sv(42) @ 2517240000: reporter [uart_reg2ahb_adapter] bus2reg: address = 0x14 data = 0x6 kind = UVM_READ status = UVM_IS_OK
# UVM_INFO /ictc/other/tools/QuestaDVA/questasim/verilog_src/uvm-1.2/src/reg/uvm_reg_predictor.svh(225) @ 2517240000: uvm_test_top.env.ahb_predictor [REG_PREDICT] Observed READ transaction to register regmodel.FSR: value='h6
# UVM_INFO ./../testcases/uart_rxd_interrupt.sv(40) @ 2527250000: uvm_test_top [uart_rxd_interrupt] -------------------------------------------------------------
# Name                Type                Size  Value          
# -------------------------------------------------------------
# cfg                 uart_configuration  -     @360           
#   parity_mode       parity_mode_e       32    UART_PARITY_ODD
#   sampling          sampling_mode_e     32    MODE_X16       
#   data_width        integral            32    'h8            
#   num_of_stop_bit   integral            32    'h1            
#   baud_rate         integral            32    'h12c00        
#   baud_rate_enable  integral            1     'h0            
#   parity_enable     integral            1     'h0            
#   interrupt_enable  integral            1     'h0            
# -------------------------------------------------------------
# 
# UVM_INFO ./../regmodel/uart_reg2ahb_adapter.sv(42) @ 2527250000: reporter [uart_reg2ahb_adapter] bus2reg: address = 0x0 data = 0x0 kind = UVM_WRITE status = UVM_IS_OK
# UVM_INFO /ictc/other/tools/QuestaDVA/questasim/verilog_src/uvm-1.2/src/reg/uvm_reg_predictor.svh(221) @ 2527250000: uvm_test_top.env.ahb_predictor [REG_PREDICT] Observed WRITE transaction to register regmodel.MDR: value='h0 : updated value = 'h0
# UVM_INFO ./../regmodel/uart_reg2ahb_adapter.sv(42) @ 2527250000: reporter [uart_reg2ahb_adapter] bus2reg: address = 0x4 data = 0x51 kind = UVM_WRITE status = UVM_IS_OK
# UVM_INFO /ictc/other/tools/QuestaDVA/questasim/verilog_src/uvm-1.2/src/reg/uvm_reg_predictor.svh(221) @ 2527250000: uvm_test_top.env.ahb_predictor [REG_PREDICT] Observed WRITE transaction to register regmodel.DLL: value='h51 : updated value = 'h51
# UVM_INFO ./../regmodel/uart_reg2ahb_adapter.sv(42) @ 2527250000: reporter [uart_reg2ahb_adapter] bus2reg: address = 0x8 data = 0x0 kind = UVM_WRITE status = UVM_IS_OK
# UVM_INFO /ictc/other/tools/QuestaDVA/questasim/verilog_src/uvm-1.2/src/reg/uvm_reg_predictor.svh(221) @ 2527250000: uvm_test_top.env.ahb_predictor [REG_PREDICT] Observed WRITE transaction to register regmodel.DLH: value='h0 : updated value = 'h0
# UVM_INFO ./../regmodel/uart_reg2ahb_adapter.sv(42) @ 2527250000: reporter [uart_reg2ahb_adapter] bus2reg: address = 0xc data = 0x2b kind = UVM_WRITE status = UVM_IS_OK
# UVM_INFO /ictc/other/tools/QuestaDVA/questasim/verilog_src/uvm-1.2/src/reg/uvm_reg_predictor.svh(221) @ 2527250000: uvm_test_top.env.ahb_predictor [REG_PREDICT] Observed WRITE transaction to register regmodel.LCR: value='h2b : updated value = 'h2b
# UVM_INFO ./../regmodel/uart_reg2ahb_adapter.sv(42) @ 2527250000: reporter [uart_reg2ahb_adapter] bus2reg: address = 0x10 data = 0x8 kind = UVM_WRITE status = UVM_IS_OK
# UVM_INFO /ictc/other/tools/QuestaDVA/questasim/verilog_src/uvm-1.2/src/reg/uvm_reg_predictor.svh(221) @ 2527250000: uvm_test_top.env.ahb_predictor [REG_PREDICT] Observed WRITE transaction to register regmodel.IER: value='h8 : updated value = 'h8
# ===== Received Data from IER =====
# UVM_INFO ./../regmodel/uart_reg2ahb_adapter.sv(42) @ 2527250000: reporter [uart_reg2ahb_adapter] bus2reg: address = 0x14 data = 0x6 kind = UVM_READ status = UVM_IS_OK
# UVM_INFO /ictc/other/tools/QuestaDVA/questasim/verilog_src/uvm-1.2/src/reg/uvm_reg_predictor.svh(225) @ 2527250000: uvm_test_top.env.ahb_predictor [REG_PREDICT] Observed READ transaction to register regmodel.FSR: value='h6
# UVM_ERROR ./../sequences/ahb_rxd_rx_empty_sequence.sv(130) @ 2527260000: uvm_test_top.env.ahb_agt.sequencer@@rx_empty [ahb_rxd_rx_empty_sequence] 
# ===== FAILED!!! RX_EMPTY_STATUS is not right =====
# UVM_INFO ./../regmodel/uart_reg2ahb_adapter.sv(42) @ 2527546000: reporter [uart_reg2ahb_adapter] bus2reg: address = 0x14 data = 0x6 kind = UVM_READ status = UVM_IS_OK
# UVM_INFO /ictc/other/tools/QuestaDVA/questasim/verilog_src/uvm-1.2/src/reg/uvm_reg_predictor.svh(225) @ 2527546000: uvm_test_top.env.ahb_predictor [REG_PREDICT] Observed READ transaction to register regmodel.FSR: value='h6
# UVM_INFO ./../testcases/uart_rxd_interrupt.sv(40) @ 2537556000: uvm_test_top [uart_rxd_interrupt] -------------------------------------------------------------
# Name                Type                Size  Value          
# -------------------------------------------------------------
# cfg                 uart_configuration  -     @360           
#   parity_mode       parity_mode_e       32    UART_PARITY_ODD
#   sampling          sampling_mode_e     32    MODE_X13       
#   data_width        integral            32    'h8            
#   num_of_stop_bit   integral            32    'h1            
#   baud_rate         integral            32    'h12c00        
#   baud_rate_enable  integral            1     'h0            
#   parity_enable     integral            1     'h0            
#   interrupt_enable  integral            1     'h0            
# -------------------------------------------------------------
# 
# UVM_INFO ./../regmodel/uart_reg2ahb_adapter.sv(42) @ 2537556000: reporter [uart_reg2ahb_adapter] bus2reg: address = 0x0 data = 0x1 kind = UVM_WRITE status = UVM_IS_OK
# UVM_INFO /ictc/other/tools/QuestaDVA/questasim/verilog_src/uvm-1.2/src/reg/uvm_reg_predictor.svh(221) @ 2537556000: uvm_test_top.env.ahb_predictor [REG_PREDICT] Observed WRITE transaction to register regmodel.MDR: value='h1 : updated value = 'h1
# UVM_INFO ./../regmodel/uart_reg2ahb_adapter.sv(42) @ 2537556000: reporter [uart_reg2ahb_adapter] bus2reg: address = 0x4 data = 0x64 kind = UVM_WRITE status = UVM_IS_OK
# UVM_INFO /ictc/other/tools/QuestaDVA/questasim/verilog_src/uvm-1.2/src/reg/uvm_reg_predictor.svh(221) @ 2537556000: uvm_test_top.env.ahb_predictor [REG_PREDICT] Observed WRITE transaction to register regmodel.DLL: value='h64 : updated value = 'h64
# UVM_INFO ./../regmodel/uart_reg2ahb_adapter.sv(42) @ 2537556000: reporter [uart_reg2ahb_adapter] bus2reg: address = 0x8 data = 0x0 kind = UVM_WRITE status = UVM_IS_OK
# UVM_INFO /ictc/other/tools/QuestaDVA/questasim/verilog_src/uvm-1.2/src/reg/uvm_reg_predictor.svh(221) @ 2537556000: uvm_test_top.env.ahb_predictor [REG_PREDICT] Observed WRITE transaction to register regmodel.DLH: value='h0 : updated value = 'h0
# UVM_INFO ./../regmodel/uart_reg2ahb_adapter.sv(42) @ 2537556000: reporter [uart_reg2ahb_adapter] bus2reg: address = 0xc data = 0x2b kind = UVM_WRITE status = UVM_IS_OK
# UVM_INFO /ictc/other/tools/QuestaDVA/questasim/verilog_src/uvm-1.2/src/reg/uvm_reg_predictor.svh(221) @ 2537556000: uvm_test_top.env.ahb_predictor [REG_PREDICT] Observed WRITE transaction to register regmodel.LCR: value='h2b : updated value = 'h2b
# UVM_INFO ./../regmodel/uart_reg2ahb_adapter.sv(42) @ 2537556000: reporter [uart_reg2ahb_adapter] bus2reg: address = 0x10 data = 0x8 kind = UVM_WRITE status = UVM_IS_OK
# UVM_INFO /ictc/other/tools/QuestaDVA/questasim/verilog_src/uvm-1.2/src/reg/uvm_reg_predictor.svh(221) @ 2537556000: uvm_test_top.env.ahb_predictor [REG_PREDICT] Observed WRITE transaction to register regmodel.IER: value='h8 : updated value = 'h8
# ===== Received Data from IER =====
# UVM_INFO ./../regmodel/uart_reg2ahb_adapter.sv(42) @ 2537557000: reporter [uart_reg2ahb_adapter] bus2reg: address = 0x14 data = 0x6 kind = UVM_READ status = UVM_IS_OK
# UVM_INFO /ictc/other/tools/QuestaDVA/questasim/verilog_src/uvm-1.2/src/reg/uvm_reg_predictor.svh(225) @ 2537557000: uvm_test_top.env.ahb_predictor [REG_PREDICT] Observed READ transaction to register regmodel.FSR: value='h6
# UVM_ERROR ./../sequences/ahb_rxd_rx_empty_sequence.sv(130) @ 2537567000: uvm_test_top.env.ahb_agt.sequencer@@rx_empty [ahb_rxd_rx_empty_sequence] 
# ===== FAILED!!! RX_EMPTY_STATUS is not right =====
# UVM_INFO ./../regmodel/uart_reg2ahb_adapter.sv(42) @ 2537853000: reporter [uart_reg2ahb_adapter] bus2reg: address = 0x14 data = 0x6 kind = UVM_READ status = UVM_IS_OK
# UVM_INFO /ictc/other/tools/QuestaDVA/questasim/verilog_src/uvm-1.2/src/reg/uvm_reg_predictor.svh(225) @ 2537853000: uvm_test_top.env.ahb_predictor [REG_PREDICT] Observed READ transaction to register regmodel.FSR: value='h6
# UVM_INFO ./../testcases/uart_rxd_interrupt.sv(40) @ 2547863000: uvm_test_top [uart_rxd_interrupt] -------------------------------------------------------------
# Name                Type                Size  Value          
# -------------------------------------------------------------
# cfg                 uart_configuration  -     @360           
#   parity_mode       parity_mode_e       32    UART_PARITY_ODD
#   sampling          sampling_mode_e     32    MODE_X16       
#   data_width        integral            32    'h8            
#   num_of_stop_bit   integral            32    'h1            
#   baud_rate         integral            32    'h1c200        
#   baud_rate_enable  integral            1     'h0            
#   parity_enable     integral            1     'h0            
#   interrupt_enable  integral            1     'h0            
# -------------------------------------------------------------
# 
# UVM_INFO ./../regmodel/uart_reg2ahb_adapter.sv(42) @ 2547863000: reporter [uart_reg2ahb_adapter] bus2reg: address = 0x0 data = 0x0 kind = UVM_WRITE status = UVM_IS_OK
# UVM_INFO /ictc/other/tools/QuestaDVA/questasim/verilog_src/uvm-1.2/src/reg/uvm_reg_predictor.svh(221) @ 2547863000: uvm_test_top.env.ahb_predictor [REG_PREDICT] Observed WRITE transaction to register regmodel.MDR: value='h0 : updated value = 'h0
# UVM_INFO ./../regmodel/uart_reg2ahb_adapter.sv(42) @ 2547863000: reporter [uart_reg2ahb_adapter] bus2reg: address = 0x4 data = 0x36 kind = UVM_WRITE status = UVM_IS_OK
# UVM_INFO /ictc/other/tools/QuestaDVA/questasim/verilog_src/uvm-1.2/src/reg/uvm_reg_predictor.svh(221) @ 2547863000: uvm_test_top.env.ahb_predictor [REG_PREDICT] Observed WRITE transaction to register regmodel.DLL: value='h36 : updated value = 'h36
# UVM_INFO ./../regmodel/uart_reg2ahb_adapter.sv(42) @ 2547863000: reporter [uart_reg2ahb_adapter] bus2reg: address = 0x8 data = 0x0 kind = UVM_WRITE status = UVM_IS_OK
# UVM_INFO /ictc/other/tools/QuestaDVA/questasim/verilog_src/uvm-1.2/src/reg/uvm_reg_predictor.svh(221) @ 2547863000: uvm_test_top.env.ahb_predictor [REG_PREDICT] Observed WRITE transaction to register regmodel.DLH: value='h0 : updated value = 'h0
# UVM_INFO ./../regmodel/uart_reg2ahb_adapter.sv(42) @ 2547863000: reporter [uart_reg2ahb_adapter] bus2reg: address = 0xc data = 0x2b kind = UVM_WRITE status = UVM_IS_OK
# UVM_INFO /ictc/other/tools/QuestaDVA/questasim/verilog_src/uvm-1.2/src/reg/uvm_reg_predictor.svh(221) @ 2547863000: uvm_test_top.env.ahb_predictor [REG_PREDICT] Observed WRITE transaction to register regmodel.LCR: value='h2b : updated value = 'h2b
# UVM_INFO ./../regmodel/uart_reg2ahb_adapter.sv(42) @ 2547863000: reporter [uart_reg2ahb_adapter] bus2reg: address = 0x10 data = 0x8 kind = UVM_WRITE status = UVM_IS_OK
# UVM_INFO /ictc/other/tools/QuestaDVA/questasim/verilog_src/uvm-1.2/src/reg/uvm_reg_predictor.svh(221) @ 2547863000: uvm_test_top.env.ahb_predictor [REG_PREDICT] Observed WRITE transaction to register regmodel.IER: value='h8 : updated value = 'h8
# ===== Received Data from IER =====
# UVM_INFO ./../regmodel/uart_reg2ahb_adapter.sv(42) @ 2547863000: reporter [uart_reg2ahb_adapter] bus2reg: address = 0x14 data = 0x6 kind = UVM_READ status = UVM_IS_OK
# UVM_INFO /ictc/other/tools/QuestaDVA/questasim/verilog_src/uvm-1.2/src/reg/uvm_reg_predictor.svh(225) @ 2547863000: uvm_test_top.env.ahb_predictor [REG_PREDICT] Observed READ transaction to register regmodel.FSR: value='h6
# UVM_ERROR ./../sequences/ahb_rxd_rx_empty_sequence.sv(130) @ 2547873000: uvm_test_top.env.ahb_agt.sequencer@@rx_empty [ahb_rxd_rx_empty_sequence] 
# ===== FAILED!!! RX_EMPTY_STATUS is not right =====
# UVM_INFO ./../regmodel/uart_reg2ahb_adapter.sv(42) @ 2548060000: reporter [uart_reg2ahb_adapter] bus2reg: address = 0x14 data = 0x6 kind = UVM_READ status = UVM_IS_OK
# UVM_INFO /ictc/other/tools/QuestaDVA/questasim/verilog_src/uvm-1.2/src/reg/uvm_reg_predictor.svh(225) @ 2548060000: uvm_test_top.env.ahb_predictor [REG_PREDICT] Observed READ transaction to register regmodel.FSR: value='h6
# UVM_INFO ./../testcases/uart_rxd_interrupt.sv(40) @ 2558070000: uvm_test_top [uart_rxd_interrupt] -------------------------------------------------------------
# Name                Type                Size  Value          
# -------------------------------------------------------------
# cfg                 uart_configuration  -     @360           
#   parity_mode       parity_mode_e       32    UART_PARITY_ODD
#   sampling          sampling_mode_e     32    MODE_X13       
#   data_width        integral            32    'h8            
#   num_of_stop_bit   integral            32    'h1            
#   baud_rate         integral            32    'h1c200        
#   baud_rate_enable  integral            1     'h0            
#   parity_enable     integral            1     'h0            
#   interrupt_enable  integral            1     'h0            
# -------------------------------------------------------------
# 
# UVM_INFO ./../regmodel/uart_reg2ahb_adapter.sv(42) @ 2558070000: reporter [uart_reg2ahb_adapter] bus2reg: address = 0x0 data = 0x1 kind = UVM_WRITE status = UVM_IS_OK
# UVM_INFO /ictc/other/tools/QuestaDVA/questasim/verilog_src/uvm-1.2/src/reg/uvm_reg_predictor.svh(221) @ 2558070000: uvm_test_top.env.ahb_predictor [REG_PREDICT] Observed WRITE transaction to register regmodel.MDR: value='h1 : updated value = 'h1
# UVM_INFO ./../regmodel/uart_reg2ahb_adapter.sv(42) @ 2558070000: reporter [uart_reg2ahb_adapter] bus2reg: address = 0x4 data = 0x43 kind = UVM_WRITE status = UVM_IS_OK
# UVM_INFO /ictc/other/tools/QuestaDVA/questasim/verilog_src/uvm-1.2/src/reg/uvm_reg_predictor.svh(221) @ 2558070000: uvm_test_top.env.ahb_predictor [REG_PREDICT] Observed WRITE transaction to register regmodel.DLL: value='h43 : updated value = 'h43
# UVM_INFO ./../regmodel/uart_reg2ahb_adapter.sv(42) @ 2558070000: reporter [uart_reg2ahb_adapter] bus2reg: address = 0x8 data = 0x0 kind = UVM_WRITE status = UVM_IS_OK
# UVM_INFO /ictc/other/tools/QuestaDVA/questasim/verilog_src/uvm-1.2/src/reg/uvm_reg_predictor.svh(221) @ 2558070000: uvm_test_top.env.ahb_predictor [REG_PREDICT] Observed WRITE transaction to register regmodel.DLH: value='h0 : updated value = 'h0
# UVM_INFO ./../regmodel/uart_reg2ahb_adapter.sv(42) @ 2558070000: reporter [uart_reg2ahb_adapter] bus2reg: address = 0xc data = 0x2b kind = UVM_WRITE status = UVM_IS_OK
# UVM_INFO /ictc/other/tools/QuestaDVA/questasim/verilog_src/uvm-1.2/src/reg/uvm_reg_predictor.svh(221) @ 2558070000: uvm_test_top.env.ahb_predictor [REG_PREDICT] Observed WRITE transaction to register regmodel.LCR: value='h2b : updated value = 'h2b
# UVM_INFO ./../regmodel/uart_reg2ahb_adapter.sv(42) @ 2558071000: reporter [uart_reg2ahb_adapter] bus2reg: address = 0x10 data = 0x8 kind = UVM_WRITE status = UVM_IS_OK
# UVM_INFO /ictc/other/tools/QuestaDVA/questasim/verilog_src/uvm-1.2/src/reg/uvm_reg_predictor.svh(221) @ 2558071000: uvm_test_top.env.ahb_predictor [REG_PREDICT] Observed WRITE transaction to register regmodel.IER: value='h8 : updated value = 'h8
# ===== Received Data from IER =====
# UVM_INFO ./../regmodel/uart_reg2ahb_adapter.sv(42) @ 2558071000: reporter [uart_reg2ahb_adapter] bus2reg: address = 0x14 data = 0x6 kind = UVM_READ status = UVM_IS_OK
# UVM_INFO /ictc/other/tools/QuestaDVA/questasim/verilog_src/uvm-1.2/src/reg/uvm_reg_predictor.svh(225) @ 2558071000: uvm_test_top.env.ahb_predictor [REG_PREDICT] Observed READ transaction to register regmodel.FSR: value='h6
# UVM_ERROR ./../sequences/ahb_rxd_rx_empty_sequence.sv(130) @ 2558081000: uvm_test_top.env.ahb_agt.sequencer@@rx_empty [ahb_rxd_rx_empty_sequence] 
# ===== FAILED!!! RX_EMPTY_STATUS is not right =====
# UVM_INFO ./../regmodel/uart_reg2ahb_adapter.sv(42) @ 2558268000: reporter [uart_reg2ahb_adapter] bus2reg: address = 0x14 data = 0x6 kind = UVM_READ status = UVM_IS_OK
# UVM_INFO /ictc/other/tools/QuestaDVA/questasim/verilog_src/uvm-1.2/src/reg/uvm_reg_predictor.svh(225) @ 2558268000: uvm_test_top.env.ahb_predictor [REG_PREDICT] Observed READ transaction to register regmodel.FSR: value='h6
# UVM_INFO ./../testcases/uart_rxd_interrupt.sv(40) @ 2568278000: uvm_test_top [uart_rxd_interrupt] -------------------------------------------------------------
# Name                Type                Size  Value          
# -------------------------------------------------------------
# cfg                 uart_configuration  -     @360           
#   parity_mode       parity_mode_e       32    UART_PARITY_ODD
#   sampling          sampling_mode_e     32    MODE_X16       
#   data_width        integral            32    'h8            
#   num_of_stop_bit   integral            32    'h2            
#   baud_rate         integral            32    'h960          
#   baud_rate_enable  integral            1     'h0            
#   parity_enable     integral            1     'h0            
#   interrupt_enable  integral            1     'h0            
# -------------------------------------------------------------
# 
# UVM_INFO ./../regmodel/uart_reg2ahb_adapter.sv(42) @ 2568278000: reporter [uart_reg2ahb_adapter] bus2reg: address = 0x0 data = 0x0 kind = UVM_WRITE status = UVM_IS_OK
# UVM_INFO /ictc/other/tools/QuestaDVA/questasim/verilog_src/uvm-1.2/src/reg/uvm_reg_predictor.svh(221) @ 2568278000: uvm_test_top.env.ahb_predictor [REG_PREDICT] Observed WRITE transaction to register regmodel.MDR: value='h0 : updated value = 'h0
# UVM_INFO ./../regmodel/uart_reg2ahb_adapter.sv(42) @ 2568278000: reporter [uart_reg2ahb_adapter] bus2reg: address = 0x4 data = 0x2c kind = UVM_WRITE status = UVM_IS_OK
# UVM_INFO /ictc/other/tools/QuestaDVA/questasim/verilog_src/uvm-1.2/src/reg/uvm_reg_predictor.svh(221) @ 2568278000: uvm_test_top.env.ahb_predictor [REG_PREDICT] Observed WRITE transaction to register regmodel.DLL: value='h2c : updated value = 'h2c
# UVM_INFO ./../regmodel/uart_reg2ahb_adapter.sv(42) @ 2568278000: reporter [uart_reg2ahb_adapter] bus2reg: address = 0x8 data = 0xa kind = UVM_WRITE status = UVM_IS_OK
# UVM_INFO /ictc/other/tools/QuestaDVA/questasim/verilog_src/uvm-1.2/src/reg/uvm_reg_predictor.svh(221) @ 2568278000: uvm_test_top.env.ahb_predictor [REG_PREDICT] Observed WRITE transaction to register regmodel.DLH: value='ha : updated value = 'ha
# UVM_INFO ./../regmodel/uart_reg2ahb_adapter.sv(42) @ 2568278000: reporter [uart_reg2ahb_adapter] bus2reg: address = 0xc data = 0x2f kind = UVM_WRITE status = UVM_IS_OK
# UVM_INFO /ictc/other/tools/QuestaDVA/questasim/verilog_src/uvm-1.2/src/reg/uvm_reg_predictor.svh(221) @ 2568278000: uvm_test_top.env.ahb_predictor [REG_PREDICT] Observed WRITE transaction to register regmodel.LCR: value='h2f : updated value = 'h2f
# UVM_INFO ./../regmodel/uart_reg2ahb_adapter.sv(42) @ 2568278000: reporter [uart_reg2ahb_adapter] bus2reg: address = 0x10 data = 0x8 kind = UVM_WRITE status = UVM_IS_OK
# UVM_INFO /ictc/other/tools/QuestaDVA/questasim/verilog_src/uvm-1.2/src/reg/uvm_reg_predictor.svh(221) @ 2568278000: uvm_test_top.env.ahb_predictor [REG_PREDICT] Observed WRITE transaction to register regmodel.IER: value='h8 : updated value = 'h8
# ===== Received Data from IER =====
# UVM_INFO ./../regmodel/uart_reg2ahb_adapter.sv(42) @ 2568278000: reporter [uart_reg2ahb_adapter] bus2reg: address = 0x14 data = 0x6 kind = UVM_READ status = UVM_IS_OK
# UVM_INFO /ictc/other/tools/QuestaDVA/questasim/verilog_src/uvm-1.2/src/reg/uvm_reg_predictor.svh(225) @ 2568278000: uvm_test_top.env.ahb_predictor [REG_PREDICT] Observed READ transaction to register regmodel.FSR: value='h6
# UVM_ERROR ./../sequences/ahb_rxd_rx_empty_sequence.sv(130) @ 2568288000: uvm_test_top.env.ahb_agt.sequencer@@rx_empty [ahb_rxd_rx_empty_sequence] 
# ===== FAILED!!! RX_EMPTY_STATUS is not right =====
# UVM_INFO ./../regmodel/uart_reg2ahb_adapter.sv(42) @ 2578284000: reporter [uart_reg2ahb_adapter] bus2reg: address = 0x14 data = 0x6 kind = UVM_READ status = UVM_IS_OK
# UVM_INFO /ictc/other/tools/QuestaDVA/questasim/verilog_src/uvm-1.2/src/reg/uvm_reg_predictor.svh(225) @ 2578284000: uvm_test_top.env.ahb_predictor [REG_PREDICT] Observed READ transaction to register regmodel.FSR: value='h6
# UVM_INFO ./../testcases/uart_rxd_interrupt.sv(40) @ 2588294000: uvm_test_top [uart_rxd_interrupt] -------------------------------------------------------------
# Name                Type                Size  Value          
# -------------------------------------------------------------
# cfg                 uart_configuration  -     @360           
#   parity_mode       parity_mode_e       32    UART_PARITY_ODD
#   sampling          sampling_mode_e     32    MODE_X13       
#   data_width        integral            32    'h8            
#   num_of_stop_bit   integral            32    'h2            
#   baud_rate         integral            32    'h960          
#   baud_rate_enable  integral            1     'h0            
#   parity_enable     integral            1     'h0            
#   interrupt_enable  integral            1     'h0            
# -------------------------------------------------------------
# 
# UVM_INFO ./../regmodel/uart_reg2ahb_adapter.sv(42) @ 2588294000: reporter [uart_reg2ahb_adapter] bus2reg: address = 0x0 data = 0x1 kind = UVM_WRITE status = UVM_IS_OK
# UVM_INFO /ictc/other/tools/QuestaDVA/questasim/verilog_src/uvm-1.2/src/reg/uvm_reg_predictor.svh(221) @ 2588294000: uvm_test_top.env.ahb_predictor [REG_PREDICT] Observed WRITE transaction to register regmodel.MDR: value='h1 : updated value = 'h1
# UVM_INFO ./../regmodel/uart_reg2ahb_adapter.sv(42) @ 2588294000: reporter [uart_reg2ahb_adapter] bus2reg: address = 0x4 data = 0x85 kind = UVM_WRITE status = UVM_IS_OK
# UVM_INFO /ictc/other/tools/QuestaDVA/questasim/verilog_src/uvm-1.2/src/reg/uvm_reg_predictor.svh(221) @ 2588294000: uvm_test_top.env.ahb_predictor [REG_PREDICT] Observed WRITE transaction to register regmodel.DLL: value='h85 : updated value = 'h85
# UVM_INFO ./../regmodel/uart_reg2ahb_adapter.sv(42) @ 2588295000: reporter [uart_reg2ahb_adapter] bus2reg: address = 0x8 data = 0xc kind = UVM_WRITE status = UVM_IS_OK
# UVM_INFO /ictc/other/tools/QuestaDVA/questasim/verilog_src/uvm-1.2/src/reg/uvm_reg_predictor.svh(221) @ 2588295000: uvm_test_top.env.ahb_predictor [REG_PREDICT] Observed WRITE transaction to register regmodel.DLH: value='hc : updated value = 'hc
# UVM_INFO ./../regmodel/uart_reg2ahb_adapter.sv(42) @ 2588295000: reporter [uart_reg2ahb_adapter] bus2reg: address = 0xc data = 0x2f kind = UVM_WRITE status = UVM_IS_OK
# UVM_INFO /ictc/other/tools/QuestaDVA/questasim/verilog_src/uvm-1.2/src/reg/uvm_reg_predictor.svh(221) @ 2588295000: uvm_test_top.env.ahb_predictor [REG_PREDICT] Observed WRITE transaction to register regmodel.LCR: value='h2f : updated value = 'h2f
# UVM_INFO ./../regmodel/uart_reg2ahb_adapter.sv(42) @ 2588295000: reporter [uart_reg2ahb_adapter] bus2reg: address = 0x10 data = 0x8 kind = UVM_WRITE status = UVM_IS_OK
# UVM_INFO /ictc/other/tools/QuestaDVA/questasim/verilog_src/uvm-1.2/src/reg/uvm_reg_predictor.svh(221) @ 2588295000: uvm_test_top.env.ahb_predictor [REG_PREDICT] Observed WRITE transaction to register regmodel.IER: value='h8 : updated value = 'h8
# ===== Received Data from IER =====
# UVM_INFO ./../regmodel/uart_reg2ahb_adapter.sv(42) @ 2588295000: reporter [uart_reg2ahb_adapter] bus2reg: address = 0x14 data = 0x6 kind = UVM_READ status = UVM_IS_OK
# UVM_INFO /ictc/other/tools/QuestaDVA/questasim/verilog_src/uvm-1.2/src/reg/uvm_reg_predictor.svh(225) @ 2588295000: uvm_test_top.env.ahb_predictor [REG_PREDICT] Observed READ transaction to register regmodel.FSR: value='h6
# UVM_ERROR ./../sequences/ahb_rxd_rx_empty_sequence.sv(130) @ 2588305000: uvm_test_top.env.ahb_agt.sequencer@@rx_empty [ahb_rxd_rx_empty_sequence] 
# ===== FAILED!!! RX_EMPTY_STATUS is not right =====
# UVM_INFO ./../regmodel/uart_reg2ahb_adapter.sv(42) @ 2598301000: reporter [uart_reg2ahb_adapter] bus2reg: address = 0x14 data = 0x6 kind = UVM_READ status = UVM_IS_OK
# UVM_INFO /ictc/other/tools/QuestaDVA/questasim/verilog_src/uvm-1.2/src/reg/uvm_reg_predictor.svh(225) @ 2598301000: uvm_test_top.env.ahb_predictor [REG_PREDICT] Observed READ transaction to register regmodel.FSR: value='h6
# UVM_INFO ./../testcases/uart_rxd_interrupt.sv(40) @ 2608311000: uvm_test_top [uart_rxd_interrupt] -------------------------------------------------------------
# Name                Type                Size  Value          
# -------------------------------------------------------------
# cfg                 uart_configuration  -     @360           
#   parity_mode       parity_mode_e       32    UART_PARITY_ODD
#   sampling          sampling_mode_e     32    MODE_X16       
#   data_width        integral            32    'h8            
#   num_of_stop_bit   integral            32    'h2            
#   baud_rate         integral            32    'h12c0         
#   baud_rate_enable  integral            1     'h0            
#   parity_enable     integral            1     'h0            
#   interrupt_enable  integral            1     'h0            
# -------------------------------------------------------------
# 
# UVM_INFO ./../regmodel/uart_reg2ahb_adapter.sv(42) @ 2608311000: reporter [uart_reg2ahb_adapter] bus2reg: address = 0x0 data = 0x0 kind = UVM_WRITE status = UVM_IS_OK
# UVM_INFO /ictc/other/tools/QuestaDVA/questasim/verilog_src/uvm-1.2/src/reg/uvm_reg_predictor.svh(221) @ 2608311000: uvm_test_top.env.ahb_predictor [REG_PREDICT] Observed WRITE transaction to register regmodel.MDR: value='h0 : updated value = 'h0
# UVM_INFO ./../regmodel/uart_reg2ahb_adapter.sv(42) @ 2608311000: reporter [uart_reg2ahb_adapter] bus2reg: address = 0x4 data = 0x16 kind = UVM_WRITE status = UVM_IS_OK
# UVM_INFO /ictc/other/tools/QuestaDVA/questasim/verilog_src/uvm-1.2/src/reg/uvm_reg_predictor.svh(221) @ 2608311000: uvm_test_top.env.ahb_predictor [REG_PREDICT] Observed WRITE transaction to register regmodel.DLL: value='h16 : updated value = 'h16
# UVM_INFO ./../regmodel/uart_reg2ahb_adapter.sv(42) @ 2608311000: reporter [uart_reg2ahb_adapter] bus2reg: address = 0x8 data = 0x5 kind = UVM_WRITE status = UVM_IS_OK
# UVM_INFO /ictc/other/tools/QuestaDVA/questasim/verilog_src/uvm-1.2/src/reg/uvm_reg_predictor.svh(221) @ 2608311000: uvm_test_top.env.ahb_predictor [REG_PREDICT] Observed WRITE transaction to register regmodel.DLH: value='h5 : updated value = 'h5
# UVM_INFO ./../regmodel/uart_reg2ahb_adapter.sv(42) @ 2608311000: reporter [uart_reg2ahb_adapter] bus2reg: address = 0xc data = 0x2f kind = UVM_WRITE status = UVM_IS_OK
# UVM_INFO /ictc/other/tools/QuestaDVA/questasim/verilog_src/uvm-1.2/src/reg/uvm_reg_predictor.svh(221) @ 2608311000: uvm_test_top.env.ahb_predictor [REG_PREDICT] Observed WRITE transaction to register regmodel.LCR: value='h2f : updated value = 'h2f
# UVM_INFO ./../regmodel/uart_reg2ahb_adapter.sv(42) @ 2608311000: reporter [uart_reg2ahb_adapter] bus2reg: address = 0x10 data = 0x8 kind = UVM_WRITE status = UVM_IS_OK
# UVM_INFO /ictc/other/tools/QuestaDVA/questasim/verilog_src/uvm-1.2/src/reg/uvm_reg_predictor.svh(221) @ 2608311000: uvm_test_top.env.ahb_predictor [REG_PREDICT] Observed WRITE transaction to register regmodel.IER: value='h8 : updated value = 'h8
# ===== Received Data from IER =====
# UVM_INFO ./../regmodel/uart_reg2ahb_adapter.sv(42) @ 2608311000: reporter [uart_reg2ahb_adapter] bus2reg: address = 0x14 data = 0x6 kind = UVM_READ status = UVM_IS_OK
# UVM_INFO /ictc/other/tools/QuestaDVA/questasim/verilog_src/uvm-1.2/src/reg/uvm_reg_predictor.svh(225) @ 2608311000: uvm_test_top.env.ahb_predictor [REG_PREDICT] Observed READ transaction to register regmodel.FSR: value='h6
# UVM_ERROR ./../sequences/ahb_rxd_rx_empty_sequence.sv(130) @ 2608321000: uvm_test_top.env.ahb_agt.sequencer@@rx_empty [ahb_rxd_rx_empty_sequence] 
# ===== FAILED!!! RX_EMPTY_STATUS is not right =====
# UVM_INFO ./../regmodel/uart_reg2ahb_adapter.sv(42) @ 2613325000: reporter [uart_reg2ahb_adapter] bus2reg: address = 0x14 data = 0x6 kind = UVM_READ status = UVM_IS_OK
# UVM_INFO /ictc/other/tools/QuestaDVA/questasim/verilog_src/uvm-1.2/src/reg/uvm_reg_predictor.svh(225) @ 2613325000: uvm_test_top.env.ahb_predictor [REG_PREDICT] Observed READ transaction to register regmodel.FSR: value='h6
# UVM_INFO ./../testcases/uart_rxd_interrupt.sv(40) @ 2623335000: uvm_test_top [uart_rxd_interrupt] -------------------------------------------------------------
# Name                Type                Size  Value          
# -------------------------------------------------------------
# cfg                 uart_configuration  -     @360           
#   parity_mode       parity_mode_e       32    UART_PARITY_ODD
#   sampling          sampling_mode_e     32    MODE_X13       
#   data_width        integral            32    'h8            
#   num_of_stop_bit   integral            32    'h2            
#   baud_rate         integral            32    'h12c0         
#   baud_rate_enable  integral            1     'h0            
#   parity_enable     integral            1     'h0            
#   interrupt_enable  integral            1     'h0            
# -------------------------------------------------------------
# 
# UVM_INFO ./../regmodel/uart_reg2ahb_adapter.sv(42) @ 2623335000: reporter [uart_reg2ahb_adapter] bus2reg: address = 0x0 data = 0x1 kind = UVM_WRITE status = UVM_IS_OK
# UVM_INFO /ictc/other/tools/QuestaDVA/questasim/verilog_src/uvm-1.2/src/reg/uvm_reg_predictor.svh(221) @ 2623335000: uvm_test_top.env.ahb_predictor [REG_PREDICT] Observed WRITE transaction to register regmodel.MDR: value='h1 : updated value = 'h1
# UVM_INFO ./../regmodel/uart_reg2ahb_adapter.sv(42) @ 2623336000: reporter [uart_reg2ahb_adapter] bus2reg: address = 0x4 data = 0x42 kind = UVM_WRITE status = UVM_IS_OK
# UVM_INFO /ictc/other/tools/QuestaDVA/questasim/verilog_src/uvm-1.2/src/reg/uvm_reg_predictor.svh(221) @ 2623336000: uvm_test_top.env.ahb_predictor [REG_PREDICT] Observed WRITE transaction to register regmodel.DLL: value='h42 : updated value = 'h42
# UVM_INFO ./../regmodel/uart_reg2ahb_adapter.sv(42) @ 2623336000: reporter [uart_reg2ahb_adapter] bus2reg: address = 0x8 data = 0x6 kind = UVM_WRITE status = UVM_IS_OK
# UVM_INFO /ictc/other/tools/QuestaDVA/questasim/verilog_src/uvm-1.2/src/reg/uvm_reg_predictor.svh(221) @ 2623336000: uvm_test_top.env.ahb_predictor [REG_PREDICT] Observed WRITE transaction to register regmodel.DLH: value='h6 : updated value = 'h6
# UVM_INFO ./../regmodel/uart_reg2ahb_adapter.sv(42) @ 2623336000: reporter [uart_reg2ahb_adapter] bus2reg: address = 0xc data = 0x2f kind = UVM_WRITE status = UVM_IS_OK
# UVM_INFO /ictc/other/tools/QuestaDVA/questasim/verilog_src/uvm-1.2/src/reg/uvm_reg_predictor.svh(221) @ 2623336000: uvm_test_top.env.ahb_predictor [REG_PREDICT] Observed WRITE transaction to register regmodel.LCR: value='h2f : updated value = 'h2f
# UVM_INFO ./../regmodel/uart_reg2ahb_adapter.sv(42) @ 2623336000: reporter [uart_reg2ahb_adapter] bus2reg: address = 0x10 data = 0x8 kind = UVM_WRITE status = UVM_IS_OK
# UVM_INFO /ictc/other/tools/QuestaDVA/questasim/verilog_src/uvm-1.2/src/reg/uvm_reg_predictor.svh(221) @ 2623336000: uvm_test_top.env.ahb_predictor [REG_PREDICT] Observed WRITE transaction to register regmodel.IER: value='h8 : updated value = 'h8
# ===== Received Data from IER =====
# UVM_INFO ./../regmodel/uart_reg2ahb_adapter.sv(42) @ 2623336000: reporter [uart_reg2ahb_adapter] bus2reg: address = 0x14 data = 0x6 kind = UVM_READ status = UVM_IS_OK
# UVM_INFO /ictc/other/tools/QuestaDVA/questasim/verilog_src/uvm-1.2/src/reg/uvm_reg_predictor.svh(225) @ 2623336000: uvm_test_top.env.ahb_predictor [REG_PREDICT] Observed READ transaction to register regmodel.FSR: value='h6
# UVM_ERROR ./../sequences/ahb_rxd_rx_empty_sequence.sv(130) @ 2623346000: uvm_test_top.env.ahb_agt.sequencer@@rx_empty [ahb_rxd_rx_empty_sequence] 
# ===== FAILED!!! RX_EMPTY_STATUS is not right =====
# UVM_INFO ./../regmodel/uart_reg2ahb_adapter.sv(42) @ 2628350000: reporter [uart_reg2ahb_adapter] bus2reg: address = 0x14 data = 0x6 kind = UVM_READ status = UVM_IS_OK
# UVM_INFO /ictc/other/tools/QuestaDVA/questasim/verilog_src/uvm-1.2/src/reg/uvm_reg_predictor.svh(225) @ 2628350000: uvm_test_top.env.ahb_predictor [REG_PREDICT] Observed READ transaction to register regmodel.FSR: value='h6
# UVM_INFO ./../testcases/uart_rxd_interrupt.sv(40) @ 2638360000: uvm_test_top [uart_rxd_interrupt] -------------------------------------------------------------
# Name                Type                Size  Value          
# -------------------------------------------------------------
# cfg                 uart_configuration  -     @360           
#   parity_mode       parity_mode_e       32    UART_PARITY_ODD
#   sampling          sampling_mode_e     32    MODE_X16       
#   data_width        integral            32    'h8            
#   num_of_stop_bit   integral            32    'h2            
#   baud_rate         integral            32    'h2580         
#   baud_rate_enable  integral            1     'h0            
#   parity_enable     integral            1     'h0            
#   interrupt_enable  integral            1     'h0            
# -------------------------------------------------------------
# 
# UVM_INFO ./../regmodel/uart_reg2ahb_adapter.sv(42) @ 2638360000: reporter [uart_reg2ahb_adapter] bus2reg: address = 0x0 data = 0x0 kind = UVM_WRITE status = UVM_IS_OK
# UVM_INFO /ictc/other/tools/QuestaDVA/questasim/verilog_src/uvm-1.2/src/reg/uvm_reg_predictor.svh(221) @ 2638360000: uvm_test_top.env.ahb_predictor [REG_PREDICT] Observed WRITE transaction to register regmodel.MDR: value='h0 : updated value = 'h0
# UVM_INFO ./../regmodel/uart_reg2ahb_adapter.sv(42) @ 2638360000: reporter [uart_reg2ahb_adapter] bus2reg: address = 0x4 data = 0x8b kind = UVM_WRITE status = UVM_IS_OK
# UVM_INFO /ictc/other/tools/QuestaDVA/questasim/verilog_src/uvm-1.2/src/reg/uvm_reg_predictor.svh(221) @ 2638360000: uvm_test_top.env.ahb_predictor [REG_PREDICT] Observed WRITE transaction to register regmodel.DLL: value='h8b : updated value = 'h8b
# UVM_INFO ./../regmodel/uart_reg2ahb_adapter.sv(42) @ 2638360000: reporter [uart_reg2ahb_adapter] bus2reg: address = 0x8 data = 0x2 kind = UVM_WRITE status = UVM_IS_OK
# UVM_INFO /ictc/other/tools/QuestaDVA/questasim/verilog_src/uvm-1.2/src/reg/uvm_reg_predictor.svh(221) @ 2638360000: uvm_test_top.env.ahb_predictor [REG_PREDICT] Observed WRITE transaction to register regmodel.DLH: value='h2 : updated value = 'h2
# UVM_INFO ./../regmodel/uart_reg2ahb_adapter.sv(42) @ 2638360000: reporter [uart_reg2ahb_adapter] bus2reg: address = 0xc data = 0x2f kind = UVM_WRITE status = UVM_IS_OK
# UVM_INFO /ictc/other/tools/QuestaDVA/questasim/verilog_src/uvm-1.2/src/reg/uvm_reg_predictor.svh(221) @ 2638360000: uvm_test_top.env.ahb_predictor [REG_PREDICT] Observed WRITE transaction to register regmodel.LCR: value='h2f : updated value = 'h2f
# UVM_INFO ./../regmodel/uart_reg2ahb_adapter.sv(42) @ 2638360000: reporter [uart_reg2ahb_adapter] bus2reg: address = 0x10 data = 0x8 kind = UVM_WRITE status = UVM_IS_OK
# UVM_INFO /ictc/other/tools/QuestaDVA/questasim/verilog_src/uvm-1.2/src/reg/uvm_reg_predictor.svh(221) @ 2638360000: uvm_test_top.env.ahb_predictor [REG_PREDICT] Observed WRITE transaction to register regmodel.IER: value='h8 : updated value = 'h8
# ===== Received Data from IER =====
# UVM_INFO ./../regmodel/uart_reg2ahb_adapter.sv(42) @ 2638360000: reporter [uart_reg2ahb_adapter] bus2reg: address = 0x14 data = 0x6 kind = UVM_READ status = UVM_IS_OK
# UVM_INFO /ictc/other/tools/QuestaDVA/questasim/verilog_src/uvm-1.2/src/reg/uvm_reg_predictor.svh(225) @ 2638360000: uvm_test_top.env.ahb_predictor [REG_PREDICT] Observed READ transaction to register regmodel.FSR: value='h6
# UVM_ERROR ./../sequences/ahb_rxd_rx_empty_sequence.sv(130) @ 2638370000: uvm_test_top.env.ahb_agt.sequencer@@rx_empty [ahb_rxd_rx_empty_sequence] 
# ===== FAILED!!! RX_EMPTY_STATUS is not right =====
# UVM_INFO ./../regmodel/uart_reg2ahb_adapter.sv(42) @ 2640867000: reporter [uart_reg2ahb_adapter] bus2reg: address = 0x14 data = 0x6 kind = UVM_READ status = UVM_IS_OK
# UVM_INFO /ictc/other/tools/QuestaDVA/questasim/verilog_src/uvm-1.2/src/reg/uvm_reg_predictor.svh(225) @ 2640867000: uvm_test_top.env.ahb_predictor [REG_PREDICT] Observed READ transaction to register regmodel.FSR: value='h6
# UVM_INFO ./../testcases/uart_rxd_interrupt.sv(40) @ 2650877000: uvm_test_top [uart_rxd_interrupt] -------------------------------------------------------------
# Name                Type                Size  Value          
# -------------------------------------------------------------
# cfg                 uart_configuration  -     @360           
#   parity_mode       parity_mode_e       32    UART_PARITY_ODD
#   sampling          sampling_mode_e     32    MODE_X13       
#   data_width        integral            32    'h8            
#   num_of_stop_bit   integral            32    'h2            
#   baud_rate         integral            32    'h2580         
#   baud_rate_enable  integral            1     'h0            
#   parity_enable     integral            1     'h0            
#   interrupt_enable  integral            1     'h0            
# -------------------------------------------------------------
# 
# UVM_INFO ./../regmodel/uart_reg2ahb_adapter.sv(42) @ 2650877000: reporter [uart_reg2ahb_adapter] bus2reg: address = 0x0 data = 0x1 kind = UVM_WRITE status = UVM_IS_OK
# UVM_INFO /ictc/other/tools/QuestaDVA/questasim/verilog_src/uvm-1.2/src/reg/uvm_reg_predictor.svh(221) @ 2650877000: uvm_test_top.env.ahb_predictor [REG_PREDICT] Observed WRITE transaction to register regmodel.MDR: value='h1 : updated value = 'h1
# UVM_INFO ./../regmodel/uart_reg2ahb_adapter.sv(42) @ 2650877000: reporter [uart_reg2ahb_adapter] bus2reg: address = 0x4 data = 0x21 kind = UVM_WRITE status = UVM_IS_OK
# UVM_INFO /ictc/other/tools/QuestaDVA/questasim/verilog_src/uvm-1.2/src/reg/uvm_reg_predictor.svh(221) @ 2650877000: uvm_test_top.env.ahb_predictor [REG_PREDICT] Observed WRITE transaction to register regmodel.DLL: value='h21 : updated value = 'h21
# UVM_INFO ./../regmodel/uart_reg2ahb_adapter.sv(42) @ 2650877000: reporter [uart_reg2ahb_adapter] bus2reg: address = 0x8 data = 0x3 kind = UVM_WRITE status = UVM_IS_OK
# UVM_INFO /ictc/other/tools/QuestaDVA/questasim/verilog_src/uvm-1.2/src/reg/uvm_reg_predictor.svh(221) @ 2650877000: uvm_test_top.env.ahb_predictor [REG_PREDICT] Observed WRITE transaction to register regmodel.DLH: value='h3 : updated value = 'h3
# UVM_INFO ./../regmodel/uart_reg2ahb_adapter.sv(42) @ 2650877000: reporter [uart_reg2ahb_adapter] bus2reg: address = 0xc data = 0x2f kind = UVM_WRITE status = UVM_IS_OK
# UVM_INFO /ictc/other/tools/QuestaDVA/questasim/verilog_src/uvm-1.2/src/reg/uvm_reg_predictor.svh(221) @ 2650877000: uvm_test_top.env.ahb_predictor [REG_PREDICT] Observed WRITE transaction to register regmodel.LCR: value='h2f : updated value = 'h2f
# UVM_INFO ./../regmodel/uart_reg2ahb_adapter.sv(42) @ 2650877000: reporter [uart_reg2ahb_adapter] bus2reg: address = 0x10 data = 0x8 kind = UVM_WRITE status = UVM_IS_OK
# UVM_INFO /ictc/other/tools/QuestaDVA/questasim/verilog_src/uvm-1.2/src/reg/uvm_reg_predictor.svh(221) @ 2650877000: uvm_test_top.env.ahb_predictor [REG_PREDICT] Observed WRITE transaction to register regmodel.IER: value='h8 : updated value = 'h8
# ===== Received Data from IER =====
# UVM_INFO ./../regmodel/uart_reg2ahb_adapter.sv(42) @ 2650877000: reporter [uart_reg2ahb_adapter] bus2reg: address = 0x14 data = 0x6 kind = UVM_READ status = UVM_IS_OK
# UVM_INFO /ictc/other/tools/QuestaDVA/questasim/verilog_src/uvm-1.2/src/reg/uvm_reg_predictor.svh(225) @ 2650877000: uvm_test_top.env.ahb_predictor [REG_PREDICT] Observed READ transaction to register regmodel.FSR: value='h6
# UVM_ERROR ./../sequences/ahb_rxd_rx_empty_sequence.sv(130) @ 2650887000: uvm_test_top.env.ahb_agt.sequencer@@rx_empty [ahb_rxd_rx_empty_sequence] 
# ===== FAILED!!! RX_EMPTY_STATUS is not right =====
# UVM_INFO ./../regmodel/uart_reg2ahb_adapter.sv(42) @ 2653383000: reporter [uart_reg2ahb_adapter] bus2reg: address = 0x14 data = 0x6 kind = UVM_READ status = UVM_IS_OK
# UVM_INFO /ictc/other/tools/QuestaDVA/questasim/verilog_src/uvm-1.2/src/reg/uvm_reg_predictor.svh(225) @ 2653383000: uvm_test_top.env.ahb_predictor [REG_PREDICT] Observed READ transaction to register regmodel.FSR: value='h6
# UVM_INFO ./../testcases/uart_rxd_interrupt.sv(40) @ 2663393000: uvm_test_top [uart_rxd_interrupt] -------------------------------------------------------------
# Name                Type                Size  Value          
# -------------------------------------------------------------
# cfg                 uart_configuration  -     @360           
#   parity_mode       parity_mode_e       32    UART_PARITY_ODD
#   sampling          sampling_mode_e     32    MODE_X16       
#   data_width        integral            32    'h8            
#   num_of_stop_bit   integral            32    'h2            
#   baud_rate         integral            32    'h4b00         
#   baud_rate_enable  integral            1     'h0            
#   parity_enable     integral            1     'h0            
#   interrupt_enable  integral            1     'h0            
# -------------------------------------------------------------
# 
# UVM_INFO ./../regmodel/uart_reg2ahb_adapter.sv(42) @ 2663393000: reporter [uart_reg2ahb_adapter] bus2reg: address = 0x0 data = 0x0 kind = UVM_WRITE status = UVM_IS_OK
# UVM_INFO /ictc/other/tools/QuestaDVA/questasim/verilog_src/uvm-1.2/src/reg/uvm_reg_predictor.svh(221) @ 2663393000: uvm_test_top.env.ahb_predictor [REG_PREDICT] Observed WRITE transaction to register regmodel.MDR: value='h0 : updated value = 'h0
# UVM_INFO ./../regmodel/uart_reg2ahb_adapter.sv(42) @ 2663393000: reporter [uart_reg2ahb_adapter] bus2reg: address = 0x4 data = 0x45 kind = UVM_WRITE status = UVM_IS_OK
# UVM_INFO /ictc/other/tools/QuestaDVA/questasim/verilog_src/uvm-1.2/src/reg/uvm_reg_predictor.svh(221) @ 2663393000: uvm_test_top.env.ahb_predictor [REG_PREDICT] Observed WRITE transaction to register regmodel.DLL: value='h45 : updated value = 'h45
# UVM_INFO ./../regmodel/uart_reg2ahb_adapter.sv(42) @ 2663393000: reporter [uart_reg2ahb_adapter] bus2reg: address = 0x8 data = 0x1 kind = UVM_WRITE status = UVM_IS_OK
# UVM_INFO /ictc/other/tools/QuestaDVA/questasim/verilog_src/uvm-1.2/src/reg/uvm_reg_predictor.svh(221) @ 2663393000: uvm_test_top.env.ahb_predictor [REG_PREDICT] Observed WRITE transaction to register regmodel.DLH: value='h1 : updated value = 'h1
# UVM_INFO ./../regmodel/uart_reg2ahb_adapter.sv(42) @ 2663393000: reporter [uart_reg2ahb_adapter] bus2reg: address = 0xc data = 0x2f kind = UVM_WRITE status = UVM_IS_OK
# UVM_INFO /ictc/other/tools/QuestaDVA/questasim/verilog_src/uvm-1.2/src/reg/uvm_reg_predictor.svh(221) @ 2663393000: uvm_test_top.env.ahb_predictor [REG_PREDICT] Observed WRITE transaction to register regmodel.LCR: value='h2f : updated value = 'h2f
# UVM_INFO ./../regmodel/uart_reg2ahb_adapter.sv(42) @ 2663393000: reporter [uart_reg2ahb_adapter] bus2reg: address = 0x10 data = 0x8 kind = UVM_WRITE status = UVM_IS_OK
# UVM_INFO /ictc/other/tools/QuestaDVA/questasim/verilog_src/uvm-1.2/src/reg/uvm_reg_predictor.svh(221) @ 2663393000: uvm_test_top.env.ahb_predictor [REG_PREDICT] Observed WRITE transaction to register regmodel.IER: value='h8 : updated value = 'h8
# ===== Received Data from IER =====
# UVM_INFO ./../regmodel/uart_reg2ahb_adapter.sv(42) @ 2663394000: reporter [uart_reg2ahb_adapter] bus2reg: address = 0x14 data = 0x6 kind = UVM_READ status = UVM_IS_OK
# UVM_INFO /ictc/other/tools/QuestaDVA/questasim/verilog_src/uvm-1.2/src/reg/uvm_reg_predictor.svh(225) @ 2663394000: uvm_test_top.env.ahb_predictor [REG_PREDICT] Observed READ transaction to register regmodel.FSR: value='h6
# UVM_ERROR ./../sequences/ahb_rxd_rx_empty_sequence.sv(130) @ 2663404000: uvm_test_top.env.ahb_agt.sequencer@@rx_empty [ahb_rxd_rx_empty_sequence] 
# ===== FAILED!!! RX_EMPTY_STATUS is not right =====
# UVM_INFO ./../regmodel/uart_reg2ahb_adapter.sv(42) @ 2664652000: reporter [uart_reg2ahb_adapter] bus2reg: address = 0x14 data = 0x6 kind = UVM_READ status = UVM_IS_OK
# UVM_INFO /ictc/other/tools/QuestaDVA/questasim/verilog_src/uvm-1.2/src/reg/uvm_reg_predictor.svh(225) @ 2664652000: uvm_test_top.env.ahb_predictor [REG_PREDICT] Observed READ transaction to register regmodel.FSR: value='h6
# UVM_INFO ./../testcases/uart_rxd_interrupt.sv(40) @ 2674662000: uvm_test_top [uart_rxd_interrupt] -------------------------------------------------------------
# Name                Type                Size  Value          
# -------------------------------------------------------------
# cfg                 uart_configuration  -     @360           
#   parity_mode       parity_mode_e       32    UART_PARITY_ODD
#   sampling          sampling_mode_e     32    MODE_X13       
#   data_width        integral            32    'h8            
#   num_of_stop_bit   integral            32    'h2            
#   baud_rate         integral            32    'h4b00         
#   baud_rate_enable  integral            1     'h0            
#   parity_enable     integral            1     'h0            
#   interrupt_enable  integral            1     'h0            
# -------------------------------------------------------------
# 
# UVM_INFO ./../regmodel/uart_reg2ahb_adapter.sv(42) @ 2674662000: reporter [uart_reg2ahb_adapter] bus2reg: address = 0x0 data = 0x1 kind = UVM_WRITE status = UVM_IS_OK
# UVM_INFO /ictc/other/tools/QuestaDVA/questasim/verilog_src/uvm-1.2/src/reg/uvm_reg_predictor.svh(221) @ 2674662000: uvm_test_top.env.ahb_predictor [REG_PREDICT] Observed WRITE transaction to register regmodel.MDR: value='h1 : updated value = 'h1
# UVM_INFO ./../regmodel/uart_reg2ahb_adapter.sv(42) @ 2674662000: reporter [uart_reg2ahb_adapter] bus2reg: address = 0x4 data = 0x91 kind = UVM_WRITE status = UVM_IS_OK
# UVM_INFO /ictc/other/tools/QuestaDVA/questasim/verilog_src/uvm-1.2/src/reg/uvm_reg_predictor.svh(221) @ 2674662000: uvm_test_top.env.ahb_predictor [REG_PREDICT] Observed WRITE transaction to register regmodel.DLL: value='h91 : updated value = 'h91
# UVM_INFO ./../regmodel/uart_reg2ahb_adapter.sv(42) @ 2674662000: reporter [uart_reg2ahb_adapter] bus2reg: address = 0x8 data = 0x1 kind = UVM_WRITE status = UVM_IS_OK
# UVM_INFO /ictc/other/tools/QuestaDVA/questasim/verilog_src/uvm-1.2/src/reg/uvm_reg_predictor.svh(221) @ 2674662000: uvm_test_top.env.ahb_predictor [REG_PREDICT] Observed WRITE transaction to register regmodel.DLH: value='h1 : updated value = 'h1
# UVM_INFO ./../regmodel/uart_reg2ahb_adapter.sv(42) @ 2674662000: reporter [uart_reg2ahb_adapter] bus2reg: address = 0xc data = 0x2f kind = UVM_WRITE status = UVM_IS_OK
# UVM_INFO /ictc/other/tools/QuestaDVA/questasim/verilog_src/uvm-1.2/src/reg/uvm_reg_predictor.svh(221) @ 2674662000: uvm_test_top.env.ahb_predictor [REG_PREDICT] Observed WRITE transaction to register regmodel.LCR: value='h2f : updated value = 'h2f
# UVM_INFO ./../regmodel/uart_reg2ahb_adapter.sv(42) @ 2674662000: reporter [uart_reg2ahb_adapter] bus2reg: address = 0x10 data = 0x8 kind = UVM_WRITE status = UVM_IS_OK
# UVM_INFO /ictc/other/tools/QuestaDVA/questasim/verilog_src/uvm-1.2/src/reg/uvm_reg_predictor.svh(221) @ 2674662000: uvm_test_top.env.ahb_predictor [REG_PREDICT] Observed WRITE transaction to register regmodel.IER: value='h8 : updated value = 'h8
# ===== Received Data from IER =====
# UVM_INFO ./../regmodel/uart_reg2ahb_adapter.sv(42) @ 2674662000: reporter [uart_reg2ahb_adapter] bus2reg: address = 0x14 data = 0x6 kind = UVM_READ status = UVM_IS_OK
# UVM_INFO /ictc/other/tools/QuestaDVA/questasim/verilog_src/uvm-1.2/src/reg/uvm_reg_predictor.svh(225) @ 2674662000: uvm_test_top.env.ahb_predictor [REG_PREDICT] Observed READ transaction to register regmodel.FSR: value='h6
# UVM_ERROR ./../sequences/ahb_rxd_rx_empty_sequence.sv(130) @ 2674672000: uvm_test_top.env.ahb_agt.sequencer@@rx_empty [ahb_rxd_rx_empty_sequence] 
# ===== FAILED!!! RX_EMPTY_STATUS is not right =====
# UVM_INFO ./../regmodel/uart_reg2ahb_adapter.sv(42) @ 2675920000: reporter [uart_reg2ahb_adapter] bus2reg: address = 0x14 data = 0x6 kind = UVM_READ status = UVM_IS_OK
# UVM_INFO /ictc/other/tools/QuestaDVA/questasim/verilog_src/uvm-1.2/src/reg/uvm_reg_predictor.svh(225) @ 2675920000: uvm_test_top.env.ahb_predictor [REG_PREDICT] Observed READ transaction to register regmodel.FSR: value='h6
# UVM_INFO ./../testcases/uart_rxd_interrupt.sv(40) @ 2685930000: uvm_test_top [uart_rxd_interrupt] -------------------------------------------------------------
# Name                Type                Size  Value          
# -------------------------------------------------------------
# cfg                 uart_configuration  -     @360           
#   parity_mode       parity_mode_e       32    UART_PARITY_ODD
#   sampling          sampling_mode_e     32    MODE_X16       
#   data_width        integral            32    'h8            
#   num_of_stop_bit   integral            32    'h2            
#   baud_rate         integral            32    'h9600         
#   baud_rate_enable  integral            1     'h0            
#   parity_enable     integral            1     'h0            
#   interrupt_enable  integral            1     'h0            
# -------------------------------------------------------------
# 
# UVM_INFO ./../regmodel/uart_reg2ahb_adapter.sv(42) @ 2685930000: reporter [uart_reg2ahb_adapter] bus2reg: address = 0x0 data = 0x0 kind = UVM_WRITE status = UVM_IS_OK
# UVM_INFO /ictc/other/tools/QuestaDVA/questasim/verilog_src/uvm-1.2/src/reg/uvm_reg_predictor.svh(221) @ 2685930000: uvm_test_top.env.ahb_predictor [REG_PREDICT] Observed WRITE transaction to register regmodel.MDR: value='h0 : updated value = 'h0
# UVM_INFO ./../regmodel/uart_reg2ahb_adapter.sv(42) @ 2685930000: reporter [uart_reg2ahb_adapter] bus2reg: address = 0x4 data = 0xa4 kind = UVM_WRITE status = UVM_IS_OK
# UVM_INFO /ictc/other/tools/QuestaDVA/questasim/verilog_src/uvm-1.2/src/reg/uvm_reg_predictor.svh(221) @ 2685930000: uvm_test_top.env.ahb_predictor [REG_PREDICT] Observed WRITE transaction to register regmodel.DLL: value='ha4 : updated value = 'ha4
# UVM_INFO ./../regmodel/uart_reg2ahb_adapter.sv(42) @ 2685930000: reporter [uart_reg2ahb_adapter] bus2reg: address = 0x8 data = 0x0 kind = UVM_WRITE status = UVM_IS_OK
# UVM_INFO /ictc/other/tools/QuestaDVA/questasim/verilog_src/uvm-1.2/src/reg/uvm_reg_predictor.svh(221) @ 2685930000: uvm_test_top.env.ahb_predictor [REG_PREDICT] Observed WRITE transaction to register regmodel.DLH: value='h0 : updated value = 'h0
# UVM_INFO ./../regmodel/uart_reg2ahb_adapter.sv(42) @ 2685931000: reporter [uart_reg2ahb_adapter] bus2reg: address = 0xc data = 0x2f kind = UVM_WRITE status = UVM_IS_OK
# UVM_INFO /ictc/other/tools/QuestaDVA/questasim/verilog_src/uvm-1.2/src/reg/uvm_reg_predictor.svh(221) @ 2685931000: uvm_test_top.env.ahb_predictor [REG_PREDICT] Observed WRITE transaction to register regmodel.LCR: value='h2f : updated value = 'h2f
# UVM_INFO ./../regmodel/uart_reg2ahb_adapter.sv(42) @ 2685931000: reporter [uart_reg2ahb_adapter] bus2reg: address = 0x10 data = 0x8 kind = UVM_WRITE status = UVM_IS_OK
# UVM_INFO /ictc/other/tools/QuestaDVA/questasim/verilog_src/uvm-1.2/src/reg/uvm_reg_predictor.svh(221) @ 2685931000: uvm_test_top.env.ahb_predictor [REG_PREDICT] Observed WRITE transaction to register regmodel.IER: value='h8 : updated value = 'h8
# ===== Received Data from IER =====
# UVM_INFO ./../regmodel/uart_reg2ahb_adapter.sv(42) @ 2685931000: reporter [uart_reg2ahb_adapter] bus2reg: address = 0x14 data = 0x6 kind = UVM_READ status = UVM_IS_OK
# UVM_INFO /ictc/other/tools/QuestaDVA/questasim/verilog_src/uvm-1.2/src/reg/uvm_reg_predictor.svh(225) @ 2685931000: uvm_test_top.env.ahb_predictor [REG_PREDICT] Observed READ transaction to register regmodel.FSR: value='h6
# UVM_ERROR ./../sequences/ahb_rxd_rx_empty_sequence.sv(130) @ 2685941000: uvm_test_top.env.ahb_agt.sequencer@@rx_empty [ahb_rxd_rx_empty_sequence] 
# ===== FAILED!!! RX_EMPTY_STATUS is not right =====
# UVM_INFO ./../regmodel/uart_reg2ahb_adapter.sv(42) @ 2686565000: reporter [uart_reg2ahb_adapter] bus2reg: address = 0x14 data = 0x6 kind = UVM_READ status = UVM_IS_OK
# UVM_INFO /ictc/other/tools/QuestaDVA/questasim/verilog_src/uvm-1.2/src/reg/uvm_reg_predictor.svh(225) @ 2686565000: uvm_test_top.env.ahb_predictor [REG_PREDICT] Observed READ transaction to register regmodel.FSR: value='h6
# UVM_INFO ./../testcases/uart_rxd_interrupt.sv(40) @ 2696575000: uvm_test_top [uart_rxd_interrupt] -------------------------------------------------------------
# Name                Type                Size  Value          
# -------------------------------------------------------------
# cfg                 uart_configuration  -     @360           
#   parity_mode       parity_mode_e       32    UART_PARITY_ODD
#   sampling          sampling_mode_e     32    MODE_X13       
#   data_width        integral            32    'h8            
#   num_of_stop_bit   integral            32    'h2            
#   baud_rate         integral            32    'h9600         
#   baud_rate_enable  integral            1     'h0            
#   parity_enable     integral            1     'h0            
#   interrupt_enable  integral            1     'h0            
# -------------------------------------------------------------
# 
# UVM_INFO ./../regmodel/uart_reg2ahb_adapter.sv(42) @ 2696575000: reporter [uart_reg2ahb_adapter] bus2reg: address = 0x0 data = 0x1 kind = UVM_WRITE status = UVM_IS_OK
# UVM_INFO /ictc/other/tools/QuestaDVA/questasim/verilog_src/uvm-1.2/src/reg/uvm_reg_predictor.svh(221) @ 2696575000: uvm_test_top.env.ahb_predictor [REG_PREDICT] Observed WRITE transaction to register regmodel.MDR: value='h1 : updated value = 'h1
# UVM_INFO ./../regmodel/uart_reg2ahb_adapter.sv(42) @ 2696575000: reporter [uart_reg2ahb_adapter] bus2reg: address = 0x4 data = 0xc8 kind = UVM_WRITE status = UVM_IS_OK
# UVM_INFO /ictc/other/tools/QuestaDVA/questasim/verilog_src/uvm-1.2/src/reg/uvm_reg_predictor.svh(221) @ 2696575000: uvm_test_top.env.ahb_predictor [REG_PREDICT] Observed WRITE transaction to register regmodel.DLL: value='hc8 : updated value = 'hc8
# UVM_INFO ./../regmodel/uart_reg2ahb_adapter.sv(42) @ 2696575000: reporter [uart_reg2ahb_adapter] bus2reg: address = 0x8 data = 0x0 kind = UVM_WRITE status = UVM_IS_OK
# UVM_INFO /ictc/other/tools/QuestaDVA/questasim/verilog_src/uvm-1.2/src/reg/uvm_reg_predictor.svh(221) @ 2696575000: uvm_test_top.env.ahb_predictor [REG_PREDICT] Observed WRITE transaction to register regmodel.DLH: value='h0 : updated value = 'h0
# UVM_INFO ./../regmodel/uart_reg2ahb_adapter.sv(42) @ 2696575000: reporter [uart_reg2ahb_adapter] bus2reg: address = 0xc data = 0x2f kind = UVM_WRITE status = UVM_IS_OK
# UVM_INFO /ictc/other/tools/QuestaDVA/questasim/verilog_src/uvm-1.2/src/reg/uvm_reg_predictor.svh(221) @ 2696575000: uvm_test_top.env.ahb_predictor [REG_PREDICT] Observed WRITE transaction to register regmodel.LCR: value='h2f : updated value = 'h2f
# UVM_INFO ./../regmodel/uart_reg2ahb_adapter.sv(42) @ 2696575000: reporter [uart_reg2ahb_adapter] bus2reg: address = 0x10 data = 0x8 kind = UVM_WRITE status = UVM_IS_OK
# UVM_INFO /ictc/other/tools/QuestaDVA/questasim/verilog_src/uvm-1.2/src/reg/uvm_reg_predictor.svh(221) @ 2696575000: uvm_test_top.env.ahb_predictor [REG_PREDICT] Observed WRITE transaction to register regmodel.IER: value='h8 : updated value = 'h8
# ===== Received Data from IER =====
# UVM_INFO ./../regmodel/uart_reg2ahb_adapter.sv(42) @ 2696575000: reporter [uart_reg2ahb_adapter] bus2reg: address = 0x14 data = 0x6 kind = UVM_READ status = UVM_IS_OK
# UVM_INFO /ictc/other/tools/QuestaDVA/questasim/verilog_src/uvm-1.2/src/reg/uvm_reg_predictor.svh(225) @ 2696575000: uvm_test_top.env.ahb_predictor [REG_PREDICT] Observed READ transaction to register regmodel.FSR: value='h6
# UVM_ERROR ./../sequences/ahb_rxd_rx_empty_sequence.sv(130) @ 2696585000: uvm_test_top.env.ahb_agt.sequencer@@rx_empty [ahb_rxd_rx_empty_sequence] 
# ===== FAILED!!! RX_EMPTY_STATUS is not right =====
# UVM_INFO ./../regmodel/uart_reg2ahb_adapter.sv(42) @ 2697209000: reporter [uart_reg2ahb_adapter] bus2reg: address = 0x14 data = 0x6 kind = UVM_READ status = UVM_IS_OK
# UVM_INFO /ictc/other/tools/QuestaDVA/questasim/verilog_src/uvm-1.2/src/reg/uvm_reg_predictor.svh(225) @ 2697209000: uvm_test_top.env.ahb_predictor [REG_PREDICT] Observed READ transaction to register regmodel.FSR: value='h6
# UVM_INFO ./../testcases/uart_rxd_interrupt.sv(40) @ 2707219000: uvm_test_top [uart_rxd_interrupt] -------------------------------------------------------------
# Name                Type                Size  Value          
# -------------------------------------------------------------
# cfg                 uart_configuration  -     @360           
#   parity_mode       parity_mode_e       32    UART_PARITY_ODD
#   sampling          sampling_mode_e     32    MODE_X16       
#   data_width        integral            32    'h8            
#   num_of_stop_bit   integral            32    'h2            
#   baud_rate         integral            32    'h12c00        
#   baud_rate_enable  integral            1     'h0            
#   parity_enable     integral            1     'h0            
#   interrupt_enable  integral            1     'h0            
# -------------------------------------------------------------
# 
# UVM_INFO ./../regmodel/uart_reg2ahb_adapter.sv(42) @ 2707219000: reporter [uart_reg2ahb_adapter] bus2reg: address = 0x0 data = 0x0 kind = UVM_WRITE status = UVM_IS_OK
# UVM_INFO /ictc/other/tools/QuestaDVA/questasim/verilog_src/uvm-1.2/src/reg/uvm_reg_predictor.svh(221) @ 2707219000: uvm_test_top.env.ahb_predictor [REG_PREDICT] Observed WRITE transaction to register regmodel.MDR: value='h0 : updated value = 'h0
# UVM_INFO ./../regmodel/uart_reg2ahb_adapter.sv(42) @ 2707219000: reporter [uart_reg2ahb_adapter] bus2reg: address = 0x4 data = 0x51 kind = UVM_WRITE status = UVM_IS_OK
# UVM_INFO /ictc/other/tools/QuestaDVA/questasim/verilog_src/uvm-1.2/src/reg/uvm_reg_predictor.svh(221) @ 2707219000: uvm_test_top.env.ahb_predictor [REG_PREDICT] Observed WRITE transaction to register regmodel.DLL: value='h51 : updated value = 'h51
# UVM_INFO ./../regmodel/uart_reg2ahb_adapter.sv(42) @ 2707220000: reporter [uart_reg2ahb_adapter] bus2reg: address = 0x8 data = 0x0 kind = UVM_WRITE status = UVM_IS_OK
# UVM_INFO /ictc/other/tools/QuestaDVA/questasim/verilog_src/uvm-1.2/src/reg/uvm_reg_predictor.svh(221) @ 2707220000: uvm_test_top.env.ahb_predictor [REG_PREDICT] Observed WRITE transaction to register regmodel.DLH: value='h0 : updated value = 'h0
# UVM_INFO ./../regmodel/uart_reg2ahb_adapter.sv(42) @ 2707220000: reporter [uart_reg2ahb_adapter] bus2reg: address = 0xc data = 0x2f kind = UVM_WRITE status = UVM_IS_OK
# UVM_INFO /ictc/other/tools/QuestaDVA/questasim/verilog_src/uvm-1.2/src/reg/uvm_reg_predictor.svh(221) @ 2707220000: uvm_test_top.env.ahb_predictor [REG_PREDICT] Observed WRITE transaction to register regmodel.LCR: value='h2f : updated value = 'h2f
# UVM_INFO ./../regmodel/uart_reg2ahb_adapter.sv(42) @ 2707220000: reporter [uart_reg2ahb_adapter] bus2reg: address = 0x10 data = 0x8 kind = UVM_WRITE status = UVM_IS_OK
# UVM_INFO /ictc/other/tools/QuestaDVA/questasim/verilog_src/uvm-1.2/src/reg/uvm_reg_predictor.svh(221) @ 2707220000: uvm_test_top.env.ahb_predictor [REG_PREDICT] Observed WRITE transaction to register regmodel.IER: value='h8 : updated value = 'h8
# ===== Received Data from IER =====
# UVM_INFO ./../regmodel/uart_reg2ahb_adapter.sv(42) @ 2707220000: reporter [uart_reg2ahb_adapter] bus2reg: address = 0x14 data = 0x6 kind = UVM_READ status = UVM_IS_OK
# UVM_INFO /ictc/other/tools/QuestaDVA/questasim/verilog_src/uvm-1.2/src/reg/uvm_reg_predictor.svh(225) @ 2707220000: uvm_test_top.env.ahb_predictor [REG_PREDICT] Observed READ transaction to register regmodel.FSR: value='h6
# UVM_ERROR ./../sequences/ahb_rxd_rx_empty_sequence.sv(130) @ 2707230000: uvm_test_top.env.ahb_agt.sequencer@@rx_empty [ahb_rxd_rx_empty_sequence] 
# ===== FAILED!!! RX_EMPTY_STATUS is not right =====
# UVM_INFO ./../regmodel/uart_reg2ahb_adapter.sv(42) @ 2707542000: reporter [uart_reg2ahb_adapter] bus2reg: address = 0x14 data = 0x6 kind = UVM_READ status = UVM_IS_OK
# UVM_INFO /ictc/other/tools/QuestaDVA/questasim/verilog_src/uvm-1.2/src/reg/uvm_reg_predictor.svh(225) @ 2707542000: uvm_test_top.env.ahb_predictor [REG_PREDICT] Observed READ transaction to register regmodel.FSR: value='h6
# UVM_INFO ./../testcases/uart_rxd_interrupt.sv(40) @ 2717552000: uvm_test_top [uart_rxd_interrupt] -------------------------------------------------------------
# Name                Type                Size  Value          
# -------------------------------------------------------------
# cfg                 uart_configuration  -     @360           
#   parity_mode       parity_mode_e       32    UART_PARITY_ODD
#   sampling          sampling_mode_e     32    MODE_X13       
#   data_width        integral            32    'h8            
#   num_of_stop_bit   integral            32    'h2            
#   baud_rate         integral            32    'h12c00        
#   baud_rate_enable  integral            1     'h0            
#   parity_enable     integral            1     'h0            
#   interrupt_enable  integral            1     'h0            
# -------------------------------------------------------------
# 
# UVM_INFO ./../regmodel/uart_reg2ahb_adapter.sv(42) @ 2717552000: reporter [uart_reg2ahb_adapter] bus2reg: address = 0x0 data = 0x1 kind = UVM_WRITE status = UVM_IS_OK
# UVM_INFO /ictc/other/tools/QuestaDVA/questasim/verilog_src/uvm-1.2/src/reg/uvm_reg_predictor.svh(221) @ 2717552000: uvm_test_top.env.ahb_predictor [REG_PREDICT] Observed WRITE transaction to register regmodel.MDR: value='h1 : updated value = 'h1
# UVM_INFO ./../regmodel/uart_reg2ahb_adapter.sv(42) @ 2717552000: reporter [uart_reg2ahb_adapter] bus2reg: address = 0x4 data = 0x64 kind = UVM_WRITE status = UVM_IS_OK
# UVM_INFO /ictc/other/tools/QuestaDVA/questasim/verilog_src/uvm-1.2/src/reg/uvm_reg_predictor.svh(221) @ 2717552000: uvm_test_top.env.ahb_predictor [REG_PREDICT] Observed WRITE transaction to register regmodel.DLL: value='h64 : updated value = 'h64
# UVM_INFO ./../regmodel/uart_reg2ahb_adapter.sv(42) @ 2717552000: reporter [uart_reg2ahb_adapter] bus2reg: address = 0x8 data = 0x0 kind = UVM_WRITE status = UVM_IS_OK
# UVM_INFO /ictc/other/tools/QuestaDVA/questasim/verilog_src/uvm-1.2/src/reg/uvm_reg_predictor.svh(221) @ 2717552000: uvm_test_top.env.ahb_predictor [REG_PREDICT] Observed WRITE transaction to register regmodel.DLH: value='h0 : updated value = 'h0
# UVM_INFO ./../regmodel/uart_reg2ahb_adapter.sv(42) @ 2717552000: reporter [uart_reg2ahb_adapter] bus2reg: address = 0xc data = 0x2f kind = UVM_WRITE status = UVM_IS_OK
# UVM_INFO /ictc/other/tools/QuestaDVA/questasim/verilog_src/uvm-1.2/src/reg/uvm_reg_predictor.svh(221) @ 2717552000: uvm_test_top.env.ahb_predictor [REG_PREDICT] Observed WRITE transaction to register regmodel.LCR: value='h2f : updated value = 'h2f
# UVM_INFO ./../regmodel/uart_reg2ahb_adapter.sv(42) @ 2717552000: reporter [uart_reg2ahb_adapter] bus2reg: address = 0x10 data = 0x8 kind = UVM_WRITE status = UVM_IS_OK
# UVM_INFO /ictc/other/tools/QuestaDVA/questasim/verilog_src/uvm-1.2/src/reg/uvm_reg_predictor.svh(221) @ 2717552000: uvm_test_top.env.ahb_predictor [REG_PREDICT] Observed WRITE transaction to register regmodel.IER: value='h8 : updated value = 'h8
# ===== Received Data from IER =====
# UVM_INFO ./../regmodel/uart_reg2ahb_adapter.sv(42) @ 2717552000: reporter [uart_reg2ahb_adapter] bus2reg: address = 0x14 data = 0x6 kind = UVM_READ status = UVM_IS_OK
# UVM_INFO /ictc/other/tools/QuestaDVA/questasim/verilog_src/uvm-1.2/src/reg/uvm_reg_predictor.svh(225) @ 2717552000: uvm_test_top.env.ahb_predictor [REG_PREDICT] Observed READ transaction to register regmodel.FSR: value='h6
# UVM_ERROR ./../sequences/ahb_rxd_rx_empty_sequence.sv(130) @ 2717562000: uvm_test_top.env.ahb_agt.sequencer@@rx_empty [ahb_rxd_rx_empty_sequence] 
# ===== FAILED!!! RX_EMPTY_STATUS is not right =====
# UVM_INFO ./../regmodel/uart_reg2ahb_adapter.sv(42) @ 2717874000: reporter [uart_reg2ahb_adapter] bus2reg: address = 0x14 data = 0x6 kind = UVM_READ status = UVM_IS_OK
# UVM_INFO /ictc/other/tools/QuestaDVA/questasim/verilog_src/uvm-1.2/src/reg/uvm_reg_predictor.svh(225) @ 2717874000: uvm_test_top.env.ahb_predictor [REG_PREDICT] Observed READ transaction to register regmodel.FSR: value='h6
# UVM_INFO ./../testcases/uart_rxd_interrupt.sv(40) @ 2727884000: uvm_test_top [uart_rxd_interrupt] -------------------------------------------------------------
# Name                Type                Size  Value          
# -------------------------------------------------------------
# cfg                 uart_configuration  -     @360           
#   parity_mode       parity_mode_e       32    UART_PARITY_ODD
#   sampling          sampling_mode_e     32    MODE_X16       
#   data_width        integral            32    'h8            
#   num_of_stop_bit   integral            32    'h2            
#   baud_rate         integral            32    'h1c200        
#   baud_rate_enable  integral            1     'h0            
#   parity_enable     integral            1     'h0            
#   interrupt_enable  integral            1     'h0            
# -------------------------------------------------------------
# 
# UVM_INFO ./../regmodel/uart_reg2ahb_adapter.sv(42) @ 2727885000: reporter [uart_reg2ahb_adapter] bus2reg: address = 0x0 data = 0x0 kind = UVM_WRITE status = UVM_IS_OK
# UVM_INFO /ictc/other/tools/QuestaDVA/questasim/verilog_src/uvm-1.2/src/reg/uvm_reg_predictor.svh(221) @ 2727885000: uvm_test_top.env.ahb_predictor [REG_PREDICT] Observed WRITE transaction to register regmodel.MDR: value='h0 : updated value = 'h0
# UVM_INFO ./../regmodel/uart_reg2ahb_adapter.sv(42) @ 2727885000: reporter [uart_reg2ahb_adapter] bus2reg: address = 0x4 data = 0x36 kind = UVM_WRITE status = UVM_IS_OK
# UVM_INFO /ictc/other/tools/QuestaDVA/questasim/verilog_src/uvm-1.2/src/reg/uvm_reg_predictor.svh(221) @ 2727885000: uvm_test_top.env.ahb_predictor [REG_PREDICT] Observed WRITE transaction to register regmodel.DLL: value='h36 : updated value = 'h36
# UVM_INFO ./../regmodel/uart_reg2ahb_adapter.sv(42) @ 2727885000: reporter [uart_reg2ahb_adapter] bus2reg: address = 0x8 data = 0x0 kind = UVM_WRITE status = UVM_IS_OK
# UVM_INFO /ictc/other/tools/QuestaDVA/questasim/verilog_src/uvm-1.2/src/reg/uvm_reg_predictor.svh(221) @ 2727885000: uvm_test_top.env.ahb_predictor [REG_PREDICT] Observed WRITE transaction to register regmodel.DLH: value='h0 : updated value = 'h0
# UVM_INFO ./../regmodel/uart_reg2ahb_adapter.sv(42) @ 2727885000: reporter [uart_reg2ahb_adapter] bus2reg: address = 0xc data = 0x2f kind = UVM_WRITE status = UVM_IS_OK
# UVM_INFO /ictc/other/tools/QuestaDVA/questasim/verilog_src/uvm-1.2/src/reg/uvm_reg_predictor.svh(221) @ 2727885000: uvm_test_top.env.ahb_predictor [REG_PREDICT] Observed WRITE transaction to register regmodel.LCR: value='h2f : updated value = 'h2f
# UVM_INFO ./../regmodel/uart_reg2ahb_adapter.sv(42) @ 2727885000: reporter [uart_reg2ahb_adapter] bus2reg: address = 0x10 data = 0x8 kind = UVM_WRITE status = UVM_IS_OK
# UVM_INFO /ictc/other/tools/QuestaDVA/questasim/verilog_src/uvm-1.2/src/reg/uvm_reg_predictor.svh(221) @ 2727885000: uvm_test_top.env.ahb_predictor [REG_PREDICT] Observed WRITE transaction to register regmodel.IER: value='h8 : updated value = 'h8
# ===== Received Data from IER =====
# UVM_INFO ./../regmodel/uart_reg2ahb_adapter.sv(42) @ 2727885000: reporter [uart_reg2ahb_adapter] bus2reg: address = 0x14 data = 0x6 kind = UVM_READ status = UVM_IS_OK
# UVM_INFO /ictc/other/tools/QuestaDVA/questasim/verilog_src/uvm-1.2/src/reg/uvm_reg_predictor.svh(225) @ 2727885000: uvm_test_top.env.ahb_predictor [REG_PREDICT] Observed READ transaction to register regmodel.FSR: value='h6
# UVM_ERROR ./../sequences/ahb_rxd_rx_empty_sequence.sv(130) @ 2727895000: uvm_test_top.env.ahb_agt.sequencer@@rx_empty [ahb_rxd_rx_empty_sequence] 
# ===== FAILED!!! RX_EMPTY_STATUS is not right =====
# UVM_INFO ./../regmodel/uart_reg2ahb_adapter.sv(42) @ 2728099000: reporter [uart_reg2ahb_adapter] bus2reg: address = 0x14 data = 0x6 kind = UVM_READ status = UVM_IS_OK
# UVM_INFO /ictc/other/tools/QuestaDVA/questasim/verilog_src/uvm-1.2/src/reg/uvm_reg_predictor.svh(225) @ 2728099000: uvm_test_top.env.ahb_predictor [REG_PREDICT] Observed READ transaction to register regmodel.FSR: value='h6
# UVM_INFO ./../testcases/uart_rxd_interrupt.sv(40) @ 2738109000: uvm_test_top [uart_rxd_interrupt] -------------------------------------------------------------
# Name                Type                Size  Value          
# -------------------------------------------------------------
# cfg                 uart_configuration  -     @360           
#   parity_mode       parity_mode_e       32    UART_PARITY_ODD
#   sampling          sampling_mode_e     32    MODE_X13       
#   data_width        integral            32    'h8            
#   num_of_stop_bit   integral            32    'h2            
#   baud_rate         integral            32    'h1c200        
#   baud_rate_enable  integral            1     'h0            
#   parity_enable     integral            1     'h0            
#   interrupt_enable  integral            1     'h0            
# -------------------------------------------------------------
# 
# UVM_INFO ./../regmodel/uart_reg2ahb_adapter.sv(42) @ 2738109000: reporter [uart_reg2ahb_adapter] bus2reg: address = 0x0 data = 0x1 kind = UVM_WRITE status = UVM_IS_OK
# UVM_INFO /ictc/other/tools/QuestaDVA/questasim/verilog_src/uvm-1.2/src/reg/uvm_reg_predictor.svh(221) @ 2738109000: uvm_test_top.env.ahb_predictor [REG_PREDICT] Observed WRITE transaction to register regmodel.MDR: value='h1 : updated value = 'h1
# UVM_INFO ./../regmodel/uart_reg2ahb_adapter.sv(42) @ 2738109000: reporter [uart_reg2ahb_adapter] bus2reg: address = 0x4 data = 0x43 kind = UVM_WRITE status = UVM_IS_OK
# UVM_INFO /ictc/other/tools/QuestaDVA/questasim/verilog_src/uvm-1.2/src/reg/uvm_reg_predictor.svh(221) @ 2738109000: uvm_test_top.env.ahb_predictor [REG_PREDICT] Observed WRITE transaction to register regmodel.DLL: value='h43 : updated value = 'h43
# UVM_INFO ./../regmodel/uart_reg2ahb_adapter.sv(42) @ 2738109000: reporter [uart_reg2ahb_adapter] bus2reg: address = 0x8 data = 0x0 kind = UVM_WRITE status = UVM_IS_OK
# UVM_INFO /ictc/other/tools/QuestaDVA/questasim/verilog_src/uvm-1.2/src/reg/uvm_reg_predictor.svh(221) @ 2738109000: uvm_test_top.env.ahb_predictor [REG_PREDICT] Observed WRITE transaction to register regmodel.DLH: value='h0 : updated value = 'h0
# UVM_INFO ./../regmodel/uart_reg2ahb_adapter.sv(42) @ 2738109000: reporter [uart_reg2ahb_adapter] bus2reg: address = 0xc data = 0x2f kind = UVM_WRITE status = UVM_IS_OK
# UVM_INFO /ictc/other/tools/QuestaDVA/questasim/verilog_src/uvm-1.2/src/reg/uvm_reg_predictor.svh(221) @ 2738109000: uvm_test_top.env.ahb_predictor [REG_PREDICT] Observed WRITE transaction to register regmodel.LCR: value='h2f : updated value = 'h2f
# UVM_INFO ./../regmodel/uart_reg2ahb_adapter.sv(42) @ 2738109000: reporter [uart_reg2ahb_adapter] bus2reg: address = 0x10 data = 0x8 kind = UVM_WRITE status = UVM_IS_OK
# UVM_INFO /ictc/other/tools/QuestaDVA/questasim/verilog_src/uvm-1.2/src/reg/uvm_reg_predictor.svh(221) @ 2738109000: uvm_test_top.env.ahb_predictor [REG_PREDICT] Observed WRITE transaction to register regmodel.IER: value='h8 : updated value = 'h8
# ===== Received Data from IER =====
# UVM_INFO ./../regmodel/uart_reg2ahb_adapter.sv(42) @ 2738110000: reporter [uart_reg2ahb_adapter] bus2reg: address = 0x14 data = 0x6 kind = UVM_READ status = UVM_IS_OK
# UVM_INFO /ictc/other/tools/QuestaDVA/questasim/verilog_src/uvm-1.2/src/reg/uvm_reg_predictor.svh(225) @ 2738110000: uvm_test_top.env.ahb_predictor [REG_PREDICT] Observed READ transaction to register regmodel.FSR: value='h6
# UVM_ERROR ./../sequences/ahb_rxd_rx_empty_sequence.sv(130) @ 2738120000: uvm_test_top.env.ahb_agt.sequencer@@rx_empty [ahb_rxd_rx_empty_sequence] 
# ===== FAILED!!! RX_EMPTY_STATUS is not right =====
# UVM_INFO ./../regmodel/uart_reg2ahb_adapter.sv(42) @ 2738324000: reporter [uart_reg2ahb_adapter] bus2reg: address = 0x14 data = 0x6 kind = UVM_READ status = UVM_IS_OK
# UVM_INFO /ictc/other/tools/QuestaDVA/questasim/verilog_src/uvm-1.2/src/reg/uvm_reg_predictor.svh(225) @ 2738324000: uvm_test_top.env.ahb_predictor [REG_PREDICT] Observed READ transaction to register regmodel.FSR: value='h6
# UVM_INFO ./../testcases/uart_rxd_interrupt.sv(40) @ 2748334000: uvm_test_top [uart_rxd_interrupt] --------------------------------------------------------------
# Name                Type                Size  Value           
# --------------------------------------------------------------
# cfg                 uart_configuration  -     @360            
#   parity_mode       parity_mode_e       32    UART_PARITY_EVEN
#   sampling          sampling_mode_e     32    MODE_X16        
#   data_width        integral            32    'h5             
#   num_of_stop_bit   integral            32    'h1             
#   baud_rate         integral            32    'h960           
#   baud_rate_enable  integral            1     'h0             
#   parity_enable     integral            1     'h0             
#   interrupt_enable  integral            1     'h0             
# --------------------------------------------------------------
# 
# UVM_INFO ./../regmodel/uart_reg2ahb_adapter.sv(42) @ 2748334000: reporter [uart_reg2ahb_adapter] bus2reg: address = 0x0 data = 0x0 kind = UVM_WRITE status = UVM_IS_OK
# UVM_INFO /ictc/other/tools/QuestaDVA/questasim/verilog_src/uvm-1.2/src/reg/uvm_reg_predictor.svh(221) @ 2748334000: uvm_test_top.env.ahb_predictor [REG_PREDICT] Observed WRITE transaction to register regmodel.MDR: value='h0 : updated value = 'h0
# UVM_INFO ./../regmodel/uart_reg2ahb_adapter.sv(42) @ 2748334000: reporter [uart_reg2ahb_adapter] bus2reg: address = 0x4 data = 0x2c kind = UVM_WRITE status = UVM_IS_OK
# UVM_INFO /ictc/other/tools/QuestaDVA/questasim/verilog_src/uvm-1.2/src/reg/uvm_reg_predictor.svh(221) @ 2748334000: uvm_test_top.env.ahb_predictor [REG_PREDICT] Observed WRITE transaction to register regmodel.DLL: value='h2c : updated value = 'h2c
# UVM_INFO ./../regmodel/uart_reg2ahb_adapter.sv(42) @ 2748334000: reporter [uart_reg2ahb_adapter] bus2reg: address = 0x8 data = 0xa kind = UVM_WRITE status = UVM_IS_OK
# UVM_INFO /ictc/other/tools/QuestaDVA/questasim/verilog_src/uvm-1.2/src/reg/uvm_reg_predictor.svh(221) @ 2748334000: uvm_test_top.env.ahb_predictor [REG_PREDICT] Observed WRITE transaction to register regmodel.DLH: value='ha : updated value = 'ha
# UVM_INFO ./../regmodel/uart_reg2ahb_adapter.sv(42) @ 2748334000: reporter [uart_reg2ahb_adapter] bus2reg: address = 0xc data = 0x38 kind = UVM_WRITE status = UVM_IS_OK
# UVM_INFO /ictc/other/tools/QuestaDVA/questasim/verilog_src/uvm-1.2/src/reg/uvm_reg_predictor.svh(221) @ 2748334000: uvm_test_top.env.ahb_predictor [REG_PREDICT] Observed WRITE transaction to register regmodel.LCR: value='h38 : updated value = 'h38
# UVM_INFO ./../regmodel/uart_reg2ahb_adapter.sv(42) @ 2748334000: reporter [uart_reg2ahb_adapter] bus2reg: address = 0x10 data = 0x8 kind = UVM_WRITE status = UVM_IS_OK
# UVM_INFO /ictc/other/tools/QuestaDVA/questasim/verilog_src/uvm-1.2/src/reg/uvm_reg_predictor.svh(221) @ 2748334000: uvm_test_top.env.ahb_predictor [REG_PREDICT] Observed WRITE transaction to register regmodel.IER: value='h8 : updated value = 'h8
# ===== Received Data from IER =====
# UVM_INFO ./../regmodel/uart_reg2ahb_adapter.sv(42) @ 2748334000: reporter [uart_reg2ahb_adapter] bus2reg: address = 0x14 data = 0x6 kind = UVM_READ status = UVM_IS_OK
# UVM_INFO /ictc/other/tools/QuestaDVA/questasim/verilog_src/uvm-1.2/src/reg/uvm_reg_predictor.svh(225) @ 2748334000: uvm_test_top.env.ahb_predictor [REG_PREDICT] Observed READ transaction to register regmodel.FSR: value='h6
# UVM_ERROR ./../sequences/ahb_rxd_rx_empty_sequence.sv(130) @ 2748344000: uvm_test_top.env.ahb_agt.sequencer@@rx_empty [ahb_rxd_rx_empty_sequence] 
# ===== FAILED!!! RX_EMPTY_STATUS is not right =====
# UVM_INFO ./../regmodel/uart_reg2ahb_adapter.sv(42) @ 2755008000: reporter [uart_reg2ahb_adapter] bus2reg: address = 0x14 data = 0x6 kind = UVM_READ status = UVM_IS_OK
# UVM_INFO /ictc/other/tools/QuestaDVA/questasim/verilog_src/uvm-1.2/src/reg/uvm_reg_predictor.svh(225) @ 2755008000: uvm_test_top.env.ahb_predictor [REG_PREDICT] Observed READ transaction to register regmodel.FSR: value='h6
# UVM_INFO ./../testcases/uart_rxd_interrupt.sv(40) @ 2765018000: uvm_test_top [uart_rxd_interrupt] --------------------------------------------------------------
# Name                Type                Size  Value           
# --------------------------------------------------------------
# cfg                 uart_configuration  -     @360            
#   parity_mode       parity_mode_e       32    UART_PARITY_EVEN
#   sampling          sampling_mode_e     32    MODE_X13        
#   data_width        integral            32    'h5             
#   num_of_stop_bit   integral            32    'h1             
#   baud_rate         integral            32    'h960           
#   baud_rate_enable  integral            1     'h0             
#   parity_enable     integral            1     'h0             
#   interrupt_enable  integral            1     'h0             
# --------------------------------------------------------------
# 
# UVM_INFO ./../regmodel/uart_reg2ahb_adapter.sv(42) @ 2765018000: reporter [uart_reg2ahb_adapter] bus2reg: address = 0x0 data = 0x1 kind = UVM_WRITE status = UVM_IS_OK
# UVM_INFO /ictc/other/tools/QuestaDVA/questasim/verilog_src/uvm-1.2/src/reg/uvm_reg_predictor.svh(221) @ 2765018000: uvm_test_top.env.ahb_predictor [REG_PREDICT] Observed WRITE transaction to register regmodel.MDR: value='h1 : updated value = 'h1
# UVM_INFO ./../regmodel/uart_reg2ahb_adapter.sv(42) @ 2765018000: reporter [uart_reg2ahb_adapter] bus2reg: address = 0x4 data = 0x85 kind = UVM_WRITE status = UVM_IS_OK
# UVM_INFO /ictc/other/tools/QuestaDVA/questasim/verilog_src/uvm-1.2/src/reg/uvm_reg_predictor.svh(221) @ 2765018000: uvm_test_top.env.ahb_predictor [REG_PREDICT] Observed WRITE transaction to register regmodel.DLL: value='h85 : updated value = 'h85
# UVM_INFO ./../regmodel/uart_reg2ahb_adapter.sv(42) @ 2765018000: reporter [uart_reg2ahb_adapter] bus2reg: address = 0x8 data = 0xc kind = UVM_WRITE status = UVM_IS_OK
# UVM_INFO /ictc/other/tools/QuestaDVA/questasim/verilog_src/uvm-1.2/src/reg/uvm_reg_predictor.svh(221) @ 2765018000: uvm_test_top.env.ahb_predictor [REG_PREDICT] Observed WRITE transaction to register regmodel.DLH: value='hc : updated value = 'hc
# UVM_INFO ./../regmodel/uart_reg2ahb_adapter.sv(42) @ 2765018000: reporter [uart_reg2ahb_adapter] bus2reg: address = 0xc data = 0x38 kind = UVM_WRITE status = UVM_IS_OK
# UVM_INFO /ictc/other/tools/QuestaDVA/questasim/verilog_src/uvm-1.2/src/reg/uvm_reg_predictor.svh(221) @ 2765018000: uvm_test_top.env.ahb_predictor [REG_PREDICT] Observed WRITE transaction to register regmodel.LCR: value='h38 : updated value = 'h38
# UVM_INFO ./../regmodel/uart_reg2ahb_adapter.sv(42) @ 2765019000: reporter [uart_reg2ahb_adapter] bus2reg: address = 0x10 data = 0x8 kind = UVM_WRITE status = UVM_IS_OK
# UVM_INFO /ictc/other/tools/QuestaDVA/questasim/verilog_src/uvm-1.2/src/reg/uvm_reg_predictor.svh(221) @ 2765019000: uvm_test_top.env.ahb_predictor [REG_PREDICT] Observed WRITE transaction to register regmodel.IER: value='h8 : updated value = 'h8
# ===== Received Data from IER =====
# UVM_INFO ./../regmodel/uart_reg2ahb_adapter.sv(42) @ 2765019000: reporter [uart_reg2ahb_adapter] bus2reg: address = 0x14 data = 0x6 kind = UVM_READ status = UVM_IS_OK
# UVM_INFO /ictc/other/tools/QuestaDVA/questasim/verilog_src/uvm-1.2/src/reg/uvm_reg_predictor.svh(225) @ 2765019000: uvm_test_top.env.ahb_predictor [REG_PREDICT] Observed READ transaction to register regmodel.FSR: value='h6
# UVM_ERROR ./../sequences/ahb_rxd_rx_empty_sequence.sv(130) @ 2765029000: uvm_test_top.env.ahb_agt.sequencer@@rx_empty [ahb_rxd_rx_empty_sequence] 
# ===== FAILED!!! RX_EMPTY_STATUS is not right =====
# UVM_INFO ./../regmodel/uart_reg2ahb_adapter.sv(42) @ 2771693000: reporter [uart_reg2ahb_adapter] bus2reg: address = 0x14 data = 0x6 kind = UVM_READ status = UVM_IS_OK
# UVM_INFO /ictc/other/tools/QuestaDVA/questasim/verilog_src/uvm-1.2/src/reg/uvm_reg_predictor.svh(225) @ 2771693000: uvm_test_top.env.ahb_predictor [REG_PREDICT] Observed READ transaction to register regmodel.FSR: value='h6
# UVM_INFO ./../testcases/uart_rxd_interrupt.sv(40) @ 2781703000: uvm_test_top [uart_rxd_interrupt] --------------------------------------------------------------
# Name                Type                Size  Value           
# --------------------------------------------------------------
# cfg                 uart_configuration  -     @360            
#   parity_mode       parity_mode_e       32    UART_PARITY_EVEN
#   sampling          sampling_mode_e     32    MODE_X16        
#   data_width        integral            32    'h5             
#   num_of_stop_bit   integral            32    'h1             
#   baud_rate         integral            32    'h12c0          
#   baud_rate_enable  integral            1     'h0             
#   parity_enable     integral            1     'h0             
#   interrupt_enable  integral            1     'h0             
# --------------------------------------------------------------
# 
# UVM_INFO ./../regmodel/uart_reg2ahb_adapter.sv(42) @ 2781703000: reporter [uart_reg2ahb_adapter] bus2reg: address = 0x0 data = 0x0 kind = UVM_WRITE status = UVM_IS_OK
# UVM_INFO /ictc/other/tools/QuestaDVA/questasim/verilog_src/uvm-1.2/src/reg/uvm_reg_predictor.svh(221) @ 2781703000: uvm_test_top.env.ahb_predictor [REG_PREDICT] Observed WRITE transaction to register regmodel.MDR: value='h0 : updated value = 'h0
# UVM_INFO ./../regmodel/uart_reg2ahb_adapter.sv(42) @ 2781703000: reporter [uart_reg2ahb_adapter] bus2reg: address = 0x4 data = 0x16 kind = UVM_WRITE status = UVM_IS_OK
# UVM_INFO /ictc/other/tools/QuestaDVA/questasim/verilog_src/uvm-1.2/src/reg/uvm_reg_predictor.svh(221) @ 2781703000: uvm_test_top.env.ahb_predictor [REG_PREDICT] Observed WRITE transaction to register regmodel.DLL: value='h16 : updated value = 'h16
# UVM_INFO ./../regmodel/uart_reg2ahb_adapter.sv(42) @ 2781703000: reporter [uart_reg2ahb_adapter] bus2reg: address = 0x8 data = 0x5 kind = UVM_WRITE status = UVM_IS_OK
# UVM_INFO /ictc/other/tools/QuestaDVA/questasim/verilog_src/uvm-1.2/src/reg/uvm_reg_predictor.svh(221) @ 2781703000: uvm_test_top.env.ahb_predictor [REG_PREDICT] Observed WRITE transaction to register regmodel.DLH: value='h5 : updated value = 'h5
# UVM_INFO ./../regmodel/uart_reg2ahb_adapter.sv(42) @ 2781703000: reporter [uart_reg2ahb_adapter] bus2reg: address = 0xc data = 0x38 kind = UVM_WRITE status = UVM_IS_OK
# UVM_INFO /ictc/other/tools/QuestaDVA/questasim/verilog_src/uvm-1.2/src/reg/uvm_reg_predictor.svh(221) @ 2781703000: uvm_test_top.env.ahb_predictor [REG_PREDICT] Observed WRITE transaction to register regmodel.LCR: value='h38 : updated value = 'h38
# UVM_INFO ./../regmodel/uart_reg2ahb_adapter.sv(42) @ 2781703000: reporter [uart_reg2ahb_adapter] bus2reg: address = 0x10 data = 0x8 kind = UVM_WRITE status = UVM_IS_OK
# UVM_INFO /ictc/other/tools/QuestaDVA/questasim/verilog_src/uvm-1.2/src/reg/uvm_reg_predictor.svh(221) @ 2781703000: uvm_test_top.env.ahb_predictor [REG_PREDICT] Observed WRITE transaction to register regmodel.IER: value='h8 : updated value = 'h8
# ===== Received Data from IER =====
# UVM_INFO ./../regmodel/uart_reg2ahb_adapter.sv(42) @ 2781703000: reporter [uart_reg2ahb_adapter] bus2reg: address = 0x14 data = 0x6 kind = UVM_READ status = UVM_IS_OK
# UVM_INFO /ictc/other/tools/QuestaDVA/questasim/verilog_src/uvm-1.2/src/reg/uvm_reg_predictor.svh(225) @ 2781703000: uvm_test_top.env.ahb_predictor [REG_PREDICT] Observed READ transaction to register regmodel.FSR: value='h6
# UVM_ERROR ./../sequences/ahb_rxd_rx_empty_sequence.sv(130) @ 2781713000: uvm_test_top.env.ahb_agt.sequencer@@rx_empty [ahb_rxd_rx_empty_sequence] 
# ===== FAILED!!! RX_EMPTY_STATUS is not right =====
# UVM_INFO ./../regmodel/uart_reg2ahb_adapter.sv(42) @ 2785049000: reporter [uart_reg2ahb_adapter] bus2reg: address = 0x14 data = 0x6 kind = UVM_READ status = UVM_IS_OK
# UVM_INFO /ictc/other/tools/QuestaDVA/questasim/verilog_src/uvm-1.2/src/reg/uvm_reg_predictor.svh(225) @ 2785049000: uvm_test_top.env.ahb_predictor [REG_PREDICT] Observed READ transaction to register regmodel.FSR: value='h6
# UVM_INFO ./../testcases/uart_rxd_interrupt.sv(40) @ 2795059000: uvm_test_top [uart_rxd_interrupt] --------------------------------------------------------------
# Name                Type                Size  Value           
# --------------------------------------------------------------
# cfg                 uart_configuration  -     @360            
#   parity_mode       parity_mode_e       32    UART_PARITY_EVEN
#   sampling          sampling_mode_e     32    MODE_X13        
#   data_width        integral            32    'h5             
#   num_of_stop_bit   integral            32    'h1             
#   baud_rate         integral            32    'h12c0          
#   baud_rate_enable  integral            1     'h0             
#   parity_enable     integral            1     'h0             
#   interrupt_enable  integral            1     'h0             
# --------------------------------------------------------------
# 
# UVM_INFO ./../regmodel/uart_reg2ahb_adapter.sv(42) @ 2795059000: reporter [uart_reg2ahb_adapter] bus2reg: address = 0x0 data = 0x1 kind = UVM_WRITE status = UVM_IS_OK
# UVM_INFO /ictc/other/tools/QuestaDVA/questasim/verilog_src/uvm-1.2/src/reg/uvm_reg_predictor.svh(221) @ 2795059000: uvm_test_top.env.ahb_predictor [REG_PREDICT] Observed WRITE transaction to register regmodel.MDR: value='h1 : updated value = 'h1
# UVM_INFO ./../regmodel/uart_reg2ahb_adapter.sv(42) @ 2795059000: reporter [uart_reg2ahb_adapter] bus2reg: address = 0x4 data = 0x42 kind = UVM_WRITE status = UVM_IS_OK
# UVM_INFO /ictc/other/tools/QuestaDVA/questasim/verilog_src/uvm-1.2/src/reg/uvm_reg_predictor.svh(221) @ 2795059000: uvm_test_top.env.ahb_predictor [REG_PREDICT] Observed WRITE transaction to register regmodel.DLL: value='h42 : updated value = 'h42
# UVM_INFO ./../regmodel/uart_reg2ahb_adapter.sv(42) @ 2795059000: reporter [uart_reg2ahb_adapter] bus2reg: address = 0x8 data = 0x6 kind = UVM_WRITE status = UVM_IS_OK
# UVM_INFO /ictc/other/tools/QuestaDVA/questasim/verilog_src/uvm-1.2/src/reg/uvm_reg_predictor.svh(221) @ 2795059000: uvm_test_top.env.ahb_predictor [REG_PREDICT] Observed WRITE transaction to register regmodel.DLH: value='h6 : updated value = 'h6
# UVM_INFO ./../regmodel/uart_reg2ahb_adapter.sv(42) @ 2795060000: reporter [uart_reg2ahb_adapter] bus2reg: address = 0xc data = 0x38 kind = UVM_WRITE status = UVM_IS_OK
# UVM_INFO /ictc/other/tools/QuestaDVA/questasim/verilog_src/uvm-1.2/src/reg/uvm_reg_predictor.svh(221) @ 2795060000: uvm_test_top.env.ahb_predictor [REG_PREDICT] Observed WRITE transaction to register regmodel.LCR: value='h38 : updated value = 'h38
# UVM_INFO ./../regmodel/uart_reg2ahb_adapter.sv(42) @ 2795060000: reporter [uart_reg2ahb_adapter] bus2reg: address = 0x10 data = 0x8 kind = UVM_WRITE status = UVM_IS_OK
# UVM_INFO /ictc/other/tools/QuestaDVA/questasim/verilog_src/uvm-1.2/src/reg/uvm_reg_predictor.svh(221) @ 2795060000: uvm_test_top.env.ahb_predictor [REG_PREDICT] Observed WRITE transaction to register regmodel.IER: value='h8 : updated value = 'h8
# ===== Received Data from IER =====
# UVM_INFO ./../regmodel/uart_reg2ahb_adapter.sv(42) @ 2795060000: reporter [uart_reg2ahb_adapter] bus2reg: address = 0x14 data = 0x6 kind = UVM_READ status = UVM_IS_OK
# UVM_INFO /ictc/other/tools/QuestaDVA/questasim/verilog_src/uvm-1.2/src/reg/uvm_reg_predictor.svh(225) @ 2795060000: uvm_test_top.env.ahb_predictor [REG_PREDICT] Observed READ transaction to register regmodel.FSR: value='h6
# UVM_ERROR ./../sequences/ahb_rxd_rx_empty_sequence.sv(130) @ 2795070000: uvm_test_top.env.ahb_agt.sequencer@@rx_empty [ahb_rxd_rx_empty_sequence] 
# ===== FAILED!!! RX_EMPTY_STATUS is not right =====
# UVM_INFO ./../regmodel/uart_reg2ahb_adapter.sv(42) @ 2798406000: reporter [uart_reg2ahb_adapter] bus2reg: address = 0x14 data = 0x6 kind = UVM_READ status = UVM_IS_OK
# UVM_INFO /ictc/other/tools/QuestaDVA/questasim/verilog_src/uvm-1.2/src/reg/uvm_reg_predictor.svh(225) @ 2798406000: uvm_test_top.env.ahb_predictor [REG_PREDICT] Observed READ transaction to register regmodel.FSR: value='h6
# UVM_INFO ./../testcases/uart_rxd_interrupt.sv(40) @ 2808416000: uvm_test_top [uart_rxd_interrupt] --------------------------------------------------------------
# Name                Type                Size  Value           
# --------------------------------------------------------------
# cfg                 uart_configuration  -     @360            
#   parity_mode       parity_mode_e       32    UART_PARITY_EVEN
#   sampling          sampling_mode_e     32    MODE_X16        
#   data_width        integral            32    'h5             
#   num_of_stop_bit   integral            32    'h1             
#   baud_rate         integral            32    'h2580          
#   baud_rate_enable  integral            1     'h0             
#   parity_enable     integral            1     'h0             
#   interrupt_enable  integral            1     'h0             
# --------------------------------------------------------------
# 
# UVM_INFO ./../regmodel/uart_reg2ahb_adapter.sv(42) @ 2808416000: reporter [uart_reg2ahb_adapter] bus2reg: address = 0x0 data = 0x0 kind = UVM_WRITE status = UVM_IS_OK
# UVM_INFO /ictc/other/tools/QuestaDVA/questasim/verilog_src/uvm-1.2/src/reg/uvm_reg_predictor.svh(221) @ 2808416000: uvm_test_top.env.ahb_predictor [REG_PREDICT] Observed WRITE transaction to register regmodel.MDR: value='h0 : updated value = 'h0
# UVM_INFO ./../regmodel/uart_reg2ahb_adapter.sv(42) @ 2808416000: reporter [uart_reg2ahb_adapter] bus2reg: address = 0x4 data = 0x8b kind = UVM_WRITE status = UVM_IS_OK
# UVM_INFO /ictc/other/tools/QuestaDVA/questasim/verilog_src/uvm-1.2/src/reg/uvm_reg_predictor.svh(221) @ 2808416000: uvm_test_top.env.ahb_predictor [REG_PREDICT] Observed WRITE transaction to register regmodel.DLL: value='h8b : updated value = 'h8b
# UVM_INFO ./../regmodel/uart_reg2ahb_adapter.sv(42) @ 2808416000: reporter [uart_reg2ahb_adapter] bus2reg: address = 0x8 data = 0x2 kind = UVM_WRITE status = UVM_IS_OK
# UVM_INFO /ictc/other/tools/QuestaDVA/questasim/verilog_src/uvm-1.2/src/reg/uvm_reg_predictor.svh(221) @ 2808416000: uvm_test_top.env.ahb_predictor [REG_PREDICT] Observed WRITE transaction to register regmodel.DLH: value='h2 : updated value = 'h2
# UVM_INFO ./../regmodel/uart_reg2ahb_adapter.sv(42) @ 2808416000: reporter [uart_reg2ahb_adapter] bus2reg: address = 0xc data = 0x38 kind = UVM_WRITE status = UVM_IS_OK
# UVM_INFO /ictc/other/tools/QuestaDVA/questasim/verilog_src/uvm-1.2/src/reg/uvm_reg_predictor.svh(221) @ 2808416000: uvm_test_top.env.ahb_predictor [REG_PREDICT] Observed WRITE transaction to register regmodel.LCR: value='h38 : updated value = 'h38
# UVM_INFO ./../regmodel/uart_reg2ahb_adapter.sv(42) @ 2808416000: reporter [uart_reg2ahb_adapter] bus2reg: address = 0x10 data = 0x8 kind = UVM_WRITE status = UVM_IS_OK
# UVM_INFO /ictc/other/tools/QuestaDVA/questasim/verilog_src/uvm-1.2/src/reg/uvm_reg_predictor.svh(221) @ 2808416000: uvm_test_top.env.ahb_predictor [REG_PREDICT] Observed WRITE transaction to register regmodel.IER: value='h8 : updated value = 'h8
# ===== Received Data from IER =====
# UVM_INFO ./../regmodel/uart_reg2ahb_adapter.sv(42) @ 2808416000: reporter [uart_reg2ahb_adapter] bus2reg: address = 0x14 data = 0x6 kind = UVM_READ status = UVM_IS_OK
# UVM_INFO /ictc/other/tools/QuestaDVA/questasim/verilog_src/uvm-1.2/src/reg/uvm_reg_predictor.svh(225) @ 2808416000: uvm_test_top.env.ahb_predictor [REG_PREDICT] Observed READ transaction to register regmodel.FSR: value='h6
# UVM_ERROR ./../sequences/ahb_rxd_rx_empty_sequence.sv(130) @ 2808426000: uvm_test_top.env.ahb_agt.sequencer@@rx_empty [ahb_rxd_rx_empty_sequence] 
# ===== FAILED!!! RX_EMPTY_STATUS is not right =====
# UVM_INFO ./../regmodel/uart_reg2ahb_adapter.sv(42) @ 2810090000: reporter [uart_reg2ahb_adapter] bus2reg: address = 0x14 data = 0x6 kind = UVM_READ status = UVM_IS_OK
# UVM_INFO /ictc/other/tools/QuestaDVA/questasim/verilog_src/uvm-1.2/src/reg/uvm_reg_predictor.svh(225) @ 2810090000: uvm_test_top.env.ahb_predictor [REG_PREDICT] Observed READ transaction to register regmodel.FSR: value='h6
# UVM_INFO ./../testcases/uart_rxd_interrupt.sv(40) @ 2820100000: uvm_test_top [uart_rxd_interrupt] --------------------------------------------------------------
# Name                Type                Size  Value           
# --------------------------------------------------------------
# cfg                 uart_configuration  -     @360            
#   parity_mode       parity_mode_e       32    UART_PARITY_EVEN
#   sampling          sampling_mode_e     32    MODE_X13        
#   data_width        integral            32    'h5             
#   num_of_stop_bit   integral            32    'h1             
#   baud_rate         integral            32    'h2580          
#   baud_rate_enable  integral            1     'h0             
#   parity_enable     integral            1     'h0             
#   interrupt_enable  integral            1     'h0             
# --------------------------------------------------------------
# 
# UVM_INFO ./../regmodel/uart_reg2ahb_adapter.sv(42) @ 2820100000: reporter [uart_reg2ahb_adapter] bus2reg: address = 0x0 data = 0x1 kind = UVM_WRITE status = UVM_IS_OK
# UVM_INFO /ictc/other/tools/QuestaDVA/questasim/verilog_src/uvm-1.2/src/reg/uvm_reg_predictor.svh(221) @ 2820100000: uvm_test_top.env.ahb_predictor [REG_PREDICT] Observed WRITE transaction to register regmodel.MDR: value='h1 : updated value = 'h1
# UVM_INFO ./../regmodel/uart_reg2ahb_adapter.sv(42) @ 2820101000: reporter [uart_reg2ahb_adapter] bus2reg: address = 0x4 data = 0x21 kind = UVM_WRITE status = UVM_IS_OK
# UVM_INFO /ictc/other/tools/QuestaDVA/questasim/verilog_src/uvm-1.2/src/reg/uvm_reg_predictor.svh(221) @ 2820101000: uvm_test_top.env.ahb_predictor [REG_PREDICT] Observed WRITE transaction to register regmodel.DLL: value='h21 : updated value = 'h21
# UVM_INFO ./../regmodel/uart_reg2ahb_adapter.sv(42) @ 2820101000: reporter [uart_reg2ahb_adapter] bus2reg: address = 0x8 data = 0x3 kind = UVM_WRITE status = UVM_IS_OK
# UVM_INFO /ictc/other/tools/QuestaDVA/questasim/verilog_src/uvm-1.2/src/reg/uvm_reg_predictor.svh(221) @ 2820101000: uvm_test_top.env.ahb_predictor [REG_PREDICT] Observed WRITE transaction to register regmodel.DLH: value='h3 : updated value = 'h3
# UVM_INFO ./../regmodel/uart_reg2ahb_adapter.sv(42) @ 2820101000: reporter [uart_reg2ahb_adapter] bus2reg: address = 0xc data = 0x38 kind = UVM_WRITE status = UVM_IS_OK
# UVM_INFO /ictc/other/tools/QuestaDVA/questasim/verilog_src/uvm-1.2/src/reg/uvm_reg_predictor.svh(221) @ 2820101000: uvm_test_top.env.ahb_predictor [REG_PREDICT] Observed WRITE transaction to register regmodel.LCR: value='h38 : updated value = 'h38
# UVM_INFO ./../regmodel/uart_reg2ahb_adapter.sv(42) @ 2820101000: reporter [uart_reg2ahb_adapter] bus2reg: address = 0x10 data = 0x8 kind = UVM_WRITE status = UVM_IS_OK
# UVM_INFO /ictc/other/tools/QuestaDVA/questasim/verilog_src/uvm-1.2/src/reg/uvm_reg_predictor.svh(221) @ 2820101000: uvm_test_top.env.ahb_predictor [REG_PREDICT] Observed WRITE transaction to register regmodel.IER: value='h8 : updated value = 'h8
# ===== Received Data from IER =====
# UVM_INFO ./../regmodel/uart_reg2ahb_adapter.sv(42) @ 2820101000: reporter [uart_reg2ahb_adapter] bus2reg: address = 0x14 data = 0x6 kind = UVM_READ status = UVM_IS_OK
# UVM_INFO /ictc/other/tools/QuestaDVA/questasim/verilog_src/uvm-1.2/src/reg/uvm_reg_predictor.svh(225) @ 2820101000: uvm_test_top.env.ahb_predictor [REG_PREDICT] Observed READ transaction to register regmodel.FSR: value='h6
# UVM_ERROR ./../sequences/ahb_rxd_rx_empty_sequence.sv(130) @ 2820111000: uvm_test_top.env.ahb_agt.sequencer@@rx_empty [ahb_rxd_rx_empty_sequence] 
# ===== FAILED!!! RX_EMPTY_STATUS is not right =====
# UVM_INFO ./../regmodel/uart_reg2ahb_adapter.sv(42) @ 2821775000: reporter [uart_reg2ahb_adapter] bus2reg: address = 0x14 data = 0x6 kind = UVM_READ status = UVM_IS_OK
# UVM_INFO /ictc/other/tools/QuestaDVA/questasim/verilog_src/uvm-1.2/src/reg/uvm_reg_predictor.svh(225) @ 2821775000: uvm_test_top.env.ahb_predictor [REG_PREDICT] Observed READ transaction to register regmodel.FSR: value='h6
# UVM_INFO ./../testcases/uart_rxd_interrupt.sv(40) @ 2831785000: uvm_test_top [uart_rxd_interrupt] --------------------------------------------------------------
# Name                Type                Size  Value           
# --------------------------------------------------------------
# cfg                 uart_configuration  -     @360            
#   parity_mode       parity_mode_e       32    UART_PARITY_EVEN
#   sampling          sampling_mode_e     32    MODE_X16        
#   data_width        integral            32    'h5             
#   num_of_stop_bit   integral            32    'h1             
#   baud_rate         integral            32    'h4b00          
#   baud_rate_enable  integral            1     'h0             
#   parity_enable     integral            1     'h0             
#   interrupt_enable  integral            1     'h0             
# --------------------------------------------------------------
# 
# UVM_INFO ./../regmodel/uart_reg2ahb_adapter.sv(42) @ 2831785000: reporter [uart_reg2ahb_adapter] bus2reg: address = 0x0 data = 0x0 kind = UVM_WRITE status = UVM_IS_OK
# UVM_INFO /ictc/other/tools/QuestaDVA/questasim/verilog_src/uvm-1.2/src/reg/uvm_reg_predictor.svh(221) @ 2831785000: uvm_test_top.env.ahb_predictor [REG_PREDICT] Observed WRITE transaction to register regmodel.MDR: value='h0 : updated value = 'h0
# UVM_INFO ./../regmodel/uart_reg2ahb_adapter.sv(42) @ 2831785000: reporter [uart_reg2ahb_adapter] bus2reg: address = 0x4 data = 0x45 kind = UVM_WRITE status = UVM_IS_OK
# UVM_INFO /ictc/other/tools/QuestaDVA/questasim/verilog_src/uvm-1.2/src/reg/uvm_reg_predictor.svh(221) @ 2831785000: uvm_test_top.env.ahb_predictor [REG_PREDICT] Observed WRITE transaction to register regmodel.DLL: value='h45 : updated value = 'h45
# UVM_INFO ./../regmodel/uart_reg2ahb_adapter.sv(42) @ 2831785000: reporter [uart_reg2ahb_adapter] bus2reg: address = 0x8 data = 0x1 kind = UVM_WRITE status = UVM_IS_OK
# UVM_INFO /ictc/other/tools/QuestaDVA/questasim/verilog_src/uvm-1.2/src/reg/uvm_reg_predictor.svh(221) @ 2831785000: uvm_test_top.env.ahb_predictor [REG_PREDICT] Observed WRITE transaction to register regmodel.DLH: value='h1 : updated value = 'h1
# UVM_INFO ./../regmodel/uart_reg2ahb_adapter.sv(42) @ 2831785000: reporter [uart_reg2ahb_adapter] bus2reg: address = 0xc data = 0x38 kind = UVM_WRITE status = UVM_IS_OK
# UVM_INFO /ictc/other/tools/QuestaDVA/questasim/verilog_src/uvm-1.2/src/reg/uvm_reg_predictor.svh(221) @ 2831785000: uvm_test_top.env.ahb_predictor [REG_PREDICT] Observed WRITE transaction to register regmodel.LCR: value='h38 : updated value = 'h38
# UVM_INFO ./../regmodel/uart_reg2ahb_adapter.sv(42) @ 2831785000: reporter [uart_reg2ahb_adapter] bus2reg: address = 0x10 data = 0x8 kind = UVM_WRITE status = UVM_IS_OK
# UVM_INFO /ictc/other/tools/QuestaDVA/questasim/verilog_src/uvm-1.2/src/reg/uvm_reg_predictor.svh(221) @ 2831785000: uvm_test_top.env.ahb_predictor [REG_PREDICT] Observed WRITE transaction to register regmodel.IER: value='h8 : updated value = 'h8
# ===== Received Data from IER =====
# UVM_INFO ./../regmodel/uart_reg2ahb_adapter.sv(42) @ 2831785000: reporter [uart_reg2ahb_adapter] bus2reg: address = 0x14 data = 0x6 kind = UVM_READ status = UVM_IS_OK
# UVM_INFO /ictc/other/tools/QuestaDVA/questasim/verilog_src/uvm-1.2/src/reg/uvm_reg_predictor.svh(225) @ 2831785000: uvm_test_top.env.ahb_predictor [REG_PREDICT] Observed READ transaction to register regmodel.FSR: value='h6
# UVM_ERROR ./../sequences/ahb_rxd_rx_empty_sequence.sv(130) @ 2831795000: uvm_test_top.env.ahb_agt.sequencer@@rx_empty [ahb_rxd_rx_empty_sequence] 
# ===== FAILED!!! RX_EMPTY_STATUS is not right =====
# UVM_INFO ./../regmodel/uart_reg2ahb_adapter.sv(42) @ 2832628000: reporter [uart_reg2ahb_adapter] bus2reg: address = 0x14 data = 0x6 kind = UVM_READ status = UVM_IS_OK
# UVM_INFO /ictc/other/tools/QuestaDVA/questasim/verilog_src/uvm-1.2/src/reg/uvm_reg_predictor.svh(225) @ 2832628000: uvm_test_top.env.ahb_predictor [REG_PREDICT] Observed READ transaction to register regmodel.FSR: value='h6
# UVM_INFO ./../testcases/uart_rxd_interrupt.sv(40) @ 2842638000: uvm_test_top [uart_rxd_interrupt] --------------------------------------------------------------
# Name                Type                Size  Value           
# --------------------------------------------------------------
# cfg                 uart_configuration  -     @360            
#   parity_mode       parity_mode_e       32    UART_PARITY_EVEN
#   sampling          sampling_mode_e     32    MODE_X13        
#   data_width        integral            32    'h5             
#   num_of_stop_bit   integral            32    'h1             
#   baud_rate         integral            32    'h4b00          
#   baud_rate_enable  integral            1     'h0             
#   parity_enable     integral            1     'h0             
#   interrupt_enable  integral            1     'h0             
# --------------------------------------------------------------
# 
# UVM_INFO ./../regmodel/uart_reg2ahb_adapter.sv(42) @ 2842638000: reporter [uart_reg2ahb_adapter] bus2reg: address = 0x0 data = 0x1 kind = UVM_WRITE status = UVM_IS_OK
# UVM_INFO /ictc/other/tools/QuestaDVA/questasim/verilog_src/uvm-1.2/src/reg/uvm_reg_predictor.svh(221) @ 2842638000: uvm_test_top.env.ahb_predictor [REG_PREDICT] Observed WRITE transaction to register regmodel.MDR: value='h1 : updated value = 'h1
# UVM_INFO ./../regmodel/uart_reg2ahb_adapter.sv(42) @ 2842638000: reporter [uart_reg2ahb_adapter] bus2reg: address = 0x4 data = 0x91 kind = UVM_WRITE status = UVM_IS_OK
# UVM_INFO /ictc/other/tools/QuestaDVA/questasim/verilog_src/uvm-1.2/src/reg/uvm_reg_predictor.svh(221) @ 2842638000: uvm_test_top.env.ahb_predictor [REG_PREDICT] Observed WRITE transaction to register regmodel.DLL: value='h91 : updated value = 'h91
# UVM_INFO ./../regmodel/uart_reg2ahb_adapter.sv(42) @ 2842638000: reporter [uart_reg2ahb_adapter] bus2reg: address = 0x8 data = 0x1 kind = UVM_WRITE status = UVM_IS_OK
# UVM_INFO /ictc/other/tools/QuestaDVA/questasim/verilog_src/uvm-1.2/src/reg/uvm_reg_predictor.svh(221) @ 2842638000: uvm_test_top.env.ahb_predictor [REG_PREDICT] Observed WRITE transaction to register regmodel.DLH: value='h1 : updated value = 'h1
# UVM_INFO ./../regmodel/uart_reg2ahb_adapter.sv(42) @ 2842638000: reporter [uart_reg2ahb_adapter] bus2reg: address = 0xc data = 0x38 kind = UVM_WRITE status = UVM_IS_OK
# UVM_INFO /ictc/other/tools/QuestaDVA/questasim/verilog_src/uvm-1.2/src/reg/uvm_reg_predictor.svh(221) @ 2842638000: uvm_test_top.env.ahb_predictor [REG_PREDICT] Observed WRITE transaction to register regmodel.LCR: value='h38 : updated value = 'h38
# UVM_INFO ./../regmodel/uart_reg2ahb_adapter.sv(42) @ 2842638000: reporter [uart_reg2ahb_adapter] bus2reg: address = 0x10 data = 0x8 kind = UVM_WRITE status = UVM_IS_OK
# UVM_INFO /ictc/other/tools/QuestaDVA/questasim/verilog_src/uvm-1.2/src/reg/uvm_reg_predictor.svh(221) @ 2842638000: uvm_test_top.env.ahb_predictor [REG_PREDICT] Observed WRITE transaction to register regmodel.IER: value='h8 : updated value = 'h8
# ===== Received Data from IER =====
# UVM_INFO ./../regmodel/uart_reg2ahb_adapter.sv(42) @ 2842638000: reporter [uart_reg2ahb_adapter] bus2reg: address = 0x14 data = 0x6 kind = UVM_READ status = UVM_IS_OK
# UVM_INFO /ictc/other/tools/QuestaDVA/questasim/verilog_src/uvm-1.2/src/reg/uvm_reg_predictor.svh(225) @ 2842638000: uvm_test_top.env.ahb_predictor [REG_PREDICT] Observed READ transaction to register regmodel.FSR: value='h6
# UVM_ERROR ./../sequences/ahb_rxd_rx_empty_sequence.sv(130) @ 2842648000: uvm_test_top.env.ahb_agt.sequencer@@rx_empty [ahb_rxd_rx_empty_sequence] 
# ===== FAILED!!! RX_EMPTY_STATUS is not right =====
# UVM_INFO ./../regmodel/uart_reg2ahb_adapter.sv(42) @ 2843480000: reporter [uart_reg2ahb_adapter] bus2reg: address = 0x14 data = 0x6 kind = UVM_READ status = UVM_IS_OK
# UVM_INFO /ictc/other/tools/QuestaDVA/questasim/verilog_src/uvm-1.2/src/reg/uvm_reg_predictor.svh(225) @ 2843480000: uvm_test_top.env.ahb_predictor [REG_PREDICT] Observed READ transaction to register regmodel.FSR: value='h6
# UVM_INFO ./../testcases/uart_rxd_interrupt.sv(40) @ 2853490000: uvm_test_top [uart_rxd_interrupt] --------------------------------------------------------------
# Name                Type                Size  Value           
# --------------------------------------------------------------
# cfg                 uart_configuration  -     @360            
#   parity_mode       parity_mode_e       32    UART_PARITY_EVEN
#   sampling          sampling_mode_e     32    MODE_X16        
#   data_width        integral            32    'h5             
#   num_of_stop_bit   integral            32    'h1             
#   baud_rate         integral            32    'h9600          
#   baud_rate_enable  integral            1     'h0             
#   parity_enable     integral            1     'h0             
#   interrupt_enable  integral            1     'h0             
# --------------------------------------------------------------
# 
# UVM_INFO ./../regmodel/uart_reg2ahb_adapter.sv(42) @ 2853490000: reporter [uart_reg2ahb_adapter] bus2reg: address = 0x0 data = 0x0 kind = UVM_WRITE status = UVM_IS_OK
# UVM_INFO /ictc/other/tools/QuestaDVA/questasim/verilog_src/uvm-1.2/src/reg/uvm_reg_predictor.svh(221) @ 2853490000: uvm_test_top.env.ahb_predictor [REG_PREDICT] Observed WRITE transaction to register regmodel.MDR: value='h0 : updated value = 'h0
# UVM_INFO ./../regmodel/uart_reg2ahb_adapter.sv(42) @ 2853490000: reporter [uart_reg2ahb_adapter] bus2reg: address = 0x4 data = 0xa4 kind = UVM_WRITE status = UVM_IS_OK
# UVM_INFO /ictc/other/tools/QuestaDVA/questasim/verilog_src/uvm-1.2/src/reg/uvm_reg_predictor.svh(221) @ 2853490000: uvm_test_top.env.ahb_predictor [REG_PREDICT] Observed WRITE transaction to register regmodel.DLL: value='ha4 : updated value = 'ha4
# UVM_INFO ./../regmodel/uart_reg2ahb_adapter.sv(42) @ 2853490000: reporter [uart_reg2ahb_adapter] bus2reg: address = 0x8 data = 0x0 kind = UVM_WRITE status = UVM_IS_OK
# UVM_INFO /ictc/other/tools/QuestaDVA/questasim/verilog_src/uvm-1.2/src/reg/uvm_reg_predictor.svh(221) @ 2853490000: uvm_test_top.env.ahb_predictor [REG_PREDICT] Observed WRITE transaction to register regmodel.DLH: value='h0 : updated value = 'h0
# UVM_INFO ./../regmodel/uart_reg2ahb_adapter.sv(42) @ 2853490000: reporter [uart_reg2ahb_adapter] bus2reg: address = 0xc data = 0x38 kind = UVM_WRITE status = UVM_IS_OK
# UVM_INFO /ictc/other/tools/QuestaDVA/questasim/verilog_src/uvm-1.2/src/reg/uvm_reg_predictor.svh(221) @ 2853490000: uvm_test_top.env.ahb_predictor [REG_PREDICT] Observed WRITE transaction to register regmodel.LCR: value='h38 : updated value = 'h38
# UVM_INFO ./../regmodel/uart_reg2ahb_adapter.sv(42) @ 2853490000: reporter [uart_reg2ahb_adapter] bus2reg: address = 0x10 data = 0x8 kind = UVM_WRITE status = UVM_IS_OK
# UVM_INFO /ictc/other/tools/QuestaDVA/questasim/verilog_src/uvm-1.2/src/reg/uvm_reg_predictor.svh(221) @ 2853490000: uvm_test_top.env.ahb_predictor [REG_PREDICT] Observed WRITE transaction to register regmodel.IER: value='h8 : updated value = 'h8
# ===== Received Data from IER =====
# UVM_INFO ./../regmodel/uart_reg2ahb_adapter.sv(42) @ 2853491000: reporter [uart_reg2ahb_adapter] bus2reg: address = 0x14 data = 0x6 kind = UVM_READ status = UVM_IS_OK
# UVM_INFO /ictc/other/tools/QuestaDVA/questasim/verilog_src/uvm-1.2/src/reg/uvm_reg_predictor.svh(225) @ 2853491000: uvm_test_top.env.ahb_predictor [REG_PREDICT] Observed READ transaction to register regmodel.FSR: value='h6
# UVM_ERROR ./../sequences/ahb_rxd_rx_empty_sequence.sv(130) @ 2853501000: uvm_test_top.env.ahb_agt.sequencer@@rx_empty [ahb_rxd_rx_empty_sequence] 
# ===== FAILED!!! RX_EMPTY_STATUS is not right =====
# UVM_INFO ./../regmodel/uart_reg2ahb_adapter.sv(42) @ 2853917000: reporter [uart_reg2ahb_adapter] bus2reg: address = 0x14 data = 0x6 kind = UVM_READ status = UVM_IS_OK
# UVM_INFO /ictc/other/tools/QuestaDVA/questasim/verilog_src/uvm-1.2/src/reg/uvm_reg_predictor.svh(225) @ 2853917000: uvm_test_top.env.ahb_predictor [REG_PREDICT] Observed READ transaction to register regmodel.FSR: value='h6
# UVM_INFO ./../testcases/uart_rxd_interrupt.sv(40) @ 2863927000: uvm_test_top [uart_rxd_interrupt] --------------------------------------------------------------
# Name                Type                Size  Value           
# --------------------------------------------------------------
# cfg                 uart_configuration  -     @360            
#   parity_mode       parity_mode_e       32    UART_PARITY_EVEN
#   sampling          sampling_mode_e     32    MODE_X13        
#   data_width        integral            32    'h5             
#   num_of_stop_bit   integral            32    'h1             
#   baud_rate         integral            32    'h9600          
#   baud_rate_enable  integral            1     'h0             
#   parity_enable     integral            1     'h0             
#   interrupt_enable  integral            1     'h0             
# --------------------------------------------------------------
# 
# UVM_INFO ./../regmodel/uart_reg2ahb_adapter.sv(42) @ 2863927000: reporter [uart_reg2ahb_adapter] bus2reg: address = 0x0 data = 0x1 kind = UVM_WRITE status = UVM_IS_OK
# UVM_INFO /ictc/other/tools/QuestaDVA/questasim/verilog_src/uvm-1.2/src/reg/uvm_reg_predictor.svh(221) @ 2863927000: uvm_test_top.env.ahb_predictor [REG_PREDICT] Observed WRITE transaction to register regmodel.MDR: value='h1 : updated value = 'h1
# UVM_INFO ./../regmodel/uart_reg2ahb_adapter.sv(42) @ 2863927000: reporter [uart_reg2ahb_adapter] bus2reg: address = 0x4 data = 0xc8 kind = UVM_WRITE status = UVM_IS_OK
# UVM_INFO /ictc/other/tools/QuestaDVA/questasim/verilog_src/uvm-1.2/src/reg/uvm_reg_predictor.svh(221) @ 2863927000: uvm_test_top.env.ahb_predictor [REG_PREDICT] Observed WRITE transaction to register regmodel.DLL: value='hc8 : updated value = 'hc8
# UVM_INFO ./../regmodel/uart_reg2ahb_adapter.sv(42) @ 2863927000: reporter [uart_reg2ahb_adapter] bus2reg: address = 0x8 data = 0x0 kind = UVM_WRITE status = UVM_IS_OK
# UVM_INFO /ictc/other/tools/QuestaDVA/questasim/verilog_src/uvm-1.2/src/reg/uvm_reg_predictor.svh(221) @ 2863927000: uvm_test_top.env.ahb_predictor [REG_PREDICT] Observed WRITE transaction to register regmodel.DLH: value='h0 : updated value = 'h0
# UVM_INFO ./../regmodel/uart_reg2ahb_adapter.sv(42) @ 2863927000: reporter [uart_reg2ahb_adapter] bus2reg: address = 0xc data = 0x38 kind = UVM_WRITE status = UVM_IS_OK
# UVM_INFO /ictc/other/tools/QuestaDVA/questasim/verilog_src/uvm-1.2/src/reg/uvm_reg_predictor.svh(221) @ 2863927000: uvm_test_top.env.ahb_predictor [REG_PREDICT] Observed WRITE transaction to register regmodel.LCR: value='h38 : updated value = 'h38
# UVM_INFO ./../regmodel/uart_reg2ahb_adapter.sv(42) @ 2863927000: reporter [uart_reg2ahb_adapter] bus2reg: address = 0x10 data = 0x8 kind = UVM_WRITE status = UVM_IS_OK
# UVM_INFO /ictc/other/tools/QuestaDVA/questasim/verilog_src/uvm-1.2/src/reg/uvm_reg_predictor.svh(221) @ 2863927000: uvm_test_top.env.ahb_predictor [REG_PREDICT] Observed WRITE transaction to register regmodel.IER: value='h8 : updated value = 'h8
# ===== Received Data from IER =====
# UVM_INFO ./../regmodel/uart_reg2ahb_adapter.sv(42) @ 2863927000: reporter [uart_reg2ahb_adapter] bus2reg: address = 0x14 data = 0x6 kind = UVM_READ status = UVM_IS_OK
# UVM_INFO /ictc/other/tools/QuestaDVA/questasim/verilog_src/uvm-1.2/src/reg/uvm_reg_predictor.svh(225) @ 2863927000: uvm_test_top.env.ahb_predictor [REG_PREDICT] Observed READ transaction to register regmodel.FSR: value='h6
# UVM_ERROR ./../sequences/ahb_rxd_rx_empty_sequence.sv(130) @ 2863937000: uvm_test_top.env.ahb_agt.sequencer@@rx_empty [ahb_rxd_rx_empty_sequence] 
# ===== FAILED!!! RX_EMPTY_STATUS is not right =====
# UVM_INFO ./../regmodel/uart_reg2ahb_adapter.sv(42) @ 2864353000: reporter [uart_reg2ahb_adapter] bus2reg: address = 0x14 data = 0x6 kind = UVM_READ status = UVM_IS_OK
# UVM_INFO /ictc/other/tools/QuestaDVA/questasim/verilog_src/uvm-1.2/src/reg/uvm_reg_predictor.svh(225) @ 2864353000: uvm_test_top.env.ahb_predictor [REG_PREDICT] Observed READ transaction to register regmodel.FSR: value='h6
# UVM_INFO ./../testcases/uart_rxd_interrupt.sv(40) @ 2874363000: uvm_test_top [uart_rxd_interrupt] --------------------------------------------------------------
# Name                Type                Size  Value           
# --------------------------------------------------------------
# cfg                 uart_configuration  -     @360            
#   parity_mode       parity_mode_e       32    UART_PARITY_EVEN
#   sampling          sampling_mode_e     32    MODE_X16        
#   data_width        integral            32    'h5             
#   num_of_stop_bit   integral            32    'h1             
#   baud_rate         integral            32    'h12c00         
#   baud_rate_enable  integral            1     'h0             
#   parity_enable     integral            1     'h0             
#   interrupt_enable  integral            1     'h0             
# --------------------------------------------------------------
# 
# UVM_INFO ./../regmodel/uart_reg2ahb_adapter.sv(42) @ 2874363000: reporter [uart_reg2ahb_adapter] bus2reg: address = 0x0 data = 0x0 kind = UVM_WRITE status = UVM_IS_OK
# UVM_INFO /ictc/other/tools/QuestaDVA/questasim/verilog_src/uvm-1.2/src/reg/uvm_reg_predictor.svh(221) @ 2874363000: uvm_test_top.env.ahb_predictor [REG_PREDICT] Observed WRITE transaction to register regmodel.MDR: value='h0 : updated value = 'h0
# UVM_INFO ./../regmodel/uart_reg2ahb_adapter.sv(42) @ 2874363000: reporter [uart_reg2ahb_adapter] bus2reg: address = 0x4 data = 0x51 kind = UVM_WRITE status = UVM_IS_OK
# UVM_INFO /ictc/other/tools/QuestaDVA/questasim/verilog_src/uvm-1.2/src/reg/uvm_reg_predictor.svh(221) @ 2874363000: uvm_test_top.env.ahb_predictor [REG_PREDICT] Observed WRITE transaction to register regmodel.DLL: value='h51 : updated value = 'h51
# UVM_INFO ./../regmodel/uart_reg2ahb_adapter.sv(42) @ 2874363000: reporter [uart_reg2ahb_adapter] bus2reg: address = 0x8 data = 0x0 kind = UVM_WRITE status = UVM_IS_OK
# UVM_INFO /ictc/other/tools/QuestaDVA/questasim/verilog_src/uvm-1.2/src/reg/uvm_reg_predictor.svh(221) @ 2874363000: uvm_test_top.env.ahb_predictor [REG_PREDICT] Observed WRITE transaction to register regmodel.DLH: value='h0 : updated value = 'h0
# UVM_INFO ./../regmodel/uart_reg2ahb_adapter.sv(42) @ 2874363000: reporter [uart_reg2ahb_adapter] bus2reg: address = 0xc data = 0x38 kind = UVM_WRITE status = UVM_IS_OK
# UVM_INFO /ictc/other/tools/QuestaDVA/questasim/verilog_src/uvm-1.2/src/reg/uvm_reg_predictor.svh(221) @ 2874363000: uvm_test_top.env.ahb_predictor [REG_PREDICT] Observed WRITE transaction to register regmodel.LCR: value='h38 : updated value = 'h38
# UVM_INFO ./../regmodel/uart_reg2ahb_adapter.sv(42) @ 2874364000: reporter [uart_reg2ahb_adapter] bus2reg: address = 0x10 data = 0x8 kind = UVM_WRITE status = UVM_IS_OK
# UVM_INFO /ictc/other/tools/QuestaDVA/questasim/verilog_src/uvm-1.2/src/reg/uvm_reg_predictor.svh(221) @ 2874364000: uvm_test_top.env.ahb_predictor [REG_PREDICT] Observed WRITE transaction to register regmodel.IER: value='h8 : updated value = 'h8
# ===== Received Data from IER =====
# UVM_INFO ./../regmodel/uart_reg2ahb_adapter.sv(42) @ 2874364000: reporter [uart_reg2ahb_adapter] bus2reg: address = 0x14 data = 0x6 kind = UVM_READ status = UVM_IS_OK
# UVM_INFO /ictc/other/tools/QuestaDVA/questasim/verilog_src/uvm-1.2/src/reg/uvm_reg_predictor.svh(225) @ 2874364000: uvm_test_top.env.ahb_predictor [REG_PREDICT] Observed READ transaction to register regmodel.FSR: value='h6
# UVM_ERROR ./../sequences/ahb_rxd_rx_empty_sequence.sv(130) @ 2874374000: uvm_test_top.env.ahb_agt.sequencer@@rx_empty [ahb_rxd_rx_empty_sequence] 
# ===== FAILED!!! RX_EMPTY_STATUS is not right =====
# UVM_INFO ./../regmodel/uart_reg2ahb_adapter.sv(42) @ 2874582000: reporter [uart_reg2ahb_adapter] bus2reg: address = 0x14 data = 0x6 kind = UVM_READ status = UVM_IS_OK
# UVM_INFO /ictc/other/tools/QuestaDVA/questasim/verilog_src/uvm-1.2/src/reg/uvm_reg_predictor.svh(225) @ 2874582000: uvm_test_top.env.ahb_predictor [REG_PREDICT] Observed READ transaction to register regmodel.FSR: value='h6
# UVM_INFO ./../testcases/uart_rxd_interrupt.sv(40) @ 2884592000: uvm_test_top [uart_rxd_interrupt] --------------------------------------------------------------
# Name                Type                Size  Value           
# --------------------------------------------------------------
# cfg                 uart_configuration  -     @360            
#   parity_mode       parity_mode_e       32    UART_PARITY_EVEN
#   sampling          sampling_mode_e     32    MODE_X13        
#   data_width        integral            32    'h5             
#   num_of_stop_bit   integral            32    'h1             
#   baud_rate         integral            32    'h12c00         
#   baud_rate_enable  integral            1     'h0             
#   parity_enable     integral            1     'h0             
#   interrupt_enable  integral            1     'h0             
# --------------------------------------------------------------
# 
# UVM_INFO ./../regmodel/uart_reg2ahb_adapter.sv(42) @ 2884592000: reporter [uart_reg2ahb_adapter] bus2reg: address = 0x0 data = 0x1 kind = UVM_WRITE status = UVM_IS_OK
# UVM_INFO /ictc/other/tools/QuestaDVA/questasim/verilog_src/uvm-1.2/src/reg/uvm_reg_predictor.svh(221) @ 2884592000: uvm_test_top.env.ahb_predictor [REG_PREDICT] Observed WRITE transaction to register regmodel.MDR: value='h1 : updated value = 'h1
# UVM_INFO ./../regmodel/uart_reg2ahb_adapter.sv(42) @ 2884592000: reporter [uart_reg2ahb_adapter] bus2reg: address = 0x4 data = 0x64 kind = UVM_WRITE status = UVM_IS_OK
# UVM_INFO /ictc/other/tools/QuestaDVA/questasim/verilog_src/uvm-1.2/src/reg/uvm_reg_predictor.svh(221) @ 2884592000: uvm_test_top.env.ahb_predictor [REG_PREDICT] Observed WRITE transaction to register regmodel.DLL: value='h64 : updated value = 'h64
# UVM_INFO ./../regmodel/uart_reg2ahb_adapter.sv(42) @ 2884592000: reporter [uart_reg2ahb_adapter] bus2reg: address = 0x8 data = 0x0 kind = UVM_WRITE status = UVM_IS_OK
# UVM_INFO /ictc/other/tools/QuestaDVA/questasim/verilog_src/uvm-1.2/src/reg/uvm_reg_predictor.svh(221) @ 2884592000: uvm_test_top.env.ahb_predictor [REG_PREDICT] Observed WRITE transaction to register regmodel.DLH: value='h0 : updated value = 'h0
# UVM_INFO ./../regmodel/uart_reg2ahb_adapter.sv(42) @ 2884592000: reporter [uart_reg2ahb_adapter] bus2reg: address = 0xc data = 0x38 kind = UVM_WRITE status = UVM_IS_OK
# UVM_INFO /ictc/other/tools/QuestaDVA/questasim/verilog_src/uvm-1.2/src/reg/uvm_reg_predictor.svh(221) @ 2884592000: uvm_test_top.env.ahb_predictor [REG_PREDICT] Observed WRITE transaction to register regmodel.LCR: value='h38 : updated value = 'h38
# UVM_INFO ./../regmodel/uart_reg2ahb_adapter.sv(42) @ 2884592000: reporter [uart_reg2ahb_adapter] bus2reg: address = 0x10 data = 0x8 kind = UVM_WRITE status = UVM_IS_OK
# UVM_INFO /ictc/other/tools/QuestaDVA/questasim/verilog_src/uvm-1.2/src/reg/uvm_reg_predictor.svh(221) @ 2884592000: uvm_test_top.env.ahb_predictor [REG_PREDICT] Observed WRITE transaction to register regmodel.IER: value='h8 : updated value = 'h8
# ===== Received Data from IER =====
# UVM_INFO ./../regmodel/uart_reg2ahb_adapter.sv(42) @ 2884592000: reporter [uart_reg2ahb_adapter] bus2reg: address = 0x14 data = 0x6 kind = UVM_READ status = UVM_IS_OK
# UVM_INFO /ictc/other/tools/QuestaDVA/questasim/verilog_src/uvm-1.2/src/reg/uvm_reg_predictor.svh(225) @ 2884592000: uvm_test_top.env.ahb_predictor [REG_PREDICT] Observed READ transaction to register regmodel.FSR: value='h6
# UVM_ERROR ./../sequences/ahb_rxd_rx_empty_sequence.sv(130) @ 2884602000: uvm_test_top.env.ahb_agt.sequencer@@rx_empty [ahb_rxd_rx_empty_sequence] 
# ===== FAILED!!! RX_EMPTY_STATUS is not right =====
# UVM_INFO ./../regmodel/uart_reg2ahb_adapter.sv(42) @ 2884810000: reporter [uart_reg2ahb_adapter] bus2reg: address = 0x14 data = 0x6 kind = UVM_READ status = UVM_IS_OK
# UVM_INFO /ictc/other/tools/QuestaDVA/questasim/verilog_src/uvm-1.2/src/reg/uvm_reg_predictor.svh(225) @ 2884810000: uvm_test_top.env.ahb_predictor [REG_PREDICT] Observed READ transaction to register regmodel.FSR: value='h6
# UVM_INFO ./../testcases/uart_rxd_interrupt.sv(40) @ 2894820000: uvm_test_top [uart_rxd_interrupt] --------------------------------------------------------------
# Name                Type                Size  Value           
# --------------------------------------------------------------
# cfg                 uart_configuration  -     @360            
#   parity_mode       parity_mode_e       32    UART_PARITY_EVEN
#   sampling          sampling_mode_e     32    MODE_X16        
#   data_width        integral            32    'h5             
#   num_of_stop_bit   integral            32    'h1             
#   baud_rate         integral            32    'h1c200         
#   baud_rate_enable  integral            1     'h0             
#   parity_enable     integral            1     'h0             
#   interrupt_enable  integral            1     'h0             
# --------------------------------------------------------------
# 
# UVM_INFO ./../regmodel/uart_reg2ahb_adapter.sv(42) @ 2894820000: reporter [uart_reg2ahb_adapter] bus2reg: address = 0x0 data = 0x0 kind = UVM_WRITE status = UVM_IS_OK
# UVM_INFO /ictc/other/tools/QuestaDVA/questasim/verilog_src/uvm-1.2/src/reg/uvm_reg_predictor.svh(221) @ 2894820000: uvm_test_top.env.ahb_predictor [REG_PREDICT] Observed WRITE transaction to register regmodel.MDR: value='h0 : updated value = 'h0
# UVM_INFO ./../regmodel/uart_reg2ahb_adapter.sv(42) @ 2894820000: reporter [uart_reg2ahb_adapter] bus2reg: address = 0x4 data = 0x36 kind = UVM_WRITE status = UVM_IS_OK
# UVM_INFO /ictc/other/tools/QuestaDVA/questasim/verilog_src/uvm-1.2/src/reg/uvm_reg_predictor.svh(221) @ 2894820000: uvm_test_top.env.ahb_predictor [REG_PREDICT] Observed WRITE transaction to register regmodel.DLL: value='h36 : updated value = 'h36
# UVM_INFO ./../regmodel/uart_reg2ahb_adapter.sv(42) @ 2894821000: reporter [uart_reg2ahb_adapter] bus2reg: address = 0x8 data = 0x0 kind = UVM_WRITE status = UVM_IS_OK
# UVM_INFO /ictc/other/tools/QuestaDVA/questasim/verilog_src/uvm-1.2/src/reg/uvm_reg_predictor.svh(221) @ 2894821000: uvm_test_top.env.ahb_predictor [REG_PREDICT] Observed WRITE transaction to register regmodel.DLH: value='h0 : updated value = 'h0
# UVM_INFO ./../regmodel/uart_reg2ahb_adapter.sv(42) @ 2894821000: reporter [uart_reg2ahb_adapter] bus2reg: address = 0xc data = 0x38 kind = UVM_WRITE status = UVM_IS_OK
# UVM_INFO /ictc/other/tools/QuestaDVA/questasim/verilog_src/uvm-1.2/src/reg/uvm_reg_predictor.svh(221) @ 2894821000: uvm_test_top.env.ahb_predictor [REG_PREDICT] Observed WRITE transaction to register regmodel.LCR: value='h38 : updated value = 'h38
# UVM_INFO ./../regmodel/uart_reg2ahb_adapter.sv(42) @ 2894821000: reporter [uart_reg2ahb_adapter] bus2reg: address = 0x10 data = 0x8 kind = UVM_WRITE status = UVM_IS_OK
# UVM_INFO /ictc/other/tools/QuestaDVA/questasim/verilog_src/uvm-1.2/src/reg/uvm_reg_predictor.svh(221) @ 2894821000: uvm_test_top.env.ahb_predictor [REG_PREDICT] Observed WRITE transaction to register regmodel.IER: value='h8 : updated value = 'h8
# ===== Received Data from IER =====
# UVM_INFO ./../regmodel/uart_reg2ahb_adapter.sv(42) @ 2894821000: reporter [uart_reg2ahb_adapter] bus2reg: address = 0x14 data = 0x6 kind = UVM_READ status = UVM_IS_OK
# UVM_INFO /ictc/other/tools/QuestaDVA/questasim/verilog_src/uvm-1.2/src/reg/uvm_reg_predictor.svh(225) @ 2894821000: uvm_test_top.env.ahb_predictor [REG_PREDICT] Observed READ transaction to register regmodel.FSR: value='h6
# UVM_ERROR ./../sequences/ahb_rxd_rx_empty_sequence.sv(130) @ 2894831000: uvm_test_top.env.ahb_agt.sequencer@@rx_empty [ahb_rxd_rx_empty_sequence] 
# ===== FAILED!!! RX_EMPTY_STATUS is not right =====
# UVM_INFO ./../regmodel/uart_reg2ahb_adapter.sv(42) @ 2894967000: reporter [uart_reg2ahb_adapter] bus2reg: address = 0x14 data = 0x6 kind = UVM_READ status = UVM_IS_OK
# UVM_INFO /ictc/other/tools/QuestaDVA/questasim/verilog_src/uvm-1.2/src/reg/uvm_reg_predictor.svh(225) @ 2894967000: uvm_test_top.env.ahb_predictor [REG_PREDICT] Observed READ transaction to register regmodel.FSR: value='h6
# UVM_INFO ./../testcases/uart_rxd_interrupt.sv(40) @ 2904977000: uvm_test_top [uart_rxd_interrupt] --------------------------------------------------------------
# Name                Type                Size  Value           
# --------------------------------------------------------------
# cfg                 uart_configuration  -     @360            
#   parity_mode       parity_mode_e       32    UART_PARITY_EVEN
#   sampling          sampling_mode_e     32    MODE_X13        
#   data_width        integral            32    'h5             
#   num_of_stop_bit   integral            32    'h1             
#   baud_rate         integral            32    'h1c200         
#   baud_rate_enable  integral            1     'h0             
#   parity_enable     integral            1     'h0             
#   interrupt_enable  integral            1     'h0             
# --------------------------------------------------------------
# 
# UVM_INFO ./../regmodel/uart_reg2ahb_adapter.sv(42) @ 2904977000: reporter [uart_reg2ahb_adapter] bus2reg: address = 0x0 data = 0x1 kind = UVM_WRITE status = UVM_IS_OK
# UVM_INFO /ictc/other/tools/QuestaDVA/questasim/verilog_src/uvm-1.2/src/reg/uvm_reg_predictor.svh(221) @ 2904977000: uvm_test_top.env.ahb_predictor [REG_PREDICT] Observed WRITE transaction to register regmodel.MDR: value='h1 : updated value = 'h1
# UVM_INFO ./../regmodel/uart_reg2ahb_adapter.sv(42) @ 2904977000: reporter [uart_reg2ahb_adapter] bus2reg: address = 0x4 data = 0x43 kind = UVM_WRITE status = UVM_IS_OK
# UVM_INFO /ictc/other/tools/QuestaDVA/questasim/verilog_src/uvm-1.2/src/reg/uvm_reg_predictor.svh(221) @ 2904977000: uvm_test_top.env.ahb_predictor [REG_PREDICT] Observed WRITE transaction to register regmodel.DLL: value='h43 : updated value = 'h43
# UVM_INFO ./../regmodel/uart_reg2ahb_adapter.sv(42) @ 2904977000: reporter [uart_reg2ahb_adapter] bus2reg: address = 0x8 data = 0x0 kind = UVM_WRITE status = UVM_IS_OK
# UVM_INFO /ictc/other/tools/QuestaDVA/questasim/verilog_src/uvm-1.2/src/reg/uvm_reg_predictor.svh(221) @ 2904977000: uvm_test_top.env.ahb_predictor [REG_PREDICT] Observed WRITE transaction to register regmodel.DLH: value='h0 : updated value = 'h0
# UVM_INFO ./../regmodel/uart_reg2ahb_adapter.sv(42) @ 2904977000: reporter [uart_reg2ahb_adapter] bus2reg: address = 0xc data = 0x38 kind = UVM_WRITE status = UVM_IS_OK
# UVM_INFO /ictc/other/tools/QuestaDVA/questasim/verilog_src/uvm-1.2/src/reg/uvm_reg_predictor.svh(221) @ 2904977000: uvm_test_top.env.ahb_predictor [REG_PREDICT] Observed WRITE transaction to register regmodel.LCR: value='h38 : updated value = 'h38
# UVM_INFO ./../regmodel/uart_reg2ahb_adapter.sv(42) @ 2904977000: reporter [uart_reg2ahb_adapter] bus2reg: address = 0x10 data = 0x8 kind = UVM_WRITE status = UVM_IS_OK
# UVM_INFO /ictc/other/tools/QuestaDVA/questasim/verilog_src/uvm-1.2/src/reg/uvm_reg_predictor.svh(221) @ 2904977000: uvm_test_top.env.ahb_predictor [REG_PREDICT] Observed WRITE transaction to register regmodel.IER: value='h8 : updated value = 'h8
# ===== Received Data from IER =====
# UVM_INFO ./../regmodel/uart_reg2ahb_adapter.sv(42) @ 2904977000: reporter [uart_reg2ahb_adapter] bus2reg: address = 0x14 data = 0x6 kind = UVM_READ status = UVM_IS_OK
# UVM_INFO /ictc/other/tools/QuestaDVA/questasim/verilog_src/uvm-1.2/src/reg/uvm_reg_predictor.svh(225) @ 2904977000: uvm_test_top.env.ahb_predictor [REG_PREDICT] Observed READ transaction to register regmodel.FSR: value='h6
# UVM_ERROR ./../sequences/ahb_rxd_rx_empty_sequence.sv(130) @ 2904987000: uvm_test_top.env.ahb_agt.sequencer@@rx_empty [ahb_rxd_rx_empty_sequence] 
# ===== FAILED!!! RX_EMPTY_STATUS is not right =====
# UVM_INFO ./../regmodel/uart_reg2ahb_adapter.sv(42) @ 2905123000: reporter [uart_reg2ahb_adapter] bus2reg: address = 0x14 data = 0x6 kind = UVM_READ status = UVM_IS_OK
# UVM_INFO /ictc/other/tools/QuestaDVA/questasim/verilog_src/uvm-1.2/src/reg/uvm_reg_predictor.svh(225) @ 2905123000: uvm_test_top.env.ahb_predictor [REG_PREDICT] Observed READ transaction to register regmodel.FSR: value='h6
# UVM_INFO ./../testcases/uart_rxd_interrupt.sv(40) @ 2915133000: uvm_test_top [uart_rxd_interrupt] --------------------------------------------------------------
# Name                Type                Size  Value           
# --------------------------------------------------------------
# cfg                 uart_configuration  -     @360            
#   parity_mode       parity_mode_e       32    UART_PARITY_EVEN
#   sampling          sampling_mode_e     32    MODE_X16        
#   data_width        integral            32    'h5             
#   num_of_stop_bit   integral            32    'h2             
#   baud_rate         integral            32    'h960           
#   baud_rate_enable  integral            1     'h0             
#   parity_enable     integral            1     'h0             
#   interrupt_enable  integral            1     'h0             
# --------------------------------------------------------------
# 
# UVM_INFO ./../regmodel/uart_reg2ahb_adapter.sv(42) @ 2915133000: reporter [uart_reg2ahb_adapter] bus2reg: address = 0x0 data = 0x0 kind = UVM_WRITE status = UVM_IS_OK
# UVM_INFO /ictc/other/tools/QuestaDVA/questasim/verilog_src/uvm-1.2/src/reg/uvm_reg_predictor.svh(221) @ 2915133000: uvm_test_top.env.ahb_predictor [REG_PREDICT] Observed WRITE transaction to register regmodel.MDR: value='h0 : updated value = 'h0
# UVM_INFO ./../regmodel/uart_reg2ahb_adapter.sv(42) @ 2915134000: reporter [uart_reg2ahb_adapter] bus2reg: address = 0x4 data = 0x2c kind = UVM_WRITE status = UVM_IS_OK
# UVM_INFO /ictc/other/tools/QuestaDVA/questasim/verilog_src/uvm-1.2/src/reg/uvm_reg_predictor.svh(221) @ 2915134000: uvm_test_top.env.ahb_predictor [REG_PREDICT] Observed WRITE transaction to register regmodel.DLL: value='h2c : updated value = 'h2c
# UVM_INFO ./../regmodel/uart_reg2ahb_adapter.sv(42) @ 2915134000: reporter [uart_reg2ahb_adapter] bus2reg: address = 0x8 data = 0xa kind = UVM_WRITE status = UVM_IS_OK
# UVM_INFO /ictc/other/tools/QuestaDVA/questasim/verilog_src/uvm-1.2/src/reg/uvm_reg_predictor.svh(221) @ 2915134000: uvm_test_top.env.ahb_predictor [REG_PREDICT] Observed WRITE transaction to register regmodel.DLH: value='ha : updated value = 'ha
# UVM_INFO ./../regmodel/uart_reg2ahb_adapter.sv(42) @ 2915134000: reporter [uart_reg2ahb_adapter] bus2reg: address = 0xc data = 0x3c kind = UVM_WRITE status = UVM_IS_OK
# UVM_INFO /ictc/other/tools/QuestaDVA/questasim/verilog_src/uvm-1.2/src/reg/uvm_reg_predictor.svh(221) @ 2915134000: uvm_test_top.env.ahb_predictor [REG_PREDICT] Observed WRITE transaction to register regmodel.LCR: value='h3c : updated value = 'h3c
# UVM_INFO ./../regmodel/uart_reg2ahb_adapter.sv(42) @ 2915134000: reporter [uart_reg2ahb_adapter] bus2reg: address = 0x10 data = 0x8 kind = UVM_WRITE status = UVM_IS_OK
# UVM_INFO /ictc/other/tools/QuestaDVA/questasim/verilog_src/uvm-1.2/src/reg/uvm_reg_predictor.svh(221) @ 2915134000: uvm_test_top.env.ahb_predictor [REG_PREDICT] Observed WRITE transaction to register regmodel.IER: value='h8 : updated value = 'h8
# ===== Received Data from IER =====
# UVM_INFO ./../regmodel/uart_reg2ahb_adapter.sv(42) @ 2915134000: reporter [uart_reg2ahb_adapter] bus2reg: address = 0x14 data = 0x6 kind = UVM_READ status = UVM_IS_OK
# UVM_INFO /ictc/other/tools/QuestaDVA/questasim/verilog_src/uvm-1.2/src/reg/uvm_reg_predictor.svh(225) @ 2915134000: uvm_test_top.env.ahb_predictor [REG_PREDICT] Observed READ transaction to register regmodel.FSR: value='h6
# UVM_ERROR ./../sequences/ahb_rxd_rx_empty_sequence.sv(130) @ 2915144000: uvm_test_top.env.ahb_agt.sequencer@@rx_empty [ahb_rxd_rx_empty_sequence] 
# ===== FAILED!!! RX_EMPTY_STATUS is not right =====
# UVM_INFO ./../regmodel/uart_reg2ahb_adapter.sv(42) @ 2922641000: reporter [uart_reg2ahb_adapter] bus2reg: address = 0x14 data = 0x6 kind = UVM_READ status = UVM_IS_OK
# UVM_INFO /ictc/other/tools/QuestaDVA/questasim/verilog_src/uvm-1.2/src/reg/uvm_reg_predictor.svh(225) @ 2922641000: uvm_test_top.env.ahb_predictor [REG_PREDICT] Observed READ transaction to register regmodel.FSR: value='h6
# UVM_INFO ./../testcases/uart_rxd_interrupt.sv(40) @ 2932651000: uvm_test_top [uart_rxd_interrupt] --------------------------------------------------------------
# Name                Type                Size  Value           
# --------------------------------------------------------------
# cfg                 uart_configuration  -     @360            
#   parity_mode       parity_mode_e       32    UART_PARITY_EVEN
#   sampling          sampling_mode_e     32    MODE_X13        
#   data_width        integral            32    'h5             
#   num_of_stop_bit   integral            32    'h2             
#   baud_rate         integral            32    'h960           
#   baud_rate_enable  integral            1     'h0             
#   parity_enable     integral            1     'h0             
#   interrupt_enable  integral            1     'h0             
# --------------------------------------------------------------
# 
# UVM_INFO ./../regmodel/uart_reg2ahb_adapter.sv(42) @ 2932651000: reporter [uart_reg2ahb_adapter] bus2reg: address = 0x0 data = 0x1 kind = UVM_WRITE status = UVM_IS_OK
# UVM_INFO /ictc/other/tools/QuestaDVA/questasim/verilog_src/uvm-1.2/src/reg/uvm_reg_predictor.svh(221) @ 2932651000: uvm_test_top.env.ahb_predictor [REG_PREDICT] Observed WRITE transaction to register regmodel.MDR: value='h1 : updated value = 'h1
# UVM_INFO ./../regmodel/uart_reg2ahb_adapter.sv(42) @ 2932651000: reporter [uart_reg2ahb_adapter] bus2reg: address = 0x4 data = 0x85 kind = UVM_WRITE status = UVM_IS_OK
# UVM_INFO /ictc/other/tools/QuestaDVA/questasim/verilog_src/uvm-1.2/src/reg/uvm_reg_predictor.svh(221) @ 2932651000: uvm_test_top.env.ahb_predictor [REG_PREDICT] Observed WRITE transaction to register regmodel.DLL: value='h85 : updated value = 'h85
# UVM_INFO ./../regmodel/uart_reg2ahb_adapter.sv(42) @ 2932651000: reporter [uart_reg2ahb_adapter] bus2reg: address = 0x8 data = 0xc kind = UVM_WRITE status = UVM_IS_OK
# UVM_INFO /ictc/other/tools/QuestaDVA/questasim/verilog_src/uvm-1.2/src/reg/uvm_reg_predictor.svh(221) @ 2932651000: uvm_test_top.env.ahb_predictor [REG_PREDICT] Observed WRITE transaction to register regmodel.DLH: value='hc : updated value = 'hc
# UVM_INFO ./../regmodel/uart_reg2ahb_adapter.sv(42) @ 2932651000: reporter [uart_reg2ahb_adapter] bus2reg: address = 0xc data = 0x3c kind = UVM_WRITE status = UVM_IS_OK
# UVM_INFO /ictc/other/tools/QuestaDVA/questasim/verilog_src/uvm-1.2/src/reg/uvm_reg_predictor.svh(221) @ 2932651000: uvm_test_top.env.ahb_predictor [REG_PREDICT] Observed WRITE transaction to register regmodel.LCR: value='h3c : updated value = 'h3c
# UVM_INFO ./../regmodel/uart_reg2ahb_adapter.sv(42) @ 2932651000: reporter [uart_reg2ahb_adapter] bus2reg: address = 0x10 data = 0x8 kind = UVM_WRITE status = UVM_IS_OK
# UVM_INFO /ictc/other/tools/QuestaDVA/questasim/verilog_src/uvm-1.2/src/reg/uvm_reg_predictor.svh(221) @ 2932651000: uvm_test_top.env.ahb_predictor [REG_PREDICT] Observed WRITE transaction to register regmodel.IER: value='h8 : updated value = 'h8
# ===== Received Data from IER =====
# UVM_INFO ./../regmodel/uart_reg2ahb_adapter.sv(42) @ 2932651000: reporter [uart_reg2ahb_adapter] bus2reg: address = 0x14 data = 0x6 kind = UVM_READ status = UVM_IS_OK
# UVM_INFO /ictc/other/tools/QuestaDVA/questasim/verilog_src/uvm-1.2/src/reg/uvm_reg_predictor.svh(225) @ 2932651000: uvm_test_top.env.ahb_predictor [REG_PREDICT] Observed READ transaction to register regmodel.FSR: value='h6
# UVM_ERROR ./../sequences/ahb_rxd_rx_empty_sequence.sv(130) @ 2932661000: uvm_test_top.env.ahb_agt.sequencer@@rx_empty [ahb_rxd_rx_empty_sequence] 
# ===== FAILED!!! RX_EMPTY_STATUS is not right =====
# UVM_INFO ./../regmodel/uart_reg2ahb_adapter.sv(42) @ 2940159000: reporter [uart_reg2ahb_adapter] bus2reg: address = 0x14 data = 0x6 kind = UVM_READ status = UVM_IS_OK
# UVM_INFO /ictc/other/tools/QuestaDVA/questasim/verilog_src/uvm-1.2/src/reg/uvm_reg_predictor.svh(225) @ 2940159000: uvm_test_top.env.ahb_predictor [REG_PREDICT] Observed READ transaction to register regmodel.FSR: value='h6
# UVM_INFO ./../testcases/uart_rxd_interrupt.sv(40) @ 2950169000: uvm_test_top [uart_rxd_interrupt] --------------------------------------------------------------
# Name                Type                Size  Value           
# --------------------------------------------------------------
# cfg                 uart_configuration  -     @360            
#   parity_mode       parity_mode_e       32    UART_PARITY_EVEN
#   sampling          sampling_mode_e     32    MODE_X16        
#   data_width        integral            32    'h5             
#   num_of_stop_bit   integral            32    'h2             
#   baud_rate         integral            32    'h12c0          
#   baud_rate_enable  integral            1     'h0             
#   parity_enable     integral            1     'h0             
#   interrupt_enable  integral            1     'h0             
# --------------------------------------------------------------
# 
# UVM_INFO ./../regmodel/uart_reg2ahb_adapter.sv(42) @ 2950169000: reporter [uart_reg2ahb_adapter] bus2reg: address = 0x0 data = 0x0 kind = UVM_WRITE status = UVM_IS_OK
# UVM_INFO /ictc/other/tools/QuestaDVA/questasim/verilog_src/uvm-1.2/src/reg/uvm_reg_predictor.svh(221) @ 2950169000: uvm_test_top.env.ahb_predictor [REG_PREDICT] Observed WRITE transaction to register regmodel.MDR: value='h0 : updated value = 'h0
# UVM_INFO ./../regmodel/uart_reg2ahb_adapter.sv(42) @ 2950169000: reporter [uart_reg2ahb_adapter] bus2reg: address = 0x4 data = 0x16 kind = UVM_WRITE status = UVM_IS_OK
# UVM_INFO /ictc/other/tools/QuestaDVA/questasim/verilog_src/uvm-1.2/src/reg/uvm_reg_predictor.svh(221) @ 2950169000: uvm_test_top.env.ahb_predictor [REG_PREDICT] Observed WRITE transaction to register regmodel.DLL: value='h16 : updated value = 'h16
# UVM_INFO ./../regmodel/uart_reg2ahb_adapter.sv(42) @ 2950169000: reporter [uart_reg2ahb_adapter] bus2reg: address = 0x8 data = 0x5 kind = UVM_WRITE status = UVM_IS_OK
# UVM_INFO /ictc/other/tools/QuestaDVA/questasim/verilog_src/uvm-1.2/src/reg/uvm_reg_predictor.svh(221) @ 2950169000: uvm_test_top.env.ahb_predictor [REG_PREDICT] Observed WRITE transaction to register regmodel.DLH: value='h5 : updated value = 'h5
# UVM_INFO ./../regmodel/uart_reg2ahb_adapter.sv(42) @ 2950169000: reporter [uart_reg2ahb_adapter] bus2reg: address = 0xc data = 0x3c kind = UVM_WRITE status = UVM_IS_OK
# UVM_INFO /ictc/other/tools/QuestaDVA/questasim/verilog_src/uvm-1.2/src/reg/uvm_reg_predictor.svh(221) @ 2950169000: uvm_test_top.env.ahb_predictor [REG_PREDICT] Observed WRITE transaction to register regmodel.LCR: value='h3c : updated value = 'h3c
# UVM_INFO ./../regmodel/uart_reg2ahb_adapter.sv(42) @ 2950169000: reporter [uart_reg2ahb_adapter] bus2reg: address = 0x10 data = 0x8 kind = UVM_WRITE status = UVM_IS_OK
# UVM_INFO /ictc/other/tools/QuestaDVA/questasim/verilog_src/uvm-1.2/src/reg/uvm_reg_predictor.svh(221) @ 2950169000: uvm_test_top.env.ahb_predictor [REG_PREDICT] Observed WRITE transaction to register regmodel.IER: value='h8 : updated value = 'h8
# ===== Received Data from IER =====
# UVM_INFO ./../regmodel/uart_reg2ahb_adapter.sv(42) @ 2950169000: reporter [uart_reg2ahb_adapter] bus2reg: address = 0x14 data = 0x6 kind = UVM_READ status = UVM_IS_OK
# UVM_INFO /ictc/other/tools/QuestaDVA/questasim/verilog_src/uvm-1.2/src/reg/uvm_reg_predictor.svh(225) @ 2950169000: uvm_test_top.env.ahb_predictor [REG_PREDICT] Observed READ transaction to register regmodel.FSR: value='h6
# UVM_ERROR ./../sequences/ahb_rxd_rx_empty_sequence.sv(130) @ 2950179000: uvm_test_top.env.ahb_agt.sequencer@@rx_empty [ahb_rxd_rx_empty_sequence] 
# ===== FAILED!!! RX_EMPTY_STATUS is not right =====
# UVM_INFO ./../regmodel/uart_reg2ahb_adapter.sv(42) @ 2953932000: reporter [uart_reg2ahb_adapter] bus2reg: address = 0x14 data = 0x6 kind = UVM_READ status = UVM_IS_OK
# UVM_INFO /ictc/other/tools/QuestaDVA/questasim/verilog_src/uvm-1.2/src/reg/uvm_reg_predictor.svh(225) @ 2953932000: uvm_test_top.env.ahb_predictor [REG_PREDICT] Observed READ transaction to register regmodel.FSR: value='h6
# UVM_INFO ./../testcases/uart_rxd_interrupt.sv(40) @ 2963942000: uvm_test_top [uart_rxd_interrupt] --------------------------------------------------------------
# Name                Type                Size  Value           
# --------------------------------------------------------------
# cfg                 uart_configuration  -     @360            
#   parity_mode       parity_mode_e       32    UART_PARITY_EVEN
#   sampling          sampling_mode_e     32    MODE_X13        
#   data_width        integral            32    'h5             
#   num_of_stop_bit   integral            32    'h2             
#   baud_rate         integral            32    'h12c0          
#   baud_rate_enable  integral            1     'h0             
#   parity_enable     integral            1     'h0             
#   interrupt_enable  integral            1     'h0             
# --------------------------------------------------------------
# 
# UVM_INFO ./../regmodel/uart_reg2ahb_adapter.sv(42) @ 2963942000: reporter [uart_reg2ahb_adapter] bus2reg: address = 0x0 data = 0x1 kind = UVM_WRITE status = UVM_IS_OK
# UVM_INFO /ictc/other/tools/QuestaDVA/questasim/verilog_src/uvm-1.2/src/reg/uvm_reg_predictor.svh(221) @ 2963942000: uvm_test_top.env.ahb_predictor [REG_PREDICT] Observed WRITE transaction to register regmodel.MDR: value='h1 : updated value = 'h1
# UVM_INFO ./../regmodel/uart_reg2ahb_adapter.sv(42) @ 2963942000: reporter [uart_reg2ahb_adapter] bus2reg: address = 0x4 data = 0x42 kind = UVM_WRITE status = UVM_IS_OK
# UVM_INFO /ictc/other/tools/QuestaDVA/questasim/verilog_src/uvm-1.2/src/reg/uvm_reg_predictor.svh(221) @ 2963942000: uvm_test_top.env.ahb_predictor [REG_PREDICT] Observed WRITE transaction to register regmodel.DLL: value='h42 : updated value = 'h42
# UVM_INFO ./../regmodel/uart_reg2ahb_adapter.sv(42) @ 2963942000: reporter [uart_reg2ahb_adapter] bus2reg: address = 0x8 data = 0x6 kind = UVM_WRITE status = UVM_IS_OK
# UVM_INFO /ictc/other/tools/QuestaDVA/questasim/verilog_src/uvm-1.2/src/reg/uvm_reg_predictor.svh(221) @ 2963942000: uvm_test_top.env.ahb_predictor [REG_PREDICT] Observed WRITE transaction to register regmodel.DLH: value='h6 : updated value = 'h6
# UVM_INFO ./../regmodel/uart_reg2ahb_adapter.sv(42) @ 2963942000: reporter [uart_reg2ahb_adapter] bus2reg: address = 0xc data = 0x3c kind = UVM_WRITE status = UVM_IS_OK
# UVM_INFO /ictc/other/tools/QuestaDVA/questasim/verilog_src/uvm-1.2/src/reg/uvm_reg_predictor.svh(221) @ 2963942000: uvm_test_top.env.ahb_predictor [REG_PREDICT] Observed WRITE transaction to register regmodel.LCR: value='h3c : updated value = 'h3c
# UVM_INFO ./../regmodel/uart_reg2ahb_adapter.sv(42) @ 2963942000: reporter [uart_reg2ahb_adapter] bus2reg: address = 0x10 data = 0x8 kind = UVM_WRITE status = UVM_IS_OK
# UVM_INFO /ictc/other/tools/QuestaDVA/questasim/verilog_src/uvm-1.2/src/reg/uvm_reg_predictor.svh(221) @ 2963942000: uvm_test_top.env.ahb_predictor [REG_PREDICT] Observed WRITE transaction to register regmodel.IER: value='h8 : updated value = 'h8
# ===== Received Data from IER =====
# UVM_INFO ./../regmodel/uart_reg2ahb_adapter.sv(42) @ 2963943000: reporter [uart_reg2ahb_adapter] bus2reg: address = 0x14 data = 0x6 kind = UVM_READ status = UVM_IS_OK
# UVM_INFO /ictc/other/tools/QuestaDVA/questasim/verilog_src/uvm-1.2/src/reg/uvm_reg_predictor.svh(225) @ 2963943000: uvm_test_top.env.ahb_predictor [REG_PREDICT] Observed READ transaction to register regmodel.FSR: value='h6
# UVM_ERROR ./../sequences/ahb_rxd_rx_empty_sequence.sv(130) @ 2963953000: uvm_test_top.env.ahb_agt.sequencer@@rx_empty [ahb_rxd_rx_empty_sequence] 
# ===== FAILED!!! RX_EMPTY_STATUS is not right =====
# UVM_INFO ./../regmodel/uart_reg2ahb_adapter.sv(42) @ 2967706000: reporter [uart_reg2ahb_adapter] bus2reg: address = 0x14 data = 0x6 kind = UVM_READ status = UVM_IS_OK
# UVM_INFO /ictc/other/tools/QuestaDVA/questasim/verilog_src/uvm-1.2/src/reg/uvm_reg_predictor.svh(225) @ 2967706000: uvm_test_top.env.ahb_predictor [REG_PREDICT] Observed READ transaction to register regmodel.FSR: value='h6
# UVM_INFO ./../testcases/uart_rxd_interrupt.sv(40) @ 2977716000: uvm_test_top [uart_rxd_interrupt] --------------------------------------------------------------
# Name                Type                Size  Value           
# --------------------------------------------------------------
# cfg                 uart_configuration  -     @360            
#   parity_mode       parity_mode_e       32    UART_PARITY_EVEN
#   sampling          sampling_mode_e     32    MODE_X16        
#   data_width        integral            32    'h5             
#   num_of_stop_bit   integral            32    'h2             
#   baud_rate         integral            32    'h2580          
#   baud_rate_enable  integral            1     'h0             
#   parity_enable     integral            1     'h0             
#   interrupt_enable  integral            1     'h0             
# --------------------------------------------------------------
# 
# UVM_INFO ./../regmodel/uart_reg2ahb_adapter.sv(42) @ 2977716000: reporter [uart_reg2ahb_adapter] bus2reg: address = 0x0 data = 0x0 kind = UVM_WRITE status = UVM_IS_OK
# UVM_INFO /ictc/other/tools/QuestaDVA/questasim/verilog_src/uvm-1.2/src/reg/uvm_reg_predictor.svh(221) @ 2977716000: uvm_test_top.env.ahb_predictor [REG_PREDICT] Observed WRITE transaction to register regmodel.MDR: value='h0 : updated value = 'h0
# UVM_INFO ./../regmodel/uart_reg2ahb_adapter.sv(42) @ 2977716000: reporter [uart_reg2ahb_adapter] bus2reg: address = 0x4 data = 0x8b kind = UVM_WRITE status = UVM_IS_OK
# UVM_INFO /ictc/other/tools/QuestaDVA/questasim/verilog_src/uvm-1.2/src/reg/uvm_reg_predictor.svh(221) @ 2977716000: uvm_test_top.env.ahb_predictor [REG_PREDICT] Observed WRITE transaction to register regmodel.DLL: value='h8b : updated value = 'h8b
# UVM_INFO ./../regmodel/uart_reg2ahb_adapter.sv(42) @ 2977716000: reporter [uart_reg2ahb_adapter] bus2reg: address = 0x8 data = 0x2 kind = UVM_WRITE status = UVM_IS_OK
# UVM_INFO /ictc/other/tools/QuestaDVA/questasim/verilog_src/uvm-1.2/src/reg/uvm_reg_predictor.svh(221) @ 2977716000: uvm_test_top.env.ahb_predictor [REG_PREDICT] Observed WRITE transaction to register regmodel.DLH: value='h2 : updated value = 'h2
# UVM_INFO ./../regmodel/uart_reg2ahb_adapter.sv(42) @ 2977716000: reporter [uart_reg2ahb_adapter] bus2reg: address = 0xc data = 0x3c kind = UVM_WRITE status = UVM_IS_OK
# UVM_INFO /ictc/other/tools/QuestaDVA/questasim/verilog_src/uvm-1.2/src/reg/uvm_reg_predictor.svh(221) @ 2977716000: uvm_test_top.env.ahb_predictor [REG_PREDICT] Observed WRITE transaction to register regmodel.LCR: value='h3c : updated value = 'h3c
# UVM_INFO ./../regmodel/uart_reg2ahb_adapter.sv(42) @ 2977716000: reporter [uart_reg2ahb_adapter] bus2reg: address = 0x10 data = 0x8 kind = UVM_WRITE status = UVM_IS_OK
# UVM_INFO /ictc/other/tools/QuestaDVA/questasim/verilog_src/uvm-1.2/src/reg/uvm_reg_predictor.svh(221) @ 2977716000: uvm_test_top.env.ahb_predictor [REG_PREDICT] Observed WRITE transaction to register regmodel.IER: value='h8 : updated value = 'h8
# ===== Received Data from IER =====
# UVM_INFO ./../regmodel/uart_reg2ahb_adapter.sv(42) @ 2977716000: reporter [uart_reg2ahb_adapter] bus2reg: address = 0x14 data = 0x6 kind = UVM_READ status = UVM_IS_OK
# UVM_INFO /ictc/other/tools/QuestaDVA/questasim/verilog_src/uvm-1.2/src/reg/uvm_reg_predictor.svh(225) @ 2977716000: uvm_test_top.env.ahb_predictor [REG_PREDICT] Observed READ transaction to register regmodel.FSR: value='h6
# UVM_ERROR ./../sequences/ahb_rxd_rx_empty_sequence.sv(130) @ 2977726000: uvm_test_top.env.ahb_agt.sequencer@@rx_empty [ahb_rxd_rx_empty_sequence] 
# ===== FAILED!!! RX_EMPTY_STATUS is not right =====
# UVM_INFO ./../regmodel/uart_reg2ahb_adapter.sv(42) @ 2979598000: reporter [uart_reg2ahb_adapter] bus2reg: address = 0x14 data = 0x6 kind = UVM_READ status = UVM_IS_OK
# UVM_INFO /ictc/other/tools/QuestaDVA/questasim/verilog_src/uvm-1.2/src/reg/uvm_reg_predictor.svh(225) @ 2979598000: uvm_test_top.env.ahb_predictor [REG_PREDICT] Observed READ transaction to register regmodel.FSR: value='h6
# UVM_INFO ./../testcases/uart_rxd_interrupt.sv(40) @ 2989608000: uvm_test_top [uart_rxd_interrupt] --------------------------------------------------------------
# Name                Type                Size  Value           
# --------------------------------------------------------------
# cfg                 uart_configuration  -     @360            
#   parity_mode       parity_mode_e       32    UART_PARITY_EVEN
#   sampling          sampling_mode_e     32    MODE_X13        
#   data_width        integral            32    'h5             
#   num_of_stop_bit   integral            32    'h2             
#   baud_rate         integral            32    'h2580          
#   baud_rate_enable  integral            1     'h0             
#   parity_enable     integral            1     'h0             
#   interrupt_enable  integral            1     'h0             
# --------------------------------------------------------------
# 
# UVM_INFO ./../regmodel/uart_reg2ahb_adapter.sv(42) @ 2989608000: reporter [uart_reg2ahb_adapter] bus2reg: address = 0x0 data = 0x1 kind = UVM_WRITE status = UVM_IS_OK
# UVM_INFO /ictc/other/tools/QuestaDVA/questasim/verilog_src/uvm-1.2/src/reg/uvm_reg_predictor.svh(221) @ 2989608000: uvm_test_top.env.ahb_predictor [REG_PREDICT] Observed WRITE transaction to register regmodel.MDR: value='h1 : updated value = 'h1
# UVM_INFO ./../regmodel/uart_reg2ahb_adapter.sv(42) @ 2989608000: reporter [uart_reg2ahb_adapter] bus2reg: address = 0x4 data = 0x21 kind = UVM_WRITE status = UVM_IS_OK
# UVM_INFO /ictc/other/tools/QuestaDVA/questasim/verilog_src/uvm-1.2/src/reg/uvm_reg_predictor.svh(221) @ 2989608000: uvm_test_top.env.ahb_predictor [REG_PREDICT] Observed WRITE transaction to register regmodel.DLL: value='h21 : updated value = 'h21
# UVM_INFO ./../regmodel/uart_reg2ahb_adapter.sv(42) @ 2989608000: reporter [uart_reg2ahb_adapter] bus2reg: address = 0x8 data = 0x3 kind = UVM_WRITE status = UVM_IS_OK
# UVM_INFO /ictc/other/tools/QuestaDVA/questasim/verilog_src/uvm-1.2/src/reg/uvm_reg_predictor.svh(221) @ 2989608000: uvm_test_top.env.ahb_predictor [REG_PREDICT] Observed WRITE transaction to register regmodel.DLH: value='h3 : updated value = 'h3
# UVM_INFO ./../regmodel/uart_reg2ahb_adapter.sv(42) @ 2989609000: reporter [uart_reg2ahb_adapter] bus2reg: address = 0xc data = 0x3c kind = UVM_WRITE status = UVM_IS_OK
# UVM_INFO /ictc/other/tools/QuestaDVA/questasim/verilog_src/uvm-1.2/src/reg/uvm_reg_predictor.svh(221) @ 2989609000: uvm_test_top.env.ahb_predictor [REG_PREDICT] Observed WRITE transaction to register regmodel.LCR: value='h3c : updated value = 'h3c
# UVM_INFO ./../regmodel/uart_reg2ahb_adapter.sv(42) @ 2989609000: reporter [uart_reg2ahb_adapter] bus2reg: address = 0x10 data = 0x8 kind = UVM_WRITE status = UVM_IS_OK
# UVM_INFO /ictc/other/tools/QuestaDVA/questasim/verilog_src/uvm-1.2/src/reg/uvm_reg_predictor.svh(221) @ 2989609000: uvm_test_top.env.ahb_predictor [REG_PREDICT] Observed WRITE transaction to register regmodel.IER: value='h8 : updated value = 'h8
# ===== Received Data from IER =====
# UVM_INFO ./../regmodel/uart_reg2ahb_adapter.sv(42) @ 2989609000: reporter [uart_reg2ahb_adapter] bus2reg: address = 0x14 data = 0x6 kind = UVM_READ status = UVM_IS_OK
# UVM_INFO /ictc/other/tools/QuestaDVA/questasim/verilog_src/uvm-1.2/src/reg/uvm_reg_predictor.svh(225) @ 2989609000: uvm_test_top.env.ahb_predictor [REG_PREDICT] Observed READ transaction to register regmodel.FSR: value='h6
# UVM_ERROR ./../sequences/ahb_rxd_rx_empty_sequence.sv(130) @ 2989619000: uvm_test_top.env.ahb_agt.sequencer@@rx_empty [ahb_rxd_rx_empty_sequence] 
# ===== FAILED!!! RX_EMPTY_STATUS is not right =====
# UVM_INFO ./../regmodel/uart_reg2ahb_adapter.sv(42) @ 2991491000: reporter [uart_reg2ahb_adapter] bus2reg: address = 0x14 data = 0x6 kind = UVM_READ status = UVM_IS_OK
# UVM_INFO /ictc/other/tools/QuestaDVA/questasim/verilog_src/uvm-1.2/src/reg/uvm_reg_predictor.svh(225) @ 2991491000: uvm_test_top.env.ahb_predictor [REG_PREDICT] Observed READ transaction to register regmodel.FSR: value='h6
# UVM_FATAL /ictc/other/tools/QuestaDVA/questasim/verilog_src/uvm-1.2/src/base/uvm_phase.svh(1508) @ 3000000000: reporter [PH_TIMEOUT] Explicit timeout of 3000000000 hit, indicating a probable testbench issue
# UVM_INFO /ictc/other/tools/QuestaDVA/questasim/verilog_src/uvm-1.2/src/base/uvm_report_server.svh(847) @ 3000000000: reporter [UVM/REPORT/SERVER] 
# --- UVM Report Summary ---
# 
# ** Report counts by severity
# UVM_INFO : 3669
# UVM_WARNING :    0
# UVM_ERROR :  243
# UVM_FATAL :    1
# ** Report counts by id
# [NO_DPI_TSTNAME]     1
# [PH_TIMEOUT]     1
# [REG_PREDICT]  1708
# [RNTST]     1
# [UVM/COMP/NAMECHECK]     1
# [UVM/RELNOTES]     1
# [UVMTOP]     1
# [ahb_agent]     1
# [ahb_rxd_rx_empty_sequence]   243
# [dut_scoreboard]     2
# [uart_agent]     1
# [uart_reg2ahb_adapter]  1708
# [uart_rxd_interrupt]   244
# 
# ** Note: $finish    : /ictc/other/tools/QuestaDVA/questasim/verilog_src/uvm-1.2/src/base/uvm_root.svh(135)
#    Time: 3 sec  Iteration: 0  Region: /uvm_pkg::uvm_phase::execute_phase
# End time: 12:33:20 on Aug 07,2026, Elapsed time: 0:02:41
# Errors: 0, Warnings: 14
