# vsim -sv_seed 647922 -voptargs="+acc" -assertdebug -c testbench -do " log -r /*;run -all;" -l uart_txd_x16_random_647922.log "+UVM_TESTNAME=uart_txd_x16_random" "+UVM_VERBOSITY=UVM_HIGH" 
# Start time: 19:54:10 on Aug 03,2026
# Loading /tmp/khaminh_3008@ictc-eda-ldap.ipa.test_dpi_56414/linux_x86_64_gcc-11/export_tramp.so
# ** Note: (vsim-8009) Loading existing optimized design _opt
# //  Questa Sim-64
# //  Version 10.6d_1 linux_x86_64 Apr 11 2018
# //
# //  Copyright 1991-2018 Mentor Graphics Corporation
# //  All Rights Reserved.
# //
# //  QuestaSim and its associated documentation contain trade
# //  secrets and commercial or financial information that are the property of
# //  Mentor Graphics Corporation and are privileged, confidential,
# //  and exempt from disclosure under the Freedom of Information Act,
# //  5 U.S.C. Section 552. Furthermore, this information
# //  is prohibited from disclosure under the Trade Secrets Act,
# //  18 U.S.C. Section 1905.
# //
# Loading sv_std.std
# Loading work.uart_if(fast)
# Loading work.ahb_if(fast)
# Loading work.uvm_pkg(fast)
# Loading work.uart_register_pkg(fast)
# ** Note: (vsim-8785) UVM-aware debugging capabilities will be disabled since no compiled "questa_uvm_pkg" can be found.
# This also means that later if you turn on UVM-aware debugging your debug simulations may have
# different random seeds from your non-debug simulations.
# Loading work.ahb_pkg(fast)
# Loading work.uart_regmodel_pkg(fast)
# Loading work.uart_pkg(fast)
# Loading work.seq_pkg(fast)
# Loading work.env_pkg(fast)
# Loading work.test_pkg(fast)
# Loading work.testbench(fast)
# Loading work.ahb_if(fast)
# Loading work.uart_if(fast)
# Loading work.uart_top(fast)
# Loading work.cmsdk_ahb_to_apb(fast)
# Loading work.apb_decoder(fast)
# Loading work.uart_fifo(fast)
# Loading work.uart_transmitter(fast)
# Loading work.uart_receiver(fast)
# Loading work.uart_interrupt(fast)
# Loading work.baud_generator(fast)
# Compiling /tmp/khaminh_3008@ictc-eda-ldap.ipa.test_dpi_56414/linux_x86_64_gcc-5.3.0/exportwrapper.c
# Compiling /tmp/khaminh_3008@ictc-eda-ldap.ipa.test_dpi_56414/linux_x86_64_gcc-11/exportwrapper.c
# Loading /tmp/khaminh_3008@ictc-eda-ldap.ipa.test_dpi_56414/linux_x86_64_gcc-11/vsim_auto_compile.so
#  log -r /*
# run -all
# UVM_INFO /ictc/other/tools/QuestaDVA/questasim/verilog_src/uvm-1.2/src/base/uvm_root.svh(392) @ 0: reporter [UVM/RELNOTES] 
# ----------------------------------------------------------------
# UVM-1.2
# (C) 2007-2014 Mentor Graphics Corporation
# (C) 2007-2014 Cadence Design Systems, Inc.
# (C) 2006-2014 Synopsys, Inc.
# (C) 2011-2013 Cypress Semiconductor Corp.
# (C) 2013-2014 NVIDIA Corporation
# ----------------------------------------------------------------
# 
#   ***********       IMPORTANT RELEASE NOTES         ************
# 
#   You are using a version of the UVM library that has been compiled
#   with `UVM_NO_DEPRECATED undefined.
#   See http://www.eda.org/svdb/view.php?id=3313 for more details.
# 
#   You are using a version of the UVM library that has been compiled
#   with `UVM_OBJECT_DO_NOT_NEED_CONSTRUCTOR undefined.
#   See http://www.eda.org/svdb/view.php?id=3770 for more details.
# 
#       (Specify +UVM_NO_RELNOTES to turn off this notice)
# 
# UVM_INFO /ictc/other/tools/QuestaDVA/questasim/verilog_src/uvm-1.2/src/base/uvm_root.svh(453) @ 0: reporter [NO_DPI_TSTNAME] UVM_NO_DPI defined--getting UVM_TESTNAME directly, without DPI
# UVM_INFO @ 0: reporter [RNTST] Running test uart_txd_x16_random...
# UVM_INFO ./../vip/ahb_vip/ahb_agent.sv(20) @ 0: uvm_test_top.env.ahb_agt [ahb_agent] Active agent is configued
# UVM_INFO ./../vip/uart_vip/uart_agent.sv(25) @ 0: uvm_test_top.env.uart_agt [uart_agent] Active agent is configured
# UVM_INFO /ictc/other/tools/QuestaDVA/questasim/verilog_src/uvm-1.2/src/base/uvm_root.svh(579) @ 0: reporter [UVMTOP] UVM testbench topology:
# ----------------------------------------------------------------------------
# Name                       Type                                  Size  Value
# ----------------------------------------------------------------------------
# uvm_test_top               uart_txd_x16_random                   -     @347 
#   env                      dut_environment                       -     @371 
#     ahb_agt                ahb_agent                             -     @392 
#       driver               ahb_driver                            -     @499 
#         rsp_port           uvm_analysis_port                     -     @518 
#         seq_item_port      uvm_seq_item_pull_port                -     @508 
#       monitor              ahb_monitor                           -     @665 
#         a_port             uvm_analysis_port                     -     @674 
#       sequencer            ahb_sequencer                         -     @528 
#         rsp_export         uvm_analysis_export                   -     @537 
#         seq_item_export    uvm_seq_item_pull_imp                 -     @655 
#         arbitration_queue  array                                 0     -    
#         lock_queue         array                                 0     -    
#         num_last_reqs      integral                              32    'd1  
#         num_last_rsps      integral                              32    'd1  
#     ahb_predictor          uvm_reg_predictor #(ahb_transaction)  -     @410 
#       bus_in               uvm_analysis_imp                      -     @419 
#       reg_ap               uvm_analysis_port                     -     @429 
#     dut_sb                 dut_scoreboard                        -     @383 
#       ahb_a_export         uvm_analysis_imp_ahb                  -     @694 
#       uart_a_export        uvm_analysis_imp_uart                 -     @704 
#     uart_agt               uart_agent                            -     @401 
#       driver               uart_driver                           -     @720 
#         rsp_port           uvm_analysis_port                     -     @739 
#         seq_item_port      uvm_seq_item_pull_port                -     @729 
#         uart_a_port        uvm_analysis_port                     -     @749 
#       monitor              uart_monitor                          -     @759 
#         uart_a_port        uvm_analysis_port                     -     @768 
#       sequencer            uart_sequencer                        -     @778 
#         rsp_export         uvm_analysis_export                   -     @787 
#         seq_item_export    uvm_seq_item_pull_imp                 -     @905 
#         arbitration_queue  array                                 0     -    
#         lock_queue         array                                 0     -    
#         num_last_reqs      integral                              32    'd1  
#         num_last_rsps      integral                              32    'd1  
# ----------------------------------------------------------------------------
# 
# UVM_INFO /ictc/other/tools/QuestaDVA/questasim/verilog_src/uvm-1.2/src/base/uvm_traversal.svh(279) @ 0: reporter [UVM/COMP/NAMECHECK] This implementation of the component name checks requires DPI to be enabled
# UVM_INFO ./../testcases/uart_txd_x16_random.sv(35) @ 0: uvm_test_top [uart_txd_x16_random] --------------------------------------------------------------
# Name                Type                Size  Value           
# --------------------------------------------------------------
# cfg                 uart_configuration  -     @360            
#   parity_mode       parity_mode_e       32    UART_PARITY_NONE
#   sampling          sampling_mode_e     32    MODE_X16        
#   data_width        integral            32    'h5             
#   num_of_stop_bit   integral            32    'h1             
#   baud_rate         integral            32    'h960           
#   baud_rate_enable  integral            1     'h1             
#   parity_enable     integral            1     'h0             
# --------------------------------------------------------------
# 
# UVM_INFO ./../regmodel/uart_reg2ahb_adapter.sv(42) @ 0: reporter [uart_reg2ahb_adapter] bus2reg: address = 0x0 data = 0x0 kind = UVM_WRITE status = UVM_IS_OK
# UVM_INFO /ictc/other/tools/QuestaDVA/questasim/verilog_src/uvm-1.2/src/reg/uvm_reg_predictor.svh(221) @ 0: uvm_test_top.env.ahb_predictor [REG_PREDICT] Observed WRITE transaction to register regmodel.MDR: value='h0 : updated value = 'h0
# UVM_INFO ./../regmodel/uart_reg2ahb_adapter.sv(42) @ 0: reporter [uart_reg2ahb_adapter] bus2reg: address = 0x4 data = 0x2c kind = UVM_WRITE status = UVM_IS_OK
# UVM_INFO /ictc/other/tools/QuestaDVA/questasim/verilog_src/uvm-1.2/src/reg/uvm_reg_predictor.svh(221) @ 0: uvm_test_top.env.ahb_predictor [REG_PREDICT] Observed WRITE transaction to register regmodel.DLL: value='h2c : updated value = 'h2c
# UVM_INFO ./../regmodel/uart_reg2ahb_adapter.sv(42) @ 0: reporter [uart_reg2ahb_adapter] bus2reg: address = 0x8 data = 0xa kind = UVM_WRITE status = UVM_IS_OK
# UVM_INFO /ictc/other/tools/QuestaDVA/questasim/verilog_src/uvm-1.2/src/reg/uvm_reg_predictor.svh(221) @ 0: uvm_test_top.env.ahb_predictor [REG_PREDICT] Observed WRITE transaction to register regmodel.DLH: value='ha : updated value = 'ha
# UVM_INFO ./../regmodel/uart_reg2ahb_adapter.sv(42) @ 0: reporter [uart_reg2ahb_adapter] bus2reg: address = 0xc data = 0x20 kind = UVM_WRITE status = UVM_IS_OK
# UVM_INFO /ictc/other/tools/QuestaDVA/questasim/verilog_src/uvm-1.2/src/reg/uvm_reg_predictor.svh(221) @ 0: uvm_test_top.env.ahb_predictor [REG_PREDICT] Observed WRITE transaction to register regmodel.LCR: value='h20 : updated value = 'h20
# UVM_INFO ./../regmodel/uart_reg2ahb_adapter.sv(42) @ 1000: reporter [uart_reg2ahb_adapter] bus2reg: address = 0x18 data = 0xebf13041 kind = UVM_WRITE status = UVM_IS_OK
# UVM_INFO /ictc/other/tools/QuestaDVA/questasim/verilog_src/uvm-1.2/src/reg/uvm_reg_predictor.svh(221) @ 1000: uvm_test_top.env.ahb_predictor [REG_PREDICT] Observed WRITE transaction to register regmodel.TBR: value='hebf13041 : updated value = 'h41
# UVM_INFO ./../tb/dut_scoreboard.sv(50) @ 1000: uvm_test_top.env.dut_sb [SCOREBOARD] 
# ===== Captured data from AHB: 0xebf13041
# UVM_INFO ./../vip/uart_vip/uart_monitor.sv(95) @ 886000: uvm_test_top.env.uart_agt.monitor [uart_monitor] 
# ===== Baud rate actual is       2401, Baud rate expected is       2400 =====
# UVM_INFO ./../vip/uart_vip/uart_monitor.sv(181) @ 5467000: uvm_test_top.env.uart_agt.monitor [uart_monitor] Data read from DUT is ------------------------------------------
# Name         Type              Size  Value
# ------------------------------------------
# trans        uart_transaction  -     @952 
#   direction  direction_e       32    RX   
#   data       integral          9     'h1  
#   parity     integral          1     'h0  
#   stop_bit   integral          2     'h1  
#   baud_rate  integral          32    'h0  
# ------------------------------------------
# 
# UVM_INFO ./../tb/dut_scoreboard.sv(58) @ 5467000: uvm_test_top.env.dut_sb [SCOREBOARD] 
# ===== Captured data from UART: 0x1
# UVM_INFO ./../tb/dut_scoreboard.sv(71) @ 5467000: uvm_test_top.env.dut_sb [dut_scoreboard] 
# 
# =====[UART TXD] Data comparison =====
# 
# UVM_INFO ./../tb/dut_scoreboard.sv(79) @ 5467000: uvm_test_top.env.dut_sb [dut_scoreboard] 
# =====[DATA FRAME: 5] PASSED SUCCESSFULLY!!! =====
# UVM_INFO ./../tb/dut_scoreboard.sv(82) @ 5467000: uvm_test_top.env.dut_sb [dut_scoreboard] 
# 
# =====[UART TXD] Parity comparison =====
# 
# UVM_INFO ./../tb/dut_scoreboard.sv(88) @ 5467000: uvm_test_top.env.dut_sb [dut_scoreboard] 
# =====[PARITY MODE: 0] PASSED SUCCESSFULLY!!! =====
# UVM_INFO ./../testcases/uart_txd_x16_random.sv(35) @ 10001000: uvm_test_top [uart_txd_x16_random] --------------------------------------------------------------
# Name                Type                Size  Value           
# --------------------------------------------------------------
# cfg                 uart_configuration  -     @360            
#   parity_mode       parity_mode_e       32    UART_PARITY_NONE
#   sampling          sampling_mode_e     32    MODE_X16        
#   data_width        integral            32    'h5             
#   num_of_stop_bit   integral            32    'h1             
#   baud_rate         integral            32    'h12c0          
#   baud_rate_enable  integral            1     'h1             
#   parity_enable     integral            1     'h0             
# --------------------------------------------------------------
# 
# UVM_INFO ./../regmodel/uart_reg2ahb_adapter.sv(42) @ 10001000: reporter [uart_reg2ahb_adapter] bus2reg: address = 0x0 data = 0x0 kind = UVM_WRITE status = UVM_IS_OK
# UVM_INFO /ictc/other/tools/QuestaDVA/questasim/verilog_src/uvm-1.2/src/reg/uvm_reg_predictor.svh(221) @ 10001000: uvm_test_top.env.ahb_predictor [REG_PREDICT] Observed WRITE transaction to register regmodel.MDR: value='h0 : updated value = 'h0
# UVM_INFO ./../regmodel/uart_reg2ahb_adapter.sv(42) @ 10001000: reporter [uart_reg2ahb_adapter] bus2reg: address = 0x4 data = 0x16 kind = UVM_WRITE status = UVM_IS_OK
# UVM_INFO /ictc/other/tools/QuestaDVA/questasim/verilog_src/uvm-1.2/src/reg/uvm_reg_predictor.svh(221) @ 10001000: uvm_test_top.env.ahb_predictor [REG_PREDICT] Observed WRITE transaction to register regmodel.DLL: value='h16 : updated value = 'h16
# UVM_INFO ./../regmodel/uart_reg2ahb_adapter.sv(42) @ 10001000: reporter [uart_reg2ahb_adapter] bus2reg: address = 0x8 data = 0x5 kind = UVM_WRITE status = UVM_IS_OK
# UVM_INFO /ictc/other/tools/QuestaDVA/questasim/verilog_src/uvm-1.2/src/reg/uvm_reg_predictor.svh(221) @ 10001000: uvm_test_top.env.ahb_predictor [REG_PREDICT] Observed WRITE transaction to register regmodel.DLH: value='h5 : updated value = 'h5
# UVM_INFO ./../regmodel/uart_reg2ahb_adapter.sv(42) @ 10001000: reporter [uart_reg2ahb_adapter] bus2reg: address = 0xc data = 0x20 kind = UVM_WRITE status = UVM_IS_OK
# UVM_INFO /ictc/other/tools/QuestaDVA/questasim/verilog_src/uvm-1.2/src/reg/uvm_reg_predictor.svh(221) @ 10001000: uvm_test_top.env.ahb_predictor [REG_PREDICT] Observed WRITE transaction to register regmodel.LCR: value='h20 : updated value = 'h20
# UVM_INFO ./../regmodel/uart_reg2ahb_adapter.sv(42) @ 10001000: reporter [uart_reg2ahb_adapter] bus2reg: address = 0x18 data = 0x7328b193 kind = UVM_WRITE status = UVM_IS_OK
# UVM_INFO /ictc/other/tools/QuestaDVA/questasim/verilog_src/uvm-1.2/src/reg/uvm_reg_predictor.svh(221) @ 10001000: uvm_test_top.env.ahb_predictor [REG_PREDICT] Observed WRITE transaction to register regmodel.TBR: value='h7328b193 : updated value = 'h93
# UVM_INFO ./../tb/dut_scoreboard.sv(50) @ 10001000: uvm_test_top.env.dut_sb [SCOREBOARD] 
# ===== Captured data from AHB: 0x7328b193
# UVM_INFO ./../vip/uart_vip/uart_monitor.sv(95) @ 10443000: uvm_test_top.env.uart_agt.monitor [uart_monitor] 
# ===== Baud rate actual is       4796, Baud rate expected is       4800 =====
# UVM_INFO ./../vip/uart_vip/uart_monitor.sv(181) @ 12736000: uvm_test_top.env.uart_agt.monitor [uart_monitor] Data read from DUT is ------------------------------------------
# Name         Type              Size  Value
# ------------------------------------------
# trans        uart_transaction  -     @1129
#   direction  direction_e       32    RX   
#   data       integral          9     'h13 
#   parity     integral          1     'h0  
#   stop_bit   integral          2     'h1  
#   baud_rate  integral          32    'h0  
# ------------------------------------------
# 
# UVM_INFO ./../tb/dut_scoreboard.sv(58) @ 12736000: uvm_test_top.env.dut_sb [SCOREBOARD] 
# ===== Captured data from UART: 0x13
# UVM_INFO ./../tb/dut_scoreboard.sv(71) @ 12736000: uvm_test_top.env.dut_sb [dut_scoreboard] 
# 
# =====[UART TXD] Data comparison =====
# 
# UVM_INFO ./../tb/dut_scoreboard.sv(79) @ 12736000: uvm_test_top.env.dut_sb [dut_scoreboard] 
# =====[DATA FRAME: 5] PASSED SUCCESSFULLY!!! =====
# UVM_INFO ./../tb/dut_scoreboard.sv(82) @ 12736000: uvm_test_top.env.dut_sb [dut_scoreboard] 
# 
# =====[UART TXD] Parity comparison =====
# 
# UVM_INFO ./../tb/dut_scoreboard.sv(88) @ 12736000: uvm_test_top.env.dut_sb [dut_scoreboard] 
# =====[PARITY MODE: 0] PASSED SUCCESSFULLY!!! =====
# UVM_INFO ./../testcases/uart_txd_x16_random.sv(35) @ 20001000: uvm_test_top [uart_txd_x16_random] --------------------------------------------------------------
# Name                Type                Size  Value           
# --------------------------------------------------------------
# cfg                 uart_configuration  -     @360            
#   parity_mode       parity_mode_e       32    UART_PARITY_NONE
#   sampling          sampling_mode_e     32    MODE_X16        
#   data_width        integral            32    'h5             
#   num_of_stop_bit   integral            32    'h1             
#   baud_rate         integral            32    'h2580          
#   baud_rate_enable  integral            1     'h1             
#   parity_enable     integral            1     'h0             
# --------------------------------------------------------------
# 
# UVM_INFO ./../regmodel/uart_reg2ahb_adapter.sv(42) @ 20001000: reporter [uart_reg2ahb_adapter] bus2reg: address = 0x0 data = 0x0 kind = UVM_WRITE status = UVM_IS_OK
# UVM_INFO /ictc/other/tools/QuestaDVA/questasim/verilog_src/uvm-1.2/src/reg/uvm_reg_predictor.svh(221) @ 20001000: uvm_test_top.env.ahb_predictor [REG_PREDICT] Observed WRITE transaction to register regmodel.MDR: value='h0 : updated value = 'h0
# UVM_INFO ./../regmodel/uart_reg2ahb_adapter.sv(42) @ 20001000: reporter [uart_reg2ahb_adapter] bus2reg: address = 0x4 data = 0x16 kind = UVM_WRITE status = UVM_IS_OK
# UVM_INFO /ictc/other/tools/QuestaDVA/questasim/verilog_src/uvm-1.2/src/reg/uvm_reg_predictor.svh(221) @ 20001000: uvm_test_top.env.ahb_predictor [REG_PREDICT] Observed WRITE transaction to register regmodel.DLL: value='h16 : updated value = 'h16
# UVM_INFO ./../regmodel/uart_reg2ahb_adapter.sv(42) @ 20001000: reporter [uart_reg2ahb_adapter] bus2reg: address = 0x8 data = 0x5 kind = UVM_WRITE status = UVM_IS_OK
# UVM_INFO /ictc/other/tools/QuestaDVA/questasim/verilog_src/uvm-1.2/src/reg/uvm_reg_predictor.svh(221) @ 20001000: uvm_test_top.env.ahb_predictor [REG_PREDICT] Observed WRITE transaction to register regmodel.DLH: value='h5 : updated value = 'h5
# UVM_INFO ./../regmodel/uart_reg2ahb_adapter.sv(42) @ 20001000: reporter [uart_reg2ahb_adapter] bus2reg: address = 0xc data = 0x20 kind = UVM_WRITE status = UVM_IS_OK
# UVM_INFO /ictc/other/tools/QuestaDVA/questasim/verilog_src/uvm-1.2/src/reg/uvm_reg_predictor.svh(221) @ 20001000: uvm_test_top.env.ahb_predictor [REG_PREDICT] Observed WRITE transaction to register regmodel.LCR: value='h20 : updated value = 'h20
# UVM_INFO ./../regmodel/uart_reg2ahb_adapter.sv(42) @ 20001000: reporter [uart_reg2ahb_adapter] bus2reg: address = 0x18 data = 0x443e5354 kind = UVM_WRITE status = UVM_IS_OK
# UVM_INFO /ictc/other/tools/QuestaDVA/questasim/verilog_src/uvm-1.2/src/reg/uvm_reg_predictor.svh(221) @ 20001000: uvm_test_top.env.ahb_predictor [REG_PREDICT] Observed WRITE transaction to register regmodel.TBR: value='h443e5354 : updated value = 'h54
# UVM_INFO ./../tb/dut_scoreboard.sv(50) @ 20001000: uvm_test_top.env.dut_sb [SCOREBOARD] 
# ===== Captured data from AHB: 0x443e5354
# UVM_INFO ./../vip/uart_vip/uart_monitor.sv(95) @ 21275000: uvm_test_top.env.uart_agt.monitor [uart_monitor] 
# ===== Baud rate actual is       1600, Baud rate expected is       9600 =====
# UVM_INFO ./../vip/uart_vip/uart_monitor.sv(181) @ 21377000: uvm_test_top.env.uart_agt.monitor [uart_monitor] Data read from DUT is ------------------------------------------
# Name         Type              Size  Value
# ------------------------------------------
# trans        uart_transaction  -     @1263
#   direction  direction_e       32    RX   
#   data       integral          9     'h0  
#   parity     integral          1     'h0  
#   stop_bit   integral          2     'h1  
#   baud_rate  integral          32    'h0  
# ------------------------------------------
# 
# UVM_INFO ./../tb/dut_scoreboard.sv(58) @ 21377000: uvm_test_top.env.dut_sb [SCOREBOARD] 
# ===== Captured data from UART: 0x0
# UVM_INFO ./../tb/dut_scoreboard.sv(71) @ 21377000: uvm_test_top.env.dut_sb [dut_scoreboard] 
# 
# =====[UART TXD] Data comparison =====
# 
# UVM_ERROR ./../tb/dut_scoreboard.sv(76) @ 21377000: uvm_test_top.env.dut_sb [dut_scoreboard] 
# =====[DATA FRAME: 5] FAILED!!! Expected value is 0x14, Actual data is 0x0 =====
# UVM_INFO ./../tb/dut_scoreboard.sv(82) @ 21377000: uvm_test_top.env.dut_sb [dut_scoreboard] 
# 
# =====[UART TXD] Parity comparison =====
# 
# UVM_INFO ./../tb/dut_scoreboard.sv(88) @ 21377000: uvm_test_top.env.dut_sb [dut_scoreboard] 
# =====[PARITY MODE: 0] PASSED SUCCESSFULLY!!! =====
# UVM_INFO ./../vip/uart_vip/uart_monitor.sv(181) @ 23044000: uvm_test_top.env.uart_agt.monitor [uart_monitor] Data read from DUT is ------------------------------------------
# Name         Type              Size  Value
# ------------------------------------------
# trans        uart_transaction  -     @1397
#   direction  direction_e       32    RX   
#   data       integral          9     'h1e 
#   parity     integral          1     'h0  
#   stop_bit   integral          2     'h1  
#   baud_rate  integral          32    'h0  
# ------------------------------------------
# 
# UVM_INFO ./../tb/dut_scoreboard.sv(58) @ 23044000: uvm_test_top.env.dut_sb [SCOREBOARD] 
# ===== Captured data from UART: 0x1e
# UVM_INFO ./../testcases/uart_txd_x16_random.sv(35) @ 30001000: uvm_test_top [uart_txd_x16_random] --------------------------------------------------------------
# Name                Type                Size  Value           
# --------------------------------------------------------------
# cfg                 uart_configuration  -     @360            
#   parity_mode       parity_mode_e       32    UART_PARITY_NONE
#   sampling          sampling_mode_e     32    MODE_X16        
#   data_width        integral            32    'h5             
#   num_of_stop_bit   integral            32    'h1             
#   baud_rate         integral            32    'h4b00          
#   baud_rate_enable  integral            1     'h1             
#   parity_enable     integral            1     'h0             
# --------------------------------------------------------------
# 
# UVM_INFO ./../regmodel/uart_reg2ahb_adapter.sv(42) @ 30001000: reporter [uart_reg2ahb_adapter] bus2reg: address = 0x0 data = 0x0 kind = UVM_WRITE status = UVM_IS_OK
# UVM_INFO /ictc/other/tools/QuestaDVA/questasim/verilog_src/uvm-1.2/src/reg/uvm_reg_predictor.svh(221) @ 30001000: uvm_test_top.env.ahb_predictor [REG_PREDICT] Observed WRITE transaction to register regmodel.MDR: value='h0 : updated value = 'h0
# UVM_INFO ./../regmodel/uart_reg2ahb_adapter.sv(42) @ 30001000: reporter [uart_reg2ahb_adapter] bus2reg: address = 0x4 data = 0x45 kind = UVM_WRITE status = UVM_IS_OK
# UVM_INFO /ictc/other/tools/QuestaDVA/questasim/verilog_src/uvm-1.2/src/reg/uvm_reg_predictor.svh(221) @ 30001000: uvm_test_top.env.ahb_predictor [REG_PREDICT] Observed WRITE transaction to register regmodel.DLL: value='h45 : updated value = 'h45
# UVM_INFO ./../regmodel/uart_reg2ahb_adapter.sv(42) @ 30002000: reporter [uart_reg2ahb_adapter] bus2reg: address = 0x8 data = 0x1 kind = UVM_WRITE status = UVM_IS_OK
# UVM_INFO /ictc/other/tools/QuestaDVA/questasim/verilog_src/uvm-1.2/src/reg/uvm_reg_predictor.svh(221) @ 30002000: uvm_test_top.env.ahb_predictor [REG_PREDICT] Observed WRITE transaction to register regmodel.DLH: value='h1 : updated value = 'h1
# UVM_INFO ./../regmodel/uart_reg2ahb_adapter.sv(42) @ 30002000: reporter [uart_reg2ahb_adapter] bus2reg: address = 0xc data = 0x20 kind = UVM_WRITE status = UVM_IS_OK
# UVM_INFO /ictc/other/tools/QuestaDVA/questasim/verilog_src/uvm-1.2/src/reg/uvm_reg_predictor.svh(221) @ 30002000: uvm_test_top.env.ahb_predictor [REG_PREDICT] Observed WRITE transaction to register regmodel.LCR: value='h20 : updated value = 'h20
# UVM_INFO ./../regmodel/uart_reg2ahb_adapter.sv(42) @ 30002000: reporter [uart_reg2ahb_adapter] bus2reg: address = 0x18 data = 0x6cdbae62 kind = UVM_WRITE status = UVM_IS_OK
# UVM_INFO /ictc/other/tools/QuestaDVA/questasim/verilog_src/uvm-1.2/src/reg/uvm_reg_predictor.svh(221) @ 30002000: uvm_test_top.env.ahb_predictor [REG_PREDICT] Observed WRITE transaction to register regmodel.TBR: value='h6cdbae62 : updated value = 'h62
# UVM_INFO ./../tb/dut_scoreboard.sv(50) @ 30002000: uvm_test_top.env.dut_sb [SCOREBOARD] 
# ===== Captured data from AHB: 0x6cdbae62
# UVM_INFO ./../tb/dut_scoreboard.sv(71) @ 30002000: uvm_test_top.env.dut_sb [dut_scoreboard] 
# 
# =====[UART TXD] Data comparison =====
# 
# UVM_ERROR ./../tb/dut_scoreboard.sv(76) @ 30002000: uvm_test_top.env.dut_sb [dut_scoreboard] 
# =====[DATA FRAME: 5] FAILED!!! Expected value is 0x2, Actual data is 0x1e =====
# UVM_INFO ./../tb/dut_scoreboard.sv(82) @ 30002000: uvm_test_top.env.dut_sb [dut_scoreboard] 
# 
# =====[UART TXD] Parity comparison =====
# 
# UVM_INFO ./../tb/dut_scoreboard.sv(88) @ 30002000: uvm_test_top.env.dut_sb [dut_scoreboard] 
# =====[PARITY MODE: 0] PASSED SUCCESSFULLY!!! =====
# UVM_INFO ./../vip/uart_vip/uart_monitor.sv(95) @ 30213000: uvm_test_top.env.uart_agt.monitor [uart_monitor] 
# ===== Baud rate actual is       9615, Baud rate expected is      19200 =====
# UVM_INFO ./../vip/uart_vip/uart_monitor.sv(181) @ 30681000: uvm_test_top.env.uart_agt.monitor [uart_monitor] Data read from DUT is ------------------------------------------
# Name         Type              Size  Value
# ------------------------------------------
# trans        uart_transaction  -     @1405
#   direction  direction_e       32    RX   
#   data       integral          9     'h2  
#   parity     integral          1     'h0  
#   stop_bit   integral          2     'h1  
#   baud_rate  integral          32    'h0  
# ------------------------------------------
# 
# UVM_INFO ./../tb/dut_scoreboard.sv(58) @ 30681000: uvm_test_top.env.dut_sb [SCOREBOARD] 
# ===== Captured data from UART: 0x2
# UVM_INFO ./../testcases/uart_txd_x16_random.sv(35) @ 40002000: uvm_test_top [uart_txd_x16_random] --------------------------------------------------------------
# Name                Type                Size  Value           
# --------------------------------------------------------------
# cfg                 uart_configuration  -     @360            
#   parity_mode       parity_mode_e       32    UART_PARITY_NONE
#   sampling          sampling_mode_e     32    MODE_X16        
#   data_width        integral            32    'h5             
#   num_of_stop_bit   integral            32    'h1             
#   baud_rate         integral            32    'h9600          
#   baud_rate_enable  integral            1     'h1             
#   parity_enable     integral            1     'h0             
# --------------------------------------------------------------
# 
# UVM_INFO ./../regmodel/uart_reg2ahb_adapter.sv(42) @ 40002000: reporter [uart_reg2ahb_adapter] bus2reg: address = 0x0 data = 0x0 kind = UVM_WRITE status = UVM_IS_OK
# UVM_INFO /ictc/other/tools/QuestaDVA/questasim/verilog_src/uvm-1.2/src/reg/uvm_reg_predictor.svh(221) @ 40002000: uvm_test_top.env.ahb_predictor [REG_PREDICT] Observed WRITE transaction to register regmodel.MDR: value='h0 : updated value = 'h0
# UVM_INFO ./../regmodel/uart_reg2ahb_adapter.sv(42) @ 40002000: reporter [uart_reg2ahb_adapter] bus2reg: address = 0x4 data = 0xa4 kind = UVM_WRITE status = UVM_IS_OK
# UVM_INFO /ictc/other/tools/QuestaDVA/questasim/verilog_src/uvm-1.2/src/reg/uvm_reg_predictor.svh(221) @ 40002000: uvm_test_top.env.ahb_predictor [REG_PREDICT] Observed WRITE transaction to register regmodel.DLL: value='ha4 : updated value = 'ha4
# UVM_INFO ./../regmodel/uart_reg2ahb_adapter.sv(42) @ 40002000: reporter [uart_reg2ahb_adapter] bus2reg: address = 0x8 data = 0x0 kind = UVM_WRITE status = UVM_IS_OK
# UVM_INFO /ictc/other/tools/QuestaDVA/questasim/verilog_src/uvm-1.2/src/reg/uvm_reg_predictor.svh(221) @ 40002000: uvm_test_top.env.ahb_predictor [REG_PREDICT] Observed WRITE transaction to register regmodel.DLH: value='h0 : updated value = 'h0
# UVM_INFO ./../regmodel/uart_reg2ahb_adapter.sv(42) @ 40002000: reporter [uart_reg2ahb_adapter] bus2reg: address = 0xc data = 0x20 kind = UVM_WRITE status = UVM_IS_OK
# UVM_INFO /ictc/other/tools/QuestaDVA/questasim/verilog_src/uvm-1.2/src/reg/uvm_reg_predictor.svh(221) @ 40002000: uvm_test_top.env.ahb_predictor [REG_PREDICT] Observed WRITE transaction to register regmodel.LCR: value='h20 : updated value = 'h20
# UVM_INFO ./../regmodel/uart_reg2ahb_adapter.sv(42) @ 40002000: reporter [uart_reg2ahb_adapter] bus2reg: address = 0x18 data = 0xee05ec9 kind = UVM_WRITE status = UVM_IS_OK
# UVM_INFO /ictc/other/tools/QuestaDVA/questasim/verilog_src/uvm-1.2/src/reg/uvm_reg_predictor.svh(221) @ 40002000: uvm_test_top.env.ahb_predictor [REG_PREDICT] Observed WRITE transaction to register regmodel.TBR: value='hee05ec9 : updated value = 'hc9
# UVM_INFO ./../tb/dut_scoreboard.sv(50) @ 40002000: uvm_test_top.env.dut_sb [SCOREBOARD] 
# ===== Captured data from AHB: 0xee05ec9
# UVM_INFO ./../tb/dut_scoreboard.sv(71) @ 40002000: uvm_test_top.env.dut_sb [dut_scoreboard] 
# 
# =====[UART TXD] Data comparison =====
# 
# UVM_ERROR ./../tb/dut_scoreboard.sv(76) @ 40002000: uvm_test_top.env.dut_sb [dut_scoreboard] 
# =====[DATA FRAME: 5] FAILED!!! Expected value is 0x9, Actual data is 0x2 =====
# UVM_INFO ./../tb/dut_scoreboard.sv(82) @ 40002000: uvm_test_top.env.dut_sb [dut_scoreboard] 
# 
# =====[UART TXD] Parity comparison =====
# 
# UVM_INFO ./../tb/dut_scoreboard.sv(88) @ 40002000: uvm_test_top.env.dut_sb [dut_scoreboard] 
# =====[PARITY MODE: 0] PASSED SUCCESSFULLY!!! =====
# UVM_INFO ./../vip/uart_vip/uart_monitor.sv(95) @ 41362000: uvm_test_top.env.uart_agt.monitor [uart_monitor] 
# ===== Baud rate actual is      38462, Baud rate expected is      38400 =====
# UVM_INFO ./../vip/uart_vip/uart_monitor.sv(181) @ 41648000: uvm_test_top.env.uart_agt.monitor [uart_monitor] Data read from DUT is ------------------------------------------
# Name         Type              Size  Value
# ------------------------------------------
# trans        uart_transaction  -     @1539
#   direction  direction_e       32    RX   
#   data       integral          9     'h9  
#   parity     integral          1     'h0  
#   stop_bit   integral          2     'h1  
#   baud_rate  integral          32    'h0  
# ------------------------------------------
# 
# UVM_INFO ./../tb/dut_scoreboard.sv(58) @ 41648000: uvm_test_top.env.dut_sb [SCOREBOARD] 
# ===== Captured data from UART: 0x9
# UVM_INFO ./../testcases/uart_txd_x16_random.sv(35) @ 50002000: uvm_test_top [uart_txd_x16_random] --------------------------------------------------------------
# Name                Type                Size  Value           
# --------------------------------------------------------------
# cfg                 uart_configuration  -     @360            
#   parity_mode       parity_mode_e       32    UART_PARITY_NONE
#   sampling          sampling_mode_e     32    MODE_X16        
#   data_width        integral            32    'h5             
#   num_of_stop_bit   integral            32    'h1             
#   baud_rate         integral            32    'h12c00         
#   baud_rate_enable  integral            1     'h1             
#   parity_enable     integral            1     'h0             
# --------------------------------------------------------------
# 
# UVM_INFO ./../regmodel/uart_reg2ahb_adapter.sv(42) @ 50002000: reporter [uart_reg2ahb_adapter] bus2reg: address = 0x0 data = 0x0 kind = UVM_WRITE status = UVM_IS_OK
# UVM_INFO /ictc/other/tools/QuestaDVA/questasim/verilog_src/uvm-1.2/src/reg/uvm_reg_predictor.svh(221) @ 50002000: uvm_test_top.env.ahb_predictor [REG_PREDICT] Observed WRITE transaction to register regmodel.MDR: value='h0 : updated value = 'h0
# UVM_INFO ./../regmodel/uart_reg2ahb_adapter.sv(42) @ 50002000: reporter [uart_reg2ahb_adapter] bus2reg: address = 0x4 data = 0x51 kind = UVM_WRITE status = UVM_IS_OK
# UVM_INFO /ictc/other/tools/QuestaDVA/questasim/verilog_src/uvm-1.2/src/reg/uvm_reg_predictor.svh(221) @ 50002000: uvm_test_top.env.ahb_predictor [REG_PREDICT] Observed WRITE transaction to register regmodel.DLL: value='h51 : updated value = 'h51
# UVM_INFO ./../regmodel/uart_reg2ahb_adapter.sv(42) @ 50002000: reporter [uart_reg2ahb_adapter] bus2reg: address = 0x8 data = 0x0 kind = UVM_WRITE status = UVM_IS_OK
# UVM_INFO /ictc/other/tools/QuestaDVA/questasim/verilog_src/uvm-1.2/src/reg/uvm_reg_predictor.svh(221) @ 50002000: uvm_test_top.env.ahb_predictor [REG_PREDICT] Observed WRITE transaction to register regmodel.DLH: value='h0 : updated value = 'h0
# UVM_INFO ./../regmodel/uart_reg2ahb_adapter.sv(42) @ 50002000: reporter [uart_reg2ahb_adapter] bus2reg: address = 0xc data = 0x20 kind = UVM_WRITE status = UVM_IS_OK
# UVM_INFO /ictc/other/tools/QuestaDVA/questasim/verilog_src/uvm-1.2/src/reg/uvm_reg_predictor.svh(221) @ 50002000: uvm_test_top.env.ahb_predictor [REG_PREDICT] Observed WRITE transaction to register regmodel.LCR: value='h20 : updated value = 'h20
# UVM_INFO ./../regmodel/uart_reg2ahb_adapter.sv(42) @ 50003000: reporter [uart_reg2ahb_adapter] bus2reg: address = 0x18 data = 0xde2b5131 kind = UVM_WRITE status = UVM_IS_OK
# UVM_INFO /ictc/other/tools/QuestaDVA/questasim/verilog_src/uvm-1.2/src/reg/uvm_reg_predictor.svh(221) @ 50003000: uvm_test_top.env.ahb_predictor [REG_PREDICT] Observed WRITE transaction to register regmodel.TBR: value='hde2b5131 : updated value = 'h31
# UVM_INFO ./../tb/dut_scoreboard.sv(50) @ 50003000: uvm_test_top.env.dut_sb [SCOREBOARD] 
# ===== Captured data from AHB: 0xde2b5131
# UVM_INFO ./../tb/dut_scoreboard.sv(71) @ 50003000: uvm_test_top.env.dut_sb [dut_scoreboard] 
# 
# =====[UART TXD] Data comparison =====
# 
# UVM_ERROR ./../tb/dut_scoreboard.sv(76) @ 50003000: uvm_test_top.env.dut_sb [dut_scoreboard] 
# =====[DATA FRAME: 5] FAILED!!! Expected value is 0x11, Actual data is 0x9 =====
# UVM_INFO ./../tb/dut_scoreboard.sv(82) @ 50003000: uvm_test_top.env.dut_sb [dut_scoreboard] 
# 
# =====[UART TXD] Parity comparison =====
# 
# UVM_INFO ./../tb/dut_scoreboard.sv(88) @ 50003000: uvm_test_top.env.dut_sb [dut_scoreboard] 
# =====[PARITY MODE: 0] PASSED SUCCESSFULLY!!! =====
# UVM_INFO ./../vip/uart_vip/uart_monitor.sv(95) @ 50029000: uvm_test_top.env.uart_agt.monitor [uart_monitor] 
# ===== Baud rate actual is      76923, Baud rate expected is      76800 =====
# UVM_INFO ./../vip/uart_vip/uart_monitor.sv(181) @ 50172000: uvm_test_top.env.uart_agt.monitor [uart_monitor] Data read from DUT is ------------------------------------------
# Name         Type              Size  Value
# ------------------------------------------
# trans        uart_transaction  -     @1673
#   direction  direction_e       32    RX   
#   data       integral          9     'h11 
#   parity     integral          1     'h0  
#   stop_bit   integral          2     'h1  
#   baud_rate  integral          32    'h0  
# ------------------------------------------
# 
# UVM_INFO ./../tb/dut_scoreboard.sv(58) @ 50172000: uvm_test_top.env.dut_sb [SCOREBOARD] 
# ===== Captured data from UART: 0x11
# UVM_INFO ./../testcases/uart_txd_x16_random.sv(35) @ 60003000: uvm_test_top [uart_txd_x16_random] --------------------------------------------------------------
# Name                Type                Size  Value           
# --------------------------------------------------------------
# cfg                 uart_configuration  -     @360            
#   parity_mode       parity_mode_e       32    UART_PARITY_NONE
#   sampling          sampling_mode_e     32    MODE_X16        
#   data_width        integral            32    'h5             
#   num_of_stop_bit   integral            32    'h1             
#   baud_rate         integral            32    'h1c200         
#   baud_rate_enable  integral            1     'h1             
#   parity_enable     integral            1     'h0             
# --------------------------------------------------------------
# 
# UVM_INFO ./../regmodel/uart_reg2ahb_adapter.sv(42) @ 60003000: reporter [uart_reg2ahb_adapter] bus2reg: address = 0x0 data = 0x0 kind = UVM_WRITE status = UVM_IS_OK
# UVM_INFO /ictc/other/tools/QuestaDVA/questasim/verilog_src/uvm-1.2/src/reg/uvm_reg_predictor.svh(221) @ 60003000: uvm_test_top.env.ahb_predictor [REG_PREDICT] Observed WRITE transaction to register regmodel.MDR: value='h0 : updated value = 'h0
# UVM_INFO ./../regmodel/uart_reg2ahb_adapter.sv(42) @ 60003000: reporter [uart_reg2ahb_adapter] bus2reg: address = 0x4 data = 0x36 kind = UVM_WRITE status = UVM_IS_OK
# UVM_INFO /ictc/other/tools/QuestaDVA/questasim/verilog_src/uvm-1.2/src/reg/uvm_reg_predictor.svh(221) @ 60003000: uvm_test_top.env.ahb_predictor [REG_PREDICT] Observed WRITE transaction to register regmodel.DLL: value='h36 : updated value = 'h36
# UVM_INFO ./../regmodel/uart_reg2ahb_adapter.sv(42) @ 60003000: reporter [uart_reg2ahb_adapter] bus2reg: address = 0x8 data = 0x0 kind = UVM_WRITE status = UVM_IS_OK
# UVM_INFO /ictc/other/tools/QuestaDVA/questasim/verilog_src/uvm-1.2/src/reg/uvm_reg_predictor.svh(221) @ 60003000: uvm_test_top.env.ahb_predictor [REG_PREDICT] Observed WRITE transaction to register regmodel.DLH: value='h0 : updated value = 'h0
# UVM_INFO ./../regmodel/uart_reg2ahb_adapter.sv(42) @ 60003000: reporter [uart_reg2ahb_adapter] bus2reg: address = 0xc data = 0x20 kind = UVM_WRITE status = UVM_IS_OK
# UVM_INFO /ictc/other/tools/QuestaDVA/questasim/verilog_src/uvm-1.2/src/reg/uvm_reg_predictor.svh(221) @ 60003000: uvm_test_top.env.ahb_predictor [REG_PREDICT] Observed WRITE transaction to register regmodel.LCR: value='h20 : updated value = 'h20
# UVM_INFO ./../regmodel/uart_reg2ahb_adapter.sv(42) @ 60003000: reporter [uart_reg2ahb_adapter] bus2reg: address = 0x18 data = 0x93776492 kind = UVM_WRITE status = UVM_IS_OK
# UVM_INFO /ictc/other/tools/QuestaDVA/questasim/verilog_src/uvm-1.2/src/reg/uvm_reg_predictor.svh(221) @ 60003000: uvm_test_top.env.ahb_predictor [REG_PREDICT] Observed WRITE transaction to register regmodel.TBR: value='h93776492 : updated value = 'h92
# UVM_INFO ./../tb/dut_scoreboard.sv(50) @ 60003000: uvm_test_top.env.dut_sb [SCOREBOARD] 
# ===== Captured data from AHB: 0x93776492
# UVM_INFO ./../tb/dut_scoreboard.sv(71) @ 60003000: uvm_test_top.env.dut_sb [dut_scoreboard] 
# 
# =====[UART TXD] Data comparison =====
# 
# UVM_ERROR ./../tb/dut_scoreboard.sv(76) @ 60003000: uvm_test_top.env.dut_sb [dut_scoreboard] 
# =====[DATA FRAME: 5] FAILED!!! Expected value is 0x12, Actual data is 0x11 =====
# UVM_INFO ./../tb/dut_scoreboard.sv(82) @ 60003000: uvm_test_top.env.dut_sb [dut_scoreboard] 
# 
# =====[UART TXD] Parity comparison =====
# 
# UVM_INFO ./../tb/dut_scoreboard.sv(88) @ 60003000: uvm_test_top.env.dut_sb [dut_scoreboard] 
# =====[PARITY MODE: 0] PASSED SUCCESSFULLY!!! =====
# UVM_INFO ./../vip/uart_vip/uart_monitor.sv(95) @ 60039000: uvm_test_top.env.uart_agt.monitor [uart_monitor] 
# ===== Baud rate actual is      57143, Baud rate expected is     115200 =====
# UVM_INFO ./../vip/uart_vip/uart_monitor.sv(181) @ 60115000: uvm_test_top.env.uart_agt.monitor [uart_monitor] Data read from DUT is ------------------------------------------
# Name         Type              Size  Value
# ------------------------------------------
# trans        uart_transaction  -     @1807
#   direction  direction_e       32    RX   
#   data       integral          9     'h12 
#   parity     integral          1     'h0  
#   stop_bit   integral          2     'h1  
#   baud_rate  integral          32    'h0  
# ------------------------------------------
# 
# UVM_INFO ./../tb/dut_scoreboard.sv(58) @ 60115000: uvm_test_top.env.dut_sb [SCOREBOARD] 
# ===== Captured data from UART: 0x12
# UVM_INFO ./../testcases/uart_txd_x16_random.sv(35) @ 70003000: uvm_test_top [uart_txd_x16_random] --------------------------------------------------------------
# Name                Type                Size  Value           
# --------------------------------------------------------------
# cfg                 uart_configuration  -     @360            
#   parity_mode       parity_mode_e       32    UART_PARITY_NONE
#   sampling          sampling_mode_e     32    MODE_X16        
#   data_width        integral            32    'h5             
#   num_of_stop_bit   integral            32    'h2             
#   baud_rate         integral            32    'h960           
#   baud_rate_enable  integral            1     'h1             
#   parity_enable     integral            1     'h0             
# --------------------------------------------------------------
# 
# UVM_INFO ./../regmodel/uart_reg2ahb_adapter.sv(42) @ 70003000: reporter [uart_reg2ahb_adapter] bus2reg: address = 0x0 data = 0x0 kind = UVM_WRITE status = UVM_IS_OK
# UVM_INFO /ictc/other/tools/QuestaDVA/questasim/verilog_src/uvm-1.2/src/reg/uvm_reg_predictor.svh(221) @ 70003000: uvm_test_top.env.ahb_predictor [REG_PREDICT] Observed WRITE transaction to register regmodel.MDR: value='h0 : updated value = 'h0
# UVM_INFO ./../regmodel/uart_reg2ahb_adapter.sv(42) @ 70003000: reporter [uart_reg2ahb_adapter] bus2reg: address = 0x4 data = 0x2c kind = UVM_WRITE status = UVM_IS_OK
# UVM_INFO /ictc/other/tools/QuestaDVA/questasim/verilog_src/uvm-1.2/src/reg/uvm_reg_predictor.svh(221) @ 70003000: uvm_test_top.env.ahb_predictor [REG_PREDICT] Observed WRITE transaction to register regmodel.DLL: value='h2c : updated value = 'h2c
# UVM_INFO ./../regmodel/uart_reg2ahb_adapter.sv(42) @ 70003000: reporter [uart_reg2ahb_adapter] bus2reg: address = 0x8 data = 0xa kind = UVM_WRITE status = UVM_IS_OK
# UVM_INFO /ictc/other/tools/QuestaDVA/questasim/verilog_src/uvm-1.2/src/reg/uvm_reg_predictor.svh(221) @ 70003000: uvm_test_top.env.ahb_predictor [REG_PREDICT] Observed WRITE transaction to register regmodel.DLH: value='ha : updated value = 'ha
# UVM_INFO ./../regmodel/uart_reg2ahb_adapter.sv(42) @ 70003000: reporter [uart_reg2ahb_adapter] bus2reg: address = 0xc data = 0x24 kind = UVM_WRITE status = UVM_IS_OK
# UVM_INFO /ictc/other/tools/QuestaDVA/questasim/verilog_src/uvm-1.2/src/reg/uvm_reg_predictor.svh(221) @ 70003000: uvm_test_top.env.ahb_predictor [REG_PREDICT] Observed WRITE transaction to register regmodel.LCR: value='h24 : updated value = 'h24
# UVM_INFO ./../regmodel/uart_reg2ahb_adapter.sv(42) @ 70003000: reporter [uart_reg2ahb_adapter] bus2reg: address = 0x18 data = 0x5aa44368 kind = UVM_WRITE status = UVM_IS_OK
# UVM_INFO /ictc/other/tools/QuestaDVA/questasim/verilog_src/uvm-1.2/src/reg/uvm_reg_predictor.svh(221) @ 70003000: uvm_test_top.env.ahb_predictor [REG_PREDICT] Observed WRITE transaction to register regmodel.TBR: value='h5aa44368 : updated value = 'h68
# UVM_INFO ./../tb/dut_scoreboard.sv(50) @ 70003000: uvm_test_top.env.dut_sb [SCOREBOARD] 
# ===== Captured data from AHB: 0x5aa44368
# UVM_INFO ./../tb/dut_scoreboard.sv(71) @ 70003000: uvm_test_top.env.dut_sb [dut_scoreboard] 
# 
# =====[UART TXD] Data comparison =====
# 
# UVM_ERROR ./../tb/dut_scoreboard.sv(76) @ 70003000: uvm_test_top.env.dut_sb [dut_scoreboard] 
# =====[DATA FRAME: 5] FAILED!!! Expected value is 0x8, Actual data is 0x12 =====
# UVM_INFO ./../tb/dut_scoreboard.sv(82) @ 70003000: uvm_test_top.env.dut_sb [dut_scoreboard] 
# 
# =====[UART TXD] Parity comparison =====
# 
# UVM_INFO ./../tb/dut_scoreboard.sv(88) @ 70003000: uvm_test_top.env.dut_sb [dut_scoreboard] 
# =====[PARITY MODE: 0] PASSED SUCCESSFULLY!!! =====
# UVM_INFO ./../vip/uart_vip/uart_monitor.sv(95) @ 73388000: uvm_test_top.env.uart_agt.monitor [uart_monitor] 
# ===== Baud rate actual is        600, Baud rate expected is       2400 =====
# UVM_INFO ./../vip/uart_vip/uart_monitor.sv(181) @ 76302000: uvm_test_top.env.uart_agt.monitor [uart_monitor] Data read from DUT is ------------------------------------------
# Name         Type              Size  Value
# ------------------------------------------
# trans        uart_transaction  -     @1941
#   direction  direction_e       32    RX   
#   data       integral          9     'h8  
#   parity     integral          1     'h0  
#   stop_bit   integral          2     'h1  
#   baud_rate  integral          32    'h0  
# ------------------------------------------
# 
# UVM_INFO ./../tb/dut_scoreboard.sv(58) @ 76302000: uvm_test_top.env.dut_sb [SCOREBOARD] 
# ===== Captured data from UART: 0x8
# UVM_INFO ./../testcases/uart_txd_x16_random.sv(35) @ 80003000: uvm_test_top [uart_txd_x16_random] --------------------------------------------------------------
# Name                Type                Size  Value           
# --------------------------------------------------------------
# cfg                 uart_configuration  -     @360            
#   parity_mode       parity_mode_e       32    UART_PARITY_NONE
#   sampling          sampling_mode_e     32    MODE_X16        
#   data_width        integral            32    'h5             
#   num_of_stop_bit   integral            32    'h2             
#   baud_rate         integral            32    'h12c0          
#   baud_rate_enable  integral            1     'h1             
#   parity_enable     integral            1     'h0             
# --------------------------------------------------------------
# 
# UVM_INFO ./../regmodel/uart_reg2ahb_adapter.sv(42) @ 80003000: reporter [uart_reg2ahb_adapter] bus2reg: address = 0x0 data = 0x0 kind = UVM_WRITE status = UVM_IS_OK
# UVM_INFO /ictc/other/tools/QuestaDVA/questasim/verilog_src/uvm-1.2/src/reg/uvm_reg_predictor.svh(221) @ 80003000: uvm_test_top.env.ahb_predictor [REG_PREDICT] Observed WRITE transaction to register regmodel.MDR: value='h0 : updated value = 'h0
# UVM_INFO ./../regmodel/uart_reg2ahb_adapter.sv(42) @ 80003000: reporter [uart_reg2ahb_adapter] bus2reg: address = 0x4 data = 0x16 kind = UVM_WRITE status = UVM_IS_OK
# UVM_INFO /ictc/other/tools/QuestaDVA/questasim/verilog_src/uvm-1.2/src/reg/uvm_reg_predictor.svh(221) @ 80003000: uvm_test_top.env.ahb_predictor [REG_PREDICT] Observed WRITE transaction to register regmodel.DLL: value='h16 : updated value = 'h16
# UVM_INFO ./../regmodel/uart_reg2ahb_adapter.sv(42) @ 80004000: reporter [uart_reg2ahb_adapter] bus2reg: address = 0x8 data = 0x5 kind = UVM_WRITE status = UVM_IS_OK
# UVM_INFO /ictc/other/tools/QuestaDVA/questasim/verilog_src/uvm-1.2/src/reg/uvm_reg_predictor.svh(221) @ 80004000: uvm_test_top.env.ahb_predictor [REG_PREDICT] Observed WRITE transaction to register regmodel.DLH: value='h5 : updated value = 'h5
# UVM_INFO ./../regmodel/uart_reg2ahb_adapter.sv(42) @ 80004000: reporter [uart_reg2ahb_adapter] bus2reg: address = 0xc data = 0x24 kind = UVM_WRITE status = UVM_IS_OK
# UVM_INFO /ictc/other/tools/QuestaDVA/questasim/verilog_src/uvm-1.2/src/reg/uvm_reg_predictor.svh(221) @ 80004000: uvm_test_top.env.ahb_predictor [REG_PREDICT] Observed WRITE transaction to register regmodel.LCR: value='h24 : updated value = 'h24
# UVM_INFO ./../regmodel/uart_reg2ahb_adapter.sv(42) @ 80004000: reporter [uart_reg2ahb_adapter] bus2reg: address = 0x18 data = 0x59d880b4 kind = UVM_WRITE status = UVM_IS_OK
# UVM_INFO /ictc/other/tools/QuestaDVA/questasim/verilog_src/uvm-1.2/src/reg/uvm_reg_predictor.svh(221) @ 80004000: uvm_test_top.env.ahb_predictor [REG_PREDICT] Observed WRITE transaction to register regmodel.TBR: value='h59d880b4 : updated value = 'hb4
# UVM_INFO ./../tb/dut_scoreboard.sv(50) @ 80004000: uvm_test_top.env.dut_sb [SCOREBOARD] 
# ===== Captured data from AHB: 0x59d880b4
# UVM_INFO ./../tb/dut_scoreboard.sv(71) @ 80004000: uvm_test_top.env.dut_sb [dut_scoreboard] 
# 
# =====[UART TXD] Data comparison =====
# 
# UVM_ERROR ./../tb/dut_scoreboard.sv(76) @ 80004000: uvm_test_top.env.dut_sb [dut_scoreboard] 
# =====[DATA FRAME: 5] FAILED!!! Expected value is 0x14, Actual data is 0x8 =====
# UVM_INFO ./../tb/dut_scoreboard.sv(82) @ 80004000: uvm_test_top.env.dut_sb [dut_scoreboard] 
# 
# =====[UART TXD] Parity comparison =====
# 
# UVM_INFO ./../tb/dut_scoreboard.sv(88) @ 80004000: uvm_test_top.env.dut_sb [dut_scoreboard] 
# =====[PARITY MODE: 0] PASSED SUCCESSFULLY!!! =====
# UVM_INFO ./../vip/uart_vip/uart_monitor.sv(95) @ 81278000: uvm_test_top.env.uart_agt.monitor [uart_monitor] 
# ===== Baud rate actual is       1600, Baud rate expected is       4800 =====
# UVM_INFO ./../vip/uart_vip/uart_monitor.sv(181) @ 83156000: uvm_test_top.env.uart_agt.monitor [uart_monitor] Data read from DUT is ------------------------------------------
# Name         Type              Size  Value
# ------------------------------------------
# trans        uart_transaction  -     @2075
#   direction  direction_e       32    RX   
#   data       integral          9     'h14 
#   parity     integral          1     'h0  
#   stop_bit   integral          2     'h1  
#   baud_rate  integral          32    'h0  
# ------------------------------------------
# 
# UVM_INFO ./../tb/dut_scoreboard.sv(58) @ 83156000: uvm_test_top.env.dut_sb [SCOREBOARD] 
# ===== Captured data from UART: 0x14
# UVM_INFO ./../testcases/uart_txd_x16_random.sv(35) @ 90004000: uvm_test_top [uart_txd_x16_random] --------------------------------------------------------------
# Name                Type                Size  Value           
# --------------------------------------------------------------
# cfg                 uart_configuration  -     @360            
#   parity_mode       parity_mode_e       32    UART_PARITY_NONE
#   sampling          sampling_mode_e     32    MODE_X16        
#   data_width        integral            32    'h5             
#   num_of_stop_bit   integral            32    'h2             
#   baud_rate         integral            32    'h2580          
#   baud_rate_enable  integral            1     'h1             
#   parity_enable     integral            1     'h0             
# --------------------------------------------------------------
# 
# UVM_INFO ./../regmodel/uart_reg2ahb_adapter.sv(42) @ 90004000: reporter [uart_reg2ahb_adapter] bus2reg: address = 0x0 data = 0x0 kind = UVM_WRITE status = UVM_IS_OK
# UVM_INFO /ictc/other/tools/QuestaDVA/questasim/verilog_src/uvm-1.2/src/reg/uvm_reg_predictor.svh(221) @ 90004000: uvm_test_top.env.ahb_predictor [REG_PREDICT] Observed WRITE transaction to register regmodel.MDR: value='h0 : updated value = 'h0
# UVM_INFO ./../regmodel/uart_reg2ahb_adapter.sv(42) @ 90004000: reporter [uart_reg2ahb_adapter] bus2reg: address = 0x4 data = 0x16 kind = UVM_WRITE status = UVM_IS_OK
# UVM_INFO /ictc/other/tools/QuestaDVA/questasim/verilog_src/uvm-1.2/src/reg/uvm_reg_predictor.svh(221) @ 90004000: uvm_test_top.env.ahb_predictor [REG_PREDICT] Observed WRITE transaction to register regmodel.DLL: value='h16 : updated value = 'h16
# UVM_INFO ./../regmodel/uart_reg2ahb_adapter.sv(42) @ 90004000: reporter [uart_reg2ahb_adapter] bus2reg: address = 0x8 data = 0x5 kind = UVM_WRITE status = UVM_IS_OK
# UVM_INFO /ictc/other/tools/QuestaDVA/questasim/verilog_src/uvm-1.2/src/reg/uvm_reg_predictor.svh(221) @ 90004000: uvm_test_top.env.ahb_predictor [REG_PREDICT] Observed WRITE transaction to register regmodel.DLH: value='h5 : updated value = 'h5
# UVM_INFO ./../regmodel/uart_reg2ahb_adapter.sv(42) @ 90004000: reporter [uart_reg2ahb_adapter] bus2reg: address = 0xc data = 0x24 kind = UVM_WRITE status = UVM_IS_OK
# UVM_INFO /ictc/other/tools/QuestaDVA/questasim/verilog_src/uvm-1.2/src/reg/uvm_reg_predictor.svh(221) @ 90004000: uvm_test_top.env.ahb_predictor [REG_PREDICT] Observed WRITE transaction to register regmodel.LCR: value='h24 : updated value = 'h24
# UVM_INFO ./../regmodel/uart_reg2ahb_adapter.sv(42) @ 90004000: reporter [uart_reg2ahb_adapter] bus2reg: address = 0x18 data = 0x8e828a79 kind = UVM_WRITE status = UVM_IS_OK
# UVM_INFO /ictc/other/tools/QuestaDVA/questasim/verilog_src/uvm-1.2/src/reg/uvm_reg_predictor.svh(221) @ 90004000: uvm_test_top.env.ahb_predictor [REG_PREDICT] Observed WRITE transaction to register regmodel.TBR: value='h8e828a79 : updated value = 'h79
# UVM_INFO ./../tb/dut_scoreboard.sv(50) @ 90004000: uvm_test_top.env.dut_sb [SCOREBOARD] 
# ===== Captured data from AHB: 0x8e828a79
# UVM_INFO ./../tb/dut_scoreboard.sv(71) @ 90004000: uvm_test_top.env.dut_sb [dut_scoreboard] 
# 
# =====[UART TXD] Data comparison =====
# 
# UVM_ERROR ./../tb/dut_scoreboard.sv(76) @ 90004000: uvm_test_top.env.dut_sb [dut_scoreboard] 
# =====[DATA FRAME: 5] FAILED!!! Expected value is 0x19, Actual data is 0x14 =====
# UVM_INFO ./../tb/dut_scoreboard.sv(82) @ 90004000: uvm_test_top.env.dut_sb [dut_scoreboard] 
# 
# =====[UART TXD] Parity comparison =====
# 
# UVM_INFO ./../tb/dut_scoreboard.sv(88) @ 90004000: uvm_test_top.env.dut_sb [dut_scoreboard] 
# =====[PARITY MODE: 0] PASSED SUCCESSFULLY!!! =====
# UVM_INFO ./../vip/uart_vip/uart_monitor.sv(95) @ 90444000: uvm_test_top.env.uart_agt.monitor [uart_monitor] 
# ===== Baud rate actual is       4796, Baud rate expected is       9600 =====
# UVM_ERROR ./../vip/uart_vip/uart_monitor.sv(174) @ 91379000: uvm_test_top.env.uart_agt.monitor [uart_monitor] ===== stop bit error detected =====
# UVM_ERROR ./../vip/uart_vip/uart_monitor.sv(174) @ 91587000: uvm_test_top.env.uart_agt.monitor [uart_monitor] ===== stop bit error detected =====
# UVM_INFO ./../vip/uart_vip/uart_monitor.sv(181) @ 91587000: uvm_test_top.env.uart_agt.monitor [uart_monitor] Data read from DUT is ------------------------------------------
# Name         Type              Size  Value
# ------------------------------------------
# trans        uart_transaction  -     @2209
#   direction  direction_e       32    RX   
#   data       integral          9     'h6  
#   parity     integral          1     'h0  
#   stop_bit   integral          2     'h0  
#   baud_rate  integral          32    'h0  
# ------------------------------------------
# 
# UVM_INFO ./../tb/dut_scoreboard.sv(58) @ 91587000: uvm_test_top.env.dut_sb [SCOREBOARD] 
# ===== Captured data from UART: 0x6
# UVM_INFO ./../testcases/uart_txd_x16_random.sv(35) @ 100004000: uvm_test_top [uart_txd_x16_random] --------------------------------------------------------------
# Name                Type                Size  Value           
# --------------------------------------------------------------
# cfg                 uart_configuration  -     @360            
#   parity_mode       parity_mode_e       32    UART_PARITY_NONE
#   sampling          sampling_mode_e     32    MODE_X16        
#   data_width        integral            32    'h5             
#   num_of_stop_bit   integral            32    'h2             
#   baud_rate         integral            32    'h4b00          
#   baud_rate_enable  integral            1     'h1             
#   parity_enable     integral            1     'h0             
# --------------------------------------------------------------
# 
# UVM_INFO ./../regmodel/uart_reg2ahb_adapter.sv(42) @ 100004000: reporter [uart_reg2ahb_adapter] bus2reg: address = 0x0 data = 0x0 kind = UVM_WRITE status = UVM_IS_OK
# UVM_INFO /ictc/other/tools/QuestaDVA/questasim/verilog_src/uvm-1.2/src/reg/uvm_reg_predictor.svh(221) @ 100004000: uvm_test_top.env.ahb_predictor [REG_PREDICT] Observed WRITE transaction to register regmodel.MDR: value='h0 : updated value = 'h0
# UVM_INFO ./../regmodel/uart_reg2ahb_adapter.sv(42) @ 100004000: reporter [uart_reg2ahb_adapter] bus2reg: address = 0x4 data = 0x45 kind = UVM_WRITE status = UVM_IS_OK
# UVM_INFO /ictc/other/tools/QuestaDVA/questasim/verilog_src/uvm-1.2/src/reg/uvm_reg_predictor.svh(221) @ 100004000: uvm_test_top.env.ahb_predictor [REG_PREDICT] Observed WRITE transaction to register regmodel.DLL: value='h45 : updated value = 'h45
# UVM_INFO ./../regmodel/uart_reg2ahb_adapter.sv(42) @ 100004000: reporter [uart_reg2ahb_adapter] bus2reg: address = 0x8 data = 0x1 kind = UVM_WRITE status = UVM_IS_OK
# UVM_INFO /ictc/other/tools/QuestaDVA/questasim/verilog_src/uvm-1.2/src/reg/uvm_reg_predictor.svh(221) @ 100004000: uvm_test_top.env.ahb_predictor [REG_PREDICT] Observed WRITE transaction to register regmodel.DLH: value='h1 : updated value = 'h1
# UVM_INFO ./../regmodel/uart_reg2ahb_adapter.sv(42) @ 100004000: reporter [uart_reg2ahb_adapter] bus2reg: address = 0xc data = 0x24 kind = UVM_WRITE status = UVM_IS_OK
# UVM_INFO /ictc/other/tools/QuestaDVA/questasim/verilog_src/uvm-1.2/src/reg/uvm_reg_predictor.svh(221) @ 100004000: uvm_test_top.env.ahb_predictor [REG_PREDICT] Observed WRITE transaction to register regmodel.LCR: value='h24 : updated value = 'h24
# UVM_INFO ./../regmodel/uart_reg2ahb_adapter.sv(42) @ 100005000: reporter [uart_reg2ahb_adapter] bus2reg: address = 0x18 data = 0x790186a1 kind = UVM_WRITE status = UVM_IS_OK
# UVM_INFO /ictc/other/tools/QuestaDVA/questasim/verilog_src/uvm-1.2/src/reg/uvm_reg_predictor.svh(221) @ 100005000: uvm_test_top.env.ahb_predictor [REG_PREDICT] Observed WRITE transaction to register regmodel.TBR: value='h790186a1 : updated value = 'ha1
# UVM_INFO ./../tb/dut_scoreboard.sv(50) @ 100005000: uvm_test_top.env.dut_sb [SCOREBOARD] 
# ===== Captured data from AHB: 0x790186a1
# UVM_INFO ./../tb/dut_scoreboard.sv(71) @ 100005000: uvm_test_top.env.dut_sb [dut_scoreboard] 
# 
# =====[UART TXD] Data comparison =====
# 
# UVM_ERROR ./../tb/dut_scoreboard.sv(76) @ 100005000: uvm_test_top.env.dut_sb [dut_scoreboard] 
# =====[DATA FRAME: 5] FAILED!!! Expected value is 0x1, Actual data is 0x6 =====
# UVM_INFO ./../tb/dut_scoreboard.sv(82) @ 100005000: uvm_test_top.env.dut_sb [dut_scoreboard] 
# 
# =====[UART TXD] Parity comparison =====
# 
# UVM_INFO ./../tb/dut_scoreboard.sv(88) @ 100005000: uvm_test_top.env.dut_sb [dut_scoreboard] 
# =====[PARITY MODE: 0] PASSED SUCCESSFULLY!!! =====
# UVM_INFO ./../vip/uart_vip/uart_monitor.sv(95) @ 100111000: uvm_test_top.env.uart_agt.monitor [uart_monitor] 
# ===== Baud rate actual is      19231, Baud rate expected is      19200 =====
# UVM_INFO ./../vip/uart_vip/uart_monitor.sv(181) @ 100787000: uvm_test_top.env.uart_agt.monitor [uart_monitor] Data read from DUT is ------------------------------------------
# Name         Type              Size  Value
# ------------------------------------------
# trans        uart_transaction  -     @2347
#   direction  direction_e       32    RX   
#   data       integral          9     'h1  
#   parity     integral          1     'h0  
#   stop_bit   integral          2     'h1  
#   baud_rate  integral          32    'h0  
# ------------------------------------------
# 
# UVM_INFO ./../tb/dut_scoreboard.sv(58) @ 100787000: uvm_test_top.env.dut_sb [SCOREBOARD] 
# ===== Captured data from UART: 0x1
# UVM_INFO ./../testcases/uart_txd_x16_random.sv(35) @ 110005000: uvm_test_top [uart_txd_x16_random] --------------------------------------------------------------
# Name                Type                Size  Value           
# --------------------------------------------------------------
# cfg                 uart_configuration  -     @360            
#   parity_mode       parity_mode_e       32    UART_PARITY_NONE
#   sampling          sampling_mode_e     32    MODE_X16        
#   data_width        integral            32    'h5             
#   num_of_stop_bit   integral            32    'h2             
#   baud_rate         integral            32    'h9600          
#   baud_rate_enable  integral            1     'h1             
#   parity_enable     integral            1     'h0             
# --------------------------------------------------------------
# 
# UVM_INFO ./../regmodel/uart_reg2ahb_adapter.sv(42) @ 110005000: reporter [uart_reg2ahb_adapter] bus2reg: address = 0x0 data = 0x0 kind = UVM_WRITE status = UVM_IS_OK
# UVM_INFO /ictc/other/tools/QuestaDVA/questasim/verilog_src/uvm-1.2/src/reg/uvm_reg_predictor.svh(221) @ 110005000: uvm_test_top.env.ahb_predictor [REG_PREDICT] Observed WRITE transaction to register regmodel.MDR: value='h0 : updated value = 'h0
# UVM_INFO ./../regmodel/uart_reg2ahb_adapter.sv(42) @ 110005000: reporter [uart_reg2ahb_adapter] bus2reg: address = 0x4 data = 0xa4 kind = UVM_WRITE status = UVM_IS_OK
# UVM_INFO /ictc/other/tools/QuestaDVA/questasim/verilog_src/uvm-1.2/src/reg/uvm_reg_predictor.svh(221) @ 110005000: uvm_test_top.env.ahb_predictor [REG_PREDICT] Observed WRITE transaction to register regmodel.DLL: value='ha4 : updated value = 'ha4
# UVM_INFO ./../regmodel/uart_reg2ahb_adapter.sv(42) @ 110005000: reporter [uart_reg2ahb_adapter] bus2reg: address = 0x8 data = 0x0 kind = UVM_WRITE status = UVM_IS_OK
# UVM_INFO /ictc/other/tools/QuestaDVA/questasim/verilog_src/uvm-1.2/src/reg/uvm_reg_predictor.svh(221) @ 110005000: uvm_test_top.env.ahb_predictor [REG_PREDICT] Observed WRITE transaction to register regmodel.DLH: value='h0 : updated value = 'h0
# UVM_INFO ./../regmodel/uart_reg2ahb_adapter.sv(42) @ 110005000: reporter [uart_reg2ahb_adapter] bus2reg: address = 0xc data = 0x24 kind = UVM_WRITE status = UVM_IS_OK
# UVM_INFO /ictc/other/tools/QuestaDVA/questasim/verilog_src/uvm-1.2/src/reg/uvm_reg_predictor.svh(221) @ 110005000: uvm_test_top.env.ahb_predictor [REG_PREDICT] Observed WRITE transaction to register regmodel.LCR: value='h24 : updated value = 'h24
# UVM_INFO ./../regmodel/uart_reg2ahb_adapter.sv(42) @ 110005000: reporter [uart_reg2ahb_adapter] bus2reg: address = 0x18 data = 0x2b86a4da kind = UVM_WRITE status = UVM_IS_OK
# UVM_INFO /ictc/other/tools/QuestaDVA/questasim/verilog_src/uvm-1.2/src/reg/uvm_reg_predictor.svh(221) @ 110005000: uvm_test_top.env.ahb_predictor [REG_PREDICT] Observed WRITE transaction to register regmodel.TBR: value='h2b86a4da : updated value = 'hda
# UVM_INFO ./../tb/dut_scoreboard.sv(50) @ 110005000: uvm_test_top.env.dut_sb [SCOREBOARD] 
# ===== Captured data from AHB: 0x2b86a4da
# UVM_INFO ./../tb/dut_scoreboard.sv(71) @ 110005000: uvm_test_top.env.dut_sb [dut_scoreboard] 
# 
# =====[UART TXD] Data comparison =====
# 
# UVM_ERROR ./../tb/dut_scoreboard.sv(76) @ 110005000: uvm_test_top.env.dut_sb [dut_scoreboard] 
# =====[DATA FRAME: 5] FAILED!!! Expected value is 0x1a, Actual data is 0x1 =====
# UVM_INFO ./../tb/dut_scoreboard.sv(82) @ 110005000: uvm_test_top.env.dut_sb [dut_scoreboard] 
# 
# =====[UART TXD] Parity comparison =====
# 
# UVM_INFO ./../tb/dut_scoreboard.sv(88) @ 110005000: uvm_test_top.env.dut_sb [dut_scoreboard] 
# =====[PARITY MODE: 0] PASSED SUCCESSFULLY!!! =====
# UVM_INFO ./../vip/uart_vip/uart_monitor.sv(95) @ 110112000: uvm_test_top.env.uart_agt.monitor [uart_monitor] 
# ===== Baud rate actual is      19231, Baud rate expected is      38400 =====
# UVM_INFO ./../vip/uart_vip/uart_monitor.sv(181) @ 110398000: uvm_test_top.env.uart_agt.monitor [uart_monitor] Data read from DUT is ------------------------------------------
# Name         Type              Size  Value
# ------------------------------------------
# trans        uart_transaction  -     @2481
#   direction  direction_e       32    RX   
#   data       integral          9     'h1a 
#   parity     integral          1     'h0  
#   stop_bit   integral          2     'h1  
#   baud_rate  integral          32    'h0  
# ------------------------------------------
# 
# UVM_INFO ./../tb/dut_scoreboard.sv(58) @ 110398000: uvm_test_top.env.dut_sb [SCOREBOARD] 
# ===== Captured data from UART: 0x1a
# UVM_INFO ./../testcases/uart_txd_x16_random.sv(35) @ 120005000: uvm_test_top [uart_txd_x16_random] --------------------------------------------------------------
# Name                Type                Size  Value           
# --------------------------------------------------------------
# cfg                 uart_configuration  -     @360            
#   parity_mode       parity_mode_e       32    UART_PARITY_NONE
#   sampling          sampling_mode_e     32    MODE_X16        
#   data_width        integral            32    'h5             
#   num_of_stop_bit   integral            32    'h2             
#   baud_rate         integral            32    'h12c00         
#   baud_rate_enable  integral            1     'h1             
#   parity_enable     integral            1     'h0             
# --------------------------------------------------------------
# 
# UVM_INFO ./../regmodel/uart_reg2ahb_adapter.sv(42) @ 120005000: reporter [uart_reg2ahb_adapter] bus2reg: address = 0x0 data = 0x0 kind = UVM_WRITE status = UVM_IS_OK
# UVM_INFO /ictc/other/tools/QuestaDVA/questasim/verilog_src/uvm-1.2/src/reg/uvm_reg_predictor.svh(221) @ 120005000: uvm_test_top.env.ahb_predictor [REG_PREDICT] Observed WRITE transaction to register regmodel.MDR: value='h0 : updated value = 'h0
# UVM_INFO ./../regmodel/uart_reg2ahb_adapter.sv(42) @ 120005000: reporter [uart_reg2ahb_adapter] bus2reg: address = 0x4 data = 0x51 kind = UVM_WRITE status = UVM_IS_OK
# UVM_INFO /ictc/other/tools/QuestaDVA/questasim/verilog_src/uvm-1.2/src/reg/uvm_reg_predictor.svh(221) @ 120005000: uvm_test_top.env.ahb_predictor [REG_PREDICT] Observed WRITE transaction to register regmodel.DLL: value='h51 : updated value = 'h51
# UVM_INFO ./../regmodel/uart_reg2ahb_adapter.sv(42) @ 120005000: reporter [uart_reg2ahb_adapter] bus2reg: address = 0x8 data = 0x0 kind = UVM_WRITE status = UVM_IS_OK
# UVM_INFO /ictc/other/tools/QuestaDVA/questasim/verilog_src/uvm-1.2/src/reg/uvm_reg_predictor.svh(221) @ 120005000: uvm_test_top.env.ahb_predictor [REG_PREDICT] Observed WRITE transaction to register regmodel.DLH: value='h0 : updated value = 'h0
# UVM_INFO ./../regmodel/uart_reg2ahb_adapter.sv(42) @ 120005000: reporter [uart_reg2ahb_adapter] bus2reg: address = 0xc data = 0x24 kind = UVM_WRITE status = UVM_IS_OK
# UVM_INFO /ictc/other/tools/QuestaDVA/questasim/verilog_src/uvm-1.2/src/reg/uvm_reg_predictor.svh(221) @ 120005000: uvm_test_top.env.ahb_predictor [REG_PREDICT] Observed WRITE transaction to register regmodel.LCR: value='h24 : updated value = 'h24
# UVM_INFO ./../regmodel/uart_reg2ahb_adapter.sv(42) @ 120005000: reporter [uart_reg2ahb_adapter] bus2reg: address = 0x18 data = 0x9b695ed2 kind = UVM_WRITE status = UVM_IS_OK
# UVM_INFO /ictc/other/tools/QuestaDVA/questasim/verilog_src/uvm-1.2/src/reg/uvm_reg_predictor.svh(221) @ 120005000: uvm_test_top.env.ahb_predictor [REG_PREDICT] Observed WRITE transaction to register regmodel.TBR: value='h9b695ed2 : updated value = 'hd2
# UVM_INFO ./../tb/dut_scoreboard.sv(50) @ 120005000: uvm_test_top.env.dut_sb [SCOREBOARD] 
# ===== Captured data from AHB: 0x9b695ed2
# UVM_INFO ./../tb/dut_scoreboard.sv(71) @ 120005000: uvm_test_top.env.dut_sb [dut_scoreboard] 
# 
# =====[UART TXD] Data comparison =====
# 
# UVM_ERROR ./../tb/dut_scoreboard.sv(76) @ 120005000: uvm_test_top.env.dut_sb [dut_scoreboard] 
# =====[DATA FRAME: 5] FAILED!!! Expected value is 0x12, Actual data is 0x1a =====
# UVM_INFO ./../tb/dut_scoreboard.sv(82) @ 120005000: uvm_test_top.env.dut_sb [dut_scoreboard] 
# 
# =====[UART TXD] Parity comparison =====
# 
# UVM_INFO ./../tb/dut_scoreboard.sv(88) @ 120005000: uvm_test_top.env.dut_sb [dut_scoreboard] 
# =====[PARITY MODE: 0] PASSED SUCCESSFULLY!!! =====
# UVM_INFO ./../vip/uart_vip/uart_monitor.sv(95) @ 120058000: uvm_test_top.env.uart_agt.monitor [uart_monitor] 
# ===== Baud rate actual is      39216, Baud rate expected is      76800 =====
# UVM_INFO ./../vip/uart_vip/uart_monitor.sv(181) @ 120202000: uvm_test_top.env.uart_agt.monitor [uart_monitor] Data read from DUT is ------------------------------------------
# Name         Type              Size  Value
# ------------------------------------------
# trans        uart_transaction  -     @2615
#   direction  direction_e       32    RX   
#   data       integral          9     'h12 
#   parity     integral          1     'h0  
#   stop_bit   integral          2     'h1  
#   baud_rate  integral          32    'h0  
# ------------------------------------------
# 
# UVM_INFO ./../tb/dut_scoreboard.sv(58) @ 120202000: uvm_test_top.env.dut_sb [SCOREBOARD] 
# ===== Captured data from UART: 0x12
# UVM_INFO ./../testcases/uart_txd_x16_random.sv(35) @ 130005000: uvm_test_top [uart_txd_x16_random] --------------------------------------------------------------
# Name                Type                Size  Value           
# --------------------------------------------------------------
# cfg                 uart_configuration  -     @360            
#   parity_mode       parity_mode_e       32    UART_PARITY_NONE
#   sampling          sampling_mode_e     32    MODE_X16        
#   data_width        integral            32    'h5             
#   num_of_stop_bit   integral            32    'h2             
#   baud_rate         integral            32    'h1c200         
#   baud_rate_enable  integral            1     'h1             
#   parity_enable     integral            1     'h0             
# --------------------------------------------------------------
# 
# UVM_INFO ./../regmodel/uart_reg2ahb_adapter.sv(42) @ 130005000: reporter [uart_reg2ahb_adapter] bus2reg: address = 0x0 data = 0x0 kind = UVM_WRITE status = UVM_IS_OK
# UVM_INFO /ictc/other/tools/QuestaDVA/questasim/verilog_src/uvm-1.2/src/reg/uvm_reg_predictor.svh(221) @ 130005000: uvm_test_top.env.ahb_predictor [REG_PREDICT] Observed WRITE transaction to register regmodel.MDR: value='h0 : updated value = 'h0
# UVM_INFO ./../regmodel/uart_reg2ahb_adapter.sv(42) @ 130005000: reporter [uart_reg2ahb_adapter] bus2reg: address = 0x4 data = 0x36 kind = UVM_WRITE status = UVM_IS_OK
# UVM_INFO /ictc/other/tools/QuestaDVA/questasim/verilog_src/uvm-1.2/src/reg/uvm_reg_predictor.svh(221) @ 130005000: uvm_test_top.env.ahb_predictor [REG_PREDICT] Observed WRITE transaction to register regmodel.DLL: value='h36 : updated value = 'h36
# UVM_INFO ./../regmodel/uart_reg2ahb_adapter.sv(42) @ 130006000: reporter [uart_reg2ahb_adapter] bus2reg: address = 0x8 data = 0x0 kind = UVM_WRITE status = UVM_IS_OK
# UVM_INFO /ictc/other/tools/QuestaDVA/questasim/verilog_src/uvm-1.2/src/reg/uvm_reg_predictor.svh(221) @ 130006000: uvm_test_top.env.ahb_predictor [REG_PREDICT] Observed WRITE transaction to register regmodel.DLH: value='h0 : updated value = 'h0
# UVM_INFO ./../regmodel/uart_reg2ahb_adapter.sv(42) @ 130006000: reporter [uart_reg2ahb_adapter] bus2reg: address = 0xc data = 0x24 kind = UVM_WRITE status = UVM_IS_OK
# UVM_INFO /ictc/other/tools/QuestaDVA/questasim/verilog_src/uvm-1.2/src/reg/uvm_reg_predictor.svh(221) @ 130006000: uvm_test_top.env.ahb_predictor [REG_PREDICT] Observed WRITE transaction to register regmodel.LCR: value='h24 : updated value = 'h24
# UVM_INFO ./../regmodel/uart_reg2ahb_adapter.sv(42) @ 130006000: reporter [uart_reg2ahb_adapter] bus2reg: address = 0x18 data = 0xdbeb85d8 kind = UVM_WRITE status = UVM_IS_OK
# UVM_INFO /ictc/other/tools/QuestaDVA/questasim/verilog_src/uvm-1.2/src/reg/uvm_reg_predictor.svh(221) @ 130006000: uvm_test_top.env.ahb_predictor [REG_PREDICT] Observed WRITE transaction to register regmodel.TBR: value='hdbeb85d8 : updated value = 'hd8
# UVM_INFO ./../tb/dut_scoreboard.sv(50) @ 130006000: uvm_test_top.env.dut_sb [SCOREBOARD] 
# ===== Captured data from AHB: 0xdbeb85d8
# UVM_INFO ./../tb/dut_scoreboard.sv(71) @ 130006000: uvm_test_top.env.dut_sb [dut_scoreboard] 
# 
# =====[UART TXD] Data comparison =====
# 
# UVM_ERROR ./../tb/dut_scoreboard.sv(76) @ 130006000: uvm_test_top.env.dut_sb [dut_scoreboard] 
# =====[DATA FRAME: 5] FAILED!!! Expected value is 0x18, Actual data is 0x12 =====
# UVM_INFO ./../tb/dut_scoreboard.sv(82) @ 130006000: uvm_test_top.env.dut_sb [dut_scoreboard] 
# 
# =====[UART TXD] Parity comparison =====
# 
# UVM_INFO ./../tb/dut_scoreboard.sv(88) @ 130006000: uvm_test_top.env.dut_sb [dut_scoreboard] 
# =====[PARITY MODE: 0] PASSED SUCCESSFULLY!!! =====
# UVM_INFO ./../vip/uart_vip/uart_monitor.sv(95) @ 130075000: uvm_test_top.env.uart_agt.monitor [uart_monitor] 
# ===== Baud rate actual is      28986, Baud rate expected is     115200 =====
# UVM_INFO ./../vip/uart_vip/uart_monitor.sv(181) @ 130134000: uvm_test_top.env.uart_agt.monitor [uart_monitor] Data read from DUT is ------------------------------------------
# Name         Type              Size  Value
# ------------------------------------------
# trans        uart_transaction  -     @2749
#   direction  direction_e       32    RX   
#   data       integral          9     'h18 
#   parity     integral          1     'h0  
#   stop_bit   integral          2     'h1  
#   baud_rate  integral          32    'h0  
# ------------------------------------------
# 
# UVM_INFO ./../tb/dut_scoreboard.sv(58) @ 130134000: uvm_test_top.env.dut_sb [SCOREBOARD] 
# ===== Captured data from UART: 0x18
# UVM_INFO ./../testcases/uart_txd_x16_random.sv(35) @ 140006000: uvm_test_top [uart_txd_x16_random] --------------------------------------------------------------
# Name                Type                Size  Value           
# --------------------------------------------------------------
# cfg                 uart_configuration  -     @360            
#   parity_mode       parity_mode_e       32    UART_PARITY_NONE
#   sampling          sampling_mode_e     32    MODE_X16        
#   data_width        integral            32    'h6             
#   num_of_stop_bit   integral            32    'h1             
#   baud_rate         integral            32    'h960           
#   baud_rate_enable  integral            1     'h1             
#   parity_enable     integral            1     'h0             
# --------------------------------------------------------------
# 
# UVM_INFO ./../regmodel/uart_reg2ahb_adapter.sv(42) @ 140006000: reporter [uart_reg2ahb_adapter] bus2reg: address = 0x0 data = 0x0 kind = UVM_WRITE status = UVM_IS_OK
# UVM_INFO /ictc/other/tools/QuestaDVA/questasim/verilog_src/uvm-1.2/src/reg/uvm_reg_predictor.svh(221) @ 140006000: uvm_test_top.env.ahb_predictor [REG_PREDICT] Observed WRITE transaction to register regmodel.MDR: value='h0 : updated value = 'h0
# UVM_INFO ./../regmodel/uart_reg2ahb_adapter.sv(42) @ 140006000: reporter [uart_reg2ahb_adapter] bus2reg: address = 0x4 data = 0x2c kind = UVM_WRITE status = UVM_IS_OK
# UVM_INFO /ictc/other/tools/QuestaDVA/questasim/verilog_src/uvm-1.2/src/reg/uvm_reg_predictor.svh(221) @ 140006000: uvm_test_top.env.ahb_predictor [REG_PREDICT] Observed WRITE transaction to register regmodel.DLL: value='h2c : updated value = 'h2c
# UVM_INFO ./../regmodel/uart_reg2ahb_adapter.sv(42) @ 140006000: reporter [uart_reg2ahb_adapter] bus2reg: address = 0x8 data = 0xa kind = UVM_WRITE status = UVM_IS_OK
# UVM_INFO /ictc/other/tools/QuestaDVA/questasim/verilog_src/uvm-1.2/src/reg/uvm_reg_predictor.svh(221) @ 140006000: uvm_test_top.env.ahb_predictor [REG_PREDICT] Observed WRITE transaction to register regmodel.DLH: value='ha : updated value = 'ha
# UVM_INFO ./../regmodel/uart_reg2ahb_adapter.sv(42) @ 140006000: reporter [uart_reg2ahb_adapter] bus2reg: address = 0xc data = 0x21 kind = UVM_WRITE status = UVM_IS_OK
# UVM_INFO /ictc/other/tools/QuestaDVA/questasim/verilog_src/uvm-1.2/src/reg/uvm_reg_predictor.svh(221) @ 140006000: uvm_test_top.env.ahb_predictor [REG_PREDICT] Observed WRITE transaction to register regmodel.LCR: value='h21 : updated value = 'h21
# UVM_INFO ./../regmodel/uart_reg2ahb_adapter.sv(42) @ 140006000: reporter [uart_reg2ahb_adapter] bus2reg: address = 0x18 data = 0xdcc57e5c kind = UVM_WRITE status = UVM_IS_OK
# UVM_INFO /ictc/other/tools/QuestaDVA/questasim/verilog_src/uvm-1.2/src/reg/uvm_reg_predictor.svh(221) @ 140006000: uvm_test_top.env.ahb_predictor [REG_PREDICT] Observed WRITE transaction to register regmodel.TBR: value='hdcc57e5c : updated value = 'h5c
# UVM_INFO ./../tb/dut_scoreboard.sv(50) @ 140006000: uvm_test_top.env.dut_sb [SCOREBOARD] 
# ===== Captured data from AHB: 0xdcc57e5c
# UVM_INFO ./../tb/dut_scoreboard.sv(71) @ 140006000: uvm_test_top.env.dut_sb [dut_scoreboard] 
# 
# =====[UART TXD] Data comparison =====
# 
# UVM_ERROR ./../tb/dut_scoreboard.sv(76) @ 140006000: uvm_test_top.env.dut_sb [dut_scoreboard] 
# =====[DATA FRAME: 6] FAILED!!! Expected value is 0x1c, Actual data is 0x18 =====
# UVM_INFO ./../tb/dut_scoreboard.sv(82) @ 140006000: uvm_test_top.env.dut_sb [dut_scoreboard] 
# 
# =====[UART TXD] Parity comparison =====
# 
# UVM_INFO ./../tb/dut_scoreboard.sv(88) @ 140006000: uvm_test_top.env.dut_sb [dut_scoreboard] 
# =====[PARITY MODE: 0] PASSED SUCCESSFULLY!!! =====
# UVM_INFO ./../vip/uart_vip/uart_monitor.sv(95) @ 142557000: uvm_test_top.env.uart_agt.monitor [uart_monitor] 
# ===== Baud rate actual is        800, Baud rate expected is       2400 =====
# UVM_INFO ./../vip/uart_vip/uart_monitor.sv(181) @ 146305000: uvm_test_top.env.uart_agt.monitor [uart_monitor] Data read from DUT is ------------------------------------------
# Name         Type              Size  Value
# ------------------------------------------
# trans        uart_transaction  -     @2883
#   direction  direction_e       32    RX   
#   data       integral          9     'h1c 
#   parity     integral          1     'h0  
#   stop_bit   integral          2     'h1  
#   baud_rate  integral          32    'h0  
# ------------------------------------------
# 
# UVM_INFO ./../tb/dut_scoreboard.sv(58) @ 146305000: uvm_test_top.env.dut_sb [SCOREBOARD] 
# ===== Captured data from UART: 0x1c
# UVM_INFO ./../testcases/uart_txd_x16_random.sv(35) @ 150006000: uvm_test_top [uart_txd_x16_random] --------------------------------------------------------------
# Name                Type                Size  Value           
# --------------------------------------------------------------
# cfg                 uart_configuration  -     @360            
#   parity_mode       parity_mode_e       32    UART_PARITY_NONE
#   sampling          sampling_mode_e     32    MODE_X16        
#   data_width        integral            32    'h6             
#   num_of_stop_bit   integral            32    'h1             
#   baud_rate         integral            32    'h12c0          
#   baud_rate_enable  integral            1     'h1             
#   parity_enable     integral            1     'h0             
# --------------------------------------------------------------
# 
# UVM_INFO ./../regmodel/uart_reg2ahb_adapter.sv(42) @ 150006000: reporter [uart_reg2ahb_adapter] bus2reg: address = 0x0 data = 0x0 kind = UVM_WRITE status = UVM_IS_OK
# UVM_INFO /ictc/other/tools/QuestaDVA/questasim/verilog_src/uvm-1.2/src/reg/uvm_reg_predictor.svh(221) @ 150006000: uvm_test_top.env.ahb_predictor [REG_PREDICT] Observed WRITE transaction to register regmodel.MDR: value='h0 : updated value = 'h0
# UVM_INFO ./../regmodel/uart_reg2ahb_adapter.sv(42) @ 150006000: reporter [uart_reg2ahb_adapter] bus2reg: address = 0x4 data = 0x16 kind = UVM_WRITE status = UVM_IS_OK
# UVM_INFO /ictc/other/tools/QuestaDVA/questasim/verilog_src/uvm-1.2/src/reg/uvm_reg_predictor.svh(221) @ 150006000: uvm_test_top.env.ahb_predictor [REG_PREDICT] Observed WRITE transaction to register regmodel.DLL: value='h16 : updated value = 'h16
# UVM_INFO ./../regmodel/uart_reg2ahb_adapter.sv(42) @ 150006000: reporter [uart_reg2ahb_adapter] bus2reg: address = 0x8 data = 0x5 kind = UVM_WRITE status = UVM_IS_OK
# UVM_INFO /ictc/other/tools/QuestaDVA/questasim/verilog_src/uvm-1.2/src/reg/uvm_reg_predictor.svh(221) @ 150006000: uvm_test_top.env.ahb_predictor [REG_PREDICT] Observed WRITE transaction to register regmodel.DLH: value='h5 : updated value = 'h5
# UVM_INFO ./../regmodel/uart_reg2ahb_adapter.sv(42) @ 150006000: reporter [uart_reg2ahb_adapter] bus2reg: address = 0xc data = 0x21 kind = UVM_WRITE status = UVM_IS_OK
# UVM_INFO /ictc/other/tools/QuestaDVA/questasim/verilog_src/uvm-1.2/src/reg/uvm_reg_predictor.svh(221) @ 150006000: uvm_test_top.env.ahb_predictor [REG_PREDICT] Observed WRITE transaction to register regmodel.LCR: value='h21 : updated value = 'h21
# UVM_INFO ./../regmodel/uart_reg2ahb_adapter.sv(42) @ 150007000: reporter [uart_reg2ahb_adapter] bus2reg: address = 0x18 data = 0xf65eafe5 kind = UVM_WRITE status = UVM_IS_OK
# UVM_INFO /ictc/other/tools/QuestaDVA/questasim/verilog_src/uvm-1.2/src/reg/uvm_reg_predictor.svh(221) @ 150007000: uvm_test_top.env.ahb_predictor [REG_PREDICT] Observed WRITE transaction to register regmodel.TBR: value='hf65eafe5 : updated value = 'he5
# UVM_INFO ./../tb/dut_scoreboard.sv(50) @ 150007000: uvm_test_top.env.dut_sb [SCOREBOARD] 
# ===== Captured data from AHB: 0xf65eafe5
# UVM_INFO ./../tb/dut_scoreboard.sv(71) @ 150007000: uvm_test_top.env.dut_sb [dut_scoreboard] 
# 
# =====[UART TXD] Data comparison =====
# 
# UVM_ERROR ./../tb/dut_scoreboard.sv(76) @ 150007000: uvm_test_top.env.dut_sb [dut_scoreboard] 
# =====[DATA FRAME: 6] FAILED!!! Expected value is 0x25, Actual data is 0x1c =====
# UVM_INFO ./../tb/dut_scoreboard.sv(82) @ 150007000: uvm_test_top.env.dut_sb [dut_scoreboard] 
# 
# =====[UART TXD] Parity comparison =====
# 
# UVM_INFO ./../tb/dut_scoreboard.sv(88) @ 150007000: uvm_test_top.env.dut_sb [dut_scoreboard] 
# =====[PARITY MODE: 0] PASSED SUCCESSFULLY!!! =====
# UVM_INFO ./../vip/uart_vip/uart_monitor.sv(95) @ 150447000: uvm_test_top.env.uart_agt.monitor [uart_monitor] 
# ===== Baud rate actual is       4796, Baud rate expected is       4800 =====
# UVM_INFO ./../vip/uart_vip/uart_monitor.sv(181) @ 153158000: uvm_test_top.env.uart_agt.monitor [uart_monitor] Data read from DUT is ------------------------------------------
# Name         Type              Size  Value
# ------------------------------------------
# trans        uart_transaction  -     @3017
#   direction  direction_e       32    RX   
#   data       integral          9     'h25 
#   parity     integral          1     'h0  
#   stop_bit   integral          2     'h1  
#   baud_rate  integral          32    'h0  
# ------------------------------------------
# 
# UVM_INFO ./../tb/dut_scoreboard.sv(58) @ 153158000: uvm_test_top.env.dut_sb [SCOREBOARD] 
# ===== Captured data from UART: 0x25
# UVM_INFO ./../testcases/uart_txd_x16_random.sv(35) @ 160007000: uvm_test_top [uart_txd_x16_random] --------------------------------------------------------------
# Name                Type                Size  Value           
# --------------------------------------------------------------
# cfg                 uart_configuration  -     @360            
#   parity_mode       parity_mode_e       32    UART_PARITY_NONE
#   sampling          sampling_mode_e     32    MODE_X16        
#   data_width        integral            32    'h6             
#   num_of_stop_bit   integral            32    'h1             
#   baud_rate         integral            32    'h2580          
#   baud_rate_enable  integral            1     'h1             
#   parity_enable     integral            1     'h0             
# --------------------------------------------------------------
# 
# UVM_INFO ./../regmodel/uart_reg2ahb_adapter.sv(42) @ 160007000: reporter [uart_reg2ahb_adapter] bus2reg: address = 0x0 data = 0x0 kind = UVM_WRITE status = UVM_IS_OK
# UVM_INFO /ictc/other/tools/QuestaDVA/questasim/verilog_src/uvm-1.2/src/reg/uvm_reg_predictor.svh(221) @ 160007000: uvm_test_top.env.ahb_predictor [REG_PREDICT] Observed WRITE transaction to register regmodel.MDR: value='h0 : updated value = 'h0
# UVM_INFO ./../regmodel/uart_reg2ahb_adapter.sv(42) @ 160007000: reporter [uart_reg2ahb_adapter] bus2reg: address = 0x4 data = 0x16 kind = UVM_WRITE status = UVM_IS_OK
# UVM_INFO /ictc/other/tools/QuestaDVA/questasim/verilog_src/uvm-1.2/src/reg/uvm_reg_predictor.svh(221) @ 160007000: uvm_test_top.env.ahb_predictor [REG_PREDICT] Observed WRITE transaction to register regmodel.DLL: value='h16 : updated value = 'h16
# UVM_INFO ./../regmodel/uart_reg2ahb_adapter.sv(42) @ 160007000: reporter [uart_reg2ahb_adapter] bus2reg: address = 0x8 data = 0x5 kind = UVM_WRITE status = UVM_IS_OK
# UVM_INFO /ictc/other/tools/QuestaDVA/questasim/verilog_src/uvm-1.2/src/reg/uvm_reg_predictor.svh(221) @ 160007000: uvm_test_top.env.ahb_predictor [REG_PREDICT] Observed WRITE transaction to register regmodel.DLH: value='h5 : updated value = 'h5
# UVM_INFO ./../regmodel/uart_reg2ahb_adapter.sv(42) @ 160007000: reporter [uart_reg2ahb_adapter] bus2reg: address = 0xc data = 0x21 kind = UVM_WRITE status = UVM_IS_OK
# UVM_INFO /ictc/other/tools/QuestaDVA/questasim/verilog_src/uvm-1.2/src/reg/uvm_reg_predictor.svh(221) @ 160007000: uvm_test_top.env.ahb_predictor [REG_PREDICT] Observed WRITE transaction to register regmodel.LCR: value='h21 : updated value = 'h21
# UVM_INFO ./../regmodel/uart_reg2ahb_adapter.sv(42) @ 160007000: reporter [uart_reg2ahb_adapter] bus2reg: address = 0x18 data = 0x45ce0f80 kind = UVM_WRITE status = UVM_IS_OK
# UVM_INFO /ictc/other/tools/QuestaDVA/questasim/verilog_src/uvm-1.2/src/reg/uvm_reg_predictor.svh(221) @ 160007000: uvm_test_top.env.ahb_predictor [REG_PREDICT] Observed WRITE transaction to register regmodel.TBR: value='h45ce0f80 : updated value = 'h80
# UVM_INFO ./../tb/dut_scoreboard.sv(50) @ 160007000: uvm_test_top.env.dut_sb [SCOREBOARD] 
# ===== Captured data from AHB: 0x45ce0f80
# UVM_INFO ./../tb/dut_scoreboard.sv(71) @ 160007000: uvm_test_top.env.dut_sb [dut_scoreboard] 
# 
# =====[UART TXD] Data comparison =====
# 
# UVM_ERROR ./../tb/dut_scoreboard.sv(76) @ 160007000: uvm_test_top.env.dut_sb [dut_scoreboard] 
# =====[DATA FRAME: 6] FAILED!!! Expected value is 0x0, Actual data is 0x25 =====
# UVM_INFO ./../tb/dut_scoreboard.sv(82) @ 160007000: uvm_test_top.env.dut_sb [dut_scoreboard] 
# 
# =====[UART TXD] Parity comparison =====
# 
# UVM_INFO ./../tb/dut_scoreboard.sv(88) @ 160007000: uvm_test_top.env.dut_sb [dut_scoreboard] 
# =====[PARITY MODE: 0] PASSED SUCCESSFULLY!!! =====
# UVM_ERROR ./../vip/uart_vip/uart_monitor.sv(174) @ 161590000: uvm_test_top.env.uart_agt.monitor [uart_monitor] ===== stop bit error detected =====
# UVM_INFO ./../vip/uart_vip/uart_monitor.sv(181) @ 161590000: uvm_test_top.env.uart_agt.monitor [uart_monitor] Data read from DUT is ------------------------------------------
# Name         Type              Size  Value
# ------------------------------------------
# trans        uart_transaction  -     @3151
#   direction  direction_e       32    RX   
#   data       integral          9     'h0  
#   parity     integral          1     'h0  
#   stop_bit   integral          2     'h0  
#   baud_rate  integral          32    'h0  
# ------------------------------------------
# 
# UVM_INFO ./../tb/dut_scoreboard.sv(58) @ 161590000: uvm_test_top.env.dut_sb [SCOREBOARD] 
# ===== Captured data from UART: 0x0
# UVM_INFO ./../vip/uart_vip/uart_monitor.sv(95) @ 162946000: uvm_test_top.env.uart_agt.monitor [uart_monitor] 
# ===== Baud rate actual is        686, Baud rate expected is       9600 =====
# UVM_INFO ./../testcases/uart_txd_x16_random.sv(35) @ 170007000: uvm_test_top [uart_txd_x16_random] --------------------------------------------------------------
# Name                Type                Size  Value           
# --------------------------------------------------------------
# cfg                 uart_configuration  -     @360            
#   parity_mode       parity_mode_e       32    UART_PARITY_NONE
#   sampling          sampling_mode_e     32    MODE_X16        
#   data_width        integral            32    'h6             
#   num_of_stop_bit   integral            32    'h1             
#   baud_rate         integral            32    'h4b00          
#   baud_rate_enable  integral            1     'h1             
#   parity_enable     integral            1     'h0             
# --------------------------------------------------------------
# 
# UVM_INFO ./../regmodel/uart_reg2ahb_adapter.sv(42) @ 170007000: reporter [uart_reg2ahb_adapter] bus2reg: address = 0x0 data = 0x0 kind = UVM_WRITE status = UVM_IS_OK
# UVM_INFO /ictc/other/tools/QuestaDVA/questasim/verilog_src/uvm-1.2/src/reg/uvm_reg_predictor.svh(221) @ 170007000: uvm_test_top.env.ahb_predictor [REG_PREDICT] Observed WRITE transaction to register regmodel.MDR: value='h0 : updated value = 'h0
# UVM_INFO ./../regmodel/uart_reg2ahb_adapter.sv(42) @ 170007000: reporter [uart_reg2ahb_adapter] bus2reg: address = 0x4 data = 0x45 kind = UVM_WRITE status = UVM_IS_OK
# UVM_INFO /ictc/other/tools/QuestaDVA/questasim/verilog_src/uvm-1.2/src/reg/uvm_reg_predictor.svh(221) @ 170007000: uvm_test_top.env.ahb_predictor [REG_PREDICT] Observed WRITE transaction to register regmodel.DLL: value='h45 : updated value = 'h45
# UVM_INFO ./../regmodel/uart_reg2ahb_adapter.sv(42) @ 170007000: reporter [uart_reg2ahb_adapter] bus2reg: address = 0x8 data = 0x1 kind = UVM_WRITE status = UVM_IS_OK
# UVM_INFO /ictc/other/tools/QuestaDVA/questasim/verilog_src/uvm-1.2/src/reg/uvm_reg_predictor.svh(221) @ 170007000: uvm_test_top.env.ahb_predictor [REG_PREDICT] Observed WRITE transaction to register regmodel.DLH: value='h1 : updated value = 'h1
# UVM_INFO ./../regmodel/uart_reg2ahb_adapter.sv(42) @ 170007000: reporter [uart_reg2ahb_adapter] bus2reg: address = 0xc data = 0x21 kind = UVM_WRITE status = UVM_IS_OK
# UVM_INFO /ictc/other/tools/QuestaDVA/questasim/verilog_src/uvm-1.2/src/reg/uvm_reg_predictor.svh(221) @ 170007000: uvm_test_top.env.ahb_predictor [REG_PREDICT] Observed WRITE transaction to register regmodel.LCR: value='h21 : updated value = 'h21
# UVM_INFO ./../regmodel/uart_reg2ahb_adapter.sv(42) @ 170007000: reporter [uart_reg2ahb_adapter] bus2reg: address = 0x18 data = 0x6798e326 kind = UVM_WRITE status = UVM_IS_OK
# UVM_INFO /ictc/other/tools/QuestaDVA/questasim/verilog_src/uvm-1.2/src/reg/uvm_reg_predictor.svh(221) @ 170007000: uvm_test_top.env.ahb_predictor [REG_PREDICT] Observed WRITE transaction to register regmodel.TBR: value='h6798e326 : updated value = 'h26
# UVM_INFO ./../tb/dut_scoreboard.sv(50) @ 170007000: uvm_test_top.env.dut_sb [SCOREBOARD] 
# ===== Captured data from AHB: 0x6798e326
# UVM_INFO ./../tb/dut_scoreboard.sv(71) @ 170007000: uvm_test_top.env.dut_sb [dut_scoreboard] 
# 
# =====[UART TXD] Data comparison =====
# 
# UVM_ERROR ./../tb/dut_scoreboard.sv(76) @ 170007000: uvm_test_top.env.dut_sb [dut_scoreboard] 
# =====[DATA FRAME: 6] FAILED!!! Expected value is 0x26, Actual data is 0x0 =====
# UVM_INFO ./../tb/dut_scoreboard.sv(82) @ 170007000: uvm_test_top.env.dut_sb [dut_scoreboard] 
# 
# =====[UART TXD] Parity comparison =====
# 
# UVM_INFO ./../tb/dut_scoreboard.sv(88) @ 170007000: uvm_test_top.env.dut_sb [dut_scoreboard] 
# =====[PARITY MODE: 0] PASSED SUCCESSFULLY!!! =====
# UVM_INFO ./../vip/uart_vip/uart_monitor.sv(95) @ 170218000: uvm_test_top.env.uart_agt.monitor [uart_monitor] 
# ===== Baud rate actual is       9615, Baud rate expected is      19200 =====
# UVM_INFO ./../vip/uart_vip/uart_monitor.sv(181) @ 170790000: uvm_test_top.env.uart_agt.monitor [uart_monitor] Data read from DUT is ------------------------------------------
# Name         Type              Size  Value
# ------------------------------------------
# trans        uart_transaction  -     @3285
#   direction  direction_e       32    RX   
#   data       integral          9     'h26 
#   parity     integral          1     'h0  
#   stop_bit   integral          2     'h1  
#   baud_rate  integral          32    'h0  
# ------------------------------------------
# 
# UVM_INFO ./../tb/dut_scoreboard.sv(58) @ 170790000: uvm_test_top.env.dut_sb [SCOREBOARD] 
# ===== Captured data from UART: 0x26
# UVM_INFO ./../testcases/uart_txd_x16_random.sv(35) @ 180007000: uvm_test_top [uart_txd_x16_random] --------------------------------------------------------------
# Name                Type                Size  Value           
# --------------------------------------------------------------
# cfg                 uart_configuration  -     @360            
#   parity_mode       parity_mode_e       32    UART_PARITY_NONE
#   sampling          sampling_mode_e     32    MODE_X16        
#   data_width        integral            32    'h6             
#   num_of_stop_bit   integral            32    'h1             
#   baud_rate         integral            32    'h9600          
#   baud_rate_enable  integral            1     'h1             
#   parity_enable     integral            1     'h0             
# --------------------------------------------------------------
# 
# UVM_INFO ./../regmodel/uart_reg2ahb_adapter.sv(42) @ 180007000: reporter [uart_reg2ahb_adapter] bus2reg: address = 0x0 data = 0x0 kind = UVM_WRITE status = UVM_IS_OK
# UVM_INFO /ictc/other/tools/QuestaDVA/questasim/verilog_src/uvm-1.2/src/reg/uvm_reg_predictor.svh(221) @ 180007000: uvm_test_top.env.ahb_predictor [REG_PREDICT] Observed WRITE transaction to register regmodel.MDR: value='h0 : updated value = 'h0
# UVM_INFO ./../regmodel/uart_reg2ahb_adapter.sv(42) @ 180007000: reporter [uart_reg2ahb_adapter] bus2reg: address = 0x4 data = 0xa4 kind = UVM_WRITE status = UVM_IS_OK
# UVM_INFO /ictc/other/tools/QuestaDVA/questasim/verilog_src/uvm-1.2/src/reg/uvm_reg_predictor.svh(221) @ 180007000: uvm_test_top.env.ahb_predictor [REG_PREDICT] Observed WRITE transaction to register regmodel.DLL: value='ha4 : updated value = 'ha4
# UVM_INFO ./../regmodel/uart_reg2ahb_adapter.sv(42) @ 180008000: reporter [uart_reg2ahb_adapter] bus2reg: address = 0x8 data = 0x0 kind = UVM_WRITE status = UVM_IS_OK
# UVM_INFO /ictc/other/tools/QuestaDVA/questasim/verilog_src/uvm-1.2/src/reg/uvm_reg_predictor.svh(221) @ 180008000: uvm_test_top.env.ahb_predictor [REG_PREDICT] Observed WRITE transaction to register regmodel.DLH: value='h0 : updated value = 'h0
# UVM_INFO ./../regmodel/uart_reg2ahb_adapter.sv(42) @ 180008000: reporter [uart_reg2ahb_adapter] bus2reg: address = 0xc data = 0x21 kind = UVM_WRITE status = UVM_IS_OK
# UVM_INFO /ictc/other/tools/QuestaDVA/questasim/verilog_src/uvm-1.2/src/reg/uvm_reg_predictor.svh(221) @ 180008000: uvm_test_top.env.ahb_predictor [REG_PREDICT] Observed WRITE transaction to register regmodel.LCR: value='h21 : updated value = 'h21
# UVM_INFO ./../regmodel/uart_reg2ahb_adapter.sv(42) @ 180008000: reporter [uart_reg2ahb_adapter] bus2reg: address = 0x18 data = 0x2f21d879 kind = UVM_WRITE status = UVM_IS_OK
# UVM_INFO /ictc/other/tools/QuestaDVA/questasim/verilog_src/uvm-1.2/src/reg/uvm_reg_predictor.svh(221) @ 180008000: uvm_test_top.env.ahb_predictor [REG_PREDICT] Observed WRITE transaction to register regmodel.TBR: value='h2f21d879 : updated value = 'h79
# UVM_INFO ./../tb/dut_scoreboard.sv(50) @ 180008000: uvm_test_top.env.dut_sb [SCOREBOARD] 
# ===== Captured data from AHB: 0x2f21d879
# UVM_INFO ./../tb/dut_scoreboard.sv(71) @ 180008000: uvm_test_top.env.dut_sb [dut_scoreboard] 
# 
# =====[UART TXD] Data comparison =====
# 
# UVM_ERROR ./../tb/dut_scoreboard.sv(76) @ 180008000: uvm_test_top.env.dut_sb [dut_scoreboard] 
# =====[DATA FRAME: 6] FAILED!!! Expected value is 0x39, Actual data is 0x26 =====
# UVM_INFO ./../tb/dut_scoreboard.sv(82) @ 180008000: uvm_test_top.env.dut_sb [dut_scoreboard] 
# 
# =====[UART TXD] Parity comparison =====
# 
# UVM_INFO ./../tb/dut_scoreboard.sv(88) @ 180008000: uvm_test_top.env.dut_sb [dut_scoreboard] 
# =====[PARITY MODE: 0] PASSED SUCCESSFULLY!!! =====
# UVM_INFO ./../vip/uart_vip/uart_monitor.sv(95) @ 180062000: uvm_test_top.env.uart_agt.monitor [uart_monitor] 
# ===== Baud rate actual is      38462, Baud rate expected is      38400 =====
# UVM_INFO ./../vip/uart_vip/uart_monitor.sv(181) @ 180400000: uvm_test_top.env.uart_agt.monitor [uart_monitor] Data read from DUT is ------------------------------------------
# Name         Type              Size  Value
# ------------------------------------------
# trans        uart_transaction  -     @3421
#   direction  direction_e       32    RX   
#   data       integral          9     'h39 
#   parity     integral          1     'h0  
#   stop_bit   integral          2     'h1  
#   baud_rate  integral          32    'h0  
# ------------------------------------------
# 
# UVM_INFO ./../tb/dut_scoreboard.sv(58) @ 180400000: uvm_test_top.env.dut_sb [SCOREBOARD] 
# ===== Captured data from UART: 0x39
# UVM_INFO ./../testcases/uart_txd_x16_random.sv(35) @ 190008000: uvm_test_top [uart_txd_x16_random] --------------------------------------------------------------
# Name                Type                Size  Value           
# --------------------------------------------------------------
# cfg                 uart_configuration  -     @360            
#   parity_mode       parity_mode_e       32    UART_PARITY_NONE
#   sampling          sampling_mode_e     32    MODE_X16        
#   data_width        integral            32    'h6             
#   num_of_stop_bit   integral            32    'h1             
#   baud_rate         integral            32    'h12c00         
#   baud_rate_enable  integral            1     'h1             
#   parity_enable     integral            1     'h0             
# --------------------------------------------------------------
# 
# UVM_INFO ./../regmodel/uart_reg2ahb_adapter.sv(42) @ 190008000: reporter [uart_reg2ahb_adapter] bus2reg: address = 0x0 data = 0x0 kind = UVM_WRITE status = UVM_IS_OK
# UVM_INFO /ictc/other/tools/QuestaDVA/questasim/verilog_src/uvm-1.2/src/reg/uvm_reg_predictor.svh(221) @ 190008000: uvm_test_top.env.ahb_predictor [REG_PREDICT] Observed WRITE transaction to register regmodel.MDR: value='h0 : updated value = 'h0
# UVM_INFO ./../regmodel/uart_reg2ahb_adapter.sv(42) @ 190008000: reporter [uart_reg2ahb_adapter] bus2reg: address = 0x4 data = 0x51 kind = UVM_WRITE status = UVM_IS_OK
# UVM_INFO /ictc/other/tools/QuestaDVA/questasim/verilog_src/uvm-1.2/src/reg/uvm_reg_predictor.svh(221) @ 190008000: uvm_test_top.env.ahb_predictor [REG_PREDICT] Observed WRITE transaction to register regmodel.DLL: value='h51 : updated value = 'h51
# UVM_INFO ./../regmodel/uart_reg2ahb_adapter.sv(42) @ 190008000: reporter [uart_reg2ahb_adapter] bus2reg: address = 0x8 data = 0x0 kind = UVM_WRITE status = UVM_IS_OK
# UVM_INFO /ictc/other/tools/QuestaDVA/questasim/verilog_src/uvm-1.2/src/reg/uvm_reg_predictor.svh(221) @ 190008000: uvm_test_top.env.ahb_predictor [REG_PREDICT] Observed WRITE transaction to register regmodel.DLH: value='h0 : updated value = 'h0
# UVM_INFO ./../regmodel/uart_reg2ahb_adapter.sv(42) @ 190008000: reporter [uart_reg2ahb_adapter] bus2reg: address = 0xc data = 0x21 kind = UVM_WRITE status = UVM_IS_OK
# UVM_INFO /ictc/other/tools/QuestaDVA/questasim/verilog_src/uvm-1.2/src/reg/uvm_reg_predictor.svh(221) @ 190008000: uvm_test_top.env.ahb_predictor [REG_PREDICT] Observed WRITE transaction to register regmodel.LCR: value='h21 : updated value = 'h21
# UVM_INFO ./../regmodel/uart_reg2ahb_adapter.sv(42) @ 190008000: reporter [uart_reg2ahb_adapter] bus2reg: address = 0x18 data = 0xc051db51 kind = UVM_WRITE status = UVM_IS_OK
# UVM_INFO /ictc/other/tools/QuestaDVA/questasim/verilog_src/uvm-1.2/src/reg/uvm_reg_predictor.svh(221) @ 190008000: uvm_test_top.env.ahb_predictor [REG_PREDICT] Observed WRITE transaction to register regmodel.TBR: value='hc051db51 : updated value = 'h51
# UVM_INFO ./../tb/dut_scoreboard.sv(50) @ 190008000: uvm_test_top.env.dut_sb [SCOREBOARD] 
# ===== Captured data from AHB: 0xc051db51
# UVM_INFO ./../tb/dut_scoreboard.sv(71) @ 190008000: uvm_test_top.env.dut_sb [dut_scoreboard] 
# 
# =====[UART TXD] Data comparison =====
# 
# UVM_ERROR ./../tb/dut_scoreboard.sv(76) @ 190008000: uvm_test_top.env.dut_sb [dut_scoreboard] 
# =====[DATA FRAME: 6] FAILED!!! Expected value is 0x11, Actual data is 0x39 =====
# UVM_INFO ./../tb/dut_scoreboard.sv(82) @ 190008000: uvm_test_top.env.dut_sb [dut_scoreboard] 
# 
# =====[UART TXD] Parity comparison =====
# 
# UVM_INFO ./../tb/dut_scoreboard.sv(88) @ 190008000: uvm_test_top.env.dut_sb [dut_scoreboard] 
# =====[PARITY MODE: 0] PASSED SUCCESSFULLY!!! =====
# UVM_INFO ./../vip/uart_vip/uart_monitor.sv(95) @ 190035000: uvm_test_top.env.uart_agt.monitor [uart_monitor] 
# ===== Baud rate actual is      76923, Baud rate expected is      76800 =====
# UVM_INFO ./../vip/uart_vip/uart_monitor.sv(181) @ 190204000: uvm_test_top.env.uart_agt.monitor [uart_monitor] Data read from DUT is ------------------------------------------
# Name         Type              Size  Value
# ------------------------------------------
# trans        uart_transaction  -     @3555
#   direction  direction_e       32    RX   
#   data       integral          9     'h11 
#   parity     integral          1     'h0  
#   stop_bit   integral          2     'h1  
#   baud_rate  integral          32    'h0  
# ------------------------------------------
# 
# UVM_INFO ./../tb/dut_scoreboard.sv(58) @ 190204000: uvm_test_top.env.dut_sb [SCOREBOARD] 
# ===== Captured data from UART: 0x11
# UVM_INFO ./../testcases/uart_txd_x16_random.sv(35) @ 200008000: uvm_test_top [uart_txd_x16_random] --------------------------------------------------------------
# Name                Type                Size  Value           
# --------------------------------------------------------------
# cfg                 uart_configuration  -     @360            
#   parity_mode       parity_mode_e       32    UART_PARITY_NONE
#   sampling          sampling_mode_e     32    MODE_X16        
#   data_width        integral            32    'h6             
#   num_of_stop_bit   integral            32    'h1             
#   baud_rate         integral            32    'h1c200         
#   baud_rate_enable  integral            1     'h1             
#   parity_enable     integral            1     'h0             
# --------------------------------------------------------------
# 
# UVM_INFO ./../regmodel/uart_reg2ahb_adapter.sv(42) @ 200008000: reporter [uart_reg2ahb_adapter] bus2reg: address = 0x0 data = 0x0 kind = UVM_WRITE status = UVM_IS_OK
# UVM_INFO /ictc/other/tools/QuestaDVA/questasim/verilog_src/uvm-1.2/src/reg/uvm_reg_predictor.svh(221) @ 200008000: uvm_test_top.env.ahb_predictor [REG_PREDICT] Observed WRITE transaction to register regmodel.MDR: value='h0 : updated value = 'h0
# UVM_INFO ./../regmodel/uart_reg2ahb_adapter.sv(42) @ 200008000: reporter [uart_reg2ahb_adapter] bus2reg: address = 0x4 data = 0x36 kind = UVM_WRITE status = UVM_IS_OK
# UVM_INFO /ictc/other/tools/QuestaDVA/questasim/verilog_src/uvm-1.2/src/reg/uvm_reg_predictor.svh(221) @ 200008000: uvm_test_top.env.ahb_predictor [REG_PREDICT] Observed WRITE transaction to register regmodel.DLL: value='h36 : updated value = 'h36
# UVM_INFO ./../regmodel/uart_reg2ahb_adapter.sv(42) @ 200008000: reporter [uart_reg2ahb_adapter] bus2reg: address = 0x8 data = 0x0 kind = UVM_WRITE status = UVM_IS_OK
# UVM_INFO /ictc/other/tools/QuestaDVA/questasim/verilog_src/uvm-1.2/src/reg/uvm_reg_predictor.svh(221) @ 200008000: uvm_test_top.env.ahb_predictor [REG_PREDICT] Observed WRITE transaction to register regmodel.DLH: value='h0 : updated value = 'h0
# UVM_INFO ./../regmodel/uart_reg2ahb_adapter.sv(42) @ 200008000: reporter [uart_reg2ahb_adapter] bus2reg: address = 0xc data = 0x21 kind = UVM_WRITE status = UVM_IS_OK
# UVM_INFO /ictc/other/tools/QuestaDVA/questasim/verilog_src/uvm-1.2/src/reg/uvm_reg_predictor.svh(221) @ 200008000: uvm_test_top.env.ahb_predictor [REG_PREDICT] Observed WRITE transaction to register regmodel.LCR: value='h21 : updated value = 'h21
# UVM_INFO ./../regmodel/uart_reg2ahb_adapter.sv(42) @ 200009000: reporter [uart_reg2ahb_adapter] bus2reg: address = 0x18 data = 0xca596819 kind = UVM_WRITE status = UVM_IS_OK
# UVM_INFO /ictc/other/tools/QuestaDVA/questasim/verilog_src/uvm-1.2/src/reg/uvm_reg_predictor.svh(221) @ 200009000: uvm_test_top.env.ahb_predictor [REG_PREDICT] Observed WRITE transaction to register regmodel.TBR: value='hca596819 : updated value = 'h19
# UVM_INFO ./../tb/dut_scoreboard.sv(50) @ 200009000: uvm_test_top.env.dut_sb [SCOREBOARD] 
# ===== Captured data from AHB: 0xca596819
# UVM_INFO ./../tb/dut_scoreboard.sv(71) @ 200009000: uvm_test_top.env.dut_sb [dut_scoreboard] 
# 
# =====[UART TXD] Data comparison =====
# 
# UVM_ERROR ./../tb/dut_scoreboard.sv(76) @ 200009000: uvm_test_top.env.dut_sb [dut_scoreboard] 
# =====[DATA FRAME: 6] FAILED!!! Expected value is 0x19, Actual data is 0x11 =====
# UVM_INFO ./../tb/dut_scoreboard.sv(82) @ 200009000: uvm_test_top.env.dut_sb [dut_scoreboard] 
# 
# =====[UART TXD] Parity comparison =====
# 
# UVM_INFO ./../tb/dut_scoreboard.sv(88) @ 200009000: uvm_test_top.env.dut_sb [dut_scoreboard] 
# =====[PARITY MODE: 0] PASSED SUCCESSFULLY!!! =====
# UVM_INFO ./../vip/uart_vip/uart_monitor.sv(95) @ 200027000: uvm_test_top.env.uart_agt.monitor [uart_monitor] 
# ===== Baud rate actual is     117647, Baud rate expected is     115200 =====
# UVM_INFO ./../vip/uart_vip/uart_monitor.sv(181) @ 200137000: uvm_test_top.env.uart_agt.monitor [uart_monitor] Data read from DUT is ------------------------------------------
# Name         Type              Size  Value
# ------------------------------------------
# trans        uart_transaction  -     @3689
#   direction  direction_e       32    RX   
#   data       integral          9     'h19 
#   parity     integral          1     'h0  
#   stop_bit   integral          2     'h1  
#   baud_rate  integral          32    'h0  
# ------------------------------------------
# 
# UVM_INFO ./../tb/dut_scoreboard.sv(58) @ 200137000: uvm_test_top.env.dut_sb [SCOREBOARD] 
# ===== Captured data from UART: 0x19
# UVM_INFO ./../testcases/uart_txd_x16_random.sv(35) @ 210009000: uvm_test_top [uart_txd_x16_random] --------------------------------------------------------------
# Name                Type                Size  Value           
# --------------------------------------------------------------
# cfg                 uart_configuration  -     @360            
#   parity_mode       parity_mode_e       32    UART_PARITY_NONE
#   sampling          sampling_mode_e     32    MODE_X16        
#   data_width        integral            32    'h6             
#   num_of_stop_bit   integral            32    'h2             
#   baud_rate         integral            32    'h960           
#   baud_rate_enable  integral            1     'h1             
#   parity_enable     integral            1     'h0             
# --------------------------------------------------------------
# 
# UVM_INFO ./../regmodel/uart_reg2ahb_adapter.sv(42) @ 210009000: reporter [uart_reg2ahb_adapter] bus2reg: address = 0x0 data = 0x0 kind = UVM_WRITE status = UVM_IS_OK
# UVM_INFO /ictc/other/tools/QuestaDVA/questasim/verilog_src/uvm-1.2/src/reg/uvm_reg_predictor.svh(221) @ 210009000: uvm_test_top.env.ahb_predictor [REG_PREDICT] Observed WRITE transaction to register regmodel.MDR: value='h0 : updated value = 'h0
# UVM_INFO ./../regmodel/uart_reg2ahb_adapter.sv(42) @ 210009000: reporter [uart_reg2ahb_adapter] bus2reg: address = 0x4 data = 0x2c kind = UVM_WRITE status = UVM_IS_OK
# UVM_INFO /ictc/other/tools/QuestaDVA/questasim/verilog_src/uvm-1.2/src/reg/uvm_reg_predictor.svh(221) @ 210009000: uvm_test_top.env.ahb_predictor [REG_PREDICT] Observed WRITE transaction to register regmodel.DLL: value='h2c : updated value = 'h2c
# UVM_INFO ./../regmodel/uart_reg2ahb_adapter.sv(42) @ 210009000: reporter [uart_reg2ahb_adapter] bus2reg: address = 0x8 data = 0xa kind = UVM_WRITE status = UVM_IS_OK
# UVM_INFO /ictc/other/tools/QuestaDVA/questasim/verilog_src/uvm-1.2/src/reg/uvm_reg_predictor.svh(221) @ 210009000: uvm_test_top.env.ahb_predictor [REG_PREDICT] Observed WRITE transaction to register regmodel.DLH: value='ha : updated value = 'ha
# UVM_INFO ./../regmodel/uart_reg2ahb_adapter.sv(42) @ 210009000: reporter [uart_reg2ahb_adapter] bus2reg: address = 0xc data = 0x25 kind = UVM_WRITE status = UVM_IS_OK
# UVM_INFO /ictc/other/tools/QuestaDVA/questasim/verilog_src/uvm-1.2/src/reg/uvm_reg_predictor.svh(221) @ 210009000: uvm_test_top.env.ahb_predictor [REG_PREDICT] Observed WRITE transaction to register regmodel.LCR: value='h25 : updated value = 'h25
# UVM_INFO ./../regmodel/uart_reg2ahb_adapter.sv(42) @ 210009000: reporter [uart_reg2ahb_adapter] bus2reg: address = 0x18 data = 0xc482dfd5 kind = UVM_WRITE status = UVM_IS_OK
# UVM_INFO /ictc/other/tools/QuestaDVA/questasim/verilog_src/uvm-1.2/src/reg/uvm_reg_predictor.svh(221) @ 210009000: uvm_test_top.env.ahb_predictor [REG_PREDICT] Observed WRITE transaction to register regmodel.TBR: value='hc482dfd5 : updated value = 'hd5
# UVM_INFO ./../tb/dut_scoreboard.sv(50) @ 210009000: uvm_test_top.env.dut_sb [SCOREBOARD] 
# ===== Captured data from AHB: 0xc482dfd5
# UVM_INFO ./../tb/dut_scoreboard.sv(71) @ 210009000: uvm_test_top.env.dut_sb [dut_scoreboard] 
# 
# =====[UART TXD] Data comparison =====
# 
# UVM_ERROR ./../tb/dut_scoreboard.sv(76) @ 210009000: uvm_test_top.env.dut_sb [dut_scoreboard] 
# =====[DATA FRAME: 6] FAILED!!! Expected value is 0x15, Actual data is 0x19 =====
# UVM_INFO ./../tb/dut_scoreboard.sv(82) @ 210009000: uvm_test_top.env.dut_sb [dut_scoreboard] 
# 
# =====[UART TXD] Parity comparison =====
# 
# UVM_INFO ./../tb/dut_scoreboard.sv(88) @ 210009000: uvm_test_top.env.dut_sb [dut_scoreboard] 
# =====[PARITY MODE: 0] PASSED SUCCESSFULLY!!! =====
# UVM_INFO ./../vip/uart_vip/uart_monitor.sv(95) @ 210894000: uvm_test_top.env.uart_agt.monitor [uart_monitor] 
# ===== Baud rate actual is       2398, Baud rate expected is       2400 =====
# UVM_INFO ./../vip/uart_vip/uart_monitor.sv(181) @ 217141000: uvm_test_top.env.uart_agt.monitor [uart_monitor] Data read from DUT is ------------------------------------------
# Name         Type              Size  Value
# ------------------------------------------
# trans        uart_transaction  -     @3823
#   direction  direction_e       32    RX   
#   data       integral          9     'h15 
#   parity     integral          1     'h0  
#   stop_bit   integral          2     'h1  
#   baud_rate  integral          32    'h0  
# ------------------------------------------
# 
# UVM_INFO ./../tb/dut_scoreboard.sv(58) @ 217141000: uvm_test_top.env.dut_sb [SCOREBOARD] 
# ===== Captured data from UART: 0x15
# UVM_INFO ./../testcases/uart_txd_x16_random.sv(35) @ 220009000: uvm_test_top [uart_txd_x16_random] --------------------------------------------------------------
# Name                Type                Size  Value           
# --------------------------------------------------------------
# cfg                 uart_configuration  -     @360            
#   parity_mode       parity_mode_e       32    UART_PARITY_NONE
#   sampling          sampling_mode_e     32    MODE_X16        
#   data_width        integral            32    'h6             
#   num_of_stop_bit   integral            32    'h2             
#   baud_rate         integral            32    'h12c0          
#   baud_rate_enable  integral            1     'h1             
#   parity_enable     integral            1     'h0             
# --------------------------------------------------------------
# 
# UVM_INFO ./../regmodel/uart_reg2ahb_adapter.sv(42) @ 220009000: reporter [uart_reg2ahb_adapter] bus2reg: address = 0x0 data = 0x0 kind = UVM_WRITE status = UVM_IS_OK
# UVM_INFO /ictc/other/tools/QuestaDVA/questasim/verilog_src/uvm-1.2/src/reg/uvm_reg_predictor.svh(221) @ 220009000: uvm_test_top.env.ahb_predictor [REG_PREDICT] Observed WRITE transaction to register regmodel.MDR: value='h0 : updated value = 'h0
# UVM_INFO ./../regmodel/uart_reg2ahb_adapter.sv(42) @ 220009000: reporter [uart_reg2ahb_adapter] bus2reg: address = 0x4 data = 0x16 kind = UVM_WRITE status = UVM_IS_OK
# UVM_INFO /ictc/other/tools/QuestaDVA/questasim/verilog_src/uvm-1.2/src/reg/uvm_reg_predictor.svh(221) @ 220009000: uvm_test_top.env.ahb_predictor [REG_PREDICT] Observed WRITE transaction to register regmodel.DLL: value='h16 : updated value = 'h16
# UVM_INFO ./../regmodel/uart_reg2ahb_adapter.sv(42) @ 220009000: reporter [uart_reg2ahb_adapter] bus2reg: address = 0x8 data = 0x5 kind = UVM_WRITE status = UVM_IS_OK
# UVM_INFO /ictc/other/tools/QuestaDVA/questasim/verilog_src/uvm-1.2/src/reg/uvm_reg_predictor.svh(221) @ 220009000: uvm_test_top.env.ahb_predictor [REG_PREDICT] Observed WRITE transaction to register regmodel.DLH: value='h5 : updated value = 'h5
# UVM_INFO ./../regmodel/uart_reg2ahb_adapter.sv(42) @ 220009000: reporter [uart_reg2ahb_adapter] bus2reg: address = 0xc data = 0x25 kind = UVM_WRITE status = UVM_IS_OK
# UVM_INFO /ictc/other/tools/QuestaDVA/questasim/verilog_src/uvm-1.2/src/reg/uvm_reg_predictor.svh(221) @ 220009000: uvm_test_top.env.ahb_predictor [REG_PREDICT] Observed WRITE transaction to register regmodel.LCR: value='h25 : updated value = 'h25
# UVM_INFO ./../regmodel/uart_reg2ahb_adapter.sv(42) @ 220009000: reporter [uart_reg2ahb_adapter] bus2reg: address = 0x18 data = 0x7435fdda kind = UVM_WRITE status = UVM_IS_OK
# UVM_INFO /ictc/other/tools/QuestaDVA/questasim/verilog_src/uvm-1.2/src/reg/uvm_reg_predictor.svh(221) @ 220009000: uvm_test_top.env.ahb_predictor [REG_PREDICT] Observed WRITE transaction to register regmodel.TBR: value='h7435fdda : updated value = 'hda
# UVM_INFO ./../tb/dut_scoreboard.sv(50) @ 220009000: uvm_test_top.env.dut_sb [SCOREBOARD] 
# ===== Captured data from AHB: 0x7435fdda
# UVM_INFO ./../tb/dut_scoreboard.sv(71) @ 220009000: uvm_test_top.env.dut_sb [dut_scoreboard] 
# 
# =====[UART TXD] Data comparison =====
# 
# UVM_ERROR ./../tb/dut_scoreboard.sv(76) @ 220009000: uvm_test_top.env.dut_sb [dut_scoreboard] 
# =====[DATA FRAME: 6] FAILED!!! Expected value is 0x1a, Actual data is 0x15 =====
# UVM_INFO ./../tb/dut_scoreboard.sv(82) @ 220009000: uvm_test_top.env.dut_sb [dut_scoreboard] 
# 
# =====[UART TXD] Parity comparison =====
# 
# UVM_INFO ./../tb/dut_scoreboard.sv(88) @ 220009000: uvm_test_top.env.dut_sb [dut_scoreboard] 
# =====[PARITY MODE: 0] PASSED SUCCESSFULLY!!! =====
# UVM_INFO ./../vip/uart_vip/uart_monitor.sv(95) @ 220867000: uvm_test_top.env.uart_agt.monitor [uart_monitor] 
# ===== Baud rate actual is       2401, Baud rate expected is       4800 =====
# UVM_INFO ./../vip/uart_vip/uart_monitor.sv(181) @ 223578000: uvm_test_top.env.uart_agt.monitor [uart_monitor] Data read from DUT is ------------------------------------------
# Name         Type              Size  Value
# ------------------------------------------
# trans        uart_transaction  -     @3957
#   direction  direction_e       32    RX   
#   data       integral          9     'h1a 
#   parity     integral          1     'h0  
#   stop_bit   integral          2     'h1  
#   baud_rate  integral          32    'h0  
# ------------------------------------------
# 
# UVM_INFO ./../tb/dut_scoreboard.sv(58) @ 223578000: uvm_test_top.env.dut_sb [SCOREBOARD] 
# ===== Captured data from UART: 0x1a
# UVM_INFO ./../testcases/uart_txd_x16_random.sv(35) @ 230009000: uvm_test_top [uart_txd_x16_random] --------------------------------------------------------------
# Name                Type                Size  Value           
# --------------------------------------------------------------
# cfg                 uart_configuration  -     @360            
#   parity_mode       parity_mode_e       32    UART_PARITY_NONE
#   sampling          sampling_mode_e     32    MODE_X16        
#   data_width        integral            32    'h6             
#   num_of_stop_bit   integral            32    'h2             
#   baud_rate         integral            32    'h2580          
#   baud_rate_enable  integral            1     'h1             
#   parity_enable     integral            1     'h0             
# --------------------------------------------------------------
# 
# UVM_INFO ./../regmodel/uart_reg2ahb_adapter.sv(42) @ 230009000: reporter [uart_reg2ahb_adapter] bus2reg: address = 0x0 data = 0x0 kind = UVM_WRITE status = UVM_IS_OK
# UVM_INFO /ictc/other/tools/QuestaDVA/questasim/verilog_src/uvm-1.2/src/reg/uvm_reg_predictor.svh(221) @ 230009000: uvm_test_top.env.ahb_predictor [REG_PREDICT] Observed WRITE transaction to register regmodel.MDR: value='h0 : updated value = 'h0
# UVM_INFO ./../regmodel/uart_reg2ahb_adapter.sv(42) @ 230009000: reporter [uart_reg2ahb_adapter] bus2reg: address = 0x4 data = 0x16 kind = UVM_WRITE status = UVM_IS_OK
# UVM_INFO /ictc/other/tools/QuestaDVA/questasim/verilog_src/uvm-1.2/src/reg/uvm_reg_predictor.svh(221) @ 230009000: uvm_test_top.env.ahb_predictor [REG_PREDICT] Observed WRITE transaction to register regmodel.DLL: value='h16 : updated value = 'h16
# UVM_INFO ./../regmodel/uart_reg2ahb_adapter.sv(42) @ 230010000: reporter [uart_reg2ahb_adapter] bus2reg: address = 0x8 data = 0x5 kind = UVM_WRITE status = UVM_IS_OK
# UVM_INFO /ictc/other/tools/QuestaDVA/questasim/verilog_src/uvm-1.2/src/reg/uvm_reg_predictor.svh(221) @ 230010000: uvm_test_top.env.ahb_predictor [REG_PREDICT] Observed WRITE transaction to register regmodel.DLH: value='h5 : updated value = 'h5
# UVM_INFO ./../regmodel/uart_reg2ahb_adapter.sv(42) @ 230010000: reporter [uart_reg2ahb_adapter] bus2reg: address = 0xc data = 0x25 kind = UVM_WRITE status = UVM_IS_OK
# UVM_INFO /ictc/other/tools/QuestaDVA/questasim/verilog_src/uvm-1.2/src/reg/uvm_reg_predictor.svh(221) @ 230010000: uvm_test_top.env.ahb_predictor [REG_PREDICT] Observed WRITE transaction to register regmodel.LCR: value='h25 : updated value = 'h25
# UVM_INFO ./../regmodel/uart_reg2ahb_adapter.sv(42) @ 230010000: reporter [uart_reg2ahb_adapter] bus2reg: address = 0x18 data = 0x260474f2 kind = UVM_WRITE status = UVM_IS_OK
# UVM_INFO /ictc/other/tools/QuestaDVA/questasim/verilog_src/uvm-1.2/src/reg/uvm_reg_predictor.svh(221) @ 230010000: uvm_test_top.env.ahb_predictor [REG_PREDICT] Observed WRITE transaction to register regmodel.TBR: value='h260474f2 : updated value = 'hf2
# UVM_INFO ./../tb/dut_scoreboard.sv(50) @ 230010000: uvm_test_top.env.dut_sb [SCOREBOARD] 
# ===== Captured data from AHB: 0x260474f2
# UVM_INFO ./../tb/dut_scoreboard.sv(71) @ 230010000: uvm_test_top.env.dut_sb [dut_scoreboard] 
# 
# =====[UART TXD] Data comparison =====
# 
# UVM_ERROR ./../tb/dut_scoreboard.sv(76) @ 230010000: uvm_test_top.env.dut_sb [dut_scoreboard] 
# =====[DATA FRAME: 6] FAILED!!! Expected value is 0x32, Actual data is 0x1a =====
# UVM_INFO ./../tb/dut_scoreboard.sv(82) @ 230010000: uvm_test_top.env.dut_sb [dut_scoreboard] 
# 
# =====[UART TXD] Parity comparison =====
# 
# UVM_INFO ./../tb/dut_scoreboard.sv(88) @ 230010000: uvm_test_top.env.dut_sb [dut_scoreboard] 
# =====[PARITY MODE: 0] PASSED SUCCESSFULLY!!! =====
# UVM_INFO ./../vip/uart_vip/uart_monitor.sv(95) @ 230866000: uvm_test_top.env.uart_agt.monitor [uart_monitor] 
# ===== Baud rate actual is       2401, Baud rate expected is       9600 =====
# UVM_ERROR ./../vip/uart_vip/uart_monitor.sv(174) @ 231593000: uvm_test_top.env.uart_agt.monitor [uart_monitor] ===== stop bit error detected =====
# UVM_ERROR ./../vip/uart_vip/uart_monitor.sv(174) @ 231801000: uvm_test_top.env.uart_agt.monitor [uart_monitor] ===== stop bit error detected =====
# UVM_INFO ./../vip/uart_vip/uart_monitor.sv(181) @ 231801000: uvm_test_top.env.uart_agt.monitor [uart_monitor] Data read from DUT is ------------------------------------------
# Name         Type              Size  Value
# ------------------------------------------
# trans        uart_transaction  -     @4091
#   direction  direction_e       32    RX   
#   data       integral          9     'h18 
#   parity     integral          1     'h0  
#   stop_bit   integral          2     'h0  
#   baud_rate  integral          32    'h0  
# ------------------------------------------
# 
# UVM_INFO ./../tb/dut_scoreboard.sv(58) @ 231801000: uvm_test_top.env.dut_sb [SCOREBOARD] 
# ===== Captured data from UART: 0x18
# UVM_INFO ./../testcases/uart_txd_x16_random.sv(35) @ 240010000: uvm_test_top [uart_txd_x16_random] --------------------------------------------------------------
# Name                Type                Size  Value           
# --------------------------------------------------------------
# cfg                 uart_configuration  -     @360            
#   parity_mode       parity_mode_e       32    UART_PARITY_NONE
#   sampling          sampling_mode_e     32    MODE_X16        
#   data_width        integral            32    'h6             
#   num_of_stop_bit   integral            32    'h2             
#   baud_rate         integral            32    'h4b00          
#   baud_rate_enable  integral            1     'h1             
#   parity_enable     integral            1     'h0             
# --------------------------------------------------------------
# 
# UVM_INFO ./../regmodel/uart_reg2ahb_adapter.sv(42) @ 240010000: reporter [uart_reg2ahb_adapter] bus2reg: address = 0x0 data = 0x0 kind = UVM_WRITE status = UVM_IS_OK
# UVM_INFO /ictc/other/tools/QuestaDVA/questasim/verilog_src/uvm-1.2/src/reg/uvm_reg_predictor.svh(221) @ 240010000: uvm_test_top.env.ahb_predictor [REG_PREDICT] Observed WRITE transaction to register regmodel.MDR: value='h0 : updated value = 'h0
# UVM_INFO ./../regmodel/uart_reg2ahb_adapter.sv(42) @ 240010000: reporter [uart_reg2ahb_adapter] bus2reg: address = 0x4 data = 0x45 kind = UVM_WRITE status = UVM_IS_OK
# UVM_INFO /ictc/other/tools/QuestaDVA/questasim/verilog_src/uvm-1.2/src/reg/uvm_reg_predictor.svh(221) @ 240010000: uvm_test_top.env.ahb_predictor [REG_PREDICT] Observed WRITE transaction to register regmodel.DLL: value='h45 : updated value = 'h45
# UVM_INFO ./../regmodel/uart_reg2ahb_adapter.sv(42) @ 240010000: reporter [uart_reg2ahb_adapter] bus2reg: address = 0x8 data = 0x1 kind = UVM_WRITE status = UVM_IS_OK
# UVM_INFO /ictc/other/tools/QuestaDVA/questasim/verilog_src/uvm-1.2/src/reg/uvm_reg_predictor.svh(221) @ 240010000: uvm_test_top.env.ahb_predictor [REG_PREDICT] Observed WRITE transaction to register regmodel.DLH: value='h1 : updated value = 'h1
# UVM_INFO ./../regmodel/uart_reg2ahb_adapter.sv(42) @ 240010000: reporter [uart_reg2ahb_adapter] bus2reg: address = 0xc data = 0x25 kind = UVM_WRITE status = UVM_IS_OK
# UVM_INFO /ictc/other/tools/QuestaDVA/questasim/verilog_src/uvm-1.2/src/reg/uvm_reg_predictor.svh(221) @ 240010000: uvm_test_top.env.ahb_predictor [REG_PREDICT] Observed WRITE transaction to register regmodel.LCR: value='h25 : updated value = 'h25
# UVM_INFO ./../regmodel/uart_reg2ahb_adapter.sv(42) @ 240010000: reporter [uart_reg2ahb_adapter] bus2reg: address = 0x18 data = 0x2b71f47 kind = UVM_WRITE status = UVM_IS_OK
# UVM_INFO /ictc/other/tools/QuestaDVA/questasim/verilog_src/uvm-1.2/src/reg/uvm_reg_predictor.svh(221) @ 240010000: uvm_test_top.env.ahb_predictor [REG_PREDICT] Observed WRITE transaction to register regmodel.TBR: value='h2b71f47 : updated value = 'h47
# UVM_INFO ./../tb/dut_scoreboard.sv(50) @ 240010000: uvm_test_top.env.dut_sb [SCOREBOARD] 
# ===== Captured data from AHB: 0x2b71f47
# UVM_INFO ./../tb/dut_scoreboard.sv(71) @ 240010000: uvm_test_top.env.dut_sb [dut_scoreboard] 
# 
# =====[UART TXD] Data comparison =====
# 
# UVM_ERROR ./../tb/dut_scoreboard.sv(76) @ 240010000: uvm_test_top.env.dut_sb [dut_scoreboard] 
# =====[DATA FRAME: 6] FAILED!!! Expected value is 0x7, Actual data is 0x18 =====
# UVM_INFO ./../tb/dut_scoreboard.sv(82) @ 240010000: uvm_test_top.env.dut_sb [dut_scoreboard] 
# 
# =====[UART TXD] Parity comparison =====
# 
# UVM_INFO ./../tb/dut_scoreboard.sv(88) @ 240010000: uvm_test_top.env.dut_sb [dut_scoreboard] 
# =====[PARITY MODE: 0] PASSED SUCCESSFULLY!!! =====
# UVM_INFO ./../vip/uart_vip/uart_monitor.sv(95) @ 240117000: uvm_test_top.env.uart_agt.monitor [uart_monitor] 
# ===== Baud rate actual is      19231, Baud rate expected is      19200 =====
# UVM_INFO ./../vip/uart_vip/uart_monitor.sv(181) @ 240897000: uvm_test_top.env.uart_agt.monitor [uart_monitor] Data read from DUT is ------------------------------------------
# Name         Type              Size  Value
# ------------------------------------------
# trans        uart_transaction  -     @4229
#   direction  direction_e       32    RX   
#   data       integral          9     'h7  
#   parity     integral          1     'h0  
#   stop_bit   integral          2     'h1  
#   baud_rate  integral          32    'h0  
# ------------------------------------------
# 
# UVM_INFO ./../tb/dut_scoreboard.sv(58) @ 240897000: uvm_test_top.env.dut_sb [SCOREBOARD] 
# ===== Captured data from UART: 0x7
# UVM_INFO ./../testcases/uart_txd_x16_random.sv(35) @ 250010000: uvm_test_top [uart_txd_x16_random] --------------------------------------------------------------
# Name                Type                Size  Value           
# --------------------------------------------------------------
# cfg                 uart_configuration  -     @360            
#   parity_mode       parity_mode_e       32    UART_PARITY_NONE
#   sampling          sampling_mode_e     32    MODE_X16        
#   data_width        integral            32    'h6             
#   num_of_stop_bit   integral            32    'h2             
#   baud_rate         integral            32    'h9600          
#   baud_rate_enable  integral            1     'h1             
#   parity_enable     integral            1     'h0             
# --------------------------------------------------------------
# 
# UVM_INFO ./../regmodel/uart_reg2ahb_adapter.sv(42) @ 250010000: reporter [uart_reg2ahb_adapter] bus2reg: address = 0x0 data = 0x0 kind = UVM_WRITE status = UVM_IS_OK
# UVM_INFO /ictc/other/tools/QuestaDVA/questasim/verilog_src/uvm-1.2/src/reg/uvm_reg_predictor.svh(221) @ 250010000: uvm_test_top.env.ahb_predictor [REG_PREDICT] Observed WRITE transaction to register regmodel.MDR: value='h0 : updated value = 'h0
# UVM_INFO ./../regmodel/uart_reg2ahb_adapter.sv(42) @ 250010000: reporter [uart_reg2ahb_adapter] bus2reg: address = 0x4 data = 0xa4 kind = UVM_WRITE status = UVM_IS_OK
# UVM_INFO /ictc/other/tools/QuestaDVA/questasim/verilog_src/uvm-1.2/src/reg/uvm_reg_predictor.svh(221) @ 250010000: uvm_test_top.env.ahb_predictor [REG_PREDICT] Observed WRITE transaction to register regmodel.DLL: value='ha4 : updated value = 'ha4
# UVM_INFO ./../regmodel/uart_reg2ahb_adapter.sv(42) @ 250010000: reporter [uart_reg2ahb_adapter] bus2reg: address = 0x8 data = 0x0 kind = UVM_WRITE status = UVM_IS_OK
# UVM_INFO /ictc/other/tools/QuestaDVA/questasim/verilog_src/uvm-1.2/src/reg/uvm_reg_predictor.svh(221) @ 250010000: uvm_test_top.env.ahb_predictor [REG_PREDICT] Observed WRITE transaction to register regmodel.DLH: value='h0 : updated value = 'h0
# UVM_INFO ./../regmodel/uart_reg2ahb_adapter.sv(42) @ 250010000: reporter [uart_reg2ahb_adapter] bus2reg: address = 0xc data = 0x25 kind = UVM_WRITE status = UVM_IS_OK
# UVM_INFO /ictc/other/tools/QuestaDVA/questasim/verilog_src/uvm-1.2/src/reg/uvm_reg_predictor.svh(221) @ 250010000: uvm_test_top.env.ahb_predictor [REG_PREDICT] Observed WRITE transaction to register regmodel.LCR: value='h25 : updated value = 'h25
# UVM_INFO ./../regmodel/uart_reg2ahb_adapter.sv(42) @ 250011000: reporter [uart_reg2ahb_adapter] bus2reg: address = 0x18 data = 0x10799a87 kind = UVM_WRITE status = UVM_IS_OK
# UVM_INFO /ictc/other/tools/QuestaDVA/questasim/verilog_src/uvm-1.2/src/reg/uvm_reg_predictor.svh(221) @ 250011000: uvm_test_top.env.ahb_predictor [REG_PREDICT] Observed WRITE transaction to register regmodel.TBR: value='h10799a87 : updated value = 'h87
# UVM_INFO ./../tb/dut_scoreboard.sv(50) @ 250011000: uvm_test_top.env.dut_sb [SCOREBOARD] 
# ===== Captured data from AHB: 0x10799a87
# UVM_INFO ./../tb/dut_scoreboard.sv(71) @ 250011000: uvm_test_top.env.dut_sb [dut_scoreboard] 
# 
# =====[UART TXD] Data comparison =====
# 
# UVM_INFO ./../tb/dut_scoreboard.sv(79) @ 250011000: uvm_test_top.env.dut_sb [dut_scoreboard] 
# =====[DATA FRAME: 6] PASSED SUCCESSFULLY!!! =====
# UVM_INFO ./../tb/dut_scoreboard.sv(82) @ 250011000: uvm_test_top.env.dut_sb [dut_scoreboard] 
# 
# =====[UART TXD] Parity comparison =====
# 
# UVM_INFO ./../tb/dut_scoreboard.sv(88) @ 250011000: uvm_test_top.env.dut_sb [dut_scoreboard] 
# =====[PARITY MODE: 0] PASSED SUCCESSFULLY!!! =====
# UVM_INFO ./../vip/uart_vip/uart_monitor.sv(95) @ 250066000: uvm_test_top.env.uart_agt.monitor [uart_monitor] 
# ===== Baud rate actual is      37736, Baud rate expected is      38400 =====
# UVM_INFO ./../vip/uart_vip/uart_monitor.sv(181) @ 250455000: uvm_test_top.env.uart_agt.monitor [uart_monitor] Data read from DUT is ------------------------------------------
# Name         Type              Size  Value
# ------------------------------------------
# trans        uart_transaction  -     @4363
#   direction  direction_e       32    RX   
#   data       integral          9     'h7  
#   parity     integral          1     'h0  
#   stop_bit   integral          2     'h1  
#   baud_rate  integral          32    'h0  
# ------------------------------------------
# 
# UVM_INFO ./../tb/dut_scoreboard.sv(58) @ 250455000: uvm_test_top.env.dut_sb [SCOREBOARD] 
# ===== Captured data from UART: 0x7
# UVM_INFO ./../testcases/uart_txd_x16_random.sv(35) @ 260011000: uvm_test_top [uart_txd_x16_random] --------------------------------------------------------------
# Name                Type                Size  Value           
# --------------------------------------------------------------
# cfg                 uart_configuration  -     @360            
#   parity_mode       parity_mode_e       32    UART_PARITY_NONE
#   sampling          sampling_mode_e     32    MODE_X16        
#   data_width        integral            32    'h6             
#   num_of_stop_bit   integral            32    'h2             
#   baud_rate         integral            32    'h12c00         
#   baud_rate_enable  integral            1     'h1             
#   parity_enable     integral            1     'h0             
# --------------------------------------------------------------
# 
# UVM_INFO ./../regmodel/uart_reg2ahb_adapter.sv(42) @ 260011000: reporter [uart_reg2ahb_adapter] bus2reg: address = 0x0 data = 0x0 kind = UVM_WRITE status = UVM_IS_OK
# UVM_INFO /ictc/other/tools/QuestaDVA/questasim/verilog_src/uvm-1.2/src/reg/uvm_reg_predictor.svh(221) @ 260011000: uvm_test_top.env.ahb_predictor [REG_PREDICT] Observed WRITE transaction to register regmodel.MDR: value='h0 : updated value = 'h0
# UVM_INFO ./../regmodel/uart_reg2ahb_adapter.sv(42) @ 260011000: reporter [uart_reg2ahb_adapter] bus2reg: address = 0x4 data = 0x51 kind = UVM_WRITE status = UVM_IS_OK
# UVM_INFO /ictc/other/tools/QuestaDVA/questasim/verilog_src/uvm-1.2/src/reg/uvm_reg_predictor.svh(221) @ 260011000: uvm_test_top.env.ahb_predictor [REG_PREDICT] Observed WRITE transaction to register regmodel.DLL: value='h51 : updated value = 'h51
# UVM_INFO ./../regmodel/uart_reg2ahb_adapter.sv(42) @ 260011000: reporter [uart_reg2ahb_adapter] bus2reg: address = 0x8 data = 0x0 kind = UVM_WRITE status = UVM_IS_OK
# UVM_INFO /ictc/other/tools/QuestaDVA/questasim/verilog_src/uvm-1.2/src/reg/uvm_reg_predictor.svh(221) @ 260011000: uvm_test_top.env.ahb_predictor [REG_PREDICT] Observed WRITE transaction to register regmodel.DLH: value='h0 : updated value = 'h0
# UVM_INFO ./../regmodel/uart_reg2ahb_adapter.sv(42) @ 260011000: reporter [uart_reg2ahb_adapter] bus2reg: address = 0xc data = 0x25 kind = UVM_WRITE status = UVM_IS_OK
# UVM_INFO /ictc/other/tools/QuestaDVA/questasim/verilog_src/uvm-1.2/src/reg/uvm_reg_predictor.svh(221) @ 260011000: uvm_test_top.env.ahb_predictor [REG_PREDICT] Observed WRITE transaction to register regmodel.LCR: value='h25 : updated value = 'h25
# UVM_INFO ./../regmodel/uart_reg2ahb_adapter.sv(42) @ 260011000: reporter [uart_reg2ahb_adapter] bus2reg: address = 0x18 data = 0x463bdc66 kind = UVM_WRITE status = UVM_IS_OK
# UVM_INFO /ictc/other/tools/QuestaDVA/questasim/verilog_src/uvm-1.2/src/reg/uvm_reg_predictor.svh(221) @ 260011000: uvm_test_top.env.ahb_predictor [REG_PREDICT] Observed WRITE transaction to register regmodel.TBR: value='h463bdc66 : updated value = 'h66
# UVM_INFO ./../tb/dut_scoreboard.sv(50) @ 260011000: uvm_test_top.env.dut_sb [SCOREBOARD] 
# ===== Captured data from AHB: 0x463bdc66
# UVM_INFO ./../tb/dut_scoreboard.sv(71) @ 260011000: uvm_test_top.env.dut_sb [dut_scoreboard] 
# 
# =====[UART TXD] Data comparison =====
# 
# UVM_ERROR ./../tb/dut_scoreboard.sv(76) @ 260011000: uvm_test_top.env.dut_sb [dut_scoreboard] 
# =====[DATA FRAME: 6] FAILED!!! Expected value is 0x26, Actual data is 0x7 =====
# UVM_INFO ./../tb/dut_scoreboard.sv(82) @ 260011000: uvm_test_top.env.dut_sb [dut_scoreboard] 
# 
# =====[UART TXD] Parity comparison =====
# 
# UVM_INFO ./../tb/dut_scoreboard.sv(88) @ 260011000: uvm_test_top.env.dut_sb [dut_scoreboard] 
# =====[PARITY MODE: 0] PASSED SUCCESSFULLY!!! =====
# UVM_INFO ./../vip/uart_vip/uart_monitor.sv(95) @ 260064000: uvm_test_top.env.uart_agt.monitor [uart_monitor] 
# ===== Baud rate actual is      38462, Baud rate expected is      76800 =====
# UVM_INFO ./../vip/uart_vip/uart_monitor.sv(181) @ 260233000: uvm_test_top.env.uart_agt.monitor [uart_monitor] Data read from DUT is ------------------------------------------
# Name         Type              Size  Value
# ------------------------------------------
# trans        uart_transaction  -     @4497
#   direction  direction_e       32    RX   
#   data       integral          9     'h26 
#   parity     integral          1     'h0  
#   stop_bit   integral          2     'h1  
#   baud_rate  integral          32    'h0  
# ------------------------------------------
# 
# UVM_INFO ./../tb/dut_scoreboard.sv(58) @ 260233000: uvm_test_top.env.dut_sb [SCOREBOARD] 
# ===== Captured data from UART: 0x26
# UVM_INFO ./../testcases/uart_txd_x16_random.sv(35) @ 270011000: uvm_test_top [uart_txd_x16_random] --------------------------------------------------------------
# Name                Type                Size  Value           
# --------------------------------------------------------------
# cfg                 uart_configuration  -     @360            
#   parity_mode       parity_mode_e       32    UART_PARITY_NONE
#   sampling          sampling_mode_e     32    MODE_X16        
#   data_width        integral            32    'h6             
#   num_of_stop_bit   integral            32    'h2             
#   baud_rate         integral            32    'h1c200         
#   baud_rate_enable  integral            1     'h1             
#   parity_enable     integral            1     'h0             
# --------------------------------------------------------------
# 
# UVM_INFO ./../regmodel/uart_reg2ahb_adapter.sv(42) @ 270011000: reporter [uart_reg2ahb_adapter] bus2reg: address = 0x0 data = 0x0 kind = UVM_WRITE status = UVM_IS_OK
# UVM_INFO /ictc/other/tools/QuestaDVA/questasim/verilog_src/uvm-1.2/src/reg/uvm_reg_predictor.svh(221) @ 270011000: uvm_test_top.env.ahb_predictor [REG_PREDICT] Observed WRITE transaction to register regmodel.MDR: value='h0 : updated value = 'h0
# UVM_INFO ./../regmodel/uart_reg2ahb_adapter.sv(42) @ 270011000: reporter [uart_reg2ahb_adapter] bus2reg: address = 0x4 data = 0x36 kind = UVM_WRITE status = UVM_IS_OK
# UVM_INFO /ictc/other/tools/QuestaDVA/questasim/verilog_src/uvm-1.2/src/reg/uvm_reg_predictor.svh(221) @ 270011000: uvm_test_top.env.ahb_predictor [REG_PREDICT] Observed WRITE transaction to register regmodel.DLL: value='h36 : updated value = 'h36
# UVM_INFO ./../regmodel/uart_reg2ahb_adapter.sv(42) @ 270011000: reporter [uart_reg2ahb_adapter] bus2reg: address = 0x8 data = 0x0 kind = UVM_WRITE status = UVM_IS_OK
# UVM_INFO /ictc/other/tools/QuestaDVA/questasim/verilog_src/uvm-1.2/src/reg/uvm_reg_predictor.svh(221) @ 270011000: uvm_test_top.env.ahb_predictor [REG_PREDICT] Observed WRITE transaction to register regmodel.DLH: value='h0 : updated value = 'h0
# UVM_INFO ./../regmodel/uart_reg2ahb_adapter.sv(42) @ 270011000: reporter [uart_reg2ahb_adapter] bus2reg: address = 0xc data = 0x25 kind = UVM_WRITE status = UVM_IS_OK
# UVM_INFO /ictc/other/tools/QuestaDVA/questasim/verilog_src/uvm-1.2/src/reg/uvm_reg_predictor.svh(221) @ 270011000: uvm_test_top.env.ahb_predictor [REG_PREDICT] Observed WRITE transaction to register regmodel.LCR: value='h25 : updated value = 'h25
# UVM_INFO ./../regmodel/uart_reg2ahb_adapter.sv(42) @ 270011000: reporter [uart_reg2ahb_adapter] bus2reg: address = 0x18 data = 0x5112a537 kind = UVM_WRITE status = UVM_IS_OK
# UVM_INFO /ictc/other/tools/QuestaDVA/questasim/verilog_src/uvm-1.2/src/reg/uvm_reg_predictor.svh(221) @ 270011000: uvm_test_top.env.ahb_predictor [REG_PREDICT] Observed WRITE transaction to register regmodel.TBR: value='h5112a537 : updated value = 'h37
# UVM_INFO ./../tb/dut_scoreboard.sv(50) @ 270011000: uvm_test_top.env.dut_sb [SCOREBOARD] 
# ===== Captured data from AHB: 0x5112a537
# UVM_INFO ./../tb/dut_scoreboard.sv(71) @ 270011000: uvm_test_top.env.dut_sb [dut_scoreboard] 
# 
# =====[UART TXD] Data comparison =====
# 
# UVM_ERROR ./../tb/dut_scoreboard.sv(76) @ 270011000: uvm_test_top.env.dut_sb [dut_scoreboard] 
# =====[DATA FRAME: 6] FAILED!!! Expected value is 0x37, Actual data is 0x26 =====
# UVM_INFO ./../tb/dut_scoreboard.sv(82) @ 270011000: uvm_test_top.env.dut_sb [dut_scoreboard] 
# 
# =====[UART TXD] Parity comparison =====
# 
# UVM_INFO ./../tb/dut_scoreboard.sv(88) @ 270011000: uvm_test_top.env.dut_sb [dut_scoreboard] 
# =====[PARITY MODE: 0] PASSED SUCCESSFULLY!!! =====
# UVM_INFO ./../vip/uart_vip/uart_monitor.sv(95) @ 270029000: uvm_test_top.env.uart_agt.monitor [uart_monitor] 
# ===== Baud rate actual is     117647, Baud rate expected is     115200 =====
# UVM_INFO ./../vip/uart_vip/uart_monitor.sv(181) @ 270156000: uvm_test_top.env.uart_agt.monitor [uart_monitor] Data read from DUT is ------------------------------------------
# Name         Type              Size  Value
# ------------------------------------------
# trans        uart_transaction  -     @4631
#   direction  direction_e       32    RX   
#   data       integral          9     'h37 
#   parity     integral          1     'h0  
#   stop_bit   integral          2     'h1  
#   baud_rate  integral          32    'h0  
# ------------------------------------------
# 
# UVM_INFO ./../tb/dut_scoreboard.sv(58) @ 270156000: uvm_test_top.env.dut_sb [SCOREBOARD] 
# ===== Captured data from UART: 0x37
# UVM_INFO ./../testcases/uart_txd_x16_random.sv(35) @ 280011000: uvm_test_top [uart_txd_x16_random] --------------------------------------------------------------
# Name                Type                Size  Value           
# --------------------------------------------------------------
# cfg                 uart_configuration  -     @360            
#   parity_mode       parity_mode_e       32    UART_PARITY_NONE
#   sampling          sampling_mode_e     32    MODE_X16        
#   data_width        integral            32    'h7             
#   num_of_stop_bit   integral            32    'h1             
#   baud_rate         integral            32    'h960           
#   baud_rate_enable  integral            1     'h1             
#   parity_enable     integral            1     'h0             
# --------------------------------------------------------------
# 
# UVM_INFO ./../regmodel/uart_reg2ahb_adapter.sv(42) @ 280011000: reporter [uart_reg2ahb_adapter] bus2reg: address = 0x0 data = 0x0 kind = UVM_WRITE status = UVM_IS_OK
# UVM_INFO /ictc/other/tools/QuestaDVA/questasim/verilog_src/uvm-1.2/src/reg/uvm_reg_predictor.svh(221) @ 280011000: uvm_test_top.env.ahb_predictor [REG_PREDICT] Observed WRITE transaction to register regmodel.MDR: value='h0 : updated value = 'h0
# UVM_INFO ./../regmodel/uart_reg2ahb_adapter.sv(42) @ 280011000: reporter [uart_reg2ahb_adapter] bus2reg: address = 0x4 data = 0x2c kind = UVM_WRITE status = UVM_IS_OK
# UVM_INFO /ictc/other/tools/QuestaDVA/questasim/verilog_src/uvm-1.2/src/reg/uvm_reg_predictor.svh(221) @ 280011000: uvm_test_top.env.ahb_predictor [REG_PREDICT] Observed WRITE transaction to register regmodel.DLL: value='h2c : updated value = 'h2c
# UVM_INFO ./../regmodel/uart_reg2ahb_adapter.sv(42) @ 280012000: reporter [uart_reg2ahb_adapter] bus2reg: address = 0x8 data = 0xa kind = UVM_WRITE status = UVM_IS_OK
# UVM_INFO /ictc/other/tools/QuestaDVA/questasim/verilog_src/uvm-1.2/src/reg/uvm_reg_predictor.svh(221) @ 280012000: uvm_test_top.env.ahb_predictor [REG_PREDICT] Observed WRITE transaction to register regmodel.DLH: value='ha : updated value = 'ha
# UVM_INFO ./../regmodel/uart_reg2ahb_adapter.sv(42) @ 280012000: reporter [uart_reg2ahb_adapter] bus2reg: address = 0xc data = 0x22 kind = UVM_WRITE status = UVM_IS_OK
# UVM_INFO /ictc/other/tools/QuestaDVA/questasim/verilog_src/uvm-1.2/src/reg/uvm_reg_predictor.svh(221) @ 280012000: uvm_test_top.env.ahb_predictor [REG_PREDICT] Observed WRITE transaction to register regmodel.LCR: value='h22 : updated value = 'h22
# UVM_INFO ./../regmodel/uart_reg2ahb_adapter.sv(42) @ 280012000: reporter [uart_reg2ahb_adapter] bus2reg: address = 0x18 data = 0x6ee0b8d9 kind = UVM_WRITE status = UVM_IS_OK
# UVM_INFO /ictc/other/tools/QuestaDVA/questasim/verilog_src/uvm-1.2/src/reg/uvm_reg_predictor.svh(221) @ 280012000: uvm_test_top.env.ahb_predictor [REG_PREDICT] Observed WRITE transaction to register regmodel.TBR: value='h6ee0b8d9 : updated value = 'hd9
# UVM_INFO ./../tb/dut_scoreboard.sv(50) @ 280012000: uvm_test_top.env.dut_sb [SCOREBOARD] 
# ===== Captured data from AHB: 0x6ee0b8d9
# UVM_INFO ./../tb/dut_scoreboard.sv(71) @ 280012000: uvm_test_top.env.dut_sb [dut_scoreboard] 
# 
# =====[UART TXD] Data comparison =====
# 
# UVM_ERROR ./../tb/dut_scoreboard.sv(76) @ 280012000: uvm_test_top.env.dut_sb [dut_scoreboard] 
# =====[DATA FRAME: 7] FAILED!!! Expected value is 0x59, Actual data is 0x37 =====
# UVM_INFO ./../tb/dut_scoreboard.sv(82) @ 280012000: uvm_test_top.env.dut_sb [dut_scoreboard] 
# 
# =====[UART TXD] Parity comparison =====
# 
# UVM_INFO ./../tb/dut_scoreboard.sv(88) @ 280012000: uvm_test_top.env.dut_sb [dut_scoreboard] 
# =====[PARITY MODE: 0] PASSED SUCCESSFULLY!!! =====
# UVM_INFO ./../vip/uart_vip/uart_monitor.sv(95) @ 280896000: uvm_test_top.env.uart_agt.monitor [uart_monitor] 
# ===== Baud rate actual is       2401, Baud rate expected is       2400 =====
# UVM_INFO ./../vip/uart_vip/uart_monitor.sv(181) @ 287143000: uvm_test_top.env.uart_agt.monitor [uart_monitor] Data read from DUT is ------------------------------------------
# Name         Type              Size  Value
# ------------------------------------------
# trans        uart_transaction  -     @4765
#   direction  direction_e       32    RX   
#   data       integral          9     'h59 
#   parity     integral          1     'h0  
#   stop_bit   integral          2     'h1  
#   baud_rate  integral          32    'h0  
# ------------------------------------------
# 
# UVM_INFO ./../tb/dut_scoreboard.sv(58) @ 287143000: uvm_test_top.env.dut_sb [SCOREBOARD] 
# ===== Captured data from UART: 0x59
# UVM_INFO ./../testcases/uart_txd_x16_random.sv(35) @ 290012000: uvm_test_top [uart_txd_x16_random] --------------------------------------------------------------
# Name                Type                Size  Value           
# --------------------------------------------------------------
# cfg                 uart_configuration  -     @360            
#   parity_mode       parity_mode_e       32    UART_PARITY_NONE
#   sampling          sampling_mode_e     32    MODE_X16        
#   data_width        integral            32    'h7             
#   num_of_stop_bit   integral            32    'h1             
#   baud_rate         integral            32    'h12c0          
#   baud_rate_enable  integral            1     'h1             
#   parity_enable     integral            1     'h0             
# --------------------------------------------------------------
# 
# UVM_INFO ./../regmodel/uart_reg2ahb_adapter.sv(42) @ 290012000: reporter [uart_reg2ahb_adapter] bus2reg: address = 0x0 data = 0x0 kind = UVM_WRITE status = UVM_IS_OK
# UVM_INFO /ictc/other/tools/QuestaDVA/questasim/verilog_src/uvm-1.2/src/reg/uvm_reg_predictor.svh(221) @ 290012000: uvm_test_top.env.ahb_predictor [REG_PREDICT] Observed WRITE transaction to register regmodel.MDR: value='h0 : updated value = 'h0
# UVM_INFO ./../regmodel/uart_reg2ahb_adapter.sv(42) @ 290012000: reporter [uart_reg2ahb_adapter] bus2reg: address = 0x4 data = 0x16 kind = UVM_WRITE status = UVM_IS_OK
# UVM_INFO /ictc/other/tools/QuestaDVA/questasim/verilog_src/uvm-1.2/src/reg/uvm_reg_predictor.svh(221) @ 290012000: uvm_test_top.env.ahb_predictor [REG_PREDICT] Observed WRITE transaction to register regmodel.DLL: value='h16 : updated value = 'h16
# UVM_INFO ./../regmodel/uart_reg2ahb_adapter.sv(42) @ 290012000: reporter [uart_reg2ahb_adapter] bus2reg: address = 0x8 data = 0x5 kind = UVM_WRITE status = UVM_IS_OK
# UVM_INFO /ictc/other/tools/QuestaDVA/questasim/verilog_src/uvm-1.2/src/reg/uvm_reg_predictor.svh(221) @ 290012000: uvm_test_top.env.ahb_predictor [REG_PREDICT] Observed WRITE transaction to register regmodel.DLH: value='h5 : updated value = 'h5
# UVM_INFO ./../regmodel/uart_reg2ahb_adapter.sv(42) @ 290012000: reporter [uart_reg2ahb_adapter] bus2reg: address = 0xc data = 0x22 kind = UVM_WRITE status = UVM_IS_OK
# UVM_INFO /ictc/other/tools/QuestaDVA/questasim/verilog_src/uvm-1.2/src/reg/uvm_reg_predictor.svh(221) @ 290012000: uvm_test_top.env.ahb_predictor [REG_PREDICT] Observed WRITE transaction to register regmodel.LCR: value='h22 : updated value = 'h22
# UVM_INFO ./../regmodel/uart_reg2ahb_adapter.sv(42) @ 290012000: reporter [uart_reg2ahb_adapter] bus2reg: address = 0x18 data = 0x8b17c8f2 kind = UVM_WRITE status = UVM_IS_OK
# UVM_INFO /ictc/other/tools/QuestaDVA/questasim/verilog_src/uvm-1.2/src/reg/uvm_reg_predictor.svh(221) @ 290012000: uvm_test_top.env.ahb_predictor [REG_PREDICT] Observed WRITE transaction to register regmodel.TBR: value='h8b17c8f2 : updated value = 'hf2
# UVM_INFO ./../tb/dut_scoreboard.sv(50) @ 290012000: uvm_test_top.env.dut_sb [SCOREBOARD] 
# ===== Captured data from AHB: 0x8b17c8f2
# UVM_INFO ./../tb/dut_scoreboard.sv(71) @ 290012000: uvm_test_top.env.dut_sb [dut_scoreboard] 
# 
# =====[UART TXD] Data comparison =====
# 
# UVM_ERROR ./../tb/dut_scoreboard.sv(76) @ 290012000: uvm_test_top.env.dut_sb [dut_scoreboard] 
# =====[DATA FRAME: 7] FAILED!!! Expected value is 0x72, Actual data is 0x59 =====
# UVM_INFO ./../tb/dut_scoreboard.sv(82) @ 290012000: uvm_test_top.env.dut_sb [dut_scoreboard] 
# 
# =====[UART TXD] Parity comparison =====
# 
# UVM_INFO ./../tb/dut_scoreboard.sv(88) @ 290012000: uvm_test_top.env.dut_sb [dut_scoreboard] 
# =====[PARITY MODE: 0] PASSED SUCCESSFULLY!!! =====
# UVM_INFO ./../vip/uart_vip/uart_monitor.sv(95) @ 290869000: uvm_test_top.env.uart_agt.monitor [uart_monitor] 
# ===== Baud rate actual is       2401, Baud rate expected is       4800 =====
# UVM_INFO ./../vip/uart_vip/uart_monitor.sv(181) @ 293580000: uvm_test_top.env.uart_agt.monitor [uart_monitor] Data read from DUT is ------------------------------------------
# Name         Type              Size  Value
# ------------------------------------------
# trans        uart_transaction  -     @4899
#   direction  direction_e       32    RX   
#   data       integral          9     'h72 
#   parity     integral          1     'h0  
#   stop_bit   integral          2     'h1  
#   baud_rate  integral          32    'h0  
# ------------------------------------------
# 
# UVM_INFO ./../tb/dut_scoreboard.sv(58) @ 293580000: uvm_test_top.env.dut_sb [SCOREBOARD] 
# ===== Captured data from UART: 0x72
# UVM_INFO ./../testcases/uart_txd_x16_random.sv(35) @ 300012000: uvm_test_top [uart_txd_x16_random] --------------------------------------------------------------
# Name                Type                Size  Value           
# --------------------------------------------------------------
# cfg                 uart_configuration  -     @360            
#   parity_mode       parity_mode_e       32    UART_PARITY_NONE
#   sampling          sampling_mode_e     32    MODE_X16        
#   data_width        integral            32    'h7             
#   num_of_stop_bit   integral            32    'h1             
#   baud_rate         integral            32    'h2580          
#   baud_rate_enable  integral            1     'h1             
#   parity_enable     integral            1     'h0             
# --------------------------------------------------------------
# 
# UVM_INFO ./../regmodel/uart_reg2ahb_adapter.sv(42) @ 300012000: reporter [uart_reg2ahb_adapter] bus2reg: address = 0x0 data = 0x0 kind = UVM_WRITE status = UVM_IS_OK
# UVM_INFO /ictc/other/tools/QuestaDVA/questasim/verilog_src/uvm-1.2/src/reg/uvm_reg_predictor.svh(221) @ 300012000: uvm_test_top.env.ahb_predictor [REG_PREDICT] Observed WRITE transaction to register regmodel.MDR: value='h0 : updated value = 'h0
# UVM_INFO ./../regmodel/uart_reg2ahb_adapter.sv(42) @ 300012000: reporter [uart_reg2ahb_adapter] bus2reg: address = 0x4 data = 0x16 kind = UVM_WRITE status = UVM_IS_OK
# UVM_INFO /ictc/other/tools/QuestaDVA/questasim/verilog_src/uvm-1.2/src/reg/uvm_reg_predictor.svh(221) @ 300012000: uvm_test_top.env.ahb_predictor [REG_PREDICT] Observed WRITE transaction to register regmodel.DLL: value='h16 : updated value = 'h16
# UVM_INFO ./../regmodel/uart_reg2ahb_adapter.sv(42) @ 300012000: reporter [uart_reg2ahb_adapter] bus2reg: address = 0x8 data = 0x5 kind = UVM_WRITE status = UVM_IS_OK
# UVM_INFO /ictc/other/tools/QuestaDVA/questasim/verilog_src/uvm-1.2/src/reg/uvm_reg_predictor.svh(221) @ 300012000: uvm_test_top.env.ahb_predictor [REG_PREDICT] Observed WRITE transaction to register regmodel.DLH: value='h5 : updated value = 'h5
# UVM_INFO ./../regmodel/uart_reg2ahb_adapter.sv(42) @ 300012000: reporter [uart_reg2ahb_adapter] bus2reg: address = 0xc data = 0x22 kind = UVM_WRITE status = UVM_IS_OK
# UVM_INFO /ictc/other/tools/QuestaDVA/questasim/verilog_src/uvm-1.2/src/reg/uvm_reg_predictor.svh(221) @ 300012000: uvm_test_top.env.ahb_predictor [REG_PREDICT] Observed WRITE transaction to register regmodel.LCR: value='h22 : updated value = 'h22
# UVM_INFO ./../regmodel/uart_reg2ahb_adapter.sv(42) @ 300013000: reporter [uart_reg2ahb_adapter] bus2reg: address = 0x18 data = 0x42e81141 kind = UVM_WRITE status = UVM_IS_OK
# UVM_INFO /ictc/other/tools/QuestaDVA/questasim/verilog_src/uvm-1.2/src/reg/uvm_reg_predictor.svh(221) @ 300013000: uvm_test_top.env.ahb_predictor [REG_PREDICT] Observed WRITE transaction to register regmodel.TBR: value='h42e81141 : updated value = 'h41
# UVM_INFO ./../tb/dut_scoreboard.sv(50) @ 300013000: uvm_test_top.env.dut_sb [SCOREBOARD] 
# ===== Captured data from AHB: 0x42e81141
# UVM_INFO ./../tb/dut_scoreboard.sv(71) @ 300013000: uvm_test_top.env.dut_sb [dut_scoreboard] 
# 
# =====[UART TXD] Data comparison =====
# 
# UVM_ERROR ./../tb/dut_scoreboard.sv(76) @ 300013000: uvm_test_top.env.dut_sb [dut_scoreboard] 
# =====[DATA FRAME: 7] FAILED!!! Expected value is 0x41, Actual data is 0x72 =====
# UVM_INFO ./../tb/dut_scoreboard.sv(82) @ 300013000: uvm_test_top.env.dut_sb [dut_scoreboard] 
# 
# =====[UART TXD] Parity comparison =====
# 
# UVM_INFO ./../tb/dut_scoreboard.sv(88) @ 300013000: uvm_test_top.env.dut_sb [dut_scoreboard] 
# =====[PARITY MODE: 0] PASSED SUCCESSFULLY!!! =====
# UVM_INFO ./../vip/uart_vip/uart_monitor.sv(95) @ 300452000: uvm_test_top.env.uart_agt.monitor [uart_monitor] 
# ===== Baud rate actual is       4796, Baud rate expected is       9600 =====
# UVM_ERROR ./../vip/uart_vip/uart_monitor.sv(174) @ 301803000: uvm_test_top.env.uart_agt.monitor [uart_monitor] ===== stop bit error detected =====
# UVM_INFO ./../vip/uart_vip/uart_monitor.sv(181) @ 301803000: uvm_test_top.env.uart_agt.monitor [uart_monitor] Data read from DUT is ------------------------------------------
# Name         Type              Size  Value
# ------------------------------------------
# trans        uart_transaction  -     @5033
#   direction  direction_e       32    RX   
#   data       integral          9     'h6  
#   parity     integral          1     'h0  
#   stop_bit   integral          2     'h0  
#   baud_rate  integral          32    'h0  
# ------------------------------------------
# 
# UVM_INFO ./../tb/dut_scoreboard.sv(58) @ 301803000: uvm_test_top.env.dut_sb [SCOREBOARD] 
# ===== Captured data from UART: 0x6
# UVM_INFO ./../testcases/uart_txd_x16_random.sv(35) @ 310013000: uvm_test_top [uart_txd_x16_random] --------------------------------------------------------------
# Name                Type                Size  Value           
# --------------------------------------------------------------
# cfg                 uart_configuration  -     @360            
#   parity_mode       parity_mode_e       32    UART_PARITY_NONE
#   sampling          sampling_mode_e     32    MODE_X16        
#   data_width        integral            32    'h7             
#   num_of_stop_bit   integral            32    'h1             
#   baud_rate         integral            32    'h4b00          
#   baud_rate_enable  integral            1     'h1             
#   parity_enable     integral            1     'h0             
# --------------------------------------------------------------
# 
# UVM_INFO ./../regmodel/uart_reg2ahb_adapter.sv(42) @ 310013000: reporter [uart_reg2ahb_adapter] bus2reg: address = 0x0 data = 0x0 kind = UVM_WRITE status = UVM_IS_OK
# UVM_INFO /ictc/other/tools/QuestaDVA/questasim/verilog_src/uvm-1.2/src/reg/uvm_reg_predictor.svh(221) @ 310013000: uvm_test_top.env.ahb_predictor [REG_PREDICT] Observed WRITE transaction to register regmodel.MDR: value='h0 : updated value = 'h0
# UVM_INFO ./../regmodel/uart_reg2ahb_adapter.sv(42) @ 310013000: reporter [uart_reg2ahb_adapter] bus2reg: address = 0x4 data = 0x45 kind = UVM_WRITE status = UVM_IS_OK
# UVM_INFO /ictc/other/tools/QuestaDVA/questasim/verilog_src/uvm-1.2/src/reg/uvm_reg_predictor.svh(221) @ 310013000: uvm_test_top.env.ahb_predictor [REG_PREDICT] Observed WRITE transaction to register regmodel.DLL: value='h45 : updated value = 'h45
# UVM_INFO ./../regmodel/uart_reg2ahb_adapter.sv(42) @ 310013000: reporter [uart_reg2ahb_adapter] bus2reg: address = 0x8 data = 0x1 kind = UVM_WRITE status = UVM_IS_OK
# UVM_INFO /ictc/other/tools/QuestaDVA/questasim/verilog_src/uvm-1.2/src/reg/uvm_reg_predictor.svh(221) @ 310013000: uvm_test_top.env.ahb_predictor [REG_PREDICT] Observed WRITE transaction to register regmodel.DLH: value='h1 : updated value = 'h1
# UVM_INFO ./../regmodel/uart_reg2ahb_adapter.sv(42) @ 310013000: reporter [uart_reg2ahb_adapter] bus2reg: address = 0xc data = 0x22 kind = UVM_WRITE status = UVM_IS_OK
# UVM_INFO /ictc/other/tools/QuestaDVA/questasim/verilog_src/uvm-1.2/src/reg/uvm_reg_predictor.svh(221) @ 310013000: uvm_test_top.env.ahb_predictor [REG_PREDICT] Observed WRITE transaction to register regmodel.LCR: value='h22 : updated value = 'h22
# UVM_INFO ./../regmodel/uart_reg2ahb_adapter.sv(42) @ 310013000: reporter [uart_reg2ahb_adapter] bus2reg: address = 0x18 data = 0x2c31260e kind = UVM_WRITE status = UVM_IS_OK
# UVM_INFO /ictc/other/tools/QuestaDVA/questasim/verilog_src/uvm-1.2/src/reg/uvm_reg_predictor.svh(221) @ 310013000: uvm_test_top.env.ahb_predictor [REG_PREDICT] Observed WRITE transaction to register regmodel.TBR: value='h2c31260e : updated value = 'he
# UVM_INFO ./../tb/dut_scoreboard.sv(50) @ 310013000: uvm_test_top.env.dut_sb [SCOREBOARD] 
# ===== Captured data from AHB: 0x2c31260e
# UVM_INFO ./../tb/dut_scoreboard.sv(71) @ 310013000: uvm_test_top.env.dut_sb [dut_scoreboard] 
# 
# =====[UART TXD] Data comparison =====
# 
# UVM_ERROR ./../tb/dut_scoreboard.sv(76) @ 310013000: uvm_test_top.env.dut_sb [dut_scoreboard] 
# =====[DATA FRAME: 7] FAILED!!! Expected value is 0xe, Actual data is 0x6 =====
# UVM_INFO ./../tb/dut_scoreboard.sv(82) @ 310013000: uvm_test_top.env.dut_sb [dut_scoreboard] 
# 
# =====[UART TXD] Parity comparison =====
# 
# UVM_INFO ./../tb/dut_scoreboard.sv(88) @ 310013000: uvm_test_top.env.dut_sb [dut_scoreboard] 
# =====[PARITY MODE: 0] PASSED SUCCESSFULLY!!! =====
# UVM_INFO ./../vip/uart_vip/uart_monitor.sv(95) @ 310223000: uvm_test_top.env.uart_agt.monitor [uart_monitor] 
# ===== Baud rate actual is       9615, Baud rate expected is      19200 =====
# UVM_INFO ./../vip/uart_vip/uart_monitor.sv(181) @ 310899000: uvm_test_top.env.uart_agt.monitor [uart_monitor] Data read from DUT is ------------------------------------------
# Name         Type              Size  Value
# ------------------------------------------
# trans        uart_transaction  -     @5169
#   direction  direction_e       32    RX   
#   data       integral          9     'he  
#   parity     integral          1     'h0  
#   stop_bit   integral          2     'h1  
#   baud_rate  integral          32    'h0  
# ------------------------------------------
# 
# UVM_INFO ./../tb/dut_scoreboard.sv(58) @ 310899000: uvm_test_top.env.dut_sb [SCOREBOARD] 
# ===== Captured data from UART: 0xe
# UVM_INFO ./../testcases/uart_txd_x16_random.sv(35) @ 320013000: uvm_test_top [uart_txd_x16_random] --------------------------------------------------------------
# Name                Type                Size  Value           
# --------------------------------------------------------------
# cfg                 uart_configuration  -     @360            
#   parity_mode       parity_mode_e       32    UART_PARITY_NONE
#   sampling          sampling_mode_e     32    MODE_X16        
#   data_width        integral            32    'h7             
#   num_of_stop_bit   integral            32    'h1             
#   baud_rate         integral            32    'h9600          
#   baud_rate_enable  integral            1     'h1             
#   parity_enable     integral            1     'h0             
# --------------------------------------------------------------
# 
# UVM_INFO ./../regmodel/uart_reg2ahb_adapter.sv(42) @ 320013000: reporter [uart_reg2ahb_adapter] bus2reg: address = 0x0 data = 0x0 kind = UVM_WRITE status = UVM_IS_OK
# UVM_INFO /ictc/other/tools/QuestaDVA/questasim/verilog_src/uvm-1.2/src/reg/uvm_reg_predictor.svh(221) @ 320013000: uvm_test_top.env.ahb_predictor [REG_PREDICT] Observed WRITE transaction to register regmodel.MDR: value='h0 : updated value = 'h0
# UVM_INFO ./../regmodel/uart_reg2ahb_adapter.sv(42) @ 320013000: reporter [uart_reg2ahb_adapter] bus2reg: address = 0x4 data = 0xa4 kind = UVM_WRITE status = UVM_IS_OK
# UVM_INFO /ictc/other/tools/QuestaDVA/questasim/verilog_src/uvm-1.2/src/reg/uvm_reg_predictor.svh(221) @ 320013000: uvm_test_top.env.ahb_predictor [REG_PREDICT] Observed WRITE transaction to register regmodel.DLL: value='ha4 : updated value = 'ha4
# UVM_INFO ./../regmodel/uart_reg2ahb_adapter.sv(42) @ 320013000: reporter [uart_reg2ahb_adapter] bus2reg: address = 0x8 data = 0x0 kind = UVM_WRITE status = UVM_IS_OK
# UVM_INFO /ictc/other/tools/QuestaDVA/questasim/verilog_src/uvm-1.2/src/reg/uvm_reg_predictor.svh(221) @ 320013000: uvm_test_top.env.ahb_predictor [REG_PREDICT] Observed WRITE transaction to register regmodel.DLH: value='h0 : updated value = 'h0
# UVM_INFO ./../regmodel/uart_reg2ahb_adapter.sv(42) @ 320013000: reporter [uart_reg2ahb_adapter] bus2reg: address = 0xc data = 0x22 kind = UVM_WRITE status = UVM_IS_OK
# UVM_INFO /ictc/other/tools/QuestaDVA/questasim/verilog_src/uvm-1.2/src/reg/uvm_reg_predictor.svh(221) @ 320013000: uvm_test_top.env.ahb_predictor [REG_PREDICT] Observed WRITE transaction to register regmodel.LCR: value='h22 : updated value = 'h22
# UVM_INFO ./../regmodel/uart_reg2ahb_adapter.sv(42) @ 320013000: reporter [uart_reg2ahb_adapter] bus2reg: address = 0x18 data = 0x9277f932 kind = UVM_WRITE status = UVM_IS_OK
# UVM_INFO /ictc/other/tools/QuestaDVA/questasim/verilog_src/uvm-1.2/src/reg/uvm_reg_predictor.svh(221) @ 320013000: uvm_test_top.env.ahb_predictor [REG_PREDICT] Observed WRITE transaction to register regmodel.TBR: value='h9277f932 : updated value = 'h32
# UVM_INFO ./../tb/dut_scoreboard.sv(50) @ 320013000: uvm_test_top.env.dut_sb [SCOREBOARD] 
# ===== Captured data from AHB: 0x9277f932
# UVM_INFO ./../tb/dut_scoreboard.sv(71) @ 320013000: uvm_test_top.env.dut_sb [dut_scoreboard] 
# 
# =====[UART TXD] Data comparison =====
# 
# UVM_ERROR ./../tb/dut_scoreboard.sv(76) @ 320013000: uvm_test_top.env.dut_sb [dut_scoreboard] 
# =====[DATA FRAME: 7] FAILED!!! Expected value is 0x32, Actual data is 0xe =====
# UVM_INFO ./../tb/dut_scoreboard.sv(82) @ 320013000: uvm_test_top.env.dut_sb [dut_scoreboard] 
# 
# =====[UART TXD] Parity comparison =====
# 
# UVM_INFO ./../tb/dut_scoreboard.sv(88) @ 320013000: uvm_test_top.env.dut_sb [dut_scoreboard] 
# =====[PARITY MODE: 0] PASSED SUCCESSFULLY!!! =====
# UVM_INFO ./../vip/uart_vip/uart_monitor.sv(95) @ 320120000: uvm_test_top.env.uart_agt.monitor [uart_monitor] 
# ===== Baud rate actual is      19048, Baud rate expected is      38400 =====
# UVM_INFO ./../vip/uart_vip/uart_monitor.sv(181) @ 320457000: uvm_test_top.env.uart_agt.monitor [uart_monitor] Data read from DUT is ------------------------------------------
# Name         Type              Size  Value
# ------------------------------------------
# trans        uart_transaction  -     @5303
#   direction  direction_e       32    RX   
#   data       integral          9     'h32 
#   parity     integral          1     'h0  
#   stop_bit   integral          2     'h1  
#   baud_rate  integral          32    'h0  
# ------------------------------------------
# 
# UVM_INFO ./../tb/dut_scoreboard.sv(58) @ 320457000: uvm_test_top.env.dut_sb [SCOREBOARD] 
# ===== Captured data from UART: 0x32
# UVM_INFO ./../testcases/uart_txd_x16_random.sv(35) @ 330013000: uvm_test_top [uart_txd_x16_random] --------------------------------------------------------------
# Name                Type                Size  Value           
# --------------------------------------------------------------
# cfg                 uart_configuration  -     @360            
#   parity_mode       parity_mode_e       32    UART_PARITY_NONE
#   sampling          sampling_mode_e     32    MODE_X16        
#   data_width        integral            32    'h7             
#   num_of_stop_bit   integral            32    'h1             
#   baud_rate         integral            32    'h12c00         
#   baud_rate_enable  integral            1     'h1             
#   parity_enable     integral            1     'h0             
# --------------------------------------------------------------
# 
# UVM_INFO ./../regmodel/uart_reg2ahb_adapter.sv(42) @ 330013000: reporter [uart_reg2ahb_adapter] bus2reg: address = 0x0 data = 0x0 kind = UVM_WRITE status = UVM_IS_OK
# UVM_INFO /ictc/other/tools/QuestaDVA/questasim/verilog_src/uvm-1.2/src/reg/uvm_reg_predictor.svh(221) @ 330013000: uvm_test_top.env.ahb_predictor [REG_PREDICT] Observed WRITE transaction to register regmodel.MDR: value='h0 : updated value = 'h0
# UVM_INFO ./../regmodel/uart_reg2ahb_adapter.sv(42) @ 330013000: reporter [uart_reg2ahb_adapter] bus2reg: address = 0x4 data = 0x51 kind = UVM_WRITE status = UVM_IS_OK
# UVM_INFO /ictc/other/tools/QuestaDVA/questasim/verilog_src/uvm-1.2/src/reg/uvm_reg_predictor.svh(221) @ 330013000: uvm_test_top.env.ahb_predictor [REG_PREDICT] Observed WRITE transaction to register regmodel.DLL: value='h51 : updated value = 'h51
# UVM_INFO ./../regmodel/uart_reg2ahb_adapter.sv(42) @ 330014000: reporter [uart_reg2ahb_adapter] bus2reg: address = 0x8 data = 0x0 kind = UVM_WRITE status = UVM_IS_OK
# UVM_INFO /ictc/other/tools/QuestaDVA/questasim/verilog_src/uvm-1.2/src/reg/uvm_reg_predictor.svh(221) @ 330014000: uvm_test_top.env.ahb_predictor [REG_PREDICT] Observed WRITE transaction to register regmodel.DLH: value='h0 : updated value = 'h0
# UVM_INFO ./../regmodel/uart_reg2ahb_adapter.sv(42) @ 330014000: reporter [uart_reg2ahb_adapter] bus2reg: address = 0xc data = 0x22 kind = UVM_WRITE status = UVM_IS_OK
# UVM_INFO /ictc/other/tools/QuestaDVA/questasim/verilog_src/uvm-1.2/src/reg/uvm_reg_predictor.svh(221) @ 330014000: uvm_test_top.env.ahb_predictor [REG_PREDICT] Observed WRITE transaction to register regmodel.LCR: value='h22 : updated value = 'h22
# UVM_INFO ./../regmodel/uart_reg2ahb_adapter.sv(42) @ 330014000: reporter [uart_reg2ahb_adapter] bus2reg: address = 0x18 data = 0x268181cd kind = UVM_WRITE status = UVM_IS_OK
# UVM_INFO /ictc/other/tools/QuestaDVA/questasim/verilog_src/uvm-1.2/src/reg/uvm_reg_predictor.svh(221) @ 330014000: uvm_test_top.env.ahb_predictor [REG_PREDICT] Observed WRITE transaction to register regmodel.TBR: value='h268181cd : updated value = 'hcd
# UVM_INFO ./../tb/dut_scoreboard.sv(50) @ 330014000: uvm_test_top.env.dut_sb [SCOREBOARD] 
# ===== Captured data from AHB: 0x268181cd
# UVM_INFO ./../tb/dut_scoreboard.sv(71) @ 330014000: uvm_test_top.env.dut_sb [dut_scoreboard] 
# 
# =====[UART TXD] Data comparison =====
# 
# UVM_ERROR ./../tb/dut_scoreboard.sv(76) @ 330014000: uvm_test_top.env.dut_sb [dut_scoreboard] 
# =====[DATA FRAME: 7] FAILED!!! Expected value is 0x4d, Actual data is 0x32 =====
# UVM_INFO ./../tb/dut_scoreboard.sv(82) @ 330014000: uvm_test_top.env.dut_sb [dut_scoreboard] 
# 
# =====[UART TXD] Parity comparison =====
# 
# UVM_INFO ./../tb/dut_scoreboard.sv(88) @ 330014000: uvm_test_top.env.dut_sb [dut_scoreboard] 
# =====[PARITY MODE: 0] PASSED SUCCESSFULLY!!! =====
# UVM_INFO ./../vip/uart_vip/uart_monitor.sv(95) @ 330040000: uvm_test_top.env.uart_agt.monitor [uart_monitor] 
# ===== Baud rate actual is      76923, Baud rate expected is      76800 =====
# UVM_INFO ./../vip/uart_vip/uart_monitor.sv(181) @ 330235000: uvm_test_top.env.uart_agt.monitor [uart_monitor] Data read from DUT is ------------------------------------------
# Name         Type              Size  Value
# ------------------------------------------
# trans        uart_transaction  -     @5437
#   direction  direction_e       32    RX   
#   data       integral          9     'h4d 
#   parity     integral          1     'h0  
#   stop_bit   integral          2     'h1  
#   baud_rate  integral          32    'h0  
# ------------------------------------------
# 
# UVM_INFO ./../tb/dut_scoreboard.sv(58) @ 330235000: uvm_test_top.env.dut_sb [SCOREBOARD] 
# ===== Captured data from UART: 0x4d
# UVM_INFO ./../testcases/uart_txd_x16_random.sv(35) @ 340014000: uvm_test_top [uart_txd_x16_random] --------------------------------------------------------------
# Name                Type                Size  Value           
# --------------------------------------------------------------
# cfg                 uart_configuration  -     @360            
#   parity_mode       parity_mode_e       32    UART_PARITY_NONE
#   sampling          sampling_mode_e     32    MODE_X16        
#   data_width        integral            32    'h7             
#   num_of_stop_bit   integral            32    'h1             
#   baud_rate         integral            32    'h1c200         
#   baud_rate_enable  integral            1     'h1             
#   parity_enable     integral            1     'h0             
# --------------------------------------------------------------
# 
# UVM_INFO ./../regmodel/uart_reg2ahb_adapter.sv(42) @ 340014000: reporter [uart_reg2ahb_adapter] bus2reg: address = 0x0 data = 0x0 kind = UVM_WRITE status = UVM_IS_OK
# UVM_INFO /ictc/other/tools/QuestaDVA/questasim/verilog_src/uvm-1.2/src/reg/uvm_reg_predictor.svh(221) @ 340014000: uvm_test_top.env.ahb_predictor [REG_PREDICT] Observed WRITE transaction to register regmodel.MDR: value='h0 : updated value = 'h0
# UVM_INFO ./../regmodel/uart_reg2ahb_adapter.sv(42) @ 340014000: reporter [uart_reg2ahb_adapter] bus2reg: address = 0x4 data = 0x36 kind = UVM_WRITE status = UVM_IS_OK
# UVM_INFO /ictc/other/tools/QuestaDVA/questasim/verilog_src/uvm-1.2/src/reg/uvm_reg_predictor.svh(221) @ 340014000: uvm_test_top.env.ahb_predictor [REG_PREDICT] Observed WRITE transaction to register regmodel.DLL: value='h36 : updated value = 'h36
# UVM_INFO ./../regmodel/uart_reg2ahb_adapter.sv(42) @ 340014000: reporter [uart_reg2ahb_adapter] bus2reg: address = 0x8 data = 0x0 kind = UVM_WRITE status = UVM_IS_OK
# UVM_INFO /ictc/other/tools/QuestaDVA/questasim/verilog_src/uvm-1.2/src/reg/uvm_reg_predictor.svh(221) @ 340014000: uvm_test_top.env.ahb_predictor [REG_PREDICT] Observed WRITE transaction to register regmodel.DLH: value='h0 : updated value = 'h0
# UVM_INFO ./../regmodel/uart_reg2ahb_adapter.sv(42) @ 340014000: reporter [uart_reg2ahb_adapter] bus2reg: address = 0xc data = 0x22 kind = UVM_WRITE status = UVM_IS_OK
# UVM_INFO /ictc/other/tools/QuestaDVA/questasim/verilog_src/uvm-1.2/src/reg/uvm_reg_predictor.svh(221) @ 340014000: uvm_test_top.env.ahb_predictor [REG_PREDICT] Observed WRITE transaction to register regmodel.LCR: value='h22 : updated value = 'h22
# UVM_INFO ./../regmodel/uart_reg2ahb_adapter.sv(42) @ 340014000: reporter [uart_reg2ahb_adapter] bus2reg: address = 0x18 data = 0xf1d4b0fa kind = UVM_WRITE status = UVM_IS_OK
# UVM_INFO /ictc/other/tools/QuestaDVA/questasim/verilog_src/uvm-1.2/src/reg/uvm_reg_predictor.svh(221) @ 340014000: uvm_test_top.env.ahb_predictor [REG_PREDICT] Observed WRITE transaction to register regmodel.TBR: value='hf1d4b0fa : updated value = 'hfa
# UVM_INFO ./../tb/dut_scoreboard.sv(50) @ 340014000: uvm_test_top.env.dut_sb [SCOREBOARD] 
# ===== Captured data from AHB: 0xf1d4b0fa
# UVM_INFO ./../tb/dut_scoreboard.sv(71) @ 340014000: uvm_test_top.env.dut_sb [dut_scoreboard] 
# 
# =====[UART TXD] Data comparison =====
# 
# UVM_ERROR ./../tb/dut_scoreboard.sv(76) @ 340014000: uvm_test_top.env.dut_sb [dut_scoreboard] 
# =====[DATA FRAME: 7] FAILED!!! Expected value is 0x7a, Actual data is 0x4d =====
# UVM_INFO ./../tb/dut_scoreboard.sv(82) @ 340014000: uvm_test_top.env.dut_sb [dut_scoreboard] 
# 
# =====[UART TXD] Parity comparison =====
# 
# UVM_INFO ./../tb/dut_scoreboard.sv(88) @ 340014000: uvm_test_top.env.dut_sb [dut_scoreboard] 
# =====[PARITY MODE: 0] PASSED SUCCESSFULLY!!! =====
# UVM_INFO ./../vip/uart_vip/uart_monitor.sv(95) @ 340050000: uvm_test_top.env.uart_agt.monitor [uart_monitor] 
# ===== Baud rate actual is      57143, Baud rate expected is     115200 =====
# UVM_INFO ./../vip/uart_vip/uart_monitor.sv(181) @ 340160000: uvm_test_top.env.uart_agt.monitor [uart_monitor] Data read from DUT is ------------------------------------------
# Name         Type              Size  Value
# ------------------------------------------
# trans        uart_transaction  -     @5571
#   direction  direction_e       32    RX   
#   data       integral          9     'h7a 
#   parity     integral          1     'h0  
#   stop_bit   integral          2     'h1  
#   baud_rate  integral          32    'h0  
# ------------------------------------------
# 
# UVM_INFO ./../tb/dut_scoreboard.sv(58) @ 340160000: uvm_test_top.env.dut_sb [SCOREBOARD] 
# ===== Captured data from UART: 0x7a
# UVM_INFO ./../testcases/uart_txd_x16_random.sv(35) @ 350014000: uvm_test_top [uart_txd_x16_random] --------------------------------------------------------------
# Name                Type                Size  Value           
# --------------------------------------------------------------
# cfg                 uart_configuration  -     @360            
#   parity_mode       parity_mode_e       32    UART_PARITY_NONE
#   sampling          sampling_mode_e     32    MODE_X16        
#   data_width        integral            32    'h7             
#   num_of_stop_bit   integral            32    'h2             
#   baud_rate         integral            32    'h960           
#   baud_rate_enable  integral            1     'h1             
#   parity_enable     integral            1     'h0             
# --------------------------------------------------------------
# 
# UVM_INFO ./../regmodel/uart_reg2ahb_adapter.sv(42) @ 350014000: reporter [uart_reg2ahb_adapter] bus2reg: address = 0x0 data = 0x0 kind = UVM_WRITE status = UVM_IS_OK
# UVM_INFO /ictc/other/tools/QuestaDVA/questasim/verilog_src/uvm-1.2/src/reg/uvm_reg_predictor.svh(221) @ 350014000: uvm_test_top.env.ahb_predictor [REG_PREDICT] Observed WRITE transaction to register regmodel.MDR: value='h0 : updated value = 'h0
# UVM_INFO ./../regmodel/uart_reg2ahb_adapter.sv(42) @ 350014000: reporter [uart_reg2ahb_adapter] bus2reg: address = 0x4 data = 0x2c kind = UVM_WRITE status = UVM_IS_OK
# UVM_INFO /ictc/other/tools/QuestaDVA/questasim/verilog_src/uvm-1.2/src/reg/uvm_reg_predictor.svh(221) @ 350014000: uvm_test_top.env.ahb_predictor [REG_PREDICT] Observed WRITE transaction to register regmodel.DLL: value='h2c : updated value = 'h2c
# UVM_INFO ./../regmodel/uart_reg2ahb_adapter.sv(42) @ 350014000: reporter [uart_reg2ahb_adapter] bus2reg: address = 0x8 data = 0xa kind = UVM_WRITE status = UVM_IS_OK
# UVM_INFO /ictc/other/tools/QuestaDVA/questasim/verilog_src/uvm-1.2/src/reg/uvm_reg_predictor.svh(221) @ 350014000: uvm_test_top.env.ahb_predictor [REG_PREDICT] Observed WRITE transaction to register regmodel.DLH: value='ha : updated value = 'ha
# UVM_INFO ./../regmodel/uart_reg2ahb_adapter.sv(42) @ 350014000: reporter [uart_reg2ahb_adapter] bus2reg: address = 0xc data = 0x26 kind = UVM_WRITE status = UVM_IS_OK
# UVM_INFO /ictc/other/tools/QuestaDVA/questasim/verilog_src/uvm-1.2/src/reg/uvm_reg_predictor.svh(221) @ 350014000: uvm_test_top.env.ahb_predictor [REG_PREDICT] Observed WRITE transaction to register regmodel.LCR: value='h26 : updated value = 'h26
# UVM_INFO ./../regmodel/uart_reg2ahb_adapter.sv(42) @ 350015000: reporter [uart_reg2ahb_adapter] bus2reg: address = 0x18 data = 0xf4dbb7d3 kind = UVM_WRITE status = UVM_IS_OK
# UVM_INFO /ictc/other/tools/QuestaDVA/questasim/verilog_src/uvm-1.2/src/reg/uvm_reg_predictor.svh(221) @ 350015000: uvm_test_top.env.ahb_predictor [REG_PREDICT] Observed WRITE transaction to register regmodel.TBR: value='hf4dbb7d3 : updated value = 'hd3
# UVM_INFO ./../tb/dut_scoreboard.sv(50) @ 350015000: uvm_test_top.env.dut_sb [SCOREBOARD] 
# ===== Captured data from AHB: 0xf4dbb7d3
# UVM_INFO ./../tb/dut_scoreboard.sv(71) @ 350015000: uvm_test_top.env.dut_sb [dut_scoreboard] 
# 
# =====[UART TXD] Data comparison =====
# 
# UVM_ERROR ./../tb/dut_scoreboard.sv(76) @ 350015000: uvm_test_top.env.dut_sb [dut_scoreboard] 
# =====[DATA FRAME: 7] FAILED!!! Expected value is 0x53, Actual data is 0x7a =====
# UVM_INFO ./../tb/dut_scoreboard.sv(82) @ 350015000: uvm_test_top.env.dut_sb [dut_scoreboard] 
# 
# =====[UART TXD] Parity comparison =====
# 
# UVM_INFO ./../tb/dut_scoreboard.sv(88) @ 350015000: uvm_test_top.env.dut_sb [dut_scoreboard] 
# =====[PARITY MODE: 0] PASSED SUCCESSFULLY!!! =====
# UVM_INFO ./../vip/uart_vip/uart_monitor.sv(95) @ 350899000: uvm_test_top.env.uart_agt.monitor [uart_monitor] 
# ===== Baud rate actual is       2401, Baud rate expected is       2400 =====
# UVM_INFO ./../vip/uart_vip/uart_monitor.sv(181) @ 357980000: uvm_test_top.env.uart_agt.monitor [uart_monitor] Data read from DUT is ------------------------------------------
# Name         Type              Size  Value
# ------------------------------------------
# trans        uart_transaction  -     @5705
#   direction  direction_e       32    RX   
#   data       integral          9     'h53 
#   parity     integral          1     'h0  
#   stop_bit   integral          2     'h1  
#   baud_rate  integral          32    'h0  
# ------------------------------------------
# 
# UVM_INFO ./../tb/dut_scoreboard.sv(58) @ 357980000: uvm_test_top.env.dut_sb [SCOREBOARD] 
# ===== Captured data from UART: 0x53
# UVM_INFO ./../testcases/uart_txd_x16_random.sv(35) @ 360015000: uvm_test_top [uart_txd_x16_random] --------------------------------------------------------------
# Name                Type                Size  Value           
# --------------------------------------------------------------
# cfg                 uart_configuration  -     @360            
#   parity_mode       parity_mode_e       32    UART_PARITY_NONE
#   sampling          sampling_mode_e     32    MODE_X16        
#   data_width        integral            32    'h7             
#   num_of_stop_bit   integral            32    'h2             
#   baud_rate         integral            32    'h12c0          
#   baud_rate_enable  integral            1     'h1             
#   parity_enable     integral            1     'h0             
# --------------------------------------------------------------
# 
# UVM_INFO ./../regmodel/uart_reg2ahb_adapter.sv(42) @ 360015000: reporter [uart_reg2ahb_adapter] bus2reg: address = 0x0 data = 0x0 kind = UVM_WRITE status = UVM_IS_OK
# UVM_INFO /ictc/other/tools/QuestaDVA/questasim/verilog_src/uvm-1.2/src/reg/uvm_reg_predictor.svh(221) @ 360015000: uvm_test_top.env.ahb_predictor [REG_PREDICT] Observed WRITE transaction to register regmodel.MDR: value='h0 : updated value = 'h0
# UVM_INFO ./../regmodel/uart_reg2ahb_adapter.sv(42) @ 360015000: reporter [uart_reg2ahb_adapter] bus2reg: address = 0x4 data = 0x16 kind = UVM_WRITE status = UVM_IS_OK
# UVM_INFO /ictc/other/tools/QuestaDVA/questasim/verilog_src/uvm-1.2/src/reg/uvm_reg_predictor.svh(221) @ 360015000: uvm_test_top.env.ahb_predictor [REG_PREDICT] Observed WRITE transaction to register regmodel.DLL: value='h16 : updated value = 'h16
# UVM_INFO ./../regmodel/uart_reg2ahb_adapter.sv(42) @ 360015000: reporter [uart_reg2ahb_adapter] bus2reg: address = 0x8 data = 0x5 kind = UVM_WRITE status = UVM_IS_OK
# UVM_INFO /ictc/other/tools/QuestaDVA/questasim/verilog_src/uvm-1.2/src/reg/uvm_reg_predictor.svh(221) @ 360015000: uvm_test_top.env.ahb_predictor [REG_PREDICT] Observed WRITE transaction to register regmodel.DLH: value='h5 : updated value = 'h5
# UVM_INFO ./../regmodel/uart_reg2ahb_adapter.sv(42) @ 360015000: reporter [uart_reg2ahb_adapter] bus2reg: address = 0xc data = 0x26 kind = UVM_WRITE status = UVM_IS_OK
# UVM_INFO /ictc/other/tools/QuestaDVA/questasim/verilog_src/uvm-1.2/src/reg/uvm_reg_predictor.svh(221) @ 360015000: uvm_test_top.env.ahb_predictor [REG_PREDICT] Observed WRITE transaction to register regmodel.LCR: value='h26 : updated value = 'h26
# UVM_INFO ./../regmodel/uart_reg2ahb_adapter.sv(42) @ 360015000: reporter [uart_reg2ahb_adapter] bus2reg: address = 0x18 data = 0xd9c61b59 kind = UVM_WRITE status = UVM_IS_OK
# UVM_INFO /ictc/other/tools/QuestaDVA/questasim/verilog_src/uvm-1.2/src/reg/uvm_reg_predictor.svh(221) @ 360015000: uvm_test_top.env.ahb_predictor [REG_PREDICT] Observed WRITE transaction to register regmodel.TBR: value='hd9c61b59 : updated value = 'h59
# UVM_INFO ./../tb/dut_scoreboard.sv(50) @ 360015000: uvm_test_top.env.dut_sb [SCOREBOARD] 
# ===== Captured data from AHB: 0xd9c61b59
# UVM_INFO ./../tb/dut_scoreboard.sv(71) @ 360015000: uvm_test_top.env.dut_sb [dut_scoreboard] 
# 
# =====[UART TXD] Data comparison =====
# 
# UVM_ERROR ./../tb/dut_scoreboard.sv(76) @ 360015000: uvm_test_top.env.dut_sb [dut_scoreboard] 
# =====[DATA FRAME: 7] FAILED!!! Expected value is 0x59, Actual data is 0x53 =====
# UVM_INFO ./../tb/dut_scoreboard.sv(82) @ 360015000: uvm_test_top.env.dut_sb [dut_scoreboard] 
# 
# =====[UART TXD] Parity comparison =====
# 
# UVM_INFO ./../tb/dut_scoreboard.sv(88) @ 360015000: uvm_test_top.env.dut_sb [dut_scoreboard] 
# =====[PARITY MODE: 0] PASSED SUCCESSFULLY!!! =====
# UVM_INFO ./../vip/uart_vip/uart_monitor.sv(95) @ 360456000: uvm_test_top.env.uart_agt.monitor [uart_monitor] 
# ===== Baud rate actual is       4796, Baud rate expected is       4800 =====
# UVM_INFO ./../vip/uart_vip/uart_monitor.sv(181) @ 364001000: uvm_test_top.env.uart_agt.monitor [uart_monitor] Data read from DUT is ------------------------------------------
# Name         Type              Size  Value
# ------------------------------------------
# trans        uart_transaction  -     @5839
#   direction  direction_e       32    RX   
#   data       integral          9     'h59 
#   parity     integral          1     'h0  
#   stop_bit   integral          2     'h1  
#   baud_rate  integral          32    'h0  
# ------------------------------------------
# 
# UVM_INFO ./../tb/dut_scoreboard.sv(58) @ 364001000: uvm_test_top.env.dut_sb [SCOREBOARD] 
# ===== Captured data from UART: 0x59
# UVM_INFO ./../testcases/uart_txd_x16_random.sv(35) @ 370015000: uvm_test_top [uart_txd_x16_random] --------------------------------------------------------------
# Name                Type                Size  Value           
# --------------------------------------------------------------
# cfg                 uart_configuration  -     @360            
#   parity_mode       parity_mode_e       32    UART_PARITY_NONE
#   sampling          sampling_mode_e     32    MODE_X16        
#   data_width        integral            32    'h7             
#   num_of_stop_bit   integral            32    'h2             
#   baud_rate         integral            32    'h2580          
#   baud_rate_enable  integral            1     'h1             
#   parity_enable     integral            1     'h0             
# --------------------------------------------------------------
# 
# UVM_INFO ./../regmodel/uart_reg2ahb_adapter.sv(42) @ 370015000: reporter [uart_reg2ahb_adapter] bus2reg: address = 0x0 data = 0x0 kind = UVM_WRITE status = UVM_IS_OK
# UVM_INFO /ictc/other/tools/QuestaDVA/questasim/verilog_src/uvm-1.2/src/reg/uvm_reg_predictor.svh(221) @ 370015000: uvm_test_top.env.ahb_predictor [REG_PREDICT] Observed WRITE transaction to register regmodel.MDR: value='h0 : updated value = 'h0
# UVM_INFO ./../regmodel/uart_reg2ahb_adapter.sv(42) @ 370015000: reporter [uart_reg2ahb_adapter] bus2reg: address = 0x4 data = 0x16 kind = UVM_WRITE status = UVM_IS_OK
# UVM_INFO /ictc/other/tools/QuestaDVA/questasim/verilog_src/uvm-1.2/src/reg/uvm_reg_predictor.svh(221) @ 370015000: uvm_test_top.env.ahb_predictor [REG_PREDICT] Observed WRITE transaction to register regmodel.DLL: value='h16 : updated value = 'h16
# UVM_INFO ./../regmodel/uart_reg2ahb_adapter.sv(42) @ 370015000: reporter [uart_reg2ahb_adapter] bus2reg: address = 0x8 data = 0x5 kind = UVM_WRITE status = UVM_IS_OK
# UVM_INFO /ictc/other/tools/QuestaDVA/questasim/verilog_src/uvm-1.2/src/reg/uvm_reg_predictor.svh(221) @ 370015000: uvm_test_top.env.ahb_predictor [REG_PREDICT] Observed WRITE transaction to register regmodel.DLH: value='h5 : updated value = 'h5
# UVM_INFO ./../regmodel/uart_reg2ahb_adapter.sv(42) @ 370015000: reporter [uart_reg2ahb_adapter] bus2reg: address = 0xc data = 0x26 kind = UVM_WRITE status = UVM_IS_OK
# UVM_INFO /ictc/other/tools/QuestaDVA/questasim/verilog_src/uvm-1.2/src/reg/uvm_reg_predictor.svh(221) @ 370015000: uvm_test_top.env.ahb_predictor [REG_PREDICT] Observed WRITE transaction to register regmodel.LCR: value='h26 : updated value = 'h26
# UVM_INFO ./../regmodel/uart_reg2ahb_adapter.sv(42) @ 370015000: reporter [uart_reg2ahb_adapter] bus2reg: address = 0x18 data = 0x26ab0d92 kind = UVM_WRITE status = UVM_IS_OK
# UVM_INFO /ictc/other/tools/QuestaDVA/questasim/verilog_src/uvm-1.2/src/reg/uvm_reg_predictor.svh(221) @ 370015000: uvm_test_top.env.ahb_predictor [REG_PREDICT] Observed WRITE transaction to register regmodel.TBR: value='h26ab0d92 : updated value = 'h92
# UVM_INFO ./../tb/dut_scoreboard.sv(50) @ 370015000: uvm_test_top.env.dut_sb [SCOREBOARD] 
# ===== Captured data from AHB: 0x26ab0d92
# UVM_INFO ./../tb/dut_scoreboard.sv(71) @ 370015000: uvm_test_top.env.dut_sb [dut_scoreboard] 
# 
# =====[UART TXD] Data comparison =====
# 
# UVM_ERROR ./../tb/dut_scoreboard.sv(76) @ 370015000: uvm_test_top.env.dut_sb [dut_scoreboard] 
# =====[DATA FRAME: 7] FAILED!!! Expected value is 0x12, Actual data is 0x59 =====
# UVM_INFO ./../tb/dut_scoreboard.sv(82) @ 370015000: uvm_test_top.env.dut_sb [dut_scoreboard] 
# 
# =====[UART TXD] Parity comparison =====
# 
# UVM_INFO ./../tb/dut_scoreboard.sv(88) @ 370015000: uvm_test_top.env.dut_sb [dut_scoreboard] 
# =====[PARITY MODE: 0] PASSED SUCCESSFULLY!!! =====
# UVM_INFO ./../vip/uart_vip/uart_monitor.sv(95) @ 370872000: uvm_test_top.env.uart_agt.monitor [uart_monitor] 
# ===== Baud rate actual is       2401, Baud rate expected is       9600 =====
# UVM_ERROR ./../vip/uart_vip/uart_monitor.sv(174) @ 371807000: uvm_test_top.env.uart_agt.monitor [uart_monitor] ===== stop bit error detected =====
# UVM_ERROR ./../vip/uart_vip/uart_monitor.sv(174) @ 372015000: uvm_test_top.env.uart_agt.monitor [uart_monitor] ===== stop bit error detected =====
# UVM_INFO ./../vip/uart_vip/uart_monitor.sv(181) @ 372015000: uvm_test_top.env.uart_agt.monitor [uart_monitor] Data read from DUT is ------------------------------------------
# Name         Type              Size  Value
# ------------------------------------------
# trans        uart_transaction  -     @5973
#   direction  direction_e       32    RX   
#   data       integral          9     'h18 
#   parity     integral          1     'h0  
#   stop_bit   integral          2     'h0  
#   baud_rate  integral          32    'h0  
# ------------------------------------------
# 
# UVM_INFO ./../tb/dut_scoreboard.sv(58) @ 372015000: uvm_test_top.env.dut_sb [SCOREBOARD] 
# ===== Captured data from UART: 0x18
# UVM_INFO ./../vip/uart_vip/uart_monitor.sv(181) @ 374515000: uvm_test_top.env.uart_agt.monitor [uart_monitor] Data read from DUT is ------------------------------------------
# Name         Type              Size  Value
# ------------------------------------------
# trans        uart_transaction  -     @6111
#   direction  direction_e       32    RX   
#   data       integral          9     'h78 
#   parity     integral          1     'h0  
#   stop_bit   integral          2     'h1  
#   baud_rate  integral          32    'h0  
# ------------------------------------------
# 
# UVM_INFO ./../tb/dut_scoreboard.sv(58) @ 374515000: uvm_test_top.env.dut_sb [SCOREBOARD] 
# ===== Captured data from UART: 0x78
# UVM_INFO ./../testcases/uart_txd_x16_random.sv(35) @ 380015000: uvm_test_top [uart_txd_x16_random] --------------------------------------------------------------
# Name                Type                Size  Value           
# --------------------------------------------------------------
# cfg                 uart_configuration  -     @360            
#   parity_mode       parity_mode_e       32    UART_PARITY_NONE
#   sampling          sampling_mode_e     32    MODE_X16        
#   data_width        integral            32    'h7             
#   num_of_stop_bit   integral            32    'h2             
#   baud_rate         integral            32    'h4b00          
#   baud_rate_enable  integral            1     'h1             
#   parity_enable     integral            1     'h0             
# --------------------------------------------------------------
# 
# UVM_INFO ./../regmodel/uart_reg2ahb_adapter.sv(42) @ 380015000: reporter [uart_reg2ahb_adapter] bus2reg: address = 0x0 data = 0x0 kind = UVM_WRITE status = UVM_IS_OK
# UVM_INFO /ictc/other/tools/QuestaDVA/questasim/verilog_src/uvm-1.2/src/reg/uvm_reg_predictor.svh(221) @ 380015000: uvm_test_top.env.ahb_predictor [REG_PREDICT] Observed WRITE transaction to register regmodel.MDR: value='h0 : updated value = 'h0
# UVM_INFO ./../regmodel/uart_reg2ahb_adapter.sv(42) @ 380015000: reporter [uart_reg2ahb_adapter] bus2reg: address = 0x4 data = 0x45 kind = UVM_WRITE status = UVM_IS_OK
# UVM_INFO /ictc/other/tools/QuestaDVA/questasim/verilog_src/uvm-1.2/src/reg/uvm_reg_predictor.svh(221) @ 380015000: uvm_test_top.env.ahb_predictor [REG_PREDICT] Observed WRITE transaction to register regmodel.DLL: value='h45 : updated value = 'h45
# UVM_INFO ./../regmodel/uart_reg2ahb_adapter.sv(42) @ 380016000: reporter [uart_reg2ahb_adapter] bus2reg: address = 0x8 data = 0x1 kind = UVM_WRITE status = UVM_IS_OK
# UVM_INFO /ictc/other/tools/QuestaDVA/questasim/verilog_src/uvm-1.2/src/reg/uvm_reg_predictor.svh(221) @ 380016000: uvm_test_top.env.ahb_predictor [REG_PREDICT] Observed WRITE transaction to register regmodel.DLH: value='h1 : updated value = 'h1
# UVM_INFO ./../regmodel/uart_reg2ahb_adapter.sv(42) @ 380016000: reporter [uart_reg2ahb_adapter] bus2reg: address = 0xc data = 0x26 kind = UVM_WRITE status = UVM_IS_OK
# UVM_INFO /ictc/other/tools/QuestaDVA/questasim/verilog_src/uvm-1.2/src/reg/uvm_reg_predictor.svh(221) @ 380016000: uvm_test_top.env.ahb_predictor [REG_PREDICT] Observed WRITE transaction to register regmodel.LCR: value='h26 : updated value = 'h26
# UVM_INFO ./../regmodel/uart_reg2ahb_adapter.sv(42) @ 380016000: reporter [uart_reg2ahb_adapter] bus2reg: address = 0x18 data = 0xb1276a68 kind = UVM_WRITE status = UVM_IS_OK
# UVM_INFO /ictc/other/tools/QuestaDVA/questasim/verilog_src/uvm-1.2/src/reg/uvm_reg_predictor.svh(221) @ 380016000: uvm_test_top.env.ahb_predictor [REG_PREDICT] Observed WRITE transaction to register regmodel.TBR: value='hb1276a68 : updated value = 'h68
# UVM_INFO ./../tb/dut_scoreboard.sv(50) @ 380016000: uvm_test_top.env.dut_sb [SCOREBOARD] 
# ===== Captured data from AHB: 0xb1276a68
# UVM_INFO ./../tb/dut_scoreboard.sv(71) @ 380016000: uvm_test_top.env.dut_sb [dut_scoreboard] 
# 
# =====[UART TXD] Data comparison =====
# 
# UVM_ERROR ./../tb/dut_scoreboard.sv(76) @ 380016000: uvm_test_top.env.dut_sb [dut_scoreboard] 
# =====[DATA FRAME: 7] FAILED!!! Expected value is 0x68, Actual data is 0x18 =====
# UVM_INFO ./../tb/dut_scoreboard.sv(82) @ 380016000: uvm_test_top.env.dut_sb [dut_scoreboard] 
# 
# =====[UART TXD] Parity comparison =====
# 
# UVM_INFO ./../tb/dut_scoreboard.sv(88) @ 380016000: uvm_test_top.env.dut_sb [dut_scoreboard] 
# =====[PARITY MODE: 0] PASSED SUCCESSFULLY!!! =====
# UVM_INFO ./../vip/uart_vip/uart_monitor.sv(95) @ 380435000: uvm_test_top.env.uart_agt.monitor [uart_monitor] 
# ===== Baud rate actual is       4808, Baud rate expected is      19200 =====
# UVM_INFO ./../vip/uart_vip/uart_monitor.sv(181) @ 381007000: uvm_test_top.env.uart_agt.monitor [uart_monitor] Data read from DUT is ------------------------------------------
# Name         Type              Size  Value
# ------------------------------------------
# trans        uart_transaction  -     @6119
#   direction  direction_e       32    RX   
#   data       integral          9     'h68 
#   parity     integral          1     'h0  
#   stop_bit   integral          2     'h1  
#   baud_rate  integral          32    'h0  
# ------------------------------------------
# 
# UVM_INFO ./../tb/dut_scoreboard.sv(58) @ 381007000: uvm_test_top.env.dut_sb [SCOREBOARD] 
# ===== Captured data from UART: 0x68
# UVM_INFO ./../testcases/uart_txd_x16_random.sv(35) @ 390016000: uvm_test_top [uart_txd_x16_random] --------------------------------------------------------------
# Name                Type                Size  Value           
# --------------------------------------------------------------
# cfg                 uart_configuration  -     @360            
#   parity_mode       parity_mode_e       32    UART_PARITY_NONE
#   sampling          sampling_mode_e     32    MODE_X16        
#   data_width        integral            32    'h7             
#   num_of_stop_bit   integral            32    'h2             
#   baud_rate         integral            32    'h9600          
#   baud_rate_enable  integral            1     'h1             
#   parity_enable     integral            1     'h0             
# --------------------------------------------------------------
# 
# UVM_INFO ./../regmodel/uart_reg2ahb_adapter.sv(42) @ 390016000: reporter [uart_reg2ahb_adapter] bus2reg: address = 0x0 data = 0x0 kind = UVM_WRITE status = UVM_IS_OK
# UVM_INFO /ictc/other/tools/QuestaDVA/questasim/verilog_src/uvm-1.2/src/reg/uvm_reg_predictor.svh(221) @ 390016000: uvm_test_top.env.ahb_predictor [REG_PREDICT] Observed WRITE transaction to register regmodel.MDR: value='h0 : updated value = 'h0
# UVM_INFO ./../regmodel/uart_reg2ahb_adapter.sv(42) @ 390016000: reporter [uart_reg2ahb_adapter] bus2reg: address = 0x4 data = 0xa4 kind = UVM_WRITE status = UVM_IS_OK
# UVM_INFO /ictc/other/tools/QuestaDVA/questasim/verilog_src/uvm-1.2/src/reg/uvm_reg_predictor.svh(221) @ 390016000: uvm_test_top.env.ahb_predictor [REG_PREDICT] Observed WRITE transaction to register regmodel.DLL: value='ha4 : updated value = 'ha4
# UVM_INFO ./../regmodel/uart_reg2ahb_adapter.sv(42) @ 390016000: reporter [uart_reg2ahb_adapter] bus2reg: address = 0x8 data = 0x0 kind = UVM_WRITE status = UVM_IS_OK
# UVM_INFO /ictc/other/tools/QuestaDVA/questasim/verilog_src/uvm-1.2/src/reg/uvm_reg_predictor.svh(221) @ 390016000: uvm_test_top.env.ahb_predictor [REG_PREDICT] Observed WRITE transaction to register regmodel.DLH: value='h0 : updated value = 'h0
# UVM_INFO ./../regmodel/uart_reg2ahb_adapter.sv(42) @ 390016000: reporter [uart_reg2ahb_adapter] bus2reg: address = 0xc data = 0x26 kind = UVM_WRITE status = UVM_IS_OK
# UVM_INFO /ictc/other/tools/QuestaDVA/questasim/verilog_src/uvm-1.2/src/reg/uvm_reg_predictor.svh(221) @ 390016000: uvm_test_top.env.ahb_predictor [REG_PREDICT] Observed WRITE transaction to register regmodel.LCR: value='h26 : updated value = 'h26
# UVM_INFO ./../regmodel/uart_reg2ahb_adapter.sv(42) @ 390016000: reporter [uart_reg2ahb_adapter] bus2reg: address = 0x18 data = 0x29936320 kind = UVM_WRITE status = UVM_IS_OK
# UVM_INFO /ictc/other/tools/QuestaDVA/questasim/verilog_src/uvm-1.2/src/reg/uvm_reg_predictor.svh(221) @ 390016000: uvm_test_top.env.ahb_predictor [REG_PREDICT] Observed WRITE transaction to register regmodel.TBR: value='h29936320 : updated value = 'h20
# UVM_INFO ./../tb/dut_scoreboard.sv(50) @ 390016000: uvm_test_top.env.dut_sb [SCOREBOARD] 
# ===== Captured data from AHB: 0x29936320
# UVM_INFO ./../tb/dut_scoreboard.sv(71) @ 390016000: uvm_test_top.env.dut_sb [dut_scoreboard] 
# 
# =====[UART TXD] Data comparison =====
# 
# UVM_ERROR ./../tb/dut_scoreboard.sv(76) @ 390016000: uvm_test_top.env.dut_sb [dut_scoreboard] 
# =====[DATA FRAME: 7] FAILED!!! Expected value is 0x20, Actual data is 0x78 =====
# UVM_INFO ./../tb/dut_scoreboard.sv(82) @ 390016000: uvm_test_top.env.dut_sb [dut_scoreboard] 
# 
# =====[UART TXD] Parity comparison =====
# 
# UVM_INFO ./../tb/dut_scoreboard.sv(88) @ 390016000: uvm_test_top.env.dut_sb [dut_scoreboard] 
# =====[PARITY MODE: 0] PASSED SUCCESSFULLY!!! =====
# UVM_INFO ./../vip/uart_vip/uart_monitor.sv(95) @ 390334000: uvm_test_top.env.uart_agt.monitor [uart_monitor] 
# ===== Baud rate actual is       6349, Baud rate expected is      38400 =====
# UVM_INFO ./../vip/uart_vip/uart_monitor.sv(181) @ 390513000: uvm_test_top.env.uart_agt.monitor [uart_monitor] Data read from DUT is ------------------------------------------
# Name         Type              Size  Value
# ------------------------------------------
# trans        uart_transaction  -     @6253
#   direction  direction_e       32    RX   
#   data       integral          9     'h20 
#   parity     integral          1     'h0  
#   stop_bit   integral          2     'h1  
#   baud_rate  integral          32    'h0  
# ------------------------------------------
# 
# UVM_INFO ./../tb/dut_scoreboard.sv(58) @ 390513000: uvm_test_top.env.dut_sb [SCOREBOARD] 
# ===== Captured data from UART: 0x20
# UVM_INFO ./../testcases/uart_txd_x16_random.sv(35) @ 400016000: uvm_test_top [uart_txd_x16_random] --------------------------------------------------------------
# Name                Type                Size  Value           
# --------------------------------------------------------------
# cfg                 uart_configuration  -     @360            
#   parity_mode       parity_mode_e       32    UART_PARITY_NONE
#   sampling          sampling_mode_e     32    MODE_X16        
#   data_width        integral            32    'h7             
#   num_of_stop_bit   integral            32    'h2             
#   baud_rate         integral            32    'h12c00         
#   baud_rate_enable  integral            1     'h1             
#   parity_enable     integral            1     'h0             
# --------------------------------------------------------------
# 
# UVM_INFO ./../regmodel/uart_reg2ahb_adapter.sv(42) @ 400016000: reporter [uart_reg2ahb_adapter] bus2reg: address = 0x0 data = 0x0 kind = UVM_WRITE status = UVM_IS_OK
# UVM_INFO /ictc/other/tools/QuestaDVA/questasim/verilog_src/uvm-1.2/src/reg/uvm_reg_predictor.svh(221) @ 400016000: uvm_test_top.env.ahb_predictor [REG_PREDICT] Observed WRITE transaction to register regmodel.MDR: value='h0 : updated value = 'h0
# UVM_INFO ./../regmodel/uart_reg2ahb_adapter.sv(42) @ 400016000: reporter [uart_reg2ahb_adapter] bus2reg: address = 0x4 data = 0x51 kind = UVM_WRITE status = UVM_IS_OK
# UVM_INFO /ictc/other/tools/QuestaDVA/questasim/verilog_src/uvm-1.2/src/reg/uvm_reg_predictor.svh(221) @ 400016000: uvm_test_top.env.ahb_predictor [REG_PREDICT] Observed WRITE transaction to register regmodel.DLL: value='h51 : updated value = 'h51
# UVM_INFO ./../regmodel/uart_reg2ahb_adapter.sv(42) @ 400016000: reporter [uart_reg2ahb_adapter] bus2reg: address = 0x8 data = 0x0 kind = UVM_WRITE status = UVM_IS_OK
# UVM_INFO /ictc/other/tools/QuestaDVA/questasim/verilog_src/uvm-1.2/src/reg/uvm_reg_predictor.svh(221) @ 400016000: uvm_test_top.env.ahb_predictor [REG_PREDICT] Observed WRITE transaction to register regmodel.DLH: value='h0 : updated value = 'h0
# UVM_INFO ./../regmodel/uart_reg2ahb_adapter.sv(42) @ 400016000: reporter [uart_reg2ahb_adapter] bus2reg: address = 0xc data = 0x26 kind = UVM_WRITE status = UVM_IS_OK
# UVM_INFO /ictc/other/tools/QuestaDVA/questasim/verilog_src/uvm-1.2/src/reg/uvm_reg_predictor.svh(221) @ 400016000: uvm_test_top.env.ahb_predictor [REG_PREDICT] Observed WRITE transaction to register regmodel.LCR: value='h26 : updated value = 'h26
# UVM_INFO ./../regmodel/uart_reg2ahb_adapter.sv(42) @ 400017000: reporter [uart_reg2ahb_adapter] bus2reg: address = 0x18 data = 0x3b018b3d kind = UVM_WRITE status = UVM_IS_OK
# UVM_INFO /ictc/other/tools/QuestaDVA/questasim/verilog_src/uvm-1.2/src/reg/uvm_reg_predictor.svh(221) @ 400017000: uvm_test_top.env.ahb_predictor [REG_PREDICT] Observed WRITE transaction to register regmodel.TBR: value='h3b018b3d : updated value = 'h3d
# UVM_INFO ./../tb/dut_scoreboard.sv(50) @ 400017000: uvm_test_top.env.dut_sb [SCOREBOARD] 
# ===== Captured data from AHB: 0x3b018b3d
# UVM_INFO ./../tb/dut_scoreboard.sv(71) @ 400017000: uvm_test_top.env.dut_sb [dut_scoreboard] 
# 
# =====[UART TXD] Data comparison =====
# 
# UVM_ERROR ./../tb/dut_scoreboard.sv(76) @ 400017000: uvm_test_top.env.dut_sb [dut_scoreboard] 
# =====[DATA FRAME: 7] FAILED!!! Expected value is 0x3d, Actual data is 0x68 =====
# UVM_INFO ./../tb/dut_scoreboard.sv(82) @ 400017000: uvm_test_top.env.dut_sb [dut_scoreboard] 
# 
# =====[UART TXD] Parity comparison =====
# 
# UVM_INFO ./../tb/dut_scoreboard.sv(88) @ 400017000: uvm_test_top.env.dut_sb [dut_scoreboard] 
# =====[PARITY MODE: 0] PASSED SUCCESSFULLY!!! =====
# UVM_INFO ./../vip/uart_vip/uart_monitor.sv(95) @ 400044000: uvm_test_top.env.uart_agt.monitor [uart_monitor] 
# ===== Baud rate actual is      76923, Baud rate expected is      76800 =====
# UVM_INFO ./../vip/uart_vip/uart_monitor.sv(181) @ 400265000: uvm_test_top.env.uart_agt.monitor [uart_monitor] Data read from DUT is ------------------------------------------
# Name         Type              Size  Value
# ------------------------------------------
# trans        uart_transaction  -     @6387
#   direction  direction_e       32    RX   
#   data       integral          9     'h3d 
#   parity     integral          1     'h0  
#   stop_bit   integral          2     'h1  
#   baud_rate  integral          32    'h0  
# ------------------------------------------
# 
# UVM_INFO ./../tb/dut_scoreboard.sv(58) @ 400265000: uvm_test_top.env.dut_sb [SCOREBOARD] 
# ===== Captured data from UART: 0x3d
# UVM_INFO ./../testcases/uart_txd_x16_random.sv(35) @ 410017000: uvm_test_top [uart_txd_x16_random] --------------------------------------------------------------
# Name                Type                Size  Value           
# --------------------------------------------------------------
# cfg                 uart_configuration  -     @360            
#   parity_mode       parity_mode_e       32    UART_PARITY_NONE
#   sampling          sampling_mode_e     32    MODE_X16        
#   data_width        integral            32    'h7             
#   num_of_stop_bit   integral            32    'h2             
#   baud_rate         integral            32    'h1c200         
#   baud_rate_enable  integral            1     'h1             
#   parity_enable     integral            1     'h0             
# --------------------------------------------------------------
# 
# UVM_INFO ./../regmodel/uart_reg2ahb_adapter.sv(42) @ 410017000: reporter [uart_reg2ahb_adapter] bus2reg: address = 0x0 data = 0x0 kind = UVM_WRITE status = UVM_IS_OK
# UVM_INFO /ictc/other/tools/QuestaDVA/questasim/verilog_src/uvm-1.2/src/reg/uvm_reg_predictor.svh(221) @ 410017000: uvm_test_top.env.ahb_predictor [REG_PREDICT] Observed WRITE transaction to register regmodel.MDR: value='h0 : updated value = 'h0
# UVM_INFO ./../regmodel/uart_reg2ahb_adapter.sv(42) @ 410017000: reporter [uart_reg2ahb_adapter] bus2reg: address = 0x4 data = 0x36 kind = UVM_WRITE status = UVM_IS_OK
# UVM_INFO /ictc/other/tools/QuestaDVA/questasim/verilog_src/uvm-1.2/src/reg/uvm_reg_predictor.svh(221) @ 410017000: uvm_test_top.env.ahb_predictor [REG_PREDICT] Observed WRITE transaction to register regmodel.DLL: value='h36 : updated value = 'h36
# UVM_INFO ./../regmodel/uart_reg2ahb_adapter.sv(42) @ 410017000: reporter [uart_reg2ahb_adapter] bus2reg: address = 0x8 data = 0x0 kind = UVM_WRITE status = UVM_IS_OK
# UVM_INFO /ictc/other/tools/QuestaDVA/questasim/verilog_src/uvm-1.2/src/reg/uvm_reg_predictor.svh(221) @ 410017000: uvm_test_top.env.ahb_predictor [REG_PREDICT] Observed WRITE transaction to register regmodel.DLH: value='h0 : updated value = 'h0
# UVM_INFO ./../regmodel/uart_reg2ahb_adapter.sv(42) @ 410017000: reporter [uart_reg2ahb_adapter] bus2reg: address = 0xc data = 0x26 kind = UVM_WRITE status = UVM_IS_OK
# UVM_INFO /ictc/other/tools/QuestaDVA/questasim/verilog_src/uvm-1.2/src/reg/uvm_reg_predictor.svh(221) @ 410017000: uvm_test_top.env.ahb_predictor [REG_PREDICT] Observed WRITE transaction to register regmodel.LCR: value='h26 : updated value = 'h26
# UVM_INFO ./../regmodel/uart_reg2ahb_adapter.sv(42) @ 410017000: reporter [uart_reg2ahb_adapter] bus2reg: address = 0x18 data = 0x94edc2ac kind = UVM_WRITE status = UVM_IS_OK
# UVM_INFO /ictc/other/tools/QuestaDVA/questasim/verilog_src/uvm-1.2/src/reg/uvm_reg_predictor.svh(221) @ 410017000: uvm_test_top.env.ahb_predictor [REG_PREDICT] Observed WRITE transaction to register regmodel.TBR: value='h94edc2ac : updated value = 'hac
# UVM_INFO ./../tb/dut_scoreboard.sv(50) @ 410017000: uvm_test_top.env.dut_sb [SCOREBOARD] 
# ===== Captured data from AHB: 0x94edc2ac
# UVM_INFO ./../tb/dut_scoreboard.sv(71) @ 410017000: uvm_test_top.env.dut_sb [dut_scoreboard] 
# 
# =====[UART TXD] Data comparison =====
# 
# UVM_ERROR ./../tb/dut_scoreboard.sv(76) @ 410017000: uvm_test_top.env.dut_sb [dut_scoreboard] 
# =====[DATA FRAME: 7] FAILED!!! Expected value is 0x2c, Actual data is 0x20 =====
# UVM_INFO ./../tb/dut_scoreboard.sv(82) @ 410017000: uvm_test_top.env.dut_sb [dut_scoreboard] 
# 
# =====[UART TXD] Parity comparison =====
# 
# UVM_INFO ./../tb/dut_scoreboard.sv(88) @ 410017000: uvm_test_top.env.dut_sb [dut_scoreboard] 
# =====[PARITY MODE: 0] PASSED SUCCESSFULLY!!! =====
# UVM_INFO ./../vip/uart_vip/uart_monitor.sv(95) @ 410069000: uvm_test_top.env.uart_agt.monitor [uart_monitor] 
# ===== Baud rate actual is      39216, Baud rate expected is     115200 =====
# UVM_INFO ./../vip/uart_vip/uart_monitor.sv(181) @ 410179000: uvm_test_top.env.uart_agt.monitor [uart_monitor] Data read from DUT is ------------------------------------------
# Name         Type              Size  Value
# ------------------------------------------
# trans        uart_transaction  -     @6521
#   direction  direction_e       32    RX   
#   data       integral          9     'h2c 
#   parity     integral          1     'h0  
#   stop_bit   integral          2     'h1  
#   baud_rate  integral          32    'h0  
# ------------------------------------------
# 
# UVM_INFO ./../tb/dut_scoreboard.sv(58) @ 410179000: uvm_test_top.env.dut_sb [SCOREBOARD] 
# ===== Captured data from UART: 0x2c
# UVM_INFO ./../testcases/uart_txd_x16_random.sv(35) @ 420017000: uvm_test_top [uart_txd_x16_random] --------------------------------------------------------------
# Name                Type                Size  Value           
# --------------------------------------------------------------
# cfg                 uart_configuration  -     @360            
#   parity_mode       parity_mode_e       32    UART_PARITY_NONE
#   sampling          sampling_mode_e     32    MODE_X16        
#   data_width        integral            32    'h8             
#   num_of_stop_bit   integral            32    'h1             
#   baud_rate         integral            32    'h960           
#   baud_rate_enable  integral            1     'h1             
#   parity_enable     integral            1     'h0             
# --------------------------------------------------------------
# 
# UVM_INFO ./../regmodel/uart_reg2ahb_adapter.sv(42) @ 420017000: reporter [uart_reg2ahb_adapter] bus2reg: address = 0x0 data = 0x0 kind = UVM_WRITE status = UVM_IS_OK
# UVM_INFO /ictc/other/tools/QuestaDVA/questasim/verilog_src/uvm-1.2/src/reg/uvm_reg_predictor.svh(221) @ 420017000: uvm_test_top.env.ahb_predictor [REG_PREDICT] Observed WRITE transaction to register regmodel.MDR: value='h0 : updated value = 'h0
# UVM_INFO ./../regmodel/uart_reg2ahb_adapter.sv(42) @ 420017000: reporter [uart_reg2ahb_adapter] bus2reg: address = 0x4 data = 0x2c kind = UVM_WRITE status = UVM_IS_OK
# UVM_INFO /ictc/other/tools/QuestaDVA/questasim/verilog_src/uvm-1.2/src/reg/uvm_reg_predictor.svh(221) @ 420017000: uvm_test_top.env.ahb_predictor [REG_PREDICT] Observed WRITE transaction to register regmodel.DLL: value='h2c : updated value = 'h2c
# UVM_INFO ./../regmodel/uart_reg2ahb_adapter.sv(42) @ 420017000: reporter [uart_reg2ahb_adapter] bus2reg: address = 0x8 data = 0xa kind = UVM_WRITE status = UVM_IS_OK
# UVM_INFO /ictc/other/tools/QuestaDVA/questasim/verilog_src/uvm-1.2/src/reg/uvm_reg_predictor.svh(221) @ 420017000: uvm_test_top.env.ahb_predictor [REG_PREDICT] Observed WRITE transaction to register regmodel.DLH: value='ha : updated value = 'ha
# UVM_INFO ./../regmodel/uart_reg2ahb_adapter.sv(42) @ 420017000: reporter [uart_reg2ahb_adapter] bus2reg: address = 0xc data = 0x23 kind = UVM_WRITE status = UVM_IS_OK
# UVM_INFO /ictc/other/tools/QuestaDVA/questasim/verilog_src/uvm-1.2/src/reg/uvm_reg_predictor.svh(221) @ 420017000: uvm_test_top.env.ahb_predictor [REG_PREDICT] Observed WRITE transaction to register regmodel.LCR: value='h23 : updated value = 'h23
# UVM_INFO ./../regmodel/uart_reg2ahb_adapter.sv(42) @ 420017000: reporter [uart_reg2ahb_adapter] bus2reg: address = 0x18 data = 0x622bb455 kind = UVM_WRITE status = UVM_IS_OK
# UVM_INFO /ictc/other/tools/QuestaDVA/questasim/verilog_src/uvm-1.2/src/reg/uvm_reg_predictor.svh(221) @ 420017000: uvm_test_top.env.ahb_predictor [REG_PREDICT] Observed WRITE transaction to register regmodel.TBR: value='h622bb455 : updated value = 'h55
# UVM_INFO ./../tb/dut_scoreboard.sv(50) @ 420017000: uvm_test_top.env.dut_sb [SCOREBOARD] 
# ===== Captured data from AHB: 0x622bb455
# UVM_INFO ./../tb/dut_scoreboard.sv(71) @ 420017000: uvm_test_top.env.dut_sb [dut_scoreboard] 
# 
# =====[UART TXD] Data comparison =====
# 
# UVM_ERROR ./../tb/dut_scoreboard.sv(76) @ 420017000: uvm_test_top.env.dut_sb [dut_scoreboard] 
# =====[DATA FRAME: 8] FAILED!!! Expected value is 0x55, Actual data is 0x3d =====
# UVM_INFO ./../tb/dut_scoreboard.sv(82) @ 420017000: uvm_test_top.env.dut_sb [dut_scoreboard] 
# 
# =====[UART TXD] Parity comparison =====
# 
# UVM_INFO ./../tb/dut_scoreboard.sv(88) @ 420017000: uvm_test_top.env.dut_sb [dut_scoreboard] 
# =====[PARITY MODE: 0] PASSED SUCCESSFULLY!!! =====
# UVM_INFO ./../vip/uart_vip/uart_monitor.sv(95) @ 420902000: uvm_test_top.env.uart_agt.monitor [uart_monitor] 
# ===== Baud rate actual is       2398, Baud rate expected is       2400 =====
# UVM_INFO ./../vip/uart_vip/uart_monitor.sv(181) @ 427982000: uvm_test_top.env.uart_agt.monitor [uart_monitor] Data read from DUT is ------------------------------------------
# Name         Type              Size  Value
# ------------------------------------------
# trans        uart_transaction  -     @6655
#   direction  direction_e       32    RX   
#   data       integral          9     'h55 
#   parity     integral          1     'h0  
#   stop_bit   integral          2     'h1  
#   baud_rate  integral          32    'h0  
# ------------------------------------------
# 
# UVM_INFO ./../tb/dut_scoreboard.sv(58) @ 427982000: uvm_test_top.env.dut_sb [SCOREBOARD] 
# ===== Captured data from UART: 0x55
# UVM_INFO ./../testcases/uart_txd_x16_random.sv(35) @ 430017000: uvm_test_top [uart_txd_x16_random] --------------------------------------------------------------
# Name                Type                Size  Value           
# --------------------------------------------------------------
# cfg                 uart_configuration  -     @360            
#   parity_mode       parity_mode_e       32    UART_PARITY_NONE
#   sampling          sampling_mode_e     32    MODE_X16        
#   data_width        integral            32    'h8             
#   num_of_stop_bit   integral            32    'h1             
#   baud_rate         integral            32    'h12c0          
#   baud_rate_enable  integral            1     'h1             
#   parity_enable     integral            1     'h0             
# --------------------------------------------------------------
# 
# UVM_INFO ./../regmodel/uart_reg2ahb_adapter.sv(42) @ 430017000: reporter [uart_reg2ahb_adapter] bus2reg: address = 0x0 data = 0x0 kind = UVM_WRITE status = UVM_IS_OK
# UVM_INFO /ictc/other/tools/QuestaDVA/questasim/verilog_src/uvm-1.2/src/reg/uvm_reg_predictor.svh(221) @ 430017000: uvm_test_top.env.ahb_predictor [REG_PREDICT] Observed WRITE transaction to register regmodel.MDR: value='h0 : updated value = 'h0
# UVM_INFO ./../regmodel/uart_reg2ahb_adapter.sv(42) @ 430017000: reporter [uart_reg2ahb_adapter] bus2reg: address = 0x4 data = 0x16 kind = UVM_WRITE status = UVM_IS_OK
# UVM_INFO /ictc/other/tools/QuestaDVA/questasim/verilog_src/uvm-1.2/src/reg/uvm_reg_predictor.svh(221) @ 430017000: uvm_test_top.env.ahb_predictor [REG_PREDICT] Observed WRITE transaction to register regmodel.DLL: value='h16 : updated value = 'h16
# UVM_INFO ./../regmodel/uart_reg2ahb_adapter.sv(42) @ 430018000: reporter [uart_reg2ahb_adapter] bus2reg: address = 0x8 data = 0x5 kind = UVM_WRITE status = UVM_IS_OK
# UVM_INFO /ictc/other/tools/QuestaDVA/questasim/verilog_src/uvm-1.2/src/reg/uvm_reg_predictor.svh(221) @ 430018000: uvm_test_top.env.ahb_predictor [REG_PREDICT] Observed WRITE transaction to register regmodel.DLH: value='h5 : updated value = 'h5
# UVM_INFO ./../regmodel/uart_reg2ahb_adapter.sv(42) @ 430018000: reporter [uart_reg2ahb_adapter] bus2reg: address = 0xc data = 0x23 kind = UVM_WRITE status = UVM_IS_OK
# UVM_INFO /ictc/other/tools/QuestaDVA/questasim/verilog_src/uvm-1.2/src/reg/uvm_reg_predictor.svh(221) @ 430018000: uvm_test_top.env.ahb_predictor [REG_PREDICT] Observed WRITE transaction to register regmodel.LCR: value='h23 : updated value = 'h23
# UVM_INFO ./../regmodel/uart_reg2ahb_adapter.sv(42) @ 430018000: reporter [uart_reg2ahb_adapter] bus2reg: address = 0x18 data = 0x1710788a kind = UVM_WRITE status = UVM_IS_OK
# UVM_INFO /ictc/other/tools/QuestaDVA/questasim/verilog_src/uvm-1.2/src/reg/uvm_reg_predictor.svh(221) @ 430018000: uvm_test_top.env.ahb_predictor [REG_PREDICT] Observed WRITE transaction to register regmodel.TBR: value='h1710788a : updated value = 'h8a
# UVM_INFO ./../tb/dut_scoreboard.sv(50) @ 430018000: uvm_test_top.env.dut_sb [SCOREBOARD] 
# ===== Captured data from AHB: 0x1710788a
# UVM_INFO ./../tb/dut_scoreboard.sv(71) @ 430018000: uvm_test_top.env.dut_sb [dut_scoreboard] 
# 
# =====[UART TXD] Data comparison =====
# 
# UVM_ERROR ./../tb/dut_scoreboard.sv(76) @ 430018000: uvm_test_top.env.dut_sb [dut_scoreboard] 
# =====[DATA FRAME: 8] FAILED!!! Expected value is 0x8a, Actual data is 0x2c =====
# UVM_INFO ./../tb/dut_scoreboard.sv(82) @ 430018000: uvm_test_top.env.dut_sb [dut_scoreboard] 
# 
# =====[UART TXD] Parity comparison =====
# 
# UVM_INFO ./../tb/dut_scoreboard.sv(88) @ 430018000: uvm_test_top.env.dut_sb [dut_scoreboard] 
# =====[PARITY MODE: 0] PASSED SUCCESSFULLY!!! =====
# UVM_INFO ./../vip/uart_vip/uart_monitor.sv(95) @ 430875000: uvm_test_top.env.uart_agt.monitor [uart_monitor] 
# ===== Baud rate actual is       2401, Baud rate expected is       4800 =====
# UVM_INFO ./../vip/uart_vip/uart_monitor.sv(181) @ 434003000: uvm_test_top.env.uart_agt.monitor [uart_monitor] Data read from DUT is ------------------------------------------
# Name         Type              Size  Value
# ------------------------------------------
# trans        uart_transaction  -     @6789
#   direction  direction_e       32    RX   
#   data       integral          9     'h8a 
#   parity     integral          1     'h0  
#   stop_bit   integral          2     'h1  
#   baud_rate  integral          32    'h0  
# ------------------------------------------
# 
# UVM_INFO ./../tb/dut_scoreboard.sv(58) @ 434003000: uvm_test_top.env.dut_sb [SCOREBOARD] 
# ===== Captured data from UART: 0x8a
# UVM_INFO ./../testcases/uart_txd_x16_random.sv(35) @ 440018000: uvm_test_top [uart_txd_x16_random] --------------------------------------------------------------
# Name                Type                Size  Value           
# --------------------------------------------------------------
# cfg                 uart_configuration  -     @360            
#   parity_mode       parity_mode_e       32    UART_PARITY_NONE
#   sampling          sampling_mode_e     32    MODE_X16        
#   data_width        integral            32    'h8             
#   num_of_stop_bit   integral            32    'h1             
#   baud_rate         integral            32    'h2580          
#   baud_rate_enable  integral            1     'h1             
#   parity_enable     integral            1     'h0             
# --------------------------------------------------------------
# 
# UVM_INFO ./../regmodel/uart_reg2ahb_adapter.sv(42) @ 440018000: reporter [uart_reg2ahb_adapter] bus2reg: address = 0x0 data = 0x0 kind = UVM_WRITE status = UVM_IS_OK
# UVM_INFO /ictc/other/tools/QuestaDVA/questasim/verilog_src/uvm-1.2/src/reg/uvm_reg_predictor.svh(221) @ 440018000: uvm_test_top.env.ahb_predictor [REG_PREDICT] Observed WRITE transaction to register regmodel.MDR: value='h0 : updated value = 'h0
# UVM_INFO ./../regmodel/uart_reg2ahb_adapter.sv(42) @ 440018000: reporter [uart_reg2ahb_adapter] bus2reg: address = 0x4 data = 0x16 kind = UVM_WRITE status = UVM_IS_OK
# UVM_INFO /ictc/other/tools/QuestaDVA/questasim/verilog_src/uvm-1.2/src/reg/uvm_reg_predictor.svh(221) @ 440018000: uvm_test_top.env.ahb_predictor [REG_PREDICT] Observed WRITE transaction to register regmodel.DLL: value='h16 : updated value = 'h16
# UVM_INFO ./../regmodel/uart_reg2ahb_adapter.sv(42) @ 440018000: reporter [uart_reg2ahb_adapter] bus2reg: address = 0x8 data = 0x5 kind = UVM_WRITE status = UVM_IS_OK
# UVM_INFO /ictc/other/tools/QuestaDVA/questasim/verilog_src/uvm-1.2/src/reg/uvm_reg_predictor.svh(221) @ 440018000: uvm_test_top.env.ahb_predictor [REG_PREDICT] Observed WRITE transaction to register regmodel.DLH: value='h5 : updated value = 'h5
# UVM_INFO ./../regmodel/uart_reg2ahb_adapter.sv(42) @ 440018000: reporter [uart_reg2ahb_adapter] bus2reg: address = 0xc data = 0x23 kind = UVM_WRITE status = UVM_IS_OK
# UVM_INFO /ictc/other/tools/QuestaDVA/questasim/verilog_src/uvm-1.2/src/reg/uvm_reg_predictor.svh(221) @ 440018000: uvm_test_top.env.ahb_predictor [REG_PREDICT] Observed WRITE transaction to register regmodel.LCR: value='h23 : updated value = 'h23
# UVM_INFO ./../regmodel/uart_reg2ahb_adapter.sv(42) @ 440018000: reporter [uart_reg2ahb_adapter] bus2reg: address = 0x18 data = 0xcaad90cf kind = UVM_WRITE status = UVM_IS_OK
# UVM_INFO /ictc/other/tools/QuestaDVA/questasim/verilog_src/uvm-1.2/src/reg/uvm_reg_predictor.svh(221) @ 440018000: uvm_test_top.env.ahb_predictor [REG_PREDICT] Observed WRITE transaction to register regmodel.TBR: value='hcaad90cf : updated value = 'hcf
# UVM_INFO ./../tb/dut_scoreboard.sv(50) @ 440018000: uvm_test_top.env.dut_sb [SCOREBOARD] 
# ===== Captured data from AHB: 0xcaad90cf
# UVM_INFO ./../tb/dut_scoreboard.sv(71) @ 440018000: uvm_test_top.env.dut_sb [dut_scoreboard] 
# 
# =====[UART TXD] Data comparison =====
# 
# UVM_ERROR ./../tb/dut_scoreboard.sv(76) @ 440018000: uvm_test_top.env.dut_sb [dut_scoreboard] 
# =====[DATA FRAME: 8] FAILED!!! Expected value is 0xcf, Actual data is 0x55 =====
# UVM_INFO ./../tb/dut_scoreboard.sv(82) @ 440018000: uvm_test_top.env.dut_sb [dut_scoreboard] 
# 
# =====[UART TXD] Parity comparison =====
# 
# UVM_INFO ./../tb/dut_scoreboard.sv(88) @ 440018000: uvm_test_top.env.dut_sb [dut_scoreboard] 
# =====[PARITY MODE: 0] PASSED SUCCESSFULLY!!! =====
# UVM_INFO ./../vip/uart_vip/uart_monitor.sv(95) @ 440458000: uvm_test_top.env.uart_agt.monitor [uart_monitor] 
# ===== Baud rate actual is       4796, Baud rate expected is       9600 =====
# UVM_INFO ./../vip/uart_vip/uart_monitor.sv(181) @ 442017000: uvm_test_top.env.uart_agt.monitor [uart_monitor] Data read from DUT is ------------------------------------------
# Name         Type              Size  Value
# ------------------------------------------
# trans        uart_transaction  -     @6923
#   direction  direction_e       32    RX   
#   data       integral          9     'hfe 
#   parity     integral          1     'h0  
#   stop_bit   integral          2     'h1  
#   baud_rate  integral          32    'h0  
# ------------------------------------------
# 
# UVM_INFO ./../tb/dut_scoreboard.sv(58) @ 442017000: uvm_test_top.env.dut_sb [SCOREBOARD] 
# ===== Captured data from UART: 0xfe
# UVM_INFO ./../vip/uart_vip/uart_monitor.sv(181) @ 444100000: uvm_test_top.env.uart_agt.monitor [uart_monitor] Data read from DUT is ------------------------------------------
# Name         Type              Size  Value
# ------------------------------------------
# trans        uart_transaction  -     @7057
#   direction  direction_e       32    RX   
#   data       integral          9     'hf8 
#   parity     integral          1     'h0  
#   stop_bit   integral          2     'h1  
#   baud_rate  integral          32    'h0  
# ------------------------------------------
# 
# UVM_INFO ./../tb/dut_scoreboard.sv(58) @ 444100000: uvm_test_top.env.dut_sb [SCOREBOARD] 
# ===== Captured data from UART: 0xf8
# UVM_INFO ./../testcases/uart_txd_x16_random.sv(35) @ 450018000: uvm_test_top [uart_txd_x16_random] --------------------------------------------------------------
# Name                Type                Size  Value           
# --------------------------------------------------------------
# cfg                 uart_configuration  -     @360            
#   parity_mode       parity_mode_e       32    UART_PARITY_NONE
#   sampling          sampling_mode_e     32    MODE_X16        
#   data_width        integral            32    'h8             
#   num_of_stop_bit   integral            32    'h1             
#   baud_rate         integral            32    'h4b00          
#   baud_rate_enable  integral            1     'h1             
#   parity_enable     integral            1     'h0             
# --------------------------------------------------------------
# 
# UVM_INFO ./../regmodel/uart_reg2ahb_adapter.sv(42) @ 450018000: reporter [uart_reg2ahb_adapter] bus2reg: address = 0x0 data = 0x0 kind = UVM_WRITE status = UVM_IS_OK
# UVM_INFO /ictc/other/tools/QuestaDVA/questasim/verilog_src/uvm-1.2/src/reg/uvm_reg_predictor.svh(221) @ 450018000: uvm_test_top.env.ahb_predictor [REG_PREDICT] Observed WRITE transaction to register regmodel.MDR: value='h0 : updated value = 'h0
# UVM_INFO ./../regmodel/uart_reg2ahb_adapter.sv(42) @ 450018000: reporter [uart_reg2ahb_adapter] bus2reg: address = 0x4 data = 0x45 kind = UVM_WRITE status = UVM_IS_OK
# UVM_INFO /ictc/other/tools/QuestaDVA/questasim/verilog_src/uvm-1.2/src/reg/uvm_reg_predictor.svh(221) @ 450018000: uvm_test_top.env.ahb_predictor [REG_PREDICT] Observed WRITE transaction to register regmodel.DLL: value='h45 : updated value = 'h45
# UVM_INFO ./../regmodel/uart_reg2ahb_adapter.sv(42) @ 450018000: reporter [uart_reg2ahb_adapter] bus2reg: address = 0x8 data = 0x1 kind = UVM_WRITE status = UVM_IS_OK
# UVM_INFO /ictc/other/tools/QuestaDVA/questasim/verilog_src/uvm-1.2/src/reg/uvm_reg_predictor.svh(221) @ 450018000: uvm_test_top.env.ahb_predictor [REG_PREDICT] Observed WRITE transaction to register regmodel.DLH: value='h1 : updated value = 'h1
# UVM_INFO ./../regmodel/uart_reg2ahb_adapter.sv(42) @ 450018000: reporter [uart_reg2ahb_adapter] bus2reg: address = 0xc data = 0x23 kind = UVM_WRITE status = UVM_IS_OK
# UVM_INFO /ictc/other/tools/QuestaDVA/questasim/verilog_src/uvm-1.2/src/reg/uvm_reg_predictor.svh(221) @ 450018000: uvm_test_top.env.ahb_predictor [REG_PREDICT] Observed WRITE transaction to register regmodel.LCR: value='h23 : updated value = 'h23
# UVM_INFO ./../regmodel/uart_reg2ahb_adapter.sv(42) @ 450019000: reporter [uart_reg2ahb_adapter] bus2reg: address = 0x18 data = 0xbc6a43b1 kind = UVM_WRITE status = UVM_IS_OK
# UVM_INFO /ictc/other/tools/QuestaDVA/questasim/verilog_src/uvm-1.2/src/reg/uvm_reg_predictor.svh(221) @ 450019000: uvm_test_top.env.ahb_predictor [REG_PREDICT] Observed WRITE transaction to register regmodel.TBR: value='hbc6a43b1 : updated value = 'hb1
# UVM_INFO ./../tb/dut_scoreboard.sv(50) @ 450019000: uvm_test_top.env.dut_sb [SCOREBOARD] 
# ===== Captured data from AHB: 0xbc6a43b1
# UVM_INFO ./../tb/dut_scoreboard.sv(71) @ 450019000: uvm_test_top.env.dut_sb [dut_scoreboard] 
# 
# =====[UART TXD] Data comparison =====
# 
# UVM_ERROR ./../tb/dut_scoreboard.sv(76) @ 450019000: uvm_test_top.env.dut_sb [dut_scoreboard] 
# =====[DATA FRAME: 8] FAILED!!! Expected value is 0xb1, Actual data is 0x8a =====
# UVM_INFO ./../tb/dut_scoreboard.sv(82) @ 450019000: uvm_test_top.env.dut_sb [dut_scoreboard] 
# 
# =====[UART TXD] Parity comparison =====
# 
# UVM_INFO ./../tb/dut_scoreboard.sv(88) @ 450019000: uvm_test_top.env.dut_sb [dut_scoreboard] 
# =====[PARITY MODE: 0] PASSED SUCCESSFULLY!!! =====
# UVM_INFO ./../vip/uart_vip/uart_monitor.sv(95) @ 450125000: uvm_test_top.env.uart_agt.monitor [uart_monitor] 
# ===== Baud rate actual is      19231, Baud rate expected is      19200 =====
# UVM_INFO ./../vip/uart_vip/uart_monitor.sv(181) @ 451009000: uvm_test_top.env.uart_agt.monitor [uart_monitor] Data read from DUT is ------------------------------------------
# Name         Type              Size  Value
# ------------------------------------------
# trans        uart_transaction  -     @7065
#   direction  direction_e       32    RX   
#   data       integral          9     'hb1 
#   parity     integral          1     'h0  
#   stop_bit   integral          2     'h1  
#   baud_rate  integral          32    'h0  
# ------------------------------------------
# 
# UVM_INFO ./../tb/dut_scoreboard.sv(58) @ 451009000: uvm_test_top.env.dut_sb [SCOREBOARD] 
# ===== Captured data from UART: 0xb1
# UVM_INFO ./../testcases/uart_txd_x16_random.sv(35) @ 460019000: uvm_test_top [uart_txd_x16_random] --------------------------------------------------------------
# Name                Type                Size  Value           
# --------------------------------------------------------------
# cfg                 uart_configuration  -     @360            
#   parity_mode       parity_mode_e       32    UART_PARITY_NONE
#   sampling          sampling_mode_e     32    MODE_X16        
#   data_width        integral            32    'h8             
#   num_of_stop_bit   integral            32    'h1             
#   baud_rate         integral            32    'h9600          
#   baud_rate_enable  integral            1     'h1             
#   parity_enable     integral            1     'h0             
# --------------------------------------------------------------
# 
# UVM_INFO ./../regmodel/uart_reg2ahb_adapter.sv(42) @ 460019000: reporter [uart_reg2ahb_adapter] bus2reg: address = 0x0 data = 0x0 kind = UVM_WRITE status = UVM_IS_OK
# UVM_INFO /ictc/other/tools/QuestaDVA/questasim/verilog_src/uvm-1.2/src/reg/uvm_reg_predictor.svh(221) @ 460019000: uvm_test_top.env.ahb_predictor [REG_PREDICT] Observed WRITE transaction to register regmodel.MDR: value='h0 : updated value = 'h0
# UVM_INFO ./../regmodel/uart_reg2ahb_adapter.sv(42) @ 460019000: reporter [uart_reg2ahb_adapter] bus2reg: address = 0x4 data = 0xa4 kind = UVM_WRITE status = UVM_IS_OK
# UVM_INFO /ictc/other/tools/QuestaDVA/questasim/verilog_src/uvm-1.2/src/reg/uvm_reg_predictor.svh(221) @ 460019000: uvm_test_top.env.ahb_predictor [REG_PREDICT] Observed WRITE transaction to register regmodel.DLL: value='ha4 : updated value = 'ha4
# UVM_INFO ./../regmodel/uart_reg2ahb_adapter.sv(42) @ 460019000: reporter [uart_reg2ahb_adapter] bus2reg: address = 0x8 data = 0x0 kind = UVM_WRITE status = UVM_IS_OK
# UVM_INFO /ictc/other/tools/QuestaDVA/questasim/verilog_src/uvm-1.2/src/reg/uvm_reg_predictor.svh(221) @ 460019000: uvm_test_top.env.ahb_predictor [REG_PREDICT] Observed WRITE transaction to register regmodel.DLH: value='h0 : updated value = 'h0
# UVM_INFO ./../regmodel/uart_reg2ahb_adapter.sv(42) @ 460019000: reporter [uart_reg2ahb_adapter] bus2reg: address = 0xc data = 0x23 kind = UVM_WRITE status = UVM_IS_OK
# UVM_INFO /ictc/other/tools/QuestaDVA/questasim/verilog_src/uvm-1.2/src/reg/uvm_reg_predictor.svh(221) @ 460019000: uvm_test_top.env.ahb_predictor [REG_PREDICT] Observed WRITE transaction to register regmodel.LCR: value='h23 : updated value = 'h23
# UVM_INFO ./../regmodel/uart_reg2ahb_adapter.sv(42) @ 460019000: reporter [uart_reg2ahb_adapter] bus2reg: address = 0x18 data = 0x422dfaf8 kind = UVM_WRITE status = UVM_IS_OK
# UVM_INFO /ictc/other/tools/QuestaDVA/questasim/verilog_src/uvm-1.2/src/reg/uvm_reg_predictor.svh(221) @ 460019000: uvm_test_top.env.ahb_predictor [REG_PREDICT] Observed WRITE transaction to register regmodel.TBR: value='h422dfaf8 : updated value = 'hf8
# UVM_INFO ./../tb/dut_scoreboard.sv(50) @ 460019000: uvm_test_top.env.dut_sb [SCOREBOARD] 
# ===== Captured data from AHB: 0x422dfaf8
# UVM_INFO ./../tb/dut_scoreboard.sv(71) @ 460019000: uvm_test_top.env.dut_sb [dut_scoreboard] 
# 
# =====[UART TXD] Data comparison =====
# 
# UVM_ERROR ./../tb/dut_scoreboard.sv(76) @ 460019000: uvm_test_top.env.dut_sb [dut_scoreboard] 
# =====[DATA FRAME: 8] FAILED!!! Expected value is 0xf8, Actual data is 0xfe =====
# UVM_INFO ./../tb/dut_scoreboard.sv(82) @ 460019000: uvm_test_top.env.dut_sb [dut_scoreboard] 
# 
# =====[UART TXD] Parity comparison =====
# 
# UVM_INFO ./../tb/dut_scoreboard.sv(88) @ 460019000: uvm_test_top.env.dut_sb [dut_scoreboard] 
# =====[PARITY MODE: 0] PASSED SUCCESSFULLY!!! =====
# UVM_INFO ./../vip/uart_vip/uart_monitor.sv(95) @ 460231000: uvm_test_top.env.uart_agt.monitor [uart_monitor] 
# ===== Baud rate actual is       9524, Baud rate expected is      38400 =====
# UVM_INFO ./../vip/uart_vip/uart_monitor.sv(181) @ 460515000: uvm_test_top.env.uart_agt.monitor [uart_monitor] Data read from DUT is ------------------------------------------
# Name         Type              Size  Value
# ------------------------------------------
# trans        uart_transaction  -     @7199
#   direction  direction_e       32    RX   
#   data       integral          9     'hf8 
#   parity     integral          1     'h0  
#   stop_bit   integral          2     'h1  
#   baud_rate  integral          32    'h0  
# ------------------------------------------
# 
# UVM_INFO ./../tb/dut_scoreboard.sv(58) @ 460515000: uvm_test_top.env.dut_sb [SCOREBOARD] 
# ===== Captured data from UART: 0xf8
# UVM_INFO ./../testcases/uart_txd_x16_random.sv(35) @ 470019000: uvm_test_top [uart_txd_x16_random] --------------------------------------------------------------
# Name                Type                Size  Value           
# --------------------------------------------------------------
# cfg                 uart_configuration  -     @360            
#   parity_mode       parity_mode_e       32    UART_PARITY_NONE
#   sampling          sampling_mode_e     32    MODE_X16        
#   data_width        integral            32    'h8             
#   num_of_stop_bit   integral            32    'h1             
#   baud_rate         integral            32    'h12c00         
#   baud_rate_enable  integral            1     'h1             
#   parity_enable     integral            1     'h0             
# --------------------------------------------------------------
# 
# UVM_INFO ./../regmodel/uart_reg2ahb_adapter.sv(42) @ 470019000: reporter [uart_reg2ahb_adapter] bus2reg: address = 0x0 data = 0x0 kind = UVM_WRITE status = UVM_IS_OK
# UVM_INFO /ictc/other/tools/QuestaDVA/questasim/verilog_src/uvm-1.2/src/reg/uvm_reg_predictor.svh(221) @ 470019000: uvm_test_top.env.ahb_predictor [REG_PREDICT] Observed WRITE transaction to register regmodel.MDR: value='h0 : updated value = 'h0
# UVM_INFO ./../regmodel/uart_reg2ahb_adapter.sv(42) @ 470019000: reporter [uart_reg2ahb_adapter] bus2reg: address = 0x4 data = 0x51 kind = UVM_WRITE status = UVM_IS_OK
# UVM_INFO /ictc/other/tools/QuestaDVA/questasim/verilog_src/uvm-1.2/src/reg/uvm_reg_predictor.svh(221) @ 470019000: uvm_test_top.env.ahb_predictor [REG_PREDICT] Observed WRITE transaction to register regmodel.DLL: value='h51 : updated value = 'h51
# UVM_INFO ./../regmodel/uart_reg2ahb_adapter.sv(42) @ 470019000: reporter [uart_reg2ahb_adapter] bus2reg: address = 0x8 data = 0x0 kind = UVM_WRITE status = UVM_IS_OK
# UVM_INFO /ictc/other/tools/QuestaDVA/questasim/verilog_src/uvm-1.2/src/reg/uvm_reg_predictor.svh(221) @ 470019000: uvm_test_top.env.ahb_predictor [REG_PREDICT] Observed WRITE transaction to register regmodel.DLH: value='h0 : updated value = 'h0
# UVM_INFO ./../regmodel/uart_reg2ahb_adapter.sv(42) @ 470019000: reporter [uart_reg2ahb_adapter] bus2reg: address = 0xc data = 0x23 kind = UVM_WRITE status = UVM_IS_OK
# UVM_INFO /ictc/other/tools/QuestaDVA/questasim/verilog_src/uvm-1.2/src/reg/uvm_reg_predictor.svh(221) @ 470019000: uvm_test_top.env.ahb_predictor [REG_PREDICT] Observed WRITE transaction to register regmodel.LCR: value='h23 : updated value = 'h23
# UVM_INFO ./../regmodel/uart_reg2ahb_adapter.sv(42) @ 470019000: reporter [uart_reg2ahb_adapter] bus2reg: address = 0x18 data = 0xd5139f7 kind = UVM_WRITE status = UVM_IS_OK
# UVM_INFO /ictc/other/tools/QuestaDVA/questasim/verilog_src/uvm-1.2/src/reg/uvm_reg_predictor.svh(221) @ 470019000: uvm_test_top.env.ahb_predictor [REG_PREDICT] Observed WRITE transaction to register regmodel.TBR: value='hd5139f7 : updated value = 'hf7
# UVM_INFO ./../tb/dut_scoreboard.sv(50) @ 470019000: uvm_test_top.env.dut_sb [SCOREBOARD] 
# ===== Captured data from AHB: 0xd5139f7
# UVM_INFO ./../tb/dut_scoreboard.sv(71) @ 470019000: uvm_test_top.env.dut_sb [dut_scoreboard] 
# 
# =====[UART TXD] Data comparison =====
# 
# UVM_ERROR ./../tb/dut_scoreboard.sv(76) @ 470019000: uvm_test_top.env.dut_sb [dut_scoreboard] 
# =====[DATA FRAME: 8] FAILED!!! Expected value is 0xf7, Actual data is 0xf8 =====
# UVM_INFO ./../tb/dut_scoreboard.sv(82) @ 470019000: uvm_test_top.env.dut_sb [dut_scoreboard] 
# 
# =====[UART TXD] Parity comparison =====
# 
# UVM_INFO ./../tb/dut_scoreboard.sv(88) @ 470019000: uvm_test_top.env.dut_sb [dut_scoreboard] 
# =====[PARITY MODE: 0] PASSED SUCCESSFULLY!!! =====
# UVM_INFO ./../vip/uart_vip/uart_monitor.sv(95) @ 470046000: uvm_test_top.env.uart_agt.monitor [uart_monitor] 
# ===== Baud rate actual is      76923, Baud rate expected is      76800 =====
# UVM_INFO ./../vip/uart_vip/uart_monitor.sv(181) @ 470267000: uvm_test_top.env.uart_agt.monitor [uart_monitor] Data read from DUT is ------------------------------------------
# Name         Type              Size  Value
# ------------------------------------------
# trans        uart_transaction  -     @7333
#   direction  direction_e       32    RX   
#   data       integral          9     'hf7 
#   parity     integral          1     'h0  
#   stop_bit   integral          2     'h1  
#   baud_rate  integral          32    'h0  
# ------------------------------------------
# 
# UVM_INFO ./../tb/dut_scoreboard.sv(58) @ 470267000: uvm_test_top.env.dut_sb [SCOREBOARD] 
# ===== Captured data from UART: 0xf7
# UVM_INFO ./../testcases/uart_txd_x16_random.sv(35) @ 480019000: uvm_test_top [uart_txd_x16_random] --------------------------------------------------------------
# Name                Type                Size  Value           
# --------------------------------------------------------------
# cfg                 uart_configuration  -     @360            
#   parity_mode       parity_mode_e       32    UART_PARITY_NONE
#   sampling          sampling_mode_e     32    MODE_X16        
#   data_width        integral            32    'h8             
#   num_of_stop_bit   integral            32    'h1             
#   baud_rate         integral            32    'h1c200         
#   baud_rate_enable  integral            1     'h1             
#   parity_enable     integral            1     'h0             
# --------------------------------------------------------------
# 
# UVM_INFO ./../regmodel/uart_reg2ahb_adapter.sv(42) @ 480019000: reporter [uart_reg2ahb_adapter] bus2reg: address = 0x0 data = 0x0 kind = UVM_WRITE status = UVM_IS_OK
# UVM_INFO /ictc/other/tools/QuestaDVA/questasim/verilog_src/uvm-1.2/src/reg/uvm_reg_predictor.svh(221) @ 480019000: uvm_test_top.env.ahb_predictor [REG_PREDICT] Observed WRITE transaction to register regmodel.MDR: value='h0 : updated value = 'h0
# UVM_INFO ./../regmodel/uart_reg2ahb_adapter.sv(42) @ 480019000: reporter [uart_reg2ahb_adapter] bus2reg: address = 0x4 data = 0x36 kind = UVM_WRITE status = UVM_IS_OK
# UVM_INFO /ictc/other/tools/QuestaDVA/questasim/verilog_src/uvm-1.2/src/reg/uvm_reg_predictor.svh(221) @ 480019000: uvm_test_top.env.ahb_predictor [REG_PREDICT] Observed WRITE transaction to register regmodel.DLL: value='h36 : updated value = 'h36
# UVM_INFO ./../regmodel/uart_reg2ahb_adapter.sv(42) @ 480020000: reporter [uart_reg2ahb_adapter] bus2reg: address = 0x8 data = 0x0 kind = UVM_WRITE status = UVM_IS_OK
# UVM_INFO /ictc/other/tools/QuestaDVA/questasim/verilog_src/uvm-1.2/src/reg/uvm_reg_predictor.svh(221) @ 480020000: uvm_test_top.env.ahb_predictor [REG_PREDICT] Observed WRITE transaction to register regmodel.DLH: value='h0 : updated value = 'h0
# UVM_INFO ./../regmodel/uart_reg2ahb_adapter.sv(42) @ 480020000: reporter [uart_reg2ahb_adapter] bus2reg: address = 0xc data = 0x23 kind = UVM_WRITE status = UVM_IS_OK
# UVM_INFO /ictc/other/tools/QuestaDVA/questasim/verilog_src/uvm-1.2/src/reg/uvm_reg_predictor.svh(221) @ 480020000: uvm_test_top.env.ahb_predictor [REG_PREDICT] Observed WRITE transaction to register regmodel.LCR: value='h23 : updated value = 'h23
# UVM_INFO ./../regmodel/uart_reg2ahb_adapter.sv(42) @ 480020000: reporter [uart_reg2ahb_adapter] bus2reg: address = 0x18 data = 0xe3d4ea86 kind = UVM_WRITE status = UVM_IS_OK
# UVM_INFO /ictc/other/tools/QuestaDVA/questasim/verilog_src/uvm-1.2/src/reg/uvm_reg_predictor.svh(221) @ 480020000: uvm_test_top.env.ahb_predictor [REG_PREDICT] Observed WRITE transaction to register regmodel.TBR: value='he3d4ea86 : updated value = 'h86
# UVM_INFO ./../tb/dut_scoreboard.sv(50) @ 480020000: uvm_test_top.env.dut_sb [SCOREBOARD] 
# ===== Captured data from AHB: 0xe3d4ea86
# UVM_INFO ./../tb/dut_scoreboard.sv(71) @ 480020000: uvm_test_top.env.dut_sb [dut_scoreboard] 
# 
# =====[UART TXD] Data comparison =====
# 
# UVM_ERROR ./../tb/dut_scoreboard.sv(76) @ 480020000: uvm_test_top.env.dut_sb [dut_scoreboard] 
# =====[DATA FRAME: 8] FAILED!!! Expected value is 0x86, Actual data is 0xb1 =====
# UVM_INFO ./../tb/dut_scoreboard.sv(82) @ 480020000: uvm_test_top.env.dut_sb [dut_scoreboard] 
# 
# =====[UART TXD] Parity comparison =====
# 
# UVM_INFO ./../tb/dut_scoreboard.sv(88) @ 480020000: uvm_test_top.env.dut_sb [dut_scoreboard] 
# =====[PARITY MODE: 0] PASSED SUCCESSFULLY!!! =====
# UVM_INFO ./../vip/uart_vip/uart_monitor.sv(95) @ 480054000: uvm_test_top.env.uart_agt.monitor [uart_monitor] 
# ===== Baud rate actual is      58824, Baud rate expected is     115200 =====
# UVM_INFO ./../vip/uart_vip/uart_monitor.sv(181) @ 480181000: uvm_test_top.env.uart_agt.monitor [uart_monitor] Data read from DUT is ------------------------------------------
# Name         Type              Size  Value
# ------------------------------------------
# trans        uart_transaction  -     @7467
#   direction  direction_e       32    RX   
#   data       integral          9     'h86 
#   parity     integral          1     'h0  
#   stop_bit   integral          2     'h1  
#   baud_rate  integral          32    'h0  
# ------------------------------------------
# 
# UVM_INFO ./../tb/dut_scoreboard.sv(58) @ 480181000: uvm_test_top.env.dut_sb [SCOREBOARD] 
# ===== Captured data from UART: 0x86
# UVM_INFO ./../testcases/uart_txd_x16_random.sv(35) @ 490020000: uvm_test_top [uart_txd_x16_random] --------------------------------------------------------------
# Name                Type                Size  Value           
# --------------------------------------------------------------
# cfg                 uart_configuration  -     @360            
#   parity_mode       parity_mode_e       32    UART_PARITY_NONE
#   sampling          sampling_mode_e     32    MODE_X16        
#   data_width        integral            32    'h8             
#   num_of_stop_bit   integral            32    'h2             
#   baud_rate         integral            32    'h960           
#   baud_rate_enable  integral            1     'h1             
#   parity_enable     integral            1     'h0             
# --------------------------------------------------------------
# 
# UVM_INFO ./../regmodel/uart_reg2ahb_adapter.sv(42) @ 490020000: reporter [uart_reg2ahb_adapter] bus2reg: address = 0x0 data = 0x0 kind = UVM_WRITE status = UVM_IS_OK
# UVM_INFO /ictc/other/tools/QuestaDVA/questasim/verilog_src/uvm-1.2/src/reg/uvm_reg_predictor.svh(221) @ 490020000: uvm_test_top.env.ahb_predictor [REG_PREDICT] Observed WRITE transaction to register regmodel.MDR: value='h0 : updated value = 'h0
# UVM_INFO ./../regmodel/uart_reg2ahb_adapter.sv(42) @ 490020000: reporter [uart_reg2ahb_adapter] bus2reg: address = 0x4 data = 0x2c kind = UVM_WRITE status = UVM_IS_OK
# UVM_INFO /ictc/other/tools/QuestaDVA/questasim/verilog_src/uvm-1.2/src/reg/uvm_reg_predictor.svh(221) @ 490020000: uvm_test_top.env.ahb_predictor [REG_PREDICT] Observed WRITE transaction to register regmodel.DLL: value='h2c : updated value = 'h2c
# UVM_INFO ./../regmodel/uart_reg2ahb_adapter.sv(42) @ 490020000: reporter [uart_reg2ahb_adapter] bus2reg: address = 0x8 data = 0xa kind = UVM_WRITE status = UVM_IS_OK
# UVM_INFO /ictc/other/tools/QuestaDVA/questasim/verilog_src/uvm-1.2/src/reg/uvm_reg_predictor.svh(221) @ 490020000: uvm_test_top.env.ahb_predictor [REG_PREDICT] Observed WRITE transaction to register regmodel.DLH: value='ha : updated value = 'ha
# UVM_INFO ./../regmodel/uart_reg2ahb_adapter.sv(42) @ 490020000: reporter [uart_reg2ahb_adapter] bus2reg: address = 0xc data = 0x27 kind = UVM_WRITE status = UVM_IS_OK
# UVM_INFO /ictc/other/tools/QuestaDVA/questasim/verilog_src/uvm-1.2/src/reg/uvm_reg_predictor.svh(221) @ 490020000: uvm_test_top.env.ahb_predictor [REG_PREDICT] Observed WRITE transaction to register regmodel.LCR: value='h27 : updated value = 'h27
# UVM_INFO ./../regmodel/uart_reg2ahb_adapter.sv(42) @ 490020000: reporter [uart_reg2ahb_adapter] bus2reg: address = 0x18 data = 0xfb52b100 kind = UVM_WRITE status = UVM_IS_OK
# UVM_INFO /ictc/other/tools/QuestaDVA/questasim/verilog_src/uvm-1.2/src/reg/uvm_reg_predictor.svh(221) @ 490020000: uvm_test_top.env.ahb_predictor [REG_PREDICT] Observed WRITE transaction to register regmodel.TBR: value='hfb52b100 : updated value = 'h0
# UVM_INFO ./../tb/dut_scoreboard.sv(50) @ 490020000: uvm_test_top.env.dut_sb [SCOREBOARD] 
# ===== Captured data from AHB: 0xfb52b100
# UVM_INFO ./../tb/dut_scoreboard.sv(71) @ 490020000: uvm_test_top.env.dut_sb [dut_scoreboard] 
# 
# =====[UART TXD] Data comparison =====
# 
# UVM_ERROR ./../tb/dut_scoreboard.sv(76) @ 490020000: uvm_test_top.env.dut_sb [dut_scoreboard] 
# =====[DATA FRAME: 8] FAILED!!! Expected value is 0x0, Actual data is 0xf8 =====
# UVM_INFO ./../tb/dut_scoreboard.sv(82) @ 490020000: uvm_test_top.env.dut_sb [dut_scoreboard] 
# 
# =====[UART TXD] Parity comparison =====
# 
# UVM_INFO ./../tb/dut_scoreboard.sv(88) @ 490020000: uvm_test_top.env.dut_sb [dut_scoreboard] 
# =====[PARITY MODE: 0] PASSED SUCCESSFULLY!!! =====
# UVM_INFO ./../vip/uart_vip/uart_monitor.sv(95) @ 497571000: uvm_test_top.env.uart_agt.monitor [uart_monitor] 
# ===== Baud rate actual is        267, Baud rate expected is       2400 =====
# UVM_INFO ./../vip/uart_vip/uart_monitor.sv(181) @ 498818000: uvm_test_top.env.uart_agt.monitor [uart_monitor] Data read from DUT is ------------------------------------------
# Name         Type              Size  Value
# ------------------------------------------
# trans        uart_transaction  -     @7601
#   direction  direction_e       32    RX   
#   data       integral          9     'h0  
#   parity     integral          1     'h0  
#   stop_bit   integral          2     'h1  
#   baud_rate  integral          32    'h0  
# ------------------------------------------
# 
# UVM_INFO ./../tb/dut_scoreboard.sv(58) @ 498818000: uvm_test_top.env.dut_sb [SCOREBOARD] 
# ===== Captured data from UART: 0x0
# UVM_INFO ./../testcases/uart_txd_x16_random.sv(35) @ 500020000: uvm_test_top [uart_txd_x16_random] --------------------------------------------------------------
# Name                Type                Size  Value           
# --------------------------------------------------------------
# cfg                 uart_configuration  -     @360            
#   parity_mode       parity_mode_e       32    UART_PARITY_NONE
#   sampling          sampling_mode_e     32    MODE_X16        
#   data_width        integral            32    'h8             
#   num_of_stop_bit   integral            32    'h2             
#   baud_rate         integral            32    'h12c0          
#   baud_rate_enable  integral            1     'h1             
#   parity_enable     integral            1     'h0             
# --------------------------------------------------------------
# 
# UVM_INFO ./../regmodel/uart_reg2ahb_adapter.sv(42) @ 500020000: reporter [uart_reg2ahb_adapter] bus2reg: address = 0x0 data = 0x0 kind = UVM_WRITE status = UVM_IS_OK
# UVM_INFO /ictc/other/tools/QuestaDVA/questasim/verilog_src/uvm-1.2/src/reg/uvm_reg_predictor.svh(221) @ 500020000: uvm_test_top.env.ahb_predictor [REG_PREDICT] Observed WRITE transaction to register regmodel.MDR: value='h0 : updated value = 'h0
# UVM_INFO ./../regmodel/uart_reg2ahb_adapter.sv(42) @ 500020000: reporter [uart_reg2ahb_adapter] bus2reg: address = 0x4 data = 0x16 kind = UVM_WRITE status = UVM_IS_OK
# UVM_INFO /ictc/other/tools/QuestaDVA/questasim/verilog_src/uvm-1.2/src/reg/uvm_reg_predictor.svh(221) @ 500020000: uvm_test_top.env.ahb_predictor [REG_PREDICT] Observed WRITE transaction to register regmodel.DLL: value='h16 : updated value = 'h16
# UVM_INFO ./../regmodel/uart_reg2ahb_adapter.sv(42) @ 500020000: reporter [uart_reg2ahb_adapter] bus2reg: address = 0x8 data = 0x5 kind = UVM_WRITE status = UVM_IS_OK
# UVM_INFO /ictc/other/tools/QuestaDVA/questasim/verilog_src/uvm-1.2/src/reg/uvm_reg_predictor.svh(221) @ 500020000: uvm_test_top.env.ahb_predictor [REG_PREDICT] Observed WRITE transaction to register regmodel.DLH: value='h5 : updated value = 'h5
# UVM_INFO ./../regmodel/uart_reg2ahb_adapter.sv(42) @ 500020000: reporter [uart_reg2ahb_adapter] bus2reg: address = 0xc data = 0x27 kind = UVM_WRITE status = UVM_IS_OK
# UVM_INFO /ictc/other/tools/QuestaDVA/questasim/verilog_src/uvm-1.2/src/reg/uvm_reg_predictor.svh(221) @ 500020000: uvm_test_top.env.ahb_predictor [REG_PREDICT] Observed WRITE transaction to register regmodel.LCR: value='h27 : updated value = 'h27
# UVM_INFO ./../regmodel/uart_reg2ahb_adapter.sv(42) @ 500021000: reporter [uart_reg2ahb_adapter] bus2reg: address = 0x18 data = 0xf3bb2dd1 kind = UVM_WRITE status = UVM_IS_OK
# UVM_INFO /ictc/other/tools/QuestaDVA/questasim/verilog_src/uvm-1.2/src/reg/uvm_reg_predictor.svh(221) @ 500021000: uvm_test_top.env.ahb_predictor [REG_PREDICT] Observed WRITE transaction to register regmodel.TBR: value='hf3bb2dd1 : updated value = 'hd1
# UVM_INFO ./../tb/dut_scoreboard.sv(50) @ 500021000: uvm_test_top.env.dut_sb [SCOREBOARD] 
# ===== Captured data from AHB: 0xf3bb2dd1
# UVM_INFO ./../tb/dut_scoreboard.sv(71) @ 500021000: uvm_test_top.env.dut_sb [dut_scoreboard] 
# 
# =====[UART TXD] Data comparison =====
# 
# UVM_ERROR ./../tb/dut_scoreboard.sv(76) @ 500021000: uvm_test_top.env.dut_sb [dut_scoreboard] 
# =====[DATA FRAME: 8] FAILED!!! Expected value is 0xd1, Actual data is 0xf7 =====
# UVM_INFO ./../tb/dut_scoreboard.sv(82) @ 500021000: uvm_test_top.env.dut_sb [dut_scoreboard] 
# 
# =====[UART TXD] Parity comparison =====
# 
# UVM_INFO ./../tb/dut_scoreboard.sv(88) @ 500021000: uvm_test_top.env.dut_sb [dut_scoreboard] 
# =====[PARITY MODE: 0] PASSED SUCCESSFULLY!!! =====
# UVM_INFO ./../vip/uart_vip/uart_monitor.sv(95) @ 500462000: uvm_test_top.env.uart_agt.monitor [uart_monitor] 
# ===== Baud rate actual is       4796, Baud rate expected is       4800 =====
# UVM_INFO ./../vip/uart_vip/uart_monitor.sv(181) @ 504423000: uvm_test_top.env.uart_agt.monitor [uart_monitor] Data read from DUT is ------------------------------------------
# Name         Type              Size  Value
# ------------------------------------------
# trans        uart_transaction  -     @7735
#   direction  direction_e       32    RX   
#   data       integral          9     'hd1 
#   parity     integral          1     'h0  
#   stop_bit   integral          2     'h1  
#   baud_rate  integral          32    'h0  
# ------------------------------------------
# 
# UVM_INFO ./../tb/dut_scoreboard.sv(58) @ 504423000: uvm_test_top.env.dut_sb [SCOREBOARD] 
# ===== Captured data from UART: 0xd1
# UVM_INFO ./../testcases/uart_txd_x16_random.sv(35) @ 510021000: uvm_test_top [uart_txd_x16_random] --------------------------------------------------------------
# Name                Type                Size  Value           
# --------------------------------------------------------------
# cfg                 uart_configuration  -     @360            
#   parity_mode       parity_mode_e       32    UART_PARITY_NONE
#   sampling          sampling_mode_e     32    MODE_X16        
#   data_width        integral            32    'h8             
#   num_of_stop_bit   integral            32    'h2             
#   baud_rate         integral            32    'h2580          
#   baud_rate_enable  integral            1     'h1             
#   parity_enable     integral            1     'h0             
# --------------------------------------------------------------
# 
# UVM_INFO ./../regmodel/uart_reg2ahb_adapter.sv(42) @ 510021000: reporter [uart_reg2ahb_adapter] bus2reg: address = 0x0 data = 0x0 kind = UVM_WRITE status = UVM_IS_OK
# UVM_INFO /ictc/other/tools/QuestaDVA/questasim/verilog_src/uvm-1.2/src/reg/uvm_reg_predictor.svh(221) @ 510021000: uvm_test_top.env.ahb_predictor [REG_PREDICT] Observed WRITE transaction to register regmodel.MDR: value='h0 : updated value = 'h0
# UVM_INFO ./../regmodel/uart_reg2ahb_adapter.sv(42) @ 510021000: reporter [uart_reg2ahb_adapter] bus2reg: address = 0x4 data = 0x16 kind = UVM_WRITE status = UVM_IS_OK
# UVM_INFO /ictc/other/tools/QuestaDVA/questasim/verilog_src/uvm-1.2/src/reg/uvm_reg_predictor.svh(221) @ 510021000: uvm_test_top.env.ahb_predictor [REG_PREDICT] Observed WRITE transaction to register regmodel.DLL: value='h16 : updated value = 'h16
# UVM_INFO ./../regmodel/uart_reg2ahb_adapter.sv(42) @ 510021000: reporter [uart_reg2ahb_adapter] bus2reg: address = 0x8 data = 0x5 kind = UVM_WRITE status = UVM_IS_OK
# UVM_INFO /ictc/other/tools/QuestaDVA/questasim/verilog_src/uvm-1.2/src/reg/uvm_reg_predictor.svh(221) @ 510021000: uvm_test_top.env.ahb_predictor [REG_PREDICT] Observed WRITE transaction to register regmodel.DLH: value='h5 : updated value = 'h5
# UVM_INFO ./../regmodel/uart_reg2ahb_adapter.sv(42) @ 510021000: reporter [uart_reg2ahb_adapter] bus2reg: address = 0xc data = 0x27 kind = UVM_WRITE status = UVM_IS_OK
# UVM_INFO /ictc/other/tools/QuestaDVA/questasim/verilog_src/uvm-1.2/src/reg/uvm_reg_predictor.svh(221) @ 510021000: uvm_test_top.env.ahb_predictor [REG_PREDICT] Observed WRITE transaction to register regmodel.LCR: value='h27 : updated value = 'h27
# UVM_INFO ./../regmodel/uart_reg2ahb_adapter.sv(42) @ 510021000: reporter [uart_reg2ahb_adapter] bus2reg: address = 0x18 data = 0x8ae4442 kind = UVM_WRITE status = UVM_IS_OK
# UVM_INFO /ictc/other/tools/QuestaDVA/questasim/verilog_src/uvm-1.2/src/reg/uvm_reg_predictor.svh(221) @ 510021000: uvm_test_top.env.ahb_predictor [REG_PREDICT] Observed WRITE transaction to register regmodel.TBR: value='h8ae4442 : updated value = 'h42
# UVM_INFO ./../tb/dut_scoreboard.sv(50) @ 510021000: uvm_test_top.env.dut_sb [SCOREBOARD] 
# ===== Captured data from AHB: 0x8ae4442
# UVM_INFO ./../tb/dut_scoreboard.sv(71) @ 510021000: uvm_test_top.env.dut_sb [dut_scoreboard] 
# 
# =====[UART TXD] Data comparison =====
# 
# UVM_ERROR ./../tb/dut_scoreboard.sv(76) @ 510021000: uvm_test_top.env.dut_sb [dut_scoreboard] 
# =====[DATA FRAME: 8] FAILED!!! Expected value is 0x42, Actual data is 0x86 =====
# UVM_INFO ./../tb/dut_scoreboard.sv(82) @ 510021000: uvm_test_top.env.dut_sb [dut_scoreboard] 
# 
# =====[UART TXD] Parity comparison =====
# 
# UVM_INFO ./../tb/dut_scoreboard.sv(88) @ 510021000: uvm_test_top.env.dut_sb [dut_scoreboard] 
# =====[PARITY MODE: 0] PASSED SUCCESSFULLY!!! =====
# UVM_INFO ./../vip/uart_vip/uart_monitor.sv(95) @ 510878000: uvm_test_top.env.uart_agt.monitor [uart_monitor] 
# ===== Baud rate actual is       2398, Baud rate expected is       9600 =====
# UVM_ERROR ./../vip/uart_vip/uart_monitor.sv(174) @ 512020000: uvm_test_top.env.uart_agt.monitor [uart_monitor] ===== stop bit error detected =====
# UVM_ERROR ./../vip/uart_vip/uart_monitor.sv(174) @ 512228000: uvm_test_top.env.uart_agt.monitor [uart_monitor] ===== stop bit error detected =====
# UVM_INFO ./../vip/uart_vip/uart_monitor.sv(181) @ 512228000: uvm_test_top.env.uart_agt.monitor [uart_monitor] Data read from DUT is ------------------------------------------
# Name         Type              Size  Value
# ------------------------------------------
# trans        uart_transaction  -     @7869
#   direction  direction_e       32    RX   
#   data       integral          9     'h18 
#   parity     integral          1     'h0  
#   stop_bit   integral          2     'h0  
#   baud_rate  integral          32    'h0  
# ------------------------------------------
# 
# UVM_INFO ./../tb/dut_scoreboard.sv(58) @ 512228000: uvm_test_top.env.dut_sb [SCOREBOARD] 
# ===== Captured data from UART: 0x18
# UVM_INFO ./../vip/uart_vip/uart_monitor.sv(181) @ 515561000: uvm_test_top.env.uart_agt.monitor [uart_monitor] Data read from DUT is ------------------------------------------
# Name         Type              Size  Value
# ------------------------------------------
# trans        uart_transaction  -     @8007
#   direction  direction_e       32    RX   
#   data       integral          9     'hfe 
#   parity     integral          1     'h0  
#   stop_bit   integral          2     'h1  
#   baud_rate  integral          32    'h0  
# ------------------------------------------
# 
# UVM_INFO ./../tb/dut_scoreboard.sv(58) @ 515561000: uvm_test_top.env.dut_sb [SCOREBOARD] 
# ===== Captured data from UART: 0xfe
# UVM_INFO ./../testcases/uart_txd_x16_random.sv(35) @ 520021000: uvm_test_top [uart_txd_x16_random] --------------------------------------------------------------
# Name                Type                Size  Value           
# --------------------------------------------------------------
# cfg                 uart_configuration  -     @360            
#   parity_mode       parity_mode_e       32    UART_PARITY_NONE
#   sampling          sampling_mode_e     32    MODE_X16        
#   data_width        integral            32    'h8             
#   num_of_stop_bit   integral            32    'h2             
#   baud_rate         integral            32    'h4b00          
#   baud_rate_enable  integral            1     'h1             
#   parity_enable     integral            1     'h0             
# --------------------------------------------------------------
# 
# UVM_INFO ./../regmodel/uart_reg2ahb_adapter.sv(42) @ 520021000: reporter [uart_reg2ahb_adapter] bus2reg: address = 0x0 data = 0x0 kind = UVM_WRITE status = UVM_IS_OK
# UVM_INFO /ictc/other/tools/QuestaDVA/questasim/verilog_src/uvm-1.2/src/reg/uvm_reg_predictor.svh(221) @ 520021000: uvm_test_top.env.ahb_predictor [REG_PREDICT] Observed WRITE transaction to register regmodel.MDR: value='h0 : updated value = 'h0
# UVM_INFO ./../regmodel/uart_reg2ahb_adapter.sv(42) @ 520021000: reporter [uart_reg2ahb_adapter] bus2reg: address = 0x4 data = 0x45 kind = UVM_WRITE status = UVM_IS_OK
# UVM_INFO /ictc/other/tools/QuestaDVA/questasim/verilog_src/uvm-1.2/src/reg/uvm_reg_predictor.svh(221) @ 520021000: uvm_test_top.env.ahb_predictor [REG_PREDICT] Observed WRITE transaction to register regmodel.DLL: value='h45 : updated value = 'h45
# UVM_INFO ./../regmodel/uart_reg2ahb_adapter.sv(42) @ 520021000: reporter [uart_reg2ahb_adapter] bus2reg: address = 0x8 data = 0x1 kind = UVM_WRITE status = UVM_IS_OK
# UVM_INFO /ictc/other/tools/QuestaDVA/questasim/verilog_src/uvm-1.2/src/reg/uvm_reg_predictor.svh(221) @ 520021000: uvm_test_top.env.ahb_predictor [REG_PREDICT] Observed WRITE transaction to register regmodel.DLH: value='h1 : updated value = 'h1
# UVM_INFO ./../regmodel/uart_reg2ahb_adapter.sv(42) @ 520021000: reporter [uart_reg2ahb_adapter] bus2reg: address = 0xc data = 0x27 kind = UVM_WRITE status = UVM_IS_OK
# UVM_INFO /ictc/other/tools/QuestaDVA/questasim/verilog_src/uvm-1.2/src/reg/uvm_reg_predictor.svh(221) @ 520021000: uvm_test_top.env.ahb_predictor [REG_PREDICT] Observed WRITE transaction to register regmodel.LCR: value='h27 : updated value = 'h27
# UVM_INFO ./../regmodel/uart_reg2ahb_adapter.sv(42) @ 520021000: reporter [uart_reg2ahb_adapter] bus2reg: address = 0x18 data = 0x20e2b688 kind = UVM_WRITE status = UVM_IS_OK
# UVM_INFO /ictc/other/tools/QuestaDVA/questasim/verilog_src/uvm-1.2/src/reg/uvm_reg_predictor.svh(221) @ 520021000: uvm_test_top.env.ahb_predictor [REG_PREDICT] Observed WRITE transaction to register regmodel.TBR: value='h20e2b688 : updated value = 'h88
# UVM_INFO ./../tb/dut_scoreboard.sv(50) @ 520021000: uvm_test_top.env.dut_sb [SCOREBOARD] 
# ===== Captured data from AHB: 0x20e2b688
# UVM_INFO ./../tb/dut_scoreboard.sv(71) @ 520021000: uvm_test_top.env.dut_sb [dut_scoreboard] 
# 
# =====[UART TXD] Data comparison =====
# 
# UVM_ERROR ./../tb/dut_scoreboard.sv(76) @ 520021000: uvm_test_top.env.dut_sb [dut_scoreboard] 
# =====[DATA FRAME: 8] FAILED!!! Expected value is 0x88, Actual data is 0x0 =====
# UVM_INFO ./../tb/dut_scoreboard.sv(82) @ 520021000: uvm_test_top.env.dut_sb [dut_scoreboard] 
# 
# =====[UART TXD] Parity comparison =====
# 
# UVM_INFO ./../tb/dut_scoreboard.sv(88) @ 520021000: uvm_test_top.env.dut_sb [dut_scoreboard] 
# =====[PARITY MODE: 0] PASSED SUCCESSFULLY!!! =====
# UVM_INFO ./../vip/uart_vip/uart_monitor.sv(95) @ 520440000: uvm_test_top.env.uart_agt.monitor [uart_monitor] 
# ===== Baud rate actual is       4808, Baud rate expected is      19200 =====
# UVM_INFO ./../vip/uart_vip/uart_monitor.sv(181) @ 521116000: uvm_test_top.env.uart_agt.monitor [uart_monitor] Data read from DUT is ------------------------------------------
# Name         Type              Size  Value
# ------------------------------------------
# trans        uart_transaction  -     @8015
#   direction  direction_e       32    RX   
#   data       integral          9     'h88 
#   parity     integral          1     'h0  
#   stop_bit   integral          2     'h1  
#   baud_rate  integral          32    'h0  
# ------------------------------------------
# 
# UVM_INFO ./../tb/dut_scoreboard.sv(58) @ 521116000: uvm_test_top.env.dut_sb [SCOREBOARD] 
# ===== Captured data from UART: 0x88
# UVM_INFO ./../testcases/uart_txd_x16_random.sv(35) @ 530021000: uvm_test_top [uart_txd_x16_random] --------------------------------------------------------------
# Name                Type                Size  Value           
# --------------------------------------------------------------
# cfg                 uart_configuration  -     @360            
#   parity_mode       parity_mode_e       32    UART_PARITY_NONE
#   sampling          sampling_mode_e     32    MODE_X16        
#   data_width        integral            32    'h8             
#   num_of_stop_bit   integral            32    'h2             
#   baud_rate         integral            32    'h9600          
#   baud_rate_enable  integral            1     'h1             
#   parity_enable     integral            1     'h0             
# --------------------------------------------------------------
# 
# UVM_INFO ./../regmodel/uart_reg2ahb_adapter.sv(42) @ 530021000: reporter [uart_reg2ahb_adapter] bus2reg: address = 0x0 data = 0x0 kind = UVM_WRITE status = UVM_IS_OK
# UVM_INFO /ictc/other/tools/QuestaDVA/questasim/verilog_src/uvm-1.2/src/reg/uvm_reg_predictor.svh(221) @ 530021000: uvm_test_top.env.ahb_predictor [REG_PREDICT] Observed WRITE transaction to register regmodel.MDR: value='h0 : updated value = 'h0
# UVM_INFO ./../regmodel/uart_reg2ahb_adapter.sv(42) @ 530021000: reporter [uart_reg2ahb_adapter] bus2reg: address = 0x4 data = 0xa4 kind = UVM_WRITE status = UVM_IS_OK
# UVM_INFO /ictc/other/tools/QuestaDVA/questasim/verilog_src/uvm-1.2/src/reg/uvm_reg_predictor.svh(221) @ 530021000: uvm_test_top.env.ahb_predictor [REG_PREDICT] Observed WRITE transaction to register regmodel.DLL: value='ha4 : updated value = 'ha4
# UVM_INFO ./../regmodel/uart_reg2ahb_adapter.sv(42) @ 530022000: reporter [uart_reg2ahb_adapter] bus2reg: address = 0x8 data = 0x0 kind = UVM_WRITE status = UVM_IS_OK
# UVM_INFO /ictc/other/tools/QuestaDVA/questasim/verilog_src/uvm-1.2/src/reg/uvm_reg_predictor.svh(221) @ 530022000: uvm_test_top.env.ahb_predictor [REG_PREDICT] Observed WRITE transaction to register regmodel.DLH: value='h0 : updated value = 'h0
# UVM_INFO ./../regmodel/uart_reg2ahb_adapter.sv(42) @ 530022000: reporter [uart_reg2ahb_adapter] bus2reg: address = 0xc data = 0x27 kind = UVM_WRITE status = UVM_IS_OK
# UVM_INFO /ictc/other/tools/QuestaDVA/questasim/verilog_src/uvm-1.2/src/reg/uvm_reg_predictor.svh(221) @ 530022000: uvm_test_top.env.ahb_predictor [REG_PREDICT] Observed WRITE transaction to register regmodel.LCR: value='h27 : updated value = 'h27
# UVM_INFO ./../regmodel/uart_reg2ahb_adapter.sv(42) @ 530022000: reporter [uart_reg2ahb_adapter] bus2reg: address = 0x18 data = 0x79abe0db kind = UVM_WRITE status = UVM_IS_OK
# UVM_INFO /ictc/other/tools/QuestaDVA/questasim/verilog_src/uvm-1.2/src/reg/uvm_reg_predictor.svh(221) @ 530022000: uvm_test_top.env.ahb_predictor [REG_PREDICT] Observed WRITE transaction to register regmodel.TBR: value='h79abe0db : updated value = 'hdb
# UVM_INFO ./../tb/dut_scoreboard.sv(50) @ 530022000: uvm_test_top.env.dut_sb [SCOREBOARD] 
# ===== Captured data from AHB: 0x79abe0db
# UVM_INFO ./../tb/dut_scoreboard.sv(71) @ 530022000: uvm_test_top.env.dut_sb [dut_scoreboard] 
# 
# =====[UART TXD] Data comparison =====
# 
# UVM_ERROR ./../tb/dut_scoreboard.sv(76) @ 530022000: uvm_test_top.env.dut_sb [dut_scoreboard] 
# =====[DATA FRAME: 8] FAILED!!! Expected value is 0xdb, Actual data is 0xd1 =====
# UVM_INFO ./../tb/dut_scoreboard.sv(82) @ 530022000: uvm_test_top.env.dut_sb [dut_scoreboard] 
# 
# =====[UART TXD] Parity comparison =====
# 
# UVM_INFO ./../tb/dut_scoreboard.sv(88) @ 530022000: uvm_test_top.env.dut_sb [dut_scoreboard] 
# =====[PARITY MODE: 0] PASSED SUCCESSFULLY!!! =====
# UVM_INFO ./../vip/uart_vip/uart_monitor.sv(95) @ 530077000: uvm_test_top.env.uart_agt.monitor [uart_monitor] 
# ===== Baud rate actual is      37736, Baud rate expected is      38400 =====
# UVM_INFO ./../vip/uart_vip/uart_monitor.sv(181) @ 530570000: uvm_test_top.env.uart_agt.monitor [uart_monitor] Data read from DUT is ------------------------------------------
# Name         Type              Size  Value
# ------------------------------------------
# trans        uart_transaction  -     @8149
#   direction  direction_e       32    RX   
#   data       integral          9     'hdb 
#   parity     integral          1     'h0  
#   stop_bit   integral          2     'h1  
#   baud_rate  integral          32    'h0  
# ------------------------------------------
# 
# UVM_INFO ./../tb/dut_scoreboard.sv(58) @ 530570000: uvm_test_top.env.dut_sb [SCOREBOARD] 
# ===== Captured data from UART: 0xdb
# UVM_INFO ./../testcases/uart_txd_x16_random.sv(35) @ 540022000: uvm_test_top [uart_txd_x16_random] --------------------------------------------------------------
# Name                Type                Size  Value           
# --------------------------------------------------------------
# cfg                 uart_configuration  -     @360            
#   parity_mode       parity_mode_e       32    UART_PARITY_NONE
#   sampling          sampling_mode_e     32    MODE_X16        
#   data_width        integral            32    'h8             
#   num_of_stop_bit   integral            32    'h2             
#   baud_rate         integral            32    'h12c00         
#   baud_rate_enable  integral            1     'h1             
#   parity_enable     integral            1     'h0             
# --------------------------------------------------------------
# 
# UVM_INFO ./../regmodel/uart_reg2ahb_adapter.sv(42) @ 540022000: reporter [uart_reg2ahb_adapter] bus2reg: address = 0x0 data = 0x0 kind = UVM_WRITE status = UVM_IS_OK
# UVM_INFO /ictc/other/tools/QuestaDVA/questasim/verilog_src/uvm-1.2/src/reg/uvm_reg_predictor.svh(221) @ 540022000: uvm_test_top.env.ahb_predictor [REG_PREDICT] Observed WRITE transaction to register regmodel.MDR: value='h0 : updated value = 'h0
# UVM_INFO ./../regmodel/uart_reg2ahb_adapter.sv(42) @ 540022000: reporter [uart_reg2ahb_adapter] bus2reg: address = 0x4 data = 0x51 kind = UVM_WRITE status = UVM_IS_OK
# UVM_INFO /ictc/other/tools/QuestaDVA/questasim/verilog_src/uvm-1.2/src/reg/uvm_reg_predictor.svh(221) @ 540022000: uvm_test_top.env.ahb_predictor [REG_PREDICT] Observed WRITE transaction to register regmodel.DLL: value='h51 : updated value = 'h51
# UVM_INFO ./../regmodel/uart_reg2ahb_adapter.sv(42) @ 540022000: reporter [uart_reg2ahb_adapter] bus2reg: address = 0x8 data = 0x0 kind = UVM_WRITE status = UVM_IS_OK
# UVM_INFO /ictc/other/tools/QuestaDVA/questasim/verilog_src/uvm-1.2/src/reg/uvm_reg_predictor.svh(221) @ 540022000: uvm_test_top.env.ahb_predictor [REG_PREDICT] Observed WRITE transaction to register regmodel.DLH: value='h0 : updated value = 'h0
# UVM_INFO ./../regmodel/uart_reg2ahb_adapter.sv(42) @ 540022000: reporter [uart_reg2ahb_adapter] bus2reg: address = 0xc data = 0x27 kind = UVM_WRITE status = UVM_IS_OK
# UVM_INFO /ictc/other/tools/QuestaDVA/questasim/verilog_src/uvm-1.2/src/reg/uvm_reg_predictor.svh(221) @ 540022000: uvm_test_top.env.ahb_predictor [REG_PREDICT] Observed WRITE transaction to register regmodel.LCR: value='h27 : updated value = 'h27
# UVM_INFO ./../regmodel/uart_reg2ahb_adapter.sv(42) @ 540022000: reporter [uart_reg2ahb_adapter] bus2reg: address = 0x18 data = 0xa05b16be kind = UVM_WRITE status = UVM_IS_OK
# UVM_INFO /ictc/other/tools/QuestaDVA/questasim/verilog_src/uvm-1.2/src/reg/uvm_reg_predictor.svh(221) @ 540022000: uvm_test_top.env.ahb_predictor [REG_PREDICT] Observed WRITE transaction to register regmodel.TBR: value='ha05b16be : updated value = 'hbe
# UVM_INFO ./../tb/dut_scoreboard.sv(50) @ 540022000: uvm_test_top.env.dut_sb [SCOREBOARD] 
# ===== Captured data from AHB: 0xa05b16be
# UVM_INFO ./../tb/dut_scoreboard.sv(71) @ 540022000: uvm_test_top.env.dut_sb [dut_scoreboard] 
# 
# =====[UART TXD] Data comparison =====
# 
# UVM_ERROR ./../tb/dut_scoreboard.sv(76) @ 540022000: uvm_test_top.env.dut_sb [dut_scoreboard] 
# =====[DATA FRAME: 8] FAILED!!! Expected value is 0xbe, Actual data is 0x18 =====
# UVM_INFO ./../tb/dut_scoreboard.sv(82) @ 540022000: uvm_test_top.env.dut_sb [dut_scoreboard] 
# 
# =====[UART TXD] Parity comparison =====
# 
# UVM_INFO ./../tb/dut_scoreboard.sv(88) @ 540022000: uvm_test_top.env.dut_sb [dut_scoreboard] 
# =====[PARITY MODE: 0] PASSED SUCCESSFULLY!!! =====
# UVM_INFO ./../vip/uart_vip/uart_monitor.sv(95) @ 540075000: uvm_test_top.env.uart_agt.monitor [uart_monitor] 
# ===== Baud rate actual is      38462, Baud rate expected is      76800 =====
# UVM_INFO ./../vip/uart_vip/uart_monitor.sv(181) @ 540296000: uvm_test_top.env.uart_agt.monitor [uart_monitor] Data read from DUT is ------------------------------------------
# Name         Type              Size  Value
# ------------------------------------------
# trans        uart_transaction  -     @8283
#   direction  direction_e       32    RX   
#   data       integral          9     'hbe 
#   parity     integral          1     'h0  
#   stop_bit   integral          2     'h1  
#   baud_rate  integral          32    'h0  
# ------------------------------------------
# 
# UVM_INFO ./../tb/dut_scoreboard.sv(58) @ 540296000: uvm_test_top.env.dut_sb [SCOREBOARD] 
# ===== Captured data from UART: 0xbe
# UVM_INFO ./../testcases/uart_txd_x16_random.sv(35) @ 550022000: uvm_test_top [uart_txd_x16_random] --------------------------------------------------------------
# Name                Type                Size  Value           
# --------------------------------------------------------------
# cfg                 uart_configuration  -     @360            
#   parity_mode       parity_mode_e       32    UART_PARITY_NONE
#   sampling          sampling_mode_e     32    MODE_X16        
#   data_width        integral            32    'h8             
#   num_of_stop_bit   integral            32    'h2             
#   baud_rate         integral            32    'h1c200         
#   baud_rate_enable  integral            1     'h1             
#   parity_enable     integral            1     'h0             
# --------------------------------------------------------------
# 
# UVM_INFO ./../regmodel/uart_reg2ahb_adapter.sv(42) @ 550022000: reporter [uart_reg2ahb_adapter] bus2reg: address = 0x0 data = 0x0 kind = UVM_WRITE status = UVM_IS_OK
# UVM_INFO /ictc/other/tools/QuestaDVA/questasim/verilog_src/uvm-1.2/src/reg/uvm_reg_predictor.svh(221) @ 550022000: uvm_test_top.env.ahb_predictor [REG_PREDICT] Observed WRITE transaction to register regmodel.MDR: value='h0 : updated value = 'h0
# UVM_INFO ./../regmodel/uart_reg2ahb_adapter.sv(42) @ 550022000: reporter [uart_reg2ahb_adapter] bus2reg: address = 0x4 data = 0x36 kind = UVM_WRITE status = UVM_IS_OK
# UVM_INFO /ictc/other/tools/QuestaDVA/questasim/verilog_src/uvm-1.2/src/reg/uvm_reg_predictor.svh(221) @ 550022000: uvm_test_top.env.ahb_predictor [REG_PREDICT] Observed WRITE transaction to register regmodel.DLL: value='h36 : updated value = 'h36
# UVM_INFO ./../regmodel/uart_reg2ahb_adapter.sv(42) @ 550022000: reporter [uart_reg2ahb_adapter] bus2reg: address = 0x8 data = 0x0 kind = UVM_WRITE status = UVM_IS_OK
# UVM_INFO /ictc/other/tools/QuestaDVA/questasim/verilog_src/uvm-1.2/src/reg/uvm_reg_predictor.svh(221) @ 550022000: uvm_test_top.env.ahb_predictor [REG_PREDICT] Observed WRITE transaction to register regmodel.DLH: value='h0 : updated value = 'h0
# UVM_INFO ./../regmodel/uart_reg2ahb_adapter.sv(42) @ 550022000: reporter [uart_reg2ahb_adapter] bus2reg: address = 0xc data = 0x27 kind = UVM_WRITE status = UVM_IS_OK
# UVM_INFO /ictc/other/tools/QuestaDVA/questasim/verilog_src/uvm-1.2/src/reg/uvm_reg_predictor.svh(221) @ 550022000: uvm_test_top.env.ahb_predictor [REG_PREDICT] Observed WRITE transaction to register regmodel.LCR: value='h27 : updated value = 'h27
# UVM_INFO ./../regmodel/uart_reg2ahb_adapter.sv(42) @ 550023000: reporter [uart_reg2ahb_adapter] bus2reg: address = 0x18 data = 0x87b063e6 kind = UVM_WRITE status = UVM_IS_OK
# UVM_INFO /ictc/other/tools/QuestaDVA/questasim/verilog_src/uvm-1.2/src/reg/uvm_reg_predictor.svh(221) @ 550023000: uvm_test_top.env.ahb_predictor [REG_PREDICT] Observed WRITE transaction to register regmodel.TBR: value='h87b063e6 : updated value = 'he6
# UVM_INFO ./../tb/dut_scoreboard.sv(50) @ 550023000: uvm_test_top.env.dut_sb [SCOREBOARD] 
# ===== Captured data from AHB: 0x87b063e6
# UVM_INFO ./../tb/dut_scoreboard.sv(71) @ 550023000: uvm_test_top.env.dut_sb [dut_scoreboard] 
# 
# =====[UART TXD] Data comparison =====
# 
# UVM_ERROR ./../tb/dut_scoreboard.sv(76) @ 550023000: uvm_test_top.env.dut_sb [dut_scoreboard] 
# =====[DATA FRAME: 8] FAILED!!! Expected value is 0xe6, Actual data is 0xfe =====
# UVM_INFO ./../tb/dut_scoreboard.sv(82) @ 550023000: uvm_test_top.env.dut_sb [dut_scoreboard] 
# 
# =====[UART TXD] Parity comparison =====
# 
# UVM_INFO ./../tb/dut_scoreboard.sv(88) @ 550023000: uvm_test_top.env.dut_sb [dut_scoreboard] 
# =====[PARITY MODE: 0] PASSED SUCCESSFULLY!!! =====
# UVM_INFO ./../vip/uart_vip/uart_monitor.sv(95) @ 550058000: uvm_test_top.env.uart_agt.monitor [uart_monitor] 
# ===== Baud rate actual is      57143, Baud rate expected is     115200 =====
# UVM_INFO ./../vip/uart_vip/uart_monitor.sv(181) @ 550202000: uvm_test_top.env.uart_agt.monitor [uart_monitor] Data read from DUT is ------------------------------------------
# Name         Type              Size  Value
# ------------------------------------------
# trans        uart_transaction  -     @8417
#   direction  direction_e       32    RX   
#   data       integral          9     'he6 
#   parity     integral          1     'h0  
#   stop_bit   integral          2     'h1  
#   baud_rate  integral          32    'h0  
# ------------------------------------------
# 
# UVM_INFO ./../tb/dut_scoreboard.sv(58) @ 550202000: uvm_test_top.env.dut_sb [SCOREBOARD] 
# ===== Captured data from UART: 0xe6
# UVM_INFO ./../testcases/uart_txd_x16_random.sv(35) @ 560023000: uvm_test_top [uart_txd_x16_random] -------------------------------------------------------------
# Name                Type                Size  Value          
# -------------------------------------------------------------
# cfg                 uart_configuration  -     @360           
#   parity_mode       parity_mode_e       32    UART_PARITY_ODD
#   sampling          sampling_mode_e     32    MODE_X16       
#   data_width        integral            32    'h5            
#   num_of_stop_bit   integral            32    'h1            
#   baud_rate         integral            32    'h960          
#   baud_rate_enable  integral            1     'h1            
#   parity_enable     integral            1     'h0            
# -------------------------------------------------------------
# 
# UVM_INFO ./../regmodel/uart_reg2ahb_adapter.sv(42) @ 560023000: reporter [uart_reg2ahb_adapter] bus2reg: address = 0x0 data = 0x0 kind = UVM_WRITE status = UVM_IS_OK
# UVM_INFO /ictc/other/tools/QuestaDVA/questasim/verilog_src/uvm-1.2/src/reg/uvm_reg_predictor.svh(221) @ 560023000: uvm_test_top.env.ahb_predictor [REG_PREDICT] Observed WRITE transaction to register regmodel.MDR: value='h0 : updated value = 'h0
# UVM_INFO ./../regmodel/uart_reg2ahb_adapter.sv(42) @ 560023000: reporter [uart_reg2ahb_adapter] bus2reg: address = 0x4 data = 0x2c kind = UVM_WRITE status = UVM_IS_OK
# UVM_INFO /ictc/other/tools/QuestaDVA/questasim/verilog_src/uvm-1.2/src/reg/uvm_reg_predictor.svh(221) @ 560023000: uvm_test_top.env.ahb_predictor [REG_PREDICT] Observed WRITE transaction to register regmodel.DLL: value='h2c : updated value = 'h2c
# UVM_INFO ./../regmodel/uart_reg2ahb_adapter.sv(42) @ 560023000: reporter [uart_reg2ahb_adapter] bus2reg: address = 0x8 data = 0xa kind = UVM_WRITE status = UVM_IS_OK
# UVM_INFO /ictc/other/tools/QuestaDVA/questasim/verilog_src/uvm-1.2/src/reg/uvm_reg_predictor.svh(221) @ 560023000: uvm_test_top.env.ahb_predictor [REG_PREDICT] Observed WRITE transaction to register regmodel.DLH: value='ha : updated value = 'ha
# UVM_INFO ./../regmodel/uart_reg2ahb_adapter.sv(42) @ 560023000: reporter [uart_reg2ahb_adapter] bus2reg: address = 0xc data = 0x28 kind = UVM_WRITE status = UVM_IS_OK
# UVM_INFO /ictc/other/tools/QuestaDVA/questasim/verilog_src/uvm-1.2/src/reg/uvm_reg_predictor.svh(221) @ 560023000: uvm_test_top.env.ahb_predictor [REG_PREDICT] Observed WRITE transaction to register regmodel.LCR: value='h28 : updated value = 'h28
# UVM_INFO ./../regmodel/uart_reg2ahb_adapter.sv(42) @ 560023000: reporter [uart_reg2ahb_adapter] bus2reg: address = 0x18 data = 0xe7b49f3e kind = UVM_WRITE status = UVM_IS_OK
# UVM_INFO /ictc/other/tools/QuestaDVA/questasim/verilog_src/uvm-1.2/src/reg/uvm_reg_predictor.svh(221) @ 560023000: uvm_test_top.env.ahb_predictor [REG_PREDICT] Observed WRITE transaction to register regmodel.TBR: value='he7b49f3e : updated value = 'h3e
# UVM_INFO ./../tb/dut_scoreboard.sv(50) @ 560023000: uvm_test_top.env.dut_sb [SCOREBOARD] 
# ===== Captured data from AHB: 0xe7b49f3e
# UVM_INFO ./../tb/dut_scoreboard.sv(71) @ 560023000: uvm_test_top.env.dut_sb [dut_scoreboard] 
# 
# =====[UART TXD] Data comparison =====
# 
# UVM_ERROR ./../tb/dut_scoreboard.sv(76) @ 560023000: uvm_test_top.env.dut_sb [dut_scoreboard] 
# =====[DATA FRAME: 5] FAILED!!! Expected value is 0x1e, Actual data is 0x88 =====
# UVM_INFO ./../tb/dut_scoreboard.sv(82) @ 560023000: uvm_test_top.env.dut_sb [dut_scoreboard] 
# 
# =====[UART TXD] Parity comparison =====
# 
# UVM_ERROR ./../tb/dut_scoreboard.sv(85) @ 560023000: uvm_test_top.env.dut_sb [dut_scoreboard] 
# =====[PARITY MODE: 1] FAILED!!! Expected parity is 1, Actual parity is 0 =====
# UVM_INFO ./../vip/uart_vip/uart_monitor.sv(95) @ 561740000: uvm_test_top.env.uart_agt.monitor [uart_monitor] 
# ===== Baud rate actual is       1200, Baud rate expected is       2400 =====
# UVM_INFO ./../vip/uart_vip/uart_monitor.sv(181) @ 566321000: uvm_test_top.env.uart_agt.monitor [uart_monitor] Data read from DUT is ------------------------------------------
# Name         Type              Size  Value
# ------------------------------------------
# trans        uart_transaction  -     @8551
#   direction  direction_e       32    RX   
#   data       integral          9     'h1e 
#   parity     integral          1     'h1  
#   stop_bit   integral          2     'h1  
#   baud_rate  integral          32    'h0  
# ------------------------------------------
# 
# UVM_INFO ./../tb/dut_scoreboard.sv(58) @ 566321000: uvm_test_top.env.dut_sb [SCOREBOARD] 
# ===== Captured data from UART: 0x1e
# UVM_INFO ./../testcases/uart_txd_x16_random.sv(35) @ 570023000: uvm_test_top [uart_txd_x16_random] -------------------------------------------------------------
# Name                Type                Size  Value          
# -------------------------------------------------------------
# cfg                 uart_configuration  -     @360           
#   parity_mode       parity_mode_e       32    UART_PARITY_ODD
#   sampling          sampling_mode_e     32    MODE_X16       
#   data_width        integral            32    'h5            
#   num_of_stop_bit   integral            32    'h1            
#   baud_rate         integral            32    'h12c0         
#   baud_rate_enable  integral            1     'h1            
#   parity_enable     integral            1     'h0            
# -------------------------------------------------------------
# 
# UVM_INFO ./../regmodel/uart_reg2ahb_adapter.sv(42) @ 570023000: reporter [uart_reg2ahb_adapter] bus2reg: address = 0x0 data = 0x0 kind = UVM_WRITE status = UVM_IS_OK
# UVM_INFO /ictc/other/tools/QuestaDVA/questasim/verilog_src/uvm-1.2/src/reg/uvm_reg_predictor.svh(221) @ 570023000: uvm_test_top.env.ahb_predictor [REG_PREDICT] Observed WRITE transaction to register regmodel.MDR: value='h0 : updated value = 'h0
# UVM_INFO ./../regmodel/uart_reg2ahb_adapter.sv(42) @ 570023000: reporter [uart_reg2ahb_adapter] bus2reg: address = 0x4 data = 0x16 kind = UVM_WRITE status = UVM_IS_OK
# UVM_INFO /ictc/other/tools/QuestaDVA/questasim/verilog_src/uvm-1.2/src/reg/uvm_reg_predictor.svh(221) @ 570023000: uvm_test_top.env.ahb_predictor [REG_PREDICT] Observed WRITE transaction to register regmodel.DLL: value='h16 : updated value = 'h16
# UVM_INFO ./../regmodel/uart_reg2ahb_adapter.sv(42) @ 570023000: reporter [uart_reg2ahb_adapter] bus2reg: address = 0x8 data = 0x5 kind = UVM_WRITE status = UVM_IS_OK
# UVM_INFO /ictc/other/tools/QuestaDVA/questasim/verilog_src/uvm-1.2/src/reg/uvm_reg_predictor.svh(221) @ 570023000: uvm_test_top.env.ahb_predictor [REG_PREDICT] Observed WRITE transaction to register regmodel.DLH: value='h5 : updated value = 'h5
# UVM_INFO ./../regmodel/uart_reg2ahb_adapter.sv(42) @ 570023000: reporter [uart_reg2ahb_adapter] bus2reg: address = 0xc data = 0x28 kind = UVM_WRITE status = UVM_IS_OK
# UVM_INFO /ictc/other/tools/QuestaDVA/questasim/verilog_src/uvm-1.2/src/reg/uvm_reg_predictor.svh(221) @ 570023000: uvm_test_top.env.ahb_predictor [REG_PREDICT] Observed WRITE transaction to register regmodel.LCR: value='h28 : updated value = 'h28
# UVM_INFO ./../regmodel/uart_reg2ahb_adapter.sv(42) @ 570023000: reporter [uart_reg2ahb_adapter] bus2reg: address = 0x18 data = 0x2e972293 kind = UVM_WRITE status = UVM_IS_OK
# UVM_INFO /ictc/other/tools/QuestaDVA/questasim/verilog_src/uvm-1.2/src/reg/uvm_reg_predictor.svh(221) @ 570023000: uvm_test_top.env.ahb_predictor [REG_PREDICT] Observed WRITE transaction to register regmodel.TBR: value='h2e972293 : updated value = 'h93
# UVM_INFO ./../tb/dut_scoreboard.sv(50) @ 570023000: uvm_test_top.env.dut_sb [SCOREBOARD] 
# ===== Captured data from AHB: 0x2e972293
# UVM_INFO ./../tb/dut_scoreboard.sv(71) @ 570023000: uvm_test_top.env.dut_sb [dut_scoreboard] 
# 
# =====[UART TXD] Data comparison =====
# 
# UVM_ERROR ./../tb/dut_scoreboard.sv(76) @ 570023000: uvm_test_top.env.dut_sb [dut_scoreboard] 
# =====[DATA FRAME: 5] FAILED!!! Expected value is 0x13, Actual data is 0xdb =====
# UVM_INFO ./../tb/dut_scoreboard.sv(82) @ 570023000: uvm_test_top.env.dut_sb [dut_scoreboard] 
# 
# =====[UART TXD] Parity comparison =====
# 
# UVM_INFO ./../tb/dut_scoreboard.sv(88) @ 570023000: uvm_test_top.env.dut_sb [dut_scoreboard] 
# =====[PARITY MODE: 1] PASSED SUCCESSFULLY!!! =====
# UVM_INFO ./../vip/uart_vip/uart_monitor.sv(95) @ 570464000: uvm_test_top.env.uart_agt.monitor [uart_monitor] 
# ===== Baud rate actual is       4796, Baud rate expected is       4800 =====
# UVM_INFO ./../vip/uart_vip/uart_monitor.sv(181) @ 573175000: uvm_test_top.env.uart_agt.monitor [uart_monitor] Data read from DUT is ------------------------------------------
# Name         Type              Size  Value
# ------------------------------------------
# trans        uart_transaction  -     @8685
#   direction  direction_e       32    RX   
#   data       integral          9     'h13 
#   parity     integral          1     'h0  
#   stop_bit   integral          2     'h1  
#   baud_rate  integral          32    'h0  
# ------------------------------------------
# 
# UVM_INFO ./../tb/dut_scoreboard.sv(58) @ 573175000: uvm_test_top.env.dut_sb [SCOREBOARD] 
# ===== Captured data from UART: 0x13
# UVM_INFO ./../testcases/uart_txd_x16_random.sv(35) @ 580023000: uvm_test_top [uart_txd_x16_random] -------------------------------------------------------------
# Name                Type                Size  Value          
# -------------------------------------------------------------
# cfg                 uart_configuration  -     @360           
#   parity_mode       parity_mode_e       32    UART_PARITY_ODD
#   sampling          sampling_mode_e     32    MODE_X16       
#   data_width        integral            32    'h5            
#   num_of_stop_bit   integral            32    'h1            
#   baud_rate         integral            32    'h2580         
#   baud_rate_enable  integral            1     'h1            
#   parity_enable     integral            1     'h0            
# -------------------------------------------------------------
# 
# UVM_INFO ./../regmodel/uart_reg2ahb_adapter.sv(42) @ 580023000: reporter [uart_reg2ahb_adapter] bus2reg: address = 0x0 data = 0x0 kind = UVM_WRITE status = UVM_IS_OK
# UVM_INFO /ictc/other/tools/QuestaDVA/questasim/verilog_src/uvm-1.2/src/reg/uvm_reg_predictor.svh(221) @ 580023000: uvm_test_top.env.ahb_predictor [REG_PREDICT] Observed WRITE transaction to register regmodel.MDR: value='h0 : updated value = 'h0
# UVM_INFO ./../regmodel/uart_reg2ahb_adapter.sv(42) @ 580023000: reporter [uart_reg2ahb_adapter] bus2reg: address = 0x4 data = 0x16 kind = UVM_WRITE status = UVM_IS_OK
# UVM_INFO /ictc/other/tools/QuestaDVA/questasim/verilog_src/uvm-1.2/src/reg/uvm_reg_predictor.svh(221) @ 580023000: uvm_test_top.env.ahb_predictor [REG_PREDICT] Observed WRITE transaction to register regmodel.DLL: value='h16 : updated value = 'h16
# UVM_INFO ./../regmodel/uart_reg2ahb_adapter.sv(42) @ 580024000: reporter [uart_reg2ahb_adapter] bus2reg: address = 0x8 data = 0x5 kind = UVM_WRITE status = UVM_IS_OK
# UVM_INFO /ictc/other/tools/QuestaDVA/questasim/verilog_src/uvm-1.2/src/reg/uvm_reg_predictor.svh(221) @ 580024000: uvm_test_top.env.ahb_predictor [REG_PREDICT] Observed WRITE transaction to register regmodel.DLH: value='h5 : updated value = 'h5
# UVM_INFO ./../regmodel/uart_reg2ahb_adapter.sv(42) @ 580024000: reporter [uart_reg2ahb_adapter] bus2reg: address = 0xc data = 0x28 kind = UVM_WRITE status = UVM_IS_OK
# UVM_INFO /ictc/other/tools/QuestaDVA/questasim/verilog_src/uvm-1.2/src/reg/uvm_reg_predictor.svh(221) @ 580024000: uvm_test_top.env.ahb_predictor [REG_PREDICT] Observed WRITE transaction to register regmodel.LCR: value='h28 : updated value = 'h28
# UVM_INFO ./../regmodel/uart_reg2ahb_adapter.sv(42) @ 580024000: reporter [uart_reg2ahb_adapter] bus2reg: address = 0x18 data = 0x13b34192 kind = UVM_WRITE status = UVM_IS_OK
# UVM_INFO /ictc/other/tools/QuestaDVA/questasim/verilog_src/uvm-1.2/src/reg/uvm_reg_predictor.svh(221) @ 580024000: uvm_test_top.env.ahb_predictor [REG_PREDICT] Observed WRITE transaction to register regmodel.TBR: value='h13b34192 : updated value = 'h92
# UVM_INFO ./../tb/dut_scoreboard.sv(50) @ 580024000: uvm_test_top.env.dut_sb [SCOREBOARD] 
# ===== Captured data from AHB: 0x13b34192
# UVM_INFO ./../tb/dut_scoreboard.sv(71) @ 580024000: uvm_test_top.env.dut_sb [dut_scoreboard] 
# 
# =====[UART TXD] Data comparison =====
# 
# UVM_ERROR ./../tb/dut_scoreboard.sv(76) @ 580024000: uvm_test_top.env.dut_sb [dut_scoreboard] 
# =====[DATA FRAME: 5] FAILED!!! Expected value is 0x12, Actual data is 0xbe =====
# UVM_INFO ./../tb/dut_scoreboard.sv(82) @ 580024000: uvm_test_top.env.dut_sb [dut_scoreboard] 
# 
# =====[UART TXD] Parity comparison =====
# 
# UVM_ERROR ./../tb/dut_scoreboard.sv(85) @ 580024000: uvm_test_top.env.dut_sb [dut_scoreboard] 
# =====[PARITY MODE: 1] FAILED!!! Expected parity is 1, Actual parity is 0 =====
# UVM_INFO ./../vip/uart_vip/uart_monitor.sv(95) @ 580880000: uvm_test_top.env.uart_agt.monitor [uart_monitor] 
# ===== Baud rate actual is       2401, Baud rate expected is       9600 =====
# UVM_ERROR ./../vip/uart_vip/uart_monitor.sv(174) @ 581607000: uvm_test_top.env.uart_agt.monitor [uart_monitor] ===== stop bit error detected =====
# UVM_INFO ./../vip/uart_vip/uart_monitor.sv(181) @ 581607000: uvm_test_top.env.uart_agt.monitor [uart_monitor] Data read from DUT is ------------------------------------------
# Name         Type              Size  Value
# ------------------------------------------
# trans        uart_transaction  -     @8819
#   direction  direction_e       32    RX   
#   data       integral          9     'h18 
#   parity     integral          1     'h0  
#   stop_bit   integral          2     'h0  
#   baud_rate  integral          32    'h0  
# ------------------------------------------
# 
# UVM_INFO ./../tb/dut_scoreboard.sv(58) @ 581607000: uvm_test_top.env.dut_sb [SCOREBOARD] 
# ===== Captured data from UART: 0x18
# UVM_INFO ./../testcases/uart_txd_x16_random.sv(35) @ 590024000: uvm_test_top [uart_txd_x16_random] -------------------------------------------------------------
# Name                Type                Size  Value          
# -------------------------------------------------------------
# cfg                 uart_configuration  -     @360           
#   parity_mode       parity_mode_e       32    UART_PARITY_ODD
#   sampling          sampling_mode_e     32    MODE_X16       
#   data_width        integral            32    'h5            
#   num_of_stop_bit   integral            32    'h1            
#   baud_rate         integral            32    'h4b00         
#   baud_rate_enable  integral            1     'h1            
#   parity_enable     integral            1     'h0            
# -------------------------------------------------------------
# 
# UVM_INFO ./../regmodel/uart_reg2ahb_adapter.sv(42) @ 590024000: reporter [uart_reg2ahb_adapter] bus2reg: address = 0x0 data = 0x0 kind = UVM_WRITE status = UVM_IS_OK
# UVM_INFO /ictc/other/tools/QuestaDVA/questasim/verilog_src/uvm-1.2/src/reg/uvm_reg_predictor.svh(221) @ 590024000: uvm_test_top.env.ahb_predictor [REG_PREDICT] Observed WRITE transaction to register regmodel.MDR: value='h0 : updated value = 'h0
# UVM_INFO ./../regmodel/uart_reg2ahb_adapter.sv(42) @ 590024000: reporter [uart_reg2ahb_adapter] bus2reg: address = 0x4 data = 0x45 kind = UVM_WRITE status = UVM_IS_OK
# UVM_INFO /ictc/other/tools/QuestaDVA/questasim/verilog_src/uvm-1.2/src/reg/uvm_reg_predictor.svh(221) @ 590024000: uvm_test_top.env.ahb_predictor [REG_PREDICT] Observed WRITE transaction to register regmodel.DLL: value='h45 : updated value = 'h45
# UVM_INFO ./../regmodel/uart_reg2ahb_adapter.sv(42) @ 590024000: reporter [uart_reg2ahb_adapter] bus2reg: address = 0x8 data = 0x1 kind = UVM_WRITE status = UVM_IS_OK
# UVM_INFO /ictc/other/tools/QuestaDVA/questasim/verilog_src/uvm-1.2/src/reg/uvm_reg_predictor.svh(221) @ 590024000: uvm_test_top.env.ahb_predictor [REG_PREDICT] Observed WRITE transaction to register regmodel.DLH: value='h1 : updated value = 'h1
# UVM_INFO ./../regmodel/uart_reg2ahb_adapter.sv(42) @ 590024000: reporter [uart_reg2ahb_adapter] bus2reg: address = 0xc data = 0x28 kind = UVM_WRITE status = UVM_IS_OK
# UVM_INFO /ictc/other/tools/QuestaDVA/questasim/verilog_src/uvm-1.2/src/reg/uvm_reg_predictor.svh(221) @ 590024000: uvm_test_top.env.ahb_predictor [REG_PREDICT] Observed WRITE transaction to register regmodel.LCR: value='h28 : updated value = 'h28
# UVM_INFO ./../regmodel/uart_reg2ahb_adapter.sv(42) @ 590024000: reporter [uart_reg2ahb_adapter] bus2reg: address = 0x18 data = 0x27636372 kind = UVM_WRITE status = UVM_IS_OK
# UVM_INFO /ictc/other/tools/QuestaDVA/questasim/verilog_src/uvm-1.2/src/reg/uvm_reg_predictor.svh(221) @ 590024000: uvm_test_top.env.ahb_predictor [REG_PREDICT] Observed WRITE transaction to register regmodel.TBR: value='h27636372 : updated value = 'h72
# UVM_INFO ./../tb/dut_scoreboard.sv(50) @ 590024000: uvm_test_top.env.dut_sb [SCOREBOARD] 
# ===== Captured data from AHB: 0x27636372
# UVM_INFO ./../tb/dut_scoreboard.sv(71) @ 590024000: uvm_test_top.env.dut_sb [dut_scoreboard] 
# 
# =====[UART TXD] Data comparison =====
# 
# UVM_ERROR ./../tb/dut_scoreboard.sv(76) @ 590024000: uvm_test_top.env.dut_sb [dut_scoreboard] 
# =====[DATA FRAME: 5] FAILED!!! Expected value is 0x12, Actual data is 0xe6 =====
# UVM_INFO ./../tb/dut_scoreboard.sv(82) @ 590024000: uvm_test_top.env.dut_sb [dut_scoreboard] 
# 
# =====[UART TXD] Parity comparison =====
# 
# UVM_ERROR ./../tb/dut_scoreboard.sv(85) @ 590024000: uvm_test_top.env.dut_sb [dut_scoreboard] 
# =====[PARITY MODE: 1] FAILED!!! Expected parity is 1, Actual parity is 0 =====
# UVM_INFO ./../vip/uart_vip/uart_monitor.sv(95) @ 590234000: uvm_test_top.env.uart_agt.monitor [uart_monitor] 
# ===== Baud rate actual is       9615, Baud rate expected is      19200 =====
# UVM_INFO ./../vip/uart_vip/uart_monitor.sv(181) @ 590806000: uvm_test_top.env.uart_agt.monitor [uart_monitor] Data read from DUT is ------------------------------------------
# Name         Type              Size  Value
# ------------------------------------------
# trans        uart_transaction  -     @8955
#   direction  direction_e       32    RX   
#   data       integral          9     'h12 
#   parity     integral          1     'h0  
#   stop_bit   integral          2     'h1  
#   baud_rate  integral          32    'h0  
# ------------------------------------------
# 
# UVM_INFO ./../tb/dut_scoreboard.sv(58) @ 590806000: uvm_test_top.env.dut_sb [SCOREBOARD] 
# ===== Captured data from UART: 0x12
# UVM_INFO ./../testcases/uart_txd_x16_random.sv(35) @ 600024000: uvm_test_top [uart_txd_x16_random] -------------------------------------------------------------
# Name                Type                Size  Value          
# -------------------------------------------------------------
# cfg                 uart_configuration  -     @360           
#   parity_mode       parity_mode_e       32    UART_PARITY_ODD
#   sampling          sampling_mode_e     32    MODE_X16       
#   data_width        integral            32    'h5            
#   num_of_stop_bit   integral            32    'h1            
#   baud_rate         integral            32    'h9600         
#   baud_rate_enable  integral            1     'h1            
#   parity_enable     integral            1     'h0            
# -------------------------------------------------------------
# 
# UVM_INFO ./../regmodel/uart_reg2ahb_adapter.sv(42) @ 600024000: reporter [uart_reg2ahb_adapter] bus2reg: address = 0x0 data = 0x0 kind = UVM_WRITE status = UVM_IS_OK
# UVM_INFO /ictc/other/tools/QuestaDVA/questasim/verilog_src/uvm-1.2/src/reg/uvm_reg_predictor.svh(221) @ 600024000: uvm_test_top.env.ahb_predictor [REG_PREDICT] Observed WRITE transaction to register regmodel.MDR: value='h0 : updated value = 'h0
# UVM_INFO ./../regmodel/uart_reg2ahb_adapter.sv(42) @ 600024000: reporter [uart_reg2ahb_adapter] bus2reg: address = 0x4 data = 0xa4 kind = UVM_WRITE status = UVM_IS_OK
# UVM_INFO /ictc/other/tools/QuestaDVA/questasim/verilog_src/uvm-1.2/src/reg/uvm_reg_predictor.svh(221) @ 600024000: uvm_test_top.env.ahb_predictor [REG_PREDICT] Observed WRITE transaction to register regmodel.DLL: value='ha4 : updated value = 'ha4
# UVM_INFO ./../regmodel/uart_reg2ahb_adapter.sv(42) @ 600024000: reporter [uart_reg2ahb_adapter] bus2reg: address = 0x8 data = 0x0 kind = UVM_WRITE status = UVM_IS_OK
# UVM_INFO /ictc/other/tools/QuestaDVA/questasim/verilog_src/uvm-1.2/src/reg/uvm_reg_predictor.svh(221) @ 600024000: uvm_test_top.env.ahb_predictor [REG_PREDICT] Observed WRITE transaction to register regmodel.DLH: value='h0 : updated value = 'h0
# UVM_INFO ./../regmodel/uart_reg2ahb_adapter.sv(42) @ 600024000: reporter [uart_reg2ahb_adapter] bus2reg: address = 0xc data = 0x28 kind = UVM_WRITE status = UVM_IS_OK
# UVM_INFO /ictc/other/tools/QuestaDVA/questasim/verilog_src/uvm-1.2/src/reg/uvm_reg_predictor.svh(221) @ 600024000: uvm_test_top.env.ahb_predictor [REG_PREDICT] Observed WRITE transaction to register regmodel.LCR: value='h28 : updated value = 'h28
# UVM_INFO ./../regmodel/uart_reg2ahb_adapter.sv(42) @ 600025000: reporter [uart_reg2ahb_adapter] bus2reg: address = 0x18 data = 0xdea54dbe kind = UVM_WRITE status = UVM_IS_OK
# UVM_INFO /ictc/other/tools/QuestaDVA/questasim/verilog_src/uvm-1.2/src/reg/uvm_reg_predictor.svh(221) @ 600025000: uvm_test_top.env.ahb_predictor [REG_PREDICT] Observed WRITE transaction to register regmodel.TBR: value='hdea54dbe : updated value = 'hbe
# UVM_INFO ./../tb/dut_scoreboard.sv(50) @ 600025000: uvm_test_top.env.dut_sb [SCOREBOARD] 
# ===== Captured data from AHB: 0xdea54dbe
# UVM_INFO ./../tb/dut_scoreboard.sv(71) @ 600025000: uvm_test_top.env.dut_sb [dut_scoreboard] 
# 
# =====[UART TXD] Data comparison =====
# 
# UVM_INFO ./../tb/dut_scoreboard.sv(79) @ 600025000: uvm_test_top.env.dut_sb [dut_scoreboard] 
# =====[DATA FRAME: 5] PASSED SUCCESSFULLY!!! =====
# UVM_INFO ./../tb/dut_scoreboard.sv(82) @ 600025000: uvm_test_top.env.dut_sb [dut_scoreboard] 
# 
# =====[UART TXD] Parity comparison =====
# 
# UVM_INFO ./../tb/dut_scoreboard.sv(88) @ 600025000: uvm_test_top.env.dut_sb [dut_scoreboard] 
# =====[PARITY MODE: 1] PASSED SUCCESSFULLY!!! =====
# UVM_INFO ./../vip/uart_vip/uart_monitor.sv(95) @ 600132000: uvm_test_top.env.uart_agt.monitor [uart_monitor] 
# ===== Baud rate actual is      19048, Baud rate expected is      38400 =====
# UVM_INFO ./../vip/uart_vip/uart_monitor.sv(181) @ 600417000: uvm_test_top.env.uart_agt.monitor [uart_monitor] Data read from DUT is ------------------------------------------
# Name         Type              Size  Value
# ------------------------------------------
# trans        uart_transaction  -     @9089
#   direction  direction_e       32    RX   
#   data       integral          9     'h1e 
#   parity     integral          1     'h0  
#   stop_bit   integral          2     'h1  
#   baud_rate  integral          32    'h0  
# ------------------------------------------
# 
# UVM_INFO ./../tb/dut_scoreboard.sv(58) @ 600417000: uvm_test_top.env.dut_sb [SCOREBOARD] 
# ===== Captured data from UART: 0x1e
# UVM_INFO ./../testcases/uart_txd_x16_random.sv(35) @ 610025000: uvm_test_top [uart_txd_x16_random] -------------------------------------------------------------
# Name                Type                Size  Value          
# -------------------------------------------------------------
# cfg                 uart_configuration  -     @360           
#   parity_mode       parity_mode_e       32    UART_PARITY_ODD
#   sampling          sampling_mode_e     32    MODE_X16       
#   data_width        integral            32    'h5            
#   num_of_stop_bit   integral            32    'h1            
#   baud_rate         integral            32    'h12c00        
#   baud_rate_enable  integral            1     'h1            
#   parity_enable     integral            1     'h0            
# -------------------------------------------------------------
# 
# UVM_INFO ./../regmodel/uart_reg2ahb_adapter.sv(42) @ 610025000: reporter [uart_reg2ahb_adapter] bus2reg: address = 0x0 data = 0x0 kind = UVM_WRITE status = UVM_IS_OK
# UVM_INFO /ictc/other/tools/QuestaDVA/questasim/verilog_src/uvm-1.2/src/reg/uvm_reg_predictor.svh(221) @ 610025000: uvm_test_top.env.ahb_predictor [REG_PREDICT] Observed WRITE transaction to register regmodel.MDR: value='h0 : updated value = 'h0
# UVM_INFO ./../regmodel/uart_reg2ahb_adapter.sv(42) @ 610025000: reporter [uart_reg2ahb_adapter] bus2reg: address = 0x4 data = 0x51 kind = UVM_WRITE status = UVM_IS_OK
# UVM_INFO /ictc/other/tools/QuestaDVA/questasim/verilog_src/uvm-1.2/src/reg/uvm_reg_predictor.svh(221) @ 610025000: uvm_test_top.env.ahb_predictor [REG_PREDICT] Observed WRITE transaction to register regmodel.DLL: value='h51 : updated value = 'h51
# UVM_INFO ./../regmodel/uart_reg2ahb_adapter.sv(42) @ 610025000: reporter [uart_reg2ahb_adapter] bus2reg: address = 0x8 data = 0x0 kind = UVM_WRITE status = UVM_IS_OK
# UVM_INFO /ictc/other/tools/QuestaDVA/questasim/verilog_src/uvm-1.2/src/reg/uvm_reg_predictor.svh(221) @ 610025000: uvm_test_top.env.ahb_predictor [REG_PREDICT] Observed WRITE transaction to register regmodel.DLH: value='h0 : updated value = 'h0
# UVM_INFO ./../regmodel/uart_reg2ahb_adapter.sv(42) @ 610025000: reporter [uart_reg2ahb_adapter] bus2reg: address = 0xc data = 0x28 kind = UVM_WRITE status = UVM_IS_OK
# UVM_INFO /ictc/other/tools/QuestaDVA/questasim/verilog_src/uvm-1.2/src/reg/uvm_reg_predictor.svh(221) @ 610025000: uvm_test_top.env.ahb_predictor [REG_PREDICT] Observed WRITE transaction to register regmodel.LCR: value='h28 : updated value = 'h28
# UVM_INFO ./../regmodel/uart_reg2ahb_adapter.sv(42) @ 610025000: reporter [uart_reg2ahb_adapter] bus2reg: address = 0x18 data = 0xef99509e kind = UVM_WRITE status = UVM_IS_OK
# UVM_INFO /ictc/other/tools/QuestaDVA/questasim/verilog_src/uvm-1.2/src/reg/uvm_reg_predictor.svh(221) @ 610025000: uvm_test_top.env.ahb_predictor [REG_PREDICT] Observed WRITE transaction to register regmodel.TBR: value='hef99509e : updated value = 'h9e
# UVM_INFO ./../tb/dut_scoreboard.sv(50) @ 610025000: uvm_test_top.env.dut_sb [SCOREBOARD] 
# ===== Captured data from AHB: 0xef99509e
# UVM_INFO ./../tb/dut_scoreboard.sv(71) @ 610025000: uvm_test_top.env.dut_sb [dut_scoreboard] 
# 
# =====[UART TXD] Data comparison =====
# 
# UVM_ERROR ./../tb/dut_scoreboard.sv(76) @ 610025000: uvm_test_top.env.dut_sb [dut_scoreboard] 
# =====[DATA FRAME: 5] FAILED!!! Expected value is 0x1e, Actual data is 0x13 =====
# UVM_INFO ./../tb/dut_scoreboard.sv(82) @ 610025000: uvm_test_top.env.dut_sb [dut_scoreboard] 
# 
# =====[UART TXD] Parity comparison =====
# 
# UVM_ERROR ./../tb/dut_scoreboard.sv(85) @ 610025000: uvm_test_top.env.dut_sb [dut_scoreboard] 
# =====[PARITY MODE: 1] FAILED!!! Expected parity is 1, Actual parity is 0 =====
# UVM_INFO ./../vip/uart_vip/uart_monitor.sv(95) @ 610078000: uvm_test_top.env.uart_agt.monitor [uart_monitor] 
# ===== Baud rate actual is      38462, Baud rate expected is      76800 =====
# UVM_INFO ./../vip/uart_vip/uart_monitor.sv(181) @ 610221000: uvm_test_top.env.uart_agt.monitor [uart_monitor] Data read from DUT is ------------------------------------------
# Name         Type              Size  Value
# ------------------------------------------
# trans        uart_transaction  -     @9223
#   direction  direction_e       32    RX   
#   data       integral          9     'h1e 
#   parity     integral          1     'h1  
#   stop_bit   integral          2     'h1  
#   baud_rate  integral          32    'h0  
# ------------------------------------------
# 
# UVM_INFO ./../tb/dut_scoreboard.sv(58) @ 610221000: uvm_test_top.env.dut_sb [SCOREBOARD] 
# ===== Captured data from UART: 0x1e
# UVM_INFO ./../testcases/uart_txd_x16_random.sv(35) @ 620025000: uvm_test_top [uart_txd_x16_random] -------------------------------------------------------------
# Name                Type                Size  Value          
# -------------------------------------------------------------
# cfg                 uart_configuration  -     @360           
#   parity_mode       parity_mode_e       32    UART_PARITY_ODD
#   sampling          sampling_mode_e     32    MODE_X16       
#   data_width        integral            32    'h5            
#   num_of_stop_bit   integral            32    'h1            
#   baud_rate         integral            32    'h1c200        
#   baud_rate_enable  integral            1     'h1            
#   parity_enable     integral            1     'h0            
# -------------------------------------------------------------
# 
# UVM_INFO ./../regmodel/uart_reg2ahb_adapter.sv(42) @ 620025000: reporter [uart_reg2ahb_adapter] bus2reg: address = 0x0 data = 0x0 kind = UVM_WRITE status = UVM_IS_OK
# UVM_INFO /ictc/other/tools/QuestaDVA/questasim/verilog_src/uvm-1.2/src/reg/uvm_reg_predictor.svh(221) @ 620025000: uvm_test_top.env.ahb_predictor [REG_PREDICT] Observed WRITE transaction to register regmodel.MDR: value='h0 : updated value = 'h0
# UVM_INFO ./../regmodel/uart_reg2ahb_adapter.sv(42) @ 620025000: reporter [uart_reg2ahb_adapter] bus2reg: address = 0x4 data = 0x36 kind = UVM_WRITE status = UVM_IS_OK
# UVM_INFO /ictc/other/tools/QuestaDVA/questasim/verilog_src/uvm-1.2/src/reg/uvm_reg_predictor.svh(221) @ 620025000: uvm_test_top.env.ahb_predictor [REG_PREDICT] Observed WRITE transaction to register regmodel.DLL: value='h36 : updated value = 'h36
# UVM_INFO ./../regmodel/uart_reg2ahb_adapter.sv(42) @ 620025000: reporter [uart_reg2ahb_adapter] bus2reg: address = 0x8 data = 0x0 kind = UVM_WRITE status = UVM_IS_OK
# UVM_INFO /ictc/other/tools/QuestaDVA/questasim/verilog_src/uvm-1.2/src/reg/uvm_reg_predictor.svh(221) @ 620025000: uvm_test_top.env.ahb_predictor [REG_PREDICT] Observed WRITE transaction to register regmodel.DLH: value='h0 : updated value = 'h0
# UVM_INFO ./../regmodel/uart_reg2ahb_adapter.sv(42) @ 620025000: reporter [uart_reg2ahb_adapter] bus2reg: address = 0xc data = 0x28 kind = UVM_WRITE status = UVM_IS_OK
# UVM_INFO /ictc/other/tools/QuestaDVA/questasim/verilog_src/uvm-1.2/src/reg/uvm_reg_predictor.svh(221) @ 620025000: uvm_test_top.env.ahb_predictor [REG_PREDICT] Observed WRITE transaction to register regmodel.LCR: value='h28 : updated value = 'h28
# UVM_INFO ./../regmodel/uart_reg2ahb_adapter.sv(42) @ 620025000: reporter [uart_reg2ahb_adapter] bus2reg: address = 0x18 data = 0x121c20a7 kind = UVM_WRITE status = UVM_IS_OK
# UVM_INFO /ictc/other/tools/QuestaDVA/questasim/verilog_src/uvm-1.2/src/reg/uvm_reg_predictor.svh(221) @ 620025000: uvm_test_top.env.ahb_predictor [REG_PREDICT] Observed WRITE transaction to register regmodel.TBR: value='h121c20a7 : updated value = 'ha7
# UVM_INFO ./../tb/dut_scoreboard.sv(50) @ 620025000: uvm_test_top.env.dut_sb [SCOREBOARD] 
# ===== Captured data from AHB: 0x121c20a7
# UVM_INFO ./../tb/dut_scoreboard.sv(71) @ 620025000: uvm_test_top.env.dut_sb [dut_scoreboard] 
# 
# =====[UART TXD] Data comparison =====
# 
# UVM_ERROR ./../tb/dut_scoreboard.sv(76) @ 620025000: uvm_test_top.env.dut_sb [dut_scoreboard] 
# =====[DATA FRAME: 5] FAILED!!! Expected value is 0x7, Actual data is 0x18 =====
# UVM_INFO ./../tb/dut_scoreboard.sv(82) @ 620025000: uvm_test_top.env.dut_sb [dut_scoreboard] 
# 
# =====[UART TXD] Parity comparison =====
# 
# UVM_INFO ./../tb/dut_scoreboard.sv(88) @ 620025000: uvm_test_top.env.dut_sb [dut_scoreboard] 
# =====[PARITY MODE: 1] PASSED SUCCESSFULLY!!! =====
# UVM_INFO ./../vip/uart_vip/uart_monitor.sv(95) @ 620043000: uvm_test_top.env.uart_agt.monitor [uart_monitor] 
# ===== Baud rate actual is     111111, Baud rate expected is     115200 =====
# UVM_INFO ./../vip/uart_vip/uart_monitor.sv(181) @ 620153000: uvm_test_top.env.uart_agt.monitor [uart_monitor] Data read from DUT is ------------------------------------------
# Name         Type              Size  Value
# ------------------------------------------
# trans        uart_transaction  -     @9357
#   direction  direction_e       32    RX   
#   data       integral          9     'h7  
#   parity     integral          1     'h1  
#   stop_bit   integral          2     'h1  
#   baud_rate  integral          32    'h0  
# ------------------------------------------
# 
# UVM_INFO ./../tb/dut_scoreboard.sv(58) @ 620153000: uvm_test_top.env.dut_sb [SCOREBOARD] 
# ===== Captured data from UART: 0x7
# UVM_INFO ./../testcases/uart_txd_x16_random.sv(35) @ 630025000: uvm_test_top [uart_txd_x16_random] -------------------------------------------------------------
# Name                Type                Size  Value          
# -------------------------------------------------------------
# cfg                 uart_configuration  -     @360           
#   parity_mode       parity_mode_e       32    UART_PARITY_ODD
#   sampling          sampling_mode_e     32    MODE_X16       
#   data_width        integral            32    'h5            
#   num_of_stop_bit   integral            32    'h2            
#   baud_rate         integral            32    'h960          
#   baud_rate_enable  integral            1     'h1            
#   parity_enable     integral            1     'h0            
# -------------------------------------------------------------
# 
# UVM_INFO ./../regmodel/uart_reg2ahb_adapter.sv(42) @ 630025000: reporter [uart_reg2ahb_adapter] bus2reg: address = 0x0 data = 0x0 kind = UVM_WRITE status = UVM_IS_OK
# UVM_INFO /ictc/other/tools/QuestaDVA/questasim/verilog_src/uvm-1.2/src/reg/uvm_reg_predictor.svh(221) @ 630025000: uvm_test_top.env.ahb_predictor [REG_PREDICT] Observed WRITE transaction to register regmodel.MDR: value='h0 : updated value = 'h0
# UVM_INFO ./../regmodel/uart_reg2ahb_adapter.sv(42) @ 630025000: reporter [uart_reg2ahb_adapter] bus2reg: address = 0x4 data = 0x2c kind = UVM_WRITE status = UVM_IS_OK
# UVM_INFO /ictc/other/tools/QuestaDVA/questasim/verilog_src/uvm-1.2/src/reg/uvm_reg_predictor.svh(221) @ 630025000: uvm_test_top.env.ahb_predictor [REG_PREDICT] Observed WRITE transaction to register regmodel.DLL: value='h2c : updated value = 'h2c
# UVM_INFO ./../regmodel/uart_reg2ahb_adapter.sv(42) @ 630026000: reporter [uart_reg2ahb_adapter] bus2reg: address = 0x8 data = 0xa kind = UVM_WRITE status = UVM_IS_OK
# UVM_INFO /ictc/other/tools/QuestaDVA/questasim/verilog_src/uvm-1.2/src/reg/uvm_reg_predictor.svh(221) @ 630026000: uvm_test_top.env.ahb_predictor [REG_PREDICT] Observed WRITE transaction to register regmodel.DLH: value='ha : updated value = 'ha
# UVM_INFO ./../regmodel/uart_reg2ahb_adapter.sv(42) @ 630026000: reporter [uart_reg2ahb_adapter] bus2reg: address = 0xc data = 0x2c kind = UVM_WRITE status = UVM_IS_OK
# UVM_INFO /ictc/other/tools/QuestaDVA/questasim/verilog_src/uvm-1.2/src/reg/uvm_reg_predictor.svh(221) @ 630026000: uvm_test_top.env.ahb_predictor [REG_PREDICT] Observed WRITE transaction to register regmodel.LCR: value='h2c : updated value = 'h2c
# UVM_INFO ./../regmodel/uart_reg2ahb_adapter.sv(42) @ 630026000: reporter [uart_reg2ahb_adapter] bus2reg: address = 0x18 data = 0x4ccd4299 kind = UVM_WRITE status = UVM_IS_OK
# UVM_INFO /ictc/other/tools/QuestaDVA/questasim/verilog_src/uvm-1.2/src/reg/uvm_reg_predictor.svh(221) @ 630026000: uvm_test_top.env.ahb_predictor [REG_PREDICT] Observed WRITE transaction to register regmodel.TBR: value='h4ccd4299 : updated value = 'h99
# UVM_INFO ./../tb/dut_scoreboard.sv(50) @ 630026000: uvm_test_top.env.dut_sb [SCOREBOARD] 
# ===== Captured data from AHB: 0x4ccd4299
# UVM_INFO ./../tb/dut_scoreboard.sv(71) @ 630026000: uvm_test_top.env.dut_sb [dut_scoreboard] 
# 
# =====[UART TXD] Data comparison =====
# 
# UVM_ERROR ./../tb/dut_scoreboard.sv(76) @ 630026000: uvm_test_top.env.dut_sb [dut_scoreboard] 
# =====[DATA FRAME: 5] FAILED!!! Expected value is 0x19, Actual data is 0x12 =====
# UVM_INFO ./../tb/dut_scoreboard.sv(82) @ 630026000: uvm_test_top.env.dut_sb [dut_scoreboard] 
# 
# =====[UART TXD] Parity comparison =====
# 
# UVM_INFO ./../tb/dut_scoreboard.sv(88) @ 630026000: uvm_test_top.env.dut_sb [dut_scoreboard] 
# =====[PARITY MODE: 1] PASSED SUCCESSFULLY!!! =====
# UVM_INFO ./../vip/uart_vip/uart_monitor.sv(95) @ 630911000: uvm_test_top.env.uart_agt.monitor [uart_monitor] 
# ===== Baud rate actual is       2398, Baud rate expected is       2400 =====
# UVM_INFO ./../vip/uart_vip/uart_monitor.sv(181) @ 637158000: uvm_test_top.env.uart_agt.monitor [uart_monitor] Data read from DUT is ------------------------------------------
# Name         Type              Size  Value
# ------------------------------------------
# trans        uart_transaction  -     @9491
#   direction  direction_e       32    RX   
#   data       integral          9     'h19 
#   parity     integral          1     'h0  
#   stop_bit   integral          2     'h1  
#   baud_rate  integral          32    'h0  
# ------------------------------------------
# 
# UVM_INFO ./../tb/dut_scoreboard.sv(58) @ 637158000: uvm_test_top.env.dut_sb [SCOREBOARD] 
# ===== Captured data from UART: 0x19
# UVM_INFO ./../testcases/uart_txd_x16_random.sv(35) @ 640026000: uvm_test_top [uart_txd_x16_random] -------------------------------------------------------------
# Name                Type                Size  Value          
# -------------------------------------------------------------
# cfg                 uart_configuration  -     @360           
#   parity_mode       parity_mode_e       32    UART_PARITY_ODD
#   sampling          sampling_mode_e     32    MODE_X16       
#   data_width        integral            32    'h5            
#   num_of_stop_bit   integral            32    'h2            
#   baud_rate         integral            32    'h12c0         
#   baud_rate_enable  integral            1     'h1            
#   parity_enable     integral            1     'h0            
# -------------------------------------------------------------
# 
# UVM_INFO ./../regmodel/uart_reg2ahb_adapter.sv(42) @ 640026000: reporter [uart_reg2ahb_adapter] bus2reg: address = 0x0 data = 0x0 kind = UVM_WRITE status = UVM_IS_OK
# UVM_INFO /ictc/other/tools/QuestaDVA/questasim/verilog_src/uvm-1.2/src/reg/uvm_reg_predictor.svh(221) @ 640026000: uvm_test_top.env.ahb_predictor [REG_PREDICT] Observed WRITE transaction to register regmodel.MDR: value='h0 : updated value = 'h0
# UVM_INFO ./../regmodel/uart_reg2ahb_adapter.sv(42) @ 640026000: reporter [uart_reg2ahb_adapter] bus2reg: address = 0x4 data = 0x16 kind = UVM_WRITE status = UVM_IS_OK
# UVM_INFO /ictc/other/tools/QuestaDVA/questasim/verilog_src/uvm-1.2/src/reg/uvm_reg_predictor.svh(221) @ 640026000: uvm_test_top.env.ahb_predictor [REG_PREDICT] Observed WRITE transaction to register regmodel.DLL: value='h16 : updated value = 'h16
# UVM_INFO ./../regmodel/uart_reg2ahb_adapter.sv(42) @ 640026000: reporter [uart_reg2ahb_adapter] bus2reg: address = 0x8 data = 0x5 kind = UVM_WRITE status = UVM_IS_OK
# UVM_INFO /ictc/other/tools/QuestaDVA/questasim/verilog_src/uvm-1.2/src/reg/uvm_reg_predictor.svh(221) @ 640026000: uvm_test_top.env.ahb_predictor [REG_PREDICT] Observed WRITE transaction to register regmodel.DLH: value='h5 : updated value = 'h5
# UVM_INFO ./../regmodel/uart_reg2ahb_adapter.sv(42) @ 640026000: reporter [uart_reg2ahb_adapter] bus2reg: address = 0xc data = 0x2c kind = UVM_WRITE status = UVM_IS_OK
# UVM_INFO /ictc/other/tools/QuestaDVA/questasim/verilog_src/uvm-1.2/src/reg/uvm_reg_predictor.svh(221) @ 640026000: uvm_test_top.env.ahb_predictor [REG_PREDICT] Observed WRITE transaction to register regmodel.LCR: value='h2c : updated value = 'h2c
# UVM_INFO ./../regmodel/uart_reg2ahb_adapter.sv(42) @ 640026000: reporter [uart_reg2ahb_adapter] bus2reg: address = 0x18 data = 0x1033bcbf kind = UVM_WRITE status = UVM_IS_OK
# UVM_INFO /ictc/other/tools/QuestaDVA/questasim/verilog_src/uvm-1.2/src/reg/uvm_reg_predictor.svh(221) @ 640026000: uvm_test_top.env.ahb_predictor [REG_PREDICT] Observed WRITE transaction to register regmodel.TBR: value='h1033bcbf : updated value = 'hbf
# UVM_INFO ./../tb/dut_scoreboard.sv(50) @ 640026000: uvm_test_top.env.dut_sb [SCOREBOARD] 
# ===== Captured data from AHB: 0x1033bcbf
# UVM_INFO ./../tb/dut_scoreboard.sv(71) @ 640026000: uvm_test_top.env.dut_sb [dut_scoreboard] 
# 
# =====[UART TXD] Data comparison =====
# 
# UVM_ERROR ./../tb/dut_scoreboard.sv(76) @ 640026000: uvm_test_top.env.dut_sb [dut_scoreboard] 
# =====[DATA FRAME: 5] FAILED!!! Expected value is 0x1f, Actual data is 0x1e =====
# UVM_INFO ./../tb/dut_scoreboard.sv(82) @ 640026000: uvm_test_top.env.dut_sb [dut_scoreboard] 
# 
# =====[UART TXD] Parity comparison =====
# 
# UVM_INFO ./../tb/dut_scoreboard.sv(88) @ 640026000: uvm_test_top.env.dut_sb [dut_scoreboard] 
# =====[PARITY MODE: 1] PASSED SUCCESSFULLY!!! =====
# UVM_INFO ./../vip/uart_vip/uart_monitor.sv(95) @ 640467000: uvm_test_top.env.uart_agt.monitor [uart_monitor] 
# ===== Baud rate actual is       4808, Baud rate expected is       4800 =====
# UVM_INFO ./../vip/uart_vip/uart_monitor.sv(181) @ 643595000: uvm_test_top.env.uart_agt.monitor [uart_monitor] Data read from DUT is ------------------------------------------
# Name         Type              Size  Value
# ------------------------------------------
# trans        uart_transaction  -     @9625
#   direction  direction_e       32    RX   
#   data       integral          9     'h1f 
#   parity     integral          1     'h1  
#   stop_bit   integral          2     'h1  
#   baud_rate  integral          32    'h0  
# ------------------------------------------
# 
# UVM_INFO ./../tb/dut_scoreboard.sv(58) @ 643595000: uvm_test_top.env.dut_sb [SCOREBOARD] 
# ===== Captured data from UART: 0x1f
# UVM_INFO ./../testcases/uart_txd_x16_random.sv(35) @ 650026000: uvm_test_top [uart_txd_x16_random] -------------------------------------------------------------
# Name                Type                Size  Value          
# -------------------------------------------------------------
# cfg                 uart_configuration  -     @360           
#   parity_mode       parity_mode_e       32    UART_PARITY_ODD
#   sampling          sampling_mode_e     32    MODE_X16       
#   data_width        integral            32    'h5            
#   num_of_stop_bit   integral            32    'h2            
#   baud_rate         integral            32    'h2580         
#   baud_rate_enable  integral            1     'h1            
#   parity_enable     integral            1     'h0            
# -------------------------------------------------------------
# 
# UVM_INFO ./../regmodel/uart_reg2ahb_adapter.sv(42) @ 650026000: reporter [uart_reg2ahb_adapter] bus2reg: address = 0x0 data = 0x0 kind = UVM_WRITE status = UVM_IS_OK
# UVM_INFO /ictc/other/tools/QuestaDVA/questasim/verilog_src/uvm-1.2/src/reg/uvm_reg_predictor.svh(221) @ 650026000: uvm_test_top.env.ahb_predictor [REG_PREDICT] Observed WRITE transaction to register regmodel.MDR: value='h0 : updated value = 'h0
# UVM_INFO ./../regmodel/uart_reg2ahb_adapter.sv(42) @ 650026000: reporter [uart_reg2ahb_adapter] bus2reg: address = 0x4 data = 0x16 kind = UVM_WRITE status = UVM_IS_OK
# UVM_INFO /ictc/other/tools/QuestaDVA/questasim/verilog_src/uvm-1.2/src/reg/uvm_reg_predictor.svh(221) @ 650026000: uvm_test_top.env.ahb_predictor [REG_PREDICT] Observed WRITE transaction to register regmodel.DLL: value='h16 : updated value = 'h16
# UVM_INFO ./../regmodel/uart_reg2ahb_adapter.sv(42) @ 650026000: reporter [uart_reg2ahb_adapter] bus2reg: address = 0x8 data = 0x5 kind = UVM_WRITE status = UVM_IS_OK
# UVM_INFO /ictc/other/tools/QuestaDVA/questasim/verilog_src/uvm-1.2/src/reg/uvm_reg_predictor.svh(221) @ 650026000: uvm_test_top.env.ahb_predictor [REG_PREDICT] Observed WRITE transaction to register regmodel.DLH: value='h5 : updated value = 'h5
# UVM_INFO ./../regmodel/uart_reg2ahb_adapter.sv(42) @ 650026000: reporter [uart_reg2ahb_adapter] bus2reg: address = 0xc data = 0x2c kind = UVM_WRITE status = UVM_IS_OK
# UVM_INFO /ictc/other/tools/QuestaDVA/questasim/verilog_src/uvm-1.2/src/reg/uvm_reg_predictor.svh(221) @ 650026000: uvm_test_top.env.ahb_predictor [REG_PREDICT] Observed WRITE transaction to register regmodel.LCR: value='h2c : updated value = 'h2c
# UVM_INFO ./../regmodel/uart_reg2ahb_adapter.sv(42) @ 650027000: reporter [uart_reg2ahb_adapter] bus2reg: address = 0x18 data = 0xf6f126e kind = UVM_WRITE status = UVM_IS_OK
# UVM_INFO /ictc/other/tools/QuestaDVA/questasim/verilog_src/uvm-1.2/src/reg/uvm_reg_predictor.svh(221) @ 650027000: uvm_test_top.env.ahb_predictor [REG_PREDICT] Observed WRITE transaction to register regmodel.TBR: value='hf6f126e : updated value = 'h6e
# UVM_INFO ./../tb/dut_scoreboard.sv(50) @ 650027000: uvm_test_top.env.dut_sb [SCOREBOARD] 
# ===== Captured data from AHB: 0xf6f126e
# UVM_INFO ./../tb/dut_scoreboard.sv(71) @ 650027000: uvm_test_top.env.dut_sb [dut_scoreboard] 
# 
# =====[UART TXD] Data comparison =====
# 
# UVM_ERROR ./../tb/dut_scoreboard.sv(76) @ 650027000: uvm_test_top.env.dut_sb [dut_scoreboard] 
# =====[DATA FRAME: 5] FAILED!!! Expected value is 0xe, Actual data is 0x1e =====
# UVM_INFO ./../tb/dut_scoreboard.sv(82) @ 650027000: uvm_test_top.env.dut_sb [dut_scoreboard] 
# 
# =====[UART TXD] Parity comparison =====
# 
# UVM_ERROR ./../tb/dut_scoreboard.sv(85) @ 650027000: uvm_test_top.env.dut_sb [dut_scoreboard] 
# =====[PARITY MODE: 1] FAILED!!! Expected parity is 0, Actual parity is 1 =====
# UVM_INFO ./../vip/uart_vip/uart_monitor.sv(95) @ 650883000: uvm_test_top.env.uart_agt.monitor [uart_monitor] 
# ===== Baud rate actual is       2401, Baud rate expected is       9600 =====
# UVM_INFO ./../vip/uart_vip/uart_monitor.sv(181) @ 651818000: uvm_test_top.env.uart_agt.monitor [uart_monitor] Data read from DUT is ------------------------------------------
# Name         Type              Size  Value
# ------------------------------------------
# trans        uart_transaction  -     @9759
#   direction  direction_e       32    RX   
#   data       integral          9     'h18 
#   parity     integral          1     'h1  
#   stop_bit   integral          2     'h1  
#   baud_rate  integral          32    'h0  
# ------------------------------------------
# 
# UVM_INFO ./../tb/dut_scoreboard.sv(58) @ 651818000: uvm_test_top.env.dut_sb [SCOREBOARD] 
# ===== Captured data from UART: 0x18
# UVM_INFO ./../vip/uart_vip/uart_monitor.sv(181) @ 653901000: uvm_test_top.env.uart_agt.monitor [uart_monitor] Data read from DUT is ------------------------------------------
# Name         Type              Size  Value
# ------------------------------------------
# trans        uart_transaction  -     @9893
#   direction  direction_e       32    RX   
#   data       integral          9     'h1e 
#   parity     integral          1     'h1  
#   stop_bit   integral          2     'h1  
#   baud_rate  integral          32    'h0  
# ------------------------------------------
# 
# UVM_INFO ./../tb/dut_scoreboard.sv(58) @ 653901000: uvm_test_top.env.dut_sb [SCOREBOARD] 
# ===== Captured data from UART: 0x1e
# UVM_INFO ./../testcases/uart_txd_x16_random.sv(35) @ 660027000: uvm_test_top [uart_txd_x16_random] -------------------------------------------------------------
# Name                Type                Size  Value          
# -------------------------------------------------------------
# cfg                 uart_configuration  -     @360           
#   parity_mode       parity_mode_e       32    UART_PARITY_ODD
#   sampling          sampling_mode_e     32    MODE_X16       
#   data_width        integral            32    'h5            
#   num_of_stop_bit   integral            32    'h2            
#   baud_rate         integral            32    'h4b00         
#   baud_rate_enable  integral            1     'h1            
#   parity_enable     integral            1     'h0            
# -------------------------------------------------------------
# 
# UVM_INFO ./../regmodel/uart_reg2ahb_adapter.sv(42) @ 660027000: reporter [uart_reg2ahb_adapter] bus2reg: address = 0x0 data = 0x0 kind = UVM_WRITE status = UVM_IS_OK
# UVM_INFO /ictc/other/tools/QuestaDVA/questasim/verilog_src/uvm-1.2/src/reg/uvm_reg_predictor.svh(221) @ 660027000: uvm_test_top.env.ahb_predictor [REG_PREDICT] Observed WRITE transaction to register regmodel.MDR: value='h0 : updated value = 'h0
# UVM_INFO ./../regmodel/uart_reg2ahb_adapter.sv(42) @ 660027000: reporter [uart_reg2ahb_adapter] bus2reg: address = 0x4 data = 0x45 kind = UVM_WRITE status = UVM_IS_OK
# UVM_INFO /ictc/other/tools/QuestaDVA/questasim/verilog_src/uvm-1.2/src/reg/uvm_reg_predictor.svh(221) @ 660027000: uvm_test_top.env.ahb_predictor [REG_PREDICT] Observed WRITE transaction to register regmodel.DLL: value='h45 : updated value = 'h45
# UVM_INFO ./../regmodel/uart_reg2ahb_adapter.sv(42) @ 660027000: reporter [uart_reg2ahb_adapter] bus2reg: address = 0x8 data = 0x1 kind = UVM_WRITE status = UVM_IS_OK
# UVM_INFO /ictc/other/tools/QuestaDVA/questasim/verilog_src/uvm-1.2/src/reg/uvm_reg_predictor.svh(221) @ 660027000: uvm_test_top.env.ahb_predictor [REG_PREDICT] Observed WRITE transaction to register regmodel.DLH: value='h1 : updated value = 'h1
# UVM_INFO ./../regmodel/uart_reg2ahb_adapter.sv(42) @ 660027000: reporter [uart_reg2ahb_adapter] bus2reg: address = 0xc data = 0x2c kind = UVM_WRITE status = UVM_IS_OK
# UVM_INFO /ictc/other/tools/QuestaDVA/questasim/verilog_src/uvm-1.2/src/reg/uvm_reg_predictor.svh(221) @ 660027000: uvm_test_top.env.ahb_predictor [REG_PREDICT] Observed WRITE transaction to register regmodel.LCR: value='h2c : updated value = 'h2c
# UVM_INFO ./../regmodel/uart_reg2ahb_adapter.sv(42) @ 660027000: reporter [uart_reg2ahb_adapter] bus2reg: address = 0x18 data = 0x4ffd8a5c kind = UVM_WRITE status = UVM_IS_OK
# UVM_INFO /ictc/other/tools/QuestaDVA/questasim/verilog_src/uvm-1.2/src/reg/uvm_reg_predictor.svh(221) @ 660027000: uvm_test_top.env.ahb_predictor [REG_PREDICT] Observed WRITE transaction to register regmodel.TBR: value='h4ffd8a5c : updated value = 'h5c
# UVM_INFO ./../tb/dut_scoreboard.sv(50) @ 660027000: uvm_test_top.env.dut_sb [SCOREBOARD] 
# ===== Captured data from AHB: 0x4ffd8a5c
# UVM_INFO ./../tb/dut_scoreboard.sv(71) @ 660027000: uvm_test_top.env.dut_sb [dut_scoreboard] 
# 
# =====[UART TXD] Data comparison =====
# 
# UVM_ERROR ./../tb/dut_scoreboard.sv(76) @ 660027000: uvm_test_top.env.dut_sb [dut_scoreboard] 
# =====[DATA FRAME: 5] FAILED!!! Expected value is 0x1c, Actual data is 0x7 =====
# UVM_INFO ./../tb/dut_scoreboard.sv(82) @ 660027000: uvm_test_top.env.dut_sb [dut_scoreboard] 
# 
# =====[UART TXD] Parity comparison =====
# 
# UVM_ERROR ./../tb/dut_scoreboard.sv(85) @ 660027000: uvm_test_top.env.dut_sb [dut_scoreboard] 
# =====[PARITY MODE: 1] FAILED!!! Expected parity is 0, Actual parity is 1 =====
# UVM_INFO ./../vip/uart_vip/uart_monitor.sv(95) @ 660342000: uvm_test_top.env.uart_agt.monitor [uart_monitor] 
# ===== Baud rate actual is       6410, Baud rate expected is      19200 =====
# UVM_INFO ./../vip/uart_vip/uart_monitor.sv(181) @ 660914000: uvm_test_top.env.uart_agt.monitor [uart_monitor] Data read from DUT is ------------------------------------------
# Name         Type              Size  Value
# ------------------------------------------
# trans        uart_transaction  -     @9901
#   direction  direction_e       32    RX   
#   data       integral          9     'h1c 
#   parity     integral          1     'h0  
#   stop_bit   integral          2     'h1  
#   baud_rate  integral          32    'h0  
# ------------------------------------------
# 
# UVM_INFO ./../tb/dut_scoreboard.sv(58) @ 660914000: uvm_test_top.env.dut_sb [SCOREBOARD] 
# ===== Captured data from UART: 0x1c
# UVM_INFO ./../testcases/uart_txd_x16_random.sv(35) @ 670027000: uvm_test_top [uart_txd_x16_random] -------------------------------------------------------------
# Name                Type                Size  Value          
# -------------------------------------------------------------
# cfg                 uart_configuration  -     @360           
#   parity_mode       parity_mode_e       32    UART_PARITY_ODD
#   sampling          sampling_mode_e     32    MODE_X16       
#   data_width        integral            32    'h5            
#   num_of_stop_bit   integral            32    'h2            
#   baud_rate         integral            32    'h9600         
#   baud_rate_enable  integral            1     'h1            
#   parity_enable     integral            1     'h0            
# -------------------------------------------------------------
# 
# UVM_INFO ./../regmodel/uart_reg2ahb_adapter.sv(42) @ 670027000: reporter [uart_reg2ahb_adapter] bus2reg: address = 0x0 data = 0x0 kind = UVM_WRITE status = UVM_IS_OK
# UVM_INFO /ictc/other/tools/QuestaDVA/questasim/verilog_src/uvm-1.2/src/reg/uvm_reg_predictor.svh(221) @ 670027000: uvm_test_top.env.ahb_predictor [REG_PREDICT] Observed WRITE transaction to register regmodel.MDR: value='h0 : updated value = 'h0
# UVM_INFO ./../regmodel/uart_reg2ahb_adapter.sv(42) @ 670027000: reporter [uart_reg2ahb_adapter] bus2reg: address = 0x4 data = 0xa4 kind = UVM_WRITE status = UVM_IS_OK
# UVM_INFO /ictc/other/tools/QuestaDVA/questasim/verilog_src/uvm-1.2/src/reg/uvm_reg_predictor.svh(221) @ 670027000: uvm_test_top.env.ahb_predictor [REG_PREDICT] Observed WRITE transaction to register regmodel.DLL: value='ha4 : updated value = 'ha4
# UVM_INFO ./../regmodel/uart_reg2ahb_adapter.sv(42) @ 670027000: reporter [uart_reg2ahb_adapter] bus2reg: address = 0x8 data = 0x0 kind = UVM_WRITE status = UVM_IS_OK
# UVM_INFO /ictc/other/tools/QuestaDVA/questasim/verilog_src/uvm-1.2/src/reg/uvm_reg_predictor.svh(221) @ 670027000: uvm_test_top.env.ahb_predictor [REG_PREDICT] Observed WRITE transaction to register regmodel.DLH: value='h0 : updated value = 'h0
# UVM_INFO ./../regmodel/uart_reg2ahb_adapter.sv(42) @ 670027000: reporter [uart_reg2ahb_adapter] bus2reg: address = 0xc data = 0x2c kind = UVM_WRITE status = UVM_IS_OK
# UVM_INFO /ictc/other/tools/QuestaDVA/questasim/verilog_src/uvm-1.2/src/reg/uvm_reg_predictor.svh(221) @ 670027000: uvm_test_top.env.ahb_predictor [REG_PREDICT] Observed WRITE transaction to register regmodel.LCR: value='h2c : updated value = 'h2c
# UVM_INFO ./../regmodel/uart_reg2ahb_adapter.sv(42) @ 670027000: reporter [uart_reg2ahb_adapter] bus2reg: address = 0x18 data = 0x1f4f2511 kind = UVM_WRITE status = UVM_IS_OK
# UVM_INFO /ictc/other/tools/QuestaDVA/questasim/verilog_src/uvm-1.2/src/reg/uvm_reg_predictor.svh(221) @ 670027000: uvm_test_top.env.ahb_predictor [REG_PREDICT] Observed WRITE transaction to register regmodel.TBR: value='h1f4f2511 : updated value = 'h11
# UVM_INFO ./../tb/dut_scoreboard.sv(50) @ 670027000: uvm_test_top.env.dut_sb [SCOREBOARD] 
# ===== Captured data from AHB: 0x1f4f2511
# UVM_INFO ./../tb/dut_scoreboard.sv(71) @ 670027000: uvm_test_top.env.dut_sb [dut_scoreboard] 
# 
# =====[UART TXD] Data comparison =====
# 
# UVM_ERROR ./../tb/dut_scoreboard.sv(76) @ 670027000: uvm_test_top.env.dut_sb [dut_scoreboard] 
# =====[DATA FRAME: 5] FAILED!!! Expected value is 0x11, Actual data is 0x19 =====
# UVM_INFO ./../tb/dut_scoreboard.sv(82) @ 670027000: uvm_test_top.env.dut_sb [dut_scoreboard] 
# 
# =====[UART TXD] Parity comparison =====
# 
# UVM_ERROR ./../tb/dut_scoreboard.sv(85) @ 670027000: uvm_test_top.env.dut_sb [dut_scoreboard] 
# =====[PARITY MODE: 1] FAILED!!! Expected parity is 1, Actual parity is 0 =====
# UVM_INFO ./../vip/uart_vip/uart_monitor.sv(95) @ 670083000: uvm_test_top.env.uart_agt.monitor [uart_monitor] 
# ===== Baud rate actual is      37736, Baud rate expected is      38400 =====
# UVM_INFO ./../vip/uart_vip/uart_monitor.sv(181) @ 670472000: uvm_test_top.env.uart_agt.monitor [uart_monitor] Data read from DUT is -------------------------------------------
# Name         Type              Size  Value 
# -------------------------------------------
# trans        uart_transaction  -     @10035
#   direction  direction_e       32    RX    
#   data       integral          9     'h11  
#   parity     integral          1     'h0   
#   stop_bit   integral          2     'h1   
#   baud_rate  integral          32    'h0   
# -------------------------------------------
# 
# UVM_INFO ./../tb/dut_scoreboard.sv(58) @ 670472000: uvm_test_top.env.dut_sb [SCOREBOARD] 
# ===== Captured data from UART: 0x11
# UVM_INFO ./../testcases/uart_txd_x16_random.sv(35) @ 680027000: uvm_test_top [uart_txd_x16_random] -------------------------------------------------------------
# Name                Type                Size  Value          
# -------------------------------------------------------------
# cfg                 uart_configuration  -     @360           
#   parity_mode       parity_mode_e       32    UART_PARITY_ODD
#   sampling          sampling_mode_e     32    MODE_X16       
#   data_width        integral            32    'h5            
#   num_of_stop_bit   integral            32    'h2            
#   baud_rate         integral            32    'h12c00        
#   baud_rate_enable  integral            1     'h1            
#   parity_enable     integral            1     'h0            
# -------------------------------------------------------------
# 
# UVM_INFO ./../regmodel/uart_reg2ahb_adapter.sv(42) @ 680027000: reporter [uart_reg2ahb_adapter] bus2reg: address = 0x0 data = 0x0 kind = UVM_WRITE status = UVM_IS_OK
# UVM_INFO /ictc/other/tools/QuestaDVA/questasim/verilog_src/uvm-1.2/src/reg/uvm_reg_predictor.svh(221) @ 680027000: uvm_test_top.env.ahb_predictor [REG_PREDICT] Observed WRITE transaction to register regmodel.MDR: value='h0 : updated value = 'h0
# UVM_INFO ./../regmodel/uart_reg2ahb_adapter.sv(42) @ 680027000: reporter [uart_reg2ahb_adapter] bus2reg: address = 0x4 data = 0x51 kind = UVM_WRITE status = UVM_IS_OK
# UVM_INFO /ictc/other/tools/QuestaDVA/questasim/verilog_src/uvm-1.2/src/reg/uvm_reg_predictor.svh(221) @ 680027000: uvm_test_top.env.ahb_predictor [REG_PREDICT] Observed WRITE transaction to register regmodel.DLL: value='h51 : updated value = 'h51
# UVM_INFO ./../regmodel/uart_reg2ahb_adapter.sv(42) @ 680028000: reporter [uart_reg2ahb_adapter] bus2reg: address = 0x8 data = 0x0 kind = UVM_WRITE status = UVM_IS_OK
# UVM_INFO /ictc/other/tools/QuestaDVA/questasim/verilog_src/uvm-1.2/src/reg/uvm_reg_predictor.svh(221) @ 680028000: uvm_test_top.env.ahb_predictor [REG_PREDICT] Observed WRITE transaction to register regmodel.DLH: value='h0 : updated value = 'h0
# UVM_INFO ./../regmodel/uart_reg2ahb_adapter.sv(42) @ 680028000: reporter [uart_reg2ahb_adapter] bus2reg: address = 0xc data = 0x2c kind = UVM_WRITE status = UVM_IS_OK
# UVM_INFO /ictc/other/tools/QuestaDVA/questasim/verilog_src/uvm-1.2/src/reg/uvm_reg_predictor.svh(221) @ 680028000: uvm_test_top.env.ahb_predictor [REG_PREDICT] Observed WRITE transaction to register regmodel.LCR: value='h2c : updated value = 'h2c
# UVM_INFO ./../regmodel/uart_reg2ahb_adapter.sv(42) @ 680028000: reporter [uart_reg2ahb_adapter] bus2reg: address = 0x18 data = 0x6ab34d98 kind = UVM_WRITE status = UVM_IS_OK
# UVM_INFO /ictc/other/tools/QuestaDVA/questasim/verilog_src/uvm-1.2/src/reg/uvm_reg_predictor.svh(221) @ 680028000: uvm_test_top.env.ahb_predictor [REG_PREDICT] Observed WRITE transaction to register regmodel.TBR: value='h6ab34d98 : updated value = 'h98
# UVM_INFO ./../tb/dut_scoreboard.sv(50) @ 680028000: uvm_test_top.env.dut_sb [SCOREBOARD] 
# ===== Captured data from AHB: 0x6ab34d98
# UVM_INFO ./../tb/dut_scoreboard.sv(71) @ 680028000: uvm_test_top.env.dut_sb [dut_scoreboard] 
# 
# =====[UART TXD] Data comparison =====
# 
# UVM_ERROR ./../tb/dut_scoreboard.sv(76) @ 680028000: uvm_test_top.env.dut_sb [dut_scoreboard] 
# =====[DATA FRAME: 5] FAILED!!! Expected value is 0x18, Actual data is 0x1f =====
# UVM_INFO ./../tb/dut_scoreboard.sv(82) @ 680028000: uvm_test_top.env.dut_sb [dut_scoreboard] 
# 
# =====[UART TXD] Parity comparison =====
# 
# UVM_INFO ./../tb/dut_scoreboard.sv(88) @ 680028000: uvm_test_top.env.dut_sb [dut_scoreboard] 
# =====[PARITY MODE: 1] PASSED SUCCESSFULLY!!! =====
# UVM_INFO ./../vip/uart_vip/uart_monitor.sv(95) @ 680133000: uvm_test_top.env.uart_agt.monitor [uart_monitor] 
# ===== Baud rate actual is      19231, Baud rate expected is      76800 =====
# UVM_INFO ./../vip/uart_vip/uart_monitor.sv(181) @ 680250000: uvm_test_top.env.uart_agt.monitor [uart_monitor] Data read from DUT is -------------------------------------------
# Name         Type              Size  Value 
# -------------------------------------------
# trans        uart_transaction  -     @10169
#   direction  direction_e       32    RX    
#   data       integral          9     'h18  
#   parity     integral          1     'h1   
#   stop_bit   integral          2     'h1   
#   baud_rate  integral          32    'h0   
# -------------------------------------------
# 
# UVM_INFO ./../tb/dut_scoreboard.sv(58) @ 680250000: uvm_test_top.env.dut_sb [SCOREBOARD] 
# ===== Captured data from UART: 0x18
# UVM_INFO ./../testcases/uart_txd_x16_random.sv(35) @ 690028000: uvm_test_top [uart_txd_x16_random] -------------------------------------------------------------
# Name                Type                Size  Value          
# -------------------------------------------------------------
# cfg                 uart_configuration  -     @360           
#   parity_mode       parity_mode_e       32    UART_PARITY_ODD
#   sampling          sampling_mode_e     32    MODE_X16       
#   data_width        integral            32    'h5            
#   num_of_stop_bit   integral            32    'h2            
#   baud_rate         integral            32    'h1c200        
#   baud_rate_enable  integral            1     'h1            
#   parity_enable     integral            1     'h0            
# -------------------------------------------------------------
# 
# UVM_INFO ./../regmodel/uart_reg2ahb_adapter.sv(42) @ 690028000: reporter [uart_reg2ahb_adapter] bus2reg: address = 0x0 data = 0x0 kind = UVM_WRITE status = UVM_IS_OK
# UVM_INFO /ictc/other/tools/QuestaDVA/questasim/verilog_src/uvm-1.2/src/reg/uvm_reg_predictor.svh(221) @ 690028000: uvm_test_top.env.ahb_predictor [REG_PREDICT] Observed WRITE transaction to register regmodel.MDR: value='h0 : updated value = 'h0
# UVM_INFO ./../regmodel/uart_reg2ahb_adapter.sv(42) @ 690028000: reporter [uart_reg2ahb_adapter] bus2reg: address = 0x4 data = 0x36 kind = UVM_WRITE status = UVM_IS_OK
# UVM_INFO /ictc/other/tools/QuestaDVA/questasim/verilog_src/uvm-1.2/src/reg/uvm_reg_predictor.svh(221) @ 690028000: uvm_test_top.env.ahb_predictor [REG_PREDICT] Observed WRITE transaction to register regmodel.DLL: value='h36 : updated value = 'h36
# UVM_INFO ./../regmodel/uart_reg2ahb_adapter.sv(42) @ 690028000: reporter [uart_reg2ahb_adapter] bus2reg: address = 0x8 data = 0x0 kind = UVM_WRITE status = UVM_IS_OK
# UVM_INFO /ictc/other/tools/QuestaDVA/questasim/verilog_src/uvm-1.2/src/reg/uvm_reg_predictor.svh(221) @ 690028000: uvm_test_top.env.ahb_predictor [REG_PREDICT] Observed WRITE transaction to register regmodel.DLH: value='h0 : updated value = 'h0
# UVM_INFO ./../regmodel/uart_reg2ahb_adapter.sv(42) @ 690028000: reporter [uart_reg2ahb_adapter] bus2reg: address = 0xc data = 0x2c kind = UVM_WRITE status = UVM_IS_OK
# UVM_INFO /ictc/other/tools/QuestaDVA/questasim/verilog_src/uvm-1.2/src/reg/uvm_reg_predictor.svh(221) @ 690028000: uvm_test_top.env.ahb_predictor [REG_PREDICT] Observed WRITE transaction to register regmodel.LCR: value='h2c : updated value = 'h2c
# UVM_INFO ./../regmodel/uart_reg2ahb_adapter.sv(42) @ 690028000: reporter [uart_reg2ahb_adapter] bus2reg: address = 0x18 data = 0x146c63f0 kind = UVM_WRITE status = UVM_IS_OK
# UVM_INFO /ictc/other/tools/QuestaDVA/questasim/verilog_src/uvm-1.2/src/reg/uvm_reg_predictor.svh(221) @ 690028000: uvm_test_top.env.ahb_predictor [REG_PREDICT] Observed WRITE transaction to register regmodel.TBR: value='h146c63f0 : updated value = 'hf0
# UVM_INFO ./../tb/dut_scoreboard.sv(50) @ 690028000: uvm_test_top.env.dut_sb [SCOREBOARD] 
# ===== Captured data from AHB: 0x146c63f0
# UVM_INFO ./../tb/dut_scoreboard.sv(71) @ 690028000: uvm_test_top.env.dut_sb [dut_scoreboard] 
# 
# =====[UART TXD] Data comparison =====
# 
# UVM_ERROR ./../tb/dut_scoreboard.sv(76) @ 690028000: uvm_test_top.env.dut_sb [dut_scoreboard] 
# =====[DATA FRAME: 5] FAILED!!! Expected value is 0x10, Actual data is 0x18 =====
# UVM_INFO ./../tb/dut_scoreboard.sv(82) @ 690028000: uvm_test_top.env.dut_sb [dut_scoreboard] 
# 
# =====[UART TXD] Parity comparison =====
# 
# UVM_ERROR ./../tb/dut_scoreboard.sv(85) @ 690028000: uvm_test_top.env.dut_sb [dut_scoreboard] 
# =====[PARITY MODE: 1] FAILED!!! Expected parity is 0, Actual parity is 1 =====
# UVM_INFO ./../vip/uart_vip/uart_monitor.sv(95) @ 690115000: uvm_test_top.env.uart_agt.monitor [uart_monitor] 
# ===== Baud rate actual is      23256, Baud rate expected is     115200 =====
# UVM_INFO ./../vip/uart_vip/uart_monitor.sv(181) @ 690173000: uvm_test_top.env.uart_agt.monitor [uart_monitor] Data read from DUT is -------------------------------------------
# Name         Type              Size  Value 
# -------------------------------------------
# trans        uart_transaction  -     @10303
#   direction  direction_e       32    RX    
#   data       integral          9     'h10  
#   parity     integral          1     'h0   
#   stop_bit   integral          2     'h1   
#   baud_rate  integral          32    'h0   
# -------------------------------------------
# 
# UVM_INFO ./../tb/dut_scoreboard.sv(58) @ 690173000: uvm_test_top.env.dut_sb [SCOREBOARD] 
# ===== Captured data from UART: 0x10
# UVM_INFO ./../testcases/uart_txd_x16_random.sv(35) @ 700028000: uvm_test_top [uart_txd_x16_random] -------------------------------------------------------------
# Name                Type                Size  Value          
# -------------------------------------------------------------
# cfg                 uart_configuration  -     @360           
#   parity_mode       parity_mode_e       32    UART_PARITY_ODD
#   sampling          sampling_mode_e     32    MODE_X16       
#   data_width        integral            32    'h6            
#   num_of_stop_bit   integral            32    'h1            
#   baud_rate         integral            32    'h960          
#   baud_rate_enable  integral            1     'h1            
#   parity_enable     integral            1     'h0            
# -------------------------------------------------------------
# 
# UVM_INFO ./../regmodel/uart_reg2ahb_adapter.sv(42) @ 700028000: reporter [uart_reg2ahb_adapter] bus2reg: address = 0x0 data = 0x0 kind = UVM_WRITE status = UVM_IS_OK
# UVM_INFO /ictc/other/tools/QuestaDVA/questasim/verilog_src/uvm-1.2/src/reg/uvm_reg_predictor.svh(221) @ 700028000: uvm_test_top.env.ahb_predictor [REG_PREDICT] Observed WRITE transaction to register regmodel.MDR: value='h0 : updated value = 'h0
# UVM_INFO ./../regmodel/uart_reg2ahb_adapter.sv(42) @ 700028000: reporter [uart_reg2ahb_adapter] bus2reg: address = 0x4 data = 0x2c kind = UVM_WRITE status = UVM_IS_OK
# UVM_INFO /ictc/other/tools/QuestaDVA/questasim/verilog_src/uvm-1.2/src/reg/uvm_reg_predictor.svh(221) @ 700028000: uvm_test_top.env.ahb_predictor [REG_PREDICT] Observed WRITE transaction to register regmodel.DLL: value='h2c : updated value = 'h2c
# UVM_INFO ./../regmodel/uart_reg2ahb_adapter.sv(42) @ 700028000: reporter [uart_reg2ahb_adapter] bus2reg: address = 0x8 data = 0xa kind = UVM_WRITE status = UVM_IS_OK
# UVM_INFO /ictc/other/tools/QuestaDVA/questasim/verilog_src/uvm-1.2/src/reg/uvm_reg_predictor.svh(221) @ 700028000: uvm_test_top.env.ahb_predictor [REG_PREDICT] Observed WRITE transaction to register regmodel.DLH: value='ha : updated value = 'ha
# UVM_INFO ./../regmodel/uart_reg2ahb_adapter.sv(42) @ 700028000: reporter [uart_reg2ahb_adapter] bus2reg: address = 0xc data = 0x29 kind = UVM_WRITE status = UVM_IS_OK
# UVM_INFO /ictc/other/tools/QuestaDVA/questasim/verilog_src/uvm-1.2/src/reg/uvm_reg_predictor.svh(221) @ 700028000: uvm_test_top.env.ahb_predictor [REG_PREDICT] Observed WRITE transaction to register regmodel.LCR: value='h29 : updated value = 'h29
# UVM_INFO ./../regmodel/uart_reg2ahb_adapter.sv(42) @ 700029000: reporter [uart_reg2ahb_adapter] bus2reg: address = 0x18 data = 0xf82f16ec kind = UVM_WRITE status = UVM_IS_OK
# UVM_INFO /ictc/other/tools/QuestaDVA/questasim/verilog_src/uvm-1.2/src/reg/uvm_reg_predictor.svh(221) @ 700029000: uvm_test_top.env.ahb_predictor [REG_PREDICT] Observed WRITE transaction to register regmodel.TBR: value='hf82f16ec : updated value = 'hec
# UVM_INFO ./../tb/dut_scoreboard.sv(50) @ 700029000: uvm_test_top.env.dut_sb [SCOREBOARD] 
# ===== Captured data from AHB: 0xf82f16ec
# UVM_INFO ./../tb/dut_scoreboard.sv(71) @ 700029000: uvm_test_top.env.dut_sb [dut_scoreboard] 
# 
# =====[UART TXD] Data comparison =====
# 
# UVM_ERROR ./../tb/dut_scoreboard.sv(76) @ 700029000: uvm_test_top.env.dut_sb [dut_scoreboard] 
# =====[DATA FRAME: 6] FAILED!!! Expected value is 0x2c, Actual data is 0x1e =====
# UVM_INFO ./../tb/dut_scoreboard.sv(82) @ 700029000: uvm_test_top.env.dut_sb [dut_scoreboard] 
# 
# =====[UART TXD] Parity comparison =====
# 
# UVM_ERROR ./../tb/dut_scoreboard.sv(85) @ 700029000: uvm_test_top.env.dut_sb [dut_scoreboard] 
# =====[PARITY MODE: 1] FAILED!!! Expected parity is 0, Actual parity is 1 =====
# UVM_INFO ./../vip/uart_vip/uart_monitor.sv(95) @ 702580000: uvm_test_top.env.uart_agt.monitor [uart_monitor] 
# ===== Baud rate actual is        800, Baud rate expected is       2400 =====
# UVM_INFO ./../vip/uart_vip/uart_monitor.sv(181) @ 707161000: uvm_test_top.env.uart_agt.monitor [uart_monitor] Data read from DUT is -------------------------------------------
# Name         Type              Size  Value 
# -------------------------------------------
# trans        uart_transaction  -     @10437
#   direction  direction_e       32    RX    
#   data       integral          9     'h2c  
#   parity     integral          1     'h1   
#   stop_bit   integral          2     'h1   
#   baud_rate  integral          32    'h0   
# -------------------------------------------
# 
# UVM_INFO ./../tb/dut_scoreboard.sv(58) @ 707161000: uvm_test_top.env.dut_sb [SCOREBOARD] 
# ===== Captured data from UART: 0x2c
# UVM_INFO ./../testcases/uart_txd_x16_random.sv(35) @ 710029000: uvm_test_top [uart_txd_x16_random] -------------------------------------------------------------
# Name                Type                Size  Value          
# -------------------------------------------------------------
# cfg                 uart_configuration  -     @360           
#   parity_mode       parity_mode_e       32    UART_PARITY_ODD
#   sampling          sampling_mode_e     32    MODE_X16       
#   data_width        integral            32    'h6            
#   num_of_stop_bit   integral            32    'h1            
#   baud_rate         integral            32    'h12c0         
#   baud_rate_enable  integral            1     'h1            
#   parity_enable     integral            1     'h0            
# -------------------------------------------------------------
# 
# UVM_INFO ./../regmodel/uart_reg2ahb_adapter.sv(42) @ 710029000: reporter [uart_reg2ahb_adapter] bus2reg: address = 0x0 data = 0x0 kind = UVM_WRITE status = UVM_IS_OK
# UVM_INFO /ictc/other/tools/QuestaDVA/questasim/verilog_src/uvm-1.2/src/reg/uvm_reg_predictor.svh(221) @ 710029000: uvm_test_top.env.ahb_predictor [REG_PREDICT] Observed WRITE transaction to register regmodel.MDR: value='h0 : updated value = 'h0
# UVM_INFO ./../regmodel/uart_reg2ahb_adapter.sv(42) @ 710029000: reporter [uart_reg2ahb_adapter] bus2reg: address = 0x4 data = 0x16 kind = UVM_WRITE status = UVM_IS_OK
# UVM_INFO /ictc/other/tools/QuestaDVA/questasim/verilog_src/uvm-1.2/src/reg/uvm_reg_predictor.svh(221) @ 710029000: uvm_test_top.env.ahb_predictor [REG_PREDICT] Observed WRITE transaction to register regmodel.DLL: value='h16 : updated value = 'h16
# UVM_INFO ./../regmodel/uart_reg2ahb_adapter.sv(42) @ 710029000: reporter [uart_reg2ahb_adapter] bus2reg: address = 0x8 data = 0x5 kind = UVM_WRITE status = UVM_IS_OK
# UVM_INFO /ictc/other/tools/QuestaDVA/questasim/verilog_src/uvm-1.2/src/reg/uvm_reg_predictor.svh(221) @ 710029000: uvm_test_top.env.ahb_predictor [REG_PREDICT] Observed WRITE transaction to register regmodel.DLH: value='h5 : updated value = 'h5
# UVM_INFO ./../regmodel/uart_reg2ahb_adapter.sv(42) @ 710029000: reporter [uart_reg2ahb_adapter] bus2reg: address = 0xc data = 0x29 kind = UVM_WRITE status = UVM_IS_OK
# UVM_INFO /ictc/other/tools/QuestaDVA/questasim/verilog_src/uvm-1.2/src/reg/uvm_reg_predictor.svh(221) @ 710029000: uvm_test_top.env.ahb_predictor [REG_PREDICT] Observed WRITE transaction to register regmodel.LCR: value='h29 : updated value = 'h29
# UVM_INFO ./../regmodel/uart_reg2ahb_adapter.sv(42) @ 710029000: reporter [uart_reg2ahb_adapter] bus2reg: address = 0x18 data = 0x776e19c8 kind = UVM_WRITE status = UVM_IS_OK
# UVM_INFO /ictc/other/tools/QuestaDVA/questasim/verilog_src/uvm-1.2/src/reg/uvm_reg_predictor.svh(221) @ 710029000: uvm_test_top.env.ahb_predictor [REG_PREDICT] Observed WRITE transaction to register regmodel.TBR: value='h776e19c8 : updated value = 'hc8
# UVM_INFO ./../tb/dut_scoreboard.sv(50) @ 710029000: uvm_test_top.env.dut_sb [SCOREBOARD] 
# ===== Captured data from AHB: 0x776e19c8
# UVM_INFO ./../tb/dut_scoreboard.sv(71) @ 710029000: uvm_test_top.env.dut_sb [dut_scoreboard] 
# 
# =====[UART TXD] Data comparison =====
# 
# UVM_ERROR ./../tb/dut_scoreboard.sv(76) @ 710029000: uvm_test_top.env.dut_sb [dut_scoreboard] 
# =====[DATA FRAME: 6] FAILED!!! Expected value is 0x8, Actual data is 0x1c =====
# UVM_INFO ./../tb/dut_scoreboard.sv(82) @ 710029000: uvm_test_top.env.dut_sb [dut_scoreboard] 
# 
# =====[UART TXD] Parity comparison =====
# 
# UVM_INFO ./../tb/dut_scoreboard.sv(88) @ 710029000: uvm_test_top.env.dut_sb [dut_scoreboard] 
# =====[PARITY MODE: 1] PASSED SUCCESSFULLY!!! =====
# UVM_INFO ./../vip/uart_vip/uart_monitor.sv(95) @ 711720000: uvm_test_top.env.uart_agt.monitor [uart_monitor] 
# ===== Baud rate actual is       1200, Baud rate expected is       4800 =====
# UVM_INFO ./../vip/uart_vip/uart_monitor.sv(181) @ 713598000: uvm_test_top.env.uart_agt.monitor [uart_monitor] Data read from DUT is -------------------------------------------
# Name         Type              Size  Value 
# -------------------------------------------
# trans        uart_transaction  -     @10571
#   direction  direction_e       32    RX    
#   data       integral          9     'h8   
#   parity     integral          1     'h1   
#   stop_bit   integral          2     'h1   
#   baud_rate  integral          32    'h0   
# -------------------------------------------
# 
# UVM_INFO ./../tb/dut_scoreboard.sv(58) @ 713598000: uvm_test_top.env.dut_sb [SCOREBOARD] 
# ===== Captured data from UART: 0x8
# UVM_INFO ./../testcases/uart_txd_x16_random.sv(35) @ 720029000: uvm_test_top [uart_txd_x16_random] -------------------------------------------------------------
# Name                Type                Size  Value          
# -------------------------------------------------------------
# cfg                 uart_configuration  -     @360           
#   parity_mode       parity_mode_e       32    UART_PARITY_ODD
#   sampling          sampling_mode_e     32    MODE_X16       
#   data_width        integral            32    'h6            
#   num_of_stop_bit   integral            32    'h1            
#   baud_rate         integral            32    'h2580         
#   baud_rate_enable  integral            1     'h1            
#   parity_enable     integral            1     'h0            
# -------------------------------------------------------------
# 
# UVM_INFO ./../regmodel/uart_reg2ahb_adapter.sv(42) @ 720029000: reporter [uart_reg2ahb_adapter] bus2reg: address = 0x0 data = 0x0 kind = UVM_WRITE status = UVM_IS_OK
# UVM_INFO /ictc/other/tools/QuestaDVA/questasim/verilog_src/uvm-1.2/src/reg/uvm_reg_predictor.svh(221) @ 720029000: uvm_test_top.env.ahb_predictor [REG_PREDICT] Observed WRITE transaction to register regmodel.MDR: value='h0 : updated value = 'h0
# UVM_INFO ./../regmodel/uart_reg2ahb_adapter.sv(42) @ 720029000: reporter [uart_reg2ahb_adapter] bus2reg: address = 0x4 data = 0x16 kind = UVM_WRITE status = UVM_IS_OK
# UVM_INFO /ictc/other/tools/QuestaDVA/questasim/verilog_src/uvm-1.2/src/reg/uvm_reg_predictor.svh(221) @ 720029000: uvm_test_top.env.ahb_predictor [REG_PREDICT] Observed WRITE transaction to register regmodel.DLL: value='h16 : updated value = 'h16
# UVM_INFO ./../regmodel/uart_reg2ahb_adapter.sv(42) @ 720029000: reporter [uart_reg2ahb_adapter] bus2reg: address = 0x8 data = 0x5 kind = UVM_WRITE status = UVM_IS_OK
# UVM_INFO /ictc/other/tools/QuestaDVA/questasim/verilog_src/uvm-1.2/src/reg/uvm_reg_predictor.svh(221) @ 720029000: uvm_test_top.env.ahb_predictor [REG_PREDICT] Observed WRITE transaction to register regmodel.DLH: value='h5 : updated value = 'h5
# UVM_INFO ./../regmodel/uart_reg2ahb_adapter.sv(42) @ 720029000: reporter [uart_reg2ahb_adapter] bus2reg: address = 0xc data = 0x29 kind = UVM_WRITE status = UVM_IS_OK
# UVM_INFO /ictc/other/tools/QuestaDVA/questasim/verilog_src/uvm-1.2/src/reg/uvm_reg_predictor.svh(221) @ 720029000: uvm_test_top.env.ahb_predictor [REG_PREDICT] Observed WRITE transaction to register regmodel.LCR: value='h29 : updated value = 'h29
# UVM_INFO ./../regmodel/uart_reg2ahb_adapter.sv(42) @ 720029000: reporter [uart_reg2ahb_adapter] bus2reg: address = 0x18 data = 0x99d1939f kind = UVM_WRITE status = UVM_IS_OK
# UVM_INFO /ictc/other/tools/QuestaDVA/questasim/verilog_src/uvm-1.2/src/reg/uvm_reg_predictor.svh(221) @ 720029000: uvm_test_top.env.ahb_predictor [REG_PREDICT] Observed WRITE transaction to register regmodel.TBR: value='h99d1939f : updated value = 'h9f
# UVM_INFO ./../tb/dut_scoreboard.sv(50) @ 720029000: uvm_test_top.env.dut_sb [SCOREBOARD] 
# ===== Captured data from AHB: 0x99d1939f
# UVM_INFO ./../tb/dut_scoreboard.sv(71) @ 720029000: uvm_test_top.env.dut_sb [dut_scoreboard] 
# 
# =====[UART TXD] Data comparison =====
# 
# UVM_ERROR ./../tb/dut_scoreboard.sv(76) @ 720029000: uvm_test_top.env.dut_sb [dut_scoreboard] 
# =====[DATA FRAME: 6] FAILED!!! Expected value is 0x1f, Actual data is 0x11 =====
# UVM_INFO ./../tb/dut_scoreboard.sv(82) @ 720029000: uvm_test_top.env.dut_sb [dut_scoreboard] 
# 
# =====[UART TXD] Parity comparison =====
# 
# UVM_INFO ./../tb/dut_scoreboard.sv(88) @ 720029000: uvm_test_top.env.dut_sb [dut_scoreboard] 
# =====[PARITY MODE: 1] PASSED SUCCESSFULLY!!! =====
# UVM_INFO ./../vip/uart_vip/uart_monitor.sv(95) @ 720470000: uvm_test_top.env.uart_agt.monitor [uart_monitor] 
# ===== Baud rate actual is       4796, Baud rate expected is       9600 =====
# UVM_INFO ./../vip/uart_vip/uart_monitor.sv(181) @ 721821000: uvm_test_top.env.uart_agt.monitor [uart_monitor] Data read from DUT is -------------------------------------------
# Name         Type              Size  Value 
# -------------------------------------------
# trans        uart_transaction  -     @10705
#   direction  direction_e       32    RX    
#   data       integral          9     'h3e  
#   parity     integral          1     'h1   
#   stop_bit   integral          2     'h1   
#   baud_rate  integral          32    'h0   
# -------------------------------------------
# 
# UVM_INFO ./../tb/dut_scoreboard.sv(58) @ 721821000: uvm_test_top.env.dut_sb [SCOREBOARD] 
# ===== Captured data from UART: 0x3e
# UVM_INFO ./../vip/uart_vip/uart_monitor.sv(181) @ 724321000: uvm_test_top.env.uart_agt.monitor [uart_monitor] Data read from DUT is -------------------------------------------
# Name         Type              Size  Value 
# -------------------------------------------
# trans        uart_transaction  -     @10839
#   direction  direction_e       32    RX    
#   data       integral          9     'h38  
#   parity     integral          1     'h1   
#   stop_bit   integral          2     'h1   
#   baud_rate  integral          32    'h0   
# -------------------------------------------
# 
# UVM_INFO ./../tb/dut_scoreboard.sv(58) @ 724321000: uvm_test_top.env.dut_sb [SCOREBOARD] 
# ===== Captured data from UART: 0x38
# UVM_INFO ./../testcases/uart_txd_x16_random.sv(35) @ 730029000: uvm_test_top [uart_txd_x16_random] -------------------------------------------------------------
# Name                Type                Size  Value          
# -------------------------------------------------------------
# cfg                 uart_configuration  -     @360           
#   parity_mode       parity_mode_e       32    UART_PARITY_ODD
#   sampling          sampling_mode_e     32    MODE_X16       
#   data_width        integral            32    'h6            
#   num_of_stop_bit   integral            32    'h1            
#   baud_rate         integral            32    'h4b00         
#   baud_rate_enable  integral            1     'h1            
#   parity_enable     integral            1     'h0            
# -------------------------------------------------------------
# 
# UVM_INFO ./../regmodel/uart_reg2ahb_adapter.sv(42) @ 730029000: reporter [uart_reg2ahb_adapter] bus2reg: address = 0x0 data = 0x0 kind = UVM_WRITE status = UVM_IS_OK
# UVM_INFO /ictc/other/tools/QuestaDVA/questasim/verilog_src/uvm-1.2/src/reg/uvm_reg_predictor.svh(221) @ 730029000: uvm_test_top.env.ahb_predictor [REG_PREDICT] Observed WRITE transaction to register regmodel.MDR: value='h0 : updated value = 'h0
# UVM_INFO ./../regmodel/uart_reg2ahb_adapter.sv(42) @ 730029000: reporter [uart_reg2ahb_adapter] bus2reg: address = 0x4 data = 0x45 kind = UVM_WRITE status = UVM_IS_OK
# UVM_INFO /ictc/other/tools/QuestaDVA/questasim/verilog_src/uvm-1.2/src/reg/uvm_reg_predictor.svh(221) @ 730029000: uvm_test_top.env.ahb_predictor [REG_PREDICT] Observed WRITE transaction to register regmodel.DLL: value='h45 : updated value = 'h45
# UVM_INFO ./../regmodel/uart_reg2ahb_adapter.sv(42) @ 730030000: reporter [uart_reg2ahb_adapter] bus2reg: address = 0x8 data = 0x1 kind = UVM_WRITE status = UVM_IS_OK
# UVM_INFO /ictc/other/tools/QuestaDVA/questasim/verilog_src/uvm-1.2/src/reg/uvm_reg_predictor.svh(221) @ 730030000: uvm_test_top.env.ahb_predictor [REG_PREDICT] Observed WRITE transaction to register regmodel.DLH: value='h1 : updated value = 'h1
# UVM_INFO ./../regmodel/uart_reg2ahb_adapter.sv(42) @ 730030000: reporter [uart_reg2ahb_adapter] bus2reg: address = 0xc data = 0x29 kind = UVM_WRITE status = UVM_IS_OK
# UVM_INFO /ictc/other/tools/QuestaDVA/questasim/verilog_src/uvm-1.2/src/reg/uvm_reg_predictor.svh(221) @ 730030000: uvm_test_top.env.ahb_predictor [REG_PREDICT] Observed WRITE transaction to register regmodel.LCR: value='h29 : updated value = 'h29
# UVM_INFO ./../regmodel/uart_reg2ahb_adapter.sv(42) @ 730030000: reporter [uart_reg2ahb_adapter] bus2reg: address = 0x18 data = 0x563402e8 kind = UVM_WRITE status = UVM_IS_OK
# UVM_INFO /ictc/other/tools/QuestaDVA/questasim/verilog_src/uvm-1.2/src/reg/uvm_reg_predictor.svh(221) @ 730030000: uvm_test_top.env.ahb_predictor [REG_PREDICT] Observed WRITE transaction to register regmodel.TBR: value='h563402e8 : updated value = 'he8
# UVM_INFO ./../tb/dut_scoreboard.sv(50) @ 730030000: uvm_test_top.env.dut_sb [SCOREBOARD] 
# ===== Captured data from AHB: 0x563402e8
# UVM_INFO ./../tb/dut_scoreboard.sv(71) @ 730030000: uvm_test_top.env.dut_sb [dut_scoreboard] 
# 
# =====[UART TXD] Data comparison =====
# 
# UVM_ERROR ./../tb/dut_scoreboard.sv(76) @ 730030000: uvm_test_top.env.dut_sb [dut_scoreboard] 
# =====[DATA FRAME: 6] FAILED!!! Expected value is 0x28, Actual data is 0x18 =====
# UVM_INFO ./../tb/dut_scoreboard.sv(82) @ 730030000: uvm_test_top.env.dut_sb [dut_scoreboard] 
# 
# =====[UART TXD] Parity comparison =====
# 
# UVM_INFO ./../tb/dut_scoreboard.sv(88) @ 730030000: uvm_test_top.env.dut_sb [dut_scoreboard] 
# =====[PARITY MODE: 1] PASSED SUCCESSFULLY!!! =====
# UVM_INFO ./../vip/uart_vip/uart_monitor.sv(95) @ 730449000: uvm_test_top.env.uart_agt.monitor [uart_monitor] 
# ===== Baud rate actual is       4808, Baud rate expected is      19200 =====
# UVM_INFO ./../vip/uart_vip/uart_monitor.sv(181) @ 730917000: uvm_test_top.env.uart_agt.monitor [uart_monitor] Data read from DUT is -------------------------------------------
# Name         Type              Size  Value 
# -------------------------------------------
# trans        uart_transaction  -     @10847
#   direction  direction_e       32    RX    
#   data       integral          9     'h28  
#   parity     integral          1     'h0   
#   stop_bit   integral          2     'h1   
#   baud_rate  integral          32    'h0   
# -------------------------------------------
# 
# UVM_INFO ./../tb/dut_scoreboard.sv(58) @ 730917000: uvm_test_top.env.dut_sb [SCOREBOARD] 
# ===== Captured data from UART: 0x28
# UVM_INFO ./../testcases/uart_txd_x16_random.sv(35) @ 740030000: uvm_test_top [uart_txd_x16_random] -------------------------------------------------------------
# Name                Type                Size  Value          
# -------------------------------------------------------------
# cfg                 uart_configuration  -     @360           
#   parity_mode       parity_mode_e       32    UART_PARITY_ODD
#   sampling          sampling_mode_e     32    MODE_X16       
#   data_width        integral            32    'h6            
#   num_of_stop_bit   integral            32    'h1            
#   baud_rate         integral            32    'h9600         
#   baud_rate_enable  integral            1     'h1            
#   parity_enable     integral            1     'h0            
# -------------------------------------------------------------
# 
# UVM_INFO ./../regmodel/uart_reg2ahb_adapter.sv(42) @ 740030000: reporter [uart_reg2ahb_adapter] bus2reg: address = 0x0 data = 0x0 kind = UVM_WRITE status = UVM_IS_OK
# UVM_INFO /ictc/other/tools/QuestaDVA/questasim/verilog_src/uvm-1.2/src/reg/uvm_reg_predictor.svh(221) @ 740030000: uvm_test_top.env.ahb_predictor [REG_PREDICT] Observed WRITE transaction to register regmodel.MDR: value='h0 : updated value = 'h0
# UVM_INFO ./../regmodel/uart_reg2ahb_adapter.sv(42) @ 740030000: reporter [uart_reg2ahb_adapter] bus2reg: address = 0x4 data = 0xa4 kind = UVM_WRITE status = UVM_IS_OK
# UVM_INFO /ictc/other/tools/QuestaDVA/questasim/verilog_src/uvm-1.2/src/reg/uvm_reg_predictor.svh(221) @ 740030000: uvm_test_top.env.ahb_predictor [REG_PREDICT] Observed WRITE transaction to register regmodel.DLL: value='ha4 : updated value = 'ha4
# UVM_INFO ./../regmodel/uart_reg2ahb_adapter.sv(42) @ 740030000: reporter [uart_reg2ahb_adapter] bus2reg: address = 0x8 data = 0x0 kind = UVM_WRITE status = UVM_IS_OK
# UVM_INFO /ictc/other/tools/QuestaDVA/questasim/verilog_src/uvm-1.2/src/reg/uvm_reg_predictor.svh(221) @ 740030000: uvm_test_top.env.ahb_predictor [REG_PREDICT] Observed WRITE transaction to register regmodel.DLH: value='h0 : updated value = 'h0
# UVM_INFO ./../regmodel/uart_reg2ahb_adapter.sv(42) @ 740030000: reporter [uart_reg2ahb_adapter] bus2reg: address = 0xc data = 0x29 kind = UVM_WRITE status = UVM_IS_OK
# UVM_INFO /ictc/other/tools/QuestaDVA/questasim/verilog_src/uvm-1.2/src/reg/uvm_reg_predictor.svh(221) @ 740030000: uvm_test_top.env.ahb_predictor [REG_PREDICT] Observed WRITE transaction to register regmodel.LCR: value='h29 : updated value = 'h29
# UVM_INFO ./../regmodel/uart_reg2ahb_adapter.sv(42) @ 740030000: reporter [uart_reg2ahb_adapter] bus2reg: address = 0x18 data = 0xf28c74a0 kind = UVM_WRITE status = UVM_IS_OK
# UVM_INFO /ictc/other/tools/QuestaDVA/questasim/verilog_src/uvm-1.2/src/reg/uvm_reg_predictor.svh(221) @ 740030000: uvm_test_top.env.ahb_predictor [REG_PREDICT] Observed WRITE transaction to register regmodel.TBR: value='hf28c74a0 : updated value = 'ha0
# UVM_INFO ./../tb/dut_scoreboard.sv(50) @ 740030000: uvm_test_top.env.dut_sb [SCOREBOARD] 
# ===== Captured data from AHB: 0xf28c74a0
# UVM_INFO ./../tb/dut_scoreboard.sv(71) @ 740030000: uvm_test_top.env.dut_sb [dut_scoreboard] 
# 
# =====[UART TXD] Data comparison =====
# 
# UVM_ERROR ./../tb/dut_scoreboard.sv(76) @ 740030000: uvm_test_top.env.dut_sb [dut_scoreboard] 
# =====[DATA FRAME: 6] FAILED!!! Expected value is 0x20, Actual data is 0x10 =====
# UVM_INFO ./../tb/dut_scoreboard.sv(82) @ 740030000: uvm_test_top.env.dut_sb [dut_scoreboard] 
# 
# =====[UART TXD] Parity comparison =====
# 
# UVM_INFO ./../tb/dut_scoreboard.sv(88) @ 740030000: uvm_test_top.env.dut_sb [dut_scoreboard] 
# =====[PARITY MODE: 1] PASSED SUCCESSFULLY!!! =====
# UVM_INFO ./../vip/uart_vip/uart_monitor.sv(95) @ 740348000: uvm_test_top.env.uart_agt.monitor [uart_monitor] 
# ===== Baud rate actual is       6349, Baud rate expected is      38400 =====
# UVM_INFO ./../vip/uart_vip/uart_monitor.sv(181) @ 740475000: uvm_test_top.env.uart_agt.monitor [uart_monitor] Data read from DUT is -------------------------------------------
# Name         Type              Size  Value 
# -------------------------------------------
# trans        uart_transaction  -     @10981
#   direction  direction_e       32    RX    
#   data       integral          9     'h20  
#   parity     integral          1     'h0   
#   stop_bit   integral          2     'h1   
#   baud_rate  integral          32    'h0   
# -------------------------------------------
# 
# UVM_INFO ./../tb/dut_scoreboard.sv(58) @ 740475000: uvm_test_top.env.dut_sb [SCOREBOARD] 
# ===== Captured data from UART: 0x20
# UVM_INFO ./../testcases/uart_txd_x16_random.sv(35) @ 750030000: uvm_test_top [uart_txd_x16_random] -------------------------------------------------------------
# Name                Type                Size  Value          
# -------------------------------------------------------------
# cfg                 uart_configuration  -     @360           
#   parity_mode       parity_mode_e       32    UART_PARITY_ODD
#   sampling          sampling_mode_e     32    MODE_X16       
#   data_width        integral            32    'h6            
#   num_of_stop_bit   integral            32    'h1            
#   baud_rate         integral            32    'h12c00        
#   baud_rate_enable  integral            1     'h1            
#   parity_enable     integral            1     'h0            
# -------------------------------------------------------------
# 
# UVM_INFO ./../regmodel/uart_reg2ahb_adapter.sv(42) @ 750030000: reporter [uart_reg2ahb_adapter] bus2reg: address = 0x0 data = 0x0 kind = UVM_WRITE status = UVM_IS_OK
# UVM_INFO /ictc/other/tools/QuestaDVA/questasim/verilog_src/uvm-1.2/src/reg/uvm_reg_predictor.svh(221) @ 750030000: uvm_test_top.env.ahb_predictor [REG_PREDICT] Observed WRITE transaction to register regmodel.MDR: value='h0 : updated value = 'h0
# UVM_INFO ./../regmodel/uart_reg2ahb_adapter.sv(42) @ 750030000: reporter [uart_reg2ahb_adapter] bus2reg: address = 0x4 data = 0x51 kind = UVM_WRITE status = UVM_IS_OK
# UVM_INFO /ictc/other/tools/QuestaDVA/questasim/verilog_src/uvm-1.2/src/reg/uvm_reg_predictor.svh(221) @ 750030000: uvm_test_top.env.ahb_predictor [REG_PREDICT] Observed WRITE transaction to register regmodel.DLL: value='h51 : updated value = 'h51
# UVM_INFO ./../regmodel/uart_reg2ahb_adapter.sv(42) @ 750030000: reporter [uart_reg2ahb_adapter] bus2reg: address = 0x8 data = 0x0 kind = UVM_WRITE status = UVM_IS_OK
# UVM_INFO /ictc/other/tools/QuestaDVA/questasim/verilog_src/uvm-1.2/src/reg/uvm_reg_predictor.svh(221) @ 750030000: uvm_test_top.env.ahb_predictor [REG_PREDICT] Observed WRITE transaction to register regmodel.DLH: value='h0 : updated value = 'h0
# UVM_INFO ./../regmodel/uart_reg2ahb_adapter.sv(42) @ 750030000: reporter [uart_reg2ahb_adapter] bus2reg: address = 0xc data = 0x29 kind = UVM_WRITE status = UVM_IS_OK
# UVM_INFO /ictc/other/tools/QuestaDVA/questasim/verilog_src/uvm-1.2/src/reg/uvm_reg_predictor.svh(221) @ 750030000: uvm_test_top.env.ahb_predictor [REG_PREDICT] Observed WRITE transaction to register regmodel.LCR: value='h29 : updated value = 'h29
# UVM_INFO ./../regmodel/uart_reg2ahb_adapter.sv(42) @ 750031000: reporter [uart_reg2ahb_adapter] bus2reg: address = 0x18 data = 0x9b9ac741 kind = UVM_WRITE status = UVM_IS_OK
# UVM_INFO /ictc/other/tools/QuestaDVA/questasim/verilog_src/uvm-1.2/src/reg/uvm_reg_predictor.svh(221) @ 750031000: uvm_test_top.env.ahb_predictor [REG_PREDICT] Observed WRITE transaction to register regmodel.TBR: value='h9b9ac741 : updated value = 'h41
# UVM_INFO ./../tb/dut_scoreboard.sv(50) @ 750031000: uvm_test_top.env.dut_sb [SCOREBOARD] 
# ===== Captured data from AHB: 0x9b9ac741
# UVM_INFO ./../tb/dut_scoreboard.sv(71) @ 750031000: uvm_test_top.env.dut_sb [dut_scoreboard] 
# 
# =====[UART TXD] Data comparison =====
# 
# UVM_ERROR ./../tb/dut_scoreboard.sv(76) @ 750031000: uvm_test_top.env.dut_sb [dut_scoreboard] 
# =====[DATA FRAME: 6] FAILED!!! Expected value is 0x1, Actual data is 0x2c =====
# UVM_INFO ./../tb/dut_scoreboard.sv(82) @ 750031000: uvm_test_top.env.dut_sb [dut_scoreboard] 
# 
# =====[UART TXD] Parity comparison =====
# 
# UVM_ERROR ./../tb/dut_scoreboard.sv(85) @ 750031000: uvm_test_top.env.dut_sb [dut_scoreboard] 
# =====[PARITY MODE: 1] FAILED!!! Expected parity is 0, Actual parity is 1 =====
# UVM_INFO ./../vip/uart_vip/uart_monitor.sv(95) @ 751366000: uvm_test_top.env.uart_agt.monitor [uart_monitor] 
# ===== Baud rate actual is      76923, Baud rate expected is      76800 =====
# UVM_INFO ./../vip/uart_vip/uart_monitor.sv(181) @ 751561000: uvm_test_top.env.uart_agt.monitor [uart_monitor] Data read from DUT is -------------------------------------------
# Name         Type              Size  Value 
# -------------------------------------------
# trans        uart_transaction  -     @11115
#   direction  direction_e       32    RX    
#   data       integral          9     'h1   
#   parity     integral          1     'h0   
#   stop_bit   integral          2     'h1   
#   baud_rate  integral          32    'h0   
# -------------------------------------------
# 
# UVM_INFO ./../tb/dut_scoreboard.sv(58) @ 751561000: uvm_test_top.env.dut_sb [SCOREBOARD] 
# ===== Captured data from UART: 0x1
# UVM_INFO ./../testcases/uart_txd_x16_random.sv(35) @ 760031000: uvm_test_top [uart_txd_x16_random] -------------------------------------------------------------
# Name                Type                Size  Value          
# -------------------------------------------------------------
# cfg                 uart_configuration  -     @360           
#   parity_mode       parity_mode_e       32    UART_PARITY_ODD
#   sampling          sampling_mode_e     32    MODE_X16       
#   data_width        integral            32    'h6            
#   num_of_stop_bit   integral            32    'h1            
#   baud_rate         integral            32    'h1c200        
#   baud_rate_enable  integral            1     'h1            
#   parity_enable     integral            1     'h0            
# -------------------------------------------------------------
# 
# UVM_INFO ./../regmodel/uart_reg2ahb_adapter.sv(42) @ 760031000: reporter [uart_reg2ahb_adapter] bus2reg: address = 0x0 data = 0x0 kind = UVM_WRITE status = UVM_IS_OK
# UVM_INFO /ictc/other/tools/QuestaDVA/questasim/verilog_src/uvm-1.2/src/reg/uvm_reg_predictor.svh(221) @ 760031000: uvm_test_top.env.ahb_predictor [REG_PREDICT] Observed WRITE transaction to register regmodel.MDR: value='h0 : updated value = 'h0
# UVM_INFO ./../regmodel/uart_reg2ahb_adapter.sv(42) @ 760031000: reporter [uart_reg2ahb_adapter] bus2reg: address = 0x4 data = 0x36 kind = UVM_WRITE status = UVM_IS_OK
# UVM_INFO /ictc/other/tools/QuestaDVA/questasim/verilog_src/uvm-1.2/src/reg/uvm_reg_predictor.svh(221) @ 760031000: uvm_test_top.env.ahb_predictor [REG_PREDICT] Observed WRITE transaction to register regmodel.DLL: value='h36 : updated value = 'h36
# UVM_INFO ./../regmodel/uart_reg2ahb_adapter.sv(42) @ 760031000: reporter [uart_reg2ahb_adapter] bus2reg: address = 0x8 data = 0x0 kind = UVM_WRITE status = UVM_IS_OK
# UVM_INFO /ictc/other/tools/QuestaDVA/questasim/verilog_src/uvm-1.2/src/reg/uvm_reg_predictor.svh(221) @ 760031000: uvm_test_top.env.ahb_predictor [REG_PREDICT] Observed WRITE transaction to register regmodel.DLH: value='h0 : updated value = 'h0
# UVM_INFO ./../regmodel/uart_reg2ahb_adapter.sv(42) @ 760031000: reporter [uart_reg2ahb_adapter] bus2reg: address = 0xc data = 0x29 kind = UVM_WRITE status = UVM_IS_OK
# UVM_INFO /ictc/other/tools/QuestaDVA/questasim/verilog_src/uvm-1.2/src/reg/uvm_reg_predictor.svh(221) @ 760031000: uvm_test_top.env.ahb_predictor [REG_PREDICT] Observed WRITE transaction to register regmodel.LCR: value='h29 : updated value = 'h29
# UVM_INFO ./../regmodel/uart_reg2ahb_adapter.sv(42) @ 760031000: reporter [uart_reg2ahb_adapter] bus2reg: address = 0x18 data = 0x42fe557c kind = UVM_WRITE status = UVM_IS_OK
# UVM_INFO /ictc/other/tools/QuestaDVA/questasim/verilog_src/uvm-1.2/src/reg/uvm_reg_predictor.svh(221) @ 760031000: uvm_test_top.env.ahb_predictor [REG_PREDICT] Observed WRITE transaction to register regmodel.TBR: value='h42fe557c : updated value = 'h7c
# UVM_INFO ./../tb/dut_scoreboard.sv(50) @ 760031000: uvm_test_top.env.dut_sb [SCOREBOARD] 
# ===== Captured data from AHB: 0x42fe557c
# UVM_INFO ./../tb/dut_scoreboard.sv(71) @ 760031000: uvm_test_top.env.dut_sb [dut_scoreboard] 
# 
# =====[UART TXD] Data comparison =====
# 
# UVM_ERROR ./../tb/dut_scoreboard.sv(76) @ 760031000: uvm_test_top.env.dut_sb [dut_scoreboard] 
# =====[DATA FRAME: 6] FAILED!!! Expected value is 0x3c, Actual data is 0x8 =====
# UVM_INFO ./../tb/dut_scoreboard.sv(82) @ 760031000: uvm_test_top.env.dut_sb [dut_scoreboard] 
# 
# =====[UART TXD] Parity comparison =====
# 
# UVM_INFO ./../tb/dut_scoreboard.sv(88) @ 760031000: uvm_test_top.env.dut_sb [dut_scoreboard] 
# =====[PARITY MODE: 1] PASSED SUCCESSFULLY!!! =====
# UVM_INFO ./../vip/uart_vip/uart_monitor.sv(95) @ 761393000: uvm_test_top.env.uart_agt.monitor [uart_monitor] 
# ===== Baud rate actual is      38462, Baud rate expected is     115200 =====
# UVM_INFO ./../vip/uart_vip/uart_monitor.sv(181) @ 761486000: uvm_test_top.env.uart_agt.monitor [uart_monitor] Data read from DUT is -------------------------------------------
# Name         Type              Size  Value 
# -------------------------------------------
# trans        uart_transaction  -     @11249
#   direction  direction_e       32    RX    
#   data       integral          9     'h3c  
#   parity     integral          1     'h1   
#   stop_bit   integral          2     'h1   
#   baud_rate  integral          32    'h0   
# -------------------------------------------
# 
# UVM_INFO ./../tb/dut_scoreboard.sv(58) @ 761486000: uvm_test_top.env.dut_sb [SCOREBOARD] 
# ===== Captured data from UART: 0x3c
# UVM_INFO ./../testcases/uart_txd_x16_random.sv(35) @ 770031000: uvm_test_top [uart_txd_x16_random] -------------------------------------------------------------
# Name                Type                Size  Value          
# -------------------------------------------------------------
# cfg                 uart_configuration  -     @360           
#   parity_mode       parity_mode_e       32    UART_PARITY_ODD
#   sampling          sampling_mode_e     32    MODE_X16       
#   data_width        integral            32    'h6            
#   num_of_stop_bit   integral            32    'h2            
#   baud_rate         integral            32    'h960          
#   baud_rate_enable  integral            1     'h1            
#   parity_enable     integral            1     'h0            
# -------------------------------------------------------------
# 
# UVM_INFO ./../regmodel/uart_reg2ahb_adapter.sv(42) @ 770031000: reporter [uart_reg2ahb_adapter] bus2reg: address = 0x0 data = 0x0 kind = UVM_WRITE status = UVM_IS_OK
# UVM_INFO /ictc/other/tools/QuestaDVA/questasim/verilog_src/uvm-1.2/src/reg/uvm_reg_predictor.svh(221) @ 770031000: uvm_test_top.env.ahb_predictor [REG_PREDICT] Observed WRITE transaction to register regmodel.MDR: value='h0 : updated value = 'h0
# UVM_INFO ./../regmodel/uart_reg2ahb_adapter.sv(42) @ 770031000: reporter [uart_reg2ahb_adapter] bus2reg: address = 0x4 data = 0x2c kind = UVM_WRITE status = UVM_IS_OK
# UVM_INFO /ictc/other/tools/QuestaDVA/questasim/verilog_src/uvm-1.2/src/reg/uvm_reg_predictor.svh(221) @ 770031000: uvm_test_top.env.ahb_predictor [REG_PREDICT] Observed WRITE transaction to register regmodel.DLL: value='h2c : updated value = 'h2c
# UVM_INFO ./../regmodel/uart_reg2ahb_adapter.sv(42) @ 770031000: reporter [uart_reg2ahb_adapter] bus2reg: address = 0x8 data = 0xa kind = UVM_WRITE status = UVM_IS_OK
# UVM_INFO /ictc/other/tools/QuestaDVA/questasim/verilog_src/uvm-1.2/src/reg/uvm_reg_predictor.svh(221) @ 770031000: uvm_test_top.env.ahb_predictor [REG_PREDICT] Observed WRITE transaction to register regmodel.DLH: value='ha : updated value = 'ha
# UVM_INFO ./../regmodel/uart_reg2ahb_adapter.sv(42) @ 770031000: reporter [uart_reg2ahb_adapter] bus2reg: address = 0xc data = 0x2d kind = UVM_WRITE status = UVM_IS_OK
# UVM_INFO /ictc/other/tools/QuestaDVA/questasim/verilog_src/uvm-1.2/src/reg/uvm_reg_predictor.svh(221) @ 770031000: uvm_test_top.env.ahb_predictor [REG_PREDICT] Observed WRITE transaction to register regmodel.LCR: value='h2d : updated value = 'h2d
# UVM_INFO ./../regmodel/uart_reg2ahb_adapter.sv(42) @ 770031000: reporter [uart_reg2ahb_adapter] bus2reg: address = 0x18 data = 0x413a4d88 kind = UVM_WRITE status = UVM_IS_OK
# UVM_INFO /ictc/other/tools/QuestaDVA/questasim/verilog_src/uvm-1.2/src/reg/uvm_reg_predictor.svh(221) @ 770031000: uvm_test_top.env.ahb_predictor [REG_PREDICT] Observed WRITE transaction to register regmodel.TBR: value='h413a4d88 : updated value = 'h88
# UVM_INFO ./../tb/dut_scoreboard.sv(50) @ 770031000: uvm_test_top.env.dut_sb [SCOREBOARD] 
# ===== Captured data from AHB: 0x413a4d88
# UVM_INFO ./../tb/dut_scoreboard.sv(71) @ 770031000: uvm_test_top.env.dut_sb [dut_scoreboard] 
# 
# =====[UART TXD] Data comparison =====
# 
# UVM_ERROR ./../tb/dut_scoreboard.sv(76) @ 770031000: uvm_test_top.env.dut_sb [dut_scoreboard] 
# =====[DATA FRAME: 6] FAILED!!! Expected value is 0x8, Actual data is 0x3e =====
# UVM_INFO ./../tb/dut_scoreboard.sv(82) @ 770031000: uvm_test_top.env.dut_sb [dut_scoreboard] 
# 
# =====[UART TXD] Parity comparison =====
# 
# UVM_ERROR ./../tb/dut_scoreboard.sv(85) @ 770031000: uvm_test_top.env.dut_sb [dut_scoreboard] 
# =====[PARITY MODE: 1] FAILED!!! Expected parity is 0, Actual parity is 1 =====
# UVM_INFO ./../vip/uart_vip/uart_monitor.sv(95) @ 773416000: uvm_test_top.env.uart_agt.monitor [uart_monitor] 
# ===== Baud rate actual is        600, Baud rate expected is       2400 =====
# UVM_INFO ./../vip/uart_vip/uart_monitor.sv(181) @ 777996000: uvm_test_top.env.uart_agt.monitor [uart_monitor] Data read from DUT is -------------------------------------------
# Name         Type              Size  Value 
# -------------------------------------------
# trans        uart_transaction  -     @11383
#   direction  direction_e       32    RX    
#   data       integral          9     'h8   
#   parity     integral          1     'h0   
#   stop_bit   integral          2     'h1   
#   baud_rate  integral          32    'h0   
# -------------------------------------------
# 
# UVM_INFO ./../tb/dut_scoreboard.sv(58) @ 777996000: uvm_test_top.env.dut_sb [SCOREBOARD] 
# ===== Captured data from UART: 0x8
# UVM_INFO ./../testcases/uart_txd_x16_random.sv(35) @ 780031000: uvm_test_top [uart_txd_x16_random] -------------------------------------------------------------
# Name                Type                Size  Value          
# -------------------------------------------------------------
# cfg                 uart_configuration  -     @360           
#   parity_mode       parity_mode_e       32    UART_PARITY_ODD
#   sampling          sampling_mode_e     32    MODE_X16       
#   data_width        integral            32    'h6            
#   num_of_stop_bit   integral            32    'h2            
#   baud_rate         integral            32    'h12c0         
#   baud_rate_enable  integral            1     'h1            
#   parity_enable     integral            1     'h0            
# -------------------------------------------------------------
# 
# UVM_INFO ./../regmodel/uart_reg2ahb_adapter.sv(42) @ 780031000: reporter [uart_reg2ahb_adapter] bus2reg: address = 0x0 data = 0x0 kind = UVM_WRITE status = UVM_IS_OK
# UVM_INFO /ictc/other/tools/QuestaDVA/questasim/verilog_src/uvm-1.2/src/reg/uvm_reg_predictor.svh(221) @ 780031000: uvm_test_top.env.ahb_predictor [REG_PREDICT] Observed WRITE transaction to register regmodel.MDR: value='h0 : updated value = 'h0
# UVM_INFO ./../regmodel/uart_reg2ahb_adapter.sv(42) @ 780031000: reporter [uart_reg2ahb_adapter] bus2reg: address = 0x4 data = 0x16 kind = UVM_WRITE status = UVM_IS_OK
# UVM_INFO /ictc/other/tools/QuestaDVA/questasim/verilog_src/uvm-1.2/src/reg/uvm_reg_predictor.svh(221) @ 780031000: uvm_test_top.env.ahb_predictor [REG_PREDICT] Observed WRITE transaction to register regmodel.DLL: value='h16 : updated value = 'h16
# UVM_INFO ./../regmodel/uart_reg2ahb_adapter.sv(42) @ 780032000: reporter [uart_reg2ahb_adapter] bus2reg: address = 0x8 data = 0x5 kind = UVM_WRITE status = UVM_IS_OK
# UVM_INFO /ictc/other/tools/QuestaDVA/questasim/verilog_src/uvm-1.2/src/reg/uvm_reg_predictor.svh(221) @ 780032000: uvm_test_top.env.ahb_predictor [REG_PREDICT] Observed WRITE transaction to register regmodel.DLH: value='h5 : updated value = 'h5
# UVM_INFO ./../regmodel/uart_reg2ahb_adapter.sv(42) @ 780032000: reporter [uart_reg2ahb_adapter] bus2reg: address = 0xc data = 0x2d kind = UVM_WRITE status = UVM_IS_OK
# UVM_INFO /ictc/other/tools/QuestaDVA/questasim/verilog_src/uvm-1.2/src/reg/uvm_reg_predictor.svh(221) @ 780032000: uvm_test_top.env.ahb_predictor [REG_PREDICT] Observed WRITE transaction to register regmodel.LCR: value='h2d : updated value = 'h2d
# UVM_INFO ./../regmodel/uart_reg2ahb_adapter.sv(42) @ 780032000: reporter [uart_reg2ahb_adapter] bus2reg: address = 0x18 data = 0x65521db3 kind = UVM_WRITE status = UVM_IS_OK
# UVM_INFO /ictc/other/tools/QuestaDVA/questasim/verilog_src/uvm-1.2/src/reg/uvm_reg_predictor.svh(221) @ 780032000: uvm_test_top.env.ahb_predictor [REG_PREDICT] Observed WRITE transaction to register regmodel.TBR: value='h65521db3 : updated value = 'hb3
# UVM_INFO ./../tb/dut_scoreboard.sv(50) @ 780032000: uvm_test_top.env.dut_sb [SCOREBOARD] 
# ===== Captured data from AHB: 0x65521db3
# UVM_INFO ./../tb/dut_scoreboard.sv(71) @ 780032000: uvm_test_top.env.dut_sb [dut_scoreboard] 
# 
# =====[UART TXD] Data comparison =====
# 
# UVM_ERROR ./../tb/dut_scoreboard.sv(76) @ 780032000: uvm_test_top.env.dut_sb [dut_scoreboard] 
# =====[DATA FRAME: 6] FAILED!!! Expected value is 0x33, Actual data is 0x38 =====
# UVM_INFO ./../tb/dut_scoreboard.sv(82) @ 780032000: uvm_test_top.env.dut_sb [dut_scoreboard] 
# 
# =====[UART TXD] Parity comparison =====
# 
# UVM_INFO ./../tb/dut_scoreboard.sv(88) @ 780032000: uvm_test_top.env.dut_sb [dut_scoreboard] 
# =====[PARITY MODE: 1] PASSED SUCCESSFULLY!!! =====
# UVM_INFO ./../vip/uart_vip/uart_monitor.sv(95) @ 780473000: uvm_test_top.env.uart_agt.monitor [uart_monitor] 
# ===== Baud rate actual is       4796, Baud rate expected is       4800 =====
# UVM_INFO ./../vip/uart_vip/uart_monitor.sv(181) @ 784018000: uvm_test_top.env.uart_agt.monitor [uart_monitor] Data read from DUT is -------------------------------------------
# Name         Type              Size  Value 
# -------------------------------------------
# trans        uart_transaction  -     @11517
#   direction  direction_e       32    RX    
#   data       integral          9     'h33  
#   parity     integral          1     'h1   
#   stop_bit   integral          2     'h1   
#   baud_rate  integral          32    'h0   
# -------------------------------------------
# 
# UVM_INFO ./../tb/dut_scoreboard.sv(58) @ 784018000: uvm_test_top.env.dut_sb [SCOREBOARD] 
# ===== Captured data from UART: 0x33
# UVM_INFO ./../testcases/uart_txd_x16_random.sv(35) @ 790032000: uvm_test_top [uart_txd_x16_random] -------------------------------------------------------------
# Name                Type                Size  Value          
# -------------------------------------------------------------
# cfg                 uart_configuration  -     @360           
#   parity_mode       parity_mode_e       32    UART_PARITY_ODD
#   sampling          sampling_mode_e     32    MODE_X16       
#   data_width        integral            32    'h6            
#   num_of_stop_bit   integral            32    'h2            
#   baud_rate         integral            32    'h2580         
#   baud_rate_enable  integral            1     'h1            
#   parity_enable     integral            1     'h0            
# -------------------------------------------------------------
# 
# UVM_INFO ./../regmodel/uart_reg2ahb_adapter.sv(42) @ 790032000: reporter [uart_reg2ahb_adapter] bus2reg: address = 0x0 data = 0x0 kind = UVM_WRITE status = UVM_IS_OK
# UVM_INFO /ictc/other/tools/QuestaDVA/questasim/verilog_src/uvm-1.2/src/reg/uvm_reg_predictor.svh(221) @ 790032000: uvm_test_top.env.ahb_predictor [REG_PREDICT] Observed WRITE transaction to register regmodel.MDR: value='h0 : updated value = 'h0
# UVM_INFO ./../regmodel/uart_reg2ahb_adapter.sv(42) @ 790032000: reporter [uart_reg2ahb_adapter] bus2reg: address = 0x4 data = 0x16 kind = UVM_WRITE status = UVM_IS_OK
# UVM_INFO /ictc/other/tools/QuestaDVA/questasim/verilog_src/uvm-1.2/src/reg/uvm_reg_predictor.svh(221) @ 790032000: uvm_test_top.env.ahb_predictor [REG_PREDICT] Observed WRITE transaction to register regmodel.DLL: value='h16 : updated value = 'h16
# UVM_INFO ./../regmodel/uart_reg2ahb_adapter.sv(42) @ 790032000: reporter [uart_reg2ahb_adapter] bus2reg: address = 0x8 data = 0x5 kind = UVM_WRITE status = UVM_IS_OK
# UVM_INFO /ictc/other/tools/QuestaDVA/questasim/verilog_src/uvm-1.2/src/reg/uvm_reg_predictor.svh(221) @ 790032000: uvm_test_top.env.ahb_predictor [REG_PREDICT] Observed WRITE transaction to register regmodel.DLH: value='h5 : updated value = 'h5
# UVM_INFO ./../regmodel/uart_reg2ahb_adapter.sv(42) @ 790032000: reporter [uart_reg2ahb_adapter] bus2reg: address = 0xc data = 0x2d kind = UVM_WRITE status = UVM_IS_OK
# UVM_INFO /ictc/other/tools/QuestaDVA/questasim/verilog_src/uvm-1.2/src/reg/uvm_reg_predictor.svh(221) @ 790032000: uvm_test_top.env.ahb_predictor [REG_PREDICT] Observed WRITE transaction to register regmodel.LCR: value='h2d : updated value = 'h2d
# UVM_INFO ./../regmodel/uart_reg2ahb_adapter.sv(42) @ 790032000: reporter [uart_reg2ahb_adapter] bus2reg: address = 0x18 data = 0x9bc8da09 kind = UVM_WRITE status = UVM_IS_OK
# UVM_INFO /ictc/other/tools/QuestaDVA/questasim/verilog_src/uvm-1.2/src/reg/uvm_reg_predictor.svh(221) @ 790032000: uvm_test_top.env.ahb_predictor [REG_PREDICT] Observed WRITE transaction to register regmodel.TBR: value='h9bc8da09 : updated value = 'h9
# UVM_INFO ./../tb/dut_scoreboard.sv(50) @ 790032000: uvm_test_top.env.dut_sb [SCOREBOARD] 
# ===== Captured data from AHB: 0x9bc8da09
# UVM_INFO ./../tb/dut_scoreboard.sv(71) @ 790032000: uvm_test_top.env.dut_sb [dut_scoreboard] 
# 
# =====[UART TXD] Data comparison =====
# 
# UVM_ERROR ./../tb/dut_scoreboard.sv(76) @ 790032000: uvm_test_top.env.dut_sb [dut_scoreboard] 
# =====[DATA FRAME: 6] FAILED!!! Expected value is 0x9, Actual data is 0x28 =====
# UVM_INFO ./../tb/dut_scoreboard.sv(82) @ 790032000: uvm_test_top.env.dut_sb [dut_scoreboard] 
# 
# =====[UART TXD] Parity comparison =====
# 
# UVM_ERROR ./../tb/dut_scoreboard.sv(85) @ 790032000: uvm_test_top.env.dut_sb [dut_scoreboard] 
# =====[PARITY MODE: 1] FAILED!!! Expected parity is 1, Actual parity is 0 =====
# UVM_INFO ./../vip/uart_vip/uart_monitor.sv(95) @ 790472000: uvm_test_top.env.uart_agt.monitor [uart_monitor] 
# ===== Baud rate actual is       4808, Baud rate expected is       9600 =====
# UVM_INFO ./../vip/uart_vip/uart_monitor.sv(181) @ 792032000: uvm_test_top.env.uart_agt.monitor [uart_monitor] Data read from DUT is -------------------------------------------
# Name         Type              Size  Value 
# -------------------------------------------
# trans        uart_transaction  -     @11651
#   direction  direction_e       32    RX    
#   data       integral          9     'h6   
#   parity     integral          1     'h0   
#   stop_bit   integral          2     'h1   
#   baud_rate  integral          32    'h0   
# -------------------------------------------
# 
# UVM_INFO ./../tb/dut_scoreboard.sv(58) @ 792032000: uvm_test_top.env.dut_sb [SCOREBOARD] 
# ===== Captured data from UART: 0x6
# UVM_INFO ./../vip/uart_vip/uart_monitor.sv(181) @ 794115000: uvm_test_top.env.uart_agt.monitor [uart_monitor] Data read from DUT is -------------------------------------------
# Name         Type              Size  Value 
# -------------------------------------------
# trans        uart_transaction  -     @11785
#   direction  direction_e       32    RX    
#   data       integral          9     'h20  
#   parity     integral          1     'h1   
#   stop_bit   integral          2     'h1   
#   baud_rate  integral          32    'h0   
# -------------------------------------------
# 
# UVM_INFO ./../tb/dut_scoreboard.sv(58) @ 794115000: uvm_test_top.env.dut_sb [SCOREBOARD] 
# ===== Captured data from UART: 0x20
# UVM_INFO ./../testcases/uart_txd_x16_random.sv(35) @ 800032000: uvm_test_top [uart_txd_x16_random] -------------------------------------------------------------
# Name                Type                Size  Value          
# -------------------------------------------------------------
# cfg                 uart_configuration  -     @360           
#   parity_mode       parity_mode_e       32    UART_PARITY_ODD
#   sampling          sampling_mode_e     32    MODE_X16       
#   data_width        integral            32    'h6            
#   num_of_stop_bit   integral            32    'h2            
#   baud_rate         integral            32    'h4b00         
#   baud_rate_enable  integral            1     'h1            
#   parity_enable     integral            1     'h0            
# -------------------------------------------------------------
# 
# UVM_INFO ./../regmodel/uart_reg2ahb_adapter.sv(42) @ 800032000: reporter [uart_reg2ahb_adapter] bus2reg: address = 0x0 data = 0x0 kind = UVM_WRITE status = UVM_IS_OK
# UVM_INFO /ictc/other/tools/QuestaDVA/questasim/verilog_src/uvm-1.2/src/reg/uvm_reg_predictor.svh(221) @ 800032000: uvm_test_top.env.ahb_predictor [REG_PREDICT] Observed WRITE transaction to register regmodel.MDR: value='h0 : updated value = 'h0
# UVM_INFO ./../regmodel/uart_reg2ahb_adapter.sv(42) @ 800032000: reporter [uart_reg2ahb_adapter] bus2reg: address = 0x4 data = 0x45 kind = UVM_WRITE status = UVM_IS_OK
# UVM_INFO /ictc/other/tools/QuestaDVA/questasim/verilog_src/uvm-1.2/src/reg/uvm_reg_predictor.svh(221) @ 800032000: uvm_test_top.env.ahb_predictor [REG_PREDICT] Observed WRITE transaction to register regmodel.DLL: value='h45 : updated value = 'h45
# UVM_INFO ./../regmodel/uart_reg2ahb_adapter.sv(42) @ 800032000: reporter [uart_reg2ahb_adapter] bus2reg: address = 0x8 data = 0x1 kind = UVM_WRITE status = UVM_IS_OK
# UVM_INFO /ictc/other/tools/QuestaDVA/questasim/verilog_src/uvm-1.2/src/reg/uvm_reg_predictor.svh(221) @ 800032000: uvm_test_top.env.ahb_predictor [REG_PREDICT] Observed WRITE transaction to register regmodel.DLH: value='h1 : updated value = 'h1
# UVM_INFO ./../regmodel/uart_reg2ahb_adapter.sv(42) @ 800032000: reporter [uart_reg2ahb_adapter] bus2reg: address = 0xc data = 0x2d kind = UVM_WRITE status = UVM_IS_OK
# UVM_INFO /ictc/other/tools/QuestaDVA/questasim/verilog_src/uvm-1.2/src/reg/uvm_reg_predictor.svh(221) @ 800032000: uvm_test_top.env.ahb_predictor [REG_PREDICT] Observed WRITE transaction to register regmodel.LCR: value='h2d : updated value = 'h2d
# UVM_INFO ./../regmodel/uart_reg2ahb_adapter.sv(42) @ 800033000: reporter [uart_reg2ahb_adapter] bus2reg: address = 0x18 data = 0xee3d73a6 kind = UVM_WRITE status = UVM_IS_OK
# UVM_INFO /ictc/other/tools/QuestaDVA/questasim/verilog_src/uvm-1.2/src/reg/uvm_reg_predictor.svh(221) @ 800033000: uvm_test_top.env.ahb_predictor [REG_PREDICT] Observed WRITE transaction to register regmodel.TBR: value='hee3d73a6 : updated value = 'ha6
# UVM_INFO ./../tb/dut_scoreboard.sv(50) @ 800033000: uvm_test_top.env.dut_sb [SCOREBOARD] 
# ===== Captured data from AHB: 0xee3d73a6
# UVM_INFO ./../tb/dut_scoreboard.sv(71) @ 800033000: uvm_test_top.env.dut_sb [dut_scoreboard] 
# 
# =====[UART TXD] Data comparison =====
# 
# UVM_ERROR ./../tb/dut_scoreboard.sv(76) @ 800033000: uvm_test_top.env.dut_sb [dut_scoreboard] 
# =====[DATA FRAME: 6] FAILED!!! Expected value is 0x26, Actual data is 0x20 =====
# UVM_INFO ./../tb/dut_scoreboard.sv(82) @ 800033000: uvm_test_top.env.dut_sb [dut_scoreboard] 
# 
# =====[UART TXD] Parity comparison =====
# 
# UVM_INFO ./../tb/dut_scoreboard.sv(88) @ 800033000: uvm_test_top.env.dut_sb [dut_scoreboard] 
# =====[PARITY MODE: 1] PASSED SUCCESSFULLY!!! =====
# UVM_INFO ./../vip/uart_vip/uart_monitor.sv(95) @ 800243000: uvm_test_top.env.uart_agt.monitor [uart_monitor] 
# ===== Baud rate actual is       9615, Baud rate expected is      19200 =====
# UVM_INFO ./../vip/uart_vip/uart_monitor.sv(181) @ 801023000: uvm_test_top.env.uart_agt.monitor [uart_monitor] Data read from DUT is -------------------------------------------
# Name         Type              Size  Value 
# -------------------------------------------
# trans        uart_transaction  -     @11793
#   direction  direction_e       32    RX    
#   data       integral          9     'h26  
#   parity     integral          1     'h0   
#   stop_bit   integral          2     'h1   
#   baud_rate  integral          32    'h0   
# -------------------------------------------
# 
# UVM_INFO ./../tb/dut_scoreboard.sv(58) @ 801023000: uvm_test_top.env.dut_sb [SCOREBOARD] 
# ===== Captured data from UART: 0x26
# UVM_INFO ./../testcases/uart_txd_x16_random.sv(35) @ 810033000: uvm_test_top [uart_txd_x16_random] -------------------------------------------------------------
# Name                Type                Size  Value          
# -------------------------------------------------------------
# cfg                 uart_configuration  -     @360           
#   parity_mode       parity_mode_e       32    UART_PARITY_ODD
#   sampling          sampling_mode_e     32    MODE_X16       
#   data_width        integral            32    'h6            
#   num_of_stop_bit   integral            32    'h2            
#   baud_rate         integral            32    'h9600         
#   baud_rate_enable  integral            1     'h1            
#   parity_enable     integral            1     'h0            
# -------------------------------------------------------------
# 
# UVM_INFO ./../regmodel/uart_reg2ahb_adapter.sv(42) @ 810033000: reporter [uart_reg2ahb_adapter] bus2reg: address = 0x0 data = 0x0 kind = UVM_WRITE status = UVM_IS_OK
# UVM_INFO /ictc/other/tools/QuestaDVA/questasim/verilog_src/uvm-1.2/src/reg/uvm_reg_predictor.svh(221) @ 810033000: uvm_test_top.env.ahb_predictor [REG_PREDICT] Observed WRITE transaction to register regmodel.MDR: value='h0 : updated value = 'h0
# UVM_INFO ./../regmodel/uart_reg2ahb_adapter.sv(42) @ 810033000: reporter [uart_reg2ahb_adapter] bus2reg: address = 0x4 data = 0xa4 kind = UVM_WRITE status = UVM_IS_OK
# UVM_INFO /ictc/other/tools/QuestaDVA/questasim/verilog_src/uvm-1.2/src/reg/uvm_reg_predictor.svh(221) @ 810033000: uvm_test_top.env.ahb_predictor [REG_PREDICT] Observed WRITE transaction to register regmodel.DLL: value='ha4 : updated value = 'ha4
# UVM_INFO ./../regmodel/uart_reg2ahb_adapter.sv(42) @ 810033000: reporter [uart_reg2ahb_adapter] bus2reg: address = 0x8 data = 0x0 kind = UVM_WRITE status = UVM_IS_OK
# UVM_INFO /ictc/other/tools/QuestaDVA/questasim/verilog_src/uvm-1.2/src/reg/uvm_reg_predictor.svh(221) @ 810033000: uvm_test_top.env.ahb_predictor [REG_PREDICT] Observed WRITE transaction to register regmodel.DLH: value='h0 : updated value = 'h0
# UVM_INFO ./../regmodel/uart_reg2ahb_adapter.sv(42) @ 810033000: reporter [uart_reg2ahb_adapter] bus2reg: address = 0xc data = 0x2d kind = UVM_WRITE status = UVM_IS_OK
# UVM_INFO /ictc/other/tools/QuestaDVA/questasim/verilog_src/uvm-1.2/src/reg/uvm_reg_predictor.svh(221) @ 810033000: uvm_test_top.env.ahb_predictor [REG_PREDICT] Observed WRITE transaction to register regmodel.LCR: value='h2d : updated value = 'h2d
# UVM_INFO ./../regmodel/uart_reg2ahb_adapter.sv(42) @ 810033000: reporter [uart_reg2ahb_adapter] bus2reg: address = 0x18 data = 0x5b563eb5 kind = UVM_WRITE status = UVM_IS_OK
# UVM_INFO /ictc/other/tools/QuestaDVA/questasim/verilog_src/uvm-1.2/src/reg/uvm_reg_predictor.svh(221) @ 810033000: uvm_test_top.env.ahb_predictor [REG_PREDICT] Observed WRITE transaction to register regmodel.TBR: value='h5b563eb5 : updated value = 'hb5
# UVM_INFO ./../tb/dut_scoreboard.sv(50) @ 810033000: uvm_test_top.env.dut_sb [SCOREBOARD] 
# ===== Captured data from AHB: 0x5b563eb5
# UVM_INFO ./../tb/dut_scoreboard.sv(71) @ 810033000: uvm_test_top.env.dut_sb [dut_scoreboard] 
# 
# =====[UART TXD] Data comparison =====
# 
# UVM_ERROR ./../tb/dut_scoreboard.sv(76) @ 810033000: uvm_test_top.env.dut_sb [dut_scoreboard] 
# =====[DATA FRAME: 6] FAILED!!! Expected value is 0x35, Actual data is 0x1 =====
# UVM_INFO ./../tb/dut_scoreboard.sv(82) @ 810033000: uvm_test_top.env.dut_sb [dut_scoreboard] 
# 
# =====[UART TXD] Parity comparison =====
# 
# UVM_ERROR ./../tb/dut_scoreboard.sv(85) @ 810033000: uvm_test_top.env.dut_sb [dut_scoreboard] 
# =====[PARITY MODE: 1] FAILED!!! Expected parity is 1, Actual parity is 0 =====
# UVM_INFO ./../vip/uart_vip/uart_monitor.sv(95) @ 810088000: uvm_test_top.env.uart_agt.monitor [uart_monitor] 
# ===== Baud rate actual is      38462, Baud rate expected is      38400 =====
# UVM_INFO ./../vip/uart_vip/uart_monitor.sv(181) @ 810530000: uvm_test_top.env.uart_agt.monitor [uart_monitor] Data read from DUT is -------------------------------------------
# Name         Type              Size  Value 
# -------------------------------------------
# trans        uart_transaction  -     @11927
#   direction  direction_e       32    RX    
#   data       integral          9     'h35  
#   parity     integral          1     'h1   
#   stop_bit   integral          2     'h1   
#   baud_rate  integral          32    'h0   
# -------------------------------------------
# 
# UVM_INFO ./../tb/dut_scoreboard.sv(58) @ 810530000: uvm_test_top.env.dut_sb [SCOREBOARD] 
# ===== Captured data from UART: 0x35
# UVM_INFO ./../testcases/uart_txd_x16_random.sv(35) @ 820033000: uvm_test_top [uart_txd_x16_random] -------------------------------------------------------------
# Name                Type                Size  Value          
# -------------------------------------------------------------
# cfg                 uart_configuration  -     @360           
#   parity_mode       parity_mode_e       32    UART_PARITY_ODD
#   sampling          sampling_mode_e     32    MODE_X16       
#   data_width        integral            32    'h6            
#   num_of_stop_bit   integral            32    'h2            
#   baud_rate         integral            32    'h12c00        
#   baud_rate_enable  integral            1     'h1            
#   parity_enable     integral            1     'h0            
# -------------------------------------------------------------
# 
# UVM_INFO ./../regmodel/uart_reg2ahb_adapter.sv(42) @ 820033000: reporter [uart_reg2ahb_adapter] bus2reg: address = 0x0 data = 0x0 kind = UVM_WRITE status = UVM_IS_OK
# UVM_INFO /ictc/other/tools/QuestaDVA/questasim/verilog_src/uvm-1.2/src/reg/uvm_reg_predictor.svh(221) @ 820033000: uvm_test_top.env.ahb_predictor [REG_PREDICT] Observed WRITE transaction to register regmodel.MDR: value='h0 : updated value = 'h0
# UVM_INFO ./../regmodel/uart_reg2ahb_adapter.sv(42) @ 820033000: reporter [uart_reg2ahb_adapter] bus2reg: address = 0x4 data = 0x51 kind = UVM_WRITE status = UVM_IS_OK
# UVM_INFO /ictc/other/tools/QuestaDVA/questasim/verilog_src/uvm-1.2/src/reg/uvm_reg_predictor.svh(221) @ 820033000: uvm_test_top.env.ahb_predictor [REG_PREDICT] Observed WRITE transaction to register regmodel.DLL: value='h51 : updated value = 'h51
# UVM_INFO ./../regmodel/uart_reg2ahb_adapter.sv(42) @ 820033000: reporter [uart_reg2ahb_adapter] bus2reg: address = 0x8 data = 0x0 kind = UVM_WRITE status = UVM_IS_OK
# UVM_INFO /ictc/other/tools/QuestaDVA/questasim/verilog_src/uvm-1.2/src/reg/uvm_reg_predictor.svh(221) @ 820033000: uvm_test_top.env.ahb_predictor [REG_PREDICT] Observed WRITE transaction to register regmodel.DLH: value='h0 : updated value = 'h0
# UVM_INFO ./../regmodel/uart_reg2ahb_adapter.sv(42) @ 820033000: reporter [uart_reg2ahb_adapter] bus2reg: address = 0xc data = 0x2d kind = UVM_WRITE status = UVM_IS_OK
# UVM_INFO /ictc/other/tools/QuestaDVA/questasim/verilog_src/uvm-1.2/src/reg/uvm_reg_predictor.svh(221) @ 820033000: uvm_test_top.env.ahb_predictor [REG_PREDICT] Observed WRITE transaction to register regmodel.LCR: value='h2d : updated value = 'h2d
# UVM_INFO ./../regmodel/uart_reg2ahb_adapter.sv(42) @ 820033000: reporter [uart_reg2ahb_adapter] bus2reg: address = 0x18 data = 0x9d9df76 kind = UVM_WRITE status = UVM_IS_OK
# UVM_INFO /ictc/other/tools/QuestaDVA/questasim/verilog_src/uvm-1.2/src/reg/uvm_reg_predictor.svh(221) @ 820033000: uvm_test_top.env.ahb_predictor [REG_PREDICT] Observed WRITE transaction to register regmodel.TBR: value='h9d9df76 : updated value = 'h76
# UVM_INFO ./../tb/dut_scoreboard.sv(50) @ 820033000: uvm_test_top.env.dut_sb [SCOREBOARD] 
# ===== Captured data from AHB: 0x9d9df76
# UVM_INFO ./../tb/dut_scoreboard.sv(71) @ 820033000: uvm_test_top.env.dut_sb [dut_scoreboard] 
# 
# =====[UART TXD] Data comparison =====
# 
# UVM_ERROR ./../tb/dut_scoreboard.sv(76) @ 820033000: uvm_test_top.env.dut_sb [dut_scoreboard] 
# =====[DATA FRAME: 6] FAILED!!! Expected value is 0x36, Actual data is 0x3c =====
# UVM_INFO ./../tb/dut_scoreboard.sv(82) @ 820033000: uvm_test_top.env.dut_sb [dut_scoreboard] 
# 
# =====[UART TXD] Parity comparison =====
# 
# UVM_INFO ./../tb/dut_scoreboard.sv(88) @ 820033000: uvm_test_top.env.dut_sb [dut_scoreboard] 
# =====[PARITY MODE: 1] PASSED SUCCESSFULLY!!! =====
# UVM_INFO ./../vip/uart_vip/uart_monitor.sv(95) @ 821394000: uvm_test_top.env.uart_agt.monitor [uart_monitor] 
# ===== Baud rate actual is      38462, Baud rate expected is      76800 =====
# UVM_INFO ./../vip/uart_vip/uart_monitor.sv(181) @ 821589000: uvm_test_top.env.uart_agt.monitor [uart_monitor] Data read from DUT is -------------------------------------------
# Name         Type              Size  Value 
# -------------------------------------------
# trans        uart_transaction  -     @12061
#   direction  direction_e       32    RX    
#   data       integral          9     'h36  
#   parity     integral          1     'h1   
#   stop_bit   integral          2     'h1   
#   baud_rate  integral          32    'h0   
# -------------------------------------------
# 
# UVM_INFO ./../tb/dut_scoreboard.sv(58) @ 821589000: uvm_test_top.env.dut_sb [SCOREBOARD] 
# ===== Captured data from UART: 0x36
# UVM_INFO ./../testcases/uart_txd_x16_random.sv(35) @ 830033000: uvm_test_top [uart_txd_x16_random] -------------------------------------------------------------
# Name                Type                Size  Value          
# -------------------------------------------------------------
# cfg                 uart_configuration  -     @360           
#   parity_mode       parity_mode_e       32    UART_PARITY_ODD
#   sampling          sampling_mode_e     32    MODE_X16       
#   data_width        integral            32    'h6            
#   num_of_stop_bit   integral            32    'h2            
#   baud_rate         integral            32    'h1c200        
#   baud_rate_enable  integral            1     'h1            
#   parity_enable     integral            1     'h0            
# -------------------------------------------------------------
# 
# UVM_INFO ./../regmodel/uart_reg2ahb_adapter.sv(42) @ 830033000: reporter [uart_reg2ahb_adapter] bus2reg: address = 0x0 data = 0x0 kind = UVM_WRITE status = UVM_IS_OK
# UVM_INFO /ictc/other/tools/QuestaDVA/questasim/verilog_src/uvm-1.2/src/reg/uvm_reg_predictor.svh(221) @ 830033000: uvm_test_top.env.ahb_predictor [REG_PREDICT] Observed WRITE transaction to register regmodel.MDR: value='h0 : updated value = 'h0
# UVM_INFO ./../regmodel/uart_reg2ahb_adapter.sv(42) @ 830033000: reporter [uart_reg2ahb_adapter] bus2reg: address = 0x4 data = 0x36 kind = UVM_WRITE status = UVM_IS_OK
# UVM_INFO /ictc/other/tools/QuestaDVA/questasim/verilog_src/uvm-1.2/src/reg/uvm_reg_predictor.svh(221) @ 830033000: uvm_test_top.env.ahb_predictor [REG_PREDICT] Observed WRITE transaction to register regmodel.DLL: value='h36 : updated value = 'h36
# UVM_INFO ./../regmodel/uart_reg2ahb_adapter.sv(42) @ 830034000: reporter [uart_reg2ahb_adapter] bus2reg: address = 0x8 data = 0x0 kind = UVM_WRITE status = UVM_IS_OK
# UVM_INFO /ictc/other/tools/QuestaDVA/questasim/verilog_src/uvm-1.2/src/reg/uvm_reg_predictor.svh(221) @ 830034000: uvm_test_top.env.ahb_predictor [REG_PREDICT] Observed WRITE transaction to register regmodel.DLH: value='h0 : updated value = 'h0
# UVM_INFO ./../regmodel/uart_reg2ahb_adapter.sv(42) @ 830034000: reporter [uart_reg2ahb_adapter] bus2reg: address = 0xc data = 0x2d kind = UVM_WRITE status = UVM_IS_OK
# UVM_INFO /ictc/other/tools/QuestaDVA/questasim/verilog_src/uvm-1.2/src/reg/uvm_reg_predictor.svh(221) @ 830034000: uvm_test_top.env.ahb_predictor [REG_PREDICT] Observed WRITE transaction to register regmodel.LCR: value='h2d : updated value = 'h2d
# UVM_INFO ./../regmodel/uart_reg2ahb_adapter.sv(42) @ 830034000: reporter [uart_reg2ahb_adapter] bus2reg: address = 0x18 data = 0xd38eb968 kind = UVM_WRITE status = UVM_IS_OK
# UVM_INFO /ictc/other/tools/QuestaDVA/questasim/verilog_src/uvm-1.2/src/reg/uvm_reg_predictor.svh(221) @ 830034000: uvm_test_top.env.ahb_predictor [REG_PREDICT] Observed WRITE transaction to register regmodel.TBR: value='hd38eb968 : updated value = 'h68
# UVM_INFO ./../tb/dut_scoreboard.sv(50) @ 830034000: uvm_test_top.env.dut_sb [SCOREBOARD] 
# ===== Captured data from AHB: 0xd38eb968
# UVM_INFO ./../tb/dut_scoreboard.sv(71) @ 830034000: uvm_test_top.env.dut_sb [dut_scoreboard] 
# 
# =====[UART TXD] Data comparison =====
# 
# UVM_ERROR ./../tb/dut_scoreboard.sv(76) @ 830034000: uvm_test_top.env.dut_sb [dut_scoreboard] 
# =====[DATA FRAME: 6] FAILED!!! Expected value is 0x28, Actual data is 0x8 =====
# UVM_INFO ./../tb/dut_scoreboard.sv(82) @ 830034000: uvm_test_top.env.dut_sb [dut_scoreboard] 
# 
# =====[UART TXD] Parity comparison =====
# 
# UVM_ERROR ./../tb/dut_scoreboard.sv(85) @ 830034000: uvm_test_top.env.dut_sb [dut_scoreboard] 
# =====[PARITY MODE: 1] FAILED!!! Expected parity is 1, Actual parity is 0 =====
# UVM_INFO ./../vip/uart_vip/uart_monitor.sv(95) @ 830104000: uvm_test_top.env.uart_agt.monitor [uart_monitor] 
# ===== Baud rate actual is      28986, Baud rate expected is     115200 =====
# UVM_INFO ./../vip/uart_vip/uart_monitor.sv(181) @ 830196000: uvm_test_top.env.uart_agt.monitor [uart_monitor] Data read from DUT is -------------------------------------------
# Name         Type              Size  Value 
# -------------------------------------------
# trans        uart_transaction  -     @12195
#   direction  direction_e       32    RX    
#   data       integral          9     'h28  
#   parity     integral          1     'h1   
#   stop_bit   integral          2     'h1   
#   baud_rate  integral          32    'h0   
# -------------------------------------------
# 
# UVM_INFO ./../tb/dut_scoreboard.sv(58) @ 830196000: uvm_test_top.env.dut_sb [SCOREBOARD] 
# ===== Captured data from UART: 0x28
# UVM_INFO ./../testcases/uart_txd_x16_random.sv(35) @ 840034000: uvm_test_top [uart_txd_x16_random] -------------------------------------------------------------
# Name                Type                Size  Value          
# -------------------------------------------------------------
# cfg                 uart_configuration  -     @360           
#   parity_mode       parity_mode_e       32    UART_PARITY_ODD
#   sampling          sampling_mode_e     32    MODE_X16       
#   data_width        integral            32    'h7            
#   num_of_stop_bit   integral            32    'h1            
#   baud_rate         integral            32    'h960          
#   baud_rate_enable  integral            1     'h1            
#   parity_enable     integral            1     'h0            
# -------------------------------------------------------------
# 
# UVM_INFO ./../regmodel/uart_reg2ahb_adapter.sv(42) @ 840034000: reporter [uart_reg2ahb_adapter] bus2reg: address = 0x0 data = 0x0 kind = UVM_WRITE status = UVM_IS_OK
# UVM_INFO /ictc/other/tools/QuestaDVA/questasim/verilog_src/uvm-1.2/src/reg/uvm_reg_predictor.svh(221) @ 840034000: uvm_test_top.env.ahb_predictor [REG_PREDICT] Observed WRITE transaction to register regmodel.MDR: value='h0 : updated value = 'h0
# UVM_INFO ./../regmodel/uart_reg2ahb_adapter.sv(42) @ 840034000: reporter [uart_reg2ahb_adapter] bus2reg: address = 0x4 data = 0x2c kind = UVM_WRITE status = UVM_IS_OK
# UVM_INFO /ictc/other/tools/QuestaDVA/questasim/verilog_src/uvm-1.2/src/reg/uvm_reg_predictor.svh(221) @ 840034000: uvm_test_top.env.ahb_predictor [REG_PREDICT] Observed WRITE transaction to register regmodel.DLL: value='h2c : updated value = 'h2c
# UVM_INFO ./../regmodel/uart_reg2ahb_adapter.sv(42) @ 840034000: reporter [uart_reg2ahb_adapter] bus2reg: address = 0x8 data = 0xa kind = UVM_WRITE status = UVM_IS_OK
# UVM_INFO /ictc/other/tools/QuestaDVA/questasim/verilog_src/uvm-1.2/src/reg/uvm_reg_predictor.svh(221) @ 840034000: uvm_test_top.env.ahb_predictor [REG_PREDICT] Observed WRITE transaction to register regmodel.DLH: value='ha : updated value = 'ha
# UVM_INFO ./../regmodel/uart_reg2ahb_adapter.sv(42) @ 840034000: reporter [uart_reg2ahb_adapter] bus2reg: address = 0xc data = 0x2a kind = UVM_WRITE status = UVM_IS_OK
# UVM_INFO /ictc/other/tools/QuestaDVA/questasim/verilog_src/uvm-1.2/src/reg/uvm_reg_predictor.svh(221) @ 840034000: uvm_test_top.env.ahb_predictor [REG_PREDICT] Observed WRITE transaction to register regmodel.LCR: value='h2a : updated value = 'h2a
# UVM_INFO ./../regmodel/uart_reg2ahb_adapter.sv(42) @ 840034000: reporter [uart_reg2ahb_adapter] bus2reg: address = 0x18 data = 0xea00eb3d kind = UVM_WRITE status = UVM_IS_OK
# UVM_INFO /ictc/other/tools/QuestaDVA/questasim/verilog_src/uvm-1.2/src/reg/uvm_reg_predictor.svh(221) @ 840034000: uvm_test_top.env.ahb_predictor [REG_PREDICT] Observed WRITE transaction to register regmodel.TBR: value='hea00eb3d : updated value = 'h3d
# UVM_INFO ./../tb/dut_scoreboard.sv(50) @ 840034000: uvm_test_top.env.dut_sb [SCOREBOARD] 
# ===== Captured data from AHB: 0xea00eb3d
# UVM_INFO ./../tb/dut_scoreboard.sv(71) @ 840034000: uvm_test_top.env.dut_sb [dut_scoreboard] 
# 
# =====[UART TXD] Data comparison =====
# 
# UVM_ERROR ./../tb/dut_scoreboard.sv(76) @ 840034000: uvm_test_top.env.dut_sb [dut_scoreboard] 
# =====[DATA FRAME: 7] FAILED!!! Expected value is 0x3d, Actual data is 0x33 =====
# UVM_INFO ./../tb/dut_scoreboard.sv(82) @ 840034000: uvm_test_top.env.dut_sb [dut_scoreboard] 
# 
# =====[UART TXD] Parity comparison =====
# 
# UVM_ERROR ./../tb/dut_scoreboard.sv(85) @ 840034000: uvm_test_top.env.dut_sb [dut_scoreboard] 
# =====[PARITY MODE: 1] FAILED!!! Expected parity is 0, Actual parity is 1 =====
# UVM_INFO ./../vip/uart_vip/uart_monitor.sv(95) @ 840919000: uvm_test_top.env.uart_agt.monitor [uart_monitor] 
# ===== Baud rate actual is       2398, Baud rate expected is       2400 =====
# UVM_INFO ./../vip/uart_vip/uart_monitor.sv(181) @ 847999000: uvm_test_top.env.uart_agt.monitor [uart_monitor] Data read from DUT is -------------------------------------------
# Name         Type              Size  Value 
# -------------------------------------------
# trans        uart_transaction  -     @12329
#   direction  direction_e       32    RX    
#   data       integral          9     'h3d  
#   parity     integral          1     'h1   
#   stop_bit   integral          2     'h1   
#   baud_rate  integral          32    'h0   
# -------------------------------------------
# 
# UVM_INFO ./../tb/dut_scoreboard.sv(58) @ 847999000: uvm_test_top.env.dut_sb [SCOREBOARD] 
# ===== Captured data from UART: 0x3d
# UVM_INFO ./../testcases/uart_txd_x16_random.sv(35) @ 850034000: uvm_test_top [uart_txd_x16_random] -------------------------------------------------------------
# Name                Type                Size  Value          
# -------------------------------------------------------------
# cfg                 uart_configuration  -     @360           
#   parity_mode       parity_mode_e       32    UART_PARITY_ODD
#   sampling          sampling_mode_e     32    MODE_X16       
#   data_width        integral            32    'h7            
#   num_of_stop_bit   integral            32    'h1            
#   baud_rate         integral            32    'h12c0         
#   baud_rate_enable  integral            1     'h1            
#   parity_enable     integral            1     'h0            
# -------------------------------------------------------------
# 
# UVM_INFO ./../regmodel/uart_reg2ahb_adapter.sv(42) @ 850034000: reporter [uart_reg2ahb_adapter] bus2reg: address = 0x0 data = 0x0 kind = UVM_WRITE status = UVM_IS_OK
# UVM_INFO /ictc/other/tools/QuestaDVA/questasim/verilog_src/uvm-1.2/src/reg/uvm_reg_predictor.svh(221) @ 850034000: uvm_test_top.env.ahb_predictor [REG_PREDICT] Observed WRITE transaction to register regmodel.MDR: value='h0 : updated value = 'h0
# UVM_INFO ./../regmodel/uart_reg2ahb_adapter.sv(42) @ 850034000: reporter [uart_reg2ahb_adapter] bus2reg: address = 0x4 data = 0x16 kind = UVM_WRITE status = UVM_IS_OK
# UVM_INFO /ictc/other/tools/QuestaDVA/questasim/verilog_src/uvm-1.2/src/reg/uvm_reg_predictor.svh(221) @ 850034000: uvm_test_top.env.ahb_predictor [REG_PREDICT] Observed WRITE transaction to register regmodel.DLL: value='h16 : updated value = 'h16
# UVM_INFO ./../regmodel/uart_reg2ahb_adapter.sv(42) @ 850034000: reporter [uart_reg2ahb_adapter] bus2reg: address = 0x8 data = 0x5 kind = UVM_WRITE status = UVM_IS_OK
# UVM_INFO /ictc/other/tools/QuestaDVA/questasim/verilog_src/uvm-1.2/src/reg/uvm_reg_predictor.svh(221) @ 850034000: uvm_test_top.env.ahb_predictor [REG_PREDICT] Observed WRITE transaction to register regmodel.DLH: value='h5 : updated value = 'h5
# UVM_INFO ./../regmodel/uart_reg2ahb_adapter.sv(42) @ 850034000: reporter [uart_reg2ahb_adapter] bus2reg: address = 0xc data = 0x2a kind = UVM_WRITE status = UVM_IS_OK
# UVM_INFO /ictc/other/tools/QuestaDVA/questasim/verilog_src/uvm-1.2/src/reg/uvm_reg_predictor.svh(221) @ 850034000: uvm_test_top.env.ahb_predictor [REG_PREDICT] Observed WRITE transaction to register regmodel.LCR: value='h2a : updated value = 'h2a
# UVM_INFO ./../regmodel/uart_reg2ahb_adapter.sv(42) @ 850035000: reporter [uart_reg2ahb_adapter] bus2reg: address = 0x18 data = 0xfe585e5a kind = UVM_WRITE status = UVM_IS_OK
# UVM_INFO /ictc/other/tools/QuestaDVA/questasim/verilog_src/uvm-1.2/src/reg/uvm_reg_predictor.svh(221) @ 850035000: uvm_test_top.env.ahb_predictor [REG_PREDICT] Observed WRITE transaction to register regmodel.TBR: value='hfe585e5a : updated value = 'h5a
# UVM_INFO ./../tb/dut_scoreboard.sv(50) @ 850035000: uvm_test_top.env.dut_sb [SCOREBOARD] 
# ===== Captured data from AHB: 0xfe585e5a
# UVM_INFO ./../tb/dut_scoreboard.sv(71) @ 850035000: uvm_test_top.env.dut_sb [dut_scoreboard] 
# 
# =====[UART TXD] Data comparison =====
# 
# UVM_ERROR ./../tb/dut_scoreboard.sv(76) @ 850035000: uvm_test_top.env.dut_sb [dut_scoreboard] 
# =====[DATA FRAME: 7] FAILED!!! Expected value is 0x5a, Actual data is 0x6 =====
# UVM_INFO ./../tb/dut_scoreboard.sv(82) @ 850035000: uvm_test_top.env.dut_sb [dut_scoreboard] 
# 
# =====[UART TXD] Parity comparison =====
# 
# UVM_ERROR ./../tb/dut_scoreboard.sv(85) @ 850035000: uvm_test_top.env.dut_sb [dut_scoreboard] 
# =====[PARITY MODE: 1] FAILED!!! Expected parity is 1, Actual parity is 0 =====
# UVM_INFO ./../vip/uart_vip/uart_monitor.sv(95) @ 850892000: uvm_test_top.env.uart_agt.monitor [uart_monitor] 
# ===== Baud rate actual is       2401, Baud rate expected is       4800 =====
# UVM_INFO ./../vip/uart_vip/uart_monitor.sv(181) @ 854020000: uvm_test_top.env.uart_agt.monitor [uart_monitor] Data read from DUT is -------------------------------------------
# Name         Type              Size  Value 
# -------------------------------------------
# trans        uart_transaction  -     @12463
#   direction  direction_e       32    RX    
#   data       integral          9     'h5a  
#   parity     integral          1     'h0   
#   stop_bit   integral          2     'h1   
#   baud_rate  integral          32    'h0   
# -------------------------------------------
# 
# UVM_INFO ./../tb/dut_scoreboard.sv(58) @ 854020000: uvm_test_top.env.dut_sb [SCOREBOARD] 
# ===== Captured data from UART: 0x5a
# UVM_INFO ./../testcases/uart_txd_x16_random.sv(35) @ 860035000: uvm_test_top [uart_txd_x16_random] -------------------------------------------------------------
# Name                Type                Size  Value          
# -------------------------------------------------------------
# cfg                 uart_configuration  -     @360           
#   parity_mode       parity_mode_e       32    UART_PARITY_ODD
#   sampling          sampling_mode_e     32    MODE_X16       
#   data_width        integral            32    'h7            
#   num_of_stop_bit   integral            32    'h1            
#   baud_rate         integral            32    'h2580         
#   baud_rate_enable  integral            1     'h1            
#   parity_enable     integral            1     'h0            
# -------------------------------------------------------------
# 
# UVM_INFO ./../regmodel/uart_reg2ahb_adapter.sv(42) @ 860035000: reporter [uart_reg2ahb_adapter] bus2reg: address = 0x0 data = 0x0 kind = UVM_WRITE status = UVM_IS_OK
# UVM_INFO /ictc/other/tools/QuestaDVA/questasim/verilog_src/uvm-1.2/src/reg/uvm_reg_predictor.svh(221) @ 860035000: uvm_test_top.env.ahb_predictor [REG_PREDICT] Observed WRITE transaction to register regmodel.MDR: value='h0 : updated value = 'h0
# UVM_INFO ./../regmodel/uart_reg2ahb_adapter.sv(42) @ 860035000: reporter [uart_reg2ahb_adapter] bus2reg: address = 0x4 data = 0x16 kind = UVM_WRITE status = UVM_IS_OK
# UVM_INFO /ictc/other/tools/QuestaDVA/questasim/verilog_src/uvm-1.2/src/reg/uvm_reg_predictor.svh(221) @ 860035000: uvm_test_top.env.ahb_predictor [REG_PREDICT] Observed WRITE transaction to register regmodel.DLL: value='h16 : updated value = 'h16
# UVM_INFO ./../regmodel/uart_reg2ahb_adapter.sv(42) @ 860035000: reporter [uart_reg2ahb_adapter] bus2reg: address = 0x8 data = 0x5 kind = UVM_WRITE status = UVM_IS_OK
# UVM_INFO /ictc/other/tools/QuestaDVA/questasim/verilog_src/uvm-1.2/src/reg/uvm_reg_predictor.svh(221) @ 860035000: uvm_test_top.env.ahb_predictor [REG_PREDICT] Observed WRITE transaction to register regmodel.DLH: value='h5 : updated value = 'h5
# UVM_INFO ./../regmodel/uart_reg2ahb_adapter.sv(42) @ 860035000: reporter [uart_reg2ahb_adapter] bus2reg: address = 0xc data = 0x2a kind = UVM_WRITE status = UVM_IS_OK
# UVM_INFO /ictc/other/tools/QuestaDVA/questasim/verilog_src/uvm-1.2/src/reg/uvm_reg_predictor.svh(221) @ 860035000: uvm_test_top.env.ahb_predictor [REG_PREDICT] Observed WRITE transaction to register regmodel.LCR: value='h2a : updated value = 'h2a
# UVM_INFO ./../regmodel/uart_reg2ahb_adapter.sv(42) @ 860035000: reporter [uart_reg2ahb_adapter] bus2reg: address = 0x18 data = 0x68a63a4 kind = UVM_WRITE status = UVM_IS_OK
# UVM_INFO /ictc/other/tools/QuestaDVA/questasim/verilog_src/uvm-1.2/src/reg/uvm_reg_predictor.svh(221) @ 860035000: uvm_test_top.env.ahb_predictor [REG_PREDICT] Observed WRITE transaction to register regmodel.TBR: value='h68a63a4 : updated value = 'ha4
# UVM_INFO ./../tb/dut_scoreboard.sv(50) @ 860035000: uvm_test_top.env.dut_sb [SCOREBOARD] 
# ===== Captured data from AHB: 0x68a63a4
# UVM_INFO ./../tb/dut_scoreboard.sv(71) @ 860035000: uvm_test_top.env.dut_sb [dut_scoreboard] 
# 
# =====[UART TXD] Data comparison =====
# 
# UVM_ERROR ./../tb/dut_scoreboard.sv(76) @ 860035000: uvm_test_top.env.dut_sb [dut_scoreboard] 
# =====[DATA FRAME: 7] FAILED!!! Expected value is 0x24, Actual data is 0x20 =====
# UVM_INFO ./../tb/dut_scoreboard.sv(82) @ 860035000: uvm_test_top.env.dut_sb [dut_scoreboard] 
# 
# =====[UART TXD] Parity comparison =====
# 
# UVM_INFO ./../tb/dut_scoreboard.sv(88) @ 860035000: uvm_test_top.env.dut_sb [dut_scoreboard] 
# =====[PARITY MODE: 1] PASSED SUCCESSFULLY!!! =====
# UVM_INFO ./../vip/uart_vip/uart_monitor.sv(95) @ 861308000: uvm_test_top.env.uart_agt.monitor [uart_monitor] 
# ===== Baud rate actual is       1600, Baud rate expected is       9600 =====
# UVM_ERROR ./../vip/uart_vip/uart_monitor.sv(174) @ 862034000: uvm_test_top.env.uart_agt.monitor [uart_monitor] ===== stop bit error detected =====
# UVM_INFO ./../vip/uart_vip/uart_monitor.sv(181) @ 862034000: uvm_test_top.env.uart_agt.monitor [uart_monitor] Data read from DUT is -------------------------------------------
# Name         Type              Size  Value 
# -------------------------------------------
# trans        uart_transaction  -     @12597
#   direction  direction_e       32    RX    
#   data       integral          9     'h60  
#   parity     integral          1     'h0   
#   stop_bit   integral          2     'h0   
#   baud_rate  integral          32    'h0   
# -------------------------------------------
# 
# UVM_INFO ./../tb/dut_scoreboard.sv(58) @ 862034000: uvm_test_top.env.dut_sb [SCOREBOARD] 
# ===== Captured data from UART: 0x60
# UVM_INFO ./../vip/uart_vip/uart_monitor.sv(181) @ 864951000: uvm_test_top.env.uart_agt.monitor [uart_monitor] Data read from DUT is -------------------------------------------
# Name         Type              Size  Value 
# -------------------------------------------
# trans        uart_transaction  -     @12733
#   direction  direction_e       32    RX    
#   data       integral          9     'h7e  
#   parity     integral          1     'h1   
#   stop_bit   integral          2     'h1   
#   baud_rate  integral          32    'h0   
# -------------------------------------------
# 
# UVM_INFO ./../tb/dut_scoreboard.sv(58) @ 864951000: uvm_test_top.env.dut_sb [SCOREBOARD] 
# ===== Captured data from UART: 0x7e
# UVM_INFO ./../testcases/uart_txd_x16_random.sv(35) @ 870035000: uvm_test_top [uart_txd_x16_random] -------------------------------------------------------------
# Name                Type                Size  Value          
# -------------------------------------------------------------
# cfg                 uart_configuration  -     @360           
#   parity_mode       parity_mode_e       32    UART_PARITY_ODD
#   sampling          sampling_mode_e     32    MODE_X16       
#   data_width        integral            32    'h7            
#   num_of_stop_bit   integral            32    'h1            
#   baud_rate         integral            32    'h4b00         
#   baud_rate_enable  integral            1     'h1            
#   parity_enable     integral            1     'h0            
# -------------------------------------------------------------
# 
# UVM_INFO ./../regmodel/uart_reg2ahb_adapter.sv(42) @ 870035000: reporter [uart_reg2ahb_adapter] bus2reg: address = 0x0 data = 0x0 kind = UVM_WRITE status = UVM_IS_OK
# UVM_INFO /ictc/other/tools/QuestaDVA/questasim/verilog_src/uvm-1.2/src/reg/uvm_reg_predictor.svh(221) @ 870035000: uvm_test_top.env.ahb_predictor [REG_PREDICT] Observed WRITE transaction to register regmodel.MDR: value='h0 : updated value = 'h0
# UVM_INFO ./../regmodel/uart_reg2ahb_adapter.sv(42) @ 870035000: reporter [uart_reg2ahb_adapter] bus2reg: address = 0x4 data = 0x45 kind = UVM_WRITE status = UVM_IS_OK
# UVM_INFO /ictc/other/tools/QuestaDVA/questasim/verilog_src/uvm-1.2/src/reg/uvm_reg_predictor.svh(221) @ 870035000: uvm_test_top.env.ahb_predictor [REG_PREDICT] Observed WRITE transaction to register regmodel.DLL: value='h45 : updated value = 'h45
# UVM_INFO ./../regmodel/uart_reg2ahb_adapter.sv(42) @ 870035000: reporter [uart_reg2ahb_adapter] bus2reg: address = 0x8 data = 0x1 kind = UVM_WRITE status = UVM_IS_OK
# UVM_INFO /ictc/other/tools/QuestaDVA/questasim/verilog_src/uvm-1.2/src/reg/uvm_reg_predictor.svh(221) @ 870035000: uvm_test_top.env.ahb_predictor [REG_PREDICT] Observed WRITE transaction to register regmodel.DLH: value='h1 : updated value = 'h1
# UVM_INFO ./../regmodel/uart_reg2ahb_adapter.sv(42) @ 870035000: reporter [uart_reg2ahb_adapter] bus2reg: address = 0xc data = 0x2a kind = UVM_WRITE status = UVM_IS_OK
# UVM_INFO /ictc/other/tools/QuestaDVA/questasim/verilog_src/uvm-1.2/src/reg/uvm_reg_predictor.svh(221) @ 870035000: uvm_test_top.env.ahb_predictor [REG_PREDICT] Observed WRITE transaction to register regmodel.LCR: value='h2a : updated value = 'h2a
# UVM_INFO ./../regmodel/uart_reg2ahb_adapter.sv(42) @ 870035000: reporter [uart_reg2ahb_adapter] bus2reg: address = 0x18 data = 0xa80f5fec kind = UVM_WRITE status = UVM_IS_OK
# UVM_INFO /ictc/other/tools/QuestaDVA/questasim/verilog_src/uvm-1.2/src/reg/uvm_reg_predictor.svh(221) @ 870035000: uvm_test_top.env.ahb_predictor [REG_PREDICT] Observed WRITE transaction to register regmodel.TBR: value='ha80f5fec : updated value = 'hec
# UVM_INFO ./../tb/dut_scoreboard.sv(50) @ 870035000: uvm_test_top.env.dut_sb [SCOREBOARD] 
# ===== Captured data from AHB: 0xa80f5fec
# UVM_INFO ./../tb/dut_scoreboard.sv(71) @ 870035000: uvm_test_top.env.dut_sb [dut_scoreboard] 
# 
# =====[UART TXD] Data comparison =====
# 
# UVM_ERROR ./../tb/dut_scoreboard.sv(76) @ 870035000: uvm_test_top.env.dut_sb [dut_scoreboard] 
# =====[DATA FRAME: 7] FAILED!!! Expected value is 0x6c, Actual data is 0x26 =====
# UVM_INFO ./../tb/dut_scoreboard.sv(82) @ 870035000: uvm_test_top.env.dut_sb [dut_scoreboard] 
# 
# =====[UART TXD] Parity comparison =====
# 
# UVM_ERROR ./../tb/dut_scoreboard.sv(85) @ 870035000: uvm_test_top.env.dut_sb [dut_scoreboard] 
# =====[PARITY MODE: 1] FAILED!!! Expected parity is 1, Actual parity is 0 =====
# UVM_INFO ./../vip/uart_vip/uart_monitor.sv(95) @ 870350000: uvm_test_top.env.uart_agt.monitor [uart_monitor] 
# ===== Baud rate actual is       6410, Baud rate expected is      19200 =====
# UVM_INFO ./../vip/uart_vip/uart_monitor.sv(181) @ 871026000: uvm_test_top.env.uart_agt.monitor [uart_monitor] Data read from DUT is -------------------------------------------
# Name         Type              Size  Value 
# -------------------------------------------
# trans        uart_transaction  -     @12741
#   direction  direction_e       32    RX    
#   data       integral          9     'h6c  
#   parity     integral          1     'h1   
#   stop_bit   integral          2     'h1   
#   baud_rate  integral          32    'h0   
# -------------------------------------------
# 
# UVM_INFO ./../tb/dut_scoreboard.sv(58) @ 871026000: uvm_test_top.env.dut_sb [SCOREBOARD] 
# ===== Captured data from UART: 0x6c
# UVM_INFO ./../testcases/uart_txd_x16_random.sv(35) @ 880035000: uvm_test_top [uart_txd_x16_random] -------------------------------------------------------------
# Name                Type                Size  Value          
# -------------------------------------------------------------
# cfg                 uart_configuration  -     @360           
#   parity_mode       parity_mode_e       32    UART_PARITY_ODD
#   sampling          sampling_mode_e     32    MODE_X16       
#   data_width        integral            32    'h7            
#   num_of_stop_bit   integral            32    'h1            
#   baud_rate         integral            32    'h9600         
#   baud_rate_enable  integral            1     'h1            
#   parity_enable     integral            1     'h0            
# -------------------------------------------------------------
# 
# UVM_INFO ./../regmodel/uart_reg2ahb_adapter.sv(42) @ 880035000: reporter [uart_reg2ahb_adapter] bus2reg: address = 0x0 data = 0x0 kind = UVM_WRITE status = UVM_IS_OK
# UVM_INFO /ictc/other/tools/QuestaDVA/questasim/verilog_src/uvm-1.2/src/reg/uvm_reg_predictor.svh(221) @ 880035000: uvm_test_top.env.ahb_predictor [REG_PREDICT] Observed WRITE transaction to register regmodel.MDR: value='h0 : updated value = 'h0
# UVM_INFO ./../regmodel/uart_reg2ahb_adapter.sv(42) @ 880035000: reporter [uart_reg2ahb_adapter] bus2reg: address = 0x4 data = 0xa4 kind = UVM_WRITE status = UVM_IS_OK
# UVM_INFO /ictc/other/tools/QuestaDVA/questasim/verilog_src/uvm-1.2/src/reg/uvm_reg_predictor.svh(221) @ 880035000: uvm_test_top.env.ahb_predictor [REG_PREDICT] Observed WRITE transaction to register regmodel.DLL: value='ha4 : updated value = 'ha4
# UVM_INFO ./../regmodel/uart_reg2ahb_adapter.sv(42) @ 880036000: reporter [uart_reg2ahb_adapter] bus2reg: address = 0x8 data = 0x0 kind = UVM_WRITE status = UVM_IS_OK
# UVM_INFO /ictc/other/tools/QuestaDVA/questasim/verilog_src/uvm-1.2/src/reg/uvm_reg_predictor.svh(221) @ 880036000: uvm_test_top.env.ahb_predictor [REG_PREDICT] Observed WRITE transaction to register regmodel.DLH: value='h0 : updated value = 'h0
# UVM_INFO ./../regmodel/uart_reg2ahb_adapter.sv(42) @ 880036000: reporter [uart_reg2ahb_adapter] bus2reg: address = 0xc data = 0x2a kind = UVM_WRITE status = UVM_IS_OK
# UVM_INFO /ictc/other/tools/QuestaDVA/questasim/verilog_src/uvm-1.2/src/reg/uvm_reg_predictor.svh(221) @ 880036000: uvm_test_top.env.ahb_predictor [REG_PREDICT] Observed WRITE transaction to register regmodel.LCR: value='h2a : updated value = 'h2a
# UVM_INFO ./../regmodel/uart_reg2ahb_adapter.sv(42) @ 880036000: reporter [uart_reg2ahb_adapter] bus2reg: address = 0x18 data = 0x18fd8a9a kind = UVM_WRITE status = UVM_IS_OK
# UVM_INFO /ictc/other/tools/QuestaDVA/questasim/verilog_src/uvm-1.2/src/reg/uvm_reg_predictor.svh(221) @ 880036000: uvm_test_top.env.ahb_predictor [REG_PREDICT] Observed WRITE transaction to register regmodel.TBR: value='h18fd8a9a : updated value = 'h9a
# UVM_INFO ./../tb/dut_scoreboard.sv(50) @ 880036000: uvm_test_top.env.dut_sb [SCOREBOARD] 
# ===== Captured data from AHB: 0x18fd8a9a
# UVM_INFO ./../tb/dut_scoreboard.sv(71) @ 880036000: uvm_test_top.env.dut_sb [dut_scoreboard] 
# 
# =====[UART TXD] Data comparison =====
# 
# UVM_ERROR ./../tb/dut_scoreboard.sv(76) @ 880036000: uvm_test_top.env.dut_sb [dut_scoreboard] 
# =====[DATA FRAME: 7] FAILED!!! Expected value is 0x1a, Actual data is 0x35 =====
# UVM_INFO ./../tb/dut_scoreboard.sv(82) @ 880036000: uvm_test_top.env.dut_sb [dut_scoreboard] 
# 
# =====[UART TXD] Parity comparison =====
# 
# UVM_ERROR ./../tb/dut_scoreboard.sv(85) @ 880036000: uvm_test_top.env.dut_sb [dut_scoreboard] 
# =====[PARITY MODE: 1] FAILED!!! Expected parity is 0, Actual parity is 1 =====
# UVM_INFO ./../vip/uart_vip/uart_monitor.sv(95) @ 880143000: uvm_test_top.env.uart_agt.monitor [uart_monitor] 
# ===== Baud rate actual is      19048, Baud rate expected is      38400 =====
# UVM_INFO ./../vip/uart_vip/uart_monitor.sv(181) @ 880532000: uvm_test_top.env.uart_agt.monitor [uart_monitor] Data read from DUT is -------------------------------------------
# Name         Type              Size  Value 
# -------------------------------------------
# trans        uart_transaction  -     @12875
#   direction  direction_e       32    RX    
#   data       integral          9     'h1a  
#   parity     integral          1     'h0   
#   stop_bit   integral          2     'h1   
#   baud_rate  integral          32    'h0   
# -------------------------------------------
# 
# UVM_INFO ./../tb/dut_scoreboard.sv(58) @ 880532000: uvm_test_top.env.dut_sb [SCOREBOARD] 
# ===== Captured data from UART: 0x1a
# UVM_INFO ./../testcases/uart_txd_x16_random.sv(35) @ 890036000: uvm_test_top [uart_txd_x16_random] -------------------------------------------------------------
# Name                Type                Size  Value          
# -------------------------------------------------------------
# cfg                 uart_configuration  -     @360           
#   parity_mode       parity_mode_e       32    UART_PARITY_ODD
#   sampling          sampling_mode_e     32    MODE_X16       
#   data_width        integral            32    'h7            
#   num_of_stop_bit   integral            32    'h1            
#   baud_rate         integral            32    'h12c00        
#   baud_rate_enable  integral            1     'h1            
#   parity_enable     integral            1     'h0            
# -------------------------------------------------------------
# 
# UVM_INFO ./../regmodel/uart_reg2ahb_adapter.sv(42) @ 890036000: reporter [uart_reg2ahb_adapter] bus2reg: address = 0x0 data = 0x0 kind = UVM_WRITE status = UVM_IS_OK
# UVM_INFO /ictc/other/tools/QuestaDVA/questasim/verilog_src/uvm-1.2/src/reg/uvm_reg_predictor.svh(221) @ 890036000: uvm_test_top.env.ahb_predictor [REG_PREDICT] Observed WRITE transaction to register regmodel.MDR: value='h0 : updated value = 'h0
# UVM_INFO ./../regmodel/uart_reg2ahb_adapter.sv(42) @ 890036000: reporter [uart_reg2ahb_adapter] bus2reg: address = 0x4 data = 0x51 kind = UVM_WRITE status = UVM_IS_OK
# UVM_INFO /ictc/other/tools/QuestaDVA/questasim/verilog_src/uvm-1.2/src/reg/uvm_reg_predictor.svh(221) @ 890036000: uvm_test_top.env.ahb_predictor [REG_PREDICT] Observed WRITE transaction to register regmodel.DLL: value='h51 : updated value = 'h51
# UVM_INFO ./../regmodel/uart_reg2ahb_adapter.sv(42) @ 890036000: reporter [uart_reg2ahb_adapter] bus2reg: address = 0x8 data = 0x0 kind = UVM_WRITE status = UVM_IS_OK
# UVM_INFO /ictc/other/tools/QuestaDVA/questasim/verilog_src/uvm-1.2/src/reg/uvm_reg_predictor.svh(221) @ 890036000: uvm_test_top.env.ahb_predictor [REG_PREDICT] Observed WRITE transaction to register regmodel.DLH: value='h0 : updated value = 'h0
# UVM_INFO ./../regmodel/uart_reg2ahb_adapter.sv(42) @ 890036000: reporter [uart_reg2ahb_adapter] bus2reg: address = 0xc data = 0x2a kind = UVM_WRITE status = UVM_IS_OK
# UVM_INFO /ictc/other/tools/QuestaDVA/questasim/verilog_src/uvm-1.2/src/reg/uvm_reg_predictor.svh(221) @ 890036000: uvm_test_top.env.ahb_predictor [REG_PREDICT] Observed WRITE transaction to register regmodel.LCR: value='h2a : updated value = 'h2a
# UVM_INFO ./../regmodel/uart_reg2ahb_adapter.sv(42) @ 890036000: reporter [uart_reg2ahb_adapter] bus2reg: address = 0x18 data = 0x66c2dba5 kind = UVM_WRITE status = UVM_IS_OK
# UVM_INFO /ictc/other/tools/QuestaDVA/questasim/verilog_src/uvm-1.2/src/reg/uvm_reg_predictor.svh(221) @ 890036000: uvm_test_top.env.ahb_predictor [REG_PREDICT] Observed WRITE transaction to register regmodel.TBR: value='h66c2dba5 : updated value = 'ha5
# UVM_INFO ./../tb/dut_scoreboard.sv(50) @ 890036000: uvm_test_top.env.dut_sb [SCOREBOARD] 
# ===== Captured data from AHB: 0x66c2dba5
# UVM_INFO ./../tb/dut_scoreboard.sv(71) @ 890036000: uvm_test_top.env.dut_sb [dut_scoreboard] 
# 
# =====[UART TXD] Data comparison =====
# 
# UVM_ERROR ./../tb/dut_scoreboard.sv(76) @ 890036000: uvm_test_top.env.dut_sb [dut_scoreboard] 
# =====[DATA FRAME: 7] FAILED!!! Expected value is 0x25, Actual data is 0x36 =====
# UVM_INFO ./../tb/dut_scoreboard.sv(82) @ 890036000: uvm_test_top.env.dut_sb [dut_scoreboard] 
# 
# =====[UART TXD] Parity comparison =====
# 
# UVM_ERROR ./../tb/dut_scoreboard.sv(85) @ 890036000: uvm_test_top.env.dut_sb [dut_scoreboard] 
# =====[PARITY MODE: 1] FAILED!!! Expected parity is 0, Actual parity is 1 =====
# UVM_INFO ./../vip/uart_vip/uart_monitor.sv(95) @ 890063000: uvm_test_top.env.uart_agt.monitor [uart_monitor] 
# ===== Baud rate actual is      76923, Baud rate expected is      76800 =====
# UVM_INFO ./../vip/uart_vip/uart_monitor.sv(181) @ 890284000: uvm_test_top.env.uart_agt.monitor [uart_monitor] Data read from DUT is -------------------------------------------
# Name         Type              Size  Value 
# -------------------------------------------
# trans        uart_transaction  -     @13009
#   direction  direction_e       32    RX    
#   data       integral          9     'h25  
#   parity     integral          1     'h0   
#   stop_bit   integral          2     'h1   
#   baud_rate  integral          32    'h0   
# -------------------------------------------
# 
# UVM_INFO ./../tb/dut_scoreboard.sv(58) @ 890284000: uvm_test_top.env.dut_sb [SCOREBOARD] 
# ===== Captured data from UART: 0x25
# UVM_INFO ./../testcases/uart_txd_x16_random.sv(35) @ 900036000: uvm_test_top [uart_txd_x16_random] -------------------------------------------------------------
# Name                Type                Size  Value          
# -------------------------------------------------------------
# cfg                 uart_configuration  -     @360           
#   parity_mode       parity_mode_e       32    UART_PARITY_ODD
#   sampling          sampling_mode_e     32    MODE_X16       
#   data_width        integral            32    'h7            
#   num_of_stop_bit   integral            32    'h1            
#   baud_rate         integral            32    'h1c200        
#   baud_rate_enable  integral            1     'h1            
#   parity_enable     integral            1     'h0            
# -------------------------------------------------------------
# 
# UVM_INFO ./../regmodel/uart_reg2ahb_adapter.sv(42) @ 900036000: reporter [uart_reg2ahb_adapter] bus2reg: address = 0x0 data = 0x0 kind = UVM_WRITE status = UVM_IS_OK
# UVM_INFO /ictc/other/tools/QuestaDVA/questasim/verilog_src/uvm-1.2/src/reg/uvm_reg_predictor.svh(221) @ 900036000: uvm_test_top.env.ahb_predictor [REG_PREDICT] Observed WRITE transaction to register regmodel.MDR: value='h0 : updated value = 'h0
# UVM_INFO ./../regmodel/uart_reg2ahb_adapter.sv(42) @ 900036000: reporter [uart_reg2ahb_adapter] bus2reg: address = 0x4 data = 0x36 kind = UVM_WRITE status = UVM_IS_OK
# UVM_INFO /ictc/other/tools/QuestaDVA/questasim/verilog_src/uvm-1.2/src/reg/uvm_reg_predictor.svh(221) @ 900036000: uvm_test_top.env.ahb_predictor [REG_PREDICT] Observed WRITE transaction to register regmodel.DLL: value='h36 : updated value = 'h36
# UVM_INFO ./../regmodel/uart_reg2ahb_adapter.sv(42) @ 900036000: reporter [uart_reg2ahb_adapter] bus2reg: address = 0x8 data = 0x0 kind = UVM_WRITE status = UVM_IS_OK
# UVM_INFO /ictc/other/tools/QuestaDVA/questasim/verilog_src/uvm-1.2/src/reg/uvm_reg_predictor.svh(221) @ 900036000: uvm_test_top.env.ahb_predictor [REG_PREDICT] Observed WRITE transaction to register regmodel.DLH: value='h0 : updated value = 'h0
# UVM_INFO ./../regmodel/uart_reg2ahb_adapter.sv(42) @ 900036000: reporter [uart_reg2ahb_adapter] bus2reg: address = 0xc data = 0x2a kind = UVM_WRITE status = UVM_IS_OK
# UVM_INFO /ictc/other/tools/QuestaDVA/questasim/verilog_src/uvm-1.2/src/reg/uvm_reg_predictor.svh(221) @ 900036000: uvm_test_top.env.ahb_predictor [REG_PREDICT] Observed WRITE transaction to register regmodel.LCR: value='h2a : updated value = 'h2a
# UVM_INFO ./../regmodel/uart_reg2ahb_adapter.sv(42) @ 900037000: reporter [uart_reg2ahb_adapter] bus2reg: address = 0x18 data = 0x58ef9331 kind = UVM_WRITE status = UVM_IS_OK
# UVM_INFO /ictc/other/tools/QuestaDVA/questasim/verilog_src/uvm-1.2/src/reg/uvm_reg_predictor.svh(221) @ 900037000: uvm_test_top.env.ahb_predictor [REG_PREDICT] Observed WRITE transaction to register regmodel.TBR: value='h58ef9331 : updated value = 'h31
# UVM_INFO ./../tb/dut_scoreboard.sv(50) @ 900037000: uvm_test_top.env.dut_sb [SCOREBOARD] 
# ===== Captured data from AHB: 0x58ef9331
# UVM_INFO ./../tb/dut_scoreboard.sv(71) @ 900037000: uvm_test_top.env.dut_sb [dut_scoreboard] 
# 
# =====[UART TXD] Data comparison =====
# 
# UVM_ERROR ./../tb/dut_scoreboard.sv(76) @ 900037000: uvm_test_top.env.dut_sb [dut_scoreboard] 
# =====[DATA FRAME: 7] FAILED!!! Expected value is 0x31, Actual data is 0x28 =====
# UVM_INFO ./../tb/dut_scoreboard.sv(82) @ 900037000: uvm_test_top.env.dut_sb [dut_scoreboard] 
# 
# =====[UART TXD] Parity comparison =====
# 
# UVM_ERROR ./../tb/dut_scoreboard.sv(85) @ 900037000: uvm_test_top.env.dut_sb [dut_scoreboard] 
# =====[PARITY MODE: 1] FAILED!!! Expected parity is 0, Actual parity is 1 =====
# UVM_INFO ./../vip/uart_vip/uart_monitor.sv(95) @ 900054000: uvm_test_top.env.uart_agt.monitor [uart_monitor] 
# ===== Baud rate actual is     117647, Baud rate expected is     115200 =====
# UVM_INFO ./../vip/uart_vip/uart_monitor.sv(181) @ 900198000: uvm_test_top.env.uart_agt.monitor [uart_monitor] Data read from DUT is -------------------------------------------
# Name         Type              Size  Value 
# -------------------------------------------
# trans        uart_transaction  -     @13143
#   direction  direction_e       32    RX    
#   data       integral          9     'h31  
#   parity     integral          1     'h1   
#   stop_bit   integral          2     'h1   
#   baud_rate  integral          32    'h0   
# -------------------------------------------
# 
# UVM_INFO ./../tb/dut_scoreboard.sv(58) @ 900198000: uvm_test_top.env.dut_sb [SCOREBOARD] 
# ===== Captured data from UART: 0x31
# UVM_INFO ./../testcases/uart_txd_x16_random.sv(35) @ 910037000: uvm_test_top [uart_txd_x16_random] -------------------------------------------------------------
# Name                Type                Size  Value          
# -------------------------------------------------------------
# cfg                 uart_configuration  -     @360           
#   parity_mode       parity_mode_e       32    UART_PARITY_ODD
#   sampling          sampling_mode_e     32    MODE_X16       
#   data_width        integral            32    'h7            
#   num_of_stop_bit   integral            32    'h2            
#   baud_rate         integral            32    'h960          
#   baud_rate_enable  integral            1     'h1            
#   parity_enable     integral            1     'h0            
# -------------------------------------------------------------
# 
# UVM_INFO ./../regmodel/uart_reg2ahb_adapter.sv(42) @ 910037000: reporter [uart_reg2ahb_adapter] bus2reg: address = 0x0 data = 0x0 kind = UVM_WRITE status = UVM_IS_OK
# UVM_INFO /ictc/other/tools/QuestaDVA/questasim/verilog_src/uvm-1.2/src/reg/uvm_reg_predictor.svh(221) @ 910037000: uvm_test_top.env.ahb_predictor [REG_PREDICT] Observed WRITE transaction to register regmodel.MDR: value='h0 : updated value = 'h0
# UVM_INFO ./../regmodel/uart_reg2ahb_adapter.sv(42) @ 910037000: reporter [uart_reg2ahb_adapter] bus2reg: address = 0x4 data = 0x2c kind = UVM_WRITE status = UVM_IS_OK
# UVM_INFO /ictc/other/tools/QuestaDVA/questasim/verilog_src/uvm-1.2/src/reg/uvm_reg_predictor.svh(221) @ 910037000: uvm_test_top.env.ahb_predictor [REG_PREDICT] Observed WRITE transaction to register regmodel.DLL: value='h2c : updated value = 'h2c
# UVM_INFO ./../regmodel/uart_reg2ahb_adapter.sv(42) @ 910037000: reporter [uart_reg2ahb_adapter] bus2reg: address = 0x8 data = 0xa kind = UVM_WRITE status = UVM_IS_OK
# UVM_INFO /ictc/other/tools/QuestaDVA/questasim/verilog_src/uvm-1.2/src/reg/uvm_reg_predictor.svh(221) @ 910037000: uvm_test_top.env.ahb_predictor [REG_PREDICT] Observed WRITE transaction to register regmodel.DLH: value='ha : updated value = 'ha
# UVM_INFO ./../regmodel/uart_reg2ahb_adapter.sv(42) @ 910037000: reporter [uart_reg2ahb_adapter] bus2reg: address = 0xc data = 0x2e kind = UVM_WRITE status = UVM_IS_OK
# UVM_INFO /ictc/other/tools/QuestaDVA/questasim/verilog_src/uvm-1.2/src/reg/uvm_reg_predictor.svh(221) @ 910037000: uvm_test_top.env.ahb_predictor [REG_PREDICT] Observed WRITE transaction to register regmodel.LCR: value='h2e : updated value = 'h2e
# UVM_INFO ./../regmodel/uart_reg2ahb_adapter.sv(42) @ 910037000: reporter [uart_reg2ahb_adapter] bus2reg: address = 0x18 data = 0x7550672e kind = UVM_WRITE status = UVM_IS_OK
# UVM_INFO /ictc/other/tools/QuestaDVA/questasim/verilog_src/uvm-1.2/src/reg/uvm_reg_predictor.svh(221) @ 910037000: uvm_test_top.env.ahb_predictor [REG_PREDICT] Observed WRITE transaction to register regmodel.TBR: value='h7550672e : updated value = 'h2e
# UVM_INFO ./../tb/dut_scoreboard.sv(50) @ 910037000: uvm_test_top.env.dut_sb [SCOREBOARD] 
# ===== Captured data from AHB: 0x7550672e
# UVM_INFO ./../tb/dut_scoreboard.sv(71) @ 910037000: uvm_test_top.env.dut_sb [dut_scoreboard] 
# 
# =====[UART TXD] Data comparison =====
# 
# UVM_ERROR ./../tb/dut_scoreboard.sv(76) @ 910037000: uvm_test_top.env.dut_sb [dut_scoreboard] 
# =====[DATA FRAME: 7] FAILED!!! Expected value is 0x2e, Actual data is 0x3d =====
# UVM_INFO ./../tb/dut_scoreboard.sv(82) @ 910037000: uvm_test_top.env.dut_sb [dut_scoreboard] 
# 
# =====[UART TXD] Parity comparison =====
# 
# UVM_INFO ./../tb/dut_scoreboard.sv(88) @ 910037000: uvm_test_top.env.dut_sb [dut_scoreboard] 
# =====[PARITY MODE: 1] PASSED SUCCESSFULLY!!! =====
# UVM_INFO ./../vip/uart_vip/uart_monitor.sv(95) @ 911755000: uvm_test_top.env.uart_agt.monitor [uart_monitor] 
# ===== Baud rate actual is       1200, Baud rate expected is       2400 =====
# UVM_INFO ./../vip/uart_vip/uart_monitor.sv(181) @ 918835000: uvm_test_top.env.uart_agt.monitor [uart_monitor] Data read from DUT is -------------------------------------------
# Name         Type              Size  Value 
# -------------------------------------------
# trans        uart_transaction  -     @13277
#   direction  direction_e       32    RX    
#   data       integral          9     'h2e  
#   parity     integral          1     'h0   
#   stop_bit   integral          2     'h1   
#   baud_rate  integral          32    'h0   
# -------------------------------------------
# 
# UVM_INFO ./../tb/dut_scoreboard.sv(58) @ 918835000: uvm_test_top.env.dut_sb [SCOREBOARD] 
# ===== Captured data from UART: 0x2e
# UVM_INFO ./../testcases/uart_txd_x16_random.sv(35) @ 920037000: uvm_test_top [uart_txd_x16_random] -------------------------------------------------------------
# Name                Type                Size  Value          
# -------------------------------------------------------------
# cfg                 uart_configuration  -     @360           
#   parity_mode       parity_mode_e       32    UART_PARITY_ODD
#   sampling          sampling_mode_e     32    MODE_X16       
#   data_width        integral            32    'h7            
#   num_of_stop_bit   integral            32    'h2            
#   baud_rate         integral            32    'h12c0         
#   baud_rate_enable  integral            1     'h1            
#   parity_enable     integral            1     'h0            
# -------------------------------------------------------------
# 
# UVM_INFO ./../regmodel/uart_reg2ahb_adapter.sv(42) @ 920037000: reporter [uart_reg2ahb_adapter] bus2reg: address = 0x0 data = 0x0 kind = UVM_WRITE status = UVM_IS_OK
# UVM_INFO /ictc/other/tools/QuestaDVA/questasim/verilog_src/uvm-1.2/src/reg/uvm_reg_predictor.svh(221) @ 920037000: uvm_test_top.env.ahb_predictor [REG_PREDICT] Observed WRITE transaction to register regmodel.MDR: value='h0 : updated value = 'h0
# UVM_INFO ./../regmodel/uart_reg2ahb_adapter.sv(42) @ 920037000: reporter [uart_reg2ahb_adapter] bus2reg: address = 0x4 data = 0x16 kind = UVM_WRITE status = UVM_IS_OK
# UVM_INFO /ictc/other/tools/QuestaDVA/questasim/verilog_src/uvm-1.2/src/reg/uvm_reg_predictor.svh(221) @ 920037000: uvm_test_top.env.ahb_predictor [REG_PREDICT] Observed WRITE transaction to register regmodel.DLL: value='h16 : updated value = 'h16
# UVM_INFO ./../regmodel/uart_reg2ahb_adapter.sv(42) @ 920037000: reporter [uart_reg2ahb_adapter] bus2reg: address = 0x8 data = 0x5 kind = UVM_WRITE status = UVM_IS_OK
# UVM_INFO /ictc/other/tools/QuestaDVA/questasim/verilog_src/uvm-1.2/src/reg/uvm_reg_predictor.svh(221) @ 920037000: uvm_test_top.env.ahb_predictor [REG_PREDICT] Observed WRITE transaction to register regmodel.DLH: value='h5 : updated value = 'h5
# UVM_INFO ./../regmodel/uart_reg2ahb_adapter.sv(42) @ 920037000: reporter [uart_reg2ahb_adapter] bus2reg: address = 0xc data = 0x2e kind = UVM_WRITE status = UVM_IS_OK
# UVM_INFO /ictc/other/tools/QuestaDVA/questasim/verilog_src/uvm-1.2/src/reg/uvm_reg_predictor.svh(221) @ 920037000: uvm_test_top.env.ahb_predictor [REG_PREDICT] Observed WRITE transaction to register regmodel.LCR: value='h2e : updated value = 'h2e
# UVM_INFO ./../regmodel/uart_reg2ahb_adapter.sv(42) @ 920037000: reporter [uart_reg2ahb_adapter] bus2reg: address = 0x18 data = 0xbbfeae39 kind = UVM_WRITE status = UVM_IS_OK
# UVM_INFO /ictc/other/tools/QuestaDVA/questasim/verilog_src/uvm-1.2/src/reg/uvm_reg_predictor.svh(221) @ 920037000: uvm_test_top.env.ahb_predictor [REG_PREDICT] Observed WRITE transaction to register regmodel.TBR: value='hbbfeae39 : updated value = 'h39
# UVM_INFO ./../tb/dut_scoreboard.sv(50) @ 920037000: uvm_test_top.env.dut_sb [SCOREBOARD] 
# ===== Captured data from AHB: 0xbbfeae39
# UVM_INFO ./../tb/dut_scoreboard.sv(71) @ 920037000: uvm_test_top.env.dut_sb [dut_scoreboard] 
# 
# =====[UART TXD] Data comparison =====
# 
# UVM_ERROR ./../tb/dut_scoreboard.sv(76) @ 920037000: uvm_test_top.env.dut_sb [dut_scoreboard] 
# =====[DATA FRAME: 7] FAILED!!! Expected value is 0x39, Actual data is 0x5a =====
# UVM_INFO ./../tb/dut_scoreboard.sv(82) @ 920037000: uvm_test_top.env.dut_sb [dut_scoreboard] 
# 
# =====[UART TXD] Parity comparison =====
# 
# UVM_ERROR ./../tb/dut_scoreboard.sv(85) @ 920037000: uvm_test_top.env.dut_sb [dut_scoreboard] 
# =====[PARITY MODE: 1] FAILED!!! Expected parity is 1, Actual parity is 0 =====
# UVM_INFO ./../vip/uart_vip/uart_monitor.sv(95) @ 920479000: uvm_test_top.env.uart_agt.monitor [uart_monitor] 
# ===== Baud rate actual is       4796, Baud rate expected is       4800 =====
# UVM_INFO ./../vip/uart_vip/uart_monitor.sv(181) @ 924441000: uvm_test_top.env.uart_agt.monitor [uart_monitor] Data read from DUT is -------------------------------------------
# Name         Type              Size  Value 
# -------------------------------------------
# trans        uart_transaction  -     @13411
#   direction  direction_e       32    RX    
#   data       integral          9     'h39  
#   parity     integral          1     'h0   
#   stop_bit   integral          2     'h1   
#   baud_rate  integral          32    'h0   
# -------------------------------------------
# 
# UVM_INFO ./../tb/dut_scoreboard.sv(58) @ 924441000: uvm_test_top.env.dut_sb [SCOREBOARD] 
# ===== Captured data from UART: 0x39
# UVM_INFO ./../testcases/uart_txd_x16_random.sv(35) @ 930037000: uvm_test_top [uart_txd_x16_random] -------------------------------------------------------------
# Name                Type                Size  Value          
# -------------------------------------------------------------
# cfg                 uart_configuration  -     @360           
#   parity_mode       parity_mode_e       32    UART_PARITY_ODD
#   sampling          sampling_mode_e     32    MODE_X16       
#   data_width        integral            32    'h7            
#   num_of_stop_bit   integral            32    'h2            
#   baud_rate         integral            32    'h2580         
#   baud_rate_enable  integral            1     'h1            
#   parity_enable     integral            1     'h0            
# -------------------------------------------------------------
# 
# UVM_INFO ./../regmodel/uart_reg2ahb_adapter.sv(42) @ 930037000: reporter [uart_reg2ahb_adapter] bus2reg: address = 0x0 data = 0x0 kind = UVM_WRITE status = UVM_IS_OK
# UVM_INFO /ictc/other/tools/QuestaDVA/questasim/verilog_src/uvm-1.2/src/reg/uvm_reg_predictor.svh(221) @ 930037000: uvm_test_top.env.ahb_predictor [REG_PREDICT] Observed WRITE transaction to register regmodel.MDR: value='h0 : updated value = 'h0
# UVM_INFO ./../regmodel/uart_reg2ahb_adapter.sv(42) @ 930037000: reporter [uart_reg2ahb_adapter] bus2reg: address = 0x4 data = 0x16 kind = UVM_WRITE status = UVM_IS_OK
# UVM_INFO /ictc/other/tools/QuestaDVA/questasim/verilog_src/uvm-1.2/src/reg/uvm_reg_predictor.svh(221) @ 930037000: uvm_test_top.env.ahb_predictor [REG_PREDICT] Observed WRITE transaction to register regmodel.DLL: value='h16 : updated value = 'h16
# UVM_INFO ./../regmodel/uart_reg2ahb_adapter.sv(42) @ 930038000: reporter [uart_reg2ahb_adapter] bus2reg: address = 0x8 data = 0x5 kind = UVM_WRITE status = UVM_IS_OK
# UVM_INFO /ictc/other/tools/QuestaDVA/questasim/verilog_src/uvm-1.2/src/reg/uvm_reg_predictor.svh(221) @ 930038000: uvm_test_top.env.ahb_predictor [REG_PREDICT] Observed WRITE transaction to register regmodel.DLH: value='h5 : updated value = 'h5
# UVM_INFO ./../regmodel/uart_reg2ahb_adapter.sv(42) @ 930038000: reporter [uart_reg2ahb_adapter] bus2reg: address = 0xc data = 0x2e kind = UVM_WRITE status = UVM_IS_OK
# UVM_INFO /ictc/other/tools/QuestaDVA/questasim/verilog_src/uvm-1.2/src/reg/uvm_reg_predictor.svh(221) @ 930038000: uvm_test_top.env.ahb_predictor [REG_PREDICT] Observed WRITE transaction to register regmodel.LCR: value='h2e : updated value = 'h2e
# UVM_INFO ./../regmodel/uart_reg2ahb_adapter.sv(42) @ 930038000: reporter [uart_reg2ahb_adapter] bus2reg: address = 0x18 data = 0x8d45f335 kind = UVM_WRITE status = UVM_IS_OK
# UVM_INFO /ictc/other/tools/QuestaDVA/questasim/verilog_src/uvm-1.2/src/reg/uvm_reg_predictor.svh(221) @ 930038000: uvm_test_top.env.ahb_predictor [REG_PREDICT] Observed WRITE transaction to register regmodel.TBR: value='h8d45f335 : updated value = 'h35
# UVM_INFO ./../tb/dut_scoreboard.sv(50) @ 930038000: uvm_test_top.env.dut_sb [SCOREBOARD] 
# ===== Captured data from AHB: 0x8d45f335
# UVM_INFO ./../tb/dut_scoreboard.sv(71) @ 930038000: uvm_test_top.env.dut_sb [dut_scoreboard] 
# 
# =====[UART TXD] Data comparison =====
# 
# UVM_ERROR ./../tb/dut_scoreboard.sv(76) @ 930038000: uvm_test_top.env.dut_sb [dut_scoreboard] 
# =====[DATA FRAME: 7] FAILED!!! Expected value is 0x35, Actual data is 0x60 =====
# UVM_INFO ./../tb/dut_scoreboard.sv(82) @ 930038000: uvm_test_top.env.dut_sb [dut_scoreboard] 
# 
# =====[UART TXD] Parity comparison =====
# 
# UVM_ERROR ./../tb/dut_scoreboard.sv(85) @ 930038000: uvm_test_top.env.dut_sb [dut_scoreboard] 
# =====[PARITY MODE: 1] FAILED!!! Expected parity is 1, Actual parity is 0 =====
# UVM_INFO ./../vip/uart_vip/uart_monitor.sv(95) @ 930478000: uvm_test_top.env.uart_agt.monitor [uart_monitor] 
# ===== Baud rate actual is       4796, Baud rate expected is       9600 =====
# UVM_ERROR ./../vip/uart_vip/uart_monitor.sv(174) @ 932037000: uvm_test_top.env.uart_agt.monitor [uart_monitor] ===== stop bit error detected =====
# UVM_INFO ./../vip/uart_vip/uart_monitor.sv(181) @ 932245000: uvm_test_top.env.uart_agt.monitor [uart_monitor] Data read from DUT is -------------------------------------------
# Name         Type              Size  Value 
# -------------------------------------------
# trans        uart_transaction  -     @13545
#   direction  direction_e       32    RX    
#   data       integral          9     'h66  
#   parity     integral          1     'h0   
#   stop_bit   integral          2     'h1   
#   baud_rate  integral          32    'h0   
# -------------------------------------------
# 
# UVM_INFO ./../tb/dut_scoreboard.sv(58) @ 932245000: uvm_test_top.env.dut_sb [SCOREBOARD] 
# ===== Captured data from UART: 0x66
# UVM_INFO ./../vip/uart_vip/uart_monitor.sv(181) @ 935162000: uvm_test_top.env.uart_agt.monitor [uart_monitor] Data read from DUT is -------------------------------------------
# Name         Type              Size  Value 
# -------------------------------------------
# trans        uart_transaction  -     @13681
#   direction  direction_e       32    RX    
#   data       integral          9     'h78  
#   parity     integral          1     'h1   
#   stop_bit   integral          2     'h1   
#   baud_rate  integral          32    'h0   
# -------------------------------------------
# 
# UVM_INFO ./../tb/dut_scoreboard.sv(58) @ 935162000: uvm_test_top.env.dut_sb [SCOREBOARD] 
# ===== Captured data from UART: 0x78
# UVM_INFO ./../testcases/uart_txd_x16_random.sv(35) @ 940038000: uvm_test_top [uart_txd_x16_random] -------------------------------------------------------------
# Name                Type                Size  Value          
# -------------------------------------------------------------
# cfg                 uart_configuration  -     @360           
#   parity_mode       parity_mode_e       32    UART_PARITY_ODD
#   sampling          sampling_mode_e     32    MODE_X16       
#   data_width        integral            32    'h7            
#   num_of_stop_bit   integral            32    'h2            
#   baud_rate         integral            32    'h4b00         
#   baud_rate_enable  integral            1     'h1            
#   parity_enable     integral            1     'h0            
# -------------------------------------------------------------
# 
# UVM_INFO ./../regmodel/uart_reg2ahb_adapter.sv(42) @ 940038000: reporter [uart_reg2ahb_adapter] bus2reg: address = 0x0 data = 0x0 kind = UVM_WRITE status = UVM_IS_OK
# UVM_INFO /ictc/other/tools/QuestaDVA/questasim/verilog_src/uvm-1.2/src/reg/uvm_reg_predictor.svh(221) @ 940038000: uvm_test_top.env.ahb_predictor [REG_PREDICT] Observed WRITE transaction to register regmodel.MDR: value='h0 : updated value = 'h0
# UVM_INFO ./../regmodel/uart_reg2ahb_adapter.sv(42) @ 940038000: reporter [uart_reg2ahb_adapter] bus2reg: address = 0x4 data = 0x45 kind = UVM_WRITE status = UVM_IS_OK
# UVM_INFO /ictc/other/tools/QuestaDVA/questasim/verilog_src/uvm-1.2/src/reg/uvm_reg_predictor.svh(221) @ 940038000: uvm_test_top.env.ahb_predictor [REG_PREDICT] Observed WRITE transaction to register regmodel.DLL: value='h45 : updated value = 'h45
# UVM_INFO ./../regmodel/uart_reg2ahb_adapter.sv(42) @ 940038000: reporter [uart_reg2ahb_adapter] bus2reg: address = 0x8 data = 0x1 kind = UVM_WRITE status = UVM_IS_OK
# UVM_INFO /ictc/other/tools/QuestaDVA/questasim/verilog_src/uvm-1.2/src/reg/uvm_reg_predictor.svh(221) @ 940038000: uvm_test_top.env.ahb_predictor [REG_PREDICT] Observed WRITE transaction to register regmodel.DLH: value='h1 : updated value = 'h1
# UVM_INFO ./../regmodel/uart_reg2ahb_adapter.sv(42) @ 940038000: reporter [uart_reg2ahb_adapter] bus2reg: address = 0xc data = 0x2e kind = UVM_WRITE status = UVM_IS_OK
# UVM_INFO /ictc/other/tools/QuestaDVA/questasim/verilog_src/uvm-1.2/src/reg/uvm_reg_predictor.svh(221) @ 940038000: uvm_test_top.env.ahb_predictor [REG_PREDICT] Observed WRITE transaction to register regmodel.LCR: value='h2e : updated value = 'h2e
# UVM_INFO ./../regmodel/uart_reg2ahb_adapter.sv(42) @ 940038000: reporter [uart_reg2ahb_adapter] bus2reg: address = 0x18 data = 0x12317598 kind = UVM_WRITE status = UVM_IS_OK
# UVM_INFO /ictc/other/tools/QuestaDVA/questasim/verilog_src/uvm-1.2/src/reg/uvm_reg_predictor.svh(221) @ 940038000: uvm_test_top.env.ahb_predictor [REG_PREDICT] Observed WRITE transaction to register regmodel.TBR: value='h12317598 : updated value = 'h98
# UVM_INFO ./../tb/dut_scoreboard.sv(50) @ 940038000: uvm_test_top.env.dut_sb [SCOREBOARD] 
# ===== Captured data from AHB: 0x12317598
# UVM_INFO ./../tb/dut_scoreboard.sv(71) @ 940038000: uvm_test_top.env.dut_sb [dut_scoreboard] 
# 
# =====[UART TXD] Data comparison =====
# 
# UVM_ERROR ./../tb/dut_scoreboard.sv(76) @ 940038000: uvm_test_top.env.dut_sb [dut_scoreboard] 
# =====[DATA FRAME: 7] FAILED!!! Expected value is 0x18, Actual data is 0x7e =====
# UVM_INFO ./../tb/dut_scoreboard.sv(82) @ 940038000: uvm_test_top.env.dut_sb [dut_scoreboard] 
# 
# =====[UART TXD] Parity comparison =====
# 
# UVM_INFO ./../tb/dut_scoreboard.sv(88) @ 940038000: uvm_test_top.env.dut_sb [dut_scoreboard] 
# =====[PARITY MODE: 1] PASSED SUCCESSFULLY!!! =====
# UVM_INFO ./../vip/uart_vip/uart_monitor.sv(95) @ 940457000: uvm_test_top.env.uart_agt.monitor [uart_monitor] 
# ===== Baud rate actual is       4808, Baud rate expected is      19200 =====
# UVM_INFO ./../vip/uart_vip/uart_monitor.sv(181) @ 941133000: uvm_test_top.env.uart_agt.monitor [uart_monitor] Data read from DUT is -------------------------------------------
# Name         Type              Size  Value 
# -------------------------------------------
# trans        uart_transaction  -     @13689
#   direction  direction_e       32    RX    
#   data       integral          9     'h18  
#   parity     integral          1     'h1   
#   stop_bit   integral          2     'h1   
#   baud_rate  integral          32    'h0   
# -------------------------------------------
# 
# UVM_INFO ./../tb/dut_scoreboard.sv(58) @ 941133000: uvm_test_top.env.dut_sb [SCOREBOARD] 
# ===== Captured data from UART: 0x18
# UVM_INFO ./../testcases/uart_txd_x16_random.sv(35) @ 950038000: uvm_test_top [uart_txd_x16_random] -------------------------------------------------------------
# Name                Type                Size  Value          
# -------------------------------------------------------------
# cfg                 uart_configuration  -     @360           
#   parity_mode       parity_mode_e       32    UART_PARITY_ODD
#   sampling          sampling_mode_e     32    MODE_X16       
#   data_width        integral            32    'h7            
#   num_of_stop_bit   integral            32    'h2            
#   baud_rate         integral            32    'h9600         
#   baud_rate_enable  integral            1     'h1            
#   parity_enable     integral            1     'h0            
# -------------------------------------------------------------
# 
# UVM_INFO ./../regmodel/uart_reg2ahb_adapter.sv(42) @ 950038000: reporter [uart_reg2ahb_adapter] bus2reg: address = 0x0 data = 0x0 kind = UVM_WRITE status = UVM_IS_OK
# UVM_INFO /ictc/other/tools/QuestaDVA/questasim/verilog_src/uvm-1.2/src/reg/uvm_reg_predictor.svh(221) @ 950038000: uvm_test_top.env.ahb_predictor [REG_PREDICT] Observed WRITE transaction to register regmodel.MDR: value='h0 : updated value = 'h0
# UVM_INFO ./../regmodel/uart_reg2ahb_adapter.sv(42) @ 950038000: reporter [uart_reg2ahb_adapter] bus2reg: address = 0x4 data = 0xa4 kind = UVM_WRITE status = UVM_IS_OK
# UVM_INFO /ictc/other/tools/QuestaDVA/questasim/verilog_src/uvm-1.2/src/reg/uvm_reg_predictor.svh(221) @ 950038000: uvm_test_top.env.ahb_predictor [REG_PREDICT] Observed WRITE transaction to register regmodel.DLL: value='ha4 : updated value = 'ha4
# UVM_INFO ./../regmodel/uart_reg2ahb_adapter.sv(42) @ 950038000: reporter [uart_reg2ahb_adapter] bus2reg: address = 0x8 data = 0x0 kind = UVM_WRITE status = UVM_IS_OK
# UVM_INFO /ictc/other/tools/QuestaDVA/questasim/verilog_src/uvm-1.2/src/reg/uvm_reg_predictor.svh(221) @ 950038000: uvm_test_top.env.ahb_predictor [REG_PREDICT] Observed WRITE transaction to register regmodel.DLH: value='h0 : updated value = 'h0
# UVM_INFO ./../regmodel/uart_reg2ahb_adapter.sv(42) @ 950038000: reporter [uart_reg2ahb_adapter] bus2reg: address = 0xc data = 0x2e kind = UVM_WRITE status = UVM_IS_OK
# UVM_INFO /ictc/other/tools/QuestaDVA/questasim/verilog_src/uvm-1.2/src/reg/uvm_reg_predictor.svh(221) @ 950038000: uvm_test_top.env.ahb_predictor [REG_PREDICT] Observed WRITE transaction to register regmodel.LCR: value='h2e : updated value = 'h2e
# UVM_INFO ./../regmodel/uart_reg2ahb_adapter.sv(42) @ 950039000: reporter [uart_reg2ahb_adapter] bus2reg: address = 0x18 data = 0x5a9bf219 kind = UVM_WRITE status = UVM_IS_OK
# UVM_INFO /ictc/other/tools/QuestaDVA/questasim/verilog_src/uvm-1.2/src/reg/uvm_reg_predictor.svh(221) @ 950039000: uvm_test_top.env.ahb_predictor [REG_PREDICT] Observed WRITE transaction to register regmodel.TBR: value='h5a9bf219 : updated value = 'h19
# UVM_INFO ./../tb/dut_scoreboard.sv(50) @ 950039000: uvm_test_top.env.dut_sb [SCOREBOARD] 
# ===== Captured data from AHB: 0x5a9bf219
# UVM_INFO ./../tb/dut_scoreboard.sv(71) @ 950039000: uvm_test_top.env.dut_sb [dut_scoreboard] 
# 
# =====[UART TXD] Data comparison =====
# 
# UVM_ERROR ./../tb/dut_scoreboard.sv(76) @ 950039000: uvm_test_top.env.dut_sb [dut_scoreboard] 
# =====[DATA FRAME: 7] FAILED!!! Expected value is 0x19, Actual data is 0x6c =====
# UVM_INFO ./../tb/dut_scoreboard.sv(82) @ 950039000: uvm_test_top.env.dut_sb [dut_scoreboard] 
# 
# =====[UART TXD] Parity comparison =====
# 
# UVM_ERROR ./../tb/dut_scoreboard.sv(85) @ 950039000: uvm_test_top.env.dut_sb [dut_scoreboard] 
# =====[PARITY MODE: 1] FAILED!!! Expected parity is 0, Actual parity is 1 =====
# UVM_INFO ./../vip/uart_vip/uart_monitor.sv(95) @ 950094000: uvm_test_top.env.uart_agt.monitor [uart_monitor] 
# ===== Baud rate actual is      37736, Baud rate expected is      38400 =====
# UVM_INFO ./../vip/uart_vip/uart_monitor.sv(181) @ 950587000: uvm_test_top.env.uart_agt.monitor [uart_monitor] Data read from DUT is -------------------------------------------
# Name         Type              Size  Value 
# -------------------------------------------
# trans        uart_transaction  -     @13823
#   direction  direction_e       32    RX    
#   data       integral          9     'h19  
#   parity     integral          1     'h1   
#   stop_bit   integral          2     'h1   
#   baud_rate  integral          32    'h0   
# -------------------------------------------
# 
# UVM_INFO ./../tb/dut_scoreboard.sv(58) @ 950587000: uvm_test_top.env.dut_sb [SCOREBOARD] 
# ===== Captured data from UART: 0x19
# UVM_INFO ./../testcases/uart_txd_x16_random.sv(35) @ 960039000: uvm_test_top [uart_txd_x16_random] -------------------------------------------------------------
# Name                Type                Size  Value          
# -------------------------------------------------------------
# cfg                 uart_configuration  -     @360           
#   parity_mode       parity_mode_e       32    UART_PARITY_ODD
#   sampling          sampling_mode_e     32    MODE_X16       
#   data_width        integral            32    'h7            
#   num_of_stop_bit   integral            32    'h2            
#   baud_rate         integral            32    'h12c00        
#   baud_rate_enable  integral            1     'h1            
#   parity_enable     integral            1     'h0            
# -------------------------------------------------------------
# 
# UVM_INFO ./../regmodel/uart_reg2ahb_adapter.sv(42) @ 960039000: reporter [uart_reg2ahb_adapter] bus2reg: address = 0x0 data = 0x0 kind = UVM_WRITE status = UVM_IS_OK
# UVM_INFO /ictc/other/tools/QuestaDVA/questasim/verilog_src/uvm-1.2/src/reg/uvm_reg_predictor.svh(221) @ 960039000: uvm_test_top.env.ahb_predictor [REG_PREDICT] Observed WRITE transaction to register regmodel.MDR: value='h0 : updated value = 'h0
# UVM_INFO ./../regmodel/uart_reg2ahb_adapter.sv(42) @ 960039000: reporter [uart_reg2ahb_adapter] bus2reg: address = 0x4 data = 0x51 kind = UVM_WRITE status = UVM_IS_OK
# UVM_INFO /ictc/other/tools/QuestaDVA/questasim/verilog_src/uvm-1.2/src/reg/uvm_reg_predictor.svh(221) @ 960039000: uvm_test_top.env.ahb_predictor [REG_PREDICT] Observed WRITE transaction to register regmodel.DLL: value='h51 : updated value = 'h51
# UVM_INFO ./../regmodel/uart_reg2ahb_adapter.sv(42) @ 960039000: reporter [uart_reg2ahb_adapter] bus2reg: address = 0x8 data = 0x0 kind = UVM_WRITE status = UVM_IS_OK
# UVM_INFO /ictc/other/tools/QuestaDVA/questasim/verilog_src/uvm-1.2/src/reg/uvm_reg_predictor.svh(221) @ 960039000: uvm_test_top.env.ahb_predictor [REG_PREDICT] Observed WRITE transaction to register regmodel.DLH: value='h0 : updated value = 'h0
# UVM_INFO ./../regmodel/uart_reg2ahb_adapter.sv(42) @ 960039000: reporter [uart_reg2ahb_adapter] bus2reg: address = 0xc data = 0x2e kind = UVM_WRITE status = UVM_IS_OK
# UVM_INFO /ictc/other/tools/QuestaDVA/questasim/verilog_src/uvm-1.2/src/reg/uvm_reg_predictor.svh(221) @ 960039000: uvm_test_top.env.ahb_predictor [REG_PREDICT] Observed WRITE transaction to register regmodel.LCR: value='h2e : updated value = 'h2e
# UVM_INFO ./../regmodel/uart_reg2ahb_adapter.sv(42) @ 960039000: reporter [uart_reg2ahb_adapter] bus2reg: address = 0x18 data = 0xf29d5b9 kind = UVM_WRITE status = UVM_IS_OK
# UVM_INFO /ictc/other/tools/QuestaDVA/questasim/verilog_src/uvm-1.2/src/reg/uvm_reg_predictor.svh(221) @ 960039000: uvm_test_top.env.ahb_predictor [REG_PREDICT] Observed WRITE transaction to register regmodel.TBR: value='hf29d5b9 : updated value = 'hb9
# UVM_INFO ./../tb/dut_scoreboard.sv(50) @ 960039000: uvm_test_top.env.dut_sb [SCOREBOARD] 
# ===== Captured data from AHB: 0xf29d5b9
# UVM_INFO ./../tb/dut_scoreboard.sv(71) @ 960039000: uvm_test_top.env.dut_sb [dut_scoreboard] 
# 
# =====[UART TXD] Data comparison =====
# 
# UVM_ERROR ./../tb/dut_scoreboard.sv(76) @ 960039000: uvm_test_top.env.dut_sb [dut_scoreboard] 
# =====[DATA FRAME: 7] FAILED!!! Expected value is 0x39, Actual data is 0x1a =====
# UVM_INFO ./../tb/dut_scoreboard.sv(82) @ 960039000: uvm_test_top.env.dut_sb [dut_scoreboard] 
# 
# =====[UART TXD] Parity comparison =====
# 
# UVM_ERROR ./../tb/dut_scoreboard.sv(85) @ 960039000: uvm_test_top.env.dut_sb [dut_scoreboard] 
# =====[PARITY MODE: 1] FAILED!!! Expected parity is 1, Actual parity is 0 =====
# UVM_INFO ./../vip/uart_vip/uart_monitor.sv(95) @ 961374000: uvm_test_top.env.uart_agt.monitor [uart_monitor] 
# ===== Baud rate actual is      76923, Baud rate expected is      76800 =====
# UVM_INFO ./../vip/uart_vip/uart_monitor.sv(181) @ 961621000: uvm_test_top.env.uart_agt.monitor [uart_monitor] Data read from DUT is -------------------------------------------
# Name         Type              Size  Value 
# -------------------------------------------
# trans        uart_transaction  -     @13957
#   direction  direction_e       32    RX    
#   data       integral          9     'h39  
#   parity     integral          1     'h1   
#   stop_bit   integral          2     'h1   
#   baud_rate  integral          32    'h0   
# -------------------------------------------
# 
# UVM_INFO ./../tb/dut_scoreboard.sv(58) @ 961621000: uvm_test_top.env.dut_sb [SCOREBOARD] 
# ===== Captured data from UART: 0x39
# UVM_INFO ./../testcases/uart_txd_x16_random.sv(35) @ 970039000: uvm_test_top [uart_txd_x16_random] -------------------------------------------------------------
# Name                Type                Size  Value          
# -------------------------------------------------------------
# cfg                 uart_configuration  -     @360           
#   parity_mode       parity_mode_e       32    UART_PARITY_ODD
#   sampling          sampling_mode_e     32    MODE_X16       
#   data_width        integral            32    'h7            
#   num_of_stop_bit   integral            32    'h2            
#   baud_rate         integral            32    'h1c200        
#   baud_rate_enable  integral            1     'h1            
#   parity_enable     integral            1     'h0            
# -------------------------------------------------------------
# 
# UVM_INFO ./../regmodel/uart_reg2ahb_adapter.sv(42) @ 970039000: reporter [uart_reg2ahb_adapter] bus2reg: address = 0x0 data = 0x0 kind = UVM_WRITE status = UVM_IS_OK
# UVM_INFO /ictc/other/tools/QuestaDVA/questasim/verilog_src/uvm-1.2/src/reg/uvm_reg_predictor.svh(221) @ 970039000: uvm_test_top.env.ahb_predictor [REG_PREDICT] Observed WRITE transaction to register regmodel.MDR: value='h0 : updated value = 'h0
# UVM_INFO ./../regmodel/uart_reg2ahb_adapter.sv(42) @ 970039000: reporter [uart_reg2ahb_adapter] bus2reg: address = 0x4 data = 0x36 kind = UVM_WRITE status = UVM_IS_OK
# UVM_INFO /ictc/other/tools/QuestaDVA/questasim/verilog_src/uvm-1.2/src/reg/uvm_reg_predictor.svh(221) @ 970039000: uvm_test_top.env.ahb_predictor [REG_PREDICT] Observed WRITE transaction to register regmodel.DLL: value='h36 : updated value = 'h36
# UVM_INFO ./../regmodel/uart_reg2ahb_adapter.sv(42) @ 970039000: reporter [uart_reg2ahb_adapter] bus2reg: address = 0x8 data = 0x0 kind = UVM_WRITE status = UVM_IS_OK
# UVM_INFO /ictc/other/tools/QuestaDVA/questasim/verilog_src/uvm-1.2/src/reg/uvm_reg_predictor.svh(221) @ 970039000: uvm_test_top.env.ahb_predictor [REG_PREDICT] Observed WRITE transaction to register regmodel.DLH: value='h0 : updated value = 'h0
# UVM_INFO ./../regmodel/uart_reg2ahb_adapter.sv(42) @ 970039000: reporter [uart_reg2ahb_adapter] bus2reg: address = 0xc data = 0x2e kind = UVM_WRITE status = UVM_IS_OK
# UVM_INFO /ictc/other/tools/QuestaDVA/questasim/verilog_src/uvm-1.2/src/reg/uvm_reg_predictor.svh(221) @ 970039000: uvm_test_top.env.ahb_predictor [REG_PREDICT] Observed WRITE transaction to register regmodel.LCR: value='h2e : updated value = 'h2e
# UVM_INFO ./../regmodel/uart_reg2ahb_adapter.sv(42) @ 970039000: reporter [uart_reg2ahb_adapter] bus2reg: address = 0x18 data = 0x2c2f317f kind = UVM_WRITE status = UVM_IS_OK
# UVM_INFO /ictc/other/tools/QuestaDVA/questasim/verilog_src/uvm-1.2/src/reg/uvm_reg_predictor.svh(221) @ 970039000: uvm_test_top.env.ahb_predictor [REG_PREDICT] Observed WRITE transaction to register regmodel.TBR: value='h2c2f317f : updated value = 'h7f
# UVM_INFO ./../tb/dut_scoreboard.sv(50) @ 970039000: uvm_test_top.env.dut_sb [SCOREBOARD] 
# ===== Captured data from AHB: 0x2c2f317f
# UVM_INFO ./../tb/dut_scoreboard.sv(71) @ 970039000: uvm_test_top.env.dut_sb [dut_scoreboard] 
# 
# =====[UART TXD] Data comparison =====
# 
# UVM_ERROR ./../tb/dut_scoreboard.sv(76) @ 970039000: uvm_test_top.env.dut_sb [dut_scoreboard] 
# =====[DATA FRAME: 7] FAILED!!! Expected value is 0x7f, Actual data is 0x25 =====
# UVM_INFO ./../tb/dut_scoreboard.sv(82) @ 970039000: uvm_test_top.env.dut_sb [dut_scoreboard] 
# 
# =====[UART TXD] Parity comparison =====
# 
# UVM_INFO ./../tb/dut_scoreboard.sv(88) @ 970039000: uvm_test_top.env.dut_sb [dut_scoreboard] 
# =====[PARITY MODE: 1] PASSED SUCCESSFULLY!!! =====
# UVM_INFO ./../vip/uart_vip/uart_monitor.sv(95) @ 971367000: uvm_test_top.env.uart_agt.monitor [uart_monitor] 
# ===== Baud rate actual is     111111, Baud rate expected is     115200 =====
# UVM_INFO ./../vip/uart_vip/uart_monitor.sv(181) @ 971528000: uvm_test_top.env.uart_agt.monitor [uart_monitor] Data read from DUT is -------------------------------------------
# Name         Type              Size  Value 
# -------------------------------------------
# trans        uart_transaction  -     @14091
#   direction  direction_e       32    RX    
#   data       integral          9     'h7f  
#   parity     integral          1     'h1   
#   stop_bit   integral          2     'h1   
#   baud_rate  integral          32    'h0   
# -------------------------------------------
# 
# UVM_INFO ./../tb/dut_scoreboard.sv(58) @ 971528000: uvm_test_top.env.dut_sb [SCOREBOARD] 
# ===== Captured data from UART: 0x7f
# UVM_INFO ./../testcases/uart_txd_x16_random.sv(35) @ 980039000: uvm_test_top [uart_txd_x16_random] -------------------------------------------------------------
# Name                Type                Size  Value          
# -------------------------------------------------------------
# cfg                 uart_configuration  -     @360           
#   parity_mode       parity_mode_e       32    UART_PARITY_ODD
#   sampling          sampling_mode_e     32    MODE_X16       
#   data_width        integral            32    'h8            
#   num_of_stop_bit   integral            32    'h1            
#   baud_rate         integral            32    'h960          
#   baud_rate_enable  integral            1     'h1            
#   parity_enable     integral            1     'h0            
# -------------------------------------------------------------
# 
# UVM_INFO ./../regmodel/uart_reg2ahb_adapter.sv(42) @ 980039000: reporter [uart_reg2ahb_adapter] bus2reg: address = 0x0 data = 0x0 kind = UVM_WRITE status = UVM_IS_OK
# UVM_INFO /ictc/other/tools/QuestaDVA/questasim/verilog_src/uvm-1.2/src/reg/uvm_reg_predictor.svh(221) @ 980039000: uvm_test_top.env.ahb_predictor [REG_PREDICT] Observed WRITE transaction to register regmodel.MDR: value='h0 : updated value = 'h0
# UVM_INFO ./../regmodel/uart_reg2ahb_adapter.sv(42) @ 980039000: reporter [uart_reg2ahb_adapter] bus2reg: address = 0x4 data = 0x2c kind = UVM_WRITE status = UVM_IS_OK
# UVM_INFO /ictc/other/tools/QuestaDVA/questasim/verilog_src/uvm-1.2/src/reg/uvm_reg_predictor.svh(221) @ 980039000: uvm_test_top.env.ahb_predictor [REG_PREDICT] Observed WRITE transaction to register regmodel.DLL: value='h2c : updated value = 'h2c
# UVM_INFO ./../regmodel/uart_reg2ahb_adapter.sv(42) @ 980040000: reporter [uart_reg2ahb_adapter] bus2reg: address = 0x8 data = 0xa kind = UVM_WRITE status = UVM_IS_OK
# UVM_INFO /ictc/other/tools/QuestaDVA/questasim/verilog_src/uvm-1.2/src/reg/uvm_reg_predictor.svh(221) @ 980040000: uvm_test_top.env.ahb_predictor [REG_PREDICT] Observed WRITE transaction to register regmodel.DLH: value='ha : updated value = 'ha
# UVM_INFO ./../regmodel/uart_reg2ahb_adapter.sv(42) @ 980040000: reporter [uart_reg2ahb_adapter] bus2reg: address = 0xc data = 0x2b kind = UVM_WRITE status = UVM_IS_OK
# UVM_INFO /ictc/other/tools/QuestaDVA/questasim/verilog_src/uvm-1.2/src/reg/uvm_reg_predictor.svh(221) @ 980040000: uvm_test_top.env.ahb_predictor [REG_PREDICT] Observed WRITE transaction to register regmodel.LCR: value='h2b : updated value = 'h2b
# UVM_INFO ./../regmodel/uart_reg2ahb_adapter.sv(42) @ 980040000: reporter [uart_reg2ahb_adapter] bus2reg: address = 0x18 data = 0xd1ada310 kind = UVM_WRITE status = UVM_IS_OK
# UVM_INFO /ictc/other/tools/QuestaDVA/questasim/verilog_src/uvm-1.2/src/reg/uvm_reg_predictor.svh(221) @ 980040000: uvm_test_top.env.ahb_predictor [REG_PREDICT] Observed WRITE transaction to register regmodel.TBR: value='hd1ada310 : updated value = 'h10
# UVM_INFO ./../tb/dut_scoreboard.sv(50) @ 980040000: uvm_test_top.env.dut_sb [SCOREBOARD] 
# ===== Captured data from AHB: 0xd1ada310
# UVM_INFO ./../tb/dut_scoreboard.sv(71) @ 980040000: uvm_test_top.env.dut_sb [dut_scoreboard] 
# 
# =====[UART TXD] Data comparison =====
# 
# UVM_ERROR ./../tb/dut_scoreboard.sv(76) @ 980040000: uvm_test_top.env.dut_sb [dut_scoreboard] 
# =====[DATA FRAME: 8] FAILED!!! Expected value is 0x10, Actual data is 0x31 =====
# UVM_INFO ./../tb/dut_scoreboard.sv(82) @ 980040000: uvm_test_top.env.dut_sb [dut_scoreboard] 
# 
# =====[UART TXD] Parity comparison =====
# 
# UVM_ERROR ./../tb/dut_scoreboard.sv(85) @ 980040000: uvm_test_top.env.dut_sb [dut_scoreboard] 
# =====[PARITY MODE: 1] FAILED!!! Expected parity is 0, Actual parity is 1 =====
# UVM_INFO ./../vip/uart_vip/uart_monitor.sv(95) @ 984258000: uvm_test_top.env.uart_agt.monitor [uart_monitor] 
# ===== Baud rate actual is        480, Baud rate expected is       2400 =====
# UVM_INFO ./../vip/uart_vip/uart_monitor.sv(181) @ 988838000: uvm_test_top.env.uart_agt.monitor [uart_monitor] Data read from DUT is -------------------------------------------
# Name         Type              Size  Value 
# -------------------------------------------
# trans        uart_transaction  -     @14225
#   direction  direction_e       32    RX    
#   data       integral          9     'h10  
#   parity     integral          1     'h1   
#   stop_bit   integral          2     'h1   
#   baud_rate  integral          32    'h0   
# -------------------------------------------
# 
# UVM_INFO ./../tb/dut_scoreboard.sv(58) @ 988838000: uvm_test_top.env.dut_sb [SCOREBOARD] 
# ===== Captured data from UART: 0x10
# UVM_INFO ./../testcases/uart_txd_x16_random.sv(35) @ 990040000: uvm_test_top [uart_txd_x16_random] -------------------------------------------------------------
# Name                Type                Size  Value          
# -------------------------------------------------------------
# cfg                 uart_configuration  -     @360           
#   parity_mode       parity_mode_e       32    UART_PARITY_ODD
#   sampling          sampling_mode_e     32    MODE_X16       
#   data_width        integral            32    'h8            
#   num_of_stop_bit   integral            32    'h1            
#   baud_rate         integral            32    'h12c0         
#   baud_rate_enable  integral            1     'h1            
#   parity_enable     integral            1     'h0            
# -------------------------------------------------------------
# 
# UVM_INFO ./../regmodel/uart_reg2ahb_adapter.sv(42) @ 990040000: reporter [uart_reg2ahb_adapter] bus2reg: address = 0x0 data = 0x0 kind = UVM_WRITE status = UVM_IS_OK
# UVM_INFO /ictc/other/tools/QuestaDVA/questasim/verilog_src/uvm-1.2/src/reg/uvm_reg_predictor.svh(221) @ 990040000: uvm_test_top.env.ahb_predictor [REG_PREDICT] Observed WRITE transaction to register regmodel.MDR: value='h0 : updated value = 'h0
# UVM_INFO ./../regmodel/uart_reg2ahb_adapter.sv(42) @ 990040000: reporter [uart_reg2ahb_adapter] bus2reg: address = 0x4 data = 0x16 kind = UVM_WRITE status = UVM_IS_OK
# UVM_INFO /ictc/other/tools/QuestaDVA/questasim/verilog_src/uvm-1.2/src/reg/uvm_reg_predictor.svh(221) @ 990040000: uvm_test_top.env.ahb_predictor [REG_PREDICT] Observed WRITE transaction to register regmodel.DLL: value='h16 : updated value = 'h16
# UVM_INFO ./../regmodel/uart_reg2ahb_adapter.sv(42) @ 990040000: reporter [uart_reg2ahb_adapter] bus2reg: address = 0x8 data = 0x5 kind = UVM_WRITE status = UVM_IS_OK
# UVM_INFO /ictc/other/tools/QuestaDVA/questasim/verilog_src/uvm-1.2/src/reg/uvm_reg_predictor.svh(221) @ 990040000: uvm_test_top.env.ahb_predictor [REG_PREDICT] Observed WRITE transaction to register regmodel.DLH: value='h5 : updated value = 'h5
# UVM_INFO ./../regmodel/uart_reg2ahb_adapter.sv(42) @ 990040000: reporter [uart_reg2ahb_adapter] bus2reg: address = 0xc data = 0x2b kind = UVM_WRITE status = UVM_IS_OK
# UVM_INFO /ictc/other/tools/QuestaDVA/questasim/verilog_src/uvm-1.2/src/reg/uvm_reg_predictor.svh(221) @ 990040000: uvm_test_top.env.ahb_predictor [REG_PREDICT] Observed WRITE transaction to register regmodel.LCR: value='h2b : updated value = 'h2b
# UVM_INFO ./../regmodel/uart_reg2ahb_adapter.sv(42) @ 990040000: reporter [uart_reg2ahb_adapter] bus2reg: address = 0x18 data = 0x26e332a2 kind = UVM_WRITE status = UVM_IS_OK
# UVM_INFO /ictc/other/tools/QuestaDVA/questasim/verilog_src/uvm-1.2/src/reg/uvm_reg_predictor.svh(221) @ 990040000: uvm_test_top.env.ahb_predictor [REG_PREDICT] Observed WRITE transaction to register regmodel.TBR: value='h26e332a2 : updated value = 'ha2
# UVM_INFO ./../tb/dut_scoreboard.sv(50) @ 990040000: uvm_test_top.env.dut_sb [SCOREBOARD] 
# ===== Captured data from AHB: 0x26e332a2
# UVM_INFO ./../tb/dut_scoreboard.sv(71) @ 990040000: uvm_test_top.env.dut_sb [dut_scoreboard] 
# 
# =====[UART TXD] Data comparison =====
# 
# UVM_ERROR ./../tb/dut_scoreboard.sv(76) @ 990040000: uvm_test_top.env.dut_sb [dut_scoreboard] 
# =====[DATA FRAME: 8] FAILED!!! Expected value is 0xa2, Actual data is 0x2e =====
# UVM_INFO ./../tb/dut_scoreboard.sv(82) @ 990040000: uvm_test_top.env.dut_sb [dut_scoreboard] 
# 
# =====[UART TXD] Parity comparison =====
# 
# UVM_INFO ./../tb/dut_scoreboard.sv(88) @ 990040000: uvm_test_top.env.dut_sb [dut_scoreboard] 
# =====[PARITY MODE: 1] PASSED SUCCESSFULLY!!! =====
# UVM_INFO ./../vip/uart_vip/uart_monitor.sv(95) @ 990898000: uvm_test_top.env.uart_agt.monitor [uart_monitor] 
# ===== Baud rate actual is       2401, Baud rate expected is       4800 =====
# UVM_INFO ./../vip/uart_vip/uart_monitor.sv(181) @ 994443000: uvm_test_top.env.uart_agt.monitor [uart_monitor] Data read from DUT is -------------------------------------------
# Name         Type              Size  Value 
# -------------------------------------------
# trans        uart_transaction  -     @14359
#   direction  direction_e       32    RX    
#   data       integral          9     'ha2  
#   parity     integral          1     'h1   
#   stop_bit   integral          2     'h1   
#   baud_rate  integral          32    'h0   
# -------------------------------------------
# 
# UVM_INFO ./../tb/dut_scoreboard.sv(58) @ 994443000: uvm_test_top.env.dut_sb [SCOREBOARD] 
# ===== Captured data from UART: 0xa2
# UVM_INFO ./../testcases/uart_txd_x16_random.sv(35) @ 1000040000: uvm_test_top [uart_txd_x16_random] -------------------------------------------------------------
# Name                Type                Size  Value          
# -------------------------------------------------------------
# cfg                 uart_configuration  -     @360           
#   parity_mode       parity_mode_e       32    UART_PARITY_ODD
#   sampling          sampling_mode_e     32    MODE_X16       
#   data_width        integral            32    'h8            
#   num_of_stop_bit   integral            32    'h1            
#   baud_rate         integral            32    'h2580         
#   baud_rate_enable  integral            1     'h1            
#   parity_enable     integral            1     'h0            
# -------------------------------------------------------------
# 
# UVM_INFO ./../regmodel/uart_reg2ahb_adapter.sv(42) @ 1000040000: reporter [uart_reg2ahb_adapter] bus2reg: address = 0x0 data = 0x0 kind = UVM_WRITE status = UVM_IS_OK
# UVM_INFO /ictc/other/tools/QuestaDVA/questasim/verilog_src/uvm-1.2/src/reg/uvm_reg_predictor.svh(221) @ 1000040000: uvm_test_top.env.ahb_predictor [REG_PREDICT] Observed WRITE transaction to register regmodel.MDR: value='h0 : updated value = 'h0
# UVM_INFO ./../regmodel/uart_reg2ahb_adapter.sv(42) @ 1000040000: reporter [uart_reg2ahb_adapter] bus2reg: address = 0x4 data = 0x16 kind = UVM_WRITE status = UVM_IS_OK
# UVM_INFO /ictc/other/tools/QuestaDVA/questasim/verilog_src/uvm-1.2/src/reg/uvm_reg_predictor.svh(221) @ 1000040000: uvm_test_top.env.ahb_predictor [REG_PREDICT] Observed WRITE transaction to register regmodel.DLL: value='h16 : updated value = 'h16
# UVM_INFO ./../regmodel/uart_reg2ahb_adapter.sv(42) @ 1000040000: reporter [uart_reg2ahb_adapter] bus2reg: address = 0x8 data = 0x5 kind = UVM_WRITE status = UVM_IS_OK
# UVM_INFO /ictc/other/tools/QuestaDVA/questasim/verilog_src/uvm-1.2/src/reg/uvm_reg_predictor.svh(221) @ 1000040000: uvm_test_top.env.ahb_predictor [REG_PREDICT] Observed WRITE transaction to register regmodel.DLH: value='h5 : updated value = 'h5
# UVM_INFO ./../regmodel/uart_reg2ahb_adapter.sv(42) @ 1000040000: reporter [uart_reg2ahb_adapter] bus2reg: address = 0xc data = 0x2b kind = UVM_WRITE status = UVM_IS_OK
# UVM_INFO /ictc/other/tools/QuestaDVA/questasim/verilog_src/uvm-1.2/src/reg/uvm_reg_predictor.svh(221) @ 1000040000: uvm_test_top.env.ahb_predictor [REG_PREDICT] Observed WRITE transaction to register regmodel.LCR: value='h2b : updated value = 'h2b
# UVM_INFO ./../regmodel/uart_reg2ahb_adapter.sv(42) @ 1000041000: reporter [uart_reg2ahb_adapter] bus2reg: address = 0x18 data = 0x4aac2c77 kind = UVM_WRITE status = UVM_IS_OK
# UVM_INFO /ictc/other/tools/QuestaDVA/questasim/verilog_src/uvm-1.2/src/reg/uvm_reg_predictor.svh(221) @ 1000041000: uvm_test_top.env.ahb_predictor [REG_PREDICT] Observed WRITE transaction to register regmodel.TBR: value='h4aac2c77 : updated value = 'h77
# UVM_INFO ./../tb/dut_scoreboard.sv(50) @ 1000041000: uvm_test_top.env.dut_sb [SCOREBOARD] 
# ===== Captured data from AHB: 0x4aac2c77
# UVM_INFO ./../tb/dut_scoreboard.sv(71) @ 1000041000: uvm_test_top.env.dut_sb [dut_scoreboard] 
# 
# =====[UART TXD] Data comparison =====
# 
# UVM_ERROR ./../tb/dut_scoreboard.sv(76) @ 1000041000: uvm_test_top.env.dut_sb [dut_scoreboard] 
# =====[DATA FRAME: 8] FAILED!!! Expected value is 0x77, Actual data is 0x39 =====
# UVM_INFO ./../tb/dut_scoreboard.sv(82) @ 1000041000: uvm_test_top.env.dut_sb [dut_scoreboard] 
# 
# =====[UART TXD] Parity comparison =====
# 
# UVM_ERROR ./../tb/dut_scoreboard.sv(85) @ 1000041000: uvm_test_top.env.dut_sb [dut_scoreboard] 
# =====[PARITY MODE: 1] FAILED!!! Expected parity is 1, Actual parity is 0 =====
# UVM_INFO ./../vip/uart_vip/uart_monitor.sv(95) @ 1000481000: uvm_test_top.env.uart_agt.monitor [uart_monitor] 
# ===== Baud rate actual is       4796, Baud rate expected is       9600 =====
# UVM_INFO ./../vip/uart_vip/uart_monitor.sv(181) @ 1002248000: uvm_test_top.env.uart_agt.monitor [uart_monitor] Data read from DUT is -------------------------------------------
# Name         Type              Size  Value 
# -------------------------------------------
# trans        uart_transaction  -     @14493
#   direction  direction_e       32    RX    
#   data       integral          9     'h7e  
#   parity     integral          1     'h0   
#   stop_bit   integral          2     'h1   
#   baud_rate  integral          32    'h0   
# -------------------------------------------
# 
# UVM_INFO ./../tb/dut_scoreboard.sv(58) @ 1002248000: uvm_test_top.env.dut_sb [SCOREBOARD] 
# ===== Captured data from UART: 0x7e
# UVM_INFO ./../vip/uart_vip/uart_monitor.sv(181) @ 1005581000: uvm_test_top.env.uart_agt.monitor [uart_monitor] Data read from DUT is -------------------------------------------
# Name         Type              Size  Value 
# -------------------------------------------
# trans        uart_transaction  -     @14627
#   direction  direction_e       32    RX    
#   data       integral          9     'hf8  
#   parity     integral          1     'h1   
#   stop_bit   integral          2     'h1   
#   baud_rate  integral          32    'h0   
# -------------------------------------------
# 
# UVM_INFO ./../tb/dut_scoreboard.sv(58) @ 1005581000: uvm_test_top.env.dut_sb [SCOREBOARD] 
# ===== Captured data from UART: 0xf8
# UVM_INFO ./../testcases/uart_txd_x16_random.sv(35) @ 1010041000: uvm_test_top [uart_txd_x16_random] -------------------------------------------------------------
# Name                Type                Size  Value          
# -------------------------------------------------------------
# cfg                 uart_configuration  -     @360           
#   parity_mode       parity_mode_e       32    UART_PARITY_ODD
#   sampling          sampling_mode_e     32    MODE_X16       
#   data_width        integral            32    'h8            
#   num_of_stop_bit   integral            32    'h1            
#   baud_rate         integral            32    'h4b00         
#   baud_rate_enable  integral            1     'h1            
#   parity_enable     integral            1     'h0            
# -------------------------------------------------------------
# 
# UVM_INFO ./../regmodel/uart_reg2ahb_adapter.sv(42) @ 1010041000: reporter [uart_reg2ahb_adapter] bus2reg: address = 0x0 data = 0x0 kind = UVM_WRITE status = UVM_IS_OK
# UVM_INFO /ictc/other/tools/QuestaDVA/questasim/verilog_src/uvm-1.2/src/reg/uvm_reg_predictor.svh(221) @ 1010041000: uvm_test_top.env.ahb_predictor [REG_PREDICT] Observed WRITE transaction to register regmodel.MDR: value='h0 : updated value = 'h0
# UVM_INFO ./../regmodel/uart_reg2ahb_adapter.sv(42) @ 1010041000: reporter [uart_reg2ahb_adapter] bus2reg: address = 0x4 data = 0x45 kind = UVM_WRITE status = UVM_IS_OK
# UVM_INFO /ictc/other/tools/QuestaDVA/questasim/verilog_src/uvm-1.2/src/reg/uvm_reg_predictor.svh(221) @ 1010041000: uvm_test_top.env.ahb_predictor [REG_PREDICT] Observed WRITE transaction to register regmodel.DLL: value='h45 : updated value = 'h45
# UVM_INFO ./../regmodel/uart_reg2ahb_adapter.sv(42) @ 1010041000: reporter [uart_reg2ahb_adapter] bus2reg: address = 0x8 data = 0x1 kind = UVM_WRITE status = UVM_IS_OK
# UVM_INFO /ictc/other/tools/QuestaDVA/questasim/verilog_src/uvm-1.2/src/reg/uvm_reg_predictor.svh(221) @ 1010041000: uvm_test_top.env.ahb_predictor [REG_PREDICT] Observed WRITE transaction to register regmodel.DLH: value='h1 : updated value = 'h1
# UVM_INFO ./../regmodel/uart_reg2ahb_adapter.sv(42) @ 1010041000: reporter [uart_reg2ahb_adapter] bus2reg: address = 0xc data = 0x2b kind = UVM_WRITE status = UVM_IS_OK
# UVM_INFO /ictc/other/tools/QuestaDVA/questasim/verilog_src/uvm-1.2/src/reg/uvm_reg_predictor.svh(221) @ 1010041000: uvm_test_top.env.ahb_predictor [REG_PREDICT] Observed WRITE transaction to register regmodel.LCR: value='h2b : updated value = 'h2b
# UVM_INFO ./../regmodel/uart_reg2ahb_adapter.sv(42) @ 1010041000: reporter [uart_reg2ahb_adapter] bus2reg: address = 0x18 data = 0xbcc1b1e4 kind = UVM_WRITE status = UVM_IS_OK
# UVM_INFO /ictc/other/tools/QuestaDVA/questasim/verilog_src/uvm-1.2/src/reg/uvm_reg_predictor.svh(221) @ 1010041000: uvm_test_top.env.ahb_predictor [REG_PREDICT] Observed WRITE transaction to register regmodel.TBR: value='hbcc1b1e4 : updated value = 'he4
# UVM_INFO ./../tb/dut_scoreboard.sv(50) @ 1010041000: uvm_test_top.env.dut_sb [SCOREBOARD] 
# ===== Captured data from AHB: 0xbcc1b1e4
# UVM_INFO ./../tb/dut_scoreboard.sv(71) @ 1010041000: uvm_test_top.env.dut_sb [dut_scoreboard] 
# 
# =====[UART TXD] Data comparison =====
# 
# UVM_ERROR ./../tb/dut_scoreboard.sv(76) @ 1010041000: uvm_test_top.env.dut_sb [dut_scoreboard] 
# =====[DATA FRAME: 8] FAILED!!! Expected value is 0xe4, Actual data is 0x66 =====
# UVM_INFO ./../tb/dut_scoreboard.sv(82) @ 1010041000: uvm_test_top.env.dut_sb [dut_scoreboard] 
# 
# =====[UART TXD] Parity comparison =====
# 
# UVM_ERROR ./../tb/dut_scoreboard.sv(85) @ 1010041000: uvm_test_top.env.dut_sb [dut_scoreboard] 
# =====[PARITY MODE: 1] FAILED!!! Expected parity is 1, Actual parity is 0 =====
# UVM_INFO ./../vip/uart_vip/uart_monitor.sv(95) @ 1010356000: uvm_test_top.env.uart_agt.monitor [uart_monitor] 
# ===== Baud rate actual is       6410, Baud rate expected is      19200 =====
# UVM_INFO ./../vip/uart_vip/uart_monitor.sv(181) @ 1011136000: uvm_test_top.env.uart_agt.monitor [uart_monitor] Data read from DUT is -------------------------------------------
# Name         Type              Size  Value 
# -------------------------------------------
# trans        uart_transaction  -     @14635
#   direction  direction_e       32    RX    
#   data       integral          9     'he4  
#   parity     integral          1     'h0   
#   stop_bit   integral          2     'h1   
#   baud_rate  integral          32    'h0   
# -------------------------------------------
# 
# UVM_INFO ./../tb/dut_scoreboard.sv(58) @ 1011136000: uvm_test_top.env.dut_sb [SCOREBOARD] 
# ===== Captured data from UART: 0xe4
# UVM_INFO ./../testcases/uart_txd_x16_random.sv(35) @ 1020041000: uvm_test_top [uart_txd_x16_random] -------------------------------------------------------------
# Name                Type                Size  Value          
# -------------------------------------------------------------
# cfg                 uart_configuration  -     @360           
#   parity_mode       parity_mode_e       32    UART_PARITY_ODD
#   sampling          sampling_mode_e     32    MODE_X16       
#   data_width        integral            32    'h8            
#   num_of_stop_bit   integral            32    'h1            
#   baud_rate         integral            32    'h9600         
#   baud_rate_enable  integral            1     'h1            
#   parity_enable     integral            1     'h0            
# -------------------------------------------------------------
# 
# UVM_INFO ./../regmodel/uart_reg2ahb_adapter.sv(42) @ 1020041000: reporter [uart_reg2ahb_adapter] bus2reg: address = 0x0 data = 0x0 kind = UVM_WRITE status = UVM_IS_OK
# UVM_INFO /ictc/other/tools/QuestaDVA/questasim/verilog_src/uvm-1.2/src/reg/uvm_reg_predictor.svh(221) @ 1020041000: uvm_test_top.env.ahb_predictor [REG_PREDICT] Observed WRITE transaction to register regmodel.MDR: value='h0 : updated value = 'h0
# UVM_INFO ./../regmodel/uart_reg2ahb_adapter.sv(42) @ 1020041000: reporter [uart_reg2ahb_adapter] bus2reg: address = 0x4 data = 0xa4 kind = UVM_WRITE status = UVM_IS_OK
# UVM_INFO /ictc/other/tools/QuestaDVA/questasim/verilog_src/uvm-1.2/src/reg/uvm_reg_predictor.svh(221) @ 1020041000: uvm_test_top.env.ahb_predictor [REG_PREDICT] Observed WRITE transaction to register regmodel.DLL: value='ha4 : updated value = 'ha4
# UVM_INFO ./../regmodel/uart_reg2ahb_adapter.sv(42) @ 1020041000: reporter [uart_reg2ahb_adapter] bus2reg: address = 0x8 data = 0x0 kind = UVM_WRITE status = UVM_IS_OK
# UVM_INFO /ictc/other/tools/QuestaDVA/questasim/verilog_src/uvm-1.2/src/reg/uvm_reg_predictor.svh(221) @ 1020041000: uvm_test_top.env.ahb_predictor [REG_PREDICT] Observed WRITE transaction to register regmodel.DLH: value='h0 : updated value = 'h0
# UVM_INFO ./../regmodel/uart_reg2ahb_adapter.sv(42) @ 1020041000: reporter [uart_reg2ahb_adapter] bus2reg: address = 0xc data = 0x2b kind = UVM_WRITE status = UVM_IS_OK
# UVM_INFO /ictc/other/tools/QuestaDVA/questasim/verilog_src/uvm-1.2/src/reg/uvm_reg_predictor.svh(221) @ 1020041000: uvm_test_top.env.ahb_predictor [REG_PREDICT] Observed WRITE transaction to register regmodel.LCR: value='h2b : updated value = 'h2b
# UVM_INFO ./../regmodel/uart_reg2ahb_adapter.sv(42) @ 1020041000: reporter [uart_reg2ahb_adapter] bus2reg: address = 0x18 data = 0x5e5fee36 kind = UVM_WRITE status = UVM_IS_OK
# UVM_INFO /ictc/other/tools/QuestaDVA/questasim/verilog_src/uvm-1.2/src/reg/uvm_reg_predictor.svh(221) @ 1020041000: uvm_test_top.env.ahb_predictor [REG_PREDICT] Observed WRITE transaction to register regmodel.TBR: value='h5e5fee36 : updated value = 'h36
# UVM_INFO ./../tb/dut_scoreboard.sv(50) @ 1020041000: uvm_test_top.env.dut_sb [SCOREBOARD] 
# ===== Captured data from AHB: 0x5e5fee36
# UVM_INFO ./../tb/dut_scoreboard.sv(71) @ 1020041000: uvm_test_top.env.dut_sb [dut_scoreboard] 
# 
# =====[UART TXD] Data comparison =====
# 
# UVM_ERROR ./../tb/dut_scoreboard.sv(76) @ 1020041000: uvm_test_top.env.dut_sb [dut_scoreboard] 
# =====[DATA FRAME: 8] FAILED!!! Expected value is 0x36, Actual data is 0x78 =====
# UVM_INFO ./../tb/dut_scoreboard.sv(82) @ 1020041000: uvm_test_top.env.dut_sb [dut_scoreboard] 
# 
# =====[UART TXD] Parity comparison =====
# 
# UVM_INFO ./../tb/dut_scoreboard.sv(88) @ 1020041000: uvm_test_top.env.dut_sb [dut_scoreboard] 
# =====[PARITY MODE: 1] PASSED SUCCESSFULLY!!! =====
# UVM_INFO ./../vip/uart_vip/uart_monitor.sv(95) @ 1020149000: uvm_test_top.env.uart_agt.monitor [uart_monitor] 
# ===== Baud rate actual is      19048, Baud rate expected is      38400 =====
# UVM_INFO ./../vip/uart_vip/uart_monitor.sv(181) @ 1020590000: uvm_test_top.env.uart_agt.monitor [uart_monitor] Data read from DUT is -------------------------------------------
# Name         Type              Size  Value 
# -------------------------------------------
# trans        uart_transaction  -     @14769
#   direction  direction_e       32    RX    
#   data       integral          9     'h36  
#   parity     integral          1     'h0   
#   stop_bit   integral          2     'h1   
#   baud_rate  integral          32    'h0   
# -------------------------------------------
# 
# UVM_INFO ./../tb/dut_scoreboard.sv(58) @ 1020590000: uvm_test_top.env.dut_sb [SCOREBOARD] 
# ===== Captured data from UART: 0x36
# UVM_INFO ./../testcases/uart_txd_x16_random.sv(35) @ 1030041000: uvm_test_top [uart_txd_x16_random] -------------------------------------------------------------
# Name                Type                Size  Value          
# -------------------------------------------------------------
# cfg                 uart_configuration  -     @360           
#   parity_mode       parity_mode_e       32    UART_PARITY_ODD
#   sampling          sampling_mode_e     32    MODE_X16       
#   data_width        integral            32    'h8            
#   num_of_stop_bit   integral            32    'h1            
#   baud_rate         integral            32    'h12c00        
#   baud_rate_enable  integral            1     'h1            
#   parity_enable     integral            1     'h0            
# -------------------------------------------------------------
# 
# UVM_INFO ./../regmodel/uart_reg2ahb_adapter.sv(42) @ 1030041000: reporter [uart_reg2ahb_adapter] bus2reg: address = 0x0 data = 0x0 kind = UVM_WRITE status = UVM_IS_OK
# UVM_INFO /ictc/other/tools/QuestaDVA/questasim/verilog_src/uvm-1.2/src/reg/uvm_reg_predictor.svh(221) @ 1030041000: uvm_test_top.env.ahb_predictor [REG_PREDICT] Observed WRITE transaction to register regmodel.MDR: value='h0 : updated value = 'h0
# UVM_INFO ./../regmodel/uart_reg2ahb_adapter.sv(42) @ 1030041000: reporter [uart_reg2ahb_adapter] bus2reg: address = 0x4 data = 0x51 kind = UVM_WRITE status = UVM_IS_OK
# UVM_INFO /ictc/other/tools/QuestaDVA/questasim/verilog_src/uvm-1.2/src/reg/uvm_reg_predictor.svh(221) @ 1030041000: uvm_test_top.env.ahb_predictor [REG_PREDICT] Observed WRITE transaction to register regmodel.DLL: value='h51 : updated value = 'h51
# UVM_INFO ./../regmodel/uart_reg2ahb_adapter.sv(42) @ 1030042000: reporter [uart_reg2ahb_adapter] bus2reg: address = 0x8 data = 0x0 kind = UVM_WRITE status = UVM_IS_OK
# UVM_INFO /ictc/other/tools/QuestaDVA/questasim/verilog_src/uvm-1.2/src/reg/uvm_reg_predictor.svh(221) @ 1030042000: uvm_test_top.env.ahb_predictor [REG_PREDICT] Observed WRITE transaction to register regmodel.DLH: value='h0 : updated value = 'h0
# UVM_INFO ./../regmodel/uart_reg2ahb_adapter.sv(42) @ 1030042000: reporter [uart_reg2ahb_adapter] bus2reg: address = 0xc data = 0x2b kind = UVM_WRITE status = UVM_IS_OK
# UVM_INFO /ictc/other/tools/QuestaDVA/questasim/verilog_src/uvm-1.2/src/reg/uvm_reg_predictor.svh(221) @ 1030042000: uvm_test_top.env.ahb_predictor [REG_PREDICT] Observed WRITE transaction to register regmodel.LCR: value='h2b : updated value = 'h2b
# UVM_INFO ./../regmodel/uart_reg2ahb_adapter.sv(42) @ 1030042000: reporter [uart_reg2ahb_adapter] bus2reg: address = 0x18 data = 0x81d27c17 kind = UVM_WRITE status = UVM_IS_OK
# UVM_INFO /ictc/other/tools/QuestaDVA/questasim/verilog_src/uvm-1.2/src/reg/uvm_reg_predictor.svh(221) @ 1030042000: uvm_test_top.env.ahb_predictor [REG_PREDICT] Observed WRITE transaction to register regmodel.TBR: value='h81d27c17 : updated value = 'h17
# UVM_INFO ./../tb/dut_scoreboard.sv(50) @ 1030042000: uvm_test_top.env.dut_sb [SCOREBOARD] 
# ===== Captured data from AHB: 0x81d27c17
# UVM_INFO ./../tb/dut_scoreboard.sv(71) @ 1030042000: uvm_test_top.env.dut_sb [dut_scoreboard] 
# 
# =====[UART TXD] Data comparison =====
# 
# UVM_ERROR ./../tb/dut_scoreboard.sv(76) @ 1030042000: uvm_test_top.env.dut_sb [dut_scoreboard] 
# =====[DATA FRAME: 8] FAILED!!! Expected value is 0x17, Actual data is 0x18 =====
# UVM_INFO ./../tb/dut_scoreboard.sv(82) @ 1030042000: uvm_test_top.env.dut_sb [dut_scoreboard] 
# 
# =====[UART TXD] Parity comparison =====
# 
# UVM_INFO ./../tb/dut_scoreboard.sv(88) @ 1030042000: uvm_test_top.env.dut_sb [dut_scoreboard] 
# =====[PARITY MODE: 1] PASSED SUCCESSFULLY!!! =====
# UVM_INFO ./../vip/uart_vip/uart_monitor.sv(95) @ 1030069000: uvm_test_top.env.uart_agt.monitor [uart_monitor] 
# ===== Baud rate actual is      76923, Baud rate expected is      76800 =====
# UVM_INFO ./../vip/uart_vip/uart_monitor.sv(181) @ 1030316000: uvm_test_top.env.uart_agt.monitor [uart_monitor] Data read from DUT is -------------------------------------------
# Name         Type              Size  Value 
# -------------------------------------------
# trans        uart_transaction  -     @14903
#   direction  direction_e       32    RX    
#   data       integral          9     'h17  
#   parity     integral          1     'h0   
#   stop_bit   integral          2     'h1   
#   baud_rate  integral          32    'h0   
# -------------------------------------------
# 
# UVM_INFO ./../tb/dut_scoreboard.sv(58) @ 1030316000: uvm_test_top.env.dut_sb [SCOREBOARD] 
# ===== Captured data from UART: 0x17
# UVM_INFO ./../testcases/uart_txd_x16_random.sv(35) @ 1040042000: uvm_test_top [uart_txd_x16_random] -------------------------------------------------------------
# Name                Type                Size  Value          
# -------------------------------------------------------------
# cfg                 uart_configuration  -     @360           
#   parity_mode       parity_mode_e       32    UART_PARITY_ODD
#   sampling          sampling_mode_e     32    MODE_X16       
#   data_width        integral            32    'h8            
#   num_of_stop_bit   integral            32    'h1            
#   baud_rate         integral            32    'h1c200        
#   baud_rate_enable  integral            1     'h1            
#   parity_enable     integral            1     'h0            
# -------------------------------------------------------------
# 
# UVM_INFO ./../regmodel/uart_reg2ahb_adapter.sv(42) @ 1040042000: reporter [uart_reg2ahb_adapter] bus2reg: address = 0x0 data = 0x0 kind = UVM_WRITE status = UVM_IS_OK
# UVM_INFO /ictc/other/tools/QuestaDVA/questasim/verilog_src/uvm-1.2/src/reg/uvm_reg_predictor.svh(221) @ 1040042000: uvm_test_top.env.ahb_predictor [REG_PREDICT] Observed WRITE transaction to register regmodel.MDR: value='h0 : updated value = 'h0
# UVM_INFO ./../regmodel/uart_reg2ahb_adapter.sv(42) @ 1040042000: reporter [uart_reg2ahb_adapter] bus2reg: address = 0x4 data = 0x36 kind = UVM_WRITE status = UVM_IS_OK
# UVM_INFO /ictc/other/tools/QuestaDVA/questasim/verilog_src/uvm-1.2/src/reg/uvm_reg_predictor.svh(221) @ 1040042000: uvm_test_top.env.ahb_predictor [REG_PREDICT] Observed WRITE transaction to register regmodel.DLL: value='h36 : updated value = 'h36
# UVM_INFO ./../regmodel/uart_reg2ahb_adapter.sv(42) @ 1040042000: reporter [uart_reg2ahb_adapter] bus2reg: address = 0x8 data = 0x0 kind = UVM_WRITE status = UVM_IS_OK
# UVM_INFO /ictc/other/tools/QuestaDVA/questasim/verilog_src/uvm-1.2/src/reg/uvm_reg_predictor.svh(221) @ 1040042000: uvm_test_top.env.ahb_predictor [REG_PREDICT] Observed WRITE transaction to register regmodel.DLH: value='h0 : updated value = 'h0
# UVM_INFO ./../regmodel/uart_reg2ahb_adapter.sv(42) @ 1040042000: reporter [uart_reg2ahb_adapter] bus2reg: address = 0xc data = 0x2b kind = UVM_WRITE status = UVM_IS_OK
# UVM_INFO /ictc/other/tools/QuestaDVA/questasim/verilog_src/uvm-1.2/src/reg/uvm_reg_predictor.svh(221) @ 1040042000: uvm_test_top.env.ahb_predictor [REG_PREDICT] Observed WRITE transaction to register regmodel.LCR: value='h2b : updated value = 'h2b
# UVM_INFO ./../regmodel/uart_reg2ahb_adapter.sv(42) @ 1040042000: reporter [uart_reg2ahb_adapter] bus2reg: address = 0x18 data = 0x3d3eef09 kind = UVM_WRITE status = UVM_IS_OK
# UVM_INFO /ictc/other/tools/QuestaDVA/questasim/verilog_src/uvm-1.2/src/reg/uvm_reg_predictor.svh(221) @ 1040042000: uvm_test_top.env.ahb_predictor [REG_PREDICT] Observed WRITE transaction to register regmodel.TBR: value='h3d3eef09 : updated value = 'h9
# UVM_INFO ./../tb/dut_scoreboard.sv(50) @ 1040042000: uvm_test_top.env.dut_sb [SCOREBOARD] 
# ===== Captured data from AHB: 0x3d3eef09
# UVM_INFO ./../tb/dut_scoreboard.sv(71) @ 1040042000: uvm_test_top.env.dut_sb [dut_scoreboard] 
# 
# =====[UART TXD] Data comparison =====
# 
# UVM_ERROR ./../tb/dut_scoreboard.sv(76) @ 1040042000: uvm_test_top.env.dut_sb [dut_scoreboard] 
# =====[DATA FRAME: 8] FAILED!!! Expected value is 0x9, Actual data is 0x19 =====
# UVM_INFO ./../tb/dut_scoreboard.sv(82) @ 1040042000: uvm_test_top.env.dut_sb [dut_scoreboard] 
# 
# =====[UART TXD] Parity comparison =====
# 
# UVM_INFO ./../tb/dut_scoreboard.sv(88) @ 1040042000: uvm_test_top.env.dut_sb [dut_scoreboard] 
# =====[PARITY MODE: 1] PASSED SUCCESSFULLY!!! =====
# UVM_INFO ./../vip/uart_vip/uart_monitor.sv(95) @ 1040060000: uvm_test_top.env.uart_agt.monitor [uart_monitor] 
# ===== Baud rate actual is     117647, Baud rate expected is     115200 =====
# UVM_INFO ./../vip/uart_vip/uart_monitor.sv(181) @ 1040221000: uvm_test_top.env.uart_agt.monitor [uart_monitor] Data read from DUT is -------------------------------------------
# Name         Type              Size  Value 
# -------------------------------------------
# trans        uart_transaction  -     @15037
#   direction  direction_e       32    RX    
#   data       integral          9     'h9   
#   parity     integral          1     'h0   
#   stop_bit   integral          2     'h1   
#   baud_rate  integral          32    'h0   
# -------------------------------------------
# 
# UVM_INFO ./../tb/dut_scoreboard.sv(58) @ 1040221000: uvm_test_top.env.dut_sb [SCOREBOARD] 
# ===== Captured data from UART: 0x9
# UVM_INFO ./../testcases/uart_txd_x16_random.sv(35) @ 1050042000: uvm_test_top [uart_txd_x16_random] -------------------------------------------------------------
# Name                Type                Size  Value          
# -------------------------------------------------------------
# cfg                 uart_configuration  -     @360           
#   parity_mode       parity_mode_e       32    UART_PARITY_ODD
#   sampling          sampling_mode_e     32    MODE_X16       
#   data_width        integral            32    'h8            
#   num_of_stop_bit   integral            32    'h2            
#   baud_rate         integral            32    'h960          
#   baud_rate_enable  integral            1     'h1            
#   parity_enable     integral            1     'h0            
# -------------------------------------------------------------
# 
# UVM_INFO ./../regmodel/uart_reg2ahb_adapter.sv(42) @ 1050042000: reporter [uart_reg2ahb_adapter] bus2reg: address = 0x0 data = 0x0 kind = UVM_WRITE status = UVM_IS_OK
# UVM_INFO /ictc/other/tools/QuestaDVA/questasim/verilog_src/uvm-1.2/src/reg/uvm_reg_predictor.svh(221) @ 1050042000: uvm_test_top.env.ahb_predictor [REG_PREDICT] Observed WRITE transaction to register regmodel.MDR: value='h0 : updated value = 'h0
# UVM_INFO ./../regmodel/uart_reg2ahb_adapter.sv(42) @ 1050042000: reporter [uart_reg2ahb_adapter] bus2reg: address = 0x4 data = 0x2c kind = UVM_WRITE status = UVM_IS_OK
# UVM_INFO /ictc/other/tools/QuestaDVA/questasim/verilog_src/uvm-1.2/src/reg/uvm_reg_predictor.svh(221) @ 1050042000: uvm_test_top.env.ahb_predictor [REG_PREDICT] Observed WRITE transaction to register regmodel.DLL: value='h2c : updated value = 'h2c
# UVM_INFO ./../regmodel/uart_reg2ahb_adapter.sv(42) @ 1050042000: reporter [uart_reg2ahb_adapter] bus2reg: address = 0x8 data = 0xa kind = UVM_WRITE status = UVM_IS_OK
# UVM_INFO /ictc/other/tools/QuestaDVA/questasim/verilog_src/uvm-1.2/src/reg/uvm_reg_predictor.svh(221) @ 1050042000: uvm_test_top.env.ahb_predictor [REG_PREDICT] Observed WRITE transaction to register regmodel.DLH: value='ha : updated value = 'ha
# UVM_INFO ./../regmodel/uart_reg2ahb_adapter.sv(42) @ 1050042000: reporter [uart_reg2ahb_adapter] bus2reg: address = 0xc data = 0x2f kind = UVM_WRITE status = UVM_IS_OK
# UVM_INFO /ictc/other/tools/QuestaDVA/questasim/verilog_src/uvm-1.2/src/reg/uvm_reg_predictor.svh(221) @ 1050042000: uvm_test_top.env.ahb_predictor [REG_PREDICT] Observed WRITE transaction to register regmodel.LCR: value='h2f : updated value = 'h2f
# UVM_INFO ./../regmodel/uart_reg2ahb_adapter.sv(42) @ 1050043000: reporter [uart_reg2ahb_adapter] bus2reg: address = 0x18 data = 0xf3d47c9a kind = UVM_WRITE status = UVM_IS_OK
# UVM_INFO /ictc/other/tools/QuestaDVA/questasim/verilog_src/uvm-1.2/src/reg/uvm_reg_predictor.svh(221) @ 1050043000: uvm_test_top.env.ahb_predictor [REG_PREDICT] Observed WRITE transaction to register regmodel.TBR: value='hf3d47c9a : updated value = 'h9a
# UVM_INFO ./../tb/dut_scoreboard.sv(50) @ 1050043000: uvm_test_top.env.dut_sb [SCOREBOARD] 
# ===== Captured data from AHB: 0xf3d47c9a
# UVM_INFO ./../tb/dut_scoreboard.sv(71) @ 1050043000: uvm_test_top.env.dut_sb [dut_scoreboard] 
# 
# =====[UART TXD] Data comparison =====
# 
# UVM_ERROR ./../tb/dut_scoreboard.sv(76) @ 1050043000: uvm_test_top.env.dut_sb [dut_scoreboard] 
# =====[DATA FRAME: 8] FAILED!!! Expected value is 0x9a, Actual data is 0x39 =====
# UVM_INFO ./../tb/dut_scoreboard.sv(82) @ 1050043000: uvm_test_top.env.dut_sb [dut_scoreboard] 
# 
# =====[UART TXD] Parity comparison =====
# 
# UVM_INFO ./../tb/dut_scoreboard.sv(88) @ 1050043000: uvm_test_top.env.dut_sb [dut_scoreboard] 
# =====[PARITY MODE: 1] PASSED SUCCESSFULLY!!! =====
# UVM_INFO ./../vip/uart_vip/uart_monitor.sv(95) @ 1051760000: uvm_test_top.env.uart_agt.monitor [uart_monitor] 
# ===== Baud rate actual is       1200, Baud rate expected is       2400 =====
# UVM_INFO ./../vip/uart_vip/uart_monitor.sv(181) @ 1059673000: uvm_test_top.env.uart_agt.monitor [uart_monitor] Data read from DUT is -------------------------------------------
# Name         Type              Size  Value 
# -------------------------------------------
# trans        uart_transaction  -     @15171
#   direction  direction_e       32    RX    
#   data       integral          9     'h9a  
#   parity     integral          1     'h0   
#   stop_bit   integral          2     'h1   
#   baud_rate  integral          32    'h0   
# -------------------------------------------
# 
# UVM_INFO ./../tb/dut_scoreboard.sv(58) @ 1059673000: uvm_test_top.env.dut_sb [SCOREBOARD] 
# ===== Captured data from UART: 0x9a
# UVM_INFO ./../testcases/uart_txd_x16_random.sv(35) @ 1060043000: uvm_test_top [uart_txd_x16_random] -------------------------------------------------------------
# Name                Type                Size  Value          
# -------------------------------------------------------------
# cfg                 uart_configuration  -     @360           
#   parity_mode       parity_mode_e       32    UART_PARITY_ODD
#   sampling          sampling_mode_e     32    MODE_X16       
#   data_width        integral            32    'h8            
#   num_of_stop_bit   integral            32    'h2            
#   baud_rate         integral            32    'h12c0         
#   baud_rate_enable  integral            1     'h1            
#   parity_enable     integral            1     'h0            
# -------------------------------------------------------------
# 
# UVM_INFO ./../regmodel/uart_reg2ahb_adapter.sv(42) @ 1060043000: reporter [uart_reg2ahb_adapter] bus2reg: address = 0x0 data = 0x0 kind = UVM_WRITE status = UVM_IS_OK
# UVM_INFO /ictc/other/tools/QuestaDVA/questasim/verilog_src/uvm-1.2/src/reg/uvm_reg_predictor.svh(221) @ 1060043000: uvm_test_top.env.ahb_predictor [REG_PREDICT] Observed WRITE transaction to register regmodel.MDR: value='h0 : updated value = 'h0
# UVM_INFO ./../regmodel/uart_reg2ahb_adapter.sv(42) @ 1060043000: reporter [uart_reg2ahb_adapter] bus2reg: address = 0x4 data = 0x16 kind = UVM_WRITE status = UVM_IS_OK
# UVM_INFO /ictc/other/tools/QuestaDVA/questasim/verilog_src/uvm-1.2/src/reg/uvm_reg_predictor.svh(221) @ 1060043000: uvm_test_top.env.ahb_predictor [REG_PREDICT] Observed WRITE transaction to register regmodel.DLL: value='h16 : updated value = 'h16
# UVM_INFO ./../regmodel/uart_reg2ahb_adapter.sv(42) @ 1060043000: reporter [uart_reg2ahb_adapter] bus2reg: address = 0x8 data = 0x5 kind = UVM_WRITE status = UVM_IS_OK
# UVM_INFO /ictc/other/tools/QuestaDVA/questasim/verilog_src/uvm-1.2/src/reg/uvm_reg_predictor.svh(221) @ 1060043000: uvm_test_top.env.ahb_predictor [REG_PREDICT] Observed WRITE transaction to register regmodel.DLH: value='h5 : updated value = 'h5
# UVM_INFO ./../regmodel/uart_reg2ahb_adapter.sv(42) @ 1060043000: reporter [uart_reg2ahb_adapter] bus2reg: address = 0xc data = 0x2f kind = UVM_WRITE status = UVM_IS_OK
# UVM_INFO /ictc/other/tools/QuestaDVA/questasim/verilog_src/uvm-1.2/src/reg/uvm_reg_predictor.svh(221) @ 1060043000: uvm_test_top.env.ahb_predictor [REG_PREDICT] Observed WRITE transaction to register regmodel.LCR: value='h2f : updated value = 'h2f
# UVM_INFO ./../regmodel/uart_reg2ahb_adapter.sv(42) @ 1060043000: reporter [uart_reg2ahb_adapter] bus2reg: address = 0x18 data = 0xe31aa273 kind = UVM_WRITE status = UVM_IS_OK
# UVM_INFO /ictc/other/tools/QuestaDVA/questasim/verilog_src/uvm-1.2/src/reg/uvm_reg_predictor.svh(221) @ 1060043000: uvm_test_top.env.ahb_predictor [REG_PREDICT] Observed WRITE transaction to register regmodel.TBR: value='he31aa273 : updated value = 'h73
# UVM_INFO ./../tb/dut_scoreboard.sv(50) @ 1060043000: uvm_test_top.env.dut_sb [SCOREBOARD] 
# ===== Captured data from AHB: 0xe31aa273
# UVM_INFO ./../tb/dut_scoreboard.sv(71) @ 1060043000: uvm_test_top.env.dut_sb [dut_scoreboard] 
# 
# =====[UART TXD] Data comparison =====
# 
# UVM_ERROR ./../tb/dut_scoreboard.sv(76) @ 1060043000: uvm_test_top.env.dut_sb [dut_scoreboard] 
# =====[DATA FRAME: 8] FAILED!!! Expected value is 0x73, Actual data is 0x7f =====
# UVM_INFO ./../tb/dut_scoreboard.sv(82) @ 1060043000: uvm_test_top.env.dut_sb [dut_scoreboard] 
# 
# =====[UART TXD] Parity comparison =====
# 
# UVM_ERROR ./../tb/dut_scoreboard.sv(85) @ 1060043000: uvm_test_top.env.dut_sb [dut_scoreboard] 
# =====[PARITY MODE: 1] FAILED!!! Expected parity is 0, Actual parity is 1 =====
# UVM_INFO ./../vip/uart_vip/uart_monitor.sv(95) @ 1060483000: uvm_test_top.env.uart_agt.monitor [uart_monitor] 
# ===== Baud rate actual is       4808, Baud rate expected is       4800 =====
# UVM_INFO ./../vip/uart_vip/uart_monitor.sv(181) @ 1064862000: uvm_test_top.env.uart_agt.monitor [uart_monitor] Data read from DUT is -------------------------------------------
# Name         Type              Size  Value 
# -------------------------------------------
# trans        uart_transaction  -     @15305
#   direction  direction_e       32    RX    
#   data       integral          9     'h73  
#   parity     integral          1     'h1   
#   stop_bit   integral          2     'h1   
#   baud_rate  integral          32    'h0   
# -------------------------------------------
# 
# UVM_INFO ./../tb/dut_scoreboard.sv(58) @ 1064862000: uvm_test_top.env.dut_sb [SCOREBOARD] 
# ===== Captured data from UART: 0x73
# UVM_INFO ./../testcases/uart_txd_x16_random.sv(35) @ 1070043000: uvm_test_top [uart_txd_x16_random] -------------------------------------------------------------
# Name                Type                Size  Value          
# -------------------------------------------------------------
# cfg                 uart_configuration  -     @360           
#   parity_mode       parity_mode_e       32    UART_PARITY_ODD
#   sampling          sampling_mode_e     32    MODE_X16       
#   data_width        integral            32    'h8            
#   num_of_stop_bit   integral            32    'h2            
#   baud_rate         integral            32    'h2580         
#   baud_rate_enable  integral            1     'h1            
#   parity_enable     integral            1     'h0            
# -------------------------------------------------------------
# 
# UVM_INFO ./../regmodel/uart_reg2ahb_adapter.sv(42) @ 1070043000: reporter [uart_reg2ahb_adapter] bus2reg: address = 0x0 data = 0x0 kind = UVM_WRITE status = UVM_IS_OK
# UVM_INFO /ictc/other/tools/QuestaDVA/questasim/verilog_src/uvm-1.2/src/reg/uvm_reg_predictor.svh(221) @ 1070043000: uvm_test_top.env.ahb_predictor [REG_PREDICT] Observed WRITE transaction to register regmodel.MDR: value='h0 : updated value = 'h0
# UVM_INFO ./../regmodel/uart_reg2ahb_adapter.sv(42) @ 1070043000: reporter [uart_reg2ahb_adapter] bus2reg: address = 0x4 data = 0x16 kind = UVM_WRITE status = UVM_IS_OK
# UVM_INFO /ictc/other/tools/QuestaDVA/questasim/verilog_src/uvm-1.2/src/reg/uvm_reg_predictor.svh(221) @ 1070043000: uvm_test_top.env.ahb_predictor [REG_PREDICT] Observed WRITE transaction to register regmodel.DLL: value='h16 : updated value = 'h16
# UVM_INFO ./../regmodel/uart_reg2ahb_adapter.sv(42) @ 1070043000: reporter [uart_reg2ahb_adapter] bus2reg: address = 0x8 data = 0x5 kind = UVM_WRITE status = UVM_IS_OK
# UVM_INFO /ictc/other/tools/QuestaDVA/questasim/verilog_src/uvm-1.2/src/reg/uvm_reg_predictor.svh(221) @ 1070043000: uvm_test_top.env.ahb_predictor [REG_PREDICT] Observed WRITE transaction to register regmodel.DLH: value='h5 : updated value = 'h5
# UVM_INFO ./../regmodel/uart_reg2ahb_adapter.sv(42) @ 1070043000: reporter [uart_reg2ahb_adapter] bus2reg: address = 0xc data = 0x2f kind = UVM_WRITE status = UVM_IS_OK
# UVM_INFO /ictc/other/tools/QuestaDVA/questasim/verilog_src/uvm-1.2/src/reg/uvm_reg_predictor.svh(221) @ 1070043000: uvm_test_top.env.ahb_predictor [REG_PREDICT] Observed WRITE transaction to register regmodel.LCR: value='h2f : updated value = 'h2f
# UVM_INFO ./../regmodel/uart_reg2ahb_adapter.sv(42) @ 1070043000: reporter [uart_reg2ahb_adapter] bus2reg: address = 0x18 data = 0x887b00a6 kind = UVM_WRITE status = UVM_IS_OK
# UVM_INFO /ictc/other/tools/QuestaDVA/questasim/verilog_src/uvm-1.2/src/reg/uvm_reg_predictor.svh(221) @ 1070043000: uvm_test_top.env.ahb_predictor [REG_PREDICT] Observed WRITE transaction to register regmodel.TBR: value='h887b00a6 : updated value = 'ha6
# UVM_INFO ./../tb/dut_scoreboard.sv(50) @ 1070043000: uvm_test_top.env.dut_sb [SCOREBOARD] 
# ===== Captured data from AHB: 0x887b00a6
# UVM_INFO ./../tb/dut_scoreboard.sv(71) @ 1070043000: uvm_test_top.env.dut_sb [dut_scoreboard] 
# 
# =====[UART TXD] Data comparison =====
# 
# UVM_ERROR ./../tb/dut_scoreboard.sv(76) @ 1070043000: uvm_test_top.env.dut_sb [dut_scoreboard] 
# =====[DATA FRAME: 8] FAILED!!! Expected value is 0xa6, Actual data is 0x10 =====
# UVM_INFO ./../tb/dut_scoreboard.sv(82) @ 1070043000: uvm_test_top.env.dut_sb [dut_scoreboard] 
# 
# =====[UART TXD] Parity comparison =====
# 
# UVM_INFO ./../tb/dut_scoreboard.sv(88) @ 1070043000: uvm_test_top.env.dut_sb [dut_scoreboard] 
# =====[PARITY MODE: 1] PASSED SUCCESSFULLY!!! =====
# UVM_INFO ./../vip/uart_vip/uart_monitor.sv(95) @ 1070899000: uvm_test_top.env.uart_agt.monitor [uart_monitor] 
# ===== Baud rate actual is       2401, Baud rate expected is       9600 =====
# UVM_ERROR ./../vip/uart_vip/uart_monitor.sv(174) @ 1072250000: uvm_test_top.env.uart_agt.monitor [uart_monitor] ===== stop bit error detected =====
# UVM_ERROR ./../vip/uart_vip/uart_monitor.sv(174) @ 1072458000: uvm_test_top.env.uart_agt.monitor [uart_monitor] ===== stop bit error detected =====
# UVM_INFO ./../vip/uart_vip/uart_monitor.sv(181) @ 1072458000: uvm_test_top.env.uart_agt.monitor [uart_monitor] Data read from DUT is -------------------------------------------
# Name         Type              Size  Value 
# -------------------------------------------
# trans        uart_transaction  -     @15439
#   direction  direction_e       32    RX    
#   data       integral          9     'h78  
#   parity     integral          1     'h0   
#   stop_bit   integral          2     'h0   
#   baud_rate  integral          32    'h0   
# -------------------------------------------
# 
# UVM_INFO ./../tb/dut_scoreboard.sv(58) @ 1072458000: uvm_test_top.env.dut_sb [SCOREBOARD] 
# ===== Captured data from UART: 0x78
# UVM_INFO ./../vip/uart_vip/uart_monitor.sv(181) @ 1075375000: uvm_test_top.env.uart_agt.monitor [uart_monitor] Data read from DUT is -------------------------------------------
# Name         Type              Size  Value 
# -------------------------------------------
# trans        uart_transaction  -     @15577
#   direction  direction_e       32    RX    
#   data       integral          9     'he6  
#   parity     integral          1     'h1   
#   stop_bit   integral          2     'h1   
#   baud_rate  integral          32    'h0   
# -------------------------------------------
# 
# UVM_INFO ./../tb/dut_scoreboard.sv(58) @ 1075375000: uvm_test_top.env.dut_sb [SCOREBOARD] 
# ===== Captured data from UART: 0xe6
# UVM_INFO ./../testcases/uart_txd_x16_random.sv(35) @ 1080043000: uvm_test_top [uart_txd_x16_random] -------------------------------------------------------------
# Name                Type                Size  Value          
# -------------------------------------------------------------
# cfg                 uart_configuration  -     @360           
#   parity_mode       parity_mode_e       32    UART_PARITY_ODD
#   sampling          sampling_mode_e     32    MODE_X16       
#   data_width        integral            32    'h8            
#   num_of_stop_bit   integral            32    'h2            
#   baud_rate         integral            32    'h4b00         
#   baud_rate_enable  integral            1     'h1            
#   parity_enable     integral            1     'h0            
# -------------------------------------------------------------
# 
# UVM_INFO ./../regmodel/uart_reg2ahb_adapter.sv(42) @ 1080043000: reporter [uart_reg2ahb_adapter] bus2reg: address = 0x0 data = 0x0 kind = UVM_WRITE status = UVM_IS_OK
# UVM_INFO /ictc/other/tools/QuestaDVA/questasim/verilog_src/uvm-1.2/src/reg/uvm_reg_predictor.svh(221) @ 1080043000: uvm_test_top.env.ahb_predictor [REG_PREDICT] Observed WRITE transaction to register regmodel.MDR: value='h0 : updated value = 'h0
# UVM_INFO ./../regmodel/uart_reg2ahb_adapter.sv(42) @ 1080043000: reporter [uart_reg2ahb_adapter] bus2reg: address = 0x4 data = 0x45 kind = UVM_WRITE status = UVM_IS_OK
# UVM_INFO /ictc/other/tools/QuestaDVA/questasim/verilog_src/uvm-1.2/src/reg/uvm_reg_predictor.svh(221) @ 1080043000: uvm_test_top.env.ahb_predictor [REG_PREDICT] Observed WRITE transaction to register regmodel.DLL: value='h45 : updated value = 'h45
# UVM_INFO ./../regmodel/uart_reg2ahb_adapter.sv(42) @ 1080044000: reporter [uart_reg2ahb_adapter] bus2reg: address = 0x8 data = 0x1 kind = UVM_WRITE status = UVM_IS_OK
# UVM_INFO /ictc/other/tools/QuestaDVA/questasim/verilog_src/uvm-1.2/src/reg/uvm_reg_predictor.svh(221) @ 1080044000: uvm_test_top.env.ahb_predictor [REG_PREDICT] Observed WRITE transaction to register regmodel.DLH: value='h1 : updated value = 'h1
# UVM_INFO ./../regmodel/uart_reg2ahb_adapter.sv(42) @ 1080044000: reporter [uart_reg2ahb_adapter] bus2reg: address = 0xc data = 0x2f kind = UVM_WRITE status = UVM_IS_OK
# UVM_INFO /ictc/other/tools/QuestaDVA/questasim/verilog_src/uvm-1.2/src/reg/uvm_reg_predictor.svh(221) @ 1080044000: uvm_test_top.env.ahb_predictor [REG_PREDICT] Observed WRITE transaction to register regmodel.LCR: value='h2f : updated value = 'h2f
# UVM_INFO ./../regmodel/uart_reg2ahb_adapter.sv(42) @ 1080044000: reporter [uart_reg2ahb_adapter] bus2reg: address = 0x18 data = 0x54fe44a1 kind = UVM_WRITE status = UVM_IS_OK
# UVM_INFO /ictc/other/tools/QuestaDVA/questasim/verilog_src/uvm-1.2/src/reg/uvm_reg_predictor.svh(221) @ 1080044000: uvm_test_top.env.ahb_predictor [REG_PREDICT] Observed WRITE transaction to register regmodel.TBR: value='h54fe44a1 : updated value = 'ha1
# UVM_INFO ./../tb/dut_scoreboard.sv(50) @ 1080044000: uvm_test_top.env.dut_sb [SCOREBOARD] 
# ===== Captured data from AHB: 0x54fe44a1
# UVM_INFO ./../tb/dut_scoreboard.sv(71) @ 1080044000: uvm_test_top.env.dut_sb [dut_scoreboard] 
# 
# =====[UART TXD] Data comparison =====
# 
# UVM_ERROR ./../tb/dut_scoreboard.sv(76) @ 1080044000: uvm_test_top.env.dut_sb [dut_scoreboard] 
# =====[DATA FRAME: 8] FAILED!!! Expected value is 0xa1, Actual data is 0xa2 =====
# UVM_INFO ./../tb/dut_scoreboard.sv(82) @ 1080044000: uvm_test_top.env.dut_sb [dut_scoreboard] 
# 
# =====[UART TXD] Parity comparison =====
# 
# UVM_ERROR ./../tb/dut_scoreboard.sv(85) @ 1080044000: uvm_test_top.env.dut_sb [dut_scoreboard] 
# =====[PARITY MODE: 1] FAILED!!! Expected parity is 0, Actual parity is 1 =====
# UVM_INFO ./../vip/uart_vip/uart_monitor.sv(95) @ 1080150000: uvm_test_top.env.uart_agt.monitor [uart_monitor] 
# ===== Baud rate actual is      19231, Baud rate expected is      19200 =====
# UVM_INFO ./../vip/uart_vip/uart_monitor.sv(181) @ 1081242000: uvm_test_top.env.uart_agt.monitor [uart_monitor] Data read from DUT is -------------------------------------------
# Name         Type              Size  Value 
# -------------------------------------------
# trans        uart_transaction  -     @15585
#   direction  direction_e       32    RX    
#   data       integral          9     'ha1  
#   parity     integral          1     'h1   
#   stop_bit   integral          2     'h1   
#   baud_rate  integral          32    'h0   
# -------------------------------------------
# 
# UVM_INFO ./../tb/dut_scoreboard.sv(58) @ 1081242000: uvm_test_top.env.dut_sb [SCOREBOARD] 
# ===== Captured data from UART: 0xa1
# UVM_INFO ./../testcases/uart_txd_x16_random.sv(35) @ 1090044000: uvm_test_top [uart_txd_x16_random] -------------------------------------------------------------
# Name                Type                Size  Value          
# -------------------------------------------------------------
# cfg                 uart_configuration  -     @360           
#   parity_mode       parity_mode_e       32    UART_PARITY_ODD
#   sampling          sampling_mode_e     32    MODE_X16       
#   data_width        integral            32    'h8            
#   num_of_stop_bit   integral            32    'h2            
#   baud_rate         integral            32    'h9600         
#   baud_rate_enable  integral            1     'h1            
#   parity_enable     integral            1     'h0            
# -------------------------------------------------------------
# 
# UVM_INFO ./../regmodel/uart_reg2ahb_adapter.sv(42) @ 1090044000: reporter [uart_reg2ahb_adapter] bus2reg: address = 0x0 data = 0x0 kind = UVM_WRITE status = UVM_IS_OK
# UVM_INFO /ictc/other/tools/QuestaDVA/questasim/verilog_src/uvm-1.2/src/reg/uvm_reg_predictor.svh(221) @ 1090044000: uvm_test_top.env.ahb_predictor [REG_PREDICT] Observed WRITE transaction to register regmodel.MDR: value='h0 : updated value = 'h0
# UVM_INFO ./../regmodel/uart_reg2ahb_adapter.sv(42) @ 1090044000: reporter [uart_reg2ahb_adapter] bus2reg: address = 0x4 data = 0xa4 kind = UVM_WRITE status = UVM_IS_OK
# UVM_INFO /ictc/other/tools/QuestaDVA/questasim/verilog_src/uvm-1.2/src/reg/uvm_reg_predictor.svh(221) @ 1090044000: uvm_test_top.env.ahb_predictor [REG_PREDICT] Observed WRITE transaction to register regmodel.DLL: value='ha4 : updated value = 'ha4
# UVM_INFO ./../regmodel/uart_reg2ahb_adapter.sv(42) @ 1090044000: reporter [uart_reg2ahb_adapter] bus2reg: address = 0x8 data = 0x0 kind = UVM_WRITE status = UVM_IS_OK
# UVM_INFO /ictc/other/tools/QuestaDVA/questasim/verilog_src/uvm-1.2/src/reg/uvm_reg_predictor.svh(221) @ 1090044000: uvm_test_top.env.ahb_predictor [REG_PREDICT] Observed WRITE transaction to register regmodel.DLH: value='h0 : updated value = 'h0
# UVM_INFO ./../regmodel/uart_reg2ahb_adapter.sv(42) @ 1090044000: reporter [uart_reg2ahb_adapter] bus2reg: address = 0xc data = 0x2f kind = UVM_WRITE status = UVM_IS_OK
# UVM_INFO /ictc/other/tools/QuestaDVA/questasim/verilog_src/uvm-1.2/src/reg/uvm_reg_predictor.svh(221) @ 1090044000: uvm_test_top.env.ahb_predictor [REG_PREDICT] Observed WRITE transaction to register regmodel.LCR: value='h2f : updated value = 'h2f
# UVM_INFO ./../regmodel/uart_reg2ahb_adapter.sv(42) @ 1090044000: reporter [uart_reg2ahb_adapter] bus2reg: address = 0x18 data = 0xf3702b1c kind = UVM_WRITE status = UVM_IS_OK
# UVM_INFO /ictc/other/tools/QuestaDVA/questasim/verilog_src/uvm-1.2/src/reg/uvm_reg_predictor.svh(221) @ 1090044000: uvm_test_top.env.ahb_predictor [REG_PREDICT] Observed WRITE transaction to register regmodel.TBR: value='hf3702b1c : updated value = 'h1c
# UVM_INFO ./../tb/dut_scoreboard.sv(50) @ 1090044000: uvm_test_top.env.dut_sb [SCOREBOARD] 
# ===== Captured data from AHB: 0xf3702b1c
# UVM_INFO ./../tb/dut_scoreboard.sv(71) @ 1090044000: uvm_test_top.env.dut_sb [dut_scoreboard] 
# 
# =====[UART TXD] Data comparison =====
# 
# UVM_ERROR ./../tb/dut_scoreboard.sv(76) @ 1090044000: uvm_test_top.env.dut_sb [dut_scoreboard] 
# =====[DATA FRAME: 8] FAILED!!! Expected value is 0x1c, Actual data is 0x7e =====
# UVM_INFO ./../tb/dut_scoreboard.sv(82) @ 1090044000: uvm_test_top.env.dut_sb [dut_scoreboard] 
# 
# =====[UART TXD] Parity comparison =====
# 
# UVM_INFO ./../tb/dut_scoreboard.sv(88) @ 1090044000: uvm_test_top.env.dut_sb [dut_scoreboard] 
# =====[PARITY MODE: 1] PASSED SUCCESSFULLY!!! =====
# UVM_INFO ./../vip/uart_vip/uart_monitor.sv(95) @ 1090204000: uvm_test_top.env.uart_agt.monitor [uart_monitor] 
# ===== Baud rate actual is      12658, Baud rate expected is      38400 =====
# UVM_INFO ./../vip/uart_vip/uart_monitor.sv(181) @ 1090644000: uvm_test_top.env.uart_agt.monitor [uart_monitor] Data read from DUT is -------------------------------------------
# Name         Type              Size  Value 
# -------------------------------------------
# trans        uart_transaction  -     @15719
#   direction  direction_e       32    RX    
#   data       integral          9     'h1c  
#   parity     integral          1     'h1   
#   stop_bit   integral          2     'h1   
#   baud_rate  integral          32    'h0   
# -------------------------------------------
# 
# UVM_INFO ./../tb/dut_scoreboard.sv(58) @ 1090644000: uvm_test_top.env.dut_sb [SCOREBOARD] 
# ===== Captured data from UART: 0x1c
# UVM_INFO ./../testcases/uart_txd_x16_random.sv(35) @ 1100044000: uvm_test_top [uart_txd_x16_random] -------------------------------------------------------------
# Name                Type                Size  Value          
# -------------------------------------------------------------
# cfg                 uart_configuration  -     @360           
#   parity_mode       parity_mode_e       32    UART_PARITY_ODD
#   sampling          sampling_mode_e     32    MODE_X16       
#   data_width        integral            32    'h8            
#   num_of_stop_bit   integral            32    'h2            
#   baud_rate         integral            32    'h12c00        
#   baud_rate_enable  integral            1     'h1            
#   parity_enable     integral            1     'h0            
# -------------------------------------------------------------
# 
# UVM_INFO ./../regmodel/uart_reg2ahb_adapter.sv(42) @ 1100044000: reporter [uart_reg2ahb_adapter] bus2reg: address = 0x0 data = 0x0 kind = UVM_WRITE status = UVM_IS_OK
# UVM_INFO /ictc/other/tools/QuestaDVA/questasim/verilog_src/uvm-1.2/src/reg/uvm_reg_predictor.svh(221) @ 1100044000: uvm_test_top.env.ahb_predictor [REG_PREDICT] Observed WRITE transaction to register regmodel.MDR: value='h0 : updated value = 'h0
# UVM_INFO ./../regmodel/uart_reg2ahb_adapter.sv(42) @ 1100044000: reporter [uart_reg2ahb_adapter] bus2reg: address = 0x4 data = 0x51 kind = UVM_WRITE status = UVM_IS_OK
# UVM_INFO /ictc/other/tools/QuestaDVA/questasim/verilog_src/uvm-1.2/src/reg/uvm_reg_predictor.svh(221) @ 1100044000: uvm_test_top.env.ahb_predictor [REG_PREDICT] Observed WRITE transaction to register regmodel.DLL: value='h51 : updated value = 'h51
# UVM_INFO ./../regmodel/uart_reg2ahb_adapter.sv(42) @ 1100044000: reporter [uart_reg2ahb_adapter] bus2reg: address = 0x8 data = 0x0 kind = UVM_WRITE status = UVM_IS_OK
# UVM_INFO /ictc/other/tools/QuestaDVA/questasim/verilog_src/uvm-1.2/src/reg/uvm_reg_predictor.svh(221) @ 1100044000: uvm_test_top.env.ahb_predictor [REG_PREDICT] Observed WRITE transaction to register regmodel.DLH: value='h0 : updated value = 'h0
# UVM_INFO ./../regmodel/uart_reg2ahb_adapter.sv(42) @ 1100044000: reporter [uart_reg2ahb_adapter] bus2reg: address = 0xc data = 0x2f kind = UVM_WRITE status = UVM_IS_OK
# UVM_INFO /ictc/other/tools/QuestaDVA/questasim/verilog_src/uvm-1.2/src/reg/uvm_reg_predictor.svh(221) @ 1100044000: uvm_test_top.env.ahb_predictor [REG_PREDICT] Observed WRITE transaction to register regmodel.LCR: value='h2f : updated value = 'h2f
# UVM_INFO ./../regmodel/uart_reg2ahb_adapter.sv(42) @ 1100045000: reporter [uart_reg2ahb_adapter] bus2reg: address = 0x18 data = 0xd73662df kind = UVM_WRITE status = UVM_IS_OK
# UVM_INFO /ictc/other/tools/QuestaDVA/questasim/verilog_src/uvm-1.2/src/reg/uvm_reg_predictor.svh(221) @ 1100045000: uvm_test_top.env.ahb_predictor [REG_PREDICT] Observed WRITE transaction to register regmodel.TBR: value='hd73662df : updated value = 'hdf
# UVM_INFO ./../tb/dut_scoreboard.sv(50) @ 1100045000: uvm_test_top.env.dut_sb [SCOREBOARD] 
# ===== Captured data from AHB: 0xd73662df
# UVM_INFO ./../tb/dut_scoreboard.sv(71) @ 1100045000: uvm_test_top.env.dut_sb [dut_scoreboard] 
# 
# =====[UART TXD] Data comparison =====
# 
# UVM_ERROR ./../tb/dut_scoreboard.sv(76) @ 1100045000: uvm_test_top.env.dut_sb [dut_scoreboard] 
# =====[DATA FRAME: 8] FAILED!!! Expected value is 0xdf, Actual data is 0xf8 =====
# UVM_INFO ./../tb/dut_scoreboard.sv(82) @ 1100045000: uvm_test_top.env.dut_sb [dut_scoreboard] 
# 
# =====[UART TXD] Parity comparison =====
# 
# UVM_ERROR ./../tb/dut_scoreboard.sv(85) @ 1100045000: uvm_test_top.env.dut_sb [dut_scoreboard] 
# =====[PARITY MODE: 1] FAILED!!! Expected parity is 0, Actual parity is 1 =====
# UVM_INFO ./../vip/uart_vip/uart_monitor.sv(95) @ 1100071000: uvm_test_top.env.uart_agt.monitor [uart_monitor] 
# ===== Baud rate actual is      76923, Baud rate expected is      76800 =====
# UVM_INFO ./../vip/uart_vip/uart_monitor.sv(181) @ 1100344000: uvm_test_top.env.uart_agt.monitor [uart_monitor] Data read from DUT is -------------------------------------------
# Name         Type              Size  Value 
# -------------------------------------------
# trans        uart_transaction  -     @15853
#   direction  direction_e       32    RX    
#   data       integral          9     'hdf  
#   parity     integral          1     'h1   
#   stop_bit   integral          2     'h1   
#   baud_rate  integral          32    'h0   
# -------------------------------------------
# 
# UVM_INFO ./../tb/dut_scoreboard.sv(58) @ 1100344000: uvm_test_top.env.dut_sb [SCOREBOARD] 
# ===== Captured data from UART: 0xdf
# UVM_INFO ./../testcases/uart_txd_x16_random.sv(35) @ 1110045000: uvm_test_top [uart_txd_x16_random] -------------------------------------------------------------
# Name                Type                Size  Value          
# -------------------------------------------------------------
# cfg                 uart_configuration  -     @360           
#   parity_mode       parity_mode_e       32    UART_PARITY_ODD
#   sampling          sampling_mode_e     32    MODE_X16       
#   data_width        integral            32    'h8            
#   num_of_stop_bit   integral            32    'h2            
#   baud_rate         integral            32    'h1c200        
#   baud_rate_enable  integral            1     'h1            
#   parity_enable     integral            1     'h0            
# -------------------------------------------------------------
# 
# UVM_INFO ./../regmodel/uart_reg2ahb_adapter.sv(42) @ 1110045000: reporter [uart_reg2ahb_adapter] bus2reg: address = 0x0 data = 0x0 kind = UVM_WRITE status = UVM_IS_OK
# UVM_INFO /ictc/other/tools/QuestaDVA/questasim/verilog_src/uvm-1.2/src/reg/uvm_reg_predictor.svh(221) @ 1110045000: uvm_test_top.env.ahb_predictor [REG_PREDICT] Observed WRITE transaction to register regmodel.MDR: value='h0 : updated value = 'h0
# UVM_INFO ./../regmodel/uart_reg2ahb_adapter.sv(42) @ 1110045000: reporter [uart_reg2ahb_adapter] bus2reg: address = 0x4 data = 0x36 kind = UVM_WRITE status = UVM_IS_OK
# UVM_INFO /ictc/other/tools/QuestaDVA/questasim/verilog_src/uvm-1.2/src/reg/uvm_reg_predictor.svh(221) @ 1110045000: uvm_test_top.env.ahb_predictor [REG_PREDICT] Observed WRITE transaction to register regmodel.DLL: value='h36 : updated value = 'h36
# UVM_INFO ./../regmodel/uart_reg2ahb_adapter.sv(42) @ 1110045000: reporter [uart_reg2ahb_adapter] bus2reg: address = 0x8 data = 0x0 kind = UVM_WRITE status = UVM_IS_OK
# UVM_INFO /ictc/other/tools/QuestaDVA/questasim/verilog_src/uvm-1.2/src/reg/uvm_reg_predictor.svh(221) @ 1110045000: uvm_test_top.env.ahb_predictor [REG_PREDICT] Observed WRITE transaction to register regmodel.DLH: value='h0 : updated value = 'h0
# UVM_INFO ./../regmodel/uart_reg2ahb_adapter.sv(42) @ 1110045000: reporter [uart_reg2ahb_adapter] bus2reg: address = 0xc data = 0x2f kind = UVM_WRITE status = UVM_IS_OK
# UVM_INFO /ictc/other/tools/QuestaDVA/questasim/verilog_src/uvm-1.2/src/reg/uvm_reg_predictor.svh(221) @ 1110045000: uvm_test_top.env.ahb_predictor [REG_PREDICT] Observed WRITE transaction to register regmodel.LCR: value='h2f : updated value = 'h2f
# UVM_INFO ./../regmodel/uart_reg2ahb_adapter.sv(42) @ 1110045000: reporter [uart_reg2ahb_adapter] bus2reg: address = 0x18 data = 0x6589515f kind = UVM_WRITE status = UVM_IS_OK
# UVM_INFO /ictc/other/tools/QuestaDVA/questasim/verilog_src/uvm-1.2/src/reg/uvm_reg_predictor.svh(221) @ 1110045000: uvm_test_top.env.ahb_predictor [REG_PREDICT] Observed WRITE transaction to register regmodel.TBR: value='h6589515f : updated value = 'h5f
# UVM_INFO ./../tb/dut_scoreboard.sv(50) @ 1110045000: uvm_test_top.env.dut_sb [SCOREBOARD] 
# ===== Captured data from AHB: 0x6589515f
# UVM_INFO ./../tb/dut_scoreboard.sv(71) @ 1110045000: uvm_test_top.env.dut_sb [dut_scoreboard] 
# 
# =====[UART TXD] Data comparison =====
# 
# UVM_ERROR ./../tb/dut_scoreboard.sv(76) @ 1110045000: uvm_test_top.env.dut_sb [dut_scoreboard] 
# =====[DATA FRAME: 8] FAILED!!! Expected value is 0x5f, Actual data is 0xe4 =====
# UVM_INFO ./../tb/dut_scoreboard.sv(82) @ 1110045000: uvm_test_top.env.dut_sb [dut_scoreboard] 
# 
# =====[UART TXD] Parity comparison =====
# 
# UVM_ERROR ./../tb/dut_scoreboard.sv(85) @ 1110045000: uvm_test_top.env.dut_sb [dut_scoreboard] 
# =====[PARITY MODE: 1] FAILED!!! Expected parity is 1, Actual parity is 0 =====
# UVM_INFO ./../vip/uart_vip/uart_monitor.sv(95) @ 1110062000: uvm_test_top.env.uart_agt.monitor [uart_monitor] 
# ===== Baud rate actual is     117647, Baud rate expected is     115200 =====
# UVM_INFO ./../vip/uart_vip/uart_monitor.sv(181) @ 1110241000: uvm_test_top.env.uart_agt.monitor [uart_monitor] Data read from DUT is -------------------------------------------
# Name         Type              Size  Value 
# -------------------------------------------
# trans        uart_transaction  -     @15987
#   direction  direction_e       32    RX    
#   data       integral          9     'h5f  
#   parity     integral          1     'h0   
#   stop_bit   integral          2     'h1   
#   baud_rate  integral          32    'h0   
# -------------------------------------------
# 
# UVM_INFO ./../tb/dut_scoreboard.sv(58) @ 1110241000: uvm_test_top.env.dut_sb [SCOREBOARD] 
# ===== Captured data from UART: 0x5f
# UVM_INFO ./../testcases/uart_txd_x16_random.sv(35) @ 1120045000: uvm_test_top [uart_txd_x16_random] --------------------------------------------------------------
# Name                Type                Size  Value           
# --------------------------------------------------------------
# cfg                 uart_configuration  -     @360            
#   parity_mode       parity_mode_e       32    UART_PARITY_EVEN
#   sampling          sampling_mode_e     32    MODE_X16        
#   data_width        integral            32    'h5             
#   num_of_stop_bit   integral            32    'h1             
#   baud_rate         integral            32    'h960           
#   baud_rate_enable  integral            1     'h1             
#   parity_enable     integral            1     'h0             
# --------------------------------------------------------------
# 
# UVM_INFO ./../regmodel/uart_reg2ahb_adapter.sv(42) @ 1120045000: reporter [uart_reg2ahb_adapter] bus2reg: address = 0x0 data = 0x0 kind = UVM_WRITE status = UVM_IS_OK
# UVM_INFO /ictc/other/tools/QuestaDVA/questasim/verilog_src/uvm-1.2/src/reg/uvm_reg_predictor.svh(221) @ 1120045000: uvm_test_top.env.ahb_predictor [REG_PREDICT] Observed WRITE transaction to register regmodel.MDR: value='h0 : updated value = 'h0
# UVM_INFO ./../regmodel/uart_reg2ahb_adapter.sv(42) @ 1120045000: reporter [uart_reg2ahb_adapter] bus2reg: address = 0x4 data = 0x2c kind = UVM_WRITE status = UVM_IS_OK
# UVM_INFO /ictc/other/tools/QuestaDVA/questasim/verilog_src/uvm-1.2/src/reg/uvm_reg_predictor.svh(221) @ 1120045000: uvm_test_top.env.ahb_predictor [REG_PREDICT] Observed WRITE transaction to register regmodel.DLL: value='h2c : updated value = 'h2c
# UVM_INFO ./../regmodel/uart_reg2ahb_adapter.sv(42) @ 1120045000: reporter [uart_reg2ahb_adapter] bus2reg: address = 0x8 data = 0xa kind = UVM_WRITE status = UVM_IS_OK
# UVM_INFO /ictc/other/tools/QuestaDVA/questasim/verilog_src/uvm-1.2/src/reg/uvm_reg_predictor.svh(221) @ 1120045000: uvm_test_top.env.ahb_predictor [REG_PREDICT] Observed WRITE transaction to register regmodel.DLH: value='ha : updated value = 'ha
# UVM_INFO ./../regmodel/uart_reg2ahb_adapter.sv(42) @ 1120045000: reporter [uart_reg2ahb_adapter] bus2reg: address = 0xc data = 0x38 kind = UVM_WRITE status = UVM_IS_OK
# UVM_INFO /ictc/other/tools/QuestaDVA/questasim/verilog_src/uvm-1.2/src/reg/uvm_reg_predictor.svh(221) @ 1120045000: uvm_test_top.env.ahb_predictor [REG_PREDICT] Observed WRITE transaction to register regmodel.LCR: value='h38 : updated value = 'h38
# UVM_INFO ./../regmodel/uart_reg2ahb_adapter.sv(42) @ 1120045000: reporter [uart_reg2ahb_adapter] bus2reg: address = 0x18 data = 0x66817ed2 kind = UVM_WRITE status = UVM_IS_OK
# UVM_INFO /ictc/other/tools/QuestaDVA/questasim/verilog_src/uvm-1.2/src/reg/uvm_reg_predictor.svh(221) @ 1120045000: uvm_test_top.env.ahb_predictor [REG_PREDICT] Observed WRITE transaction to register regmodel.TBR: value='h66817ed2 : updated value = 'hd2
# UVM_INFO ./../tb/dut_scoreboard.sv(50) @ 1120045000: uvm_test_top.env.dut_sb [SCOREBOARD] 
# ===== Captured data from AHB: 0x66817ed2
# UVM_INFO ./../tb/dut_scoreboard.sv(71) @ 1120045000: uvm_test_top.env.dut_sb [dut_scoreboard] 
# 
# =====[UART TXD] Data comparison =====
# 
# UVM_ERROR ./../tb/dut_scoreboard.sv(76) @ 1120045000: uvm_test_top.env.dut_sb [dut_scoreboard] 
# =====[DATA FRAME: 5] FAILED!!! Expected value is 0x12, Actual data is 0x36 =====
# UVM_INFO ./../tb/dut_scoreboard.sv(82) @ 1120045000: uvm_test_top.env.dut_sb [dut_scoreboard] 
# 
# =====[UART TXD] Parity comparison =====
# 
# UVM_INFO ./../tb/dut_scoreboard.sv(88) @ 1120045000: uvm_test_top.env.dut_sb [dut_scoreboard] 
# =====[PARITY MODE: 10] PASSED SUCCESSFULLY!!! =====
# UVM_INFO ./../vip/uart_vip/uart_monitor.sv(95) @ 1121763000: uvm_test_top.env.uart_agt.monitor [uart_monitor] 
# ===== Baud rate actual is       1200, Baud rate expected is       2400 =====
# UVM_INFO ./../vip/uart_vip/uart_monitor.sv(181) @ 1126344000: uvm_test_top.env.uart_agt.monitor [uart_monitor] Data read from DUT is -------------------------------------------
# Name         Type              Size  Value 
# -------------------------------------------
# trans        uart_transaction  -     @16121
#   direction  direction_e       32    RX    
#   data       integral          9     'h12  
#   parity     integral          1     'h1   
#   stop_bit   integral          2     'h1   
#   baud_rate  integral          32    'h0   
# -------------------------------------------
# 
# UVM_INFO ./../tb/dut_scoreboard.sv(58) @ 1126344000: uvm_test_top.env.dut_sb [SCOREBOARD] 
# ===== Captured data from UART: 0x12
# UVM_INFO ./../testcases/uart_txd_x16_random.sv(35) @ 1130045000: uvm_test_top [uart_txd_x16_random] --------------------------------------------------------------
# Name                Type                Size  Value           
# --------------------------------------------------------------
# cfg                 uart_configuration  -     @360            
#   parity_mode       parity_mode_e       32    UART_PARITY_EVEN
#   sampling          sampling_mode_e     32    MODE_X16        
#   data_width        integral            32    'h5             
#   num_of_stop_bit   integral            32    'h1             
#   baud_rate         integral            32    'h12c0          
#   baud_rate_enable  integral            1     'h1             
#   parity_enable     integral            1     'h0             
# --------------------------------------------------------------
# 
# UVM_INFO ./../regmodel/uart_reg2ahb_adapter.sv(42) @ 1130045000: reporter [uart_reg2ahb_adapter] bus2reg: address = 0x0 data = 0x0 kind = UVM_WRITE status = UVM_IS_OK
# UVM_INFO /ictc/other/tools/QuestaDVA/questasim/verilog_src/uvm-1.2/src/reg/uvm_reg_predictor.svh(221) @ 1130045000: uvm_test_top.env.ahb_predictor [REG_PREDICT] Observed WRITE transaction to register regmodel.MDR: value='h0 : updated value = 'h0
# UVM_INFO ./../regmodel/uart_reg2ahb_adapter.sv(42) @ 1130045000: reporter [uart_reg2ahb_adapter] bus2reg: address = 0x4 data = 0x16 kind = UVM_WRITE status = UVM_IS_OK
# UVM_INFO /ictc/other/tools/QuestaDVA/questasim/verilog_src/uvm-1.2/src/reg/uvm_reg_predictor.svh(221) @ 1130045000: uvm_test_top.env.ahb_predictor [REG_PREDICT] Observed WRITE transaction to register regmodel.DLL: value='h16 : updated value = 'h16
# UVM_INFO ./../regmodel/uart_reg2ahb_adapter.sv(42) @ 1130046000: reporter [uart_reg2ahb_adapter] bus2reg: address = 0x8 data = 0x5 kind = UVM_WRITE status = UVM_IS_OK
# UVM_INFO /ictc/other/tools/QuestaDVA/questasim/verilog_src/uvm-1.2/src/reg/uvm_reg_predictor.svh(221) @ 1130046000: uvm_test_top.env.ahb_predictor [REG_PREDICT] Observed WRITE transaction to register regmodel.DLH: value='h5 : updated value = 'h5
# UVM_INFO ./../regmodel/uart_reg2ahb_adapter.sv(42) @ 1130046000: reporter [uart_reg2ahb_adapter] bus2reg: address = 0xc data = 0x38 kind = UVM_WRITE status = UVM_IS_OK
# UVM_INFO /ictc/other/tools/QuestaDVA/questasim/verilog_src/uvm-1.2/src/reg/uvm_reg_predictor.svh(221) @ 1130046000: uvm_test_top.env.ahb_predictor [REG_PREDICT] Observed WRITE transaction to register regmodel.LCR: value='h38 : updated value = 'h38
# UVM_INFO ./../regmodel/uart_reg2ahb_adapter.sv(42) @ 1130046000: reporter [uart_reg2ahb_adapter] bus2reg: address = 0x18 data = 0x71c8c555 kind = UVM_WRITE status = UVM_IS_OK
# UVM_INFO /ictc/other/tools/QuestaDVA/questasim/verilog_src/uvm-1.2/src/reg/uvm_reg_predictor.svh(221) @ 1130046000: uvm_test_top.env.ahb_predictor [REG_PREDICT] Observed WRITE transaction to register regmodel.TBR: value='h71c8c555 : updated value = 'h55
# UVM_INFO ./../tb/dut_scoreboard.sv(50) @ 1130046000: uvm_test_top.env.dut_sb [SCOREBOARD] 
# ===== Captured data from AHB: 0x71c8c555
# UVM_INFO ./../tb/dut_scoreboard.sv(71) @ 1130046000: uvm_test_top.env.dut_sb [dut_scoreboard] 
# 
# =====[UART TXD] Data comparison =====
# 
# UVM_ERROR ./../tb/dut_scoreboard.sv(76) @ 1130046000: uvm_test_top.env.dut_sb [dut_scoreboard] 
# =====[DATA FRAME: 5] FAILED!!! Expected value is 0x15, Actual data is 0x17 =====
# UVM_INFO ./../tb/dut_scoreboard.sv(82) @ 1130046000: uvm_test_top.env.dut_sb [dut_scoreboard] 
# 
# =====[UART TXD] Parity comparison =====
# 
# UVM_ERROR ./../tb/dut_scoreboard.sv(85) @ 1130046000: uvm_test_top.env.dut_sb [dut_scoreboard] 
# =====[PARITY MODE: 10] FAILED!!! Expected parity is 1, Actual parity is 0 =====
# UVM_INFO ./../vip/uart_vip/uart_monitor.sv(95) @ 1130487000: uvm_test_top.env.uart_agt.monitor [uart_monitor] 
# ===== Baud rate actual is       4796, Baud rate expected is       4800 =====
# UVM_INFO ./../vip/uart_vip/uart_monitor.sv(181) @ 1133198000: uvm_test_top.env.uart_agt.monitor [uart_monitor] Data read from DUT is -------------------------------------------
# Name         Type              Size  Value 
# -------------------------------------------
# trans        uart_transaction  -     @16255
#   direction  direction_e       32    RX    
#   data       integral          9     'h15  
#   parity     integral          1     'h1   
#   stop_bit   integral          2     'h1   
#   baud_rate  integral          32    'h0   
# -------------------------------------------
# 
# UVM_INFO ./../tb/dut_scoreboard.sv(58) @ 1133198000: uvm_test_top.env.dut_sb [SCOREBOARD] 
# ===== Captured data from UART: 0x15
# UVM_INFO ./../testcases/uart_txd_x16_random.sv(35) @ 1140046000: uvm_test_top [uart_txd_x16_random] --------------------------------------------------------------
# Name                Type                Size  Value           
# --------------------------------------------------------------
# cfg                 uart_configuration  -     @360            
#   parity_mode       parity_mode_e       32    UART_PARITY_EVEN
#   sampling          sampling_mode_e     32    MODE_X16        
#   data_width        integral            32    'h5             
#   num_of_stop_bit   integral            32    'h1             
#   baud_rate         integral            32    'h2580          
#   baud_rate_enable  integral            1     'h1             
#   parity_enable     integral            1     'h0             
# --------------------------------------------------------------
# 
# UVM_INFO ./../regmodel/uart_reg2ahb_adapter.sv(42) @ 1140046000: reporter [uart_reg2ahb_adapter] bus2reg: address = 0x0 data = 0x0 kind = UVM_WRITE status = UVM_IS_OK
# UVM_INFO /ictc/other/tools/QuestaDVA/questasim/verilog_src/uvm-1.2/src/reg/uvm_reg_predictor.svh(221) @ 1140046000: uvm_test_top.env.ahb_predictor [REG_PREDICT] Observed WRITE transaction to register regmodel.MDR: value='h0 : updated value = 'h0
# UVM_INFO ./../regmodel/uart_reg2ahb_adapter.sv(42) @ 1140046000: reporter [uart_reg2ahb_adapter] bus2reg: address = 0x4 data = 0x16 kind = UVM_WRITE status = UVM_IS_OK
# UVM_INFO /ictc/other/tools/QuestaDVA/questasim/verilog_src/uvm-1.2/src/reg/uvm_reg_predictor.svh(221) @ 1140046000: uvm_test_top.env.ahb_predictor [REG_PREDICT] Observed WRITE transaction to register regmodel.DLL: value='h16 : updated value = 'h16
# UVM_INFO ./../regmodel/uart_reg2ahb_adapter.sv(42) @ 1140046000: reporter [uart_reg2ahb_adapter] bus2reg: address = 0x8 data = 0x5 kind = UVM_WRITE status = UVM_IS_OK
# UVM_INFO /ictc/other/tools/QuestaDVA/questasim/verilog_src/uvm-1.2/src/reg/uvm_reg_predictor.svh(221) @ 1140046000: uvm_test_top.env.ahb_predictor [REG_PREDICT] Observed WRITE transaction to register regmodel.DLH: value='h5 : updated value = 'h5
# UVM_INFO ./../regmodel/uart_reg2ahb_adapter.sv(42) @ 1140046000: reporter [uart_reg2ahb_adapter] bus2reg: address = 0xc data = 0x38 kind = UVM_WRITE status = UVM_IS_OK
# UVM_INFO /ictc/other/tools/QuestaDVA/questasim/verilog_src/uvm-1.2/src/reg/uvm_reg_predictor.svh(221) @ 1140046000: uvm_test_top.env.ahb_predictor [REG_PREDICT] Observed WRITE transaction to register regmodel.LCR: value='h38 : updated value = 'h38
# UVM_INFO ./../regmodel/uart_reg2ahb_adapter.sv(42) @ 1140046000: reporter [uart_reg2ahb_adapter] bus2reg: address = 0x18 data = 0xb1020cf8 kind = UVM_WRITE status = UVM_IS_OK
# UVM_INFO /ictc/other/tools/QuestaDVA/questasim/verilog_src/uvm-1.2/src/reg/uvm_reg_predictor.svh(221) @ 1140046000: uvm_test_top.env.ahb_predictor [REG_PREDICT] Observed WRITE transaction to register regmodel.TBR: value='hb1020cf8 : updated value = 'hf8
# UVM_INFO ./../tb/dut_scoreboard.sv(50) @ 1140046000: uvm_test_top.env.dut_sb [SCOREBOARD] 
# ===== Captured data from AHB: 0xb1020cf8
# UVM_INFO ./../tb/dut_scoreboard.sv(71) @ 1140046000: uvm_test_top.env.dut_sb [dut_scoreboard] 
# 
# =====[UART TXD] Data comparison =====
# 
# UVM_ERROR ./../tb/dut_scoreboard.sv(76) @ 1140046000: uvm_test_top.env.dut_sb [dut_scoreboard] 
# =====[DATA FRAME: 5] FAILED!!! Expected value is 0x18, Actual data is 0x9 =====
# UVM_INFO ./../tb/dut_scoreboard.sv(82) @ 1140046000: uvm_test_top.env.dut_sb [dut_scoreboard] 
# 
# =====[UART TXD] Parity comparison =====
# 
# UVM_INFO ./../tb/dut_scoreboard.sv(88) @ 1140046000: uvm_test_top.env.dut_sb [dut_scoreboard] 
# =====[PARITY MODE: 10] PASSED SUCCESSFULLY!!! =====
# UVM_ERROR ./../vip/uart_vip/uart_monitor.sv(174) @ 1141630000: uvm_test_top.env.uart_agt.monitor [uart_monitor] ===== stop bit error detected =====
# UVM_INFO ./../vip/uart_vip/uart_monitor.sv(181) @ 1141630000: uvm_test_top.env.uart_agt.monitor [uart_monitor] Data read from DUT is -------------------------------------------
# Name         Type              Size  Value 
# -------------------------------------------
# trans        uart_transaction  -     @16389
#   direction  direction_e       32    RX    
#   data       integral          9     'h0   
#   parity     integral          1     'h0   
#   stop_bit   integral          2     'h0   
#   baud_rate  integral          32    'h0   
# -------------------------------------------
# 
# UVM_INFO ./../tb/dut_scoreboard.sv(58) @ 1141630000: uvm_test_top.env.dut_sb [SCOREBOARD] 
# ===== Captured data from UART: 0x0
# UVM_INFO ./../vip/uart_vip/uart_monitor.sv(95) @ 1141736000: uvm_test_top.env.uart_agt.monitor [uart_monitor] 
# ===== Baud rate actual is       1200, Baud rate expected is       9600 =====
# UVM_INFO ./../vip/uart_vip/uart_monitor.sv(181) @ 1144129000: uvm_test_top.env.uart_agt.monitor [uart_monitor] Data read from DUT is -------------------------------------------
# Name         Type              Size  Value 
# -------------------------------------------
# trans        uart_transaction  -     @16523
#   direction  direction_e       32    RX    
#   data       integral          9     'h1e  
#   parity     integral          1     'h1   
#   stop_bit   integral          2     'h1   
#   baud_rate  integral          32    'h0   
# -------------------------------------------
# 
# UVM_INFO ./../tb/dut_scoreboard.sv(58) @ 1144129000: uvm_test_top.env.dut_sb [SCOREBOARD] 
# ===== Captured data from UART: 0x1e
# UVM_INFO ./../testcases/uart_txd_x16_random.sv(35) @ 1150046000: uvm_test_top [uart_txd_x16_random] --------------------------------------------------------------
# Name                Type                Size  Value           
# --------------------------------------------------------------
# cfg                 uart_configuration  -     @360            
#   parity_mode       parity_mode_e       32    UART_PARITY_EVEN
#   sampling          sampling_mode_e     32    MODE_X16        
#   data_width        integral            32    'h5             
#   num_of_stop_bit   integral            32    'h1             
#   baud_rate         integral            32    'h4b00          
#   baud_rate_enable  integral            1     'h1             
#   parity_enable     integral            1     'h0             
# --------------------------------------------------------------
# 
# UVM_INFO ./../regmodel/uart_reg2ahb_adapter.sv(42) @ 1150046000: reporter [uart_reg2ahb_adapter] bus2reg: address = 0x0 data = 0x0 kind = UVM_WRITE status = UVM_IS_OK
# UVM_INFO /ictc/other/tools/QuestaDVA/questasim/verilog_src/uvm-1.2/src/reg/uvm_reg_predictor.svh(221) @ 1150046000: uvm_test_top.env.ahb_predictor [REG_PREDICT] Observed WRITE transaction to register regmodel.MDR: value='h0 : updated value = 'h0
# UVM_INFO ./../regmodel/uart_reg2ahb_adapter.sv(42) @ 1150046000: reporter [uart_reg2ahb_adapter] bus2reg: address = 0x4 data = 0x45 kind = UVM_WRITE status = UVM_IS_OK
# UVM_INFO /ictc/other/tools/QuestaDVA/questasim/verilog_src/uvm-1.2/src/reg/uvm_reg_predictor.svh(221) @ 1150046000: uvm_test_top.env.ahb_predictor [REG_PREDICT] Observed WRITE transaction to register regmodel.DLL: value='h45 : updated value = 'h45
# UVM_INFO ./../regmodel/uart_reg2ahb_adapter.sv(42) @ 1150046000: reporter [uart_reg2ahb_adapter] bus2reg: address = 0x8 data = 0x1 kind = UVM_WRITE status = UVM_IS_OK
# UVM_INFO /ictc/other/tools/QuestaDVA/questasim/verilog_src/uvm-1.2/src/reg/uvm_reg_predictor.svh(221) @ 1150046000: uvm_test_top.env.ahb_predictor [REG_PREDICT] Observed WRITE transaction to register regmodel.DLH: value='h1 : updated value = 'h1
# UVM_INFO ./../regmodel/uart_reg2ahb_adapter.sv(42) @ 1150046000: reporter [uart_reg2ahb_adapter] bus2reg: address = 0xc data = 0x38 kind = UVM_WRITE status = UVM_IS_OK
# UVM_INFO /ictc/other/tools/QuestaDVA/questasim/verilog_src/uvm-1.2/src/reg/uvm_reg_predictor.svh(221) @ 1150046000: uvm_test_top.env.ahb_predictor [REG_PREDICT] Observed WRITE transaction to register regmodel.LCR: value='h38 : updated value = 'h38
# UVM_INFO ./../regmodel/uart_reg2ahb_adapter.sv(42) @ 1150047000: reporter [uart_reg2ahb_adapter] bus2reg: address = 0x18 data = 0xbf07ac6c kind = UVM_WRITE status = UVM_IS_OK
# UVM_INFO /ictc/other/tools/QuestaDVA/questasim/verilog_src/uvm-1.2/src/reg/uvm_reg_predictor.svh(221) @ 1150047000: uvm_test_top.env.ahb_predictor [REG_PREDICT] Observed WRITE transaction to register regmodel.TBR: value='hbf07ac6c : updated value = 'h6c
# UVM_INFO ./../tb/dut_scoreboard.sv(50) @ 1150047000: uvm_test_top.env.dut_sb [SCOREBOARD] 
# ===== Captured data from AHB: 0xbf07ac6c
# UVM_INFO ./../tb/dut_scoreboard.sv(71) @ 1150047000: uvm_test_top.env.dut_sb [dut_scoreboard] 
# 
# =====[UART TXD] Data comparison =====
# 
# UVM_ERROR ./../tb/dut_scoreboard.sv(76) @ 1150047000: uvm_test_top.env.dut_sb [dut_scoreboard] 
# =====[DATA FRAME: 5] FAILED!!! Expected value is 0xc, Actual data is 0x9a =====
# UVM_INFO ./../tb/dut_scoreboard.sv(82) @ 1150047000: uvm_test_top.env.dut_sb [dut_scoreboard] 
# 
# =====[UART TXD] Parity comparison =====
# 
# UVM_INFO ./../tb/dut_scoreboard.sv(88) @ 1150047000: uvm_test_top.env.dut_sb [dut_scoreboard] 
# =====[PARITY MODE: 10] PASSED SUCCESSFULLY!!! =====
# UVM_INFO ./../vip/uart_vip/uart_monitor.sv(95) @ 1150361000: uvm_test_top.env.uart_agt.monitor [uart_monitor] 
# ===== Baud rate actual is       6410, Baud rate expected is      19200 =====
# UVM_INFO ./../vip/uart_vip/uart_monitor.sv(181) @ 1150829000: uvm_test_top.env.uart_agt.monitor [uart_monitor] Data read from DUT is -------------------------------------------
# Name         Type              Size  Value 
# -------------------------------------------
# trans        uart_transaction  -     @16533
#   direction  direction_e       32    RX    
#   data       integral          9     'hc   
#   parity     integral          1     'h1   
#   stop_bit   integral          2     'h1   
#   baud_rate  integral          32    'h0   
# -------------------------------------------
# 
# UVM_INFO ./../tb/dut_scoreboard.sv(58) @ 1150829000: uvm_test_top.env.dut_sb [SCOREBOARD] 
# ===== Captured data from UART: 0xc
# UVM_INFO ./../testcases/uart_txd_x16_random.sv(35) @ 1160047000: uvm_test_top [uart_txd_x16_random] --------------------------------------------------------------
# Name                Type                Size  Value           
# --------------------------------------------------------------
# cfg                 uart_configuration  -     @360            
#   parity_mode       parity_mode_e       32    UART_PARITY_EVEN
#   sampling          sampling_mode_e     32    MODE_X16        
#   data_width        integral            32    'h5             
#   num_of_stop_bit   integral            32    'h1             
#   baud_rate         integral            32    'h9600          
#   baud_rate_enable  integral            1     'h1             
#   parity_enable     integral            1     'h0             
# --------------------------------------------------------------
# 
# UVM_INFO ./../regmodel/uart_reg2ahb_adapter.sv(42) @ 1160047000: reporter [uart_reg2ahb_adapter] bus2reg: address = 0x0 data = 0x0 kind = UVM_WRITE status = UVM_IS_OK
# UVM_INFO /ictc/other/tools/QuestaDVA/questasim/verilog_src/uvm-1.2/src/reg/uvm_reg_predictor.svh(221) @ 1160047000: uvm_test_top.env.ahb_predictor [REG_PREDICT] Observed WRITE transaction to register regmodel.MDR: value='h0 : updated value = 'h0
# UVM_INFO ./../regmodel/uart_reg2ahb_adapter.sv(42) @ 1160047000: reporter [uart_reg2ahb_adapter] bus2reg: address = 0x4 data = 0xa4 kind = UVM_WRITE status = UVM_IS_OK
# UVM_INFO /ictc/other/tools/QuestaDVA/questasim/verilog_src/uvm-1.2/src/reg/uvm_reg_predictor.svh(221) @ 1160047000: uvm_test_top.env.ahb_predictor [REG_PREDICT] Observed WRITE transaction to register regmodel.DLL: value='ha4 : updated value = 'ha4
# UVM_INFO ./../regmodel/uart_reg2ahb_adapter.sv(42) @ 1160047000: reporter [uart_reg2ahb_adapter] bus2reg: address = 0x8 data = 0x0 kind = UVM_WRITE status = UVM_IS_OK
# UVM_INFO /ictc/other/tools/QuestaDVA/questasim/verilog_src/uvm-1.2/src/reg/uvm_reg_predictor.svh(221) @ 1160047000: uvm_test_top.env.ahb_predictor [REG_PREDICT] Observed WRITE transaction to register regmodel.DLH: value='h0 : updated value = 'h0
# UVM_INFO ./../regmodel/uart_reg2ahb_adapter.sv(42) @ 1160047000: reporter [uart_reg2ahb_adapter] bus2reg: address = 0xc data = 0x38 kind = UVM_WRITE status = UVM_IS_OK
# UVM_INFO /ictc/other/tools/QuestaDVA/questasim/verilog_src/uvm-1.2/src/reg/uvm_reg_predictor.svh(221) @ 1160047000: uvm_test_top.env.ahb_predictor [REG_PREDICT] Observed WRITE transaction to register regmodel.LCR: value='h38 : updated value = 'h38
# UVM_INFO ./../regmodel/uart_reg2ahb_adapter.sv(42) @ 1160047000: reporter [uart_reg2ahb_adapter] bus2reg: address = 0x18 data = 0xa4cf79b6 kind = UVM_WRITE status = UVM_IS_OK
# UVM_INFO /ictc/other/tools/QuestaDVA/questasim/verilog_src/uvm-1.2/src/reg/uvm_reg_predictor.svh(221) @ 1160047000: uvm_test_top.env.ahb_predictor [REG_PREDICT] Observed WRITE transaction to register regmodel.TBR: value='ha4cf79b6 : updated value = 'hb6
# UVM_INFO ./../tb/dut_scoreboard.sv(50) @ 1160047000: uvm_test_top.env.dut_sb [SCOREBOARD] 
# ===== Captured data from AHB: 0xa4cf79b6
# UVM_INFO ./../tb/dut_scoreboard.sv(71) @ 1160047000: uvm_test_top.env.dut_sb [dut_scoreboard] 
# 
# =====[UART TXD] Data comparison =====
# 
# UVM_ERROR ./../tb/dut_scoreboard.sv(76) @ 1160047000: uvm_test_top.env.dut_sb [dut_scoreboard] 
# =====[DATA FRAME: 5] FAILED!!! Expected value is 0x16, Actual data is 0x73 =====
# UVM_INFO ./../tb/dut_scoreboard.sv(82) @ 1160047000: uvm_test_top.env.dut_sb [dut_scoreboard] 
# 
# =====[UART TXD] Parity comparison =====
# 
# UVM_INFO ./../tb/dut_scoreboard.sv(88) @ 1160047000: uvm_test_top.env.dut_sb [dut_scoreboard] 
# =====[PARITY MODE: 10] PASSED SUCCESSFULLY!!! =====
# UVM_INFO ./../vip/uart_vip/uart_monitor.sv(95) @ 1160155000: uvm_test_top.env.uart_agt.monitor [uart_monitor] 
# ===== Baud rate actual is      19048, Baud rate expected is      38400 =====
# UVM_INFO ./../vip/uart_vip/uart_monitor.sv(181) @ 1160440000: uvm_test_top.env.uart_agt.monitor [uart_monitor] Data read from DUT is -------------------------------------------
# Name         Type              Size  Value 
# -------------------------------------------
# trans        uart_transaction  -     @16667
#   direction  direction_e       32    RX    
#   data       integral          9     'h16  
#   parity     integral          1     'h0   
#   stop_bit   integral          2     'h1   
#   baud_rate  integral          32    'h0   
# -------------------------------------------
# 
# UVM_INFO ./../tb/dut_scoreboard.sv(58) @ 1160440000: uvm_test_top.env.dut_sb [SCOREBOARD] 
# ===== Captured data from UART: 0x16
# UVM_INFO ./../testcases/uart_txd_x16_random.sv(35) @ 1170047000: uvm_test_top [uart_txd_x16_random] --------------------------------------------------------------
# Name                Type                Size  Value           
# --------------------------------------------------------------
# cfg                 uart_configuration  -     @360            
#   parity_mode       parity_mode_e       32    UART_PARITY_EVEN
#   sampling          sampling_mode_e     32    MODE_X16        
#   data_width        integral            32    'h5             
#   num_of_stop_bit   integral            32    'h1             
#   baud_rate         integral            32    'h12c00         
#   baud_rate_enable  integral            1     'h1             
#   parity_enable     integral            1     'h0             
# --------------------------------------------------------------
# 
# UVM_INFO ./../regmodel/uart_reg2ahb_adapter.sv(42) @ 1170047000: reporter [uart_reg2ahb_adapter] bus2reg: address = 0x0 data = 0x0 kind = UVM_WRITE status = UVM_IS_OK
# UVM_INFO /ictc/other/tools/QuestaDVA/questasim/verilog_src/uvm-1.2/src/reg/uvm_reg_predictor.svh(221) @ 1170047000: uvm_test_top.env.ahb_predictor [REG_PREDICT] Observed WRITE transaction to register regmodel.MDR: value='h0 : updated value = 'h0
# UVM_INFO ./../regmodel/uart_reg2ahb_adapter.sv(42) @ 1170047000: reporter [uart_reg2ahb_adapter] bus2reg: address = 0x4 data = 0x51 kind = UVM_WRITE status = UVM_IS_OK
# UVM_INFO /ictc/other/tools/QuestaDVA/questasim/verilog_src/uvm-1.2/src/reg/uvm_reg_predictor.svh(221) @ 1170047000: uvm_test_top.env.ahb_predictor [REG_PREDICT] Observed WRITE transaction to register regmodel.DLL: value='h51 : updated value = 'h51
# UVM_INFO ./../regmodel/uart_reg2ahb_adapter.sv(42) @ 1170047000: reporter [uart_reg2ahb_adapter] bus2reg: address = 0x8 data = 0x0 kind = UVM_WRITE status = UVM_IS_OK
# UVM_INFO /ictc/other/tools/QuestaDVA/questasim/verilog_src/uvm-1.2/src/reg/uvm_reg_predictor.svh(221) @ 1170047000: uvm_test_top.env.ahb_predictor [REG_PREDICT] Observed WRITE transaction to register regmodel.DLH: value='h0 : updated value = 'h0
# UVM_INFO ./../regmodel/uart_reg2ahb_adapter.sv(42) @ 1170047000: reporter [uart_reg2ahb_adapter] bus2reg: address = 0xc data = 0x38 kind = UVM_WRITE status = UVM_IS_OK
# UVM_INFO /ictc/other/tools/QuestaDVA/questasim/verilog_src/uvm-1.2/src/reg/uvm_reg_predictor.svh(221) @ 1170047000: uvm_test_top.env.ahb_predictor [REG_PREDICT] Observed WRITE transaction to register regmodel.LCR: value='h38 : updated value = 'h38
# UVM_INFO ./../regmodel/uart_reg2ahb_adapter.sv(42) @ 1170047000: reporter [uart_reg2ahb_adapter] bus2reg: address = 0x18 data = 0x5fb1c579 kind = UVM_WRITE status = UVM_IS_OK
# UVM_INFO /ictc/other/tools/QuestaDVA/questasim/verilog_src/uvm-1.2/src/reg/uvm_reg_predictor.svh(221) @ 1170047000: uvm_test_top.env.ahb_predictor [REG_PREDICT] Observed WRITE transaction to register regmodel.TBR: value='h5fb1c579 : updated value = 'h79
# UVM_INFO ./../tb/dut_scoreboard.sv(50) @ 1170047000: uvm_test_top.env.dut_sb [SCOREBOARD] 
# ===== Captured data from AHB: 0x5fb1c579
# UVM_INFO ./../tb/dut_scoreboard.sv(71) @ 1170047000: uvm_test_top.env.dut_sb [dut_scoreboard] 
# 
# =====[UART TXD] Data comparison =====
# 
# UVM_ERROR ./../tb/dut_scoreboard.sv(76) @ 1170047000: uvm_test_top.env.dut_sb [dut_scoreboard] 
# =====[DATA FRAME: 5] FAILED!!! Expected value is 0x19, Actual data is 0x78 =====
# UVM_INFO ./../tb/dut_scoreboard.sv(82) @ 1170047000: uvm_test_top.env.dut_sb [dut_scoreboard] 
# 
# =====[UART TXD] Parity comparison =====
# 
# UVM_ERROR ./../tb/dut_scoreboard.sv(85) @ 1170047000: uvm_test_top.env.dut_sb [dut_scoreboard] 
# =====[PARITY MODE: 10] FAILED!!! Expected parity is 1, Actual parity is 0 =====
# UVM_INFO ./../vip/uart_vip/uart_monitor.sv(95) @ 1170075000: uvm_test_top.env.uart_agt.monitor [uart_monitor] 
# ===== Baud rate actual is      76923, Baud rate expected is      76800 =====
# UVM_INFO ./../vip/uart_vip/uart_monitor.sv(181) @ 1170244000: uvm_test_top.env.uart_agt.monitor [uart_monitor] Data read from DUT is -------------------------------------------
# Name         Type              Size  Value 
# -------------------------------------------
# trans        uart_transaction  -     @16801
#   direction  direction_e       32    RX    
#   data       integral          9     'h19  
#   parity     integral          1     'h0   
#   stop_bit   integral          2     'h1   
#   baud_rate  integral          32    'h0   
# -------------------------------------------
# 
# UVM_INFO ./../tb/dut_scoreboard.sv(58) @ 1170244000: uvm_test_top.env.dut_sb [SCOREBOARD] 
# ===== Captured data from UART: 0x19
# UVM_INFO ./../testcases/uart_txd_x16_random.sv(35) @ 1180047000: uvm_test_top [uart_txd_x16_random] --------------------------------------------------------------
# Name                Type                Size  Value           
# --------------------------------------------------------------
# cfg                 uart_configuration  -     @360            
#   parity_mode       parity_mode_e       32    UART_PARITY_EVEN
#   sampling          sampling_mode_e     32    MODE_X16        
#   data_width        integral            32    'h5             
#   num_of_stop_bit   integral            32    'h1             
#   baud_rate         integral            32    'h1c200         
#   baud_rate_enable  integral            1     'h1             
#   parity_enable     integral            1     'h0             
# --------------------------------------------------------------
# 
# UVM_INFO ./../regmodel/uart_reg2ahb_adapter.sv(42) @ 1180047000: reporter [uart_reg2ahb_adapter] bus2reg: address = 0x0 data = 0x0 kind = UVM_WRITE status = UVM_IS_OK
# UVM_INFO /ictc/other/tools/QuestaDVA/questasim/verilog_src/uvm-1.2/src/reg/uvm_reg_predictor.svh(221) @ 1180047000: uvm_test_top.env.ahb_predictor [REG_PREDICT] Observed WRITE transaction to register regmodel.MDR: value='h0 : updated value = 'h0
# UVM_INFO ./../regmodel/uart_reg2ahb_adapter.sv(42) @ 1180047000: reporter [uart_reg2ahb_adapter] bus2reg: address = 0x4 data = 0x36 kind = UVM_WRITE status = UVM_IS_OK
# UVM_INFO /ictc/other/tools/QuestaDVA/questasim/verilog_src/uvm-1.2/src/reg/uvm_reg_predictor.svh(221) @ 1180047000: uvm_test_top.env.ahb_predictor [REG_PREDICT] Observed WRITE transaction to register regmodel.DLL: value='h36 : updated value = 'h36
# UVM_INFO ./../regmodel/uart_reg2ahb_adapter.sv(42) @ 1180048000: reporter [uart_reg2ahb_adapter] bus2reg: address = 0x8 data = 0x0 kind = UVM_WRITE status = UVM_IS_OK
# UVM_INFO /ictc/other/tools/QuestaDVA/questasim/verilog_src/uvm-1.2/src/reg/uvm_reg_predictor.svh(221) @ 1180048000: uvm_test_top.env.ahb_predictor [REG_PREDICT] Observed WRITE transaction to register regmodel.DLH: value='h0 : updated value = 'h0
# UVM_INFO ./../regmodel/uart_reg2ahb_adapter.sv(42) @ 1180048000: reporter [uart_reg2ahb_adapter] bus2reg: address = 0xc data = 0x38 kind = UVM_WRITE status = UVM_IS_OK
# UVM_INFO /ictc/other/tools/QuestaDVA/questasim/verilog_src/uvm-1.2/src/reg/uvm_reg_predictor.svh(221) @ 1180048000: uvm_test_top.env.ahb_predictor [REG_PREDICT] Observed WRITE transaction to register regmodel.LCR: value='h38 : updated value = 'h38
# UVM_INFO ./../regmodel/uart_reg2ahb_adapter.sv(42) @ 1180048000: reporter [uart_reg2ahb_adapter] bus2reg: address = 0x18 data = 0x7c322e92 kind = UVM_WRITE status = UVM_IS_OK
# UVM_INFO /ictc/other/tools/QuestaDVA/questasim/verilog_src/uvm-1.2/src/reg/uvm_reg_predictor.svh(221) @ 1180048000: uvm_test_top.env.ahb_predictor [REG_PREDICT] Observed WRITE transaction to register regmodel.TBR: value='h7c322e92 : updated value = 'h92
# UVM_INFO ./../tb/dut_scoreboard.sv(50) @ 1180048000: uvm_test_top.env.dut_sb [SCOREBOARD] 
# ===== Captured data from AHB: 0x7c322e92
# UVM_INFO ./../tb/dut_scoreboard.sv(71) @ 1180048000: uvm_test_top.env.dut_sb [dut_scoreboard] 
# 
# =====[UART TXD] Data comparison =====
# 
# UVM_ERROR ./../tb/dut_scoreboard.sv(76) @ 1180048000: uvm_test_top.env.dut_sb [dut_scoreboard] 
# =====[DATA FRAME: 5] FAILED!!! Expected value is 0x12, Actual data is 0xe6 =====
# UVM_INFO ./../tb/dut_scoreboard.sv(82) @ 1180048000: uvm_test_top.env.dut_sb [dut_scoreboard] 
# 
# =====[UART TXD] Parity comparison =====
# 
# UVM_ERROR ./../tb/dut_scoreboard.sv(85) @ 1180048000: uvm_test_top.env.dut_sb [dut_scoreboard] 
# =====[PARITY MODE: 10] FAILED!!! Expected parity is 0, Actual parity is 1 =====
# UVM_INFO ./../vip/uart_vip/uart_monitor.sv(95) @ 1180083000: uvm_test_top.env.uart_agt.monitor [uart_monitor] 
# ===== Baud rate actual is      57143, Baud rate expected is     115200 =====
# UVM_INFO ./../vip/uart_vip/uart_monitor.sv(181) @ 1180176000: uvm_test_top.env.uart_agt.monitor [uart_monitor] Data read from DUT is -------------------------------------------
# Name         Type              Size  Value 
# -------------------------------------------
# trans        uart_transaction  -     @16935
#   direction  direction_e       32    RX    
#   data       integral          9     'h12  
#   parity     integral          1     'h0   
#   stop_bit   integral          2     'h1   
#   baud_rate  integral          32    'h0   
# -------------------------------------------
# 
# UVM_INFO ./../tb/dut_scoreboard.sv(58) @ 1180176000: uvm_test_top.env.dut_sb [SCOREBOARD] 
# ===== Captured data from UART: 0x12
# UVM_INFO ./../testcases/uart_txd_x16_random.sv(35) @ 1190048000: uvm_test_top [uart_txd_x16_random] --------------------------------------------------------------
# Name                Type                Size  Value           
# --------------------------------------------------------------
# cfg                 uart_configuration  -     @360            
#   parity_mode       parity_mode_e       32    UART_PARITY_EVEN
#   sampling          sampling_mode_e     32    MODE_X16        
#   data_width        integral            32    'h5             
#   num_of_stop_bit   integral            32    'h2             
#   baud_rate         integral            32    'h960           
#   baud_rate_enable  integral            1     'h1             
#   parity_enable     integral            1     'h0             
# --------------------------------------------------------------
# 
# UVM_INFO ./../regmodel/uart_reg2ahb_adapter.sv(42) @ 1190048000: reporter [uart_reg2ahb_adapter] bus2reg: address = 0x0 data = 0x0 kind = UVM_WRITE status = UVM_IS_OK
# UVM_INFO /ictc/other/tools/QuestaDVA/questasim/verilog_src/uvm-1.2/src/reg/uvm_reg_predictor.svh(221) @ 1190048000: uvm_test_top.env.ahb_predictor [REG_PREDICT] Observed WRITE transaction to register regmodel.MDR: value='h0 : updated value = 'h0
# UVM_INFO ./../regmodel/uart_reg2ahb_adapter.sv(42) @ 1190048000: reporter [uart_reg2ahb_adapter] bus2reg: address = 0x4 data = 0x2c kind = UVM_WRITE status = UVM_IS_OK
# UVM_INFO /ictc/other/tools/QuestaDVA/questasim/verilog_src/uvm-1.2/src/reg/uvm_reg_predictor.svh(221) @ 1190048000: uvm_test_top.env.ahb_predictor [REG_PREDICT] Observed WRITE transaction to register regmodel.DLL: value='h2c : updated value = 'h2c
# UVM_INFO ./../regmodel/uart_reg2ahb_adapter.sv(42) @ 1190048000: reporter [uart_reg2ahb_adapter] bus2reg: address = 0x8 data = 0xa kind = UVM_WRITE status = UVM_IS_OK
# UVM_INFO /ictc/other/tools/QuestaDVA/questasim/verilog_src/uvm-1.2/src/reg/uvm_reg_predictor.svh(221) @ 1190048000: uvm_test_top.env.ahb_predictor [REG_PREDICT] Observed WRITE transaction to register regmodel.DLH: value='ha : updated value = 'ha
# UVM_INFO ./../regmodel/uart_reg2ahb_adapter.sv(42) @ 1190048000: reporter [uart_reg2ahb_adapter] bus2reg: address = 0xc data = 0x3c kind = UVM_WRITE status = UVM_IS_OK
# UVM_INFO /ictc/other/tools/QuestaDVA/questasim/verilog_src/uvm-1.2/src/reg/uvm_reg_predictor.svh(221) @ 1190048000: uvm_test_top.env.ahb_predictor [REG_PREDICT] Observed WRITE transaction to register regmodel.LCR: value='h3c : updated value = 'h3c
# UVM_INFO ./../regmodel/uart_reg2ahb_adapter.sv(42) @ 1190048000: reporter [uart_reg2ahb_adapter] bus2reg: address = 0x18 data = 0xd9bdcb8d kind = UVM_WRITE status = UVM_IS_OK
# UVM_INFO /ictc/other/tools/QuestaDVA/questasim/verilog_src/uvm-1.2/src/reg/uvm_reg_predictor.svh(221) @ 1190048000: uvm_test_top.env.ahb_predictor [REG_PREDICT] Observed WRITE transaction to register regmodel.TBR: value='hd9bdcb8d : updated value = 'h8d
# UVM_INFO ./../tb/dut_scoreboard.sv(50) @ 1190048000: uvm_test_top.env.dut_sb [SCOREBOARD] 
# ===== Captured data from AHB: 0xd9bdcb8d
# UVM_INFO ./../tb/dut_scoreboard.sv(71) @ 1190048000: uvm_test_top.env.dut_sb [dut_scoreboard] 
# 
# =====[UART TXD] Data comparison =====
# 
# UVM_ERROR ./../tb/dut_scoreboard.sv(76) @ 1190048000: uvm_test_top.env.dut_sb [dut_scoreboard] 
# =====[DATA FRAME: 5] FAILED!!! Expected value is 0xd, Actual data is 0xa1 =====
# UVM_INFO ./../tb/dut_scoreboard.sv(82) @ 1190048000: uvm_test_top.env.dut_sb [dut_scoreboard] 
# 
# =====[UART TXD] Parity comparison =====
# 
# UVM_INFO ./../tb/dut_scoreboard.sv(88) @ 1190048000: uvm_test_top.env.dut_sb [dut_scoreboard] 
# =====[PARITY MODE: 10] PASSED SUCCESSFULLY!!! =====
# UVM_INFO ./../vip/uart_vip/uart_monitor.sv(95) @ 1190932000: uvm_test_top.env.uart_agt.monitor [uart_monitor] 
# ===== Baud rate actual is       2401, Baud rate expected is       2400 =====
# UVM_INFO ./../vip/uart_vip/uart_monitor.sv(181) @ 1197180000: uvm_test_top.env.uart_agt.monitor [uart_monitor] Data read from DUT is -------------------------------------------
# Name         Type              Size  Value 
# -------------------------------------------
# trans        uart_transaction  -     @17069
#   direction  direction_e       32    RX    
#   data       integral          9     'hd   
#   parity     integral          1     'h1   
#   stop_bit   integral          2     'h1   
#   baud_rate  integral          32    'h0   
# -------------------------------------------
# 
# UVM_INFO ./../tb/dut_scoreboard.sv(58) @ 1197180000: uvm_test_top.env.dut_sb [SCOREBOARD] 
# ===== Captured data from UART: 0xd
# UVM_INFO ./../testcases/uart_txd_x16_random.sv(35) @ 1200048000: uvm_test_top [uart_txd_x16_random] --------------------------------------------------------------
# Name                Type                Size  Value           
# --------------------------------------------------------------
# cfg                 uart_configuration  -     @360            
#   parity_mode       parity_mode_e       32    UART_PARITY_EVEN
#   sampling          sampling_mode_e     32    MODE_X16        
#   data_width        integral            32    'h5             
#   num_of_stop_bit   integral            32    'h2             
#   baud_rate         integral            32    'h12c0          
#   baud_rate_enable  integral            1     'h1             
#   parity_enable     integral            1     'h0             
# --------------------------------------------------------------
# 
# UVM_INFO ./../regmodel/uart_reg2ahb_adapter.sv(42) @ 1200048000: reporter [uart_reg2ahb_adapter] bus2reg: address = 0x0 data = 0x0 kind = UVM_WRITE status = UVM_IS_OK
# UVM_INFO /ictc/other/tools/QuestaDVA/questasim/verilog_src/uvm-1.2/src/reg/uvm_reg_predictor.svh(221) @ 1200048000: uvm_test_top.env.ahb_predictor [REG_PREDICT] Observed WRITE transaction to register regmodel.MDR: value='h0 : updated value = 'h0
# UVM_INFO ./../regmodel/uart_reg2ahb_adapter.sv(42) @ 1200048000: reporter [uart_reg2ahb_adapter] bus2reg: address = 0x4 data = 0x16 kind = UVM_WRITE status = UVM_IS_OK
# UVM_INFO /ictc/other/tools/QuestaDVA/questasim/verilog_src/uvm-1.2/src/reg/uvm_reg_predictor.svh(221) @ 1200048000: uvm_test_top.env.ahb_predictor [REG_PREDICT] Observed WRITE transaction to register regmodel.DLL: value='h16 : updated value = 'h16
# UVM_INFO ./../regmodel/uart_reg2ahb_adapter.sv(42) @ 1200048000: reporter [uart_reg2ahb_adapter] bus2reg: address = 0x8 data = 0x5 kind = UVM_WRITE status = UVM_IS_OK
# UVM_INFO /ictc/other/tools/QuestaDVA/questasim/verilog_src/uvm-1.2/src/reg/uvm_reg_predictor.svh(221) @ 1200048000: uvm_test_top.env.ahb_predictor [REG_PREDICT] Observed WRITE transaction to register regmodel.DLH: value='h5 : updated value = 'h5
# UVM_INFO ./../regmodel/uart_reg2ahb_adapter.sv(42) @ 1200048000: reporter [uart_reg2ahb_adapter] bus2reg: address = 0xc data = 0x3c kind = UVM_WRITE status = UVM_IS_OK
# UVM_INFO /ictc/other/tools/QuestaDVA/questasim/verilog_src/uvm-1.2/src/reg/uvm_reg_predictor.svh(221) @ 1200048000: uvm_test_top.env.ahb_predictor [REG_PREDICT] Observed WRITE transaction to register regmodel.LCR: value='h3c : updated value = 'h3c
# UVM_INFO ./../regmodel/uart_reg2ahb_adapter.sv(42) @ 1200049000: reporter [uart_reg2ahb_adapter] bus2reg: address = 0x18 data = 0xec33b2bb kind = UVM_WRITE status = UVM_IS_OK
# UVM_INFO /ictc/other/tools/QuestaDVA/questasim/verilog_src/uvm-1.2/src/reg/uvm_reg_predictor.svh(221) @ 1200049000: uvm_test_top.env.ahb_predictor [REG_PREDICT] Observed WRITE transaction to register regmodel.TBR: value='hec33b2bb : updated value = 'hbb
# UVM_INFO ./../tb/dut_scoreboard.sv(50) @ 1200049000: uvm_test_top.env.dut_sb [SCOREBOARD] 
# ===== Captured data from AHB: 0xec33b2bb
# UVM_INFO ./../tb/dut_scoreboard.sv(71) @ 1200049000: uvm_test_top.env.dut_sb [dut_scoreboard] 
# 
# =====[UART TXD] Data comparison =====
# 
# UVM_ERROR ./../tb/dut_scoreboard.sv(76) @ 1200049000: uvm_test_top.env.dut_sb [dut_scoreboard] 
# =====[DATA FRAME: 5] FAILED!!! Expected value is 0x1b, Actual data is 0x1c =====
# UVM_INFO ./../tb/dut_scoreboard.sv(82) @ 1200049000: uvm_test_top.env.dut_sb [dut_scoreboard] 
# 
# =====[UART TXD] Parity comparison =====
# 
# UVM_ERROR ./../tb/dut_scoreboard.sv(85) @ 1200049000: uvm_test_top.env.dut_sb [dut_scoreboard] 
# =====[PARITY MODE: 10] FAILED!!! Expected parity is 0, Actual parity is 1 =====
# UVM_INFO ./../vip/uart_vip/uart_monitor.sv(95) @ 1200489000: uvm_test_top.env.uart_agt.monitor [uart_monitor] 
# ===== Baud rate actual is       4796, Baud rate expected is       4800 =====
# UVM_INFO ./../vip/uart_vip/uart_monitor.sv(181) @ 1203617000: uvm_test_top.env.uart_agt.monitor [uart_monitor] Data read from DUT is -------------------------------------------
# Name         Type              Size  Value 
# -------------------------------------------
# trans        uart_transaction  -     @17203
#   direction  direction_e       32    RX    
#   data       integral          9     'h1b  
#   parity     integral          1     'h1   
#   stop_bit   integral          2     'h1   
#   baud_rate  integral          32    'h0   
# -------------------------------------------
# 
# UVM_INFO ./../tb/dut_scoreboard.sv(58) @ 1203617000: uvm_test_top.env.dut_sb [SCOREBOARD] 
# ===== Captured data from UART: 0x1b
# UVM_INFO ./../testcases/uart_txd_x16_random.sv(35) @ 1210049000: uvm_test_top [uart_txd_x16_random] --------------------------------------------------------------
# Name                Type                Size  Value           
# --------------------------------------------------------------
# cfg                 uart_configuration  -     @360            
#   parity_mode       parity_mode_e       32    UART_PARITY_EVEN
#   sampling          sampling_mode_e     32    MODE_X16        
#   data_width        integral            32    'h5             
#   num_of_stop_bit   integral            32    'h2             
#   baud_rate         integral            32    'h2580          
#   baud_rate_enable  integral            1     'h1             
#   parity_enable     integral            1     'h0             
# --------------------------------------------------------------
# 
# UVM_INFO ./../regmodel/uart_reg2ahb_adapter.sv(42) @ 1210049000: reporter [uart_reg2ahb_adapter] bus2reg: address = 0x0 data = 0x0 kind = UVM_WRITE status = UVM_IS_OK
# UVM_INFO /ictc/other/tools/QuestaDVA/questasim/verilog_src/uvm-1.2/src/reg/uvm_reg_predictor.svh(221) @ 1210049000: uvm_test_top.env.ahb_predictor [REG_PREDICT] Observed WRITE transaction to register regmodel.MDR: value='h0 : updated value = 'h0
# UVM_INFO ./../regmodel/uart_reg2ahb_adapter.sv(42) @ 1210049000: reporter [uart_reg2ahb_adapter] bus2reg: address = 0x4 data = 0x16 kind = UVM_WRITE status = UVM_IS_OK
# UVM_INFO /ictc/other/tools/QuestaDVA/questasim/verilog_src/uvm-1.2/src/reg/uvm_reg_predictor.svh(221) @ 1210049000: uvm_test_top.env.ahb_predictor [REG_PREDICT] Observed WRITE transaction to register regmodel.DLL: value='h16 : updated value = 'h16
# UVM_INFO ./../regmodel/uart_reg2ahb_adapter.sv(42) @ 1210049000: reporter [uart_reg2ahb_adapter] bus2reg: address = 0x8 data = 0x5 kind = UVM_WRITE status = UVM_IS_OK
# UVM_INFO /ictc/other/tools/QuestaDVA/questasim/verilog_src/uvm-1.2/src/reg/uvm_reg_predictor.svh(221) @ 1210049000: uvm_test_top.env.ahb_predictor [REG_PREDICT] Observed WRITE transaction to register regmodel.DLH: value='h5 : updated value = 'h5
# UVM_INFO ./../regmodel/uart_reg2ahb_adapter.sv(42) @ 1210049000: reporter [uart_reg2ahb_adapter] bus2reg: address = 0xc data = 0x3c kind = UVM_WRITE status = UVM_IS_OK
# UVM_INFO /ictc/other/tools/QuestaDVA/questasim/verilog_src/uvm-1.2/src/reg/uvm_reg_predictor.svh(221) @ 1210049000: uvm_test_top.env.ahb_predictor [REG_PREDICT] Observed WRITE transaction to register regmodel.LCR: value='h3c : updated value = 'h3c
# UVM_INFO ./../regmodel/uart_reg2ahb_adapter.sv(42) @ 1210049000: reporter [uart_reg2ahb_adapter] bus2reg: address = 0x18 data = 0xe960e50a kind = UVM_WRITE status = UVM_IS_OK
# UVM_INFO /ictc/other/tools/QuestaDVA/questasim/verilog_src/uvm-1.2/src/reg/uvm_reg_predictor.svh(221) @ 1210049000: uvm_test_top.env.ahb_predictor [REG_PREDICT] Observed WRITE transaction to register regmodel.TBR: value='he960e50a : updated value = 'ha
# UVM_INFO ./../tb/dut_scoreboard.sv(50) @ 1210049000: uvm_test_top.env.dut_sb [SCOREBOARD] 
# ===== Captured data from AHB: 0xe960e50a
# UVM_INFO ./../tb/dut_scoreboard.sv(71) @ 1210049000: uvm_test_top.env.dut_sb [dut_scoreboard] 
# 
# =====[UART TXD] Data comparison =====
# 
# UVM_ERROR ./../tb/dut_scoreboard.sv(76) @ 1210049000: uvm_test_top.env.dut_sb [dut_scoreboard] 
# =====[DATA FRAME: 5] FAILED!!! Expected value is 0xa, Actual data is 0xdf =====
# UVM_INFO ./../tb/dut_scoreboard.sv(82) @ 1210049000: uvm_test_top.env.dut_sb [dut_scoreboard] 
# 
# =====[UART TXD] Parity comparison =====
# 
# UVM_ERROR ./../tb/dut_scoreboard.sv(85) @ 1210049000: uvm_test_top.env.dut_sb [dut_scoreboard] 
# =====[PARITY MODE: 10] FAILED!!! Expected parity is 0, Actual parity is 1 =====
# UVM_INFO ./../vip/uart_vip/uart_monitor.sv(95) @ 1210905000: uvm_test_top.env.uart_agt.monitor [uart_monitor] 
# ===== Baud rate actual is       2401, Baud rate expected is       9600 =====
# UVM_ERROR ./../vip/uart_vip/uart_monitor.sv(174) @ 1211632000: uvm_test_top.env.uart_agt.monitor [uart_monitor] ===== stop bit error detected =====
# UVM_INFO ./../vip/uart_vip/uart_monitor.sv(181) @ 1211840000: uvm_test_top.env.uart_agt.monitor [uart_monitor] Data read from DUT is -------------------------------------------
# Name         Type              Size  Value 
# -------------------------------------------
# trans        uart_transaction  -     @17337
#   direction  direction_e       32    RX    
#   data       integral          9     'h18  
#   parity     integral          1     'h0   
#   stop_bit   integral          2     'h1   
#   baud_rate  integral          32    'h0   
# -------------------------------------------
# 
# UVM_INFO ./../tb/dut_scoreboard.sv(58) @ 1211840000: uvm_test_top.env.dut_sb [SCOREBOARD] 
# ===== Captured data from UART: 0x18
# UVM_INFO ./../vip/uart_vip/uart_monitor.sv(181) @ 1213923000: uvm_test_top.env.uart_agt.monitor [uart_monitor] Data read from DUT is -------------------------------------------
# Name         Type              Size  Value 
# -------------------------------------------
# trans        uart_transaction  -     @17473
#   direction  direction_e       32    RX    
#   data       integral          9     'h1e  
#   parity     integral          1     'h1   
#   stop_bit   integral          2     'h1   
#   baud_rate  integral          32    'h0   
# -------------------------------------------
# 
# UVM_INFO ./../tb/dut_scoreboard.sv(58) @ 1213923000: uvm_test_top.env.dut_sb [SCOREBOARD] 
# ===== Captured data from UART: 0x1e
# UVM_INFO ./../testcases/uart_txd_x16_random.sv(35) @ 1220049000: uvm_test_top [uart_txd_x16_random] --------------------------------------------------------------
# Name                Type                Size  Value           
# --------------------------------------------------------------
# cfg                 uart_configuration  -     @360            
#   parity_mode       parity_mode_e       32    UART_PARITY_EVEN
#   sampling          sampling_mode_e     32    MODE_X16        
#   data_width        integral            32    'h5             
#   num_of_stop_bit   integral            32    'h2             
#   baud_rate         integral            32    'h4b00          
#   baud_rate_enable  integral            1     'h1             
#   parity_enable     integral            1     'h0             
# --------------------------------------------------------------
# 
# UVM_INFO ./../regmodel/uart_reg2ahb_adapter.sv(42) @ 1220049000: reporter [uart_reg2ahb_adapter] bus2reg: address = 0x0 data = 0x0 kind = UVM_WRITE status = UVM_IS_OK
# UVM_INFO /ictc/other/tools/QuestaDVA/questasim/verilog_src/uvm-1.2/src/reg/uvm_reg_predictor.svh(221) @ 1220049000: uvm_test_top.env.ahb_predictor [REG_PREDICT] Observed WRITE transaction to register regmodel.MDR: value='h0 : updated value = 'h0
# UVM_INFO ./../regmodel/uart_reg2ahb_adapter.sv(42) @ 1220049000: reporter [uart_reg2ahb_adapter] bus2reg: address = 0x4 data = 0x45 kind = UVM_WRITE status = UVM_IS_OK
# UVM_INFO /ictc/other/tools/QuestaDVA/questasim/verilog_src/uvm-1.2/src/reg/uvm_reg_predictor.svh(221) @ 1220049000: uvm_test_top.env.ahb_predictor [REG_PREDICT] Observed WRITE transaction to register regmodel.DLL: value='h45 : updated value = 'h45
# UVM_INFO ./../regmodel/uart_reg2ahb_adapter.sv(42) @ 1220049000: reporter [uart_reg2ahb_adapter] bus2reg: address = 0x8 data = 0x1 kind = UVM_WRITE status = UVM_IS_OK
# UVM_INFO /ictc/other/tools/QuestaDVA/questasim/verilog_src/uvm-1.2/src/reg/uvm_reg_predictor.svh(221) @ 1220049000: uvm_test_top.env.ahb_predictor [REG_PREDICT] Observed WRITE transaction to register regmodel.DLH: value='h1 : updated value = 'h1
# UVM_INFO ./../regmodel/uart_reg2ahb_adapter.sv(42) @ 1220049000: reporter [uart_reg2ahb_adapter] bus2reg: address = 0xc data = 0x3c kind = UVM_WRITE status = UVM_IS_OK
# UVM_INFO /ictc/other/tools/QuestaDVA/questasim/verilog_src/uvm-1.2/src/reg/uvm_reg_predictor.svh(221) @ 1220049000: uvm_test_top.env.ahb_predictor [REG_PREDICT] Observed WRITE transaction to register regmodel.LCR: value='h3c : updated value = 'h3c
# UVM_INFO ./../regmodel/uart_reg2ahb_adapter.sv(42) @ 1220049000: reporter [uart_reg2ahb_adapter] bus2reg: address = 0x18 data = 0x2b14293f kind = UVM_WRITE status = UVM_IS_OK
# UVM_INFO /ictc/other/tools/QuestaDVA/questasim/verilog_src/uvm-1.2/src/reg/uvm_reg_predictor.svh(221) @ 1220049000: uvm_test_top.env.ahb_predictor [REG_PREDICT] Observed WRITE transaction to register regmodel.TBR: value='h2b14293f : updated value = 'h3f
# UVM_INFO ./../tb/dut_scoreboard.sv(50) @ 1220049000: uvm_test_top.env.dut_sb [SCOREBOARD] 
# ===== Captured data from AHB: 0x2b14293f
# UVM_INFO ./../tb/dut_scoreboard.sv(71) @ 1220049000: uvm_test_top.env.dut_sb [dut_scoreboard] 
# 
# =====[UART TXD] Data comparison =====
# 
# UVM_ERROR ./../tb/dut_scoreboard.sv(76) @ 1220049000: uvm_test_top.env.dut_sb [dut_scoreboard] 
# =====[DATA FRAME: 5] FAILED!!! Expected value is 0x1f, Actual data is 0x5f =====
# UVM_INFO ./../tb/dut_scoreboard.sv(82) @ 1220049000: uvm_test_top.env.dut_sb [dut_scoreboard] 
# 
# =====[UART TXD] Parity comparison =====
# 
# UVM_ERROR ./../tb/dut_scoreboard.sv(85) @ 1220049000: uvm_test_top.env.dut_sb [dut_scoreboard] 
# =====[PARITY MODE: 10] FAILED!!! Expected parity is 1, Actual parity is 0 =====
# UVM_INFO ./../vip/uart_vip/uart_monitor.sv(95) @ 1220156000: uvm_test_top.env.uart_agt.monitor [uart_monitor] 
# ===== Baud rate actual is      19231, Baud rate expected is      19200 =====
# UVM_INFO ./../vip/uart_vip/uart_monitor.sv(181) @ 1220936000: uvm_test_top.env.uart_agt.monitor [uart_monitor] Data read from DUT is -------------------------------------------
# Name         Type              Size  Value 
# -------------------------------------------
# trans        uart_transaction  -     @17481
#   direction  direction_e       32    RX    
#   data       integral          9     'h1f  
#   parity     integral          1     'h1   
#   stop_bit   integral          2     'h1   
#   baud_rate  integral          32    'h0   
# -------------------------------------------
# 
# UVM_INFO ./../tb/dut_scoreboard.sv(58) @ 1220936000: uvm_test_top.env.dut_sb [SCOREBOARD] 
# ===== Captured data from UART: 0x1f
# UVM_INFO ./../testcases/uart_txd_x16_random.sv(35) @ 1230049000: uvm_test_top [uart_txd_x16_random] --------------------------------------------------------------
# Name                Type                Size  Value           
# --------------------------------------------------------------
# cfg                 uart_configuration  -     @360            
#   parity_mode       parity_mode_e       32    UART_PARITY_EVEN
#   sampling          sampling_mode_e     32    MODE_X16        
#   data_width        integral            32    'h5             
#   num_of_stop_bit   integral            32    'h2             
#   baud_rate         integral            32    'h9600          
#   baud_rate_enable  integral            1     'h1             
#   parity_enable     integral            1     'h0             
# --------------------------------------------------------------
# 
# UVM_INFO ./../regmodel/uart_reg2ahb_adapter.sv(42) @ 1230049000: reporter [uart_reg2ahb_adapter] bus2reg: address = 0x0 data = 0x0 kind = UVM_WRITE status = UVM_IS_OK
# UVM_INFO /ictc/other/tools/QuestaDVA/questasim/verilog_src/uvm-1.2/src/reg/uvm_reg_predictor.svh(221) @ 1230049000: uvm_test_top.env.ahb_predictor [REG_PREDICT] Observed WRITE transaction to register regmodel.MDR: value='h0 : updated value = 'h0
# UVM_INFO ./../regmodel/uart_reg2ahb_adapter.sv(42) @ 1230049000: reporter [uart_reg2ahb_adapter] bus2reg: address = 0x4 data = 0xa4 kind = UVM_WRITE status = UVM_IS_OK
# UVM_INFO /ictc/other/tools/QuestaDVA/questasim/verilog_src/uvm-1.2/src/reg/uvm_reg_predictor.svh(221) @ 1230049000: uvm_test_top.env.ahb_predictor [REG_PREDICT] Observed WRITE transaction to register regmodel.DLL: value='ha4 : updated value = 'ha4
# UVM_INFO ./../regmodel/uart_reg2ahb_adapter.sv(42) @ 1230050000: reporter [uart_reg2ahb_adapter] bus2reg: address = 0x8 data = 0x0 kind = UVM_WRITE status = UVM_IS_OK
# UVM_INFO /ictc/other/tools/QuestaDVA/questasim/verilog_src/uvm-1.2/src/reg/uvm_reg_predictor.svh(221) @ 1230050000: uvm_test_top.env.ahb_predictor [REG_PREDICT] Observed WRITE transaction to register regmodel.DLH: value='h0 : updated value = 'h0
# UVM_INFO ./../regmodel/uart_reg2ahb_adapter.sv(42) @ 1230050000: reporter [uart_reg2ahb_adapter] bus2reg: address = 0xc data = 0x3c kind = UVM_WRITE status = UVM_IS_OK
# UVM_INFO /ictc/other/tools/QuestaDVA/questasim/verilog_src/uvm-1.2/src/reg/uvm_reg_predictor.svh(221) @ 1230050000: uvm_test_top.env.ahb_predictor [REG_PREDICT] Observed WRITE transaction to register regmodel.LCR: value='h3c : updated value = 'h3c
# UVM_INFO ./../regmodel/uart_reg2ahb_adapter.sv(42) @ 1230050000: reporter [uart_reg2ahb_adapter] bus2reg: address = 0x18 data = 0x3bd50a76 kind = UVM_WRITE status = UVM_IS_OK
# UVM_INFO /ictc/other/tools/QuestaDVA/questasim/verilog_src/uvm-1.2/src/reg/uvm_reg_predictor.svh(221) @ 1230050000: uvm_test_top.env.ahb_predictor [REG_PREDICT] Observed WRITE transaction to register regmodel.TBR: value='h3bd50a76 : updated value = 'h76
# UVM_INFO ./../tb/dut_scoreboard.sv(50) @ 1230050000: uvm_test_top.env.dut_sb [SCOREBOARD] 
# ===== Captured data from AHB: 0x3bd50a76
# UVM_INFO ./../tb/dut_scoreboard.sv(71) @ 1230050000: uvm_test_top.env.dut_sb [dut_scoreboard] 
# 
# =====[UART TXD] Data comparison =====
# 
# UVM_ERROR ./../tb/dut_scoreboard.sv(76) @ 1230050000: uvm_test_top.env.dut_sb [dut_scoreboard] 
# =====[DATA FRAME: 5] FAILED!!! Expected value is 0x16, Actual data is 0x12 =====
# UVM_INFO ./../tb/dut_scoreboard.sv(82) @ 1230050000: uvm_test_top.env.dut_sb [dut_scoreboard] 
# 
# =====[UART TXD] Parity comparison =====
# 
# UVM_INFO ./../tb/dut_scoreboard.sv(88) @ 1230050000: uvm_test_top.env.dut_sb [dut_scoreboard] 
# =====[PARITY MODE: 10] PASSED SUCCESSFULLY!!! =====
# UVM_INFO ./../vip/uart_vip/uart_monitor.sv(95) @ 1230157000: uvm_test_top.env.uart_agt.monitor [uart_monitor] 
# ===== Baud rate actual is      19048, Baud rate expected is      38400 =====
# UVM_INFO ./../vip/uart_vip/uart_monitor.sv(181) @ 1230494000: uvm_test_top.env.uart_agt.monitor [uart_monitor] Data read from DUT is -------------------------------------------
# Name         Type              Size  Value 
# -------------------------------------------
# trans        uart_transaction  -     @17615
#   direction  direction_e       32    RX    
#   data       integral          9     'h16  
#   parity     integral          1     'h0   
#   stop_bit   integral          2     'h1   
#   baud_rate  integral          32    'h0   
# -------------------------------------------
# 
# UVM_INFO ./../tb/dut_scoreboard.sv(58) @ 1230494000: uvm_test_top.env.dut_sb [SCOREBOARD] 
# ===== Captured data from UART: 0x16
# UVM_INFO ./../testcases/uart_txd_x16_random.sv(35) @ 1240050000: uvm_test_top [uart_txd_x16_random] --------------------------------------------------------------
# Name                Type                Size  Value           
# --------------------------------------------------------------
# cfg                 uart_configuration  -     @360            
#   parity_mode       parity_mode_e       32    UART_PARITY_EVEN
#   sampling          sampling_mode_e     32    MODE_X16        
#   data_width        integral            32    'h5             
#   num_of_stop_bit   integral            32    'h2             
#   baud_rate         integral            32    'h12c00         
#   baud_rate_enable  integral            1     'h1             
#   parity_enable     integral            1     'h0             
# --------------------------------------------------------------
# 
# UVM_INFO ./../regmodel/uart_reg2ahb_adapter.sv(42) @ 1240050000: reporter [uart_reg2ahb_adapter] bus2reg: address = 0x0 data = 0x0 kind = UVM_WRITE status = UVM_IS_OK
# UVM_INFO /ictc/other/tools/QuestaDVA/questasim/verilog_src/uvm-1.2/src/reg/uvm_reg_predictor.svh(221) @ 1240050000: uvm_test_top.env.ahb_predictor [REG_PREDICT] Observed WRITE transaction to register regmodel.MDR: value='h0 : updated value = 'h0
# UVM_INFO ./../regmodel/uart_reg2ahb_adapter.sv(42) @ 1240050000: reporter [uart_reg2ahb_adapter] bus2reg: address = 0x4 data = 0x51 kind = UVM_WRITE status = UVM_IS_OK
# UVM_INFO /ictc/other/tools/QuestaDVA/questasim/verilog_src/uvm-1.2/src/reg/uvm_reg_predictor.svh(221) @ 1240050000: uvm_test_top.env.ahb_predictor [REG_PREDICT] Observed WRITE transaction to register regmodel.DLL: value='h51 : updated value = 'h51
# UVM_INFO ./../regmodel/uart_reg2ahb_adapter.sv(42) @ 1240050000: reporter [uart_reg2ahb_adapter] bus2reg: address = 0x8 data = 0x0 kind = UVM_WRITE status = UVM_IS_OK
# UVM_INFO /ictc/other/tools/QuestaDVA/questasim/verilog_src/uvm-1.2/src/reg/uvm_reg_predictor.svh(221) @ 1240050000: uvm_test_top.env.ahb_predictor [REG_PREDICT] Observed WRITE transaction to register regmodel.DLH: value='h0 : updated value = 'h0
# UVM_INFO ./../regmodel/uart_reg2ahb_adapter.sv(42) @ 1240050000: reporter [uart_reg2ahb_adapter] bus2reg: address = 0xc data = 0x3c kind = UVM_WRITE status = UVM_IS_OK
# UVM_INFO /ictc/other/tools/QuestaDVA/questasim/verilog_src/uvm-1.2/src/reg/uvm_reg_predictor.svh(221) @ 1240050000: uvm_test_top.env.ahb_predictor [REG_PREDICT] Observed WRITE transaction to register regmodel.LCR: value='h3c : updated value = 'h3c
# UVM_INFO ./../regmodel/uart_reg2ahb_adapter.sv(42) @ 1240050000: reporter [uart_reg2ahb_adapter] bus2reg: address = 0x18 data = 0x7c6c4699 kind = UVM_WRITE status = UVM_IS_OK
# UVM_INFO /ictc/other/tools/QuestaDVA/questasim/verilog_src/uvm-1.2/src/reg/uvm_reg_predictor.svh(221) @ 1240050000: uvm_test_top.env.ahb_predictor [REG_PREDICT] Observed WRITE transaction to register regmodel.TBR: value='h7c6c4699 : updated value = 'h99
# UVM_INFO ./../tb/dut_scoreboard.sv(50) @ 1240050000: uvm_test_top.env.dut_sb [SCOREBOARD] 
# ===== Captured data from AHB: 0x7c6c4699
# UVM_INFO ./../tb/dut_scoreboard.sv(71) @ 1240050000: uvm_test_top.env.dut_sb [dut_scoreboard] 
# 
# =====[UART TXD] Data comparison =====
# 
# UVM_ERROR ./../tb/dut_scoreboard.sv(76) @ 1240050000: uvm_test_top.env.dut_sb [dut_scoreboard] 
# =====[DATA FRAME: 5] FAILED!!! Expected value is 0x19, Actual data is 0x15 =====
# UVM_INFO ./../tb/dut_scoreboard.sv(82) @ 1240050000: uvm_test_top.env.dut_sb [dut_scoreboard] 
# 
# =====[UART TXD] Parity comparison =====
# 
# UVM_INFO ./../tb/dut_scoreboard.sv(88) @ 1240050000: uvm_test_top.env.dut_sb [dut_scoreboard] 
# =====[PARITY MODE: 10] PASSED SUCCESSFULLY!!! =====
# UVM_INFO ./../vip/uart_vip/uart_monitor.sv(95) @ 1240077000: uvm_test_top.env.uart_agt.monitor [uart_monitor] 
# ===== Baud rate actual is      76923, Baud rate expected is      76800 =====
# UVM_INFO ./../vip/uart_vip/uart_monitor.sv(181) @ 1240272000: uvm_test_top.env.uart_agt.monitor [uart_monitor] Data read from DUT is -------------------------------------------
# Name         Type              Size  Value 
# -------------------------------------------
# trans        uart_transaction  -     @17749
#   direction  direction_e       32    RX    
#   data       integral          9     'h19  
#   parity     integral          1     'h1   
#   stop_bit   integral          2     'h1   
#   baud_rate  integral          32    'h0   
# -------------------------------------------
# 
# UVM_INFO ./../tb/dut_scoreboard.sv(58) @ 1240272000: uvm_test_top.env.dut_sb [SCOREBOARD] 
# ===== Captured data from UART: 0x19
# UVM_INFO ./../testcases/uart_txd_x16_random.sv(35) @ 1250050000: uvm_test_top [uart_txd_x16_random] --------------------------------------------------------------
# Name                Type                Size  Value           
# --------------------------------------------------------------
# cfg                 uart_configuration  -     @360            
#   parity_mode       parity_mode_e       32    UART_PARITY_EVEN
#   sampling          sampling_mode_e     32    MODE_X16        
#   data_width        integral            32    'h5             
#   num_of_stop_bit   integral            32    'h2             
#   baud_rate         integral            32    'h1c200         
#   baud_rate_enable  integral            1     'h1             
#   parity_enable     integral            1     'h0             
# --------------------------------------------------------------
# 
# UVM_INFO ./../regmodel/uart_reg2ahb_adapter.sv(42) @ 1250050000: reporter [uart_reg2ahb_adapter] bus2reg: address = 0x0 data = 0x0 kind = UVM_WRITE status = UVM_IS_OK
# UVM_INFO /ictc/other/tools/QuestaDVA/questasim/verilog_src/uvm-1.2/src/reg/uvm_reg_predictor.svh(221) @ 1250050000: uvm_test_top.env.ahb_predictor [REG_PREDICT] Observed WRITE transaction to register regmodel.MDR: value='h0 : updated value = 'h0
# UVM_INFO ./../regmodel/uart_reg2ahb_adapter.sv(42) @ 1250050000: reporter [uart_reg2ahb_adapter] bus2reg: address = 0x4 data = 0x36 kind = UVM_WRITE status = UVM_IS_OK
# UVM_INFO /ictc/other/tools/QuestaDVA/questasim/verilog_src/uvm-1.2/src/reg/uvm_reg_predictor.svh(221) @ 1250050000: uvm_test_top.env.ahb_predictor [REG_PREDICT] Observed WRITE transaction to register regmodel.DLL: value='h36 : updated value = 'h36
# UVM_INFO ./../regmodel/uart_reg2ahb_adapter.sv(42) @ 1250050000: reporter [uart_reg2ahb_adapter] bus2reg: address = 0x8 data = 0x0 kind = UVM_WRITE status = UVM_IS_OK
# UVM_INFO /ictc/other/tools/QuestaDVA/questasim/verilog_src/uvm-1.2/src/reg/uvm_reg_predictor.svh(221) @ 1250050000: uvm_test_top.env.ahb_predictor [REG_PREDICT] Observed WRITE transaction to register regmodel.DLH: value='h0 : updated value = 'h0
# UVM_INFO ./../regmodel/uart_reg2ahb_adapter.sv(42) @ 1250050000: reporter [uart_reg2ahb_adapter] bus2reg: address = 0xc data = 0x3c kind = UVM_WRITE status = UVM_IS_OK
# UVM_INFO /ictc/other/tools/QuestaDVA/questasim/verilog_src/uvm-1.2/src/reg/uvm_reg_predictor.svh(221) @ 1250050000: uvm_test_top.env.ahb_predictor [REG_PREDICT] Observed WRITE transaction to register regmodel.LCR: value='h3c : updated value = 'h3c
# UVM_INFO ./../regmodel/uart_reg2ahb_adapter.sv(42) @ 1250051000: reporter [uart_reg2ahb_adapter] bus2reg: address = 0x18 data = 0xc000d66 kind = UVM_WRITE status = UVM_IS_OK
# UVM_INFO /ictc/other/tools/QuestaDVA/questasim/verilog_src/uvm-1.2/src/reg/uvm_reg_predictor.svh(221) @ 1250051000: uvm_test_top.env.ahb_predictor [REG_PREDICT] Observed WRITE transaction to register regmodel.TBR: value='hc000d66 : updated value = 'h66
# UVM_INFO ./../tb/dut_scoreboard.sv(50) @ 1250051000: uvm_test_top.env.dut_sb [SCOREBOARD] 
# ===== Captured data from AHB: 0xc000d66
# UVM_INFO ./../tb/dut_scoreboard.sv(71) @ 1250051000: uvm_test_top.env.dut_sb [dut_scoreboard] 
# 
# =====[UART TXD] Data comparison =====
# 
# UVM_ERROR ./../tb/dut_scoreboard.sv(76) @ 1250051000: uvm_test_top.env.dut_sb [dut_scoreboard] 
# =====[DATA FRAME: 5] FAILED!!! Expected value is 0x6, Actual data is 0x0 =====
# UVM_INFO ./../tb/dut_scoreboard.sv(82) @ 1250051000: uvm_test_top.env.dut_sb [dut_scoreboard] 
# 
# =====[UART TXD] Parity comparison =====
# 
# UVM_INFO ./../tb/dut_scoreboard.sv(88) @ 1250051000: uvm_test_top.env.dut_sb [dut_scoreboard] 
# =====[PARITY MODE: 10] PASSED SUCCESSFULLY!!! =====
# UVM_INFO ./../vip/uart_vip/uart_monitor.sv(95) @ 1250085000: uvm_test_top.env.uart_agt.monitor [uart_monitor] 
# ===== Baud rate actual is      58824, Baud rate expected is     115200 =====
# UVM_INFO ./../vip/uart_vip/uart_monitor.sv(181) @ 1250195000: uvm_test_top.env.uart_agt.monitor [uart_monitor] Data read from DUT is -------------------------------------------
# Name         Type              Size  Value 
# -------------------------------------------
# trans        uart_transaction  -     @17883
#   direction  direction_e       32    RX    
#   data       integral          9     'h6   
#   parity     integral          1     'h1   
#   stop_bit   integral          2     'h1   
#   baud_rate  integral          32    'h0   
# -------------------------------------------
# 
# UVM_INFO ./../tb/dut_scoreboard.sv(58) @ 1250195000: uvm_test_top.env.dut_sb [SCOREBOARD] 
# ===== Captured data from UART: 0x6
# UVM_INFO ./../testcases/uart_txd_x16_random.sv(35) @ 1260051000: uvm_test_top [uart_txd_x16_random] --------------------------------------------------------------
# Name                Type                Size  Value           
# --------------------------------------------------------------
# cfg                 uart_configuration  -     @360            
#   parity_mode       parity_mode_e       32    UART_PARITY_EVEN
#   sampling          sampling_mode_e     32    MODE_X16        
#   data_width        integral            32    'h6             
#   num_of_stop_bit   integral            32    'h1             
#   baud_rate         integral            32    'h960           
#   baud_rate_enable  integral            1     'h1             
#   parity_enable     integral            1     'h0             
# --------------------------------------------------------------
# 
# UVM_INFO ./../regmodel/uart_reg2ahb_adapter.sv(42) @ 1260051000: reporter [uart_reg2ahb_adapter] bus2reg: address = 0x0 data = 0x0 kind = UVM_WRITE status = UVM_IS_OK
# UVM_INFO /ictc/other/tools/QuestaDVA/questasim/verilog_src/uvm-1.2/src/reg/uvm_reg_predictor.svh(221) @ 1260051000: uvm_test_top.env.ahb_predictor [REG_PREDICT] Observed WRITE transaction to register regmodel.MDR: value='h0 : updated value = 'h0
# UVM_INFO ./../regmodel/uart_reg2ahb_adapter.sv(42) @ 1260051000: reporter [uart_reg2ahb_adapter] bus2reg: address = 0x4 data = 0x2c kind = UVM_WRITE status = UVM_IS_OK
# UVM_INFO /ictc/other/tools/QuestaDVA/questasim/verilog_src/uvm-1.2/src/reg/uvm_reg_predictor.svh(221) @ 1260051000: uvm_test_top.env.ahb_predictor [REG_PREDICT] Observed WRITE transaction to register regmodel.DLL: value='h2c : updated value = 'h2c
# UVM_INFO ./../regmodel/uart_reg2ahb_adapter.sv(42) @ 1260051000: reporter [uart_reg2ahb_adapter] bus2reg: address = 0x8 data = 0xa kind = UVM_WRITE status = UVM_IS_OK
# UVM_INFO /ictc/other/tools/QuestaDVA/questasim/verilog_src/uvm-1.2/src/reg/uvm_reg_predictor.svh(221) @ 1260051000: uvm_test_top.env.ahb_predictor [REG_PREDICT] Observed WRITE transaction to register regmodel.DLH: value='ha : updated value = 'ha
# UVM_INFO ./../regmodel/uart_reg2ahb_adapter.sv(42) @ 1260051000: reporter [uart_reg2ahb_adapter] bus2reg: address = 0xc data = 0x39 kind = UVM_WRITE status = UVM_IS_OK
# UVM_INFO /ictc/other/tools/QuestaDVA/questasim/verilog_src/uvm-1.2/src/reg/uvm_reg_predictor.svh(221) @ 1260051000: uvm_test_top.env.ahb_predictor [REG_PREDICT] Observed WRITE transaction to register regmodel.LCR: value='h39 : updated value = 'h39
# UVM_INFO ./../regmodel/uart_reg2ahb_adapter.sv(42) @ 1260051000: reporter [uart_reg2ahb_adapter] bus2reg: address = 0x18 data = 0xd57f690d kind = UVM_WRITE status = UVM_IS_OK
# UVM_INFO /ictc/other/tools/QuestaDVA/questasim/verilog_src/uvm-1.2/src/reg/uvm_reg_predictor.svh(221) @ 1260051000: uvm_test_top.env.ahb_predictor [REG_PREDICT] Observed WRITE transaction to register regmodel.TBR: value='hd57f690d : updated value = 'hd
# UVM_INFO ./../tb/dut_scoreboard.sv(50) @ 1260051000: uvm_test_top.env.dut_sb [SCOREBOARD] 
# ===== Captured data from AHB: 0xd57f690d
# UVM_INFO ./../tb/dut_scoreboard.sv(71) @ 1260051000: uvm_test_top.env.dut_sb [dut_scoreboard] 
# 
# =====[UART TXD] Data comparison =====
# 
# UVM_ERROR ./../tb/dut_scoreboard.sv(76) @ 1260051000: uvm_test_top.env.dut_sb [dut_scoreboard] 
# =====[DATA FRAME: 6] FAILED!!! Expected value is 0xd, Actual data is 0x1e =====
# UVM_INFO ./../tb/dut_scoreboard.sv(82) @ 1260051000: uvm_test_top.env.dut_sb [dut_scoreboard] 
# 
# =====[UART TXD] Parity comparison =====
# 
# UVM_INFO ./../tb/dut_scoreboard.sv(88) @ 1260051000: uvm_test_top.env.dut_sb [dut_scoreboard] 
# =====[PARITY MODE: 10] PASSED SUCCESSFULLY!!! =====
# UVM_INFO ./../vip/uart_vip/uart_monitor.sv(95) @ 1260936000: uvm_test_top.env.uart_agt.monitor [uart_monitor] 
# ===== Baud rate actual is       2401, Baud rate expected is       2400 =====
# UVM_INFO ./../vip/uart_vip/uart_monitor.sv(181) @ 1267183000: uvm_test_top.env.uart_agt.monitor [uart_monitor] Data read from DUT is -------------------------------------------
# Name         Type              Size  Value 
# -------------------------------------------
# trans        uart_transaction  -     @18017
#   direction  direction_e       32    RX    
#   data       integral          9     'hd   
#   parity     integral          1     'h0   
#   stop_bit   integral          2     'h1   
#   baud_rate  integral          32    'h0   
# -------------------------------------------
# 
# UVM_INFO ./../tb/dut_scoreboard.sv(58) @ 1267183000: uvm_test_top.env.dut_sb [SCOREBOARD] 
# ===== Captured data from UART: 0xd
# UVM_INFO ./../testcases/uart_txd_x16_random.sv(35) @ 1270051000: uvm_test_top [uart_txd_x16_random] --------------------------------------------------------------
# Name                Type                Size  Value           
# --------------------------------------------------------------
# cfg                 uart_configuration  -     @360            
#   parity_mode       parity_mode_e       32    UART_PARITY_EVEN
#   sampling          sampling_mode_e     32    MODE_X16        
#   data_width        integral            32    'h6             
#   num_of_stop_bit   integral            32    'h1             
#   baud_rate         integral            32    'h12c0          
#   baud_rate_enable  integral            1     'h1             
#   parity_enable     integral            1     'h0             
# --------------------------------------------------------------
# 
# UVM_INFO ./../regmodel/uart_reg2ahb_adapter.sv(42) @ 1270051000: reporter [uart_reg2ahb_adapter] bus2reg: address = 0x0 data = 0x0 kind = UVM_WRITE status = UVM_IS_OK
# UVM_INFO /ictc/other/tools/QuestaDVA/questasim/verilog_src/uvm-1.2/src/reg/uvm_reg_predictor.svh(221) @ 1270051000: uvm_test_top.env.ahb_predictor [REG_PREDICT] Observed WRITE transaction to register regmodel.MDR: value='h0 : updated value = 'h0
# UVM_INFO ./../regmodel/uart_reg2ahb_adapter.sv(42) @ 1270051000: reporter [uart_reg2ahb_adapter] bus2reg: address = 0x4 data = 0x16 kind = UVM_WRITE status = UVM_IS_OK
# UVM_INFO /ictc/other/tools/QuestaDVA/questasim/verilog_src/uvm-1.2/src/reg/uvm_reg_predictor.svh(221) @ 1270051000: uvm_test_top.env.ahb_predictor [REG_PREDICT] Observed WRITE transaction to register regmodel.DLL: value='h16 : updated value = 'h16
# UVM_INFO ./../regmodel/uart_reg2ahb_adapter.sv(42) @ 1270051000: reporter [uart_reg2ahb_adapter] bus2reg: address = 0x8 data = 0x5 kind = UVM_WRITE status = UVM_IS_OK
# UVM_INFO /ictc/other/tools/QuestaDVA/questasim/verilog_src/uvm-1.2/src/reg/uvm_reg_predictor.svh(221) @ 1270051000: uvm_test_top.env.ahb_predictor [REG_PREDICT] Observed WRITE transaction to register regmodel.DLH: value='h5 : updated value = 'h5
# UVM_INFO ./../regmodel/uart_reg2ahb_adapter.sv(42) @ 1270051000: reporter [uart_reg2ahb_adapter] bus2reg: address = 0xc data = 0x39 kind = UVM_WRITE status = UVM_IS_OK
# UVM_INFO /ictc/other/tools/QuestaDVA/questasim/verilog_src/uvm-1.2/src/reg/uvm_reg_predictor.svh(221) @ 1270051000: uvm_test_top.env.ahb_predictor [REG_PREDICT] Observed WRITE transaction to register regmodel.LCR: value='h39 : updated value = 'h39
# UVM_INFO ./../regmodel/uart_reg2ahb_adapter.sv(42) @ 1270051000: reporter [uart_reg2ahb_adapter] bus2reg: address = 0x18 data = 0xb296473c kind = UVM_WRITE status = UVM_IS_OK
# UVM_INFO /ictc/other/tools/QuestaDVA/questasim/verilog_src/uvm-1.2/src/reg/uvm_reg_predictor.svh(221) @ 1270051000: uvm_test_top.env.ahb_predictor [REG_PREDICT] Observed WRITE transaction to register regmodel.TBR: value='hb296473c : updated value = 'h3c
# UVM_INFO ./../tb/dut_scoreboard.sv(50) @ 1270051000: uvm_test_top.env.dut_sb [SCOREBOARD] 
# ===== Captured data from AHB: 0xb296473c
# UVM_INFO ./../tb/dut_scoreboard.sv(71) @ 1270051000: uvm_test_top.env.dut_sb [dut_scoreboard] 
# 
# =====[UART TXD] Data comparison =====
# 
# UVM_ERROR ./../tb/dut_scoreboard.sv(76) @ 1270051000: uvm_test_top.env.dut_sb [dut_scoreboard] 
# =====[DATA FRAME: 6] FAILED!!! Expected value is 0x3c, Actual data is 0xc =====
# UVM_INFO ./../tb/dut_scoreboard.sv(82) @ 1270051000: uvm_test_top.env.dut_sb [dut_scoreboard] 
# 
# =====[UART TXD] Parity comparison =====
# 
# UVM_ERROR ./../tb/dut_scoreboard.sv(85) @ 1270051000: uvm_test_top.env.dut_sb [dut_scoreboard] 
# =====[PARITY MODE: 10] FAILED!!! Expected parity is 0, Actual parity is 1 =====
# UVM_INFO ./../vip/uart_vip/uart_monitor.sv(95) @ 1271326000: uvm_test_top.env.uart_agt.monitor [uart_monitor] 
# ===== Baud rate actual is       1600, Baud rate expected is       4800 =====
# UVM_INFO ./../vip/uart_vip/uart_monitor.sv(181) @ 1273620000: uvm_test_top.env.uart_agt.monitor [uart_monitor] Data read from DUT is -------------------------------------------
# Name         Type              Size  Value 
# -------------------------------------------
# trans        uart_transaction  -     @18151
#   direction  direction_e       32    RX    
#   data       integral          9     'h3c  
#   parity     integral          1     'h1   
#   stop_bit   integral          2     'h1   
#   baud_rate  integral          32    'h0   
# -------------------------------------------
# 
# UVM_INFO ./../tb/dut_scoreboard.sv(58) @ 1273620000: uvm_test_top.env.dut_sb [SCOREBOARD] 
# ===== Captured data from UART: 0x3c
# UVM_INFO ./../testcases/uart_txd_x16_random.sv(35) @ 1280051000: uvm_test_top [uart_txd_x16_random] --------------------------------------------------------------
# Name                Type                Size  Value           
# --------------------------------------------------------------
# cfg                 uart_configuration  -     @360            
#   parity_mode       parity_mode_e       32    UART_PARITY_EVEN
#   sampling          sampling_mode_e     32    MODE_X16        
#   data_width        integral            32    'h6             
#   num_of_stop_bit   integral            32    'h1             
#   baud_rate         integral            32    'h2580          
#   baud_rate_enable  integral            1     'h1             
#   parity_enable     integral            1     'h0             
# --------------------------------------------------------------
# 
# UVM_INFO ./../regmodel/uart_reg2ahb_adapter.sv(42) @ 1280051000: reporter [uart_reg2ahb_adapter] bus2reg: address = 0x0 data = 0x0 kind = UVM_WRITE status = UVM_IS_OK
# UVM_INFO /ictc/other/tools/QuestaDVA/questasim/verilog_src/uvm-1.2/src/reg/uvm_reg_predictor.svh(221) @ 1280051000: uvm_test_top.env.ahb_predictor [REG_PREDICT] Observed WRITE transaction to register regmodel.MDR: value='h0 : updated value = 'h0
# UVM_INFO ./../regmodel/uart_reg2ahb_adapter.sv(42) @ 1280051000: reporter [uart_reg2ahb_adapter] bus2reg: address = 0x4 data = 0x16 kind = UVM_WRITE status = UVM_IS_OK
# UVM_INFO /ictc/other/tools/QuestaDVA/questasim/verilog_src/uvm-1.2/src/reg/uvm_reg_predictor.svh(221) @ 1280051000: uvm_test_top.env.ahb_predictor [REG_PREDICT] Observed WRITE transaction to register regmodel.DLL: value='h16 : updated value = 'h16
# UVM_INFO ./../regmodel/uart_reg2ahb_adapter.sv(42) @ 1280052000: reporter [uart_reg2ahb_adapter] bus2reg: address = 0x8 data = 0x5 kind = UVM_WRITE status = UVM_IS_OK
# UVM_INFO /ictc/other/tools/QuestaDVA/questasim/verilog_src/uvm-1.2/src/reg/uvm_reg_predictor.svh(221) @ 1280052000: uvm_test_top.env.ahb_predictor [REG_PREDICT] Observed WRITE transaction to register regmodel.DLH: value='h5 : updated value = 'h5
# UVM_INFO ./../regmodel/uart_reg2ahb_adapter.sv(42) @ 1280052000: reporter [uart_reg2ahb_adapter] bus2reg: address = 0xc data = 0x39 kind = UVM_WRITE status = UVM_IS_OK
# UVM_INFO /ictc/other/tools/QuestaDVA/questasim/verilog_src/uvm-1.2/src/reg/uvm_reg_predictor.svh(221) @ 1280052000: uvm_test_top.env.ahb_predictor [REG_PREDICT] Observed WRITE transaction to register regmodel.LCR: value='h39 : updated value = 'h39
# UVM_INFO ./../regmodel/uart_reg2ahb_adapter.sv(42) @ 1280052000: reporter [uart_reg2ahb_adapter] bus2reg: address = 0x18 data = 0x7dbb60bf kind = UVM_WRITE status = UVM_IS_OK
# UVM_INFO /ictc/other/tools/QuestaDVA/questasim/verilog_src/uvm-1.2/src/reg/uvm_reg_predictor.svh(221) @ 1280052000: uvm_test_top.env.ahb_predictor [REG_PREDICT] Observed WRITE transaction to register regmodel.TBR: value='h7dbb60bf : updated value = 'hbf
# UVM_INFO ./../tb/dut_scoreboard.sv(50) @ 1280052000: uvm_test_top.env.dut_sb [SCOREBOARD] 
# ===== Captured data from AHB: 0x7dbb60bf
# UVM_INFO ./../tb/dut_scoreboard.sv(71) @ 1280052000: uvm_test_top.env.dut_sb [dut_scoreboard] 
# 
# =====[UART TXD] Data comparison =====
# 
# UVM_ERROR ./../tb/dut_scoreboard.sv(76) @ 1280052000: uvm_test_top.env.dut_sb [dut_scoreboard] 
# =====[DATA FRAME: 6] FAILED!!! Expected value is 0x3f, Actual data is 0x16 =====
# UVM_INFO ./../tb/dut_scoreboard.sv(82) @ 1280052000: uvm_test_top.env.dut_sb [dut_scoreboard] 
# 
# =====[UART TXD] Parity comparison =====
# 
# UVM_INFO ./../tb/dut_scoreboard.sv(88) @ 1280052000: uvm_test_top.env.dut_sb [dut_scoreboard] 
# =====[PARITY MODE: 10] PASSED SUCCESSFULLY!!! =====
# UVM_INFO ./../vip/uart_vip/uart_monitor.sv(95) @ 1280492000: uvm_test_top.env.uart_agt.monitor [uart_monitor] 
# ===== Baud rate actual is       4796, Baud rate expected is       9600 =====
# UVM_INFO ./../vip/uart_vip/uart_monitor.sv(181) @ 1281843000: uvm_test_top.env.uart_agt.monitor [uart_monitor] Data read from DUT is -------------------------------------------
# Name         Type              Size  Value 
# -------------------------------------------
# trans        uart_transaction  -     @18285
#   direction  direction_e       32    RX    
#   data       integral          9     'h3e  
#   parity     integral          1     'h1   
#   stop_bit   integral          2     'h1   
#   baud_rate  integral          32    'h0   
# -------------------------------------------
# 
# UVM_INFO ./../tb/dut_scoreboard.sv(58) @ 1281843000: uvm_test_top.env.dut_sb [SCOREBOARD] 
# ===== Captured data from UART: 0x3e
# UVM_INFO ./../vip/uart_vip/uart_monitor.sv(181) @ 1284760000: uvm_test_top.env.uart_agt.monitor [uart_monitor] Data read from DUT is -------------------------------------------
# Name         Type              Size  Value 
# -------------------------------------------
# trans        uart_transaction  -     @18419
#   direction  direction_e       32    RX    
#   data       integral          9     'h3e  
#   parity     integral          1     'h1   
#   stop_bit   integral          2     'h1   
#   baud_rate  integral          32    'h0   
# -------------------------------------------
# 
# UVM_INFO ./../tb/dut_scoreboard.sv(58) @ 1284760000: uvm_test_top.env.dut_sb [SCOREBOARD] 
# ===== Captured data from UART: 0x3e
# UVM_INFO ./../testcases/uart_txd_x16_random.sv(35) @ 1290052000: uvm_test_top [uart_txd_x16_random] --------------------------------------------------------------
# Name                Type                Size  Value           
# --------------------------------------------------------------
# cfg                 uart_configuration  -     @360            
#   parity_mode       parity_mode_e       32    UART_PARITY_EVEN
#   sampling          sampling_mode_e     32    MODE_X16        
#   data_width        integral            32    'h6             
#   num_of_stop_bit   integral            32    'h1             
#   baud_rate         integral            32    'h4b00          
#   baud_rate_enable  integral            1     'h1             
#   parity_enable     integral            1     'h0             
# --------------------------------------------------------------
# 
# UVM_INFO ./../regmodel/uart_reg2ahb_adapter.sv(42) @ 1290052000: reporter [uart_reg2ahb_adapter] bus2reg: address = 0x0 data = 0x0 kind = UVM_WRITE status = UVM_IS_OK
# UVM_INFO /ictc/other/tools/QuestaDVA/questasim/verilog_src/uvm-1.2/src/reg/uvm_reg_predictor.svh(221) @ 1290052000: uvm_test_top.env.ahb_predictor [REG_PREDICT] Observed WRITE transaction to register regmodel.MDR: value='h0 : updated value = 'h0
# UVM_INFO ./../regmodel/uart_reg2ahb_adapter.sv(42) @ 1290052000: reporter [uart_reg2ahb_adapter] bus2reg: address = 0x4 data = 0x45 kind = UVM_WRITE status = UVM_IS_OK
# UVM_INFO /ictc/other/tools/QuestaDVA/questasim/verilog_src/uvm-1.2/src/reg/uvm_reg_predictor.svh(221) @ 1290052000: uvm_test_top.env.ahb_predictor [REG_PREDICT] Observed WRITE transaction to register regmodel.DLL: value='h45 : updated value = 'h45
# UVM_INFO ./../regmodel/uart_reg2ahb_adapter.sv(42) @ 1290052000: reporter [uart_reg2ahb_adapter] bus2reg: address = 0x8 data = 0x1 kind = UVM_WRITE status = UVM_IS_OK
# UVM_INFO /ictc/other/tools/QuestaDVA/questasim/verilog_src/uvm-1.2/src/reg/uvm_reg_predictor.svh(221) @ 1290052000: uvm_test_top.env.ahb_predictor [REG_PREDICT] Observed WRITE transaction to register regmodel.DLH: value='h1 : updated value = 'h1
# UVM_INFO ./../regmodel/uart_reg2ahb_adapter.sv(42) @ 1290052000: reporter [uart_reg2ahb_adapter] bus2reg: address = 0xc data = 0x39 kind = UVM_WRITE status = UVM_IS_OK
# UVM_INFO /ictc/other/tools/QuestaDVA/questasim/verilog_src/uvm-1.2/src/reg/uvm_reg_predictor.svh(221) @ 1290052000: uvm_test_top.env.ahb_predictor [REG_PREDICT] Observed WRITE transaction to register regmodel.LCR: value='h39 : updated value = 'h39
# UVM_INFO ./../regmodel/uart_reg2ahb_adapter.sv(42) @ 1290052000: reporter [uart_reg2ahb_adapter] bus2reg: address = 0x18 data = 0xd68690e6 kind = UVM_WRITE status = UVM_IS_OK
# UVM_INFO /ictc/other/tools/QuestaDVA/questasim/verilog_src/uvm-1.2/src/reg/uvm_reg_predictor.svh(221) @ 1290052000: uvm_test_top.env.ahb_predictor [REG_PREDICT] Observed WRITE transaction to register regmodel.TBR: value='hd68690e6 : updated value = 'he6
# UVM_INFO ./../tb/dut_scoreboard.sv(50) @ 1290052000: uvm_test_top.env.dut_sb [SCOREBOARD] 
# ===== Captured data from AHB: 0xd68690e6
# UVM_INFO ./../tb/dut_scoreboard.sv(71) @ 1290052000: uvm_test_top.env.dut_sb [dut_scoreboard] 
# 
# =====[UART TXD] Data comparison =====
# 
# UVM_ERROR ./../tb/dut_scoreboard.sv(76) @ 1290052000: uvm_test_top.env.dut_sb [dut_scoreboard] 
# =====[DATA FRAME: 6] FAILED!!! Expected value is 0x26, Actual data is 0x19 =====
# UVM_INFO ./../tb/dut_scoreboard.sv(82) @ 1290052000: uvm_test_top.env.dut_sb [dut_scoreboard] 
# 
# =====[UART TXD] Parity comparison =====
# 
# UVM_ERROR ./../tb/dut_scoreboard.sv(85) @ 1290052000: uvm_test_top.env.dut_sb [dut_scoreboard] 
# =====[PARITY MODE: 10] FAILED!!! Expected parity is 1, Actual parity is 0 =====
# UVM_INFO ./../vip/uart_vip/uart_monitor.sv(95) @ 1290263000: uvm_test_top.env.uart_agt.monitor [uart_monitor] 
# ===== Baud rate actual is       9615, Baud rate expected is      19200 =====
# UVM_INFO ./../vip/uart_vip/uart_monitor.sv(181) @ 1290939000: uvm_test_top.env.uart_agt.monitor [uart_monitor] Data read from DUT is -------------------------------------------
# Name         Type              Size  Value 
# -------------------------------------------
# trans        uart_transaction  -     @18427
#   direction  direction_e       32    RX    
#   data       integral          9     'h26  
#   parity     integral          1     'h0   
#   stop_bit   integral          2     'h1   
#   baud_rate  integral          32    'h0   
# -------------------------------------------
# 
# UVM_INFO ./../tb/dut_scoreboard.sv(58) @ 1290939000: uvm_test_top.env.dut_sb [SCOREBOARD] 
# ===== Captured data from UART: 0x26
# UVM_INFO ./../testcases/uart_txd_x16_random.sv(35) @ 1300052000: uvm_test_top [uart_txd_x16_random] --------------------------------------------------------------
# Name                Type                Size  Value           
# --------------------------------------------------------------
# cfg                 uart_configuration  -     @360            
#   parity_mode       parity_mode_e       32    UART_PARITY_EVEN
#   sampling          sampling_mode_e     32    MODE_X16        
#   data_width        integral            32    'h6             
#   num_of_stop_bit   integral            32    'h1             
#   baud_rate         integral            32    'h9600          
#   baud_rate_enable  integral            1     'h1             
#   parity_enable     integral            1     'h0             
# --------------------------------------------------------------
# 
# UVM_INFO ./../regmodel/uart_reg2ahb_adapter.sv(42) @ 1300052000: reporter [uart_reg2ahb_adapter] bus2reg: address = 0x0 data = 0x0 kind = UVM_WRITE status = UVM_IS_OK
# UVM_INFO /ictc/other/tools/QuestaDVA/questasim/verilog_src/uvm-1.2/src/reg/uvm_reg_predictor.svh(221) @ 1300052000: uvm_test_top.env.ahb_predictor [REG_PREDICT] Observed WRITE transaction to register regmodel.MDR: value='h0 : updated value = 'h0
# UVM_INFO ./../regmodel/uart_reg2ahb_adapter.sv(42) @ 1300052000: reporter [uart_reg2ahb_adapter] bus2reg: address = 0x4 data = 0xa4 kind = UVM_WRITE status = UVM_IS_OK
# UVM_INFO /ictc/other/tools/QuestaDVA/questasim/verilog_src/uvm-1.2/src/reg/uvm_reg_predictor.svh(221) @ 1300052000: uvm_test_top.env.ahb_predictor [REG_PREDICT] Observed WRITE transaction to register regmodel.DLL: value='ha4 : updated value = 'ha4
# UVM_INFO ./../regmodel/uart_reg2ahb_adapter.sv(42) @ 1300052000: reporter [uart_reg2ahb_adapter] bus2reg: address = 0x8 data = 0x0 kind = UVM_WRITE status = UVM_IS_OK
# UVM_INFO /ictc/other/tools/QuestaDVA/questasim/verilog_src/uvm-1.2/src/reg/uvm_reg_predictor.svh(221) @ 1300052000: uvm_test_top.env.ahb_predictor [REG_PREDICT] Observed WRITE transaction to register regmodel.DLH: value='h0 : updated value = 'h0
# UVM_INFO ./../regmodel/uart_reg2ahb_adapter.sv(42) @ 1300052000: reporter [uart_reg2ahb_adapter] bus2reg: address = 0xc data = 0x39 kind = UVM_WRITE status = UVM_IS_OK
# UVM_INFO /ictc/other/tools/QuestaDVA/questasim/verilog_src/uvm-1.2/src/reg/uvm_reg_predictor.svh(221) @ 1300052000: uvm_test_top.env.ahb_predictor [REG_PREDICT] Observed WRITE transaction to register regmodel.LCR: value='h39 : updated value = 'h39
# UVM_INFO ./../regmodel/uart_reg2ahb_adapter.sv(42) @ 1300053000: reporter [uart_reg2ahb_adapter] bus2reg: address = 0x18 data = 0x553eea58 kind = UVM_WRITE status = UVM_IS_OK
# UVM_INFO /ictc/other/tools/QuestaDVA/questasim/verilog_src/uvm-1.2/src/reg/uvm_reg_predictor.svh(221) @ 1300053000: uvm_test_top.env.ahb_predictor [REG_PREDICT] Observed WRITE transaction to register regmodel.TBR: value='h553eea58 : updated value = 'h58
# UVM_INFO ./../tb/dut_scoreboard.sv(50) @ 1300053000: uvm_test_top.env.dut_sb [SCOREBOARD] 
# ===== Captured data from AHB: 0x553eea58
# UVM_INFO ./../tb/dut_scoreboard.sv(71) @ 1300053000: uvm_test_top.env.dut_sb [dut_scoreboard] 
# 
# =====[UART TXD] Data comparison =====
# 
# UVM_ERROR ./../tb/dut_scoreboard.sv(76) @ 1300053000: uvm_test_top.env.dut_sb [dut_scoreboard] 
# =====[DATA FRAME: 6] FAILED!!! Expected value is 0x18, Actual data is 0x12 =====
# UVM_INFO ./../tb/dut_scoreboard.sv(82) @ 1300053000: uvm_test_top.env.dut_sb [dut_scoreboard] 
# 
# =====[UART TXD] Parity comparison =====
# 
# UVM_INFO ./../tb/dut_scoreboard.sv(88) @ 1300053000: uvm_test_top.env.dut_sb [dut_scoreboard] 
# =====[PARITY MODE: 10] PASSED SUCCESSFULLY!!! =====
# UVM_INFO ./../vip/uart_vip/uart_monitor.sv(95) @ 1300265000: uvm_test_top.env.uart_agt.monitor [uart_monitor] 
# ===== Baud rate actual is       9524, Baud rate expected is      38400 =====
# UVM_INFO ./../vip/uart_vip/uart_monitor.sv(181) @ 1300497000: uvm_test_top.env.uart_agt.monitor [uart_monitor] Data read from DUT is -------------------------------------------
# Name         Type              Size  Value 
# -------------------------------------------
# trans        uart_transaction  -     @18561
#   direction  direction_e       32    RX    
#   data       integral          9     'h18  
#   parity     integral          1     'h0   
#   stop_bit   integral          2     'h1   
#   baud_rate  integral          32    'h0   
# -------------------------------------------
# 
# UVM_INFO ./../tb/dut_scoreboard.sv(58) @ 1300497000: uvm_test_top.env.dut_sb [SCOREBOARD] 
# ===== Captured data from UART: 0x18
# UVM_INFO ./../testcases/uart_txd_x16_random.sv(35) @ 1310053000: uvm_test_top [uart_txd_x16_random] --------------------------------------------------------------
# Name                Type                Size  Value           
# --------------------------------------------------------------
# cfg                 uart_configuration  -     @360            
#   parity_mode       parity_mode_e       32    UART_PARITY_EVEN
#   sampling          sampling_mode_e     32    MODE_X16        
#   data_width        integral            32    'h6             
#   num_of_stop_bit   integral            32    'h1             
#   baud_rate         integral            32    'h12c00         
#   baud_rate_enable  integral            1     'h1             
#   parity_enable     integral            1     'h0             
# --------------------------------------------------------------
# 
# UVM_INFO ./../regmodel/uart_reg2ahb_adapter.sv(42) @ 1310053000: reporter [uart_reg2ahb_adapter] bus2reg: address = 0x0 data = 0x0 kind = UVM_WRITE status = UVM_IS_OK
# UVM_INFO /ictc/other/tools/QuestaDVA/questasim/verilog_src/uvm-1.2/src/reg/uvm_reg_predictor.svh(221) @ 1310053000: uvm_test_top.env.ahb_predictor [REG_PREDICT] Observed WRITE transaction to register regmodel.MDR: value='h0 : updated value = 'h0
# UVM_INFO ./../regmodel/uart_reg2ahb_adapter.sv(42) @ 1310053000: reporter [uart_reg2ahb_adapter] bus2reg: address = 0x4 data = 0x51 kind = UVM_WRITE status = UVM_IS_OK
# UVM_INFO /ictc/other/tools/QuestaDVA/questasim/verilog_src/uvm-1.2/src/reg/uvm_reg_predictor.svh(221) @ 1310053000: uvm_test_top.env.ahb_predictor [REG_PREDICT] Observed WRITE transaction to register regmodel.DLL: value='h51 : updated value = 'h51
# UVM_INFO ./../regmodel/uart_reg2ahb_adapter.sv(42) @ 1310053000: reporter [uart_reg2ahb_adapter] bus2reg: address = 0x8 data = 0x0 kind = UVM_WRITE status = UVM_IS_OK
# UVM_INFO /ictc/other/tools/QuestaDVA/questasim/verilog_src/uvm-1.2/src/reg/uvm_reg_predictor.svh(221) @ 1310053000: uvm_test_top.env.ahb_predictor [REG_PREDICT] Observed WRITE transaction to register regmodel.DLH: value='h0 : updated value = 'h0
# UVM_INFO ./../regmodel/uart_reg2ahb_adapter.sv(42) @ 1310053000: reporter [uart_reg2ahb_adapter] bus2reg: address = 0xc data = 0x39 kind = UVM_WRITE status = UVM_IS_OK
# UVM_INFO /ictc/other/tools/QuestaDVA/questasim/verilog_src/uvm-1.2/src/reg/uvm_reg_predictor.svh(221) @ 1310053000: uvm_test_top.env.ahb_predictor [REG_PREDICT] Observed WRITE transaction to register regmodel.LCR: value='h39 : updated value = 'h39
# UVM_INFO ./../regmodel/uart_reg2ahb_adapter.sv(42) @ 1310053000: reporter [uart_reg2ahb_adapter] bus2reg: address = 0x18 data = 0x6386646c kind = UVM_WRITE status = UVM_IS_OK
# UVM_INFO /ictc/other/tools/QuestaDVA/questasim/verilog_src/uvm-1.2/src/reg/uvm_reg_predictor.svh(221) @ 1310053000: uvm_test_top.env.ahb_predictor [REG_PREDICT] Observed WRITE transaction to register regmodel.TBR: value='h6386646c : updated value = 'h6c
# UVM_INFO ./../tb/dut_scoreboard.sv(50) @ 1310053000: uvm_test_top.env.dut_sb [SCOREBOARD] 
# ===== Captured data from AHB: 0x6386646c
# UVM_INFO ./../tb/dut_scoreboard.sv(71) @ 1310053000: uvm_test_top.env.dut_sb [dut_scoreboard] 
# 
# =====[UART TXD] Data comparison =====
# 
# UVM_ERROR ./../tb/dut_scoreboard.sv(76) @ 1310053000: uvm_test_top.env.dut_sb [dut_scoreboard] 
# =====[DATA FRAME: 6] FAILED!!! Expected value is 0x2c, Actual data is 0xd =====
# UVM_INFO ./../tb/dut_scoreboard.sv(82) @ 1310053000: uvm_test_top.env.dut_sb [dut_scoreboard] 
# 
# =====[UART TXD] Parity comparison =====
# 
# UVM_INFO ./../tb/dut_scoreboard.sv(88) @ 1310053000: uvm_test_top.env.dut_sb [dut_scoreboard] 
# =====[PARITY MODE: 10] PASSED SUCCESSFULLY!!! =====
# UVM_INFO ./../vip/uart_vip/uart_monitor.sv(95) @ 1310132000: uvm_test_top.env.uart_agt.monitor [uart_monitor] 
# ===== Baud rate actual is      25641, Baud rate expected is      76800 =====
# UVM_INFO ./../vip/uart_vip/uart_monitor.sv(181) @ 1310275000: uvm_test_top.env.uart_agt.monitor [uart_monitor] Data read from DUT is -------------------------------------------
# Name         Type              Size  Value 
# -------------------------------------------
# trans        uart_transaction  -     @18695
#   direction  direction_e       32    RX    
#   data       integral          9     'h2c  
#   parity     integral          1     'h1   
#   stop_bit   integral          2     'h1   
#   baud_rate  integral          32    'h0   
# -------------------------------------------
# 
# UVM_INFO ./../tb/dut_scoreboard.sv(58) @ 1310275000: uvm_test_top.env.dut_sb [SCOREBOARD] 
# ===== Captured data from UART: 0x2c
# UVM_INFO ./../testcases/uart_txd_x16_random.sv(35) @ 1320053000: uvm_test_top [uart_txd_x16_random] --------------------------------------------------------------
# Name                Type                Size  Value           
# --------------------------------------------------------------
# cfg                 uart_configuration  -     @360            
#   parity_mode       parity_mode_e       32    UART_PARITY_EVEN
#   sampling          sampling_mode_e     32    MODE_X16        
#   data_width        integral            32    'h6             
#   num_of_stop_bit   integral            32    'h1             
#   baud_rate         integral            32    'h1c200         
#   baud_rate_enable  integral            1     'h1             
#   parity_enable     integral            1     'h0             
# --------------------------------------------------------------
# 
# UVM_INFO ./../regmodel/uart_reg2ahb_adapter.sv(42) @ 1320053000: reporter [uart_reg2ahb_adapter] bus2reg: address = 0x0 data = 0x0 kind = UVM_WRITE status = UVM_IS_OK
# UVM_INFO /ictc/other/tools/QuestaDVA/questasim/verilog_src/uvm-1.2/src/reg/uvm_reg_predictor.svh(221) @ 1320053000: uvm_test_top.env.ahb_predictor [REG_PREDICT] Observed WRITE transaction to register regmodel.MDR: value='h0 : updated value = 'h0
# UVM_INFO ./../regmodel/uart_reg2ahb_adapter.sv(42) @ 1320053000: reporter [uart_reg2ahb_adapter] bus2reg: address = 0x4 data = 0x36 kind = UVM_WRITE status = UVM_IS_OK
# UVM_INFO /ictc/other/tools/QuestaDVA/questasim/verilog_src/uvm-1.2/src/reg/uvm_reg_predictor.svh(221) @ 1320053000: uvm_test_top.env.ahb_predictor [REG_PREDICT] Observed WRITE transaction to register regmodel.DLL: value='h36 : updated value = 'h36
# UVM_INFO ./../regmodel/uart_reg2ahb_adapter.sv(42) @ 1320053000: reporter [uart_reg2ahb_adapter] bus2reg: address = 0x8 data = 0x0 kind = UVM_WRITE status = UVM_IS_OK
# UVM_INFO /ictc/other/tools/QuestaDVA/questasim/verilog_src/uvm-1.2/src/reg/uvm_reg_predictor.svh(221) @ 1320053000: uvm_test_top.env.ahb_predictor [REG_PREDICT] Observed WRITE transaction to register regmodel.DLH: value='h0 : updated value = 'h0
# UVM_INFO ./../regmodel/uart_reg2ahb_adapter.sv(42) @ 1320053000: reporter [uart_reg2ahb_adapter] bus2reg: address = 0xc data = 0x39 kind = UVM_WRITE status = UVM_IS_OK
# UVM_INFO /ictc/other/tools/QuestaDVA/questasim/verilog_src/uvm-1.2/src/reg/uvm_reg_predictor.svh(221) @ 1320053000: uvm_test_top.env.ahb_predictor [REG_PREDICT] Observed WRITE transaction to register regmodel.LCR: value='h39 : updated value = 'h39
# UVM_INFO ./../regmodel/uart_reg2ahb_adapter.sv(42) @ 1320053000: reporter [uart_reg2ahb_adapter] bus2reg: address = 0x18 data = 0xbb032253 kind = UVM_WRITE status = UVM_IS_OK
# UVM_INFO /ictc/other/tools/QuestaDVA/questasim/verilog_src/uvm-1.2/src/reg/uvm_reg_predictor.svh(221) @ 1320053000: uvm_test_top.env.ahb_predictor [REG_PREDICT] Observed WRITE transaction to register regmodel.TBR: value='hbb032253 : updated value = 'h53
# UVM_INFO ./../tb/dut_scoreboard.sv(50) @ 1320053000: uvm_test_top.env.dut_sb [SCOREBOARD] 
# ===== Captured data from AHB: 0xbb032253
# UVM_INFO ./../tb/dut_scoreboard.sv(71) @ 1320053000: uvm_test_top.env.dut_sb [dut_scoreboard] 
# 
# =====[UART TXD] Data comparison =====
# 
# UVM_ERROR ./../tb/dut_scoreboard.sv(76) @ 1320053000: uvm_test_top.env.dut_sb [dut_scoreboard] 
# =====[DATA FRAME: 6] FAILED!!! Expected value is 0x13, Actual data is 0x1b =====
# UVM_INFO ./../tb/dut_scoreboard.sv(82) @ 1320053000: uvm_test_top.env.dut_sb [dut_scoreboard] 
# 
# =====[UART TXD] Parity comparison =====
# 
# UVM_INFO ./../tb/dut_scoreboard.sv(88) @ 1320053000: uvm_test_top.env.dut_sb [dut_scoreboard] 
# =====[PARITY MODE: 10] PASSED SUCCESSFULLY!!! =====
# UVM_INFO ./../vip/uart_vip/uart_monitor.sv(95) @ 1320071000: uvm_test_top.env.uart_agt.monitor [uart_monitor] 
# ===== Baud rate actual is     117647, Baud rate expected is     115200 =====
# UVM_INFO ./../vip/uart_vip/uart_monitor.sv(181) @ 1320199000: uvm_test_top.env.uart_agt.monitor [uart_monitor] Data read from DUT is -------------------------------------------
# Name         Type              Size  Value 
# -------------------------------------------
# trans        uart_transaction  -     @18829
#   direction  direction_e       32    RX    
#   data       integral          9     'h13  
#   parity     integral          1     'h1   
#   stop_bit   integral          2     'h1   
#   baud_rate  integral          32    'h0   
# -------------------------------------------
# 
# UVM_INFO ./../tb/dut_scoreboard.sv(58) @ 1320199000: uvm_test_top.env.dut_sb [SCOREBOARD] 
# ===== Captured data from UART: 0x13
# UVM_INFO ./../testcases/uart_txd_x16_random.sv(35) @ 1330053000: uvm_test_top [uart_txd_x16_random] --------------------------------------------------------------
# Name                Type                Size  Value           
# --------------------------------------------------------------
# cfg                 uart_configuration  -     @360            
#   parity_mode       parity_mode_e       32    UART_PARITY_EVEN
#   sampling          sampling_mode_e     32    MODE_X16        
#   data_width        integral            32    'h6             
#   num_of_stop_bit   integral            32    'h2             
#   baud_rate         integral            32    'h960           
#   baud_rate_enable  integral            1     'h1             
#   parity_enable     integral            1     'h0             
# --------------------------------------------------------------
# 
# UVM_INFO ./../regmodel/uart_reg2ahb_adapter.sv(42) @ 1330053000: reporter [uart_reg2ahb_adapter] bus2reg: address = 0x0 data = 0x0 kind = UVM_WRITE status = UVM_IS_OK
# UVM_INFO /ictc/other/tools/QuestaDVA/questasim/verilog_src/uvm-1.2/src/reg/uvm_reg_predictor.svh(221) @ 1330053000: uvm_test_top.env.ahb_predictor [REG_PREDICT] Observed WRITE transaction to register regmodel.MDR: value='h0 : updated value = 'h0
# UVM_INFO ./../regmodel/uart_reg2ahb_adapter.sv(42) @ 1330053000: reporter [uart_reg2ahb_adapter] bus2reg: address = 0x4 data = 0x2c kind = UVM_WRITE status = UVM_IS_OK
# UVM_INFO /ictc/other/tools/QuestaDVA/questasim/verilog_src/uvm-1.2/src/reg/uvm_reg_predictor.svh(221) @ 1330053000: uvm_test_top.env.ahb_predictor [REG_PREDICT] Observed WRITE transaction to register regmodel.DLL: value='h2c : updated value = 'h2c
# UVM_INFO ./../regmodel/uart_reg2ahb_adapter.sv(42) @ 1330054000: reporter [uart_reg2ahb_adapter] bus2reg: address = 0x8 data = 0xa kind = UVM_WRITE status = UVM_IS_OK
# UVM_INFO /ictc/other/tools/QuestaDVA/questasim/verilog_src/uvm-1.2/src/reg/uvm_reg_predictor.svh(221) @ 1330054000: uvm_test_top.env.ahb_predictor [REG_PREDICT] Observed WRITE transaction to register regmodel.DLH: value='ha : updated value = 'ha
# UVM_INFO ./../regmodel/uart_reg2ahb_adapter.sv(42) @ 1330054000: reporter [uart_reg2ahb_adapter] bus2reg: address = 0xc data = 0x3d kind = UVM_WRITE status = UVM_IS_OK
# UVM_INFO /ictc/other/tools/QuestaDVA/questasim/verilog_src/uvm-1.2/src/reg/uvm_reg_predictor.svh(221) @ 1330054000: uvm_test_top.env.ahb_predictor [REG_PREDICT] Observed WRITE transaction to register regmodel.LCR: value='h3d : updated value = 'h3d
# UVM_INFO ./../regmodel/uart_reg2ahb_adapter.sv(42) @ 1330054000: reporter [uart_reg2ahb_adapter] bus2reg: address = 0x18 data = 0xb6165dee kind = UVM_WRITE status = UVM_IS_OK
# UVM_INFO /ictc/other/tools/QuestaDVA/questasim/verilog_src/uvm-1.2/src/reg/uvm_reg_predictor.svh(221) @ 1330054000: uvm_test_top.env.ahb_predictor [REG_PREDICT] Observed WRITE transaction to register regmodel.TBR: value='hb6165dee : updated value = 'hee
# UVM_INFO ./../tb/dut_scoreboard.sv(50) @ 1330054000: uvm_test_top.env.dut_sb [SCOREBOARD] 
# ===== Captured data from AHB: 0xb6165dee
# UVM_INFO ./../tb/dut_scoreboard.sv(71) @ 1330054000: uvm_test_top.env.dut_sb [dut_scoreboard] 
# 
# =====[UART TXD] Data comparison =====
# 
# UVM_ERROR ./../tb/dut_scoreboard.sv(76) @ 1330054000: uvm_test_top.env.dut_sb [dut_scoreboard] 
# =====[DATA FRAME: 6] FAILED!!! Expected value is 0x2e, Actual data is 0x18 =====
# UVM_INFO ./../tb/dut_scoreboard.sv(82) @ 1330054000: uvm_test_top.env.dut_sb [dut_scoreboard] 
# 
# =====[UART TXD] Parity comparison =====
# 
# UVM_INFO ./../tb/dut_scoreboard.sv(88) @ 1330054000: uvm_test_top.env.dut_sb [dut_scoreboard] 
# =====[PARITY MODE: 10] PASSED SUCCESSFULLY!!! =====
# UVM_INFO ./../vip/uart_vip/uart_monitor.sv(95) @ 1331772000: uvm_test_top.env.uart_agt.monitor [uart_monitor] 
# ===== Baud rate actual is       1200, Baud rate expected is       2400 =====
# UVM_INFO ./../vip/uart_vip/uart_monitor.sv(181) @ 1338019000: uvm_test_top.env.uart_agt.monitor [uart_monitor] Data read from DUT is -------------------------------------------
# Name         Type              Size  Value 
# -------------------------------------------
# trans        uart_transaction  -     @18963
#   direction  direction_e       32    RX    
#   data       integral          9     'h2e  
#   parity     integral          1     'h1   
#   stop_bit   integral          2     'h1   
#   baud_rate  integral          32    'h0   
# -------------------------------------------
# 
# UVM_INFO ./../tb/dut_scoreboard.sv(58) @ 1338019000: uvm_test_top.env.dut_sb [SCOREBOARD] 
# ===== Captured data from UART: 0x2e
# UVM_INFO ./../testcases/uart_txd_x16_random.sv(35) @ 1340054000: uvm_test_top [uart_txd_x16_random] --------------------------------------------------------------
# Name                Type                Size  Value           
# --------------------------------------------------------------
# cfg                 uart_configuration  -     @360            
#   parity_mode       parity_mode_e       32    UART_PARITY_EVEN
#   sampling          sampling_mode_e     32    MODE_X16        
#   data_width        integral            32    'h6             
#   num_of_stop_bit   integral            32    'h2             
#   baud_rate         integral            32    'h12c0          
#   baud_rate_enable  integral            1     'h1             
#   parity_enable     integral            1     'h0             
# --------------------------------------------------------------
# 
# UVM_INFO ./../regmodel/uart_reg2ahb_adapter.sv(42) @ 1340054000: reporter [uart_reg2ahb_adapter] bus2reg: address = 0x0 data = 0x0 kind = UVM_WRITE status = UVM_IS_OK
# UVM_INFO /ictc/other/tools/QuestaDVA/questasim/verilog_src/uvm-1.2/src/reg/uvm_reg_predictor.svh(221) @ 1340054000: uvm_test_top.env.ahb_predictor [REG_PREDICT] Observed WRITE transaction to register regmodel.MDR: value='h0 : updated value = 'h0
# UVM_INFO ./../regmodel/uart_reg2ahb_adapter.sv(42) @ 1340054000: reporter [uart_reg2ahb_adapter] bus2reg: address = 0x4 data = 0x16 kind = UVM_WRITE status = UVM_IS_OK
# UVM_INFO /ictc/other/tools/QuestaDVA/questasim/verilog_src/uvm-1.2/src/reg/uvm_reg_predictor.svh(221) @ 1340054000: uvm_test_top.env.ahb_predictor [REG_PREDICT] Observed WRITE transaction to register regmodel.DLL: value='h16 : updated value = 'h16
# UVM_INFO ./../regmodel/uart_reg2ahb_adapter.sv(42) @ 1340054000: reporter [uart_reg2ahb_adapter] bus2reg: address = 0x8 data = 0x5 kind = UVM_WRITE status = UVM_IS_OK
# UVM_INFO /ictc/other/tools/QuestaDVA/questasim/verilog_src/uvm-1.2/src/reg/uvm_reg_predictor.svh(221) @ 1340054000: uvm_test_top.env.ahb_predictor [REG_PREDICT] Observed WRITE transaction to register regmodel.DLH: value='h5 : updated value = 'h5
# UVM_INFO ./../regmodel/uart_reg2ahb_adapter.sv(42) @ 1340054000: reporter [uart_reg2ahb_adapter] bus2reg: address = 0xc data = 0x3d kind = UVM_WRITE status = UVM_IS_OK
# UVM_INFO /ictc/other/tools/QuestaDVA/questasim/verilog_src/uvm-1.2/src/reg/uvm_reg_predictor.svh(221) @ 1340054000: uvm_test_top.env.ahb_predictor [REG_PREDICT] Observed WRITE transaction to register regmodel.LCR: value='h3d : updated value = 'h3d
# UVM_INFO ./../regmodel/uart_reg2ahb_adapter.sv(42) @ 1340054000: reporter [uart_reg2ahb_adapter] bus2reg: address = 0x18 data = 0x5c9c7a76 kind = UVM_WRITE status = UVM_IS_OK
# UVM_INFO /ictc/other/tools/QuestaDVA/questasim/verilog_src/uvm-1.2/src/reg/uvm_reg_predictor.svh(221) @ 1340054000: uvm_test_top.env.ahb_predictor [REG_PREDICT] Observed WRITE transaction to register regmodel.TBR: value='h5c9c7a76 : updated value = 'h76
# UVM_INFO ./../tb/dut_scoreboard.sv(50) @ 1340054000: uvm_test_top.env.dut_sb [SCOREBOARD] 
# ===== Captured data from AHB: 0x5c9c7a76
# UVM_INFO ./../tb/dut_scoreboard.sv(71) @ 1340054000: uvm_test_top.env.dut_sb [dut_scoreboard] 
# 
# =====[UART TXD] Data comparison =====
# 
# UVM_ERROR ./../tb/dut_scoreboard.sv(76) @ 1340054000: uvm_test_top.env.dut_sb [dut_scoreboard] 
# =====[DATA FRAME: 6] FAILED!!! Expected value is 0x36, Actual data is 0x1e =====
# UVM_INFO ./../tb/dut_scoreboard.sv(82) @ 1340054000: uvm_test_top.env.dut_sb [dut_scoreboard] 
# 
# =====[UART TXD] Parity comparison =====
# 
# UVM_ERROR ./../tb/dut_scoreboard.sv(85) @ 1340054000: uvm_test_top.env.dut_sb [dut_scoreboard] 
# =====[PARITY MODE: 10] FAILED!!! Expected parity is 0, Actual parity is 1 =====
# UVM_INFO ./../vip/uart_vip/uart_monitor.sv(95) @ 1340912000: uvm_test_top.env.uart_agt.monitor [uart_monitor] 
# ===== Baud rate actual is       2401, Baud rate expected is       4800 =====
# UVM_INFO ./../vip/uart_vip/uart_monitor.sv(181) @ 1344040000: uvm_test_top.env.uart_agt.monitor [uart_monitor] Data read from DUT is -------------------------------------------
# Name         Type              Size  Value 
# -------------------------------------------
# trans        uart_transaction  -     @19097
#   direction  direction_e       32    RX    
#   data       integral          9     'h36  
#   parity     integral          1     'h0   
#   stop_bit   integral          2     'h1   
#   baud_rate  integral          32    'h0   
# -------------------------------------------
# 
# UVM_INFO ./../tb/dut_scoreboard.sv(58) @ 1344040000: uvm_test_top.env.dut_sb [SCOREBOARD] 
# ===== Captured data from UART: 0x36
# UVM_INFO ./../testcases/uart_txd_x16_random.sv(35) @ 1350054000: uvm_test_top [uart_txd_x16_random] --------------------------------------------------------------
# Name                Type                Size  Value           
# --------------------------------------------------------------
# cfg                 uart_configuration  -     @360            
#   parity_mode       parity_mode_e       32    UART_PARITY_EVEN
#   sampling          sampling_mode_e     32    MODE_X16        
#   data_width        integral            32    'h6             
#   num_of_stop_bit   integral            32    'h2             
#   baud_rate         integral            32    'h2580          
#   baud_rate_enable  integral            1     'h1             
#   parity_enable     integral            1     'h0             
# --------------------------------------------------------------
# 
# UVM_INFO ./../regmodel/uart_reg2ahb_adapter.sv(42) @ 1350054000: reporter [uart_reg2ahb_adapter] bus2reg: address = 0x0 data = 0x0 kind = UVM_WRITE status = UVM_IS_OK
# UVM_INFO /ictc/other/tools/QuestaDVA/questasim/verilog_src/uvm-1.2/src/reg/uvm_reg_predictor.svh(221) @ 1350054000: uvm_test_top.env.ahb_predictor [REG_PREDICT] Observed WRITE transaction to register regmodel.MDR: value='h0 : updated value = 'h0
# UVM_INFO ./../regmodel/uart_reg2ahb_adapter.sv(42) @ 1350054000: reporter [uart_reg2ahb_adapter] bus2reg: address = 0x4 data = 0x16 kind = UVM_WRITE status = UVM_IS_OK
# UVM_INFO /ictc/other/tools/QuestaDVA/questasim/verilog_src/uvm-1.2/src/reg/uvm_reg_predictor.svh(221) @ 1350054000: uvm_test_top.env.ahb_predictor [REG_PREDICT] Observed WRITE transaction to register regmodel.DLL: value='h16 : updated value = 'h16
# UVM_INFO ./../regmodel/uart_reg2ahb_adapter.sv(42) @ 1350054000: reporter [uart_reg2ahb_adapter] bus2reg: address = 0x8 data = 0x5 kind = UVM_WRITE status = UVM_IS_OK
# UVM_INFO /ictc/other/tools/QuestaDVA/questasim/verilog_src/uvm-1.2/src/reg/uvm_reg_predictor.svh(221) @ 1350054000: uvm_test_top.env.ahb_predictor [REG_PREDICT] Observed WRITE transaction to register regmodel.DLH: value='h5 : updated value = 'h5
# UVM_INFO ./../regmodel/uart_reg2ahb_adapter.sv(42) @ 1350054000: reporter [uart_reg2ahb_adapter] bus2reg: address = 0xc data = 0x3d kind = UVM_WRITE status = UVM_IS_OK
# UVM_INFO /ictc/other/tools/QuestaDVA/questasim/verilog_src/uvm-1.2/src/reg/uvm_reg_predictor.svh(221) @ 1350054000: uvm_test_top.env.ahb_predictor [REG_PREDICT] Observed WRITE transaction to register regmodel.LCR: value='h3d : updated value = 'h3d
# UVM_INFO ./../regmodel/uart_reg2ahb_adapter.sv(42) @ 1350055000: reporter [uart_reg2ahb_adapter] bus2reg: address = 0x18 data = 0x7c32836f kind = UVM_WRITE status = UVM_IS_OK
# UVM_INFO /ictc/other/tools/QuestaDVA/questasim/verilog_src/uvm-1.2/src/reg/uvm_reg_predictor.svh(221) @ 1350055000: uvm_test_top.env.ahb_predictor [REG_PREDICT] Observed WRITE transaction to register regmodel.TBR: value='h7c32836f : updated value = 'h6f
# UVM_INFO ./../tb/dut_scoreboard.sv(50) @ 1350055000: uvm_test_top.env.dut_sb [SCOREBOARD] 
# ===== Captured data from AHB: 0x7c32836f
# UVM_INFO ./../tb/dut_scoreboard.sv(71) @ 1350055000: uvm_test_top.env.dut_sb [dut_scoreboard] 
# 
# =====[UART TXD] Data comparison =====
# 
# UVM_ERROR ./../tb/dut_scoreboard.sv(76) @ 1350055000: uvm_test_top.env.dut_sb [dut_scoreboard] 
# =====[DATA FRAME: 6] FAILED!!! Expected value is 0x2f, Actual data is 0x1f =====
# UVM_INFO ./../tb/dut_scoreboard.sv(82) @ 1350055000: uvm_test_top.env.dut_sb [dut_scoreboard] 
# 
# =====[UART TXD] Parity comparison =====
# 
# UVM_INFO ./../tb/dut_scoreboard.sv(88) @ 1350055000: uvm_test_top.env.dut_sb [dut_scoreboard] 
# =====[PARITY MODE: 10] PASSED SUCCESSFULLY!!! =====
# UVM_INFO ./../vip/uart_vip/uart_monitor.sv(95) @ 1350495000: uvm_test_top.env.uart_agt.monitor [uart_monitor] 
# ===== Baud rate actual is       4796, Baud rate expected is       9600 =====
# UVM_INFO ./../vip/uart_vip/uart_monitor.sv(181) @ 1352054000: uvm_test_top.env.uart_agt.monitor [uart_monitor] Data read from DUT is -------------------------------------------
# Name         Type              Size  Value 
# -------------------------------------------
# trans        uart_transaction  -     @19231
#   direction  direction_e       32    RX    
#   data       integral          9     'h3e  
#   parity     integral          1     'h1   
#   stop_bit   integral          2     'h1   
#   baud_rate  integral          32    'h0   
# -------------------------------------------
# 
# UVM_INFO ./../tb/dut_scoreboard.sv(58) @ 1352054000: uvm_test_top.env.dut_sb [SCOREBOARD] 
# ===== Captured data from UART: 0x3e
# UVM_INFO ./../vip/uart_vip/uart_monitor.sv(181) @ 1354138000: uvm_test_top.env.uart_agt.monitor [uart_monitor] Data read from DUT is -------------------------------------------
# Name         Type              Size  Value 
# -------------------------------------------
# trans        uart_transaction  -     @19365
#   direction  direction_e       32    RX    
#   data       integral          9     'h3e  
#   parity     integral          1     'h1   
#   stop_bit   integral          2     'h1   
#   baud_rate  integral          32    'h0   
# -------------------------------------------
# 
# UVM_INFO ./../tb/dut_scoreboard.sv(58) @ 1354138000: uvm_test_top.env.dut_sb [SCOREBOARD] 
# ===== Captured data from UART: 0x3e
# UVM_INFO ./../testcases/uart_txd_x16_random.sv(35) @ 1360055000: uvm_test_top [uart_txd_x16_random] --------------------------------------------------------------
# Name                Type                Size  Value           
# --------------------------------------------------------------
# cfg                 uart_configuration  -     @360            
#   parity_mode       parity_mode_e       32    UART_PARITY_EVEN
#   sampling          sampling_mode_e     32    MODE_X16        
#   data_width        integral            32    'h6             
#   num_of_stop_bit   integral            32    'h2             
#   baud_rate         integral            32    'h4b00          
#   baud_rate_enable  integral            1     'h1             
#   parity_enable     integral            1     'h0             
# --------------------------------------------------------------
# 
# UVM_INFO ./../regmodel/uart_reg2ahb_adapter.sv(42) @ 1360055000: reporter [uart_reg2ahb_adapter] bus2reg: address = 0x0 data = 0x0 kind = UVM_WRITE status = UVM_IS_OK
# UVM_INFO /ictc/other/tools/QuestaDVA/questasim/verilog_src/uvm-1.2/src/reg/uvm_reg_predictor.svh(221) @ 1360055000: uvm_test_top.env.ahb_predictor [REG_PREDICT] Observed WRITE transaction to register regmodel.MDR: value='h0 : updated value = 'h0
# UVM_INFO ./../regmodel/uart_reg2ahb_adapter.sv(42) @ 1360055000: reporter [uart_reg2ahb_adapter] bus2reg: address = 0x4 data = 0x45 kind = UVM_WRITE status = UVM_IS_OK
# UVM_INFO /ictc/other/tools/QuestaDVA/questasim/verilog_src/uvm-1.2/src/reg/uvm_reg_predictor.svh(221) @ 1360055000: uvm_test_top.env.ahb_predictor [REG_PREDICT] Observed WRITE transaction to register regmodel.DLL: value='h45 : updated value = 'h45
# UVM_INFO ./../regmodel/uart_reg2ahb_adapter.sv(42) @ 1360055000: reporter [uart_reg2ahb_adapter] bus2reg: address = 0x8 data = 0x1 kind = UVM_WRITE status = UVM_IS_OK
# UVM_INFO /ictc/other/tools/QuestaDVA/questasim/verilog_src/uvm-1.2/src/reg/uvm_reg_predictor.svh(221) @ 1360055000: uvm_test_top.env.ahb_predictor [REG_PREDICT] Observed WRITE transaction to register regmodel.DLH: value='h1 : updated value = 'h1
# UVM_INFO ./../regmodel/uart_reg2ahb_adapter.sv(42) @ 1360055000: reporter [uart_reg2ahb_adapter] bus2reg: address = 0xc data = 0x3d kind = UVM_WRITE status = UVM_IS_OK
# UVM_INFO /ictc/other/tools/QuestaDVA/questasim/verilog_src/uvm-1.2/src/reg/uvm_reg_predictor.svh(221) @ 1360055000: uvm_test_top.env.ahb_predictor [REG_PREDICT] Observed WRITE transaction to register regmodel.LCR: value='h3d : updated value = 'h3d
# UVM_INFO ./../regmodel/uart_reg2ahb_adapter.sv(42) @ 1360055000: reporter [uart_reg2ahb_adapter] bus2reg: address = 0x18 data = 0x8495ea42 kind = UVM_WRITE status = UVM_IS_OK
# UVM_INFO /ictc/other/tools/QuestaDVA/questasim/verilog_src/uvm-1.2/src/reg/uvm_reg_predictor.svh(221) @ 1360055000: uvm_test_top.env.ahb_predictor [REG_PREDICT] Observed WRITE transaction to register regmodel.TBR: value='h8495ea42 : updated value = 'h42
# UVM_INFO ./../tb/dut_scoreboard.sv(50) @ 1360055000: uvm_test_top.env.dut_sb [SCOREBOARD] 
# ===== Captured data from AHB: 0x8495ea42
# UVM_INFO ./../tb/dut_scoreboard.sv(71) @ 1360055000: uvm_test_top.env.dut_sb [dut_scoreboard] 
# 
# =====[UART TXD] Data comparison =====
# 
# UVM_ERROR ./../tb/dut_scoreboard.sv(76) @ 1360055000: uvm_test_top.env.dut_sb [dut_scoreboard] 
# =====[DATA FRAME: 6] FAILED!!! Expected value is 0x2, Actual data is 0x16 =====
# UVM_INFO ./../tb/dut_scoreboard.sv(82) @ 1360055000: uvm_test_top.env.dut_sb [dut_scoreboard] 
# 
# =====[UART TXD] Parity comparison =====
# 
# UVM_ERROR ./../tb/dut_scoreboard.sv(85) @ 1360055000: uvm_test_top.env.dut_sb [dut_scoreboard] 
# =====[PARITY MODE: 10] FAILED!!! Expected parity is 1, Actual parity is 0 =====
# UVM_INFO ./../vip/uart_vip/uart_monitor.sv(95) @ 1360266000: uvm_test_top.env.uart_agt.monitor [uart_monitor] 
# ===== Baud rate actual is       9615, Baud rate expected is      19200 =====
# UVM_INFO ./../vip/uart_vip/uart_monitor.sv(181) @ 1361046000: uvm_test_top.env.uart_agt.monitor [uart_monitor] Data read from DUT is -------------------------------------------
# Name         Type              Size  Value 
# -------------------------------------------
# trans        uart_transaction  -     @19373
#   direction  direction_e       32    RX    
#   data       integral          9     'h2   
#   parity     integral          1     'h1   
#   stop_bit   integral          2     'h1   
#   baud_rate  integral          32    'h0   
# -------------------------------------------
# 
# UVM_INFO ./../tb/dut_scoreboard.sv(58) @ 1361046000: uvm_test_top.env.dut_sb [SCOREBOARD] 
# ===== Captured data from UART: 0x2
# UVM_INFO ./../testcases/uart_txd_x16_random.sv(35) @ 1370055000: uvm_test_top [uart_txd_x16_random] --------------------------------------------------------------
# Name                Type                Size  Value           
# --------------------------------------------------------------
# cfg                 uart_configuration  -     @360            
#   parity_mode       parity_mode_e       32    UART_PARITY_EVEN
#   sampling          sampling_mode_e     32    MODE_X16        
#   data_width        integral            32    'h6             
#   num_of_stop_bit   integral            32    'h2             
#   baud_rate         integral            32    'h9600          
#   baud_rate_enable  integral            1     'h1             
#   parity_enable     integral            1     'h0             
# --------------------------------------------------------------
# 
# UVM_INFO ./../regmodel/uart_reg2ahb_adapter.sv(42) @ 1370055000: reporter [uart_reg2ahb_adapter] bus2reg: address = 0x0 data = 0x0 kind = UVM_WRITE status = UVM_IS_OK
# UVM_INFO /ictc/other/tools/QuestaDVA/questasim/verilog_src/uvm-1.2/src/reg/uvm_reg_predictor.svh(221) @ 1370055000: uvm_test_top.env.ahb_predictor [REG_PREDICT] Observed WRITE transaction to register regmodel.MDR: value='h0 : updated value = 'h0
# UVM_INFO ./../regmodel/uart_reg2ahb_adapter.sv(42) @ 1370055000: reporter [uart_reg2ahb_adapter] bus2reg: address = 0x4 data = 0xa4 kind = UVM_WRITE status = UVM_IS_OK
# UVM_INFO /ictc/other/tools/QuestaDVA/questasim/verilog_src/uvm-1.2/src/reg/uvm_reg_predictor.svh(221) @ 1370055000: uvm_test_top.env.ahb_predictor [REG_PREDICT] Observed WRITE transaction to register regmodel.DLL: value='ha4 : updated value = 'ha4
# UVM_INFO ./../regmodel/uart_reg2ahb_adapter.sv(42) @ 1370055000: reporter [uart_reg2ahb_adapter] bus2reg: address = 0x8 data = 0x0 kind = UVM_WRITE status = UVM_IS_OK
# UVM_INFO /ictc/other/tools/QuestaDVA/questasim/verilog_src/uvm-1.2/src/reg/uvm_reg_predictor.svh(221) @ 1370055000: uvm_test_top.env.ahb_predictor [REG_PREDICT] Observed WRITE transaction to register regmodel.DLH: value='h0 : updated value = 'h0
# UVM_INFO ./../regmodel/uart_reg2ahb_adapter.sv(42) @ 1370055000: reporter [uart_reg2ahb_adapter] bus2reg: address = 0xc data = 0x3d kind = UVM_WRITE status = UVM_IS_OK
# UVM_INFO /ictc/other/tools/QuestaDVA/questasim/verilog_src/uvm-1.2/src/reg/uvm_reg_predictor.svh(221) @ 1370055000: uvm_test_top.env.ahb_predictor [REG_PREDICT] Observed WRITE transaction to register regmodel.LCR: value='h3d : updated value = 'h3d
# UVM_INFO ./../regmodel/uart_reg2ahb_adapter.sv(42) @ 1370055000: reporter [uart_reg2ahb_adapter] bus2reg: address = 0x18 data = 0x64bb9e9d kind = UVM_WRITE status = UVM_IS_OK
# UVM_INFO /ictc/other/tools/QuestaDVA/questasim/verilog_src/uvm-1.2/src/reg/uvm_reg_predictor.svh(221) @ 1370055000: uvm_test_top.env.ahb_predictor [REG_PREDICT] Observed WRITE transaction to register regmodel.TBR: value='h64bb9e9d : updated value = 'h9d
# UVM_INFO ./../tb/dut_scoreboard.sv(50) @ 1370055000: uvm_test_top.env.dut_sb [SCOREBOARD] 
# ===== Captured data from AHB: 0x64bb9e9d
# UVM_INFO ./../tb/dut_scoreboard.sv(71) @ 1370055000: uvm_test_top.env.dut_sb [dut_scoreboard] 
# 
# =====[UART TXD] Data comparison =====
# 
# UVM_ERROR ./../tb/dut_scoreboard.sv(76) @ 1370055000: uvm_test_top.env.dut_sb [dut_scoreboard] 
# =====[DATA FRAME: 6] FAILED!!! Expected value is 0x1d, Actual data is 0x19 =====
# UVM_INFO ./../tb/dut_scoreboard.sv(82) @ 1370055000: uvm_test_top.env.dut_sb [dut_scoreboard] 
# 
# =====[UART TXD] Parity comparison =====
# 
# UVM_ERROR ./../tb/dut_scoreboard.sv(85) @ 1370055000: uvm_test_top.env.dut_sb [dut_scoreboard] 
# =====[PARITY MODE: 10] FAILED!!! Expected parity is 0, Actual parity is 1 =====
# UVM_INFO ./../vip/uart_vip/uart_monitor.sv(95) @ 1371415000: uvm_test_top.env.uart_agt.monitor [uart_monitor] 
# ===== Baud rate actual is      38462, Baud rate expected is      38400 =====
# UVM_INFO ./../vip/uart_vip/uart_monitor.sv(181) @ 1371857000: uvm_test_top.env.uart_agt.monitor [uart_monitor] Data read from DUT is -------------------------------------------
# Name         Type              Size  Value 
# -------------------------------------------
# trans        uart_transaction  -     @19507
#   direction  direction_e       32    RX    
#   data       integral          9     'h1d  
#   parity     integral          1     'h0   
#   stop_bit   integral          2     'h1   
#   baud_rate  integral          32    'h0   
# -------------------------------------------
# 
# UVM_INFO ./../tb/dut_scoreboard.sv(58) @ 1371857000: uvm_test_top.env.dut_sb [SCOREBOARD] 
# ===== Captured data from UART: 0x1d
# UVM_INFO ./../testcases/uart_txd_x16_random.sv(35) @ 1380055000: uvm_test_top [uart_txd_x16_random] --------------------------------------------------------------
# Name                Type                Size  Value           
# --------------------------------------------------------------
# cfg                 uart_configuration  -     @360            
#   parity_mode       parity_mode_e       32    UART_PARITY_EVEN
#   sampling          sampling_mode_e     32    MODE_X16        
#   data_width        integral            32    'h6             
#   num_of_stop_bit   integral            32    'h2             
#   baud_rate         integral            32    'h12c00         
#   baud_rate_enable  integral            1     'h1             
#   parity_enable     integral            1     'h0             
# --------------------------------------------------------------
# 
# UVM_INFO ./../regmodel/uart_reg2ahb_adapter.sv(42) @ 1380055000: reporter [uart_reg2ahb_adapter] bus2reg: address = 0x0 data = 0x0 kind = UVM_WRITE status = UVM_IS_OK
# UVM_INFO /ictc/other/tools/QuestaDVA/questasim/verilog_src/uvm-1.2/src/reg/uvm_reg_predictor.svh(221) @ 1380055000: uvm_test_top.env.ahb_predictor [REG_PREDICT] Observed WRITE transaction to register regmodel.MDR: value='h0 : updated value = 'h0
# UVM_INFO ./../regmodel/uart_reg2ahb_adapter.sv(42) @ 1380055000: reporter [uart_reg2ahb_adapter] bus2reg: address = 0x4 data = 0x51 kind = UVM_WRITE status = UVM_IS_OK
# UVM_INFO /ictc/other/tools/QuestaDVA/questasim/verilog_src/uvm-1.2/src/reg/uvm_reg_predictor.svh(221) @ 1380055000: uvm_test_top.env.ahb_predictor [REG_PREDICT] Observed WRITE transaction to register regmodel.DLL: value='h51 : updated value = 'h51
# UVM_INFO ./../regmodel/uart_reg2ahb_adapter.sv(42) @ 1380056000: reporter [uart_reg2ahb_adapter] bus2reg: address = 0x8 data = 0x0 kind = UVM_WRITE status = UVM_IS_OK
# UVM_INFO /ictc/other/tools/QuestaDVA/questasim/verilog_src/uvm-1.2/src/reg/uvm_reg_predictor.svh(221) @ 1380056000: uvm_test_top.env.ahb_predictor [REG_PREDICT] Observed WRITE transaction to register regmodel.DLH: value='h0 : updated value = 'h0
# UVM_INFO ./../regmodel/uart_reg2ahb_adapter.sv(42) @ 1380056000: reporter [uart_reg2ahb_adapter] bus2reg: address = 0xc data = 0x3d kind = UVM_WRITE status = UVM_IS_OK
# UVM_INFO /ictc/other/tools/QuestaDVA/questasim/verilog_src/uvm-1.2/src/reg/uvm_reg_predictor.svh(221) @ 1380056000: uvm_test_top.env.ahb_predictor [REG_PREDICT] Observed WRITE transaction to register regmodel.LCR: value='h3d : updated value = 'h3d
# UVM_INFO ./../regmodel/uart_reg2ahb_adapter.sv(42) @ 1380056000: reporter [uart_reg2ahb_adapter] bus2reg: address = 0x18 data = 0x77488e91 kind = UVM_WRITE status = UVM_IS_OK
# UVM_INFO /ictc/other/tools/QuestaDVA/questasim/verilog_src/uvm-1.2/src/reg/uvm_reg_predictor.svh(221) @ 1380056000: uvm_test_top.env.ahb_predictor [REG_PREDICT] Observed WRITE transaction to register regmodel.TBR: value='h77488e91 : updated value = 'h91
# UVM_INFO ./../tb/dut_scoreboard.sv(50) @ 1380056000: uvm_test_top.env.dut_sb [SCOREBOARD] 
# ===== Captured data from AHB: 0x77488e91
# UVM_INFO ./../tb/dut_scoreboard.sv(71) @ 1380056000: uvm_test_top.env.dut_sb [dut_scoreboard] 
# 
# =====[UART TXD] Data comparison =====
# 
# UVM_ERROR ./../tb/dut_scoreboard.sv(76) @ 1380056000: uvm_test_top.env.dut_sb [dut_scoreboard] 
# =====[DATA FRAME: 6] FAILED!!! Expected value is 0x11, Actual data is 0x6 =====
# UVM_INFO ./../tb/dut_scoreboard.sv(82) @ 1380056000: uvm_test_top.env.dut_sb [dut_scoreboard] 
# 
# =====[UART TXD] Parity comparison =====
# 
# UVM_ERROR ./../tb/dut_scoreboard.sv(85) @ 1380056000: uvm_test_top.env.dut_sb [dut_scoreboard] 
# =====[PARITY MODE: 10] FAILED!!! Expected parity is 0, Actual parity is 1 =====
# UVM_INFO ./../vip/uart_vip/uart_monitor.sv(95) @ 1380082000: uvm_test_top.env.uart_agt.monitor [uart_monitor] 
# ===== Baud rate actual is      76923, Baud rate expected is      76800 =====
# UVM_INFO ./../vip/uart_vip/uart_monitor.sv(181) @ 1380303000: uvm_test_top.env.uart_agt.monitor [uart_monitor] Data read from DUT is -------------------------------------------
# Name         Type              Size  Value 
# -------------------------------------------
# trans        uart_transaction  -     @19641
#   direction  direction_e       32    RX    
#   data       integral          9     'h11  
#   parity     integral          1     'h0   
#   stop_bit   integral          2     'h1   
#   baud_rate  integral          32    'h0   
# -------------------------------------------
# 
# UVM_INFO ./../tb/dut_scoreboard.sv(58) @ 1380303000: uvm_test_top.env.dut_sb [SCOREBOARD] 
# ===== Captured data from UART: 0x11
# UVM_INFO ./../testcases/uart_txd_x16_random.sv(35) @ 1390056000: uvm_test_top [uart_txd_x16_random] --------------------------------------------------------------
# Name                Type                Size  Value           
# --------------------------------------------------------------
# cfg                 uart_configuration  -     @360            
#   parity_mode       parity_mode_e       32    UART_PARITY_EVEN
#   sampling          sampling_mode_e     32    MODE_X16        
#   data_width        integral            32    'h6             
#   num_of_stop_bit   integral            32    'h2             
#   baud_rate         integral            32    'h1c200         
#   baud_rate_enable  integral            1     'h1             
#   parity_enable     integral            1     'h0             
# --------------------------------------------------------------
# 
# UVM_INFO ./../regmodel/uart_reg2ahb_adapter.sv(42) @ 1390056000: reporter [uart_reg2ahb_adapter] bus2reg: address = 0x0 data = 0x0 kind = UVM_WRITE status = UVM_IS_OK
# UVM_INFO /ictc/other/tools/QuestaDVA/questasim/verilog_src/uvm-1.2/src/reg/uvm_reg_predictor.svh(221) @ 1390056000: uvm_test_top.env.ahb_predictor [REG_PREDICT] Observed WRITE transaction to register regmodel.MDR: value='h0 : updated value = 'h0
# UVM_INFO ./../regmodel/uart_reg2ahb_adapter.sv(42) @ 1390056000: reporter [uart_reg2ahb_adapter] bus2reg: address = 0x4 data = 0x36 kind = UVM_WRITE status = UVM_IS_OK
# UVM_INFO /ictc/other/tools/QuestaDVA/questasim/verilog_src/uvm-1.2/src/reg/uvm_reg_predictor.svh(221) @ 1390056000: uvm_test_top.env.ahb_predictor [REG_PREDICT] Observed WRITE transaction to register regmodel.DLL: value='h36 : updated value = 'h36
# UVM_INFO ./../regmodel/uart_reg2ahb_adapter.sv(42) @ 1390056000: reporter [uart_reg2ahb_adapter] bus2reg: address = 0x8 data = 0x0 kind = UVM_WRITE status = UVM_IS_OK
# UVM_INFO /ictc/other/tools/QuestaDVA/questasim/verilog_src/uvm-1.2/src/reg/uvm_reg_predictor.svh(221) @ 1390056000: uvm_test_top.env.ahb_predictor [REG_PREDICT] Observed WRITE transaction to register regmodel.DLH: value='h0 : updated value = 'h0
# UVM_INFO ./../regmodel/uart_reg2ahb_adapter.sv(42) @ 1390056000: reporter [uart_reg2ahb_adapter] bus2reg: address = 0xc data = 0x3d kind = UVM_WRITE status = UVM_IS_OK
# UVM_INFO /ictc/other/tools/QuestaDVA/questasim/verilog_src/uvm-1.2/src/reg/uvm_reg_predictor.svh(221) @ 1390056000: uvm_test_top.env.ahb_predictor [REG_PREDICT] Observed WRITE transaction to register regmodel.LCR: value='h3d : updated value = 'h3d
# UVM_INFO ./../regmodel/uart_reg2ahb_adapter.sv(42) @ 1390056000: reporter [uart_reg2ahb_adapter] bus2reg: address = 0x18 data = 0x8f76311d kind = UVM_WRITE status = UVM_IS_OK
# UVM_INFO /ictc/other/tools/QuestaDVA/questasim/verilog_src/uvm-1.2/src/reg/uvm_reg_predictor.svh(221) @ 1390056000: uvm_test_top.env.ahb_predictor [REG_PREDICT] Observed WRITE transaction to register regmodel.TBR: value='h8f76311d : updated value = 'h1d
# UVM_INFO ./../tb/dut_scoreboard.sv(50) @ 1390056000: uvm_test_top.env.dut_sb [SCOREBOARD] 
# ===== Captured data from AHB: 0x8f76311d
# UVM_INFO ./../tb/dut_scoreboard.sv(71) @ 1390056000: uvm_test_top.env.dut_sb [dut_scoreboard] 
# 
# =====[UART TXD] Data comparison =====
# 
# UVM_ERROR ./../tb/dut_scoreboard.sv(76) @ 1390056000: uvm_test_top.env.dut_sb [dut_scoreboard] 
# =====[DATA FRAME: 6] FAILED!!! Expected value is 0x1d, Actual data is 0xd =====
# UVM_INFO ./../tb/dut_scoreboard.sv(82) @ 1390056000: uvm_test_top.env.dut_sb [dut_scoreboard] 
# 
# =====[UART TXD] Parity comparison =====
# 
# UVM_INFO ./../tb/dut_scoreboard.sv(88) @ 1390056000: uvm_test_top.env.dut_sb [dut_scoreboard] 
# =====[PARITY MODE: 10] PASSED SUCCESSFULLY!!! =====
# UVM_INFO ./../vip/uart_vip/uart_monitor.sv(95) @ 1390074000: uvm_test_top.env.uart_agt.monitor [uart_monitor] 
# ===== Baud rate actual is     117647, Baud rate expected is     115200 =====
# UVM_INFO ./../vip/uart_vip/uart_monitor.sv(181) @ 1390219000: uvm_test_top.env.uart_agt.monitor [uart_monitor] Data read from DUT is -------------------------------------------
# Name         Type              Size  Value 
# -------------------------------------------
# trans        uart_transaction  -     @19775
#   direction  direction_e       32    RX    
#   data       integral          9     'h1d  
#   parity     integral          1     'h1   
#   stop_bit   integral          2     'h1   
#   baud_rate  integral          32    'h0   
# -------------------------------------------
# 
# UVM_INFO ./../tb/dut_scoreboard.sv(58) @ 1390219000: uvm_test_top.env.dut_sb [SCOREBOARD] 
# ===== Captured data from UART: 0x1d
# UVM_INFO ./../testcases/uart_txd_x16_random.sv(35) @ 1400056000: uvm_test_top [uart_txd_x16_random] --------------------------------------------------------------
# Name                Type                Size  Value           
# --------------------------------------------------------------
# cfg                 uart_configuration  -     @360            
#   parity_mode       parity_mode_e       32    UART_PARITY_EVEN
#   sampling          sampling_mode_e     32    MODE_X16        
#   data_width        integral            32    'h7             
#   num_of_stop_bit   integral            32    'h1             
#   baud_rate         integral            32    'h960           
#   baud_rate_enable  integral            1     'h1             
#   parity_enable     integral            1     'h0             
# --------------------------------------------------------------
# 
# UVM_INFO ./../regmodel/uart_reg2ahb_adapter.sv(42) @ 1400056000: reporter [uart_reg2ahb_adapter] bus2reg: address = 0x0 data = 0x0 kind = UVM_WRITE status = UVM_IS_OK
# UVM_INFO /ictc/other/tools/QuestaDVA/questasim/verilog_src/uvm-1.2/src/reg/uvm_reg_predictor.svh(221) @ 1400056000: uvm_test_top.env.ahb_predictor [REG_PREDICT] Observed WRITE transaction to register regmodel.MDR: value='h0 : updated value = 'h0
# UVM_INFO ./../regmodel/uart_reg2ahb_adapter.sv(42) @ 1400056000: reporter [uart_reg2ahb_adapter] bus2reg: address = 0x4 data = 0x2c kind = UVM_WRITE status = UVM_IS_OK
# UVM_INFO /ictc/other/tools/QuestaDVA/questasim/verilog_src/uvm-1.2/src/reg/uvm_reg_predictor.svh(221) @ 1400056000: uvm_test_top.env.ahb_predictor [REG_PREDICT] Observed WRITE transaction to register regmodel.DLL: value='h2c : updated value = 'h2c
# UVM_INFO ./../regmodel/uart_reg2ahb_adapter.sv(42) @ 1400056000: reporter [uart_reg2ahb_adapter] bus2reg: address = 0x8 data = 0xa kind = UVM_WRITE status = UVM_IS_OK
# UVM_INFO /ictc/other/tools/QuestaDVA/questasim/verilog_src/uvm-1.2/src/reg/uvm_reg_predictor.svh(221) @ 1400056000: uvm_test_top.env.ahb_predictor [REG_PREDICT] Observed WRITE transaction to register regmodel.DLH: value='ha : updated value = 'ha
# UVM_INFO ./../regmodel/uart_reg2ahb_adapter.sv(42) @ 1400056000: reporter [uart_reg2ahb_adapter] bus2reg: address = 0xc data = 0x3a kind = UVM_WRITE status = UVM_IS_OK
# UVM_INFO /ictc/other/tools/QuestaDVA/questasim/verilog_src/uvm-1.2/src/reg/uvm_reg_predictor.svh(221) @ 1400056000: uvm_test_top.env.ahb_predictor [REG_PREDICT] Observed WRITE transaction to register regmodel.LCR: value='h3a : updated value = 'h3a
# UVM_INFO ./../regmodel/uart_reg2ahb_adapter.sv(42) @ 1400057000: reporter [uart_reg2ahb_adapter] bus2reg: address = 0x18 data = 0xa0fcb2ee kind = UVM_WRITE status = UVM_IS_OK
# UVM_INFO /ictc/other/tools/QuestaDVA/questasim/verilog_src/uvm-1.2/src/reg/uvm_reg_predictor.svh(221) @ 1400057000: uvm_test_top.env.ahb_predictor [REG_PREDICT] Observed WRITE transaction to register regmodel.TBR: value='ha0fcb2ee : updated value = 'hee
# UVM_INFO ./../tb/dut_scoreboard.sv(50) @ 1400057000: uvm_test_top.env.dut_sb [SCOREBOARD] 
# ===== Captured data from AHB: 0xa0fcb2ee
# UVM_INFO ./../tb/dut_scoreboard.sv(71) @ 1400057000: uvm_test_top.env.dut_sb [dut_scoreboard] 
# 
# =====[UART TXD] Data comparison =====
# 
# UVM_ERROR ./../tb/dut_scoreboard.sv(76) @ 1400057000: uvm_test_top.env.dut_sb [dut_scoreboard] 
# =====[DATA FRAME: 7] FAILED!!! Expected value is 0x6e, Actual data is 0x3c =====
# UVM_INFO ./../tb/dut_scoreboard.sv(82) @ 1400057000: uvm_test_top.env.dut_sb [dut_scoreboard] 
# 
# =====[UART TXD] Parity comparison =====
# 
# UVM_INFO ./../tb/dut_scoreboard.sv(88) @ 1400057000: uvm_test_top.env.dut_sb [dut_scoreboard] 
# =====[PARITY MODE: 10] PASSED SUCCESSFULLY!!! =====
# UVM_INFO ./../vip/uart_vip/uart_monitor.sv(95) @ 1401774000: uvm_test_top.env.uart_agt.monitor [uart_monitor] 
# ===== Baud rate actual is       1200, Baud rate expected is       2400 =====
# UVM_INFO ./../vip/uart_vip/uart_monitor.sv(181) @ 1408021000: uvm_test_top.env.uart_agt.monitor [uart_monitor] Data read from DUT is -------------------------------------------
# Name         Type              Size  Value 
# -------------------------------------------
# trans        uart_transaction  -     @19909
#   direction  direction_e       32    RX    
#   data       integral          9     'h6e  
#   parity     integral          1     'h1   
#   stop_bit   integral          2     'h1   
#   baud_rate  integral          32    'h0   
# -------------------------------------------
# 
# UVM_INFO ./../tb/dut_scoreboard.sv(58) @ 1408021000: uvm_test_top.env.dut_sb [SCOREBOARD] 
# ===== Captured data from UART: 0x6e
# UVM_INFO ./../testcases/uart_txd_x16_random.sv(35) @ 1410057000: uvm_test_top [uart_txd_x16_random] --------------------------------------------------------------
# Name                Type                Size  Value           
# --------------------------------------------------------------
# cfg                 uart_configuration  -     @360            
#   parity_mode       parity_mode_e       32    UART_PARITY_EVEN
#   sampling          sampling_mode_e     32    MODE_X16        
#   data_width        integral            32    'h7             
#   num_of_stop_bit   integral            32    'h1             
#   baud_rate         integral            32    'h12c0          
#   baud_rate_enable  integral            1     'h1             
#   parity_enable     integral            1     'h0             
# --------------------------------------------------------------
# 
# UVM_INFO ./../regmodel/uart_reg2ahb_adapter.sv(42) @ 1410057000: reporter [uart_reg2ahb_adapter] bus2reg: address = 0x0 data = 0x0 kind = UVM_WRITE status = UVM_IS_OK
# UVM_INFO /ictc/other/tools/QuestaDVA/questasim/verilog_src/uvm-1.2/src/reg/uvm_reg_predictor.svh(221) @ 1410057000: uvm_test_top.env.ahb_predictor [REG_PREDICT] Observed WRITE transaction to register regmodel.MDR: value='h0 : updated value = 'h0
# UVM_INFO ./../regmodel/uart_reg2ahb_adapter.sv(42) @ 1410057000: reporter [uart_reg2ahb_adapter] bus2reg: address = 0x4 data = 0x16 kind = UVM_WRITE status = UVM_IS_OK
# UVM_INFO /ictc/other/tools/QuestaDVA/questasim/verilog_src/uvm-1.2/src/reg/uvm_reg_predictor.svh(221) @ 1410057000: uvm_test_top.env.ahb_predictor [REG_PREDICT] Observed WRITE transaction to register regmodel.DLL: value='h16 : updated value = 'h16
# UVM_INFO ./../regmodel/uart_reg2ahb_adapter.sv(42) @ 1410057000: reporter [uart_reg2ahb_adapter] bus2reg: address = 0x8 data = 0x5 kind = UVM_WRITE status = UVM_IS_OK
# UVM_INFO /ictc/other/tools/QuestaDVA/questasim/verilog_src/uvm-1.2/src/reg/uvm_reg_predictor.svh(221) @ 1410057000: uvm_test_top.env.ahb_predictor [REG_PREDICT] Observed WRITE transaction to register regmodel.DLH: value='h5 : updated value = 'h5
# UVM_INFO ./../regmodel/uart_reg2ahb_adapter.sv(42) @ 1410057000: reporter [uart_reg2ahb_adapter] bus2reg: address = 0xc data = 0x3a kind = UVM_WRITE status = UVM_IS_OK
# UVM_INFO /ictc/other/tools/QuestaDVA/questasim/verilog_src/uvm-1.2/src/reg/uvm_reg_predictor.svh(221) @ 1410057000: uvm_test_top.env.ahb_predictor [REG_PREDICT] Observed WRITE transaction to register regmodel.LCR: value='h3a : updated value = 'h3a
# UVM_INFO ./../regmodel/uart_reg2ahb_adapter.sv(42) @ 1410057000: reporter [uart_reg2ahb_adapter] bus2reg: address = 0x18 data = 0xac5afb57 kind = UVM_WRITE status = UVM_IS_OK
# UVM_INFO /ictc/other/tools/QuestaDVA/questasim/verilog_src/uvm-1.2/src/reg/uvm_reg_predictor.svh(221) @ 1410057000: uvm_test_top.env.ahb_predictor [REG_PREDICT] Observed WRITE transaction to register regmodel.TBR: value='hac5afb57 : updated value = 'h57
# UVM_INFO ./../tb/dut_scoreboard.sv(50) @ 1410057000: uvm_test_top.env.dut_sb [SCOREBOARD] 
# ===== Captured data from AHB: 0xac5afb57
# UVM_INFO ./../tb/dut_scoreboard.sv(71) @ 1410057000: uvm_test_top.env.dut_sb [dut_scoreboard] 
# 
# =====[UART TXD] Data comparison =====
# 
# UVM_ERROR ./../tb/dut_scoreboard.sv(76) @ 1410057000: uvm_test_top.env.dut_sb [dut_scoreboard] 
# =====[DATA FRAME: 7] FAILED!!! Expected value is 0x57, Actual data is 0x3e =====
# UVM_INFO ./../tb/dut_scoreboard.sv(82) @ 1410057000: uvm_test_top.env.dut_sb [dut_scoreboard] 
# 
# =====[UART TXD] Parity comparison =====
# 
# UVM_INFO ./../tb/dut_scoreboard.sv(88) @ 1410057000: uvm_test_top.env.dut_sb [dut_scoreboard] 
# =====[PARITY MODE: 10] PASSED SUCCESSFULLY!!! =====
# UVM_INFO ./../vip/uart_vip/uart_monitor.sv(95) @ 1410498000: uvm_test_top.env.uart_agt.monitor [uart_monitor] 
# ===== Baud rate actual is       4796, Baud rate expected is       4800 =====
# UVM_INFO ./../vip/uart_vip/uart_monitor.sv(181) @ 1414043000: uvm_test_top.env.uart_agt.monitor [uart_monitor] Data read from DUT is -------------------------------------------
# Name         Type              Size  Value 
# -------------------------------------------
# trans        uart_transaction  -     @20043
#   direction  direction_e       32    RX    
#   data       integral          9     'h57  
#   parity     integral          1     'h0   
#   stop_bit   integral          2     'h1   
#   baud_rate  integral          32    'h0   
# -------------------------------------------
# 
# UVM_INFO ./../tb/dut_scoreboard.sv(58) @ 1414043000: uvm_test_top.env.dut_sb [SCOREBOARD] 
# ===== Captured data from UART: 0x57
# UVM_INFO ./../testcases/uart_txd_x16_random.sv(35) @ 1420057000: uvm_test_top [uart_txd_x16_random] --------------------------------------------------------------
# Name                Type                Size  Value           
# --------------------------------------------------------------
# cfg                 uart_configuration  -     @360            
#   parity_mode       parity_mode_e       32    UART_PARITY_EVEN
#   sampling          sampling_mode_e     32    MODE_X16        
#   data_width        integral            32    'h7             
#   num_of_stop_bit   integral            32    'h1             
#   baud_rate         integral            32    'h2580          
#   baud_rate_enable  integral            1     'h1             
#   parity_enable     integral            1     'h0             
# --------------------------------------------------------------
# 
# UVM_INFO ./../regmodel/uart_reg2ahb_adapter.sv(42) @ 1420057000: reporter [uart_reg2ahb_adapter] bus2reg: address = 0x0 data = 0x0 kind = UVM_WRITE status = UVM_IS_OK
# UVM_INFO /ictc/other/tools/QuestaDVA/questasim/verilog_src/uvm-1.2/src/reg/uvm_reg_predictor.svh(221) @ 1420057000: uvm_test_top.env.ahb_predictor [REG_PREDICT] Observed WRITE transaction to register regmodel.MDR: value='h0 : updated value = 'h0
# UVM_INFO ./../regmodel/uart_reg2ahb_adapter.sv(42) @ 1420057000: reporter [uart_reg2ahb_adapter] bus2reg: address = 0x4 data = 0x16 kind = UVM_WRITE status = UVM_IS_OK
# UVM_INFO /ictc/other/tools/QuestaDVA/questasim/verilog_src/uvm-1.2/src/reg/uvm_reg_predictor.svh(221) @ 1420057000: uvm_test_top.env.ahb_predictor [REG_PREDICT] Observed WRITE transaction to register regmodel.DLL: value='h16 : updated value = 'h16
# UVM_INFO ./../regmodel/uart_reg2ahb_adapter.sv(42) @ 1420057000: reporter [uart_reg2ahb_adapter] bus2reg: address = 0x8 data = 0x5 kind = UVM_WRITE status = UVM_IS_OK
# UVM_INFO /ictc/other/tools/QuestaDVA/questasim/verilog_src/uvm-1.2/src/reg/uvm_reg_predictor.svh(221) @ 1420057000: uvm_test_top.env.ahb_predictor [REG_PREDICT] Observed WRITE transaction to register regmodel.DLH: value='h5 : updated value = 'h5
# UVM_INFO ./../regmodel/uart_reg2ahb_adapter.sv(42) @ 1420057000: reporter [uart_reg2ahb_adapter] bus2reg: address = 0xc data = 0x3a kind = UVM_WRITE status = UVM_IS_OK
# UVM_INFO /ictc/other/tools/QuestaDVA/questasim/verilog_src/uvm-1.2/src/reg/uvm_reg_predictor.svh(221) @ 1420057000: uvm_test_top.env.ahb_predictor [REG_PREDICT] Observed WRITE transaction to register regmodel.LCR: value='h3a : updated value = 'h3a
# UVM_INFO ./../regmodel/uart_reg2ahb_adapter.sv(42) @ 1420057000: reporter [uart_reg2ahb_adapter] bus2reg: address = 0x18 data = 0xdce4b7b0 kind = UVM_WRITE status = UVM_IS_OK
# UVM_INFO /ictc/other/tools/QuestaDVA/questasim/verilog_src/uvm-1.2/src/reg/uvm_reg_predictor.svh(221) @ 1420057000: uvm_test_top.env.ahb_predictor [REG_PREDICT] Observed WRITE transaction to register regmodel.TBR: value='hdce4b7b0 : updated value = 'hb0
# UVM_INFO ./../tb/dut_scoreboard.sv(50) @ 1420057000: uvm_test_top.env.dut_sb [SCOREBOARD] 
# ===== Captured data from AHB: 0xdce4b7b0
# UVM_INFO ./../tb/dut_scoreboard.sv(71) @ 1420057000: uvm_test_top.env.dut_sb [dut_scoreboard] 
# 
# =====[UART TXD] Data comparison =====
# 
# UVM_ERROR ./../tb/dut_scoreboard.sv(76) @ 1420057000: uvm_test_top.env.dut_sb [dut_scoreboard] 
# =====[DATA FRAME: 7] FAILED!!! Expected value is 0x30, Actual data is 0x3e =====
# UVM_INFO ./../tb/dut_scoreboard.sv(82) @ 1420057000: uvm_test_top.env.dut_sb [dut_scoreboard] 
# 
# =====[UART TXD] Parity comparison =====
# 
# UVM_ERROR ./../tb/dut_scoreboard.sv(85) @ 1420057000: uvm_test_top.env.dut_sb [dut_scoreboard] 
# =====[PARITY MODE: 10] FAILED!!! Expected parity is 0, Actual parity is 1 =====
# UVM_ERROR ./../vip/uart_vip/uart_monitor.sv(174) @ 1422056000: uvm_test_top.env.uart_agt.monitor [uart_monitor] ===== stop bit error detected =====
# UVM_INFO ./../vip/uart_vip/uart_monitor.sv(181) @ 1422056000: uvm_test_top.env.uart_agt.monitor [uart_monitor] Data read from DUT is -------------------------------------------
# Name         Type              Size  Value 
# -------------------------------------------
# trans        uart_transaction  -     @20177
#   direction  direction_e       32    RX    
#   data       integral          9     'h0   
#   parity     integral          1     'h0   
#   stop_bit   integral          2     'h0   
#   baud_rate  integral          32    'h0   
# -------------------------------------------
# 
# UVM_INFO ./../tb/dut_scoreboard.sv(58) @ 1422056000: uvm_test_top.env.dut_sb [SCOREBOARD] 
# ===== Captured data from UART: 0x0
# UVM_INFO ./../vip/uart_vip/uart_monitor.sv(95) @ 1422164000: uvm_test_top.env.uart_agt.monitor [uart_monitor] 
# ===== Baud rate actual is        960, Baud rate expected is       9600 =====
# UVM_INFO ./../vip/uart_vip/uart_monitor.sv(181) @ 1424973000: uvm_test_top.env.uart_agt.monitor [uart_monitor] Data read from DUT is -------------------------------------------
# Name         Type              Size  Value 
# -------------------------------------------
# trans        uart_transaction  -     @20311
#   direction  direction_e       32    RX    
#   data       integral          9     'h78  
#   parity     integral          1     'h1   
#   stop_bit   integral          2     'h1   
#   baud_rate  integral          32    'h0   
# -------------------------------------------
# 
# UVM_INFO ./../tb/dut_scoreboard.sv(58) @ 1424973000: uvm_test_top.env.dut_sb [SCOREBOARD] 
# ===== Captured data from UART: 0x78
# UVM_INFO ./../testcases/uart_txd_x16_random.sv(35) @ 1430057000: uvm_test_top [uart_txd_x16_random] --------------------------------------------------------------
# Name                Type                Size  Value           
# --------------------------------------------------------------
# cfg                 uart_configuration  -     @360            
#   parity_mode       parity_mode_e       32    UART_PARITY_EVEN
#   sampling          sampling_mode_e     32    MODE_X16        
#   data_width        integral            32    'h7             
#   num_of_stop_bit   integral            32    'h1             
#   baud_rate         integral            32    'h4b00          
#   baud_rate_enable  integral            1     'h1             
#   parity_enable     integral            1     'h0             
# --------------------------------------------------------------
# 
# UVM_INFO ./../regmodel/uart_reg2ahb_adapter.sv(42) @ 1430057000: reporter [uart_reg2ahb_adapter] bus2reg: address = 0x0 data = 0x0 kind = UVM_WRITE status = UVM_IS_OK
# UVM_INFO /ictc/other/tools/QuestaDVA/questasim/verilog_src/uvm-1.2/src/reg/uvm_reg_predictor.svh(221) @ 1430057000: uvm_test_top.env.ahb_predictor [REG_PREDICT] Observed WRITE transaction to register regmodel.MDR: value='h0 : updated value = 'h0
# UVM_INFO ./../regmodel/uart_reg2ahb_adapter.sv(42) @ 1430057000: reporter [uart_reg2ahb_adapter] bus2reg: address = 0x4 data = 0x45 kind = UVM_WRITE status = UVM_IS_OK
# UVM_INFO /ictc/other/tools/QuestaDVA/questasim/verilog_src/uvm-1.2/src/reg/uvm_reg_predictor.svh(221) @ 1430057000: uvm_test_top.env.ahb_predictor [REG_PREDICT] Observed WRITE transaction to register regmodel.DLL: value='h45 : updated value = 'h45
# UVM_INFO ./../regmodel/uart_reg2ahb_adapter.sv(42) @ 1430058000: reporter [uart_reg2ahb_adapter] bus2reg: address = 0x8 data = 0x1 kind = UVM_WRITE status = UVM_IS_OK
# UVM_INFO /ictc/other/tools/QuestaDVA/questasim/verilog_src/uvm-1.2/src/reg/uvm_reg_predictor.svh(221) @ 1430058000: uvm_test_top.env.ahb_predictor [REG_PREDICT] Observed WRITE transaction to register regmodel.DLH: value='h1 : updated value = 'h1
# UVM_INFO ./../regmodel/uart_reg2ahb_adapter.sv(42) @ 1430058000: reporter [uart_reg2ahb_adapter] bus2reg: address = 0xc data = 0x3a kind = UVM_WRITE status = UVM_IS_OK
# UVM_INFO /ictc/other/tools/QuestaDVA/questasim/verilog_src/uvm-1.2/src/reg/uvm_reg_predictor.svh(221) @ 1430058000: uvm_test_top.env.ahb_predictor [REG_PREDICT] Observed WRITE transaction to register regmodel.LCR: value='h3a : updated value = 'h3a
# UVM_INFO ./../regmodel/uart_reg2ahb_adapter.sv(42) @ 1430058000: reporter [uart_reg2ahb_adapter] bus2reg: address = 0x18 data = 0x22d3d7f2 kind = UVM_WRITE status = UVM_IS_OK
# UVM_INFO /ictc/other/tools/QuestaDVA/questasim/verilog_src/uvm-1.2/src/reg/uvm_reg_predictor.svh(221) @ 1430058000: uvm_test_top.env.ahb_predictor [REG_PREDICT] Observed WRITE transaction to register regmodel.TBR: value='h22d3d7f2 : updated value = 'hf2
# UVM_INFO ./../tb/dut_scoreboard.sv(50) @ 1430058000: uvm_test_top.env.dut_sb [SCOREBOARD] 
# ===== Captured data from AHB: 0x22d3d7f2
# UVM_INFO ./../tb/dut_scoreboard.sv(71) @ 1430058000: uvm_test_top.env.dut_sb [dut_scoreboard] 
# 
# =====[UART TXD] Data comparison =====
# 
# UVM_ERROR ./../tb/dut_scoreboard.sv(76) @ 1430058000: uvm_test_top.env.dut_sb [dut_scoreboard] 
# =====[DATA FRAME: 7] FAILED!!! Expected value is 0x72, Actual data is 0x26 =====
# UVM_INFO ./../tb/dut_scoreboard.sv(82) @ 1430058000: uvm_test_top.env.dut_sb [dut_scoreboard] 
# 
# =====[UART TXD] Parity comparison =====
# 
# UVM_INFO ./../tb/dut_scoreboard.sv(88) @ 1430058000: uvm_test_top.env.dut_sb [dut_scoreboard] 
# =====[PARITY MODE: 10] PASSED SUCCESSFULLY!!! =====
# UVM_INFO ./../vip/uart_vip/uart_monitor.sv(95) @ 1430268000: uvm_test_top.env.uart_agt.monitor [uart_monitor] 
# ===== Baud rate actual is       9615, Baud rate expected is      19200 =====
# UVM_INFO ./../vip/uart_vip/uart_monitor.sv(181) @ 1431048000: uvm_test_top.env.uart_agt.monitor [uart_monitor] Data read from DUT is -------------------------------------------
# Name         Type              Size  Value 
# -------------------------------------------
# trans        uart_transaction  -     @20321
#   direction  direction_e       32    RX    
#   data       integral          9     'h72  
#   parity     integral          1     'h0   
#   stop_bit   integral          2     'h1   
#   baud_rate  integral          32    'h0   
# -------------------------------------------
# 
# UVM_INFO ./../tb/dut_scoreboard.sv(58) @ 1431048000: uvm_test_top.env.dut_sb [SCOREBOARD] 
# ===== Captured data from UART: 0x72
# UVM_INFO ./../testcases/uart_txd_x16_random.sv(35) @ 1440058000: uvm_test_top [uart_txd_x16_random] --------------------------------------------------------------
# Name                Type                Size  Value           
# --------------------------------------------------------------
# cfg                 uart_configuration  -     @360            
#   parity_mode       parity_mode_e       32    UART_PARITY_EVEN
#   sampling          sampling_mode_e     32    MODE_X16        
#   data_width        integral            32    'h7             
#   num_of_stop_bit   integral            32    'h1             
#   baud_rate         integral            32    'h9600          
#   baud_rate_enable  integral            1     'h1             
#   parity_enable     integral            1     'h0             
# --------------------------------------------------------------
# 
# UVM_INFO ./../regmodel/uart_reg2ahb_adapter.sv(42) @ 1440058000: reporter [uart_reg2ahb_adapter] bus2reg: address = 0x0 data = 0x0 kind = UVM_WRITE status = UVM_IS_OK
# UVM_INFO /ictc/other/tools/QuestaDVA/questasim/verilog_src/uvm-1.2/src/reg/uvm_reg_predictor.svh(221) @ 1440058000: uvm_test_top.env.ahb_predictor [REG_PREDICT] Observed WRITE transaction to register regmodel.MDR: value='h0 : updated value = 'h0
# UVM_INFO ./../regmodel/uart_reg2ahb_adapter.sv(42) @ 1440058000: reporter [uart_reg2ahb_adapter] bus2reg: address = 0x4 data = 0xa4 kind = UVM_WRITE status = UVM_IS_OK
# UVM_INFO /ictc/other/tools/QuestaDVA/questasim/verilog_src/uvm-1.2/src/reg/uvm_reg_predictor.svh(221) @ 1440058000: uvm_test_top.env.ahb_predictor [REG_PREDICT] Observed WRITE transaction to register regmodel.DLL: value='ha4 : updated value = 'ha4
# UVM_INFO ./../regmodel/uart_reg2ahb_adapter.sv(42) @ 1440058000: reporter [uart_reg2ahb_adapter] bus2reg: address = 0x8 data = 0x0 kind = UVM_WRITE status = UVM_IS_OK
# UVM_INFO /ictc/other/tools/QuestaDVA/questasim/verilog_src/uvm-1.2/src/reg/uvm_reg_predictor.svh(221) @ 1440058000: uvm_test_top.env.ahb_predictor [REG_PREDICT] Observed WRITE transaction to register regmodel.DLH: value='h0 : updated value = 'h0
# UVM_INFO ./../regmodel/uart_reg2ahb_adapter.sv(42) @ 1440058000: reporter [uart_reg2ahb_adapter] bus2reg: address = 0xc data = 0x3a kind = UVM_WRITE status = UVM_IS_OK
# UVM_INFO /ictc/other/tools/QuestaDVA/questasim/verilog_src/uvm-1.2/src/reg/uvm_reg_predictor.svh(221) @ 1440058000: uvm_test_top.env.ahb_predictor [REG_PREDICT] Observed WRITE transaction to register regmodel.LCR: value='h3a : updated value = 'h3a
# UVM_INFO ./../regmodel/uart_reg2ahb_adapter.sv(42) @ 1440058000: reporter [uart_reg2ahb_adapter] bus2reg: address = 0x18 data = 0x70b760f0 kind = UVM_WRITE status = UVM_IS_OK
# UVM_INFO /ictc/other/tools/QuestaDVA/questasim/verilog_src/uvm-1.2/src/reg/uvm_reg_predictor.svh(221) @ 1440058000: uvm_test_top.env.ahb_predictor [REG_PREDICT] Observed WRITE transaction to register regmodel.TBR: value='h70b760f0 : updated value = 'hf0
# UVM_INFO ./../tb/dut_scoreboard.sv(50) @ 1440058000: uvm_test_top.env.dut_sb [SCOREBOARD] 
# ===== Captured data from AHB: 0x70b760f0
# UVM_INFO ./../tb/dut_scoreboard.sv(71) @ 1440058000: uvm_test_top.env.dut_sb [dut_scoreboard] 
# 
# =====[UART TXD] Data comparison =====
# 
# UVM_ERROR ./../tb/dut_scoreboard.sv(76) @ 1440058000: uvm_test_top.env.dut_sb [dut_scoreboard] 
# =====[DATA FRAME: 7] FAILED!!! Expected value is 0x70, Actual data is 0x18 =====
# UVM_INFO ./../tb/dut_scoreboard.sv(82) @ 1440058000: uvm_test_top.env.dut_sb [dut_scoreboard] 
# 
# =====[UART TXD] Parity comparison =====
# 
# UVM_ERROR ./../tb/dut_scoreboard.sv(85) @ 1440058000: uvm_test_top.env.dut_sb [dut_scoreboard] 
# =====[PARITY MODE: 10] FAILED!!! Expected parity is 1, Actual parity is 0 =====
# UVM_INFO ./../vip/uart_vip/uart_monitor.sv(95) @ 1440323000: uvm_test_top.env.uart_agt.monitor [uart_monitor] 
# ===== Baud rate actual is       7634, Baud rate expected is      38400 =====
# UVM_INFO ./../vip/uart_vip/uart_monitor.sv(181) @ 1440555000: uvm_test_top.env.uart_agt.monitor [uart_monitor] Data read from DUT is -------------------------------------------
# Name         Type              Size  Value 
# -------------------------------------------
# trans        uart_transaction  -     @20455
#   direction  direction_e       32    RX    
#   data       integral          9     'h70  
#   parity     integral          1     'h1   
#   stop_bit   integral          2     'h1   
#   baud_rate  integral          32    'h0   
# -------------------------------------------
# 
# UVM_INFO ./../tb/dut_scoreboard.sv(58) @ 1440555000: uvm_test_top.env.dut_sb [SCOREBOARD] 
# ===== Captured data from UART: 0x70
# UVM_INFO ./../testcases/uart_txd_x16_random.sv(35) @ 1450058000: uvm_test_top [uart_txd_x16_random] --------------------------------------------------------------
# Name                Type                Size  Value           
# --------------------------------------------------------------
# cfg                 uart_configuration  -     @360            
#   parity_mode       parity_mode_e       32    UART_PARITY_EVEN
#   sampling          sampling_mode_e     32    MODE_X16        
#   data_width        integral            32    'h7             
#   num_of_stop_bit   integral            32    'h1             
#   baud_rate         integral            32    'h12c00         
#   baud_rate_enable  integral            1     'h1             
#   parity_enable     integral            1     'h0             
# --------------------------------------------------------------
# 
# UVM_INFO ./../regmodel/uart_reg2ahb_adapter.sv(42) @ 1450058000: reporter [uart_reg2ahb_adapter] bus2reg: address = 0x0 data = 0x0 kind = UVM_WRITE status = UVM_IS_OK
# UVM_INFO /ictc/other/tools/QuestaDVA/questasim/verilog_src/uvm-1.2/src/reg/uvm_reg_predictor.svh(221) @ 1450058000: uvm_test_top.env.ahb_predictor [REG_PREDICT] Observed WRITE transaction to register regmodel.MDR: value='h0 : updated value = 'h0
# UVM_INFO ./../regmodel/uart_reg2ahb_adapter.sv(42) @ 1450058000: reporter [uart_reg2ahb_adapter] bus2reg: address = 0x4 data = 0x51 kind = UVM_WRITE status = UVM_IS_OK
# UVM_INFO /ictc/other/tools/QuestaDVA/questasim/verilog_src/uvm-1.2/src/reg/uvm_reg_predictor.svh(221) @ 1450058000: uvm_test_top.env.ahb_predictor [REG_PREDICT] Observed WRITE transaction to register regmodel.DLL: value='h51 : updated value = 'h51
# UVM_INFO ./../regmodel/uart_reg2ahb_adapter.sv(42) @ 1450058000: reporter [uart_reg2ahb_adapter] bus2reg: address = 0x8 data = 0x0 kind = UVM_WRITE status = UVM_IS_OK
# UVM_INFO /ictc/other/tools/QuestaDVA/questasim/verilog_src/uvm-1.2/src/reg/uvm_reg_predictor.svh(221) @ 1450058000: uvm_test_top.env.ahb_predictor [REG_PREDICT] Observed WRITE transaction to register regmodel.DLH: value='h0 : updated value = 'h0
# UVM_INFO ./../regmodel/uart_reg2ahb_adapter.sv(42) @ 1450058000: reporter [uart_reg2ahb_adapter] bus2reg: address = 0xc data = 0x3a kind = UVM_WRITE status = UVM_IS_OK
# UVM_INFO /ictc/other/tools/QuestaDVA/questasim/verilog_src/uvm-1.2/src/reg/uvm_reg_predictor.svh(221) @ 1450058000: uvm_test_top.env.ahb_predictor [REG_PREDICT] Observed WRITE transaction to register regmodel.LCR: value='h3a : updated value = 'h3a
# UVM_INFO ./../regmodel/uart_reg2ahb_adapter.sv(42) @ 1450059000: reporter [uart_reg2ahb_adapter] bus2reg: address = 0x18 data = 0x25ec47bc kind = UVM_WRITE status = UVM_IS_OK
# UVM_INFO /ictc/other/tools/QuestaDVA/questasim/verilog_src/uvm-1.2/src/reg/uvm_reg_predictor.svh(221) @ 1450059000: uvm_test_top.env.ahb_predictor [REG_PREDICT] Observed WRITE transaction to register regmodel.TBR: value='h25ec47bc : updated value = 'hbc
# UVM_INFO ./../tb/dut_scoreboard.sv(50) @ 1450059000: uvm_test_top.env.dut_sb [SCOREBOARD] 
# ===== Captured data from AHB: 0x25ec47bc
# UVM_INFO ./../tb/dut_scoreboard.sv(71) @ 1450059000: uvm_test_top.env.dut_sb [dut_scoreboard] 
# 
# =====[UART TXD] Data comparison =====
# 
# UVM_ERROR ./../tb/dut_scoreboard.sv(76) @ 1450059000: uvm_test_top.env.dut_sb [dut_scoreboard] 
# =====[DATA FRAME: 7] FAILED!!! Expected value is 0x3c, Actual data is 0x2c =====
# UVM_INFO ./../tb/dut_scoreboard.sv(82) @ 1450059000: uvm_test_top.env.dut_sb [dut_scoreboard] 
# 
# =====[UART TXD] Parity comparison =====
# 
# UVM_ERROR ./../tb/dut_scoreboard.sv(85) @ 1450059000: uvm_test_top.env.dut_sb [dut_scoreboard] 
# =====[PARITY MODE: 10] FAILED!!! Expected parity is 0, Actual parity is 1 =====
# UVM_INFO ./../vip/uart_vip/uart_monitor.sv(95) @ 1450137000: uvm_test_top.env.uart_agt.monitor [uart_monitor] 
# ===== Baud rate actual is      25974, Baud rate expected is      76800 =====
# UVM_INFO ./../vip/uart_vip/uart_monitor.sv(181) @ 1450307000: uvm_test_top.env.uart_agt.monitor [uart_monitor] Data read from DUT is -------------------------------------------
# Name         Type              Size  Value 
# -------------------------------------------
# trans        uart_transaction  -     @20589
#   direction  direction_e       32    RX    
#   data       integral          9     'h3c  
#   parity     integral          1     'h0   
#   stop_bit   integral          2     'h1   
#   baud_rate  integral          32    'h0   
# -------------------------------------------
# 
# UVM_INFO ./../tb/dut_scoreboard.sv(58) @ 1450307000: uvm_test_top.env.dut_sb [SCOREBOARD] 
# ===== Captured data from UART: 0x3c
# UVM_INFO ./../testcases/uart_txd_x16_random.sv(35) @ 1460059000: uvm_test_top [uart_txd_x16_random] --------------------------------------------------------------
# Name                Type                Size  Value           
# --------------------------------------------------------------
# cfg                 uart_configuration  -     @360            
#   parity_mode       parity_mode_e       32    UART_PARITY_EVEN
#   sampling          sampling_mode_e     32    MODE_X16        
#   data_width        integral            32    'h7             
#   num_of_stop_bit   integral            32    'h1             
#   baud_rate         integral            32    'h1c200         
#   baud_rate_enable  integral            1     'h1             
#   parity_enable     integral            1     'h0             
# --------------------------------------------------------------
# 
# UVM_INFO ./../regmodel/uart_reg2ahb_adapter.sv(42) @ 1460059000: reporter [uart_reg2ahb_adapter] bus2reg: address = 0x0 data = 0x0 kind = UVM_WRITE status = UVM_IS_OK
# UVM_INFO /ictc/other/tools/QuestaDVA/questasim/verilog_src/uvm-1.2/src/reg/uvm_reg_predictor.svh(221) @ 1460059000: uvm_test_top.env.ahb_predictor [REG_PREDICT] Observed WRITE transaction to register regmodel.MDR: value='h0 : updated value = 'h0
# UVM_INFO ./../regmodel/uart_reg2ahb_adapter.sv(42) @ 1460059000: reporter [uart_reg2ahb_adapter] bus2reg: address = 0x4 data = 0x36 kind = UVM_WRITE status = UVM_IS_OK
# UVM_INFO /ictc/other/tools/QuestaDVA/questasim/verilog_src/uvm-1.2/src/reg/uvm_reg_predictor.svh(221) @ 1460059000: uvm_test_top.env.ahb_predictor [REG_PREDICT] Observed WRITE transaction to register regmodel.DLL: value='h36 : updated value = 'h36
# UVM_INFO ./../regmodel/uart_reg2ahb_adapter.sv(42) @ 1460059000: reporter [uart_reg2ahb_adapter] bus2reg: address = 0x8 data = 0x0 kind = UVM_WRITE status = UVM_IS_OK
# UVM_INFO /ictc/other/tools/QuestaDVA/questasim/verilog_src/uvm-1.2/src/reg/uvm_reg_predictor.svh(221) @ 1460059000: uvm_test_top.env.ahb_predictor [REG_PREDICT] Observed WRITE transaction to register regmodel.DLH: value='h0 : updated value = 'h0
# UVM_INFO ./../regmodel/uart_reg2ahb_adapter.sv(42) @ 1460059000: reporter [uart_reg2ahb_adapter] bus2reg: address = 0xc data = 0x3a kind = UVM_WRITE status = UVM_IS_OK
# UVM_INFO /ictc/other/tools/QuestaDVA/questasim/verilog_src/uvm-1.2/src/reg/uvm_reg_predictor.svh(221) @ 1460059000: uvm_test_top.env.ahb_predictor [REG_PREDICT] Observed WRITE transaction to register regmodel.LCR: value='h3a : updated value = 'h3a
# UVM_INFO ./../regmodel/uart_reg2ahb_adapter.sv(42) @ 1460059000: reporter [uart_reg2ahb_adapter] bus2reg: address = 0x18 data = 0x9adbdfc4 kind = UVM_WRITE status = UVM_IS_OK
# UVM_INFO /ictc/other/tools/QuestaDVA/questasim/verilog_src/uvm-1.2/src/reg/uvm_reg_predictor.svh(221) @ 1460059000: uvm_test_top.env.ahb_predictor [REG_PREDICT] Observed WRITE transaction to register regmodel.TBR: value='h9adbdfc4 : updated value = 'hc4
# UVM_INFO ./../tb/dut_scoreboard.sv(50) @ 1460059000: uvm_test_top.env.dut_sb [SCOREBOARD] 
# ===== Captured data from AHB: 0x9adbdfc4
# UVM_INFO ./../tb/dut_scoreboard.sv(71) @ 1460059000: uvm_test_top.env.dut_sb [dut_scoreboard] 
# 
# =====[UART TXD] Data comparison =====
# 
# UVM_ERROR ./../tb/dut_scoreboard.sv(76) @ 1460059000: uvm_test_top.env.dut_sb [dut_scoreboard] 
# =====[DATA FRAME: 7] FAILED!!! Expected value is 0x44, Actual data is 0x13 =====
# UVM_INFO ./../tb/dut_scoreboard.sv(82) @ 1460059000: uvm_test_top.env.dut_sb [dut_scoreboard] 
# 
# =====[UART TXD] Parity comparison =====
# 
# UVM_ERROR ./../tb/dut_scoreboard.sv(85) @ 1460059000: uvm_test_top.env.dut_sb [dut_scoreboard] 
# =====[PARITY MODE: 10] FAILED!!! Expected parity is 0, Actual parity is 1 =====
# UVM_INFO ./../vip/uart_vip/uart_monitor.sv(95) @ 1460111000: uvm_test_top.env.uart_agt.monitor [uart_monitor] 
# ===== Baud rate actual is      38462, Baud rate expected is     115200 =====
# UVM_INFO ./../vip/uart_vip/uart_monitor.sv(181) @ 1460221000: uvm_test_top.env.uart_agt.monitor [uart_monitor] Data read from DUT is -------------------------------------------
# Name         Type              Size  Value 
# -------------------------------------------
# trans        uart_transaction  -     @20723
#   direction  direction_e       32    RX    
#   data       integral          9     'h44  
#   parity     integral          1     'h0   
#   stop_bit   integral          2     'h1   
#   baud_rate  integral          32    'h0   
# -------------------------------------------
# 
# UVM_INFO ./../tb/dut_scoreboard.sv(58) @ 1460221000: uvm_test_top.env.dut_sb [SCOREBOARD] 
# ===== Captured data from UART: 0x44
# UVM_INFO ./../testcases/uart_txd_x16_random.sv(35) @ 1470059000: uvm_test_top [uart_txd_x16_random] --------------------------------------------------------------
# Name                Type                Size  Value           
# --------------------------------------------------------------
# cfg                 uart_configuration  -     @360            
#   parity_mode       parity_mode_e       32    UART_PARITY_EVEN
#   sampling          sampling_mode_e     32    MODE_X16        
#   data_width        integral            32    'h7             
#   num_of_stop_bit   integral            32    'h2             
#   baud_rate         integral            32    'h960           
#   baud_rate_enable  integral            1     'h1             
#   parity_enable     integral            1     'h0             
# --------------------------------------------------------------
# 
# UVM_INFO ./../regmodel/uart_reg2ahb_adapter.sv(42) @ 1470059000: reporter [uart_reg2ahb_adapter] bus2reg: address = 0x0 data = 0x0 kind = UVM_WRITE status = UVM_IS_OK
# UVM_INFO /ictc/other/tools/QuestaDVA/questasim/verilog_src/uvm-1.2/src/reg/uvm_reg_predictor.svh(221) @ 1470059000: uvm_test_top.env.ahb_predictor [REG_PREDICT] Observed WRITE transaction to register regmodel.MDR: value='h0 : updated value = 'h0
# UVM_INFO ./../regmodel/uart_reg2ahb_adapter.sv(42) @ 1470059000: reporter [uart_reg2ahb_adapter] bus2reg: address = 0x4 data = 0x2c kind = UVM_WRITE status = UVM_IS_OK
# UVM_INFO /ictc/other/tools/QuestaDVA/questasim/verilog_src/uvm-1.2/src/reg/uvm_reg_predictor.svh(221) @ 1470059000: uvm_test_top.env.ahb_predictor [REG_PREDICT] Observed WRITE transaction to register regmodel.DLL: value='h2c : updated value = 'h2c
# UVM_INFO ./../regmodel/uart_reg2ahb_adapter.sv(42) @ 1470059000: reporter [uart_reg2ahb_adapter] bus2reg: address = 0x8 data = 0xa kind = UVM_WRITE status = UVM_IS_OK
# UVM_INFO /ictc/other/tools/QuestaDVA/questasim/verilog_src/uvm-1.2/src/reg/uvm_reg_predictor.svh(221) @ 1470059000: uvm_test_top.env.ahb_predictor [REG_PREDICT] Observed WRITE transaction to register regmodel.DLH: value='ha : updated value = 'ha
# UVM_INFO ./../regmodel/uart_reg2ahb_adapter.sv(42) @ 1470059000: reporter [uart_reg2ahb_adapter] bus2reg: address = 0xc data = 0x3e kind = UVM_WRITE status = UVM_IS_OK
# UVM_INFO /ictc/other/tools/QuestaDVA/questasim/verilog_src/uvm-1.2/src/reg/uvm_reg_predictor.svh(221) @ 1470059000: uvm_test_top.env.ahb_predictor [REG_PREDICT] Observed WRITE transaction to register regmodel.LCR: value='h3e : updated value = 'h3e
# UVM_INFO ./../regmodel/uart_reg2ahb_adapter.sv(42) @ 1470059000: reporter [uart_reg2ahb_adapter] bus2reg: address = 0x18 data = 0x17929363 kind = UVM_WRITE status = UVM_IS_OK
# UVM_INFO /ictc/other/tools/QuestaDVA/questasim/verilog_src/uvm-1.2/src/reg/uvm_reg_predictor.svh(221) @ 1470059000: uvm_test_top.env.ahb_predictor [REG_PREDICT] Observed WRITE transaction to register regmodel.TBR: value='h17929363 : updated value = 'h63
# UVM_INFO ./../tb/dut_scoreboard.sv(50) @ 1470059000: uvm_test_top.env.dut_sb [SCOREBOARD] 
# ===== Captured data from AHB: 0x17929363
# UVM_INFO ./../tb/dut_scoreboard.sv(71) @ 1470059000: uvm_test_top.env.dut_sb [dut_scoreboard] 
# 
# =====[UART TXD] Data comparison =====
# 
# UVM_ERROR ./../tb/dut_scoreboard.sv(76) @ 1470059000: uvm_test_top.env.dut_sb [dut_scoreboard] 
# =====[DATA FRAME: 7] FAILED!!! Expected value is 0x63, Actual data is 0x2e =====
# UVM_INFO ./../tb/dut_scoreboard.sv(82) @ 1470059000: uvm_test_top.env.dut_sb [dut_scoreboard] 
# 
# =====[UART TXD] Parity comparison =====
# 
# UVM_ERROR ./../tb/dut_scoreboard.sv(85) @ 1470059000: uvm_test_top.env.dut_sb [dut_scoreboard] 
# =====[PARITY MODE: 10] FAILED!!! Expected parity is 0, Actual parity is 1 =====
# UVM_INFO ./../vip/uart_vip/uart_monitor.sv(95) @ 1470944000: uvm_test_top.env.uart_agt.monitor [uart_monitor] 
# ===== Baud rate actual is       2401, Baud rate expected is       2400 =====
# UVM_INFO ./../vip/uart_vip/uart_monitor.sv(181) @ 1478858000: uvm_test_top.env.uart_agt.monitor [uart_monitor] Data read from DUT is -------------------------------------------
# Name         Type              Size  Value 
# -------------------------------------------
# trans        uart_transaction  -     @20857
#   direction  direction_e       32    RX    
#   data       integral          9     'h63  
#   parity     integral          1     'h1   
#   stop_bit   integral          2     'h1   
#   baud_rate  integral          32    'h0   
# -------------------------------------------
# 
# UVM_INFO ./../tb/dut_scoreboard.sv(58) @ 1478858000: uvm_test_top.env.dut_sb [SCOREBOARD] 
# ===== Captured data from UART: 0x63
# UVM_INFO ./../testcases/uart_txd_x16_random.sv(35) @ 1480059000: uvm_test_top [uart_txd_x16_random] --------------------------------------------------------------
# Name                Type                Size  Value           
# --------------------------------------------------------------
# cfg                 uart_configuration  -     @360            
#   parity_mode       parity_mode_e       32    UART_PARITY_EVEN
#   sampling          sampling_mode_e     32    MODE_X16        
#   data_width        integral            32    'h7             
#   num_of_stop_bit   integral            32    'h2             
#   baud_rate         integral            32    'h12c0          
#   baud_rate_enable  integral            1     'h1             
#   parity_enable     integral            1     'h0             
# --------------------------------------------------------------
# 
# UVM_INFO ./../regmodel/uart_reg2ahb_adapter.sv(42) @ 1480059000: reporter [uart_reg2ahb_adapter] bus2reg: address = 0x0 data = 0x0 kind = UVM_WRITE status = UVM_IS_OK
# UVM_INFO /ictc/other/tools/QuestaDVA/questasim/verilog_src/uvm-1.2/src/reg/uvm_reg_predictor.svh(221) @ 1480059000: uvm_test_top.env.ahb_predictor [REG_PREDICT] Observed WRITE transaction to register regmodel.MDR: value='h0 : updated value = 'h0
# UVM_INFO ./../regmodel/uart_reg2ahb_adapter.sv(42) @ 1480059000: reporter [uart_reg2ahb_adapter] bus2reg: address = 0x4 data = 0x16 kind = UVM_WRITE status = UVM_IS_OK
# UVM_INFO /ictc/other/tools/QuestaDVA/questasim/verilog_src/uvm-1.2/src/reg/uvm_reg_predictor.svh(221) @ 1480059000: uvm_test_top.env.ahb_predictor [REG_PREDICT] Observed WRITE transaction to register regmodel.DLL: value='h16 : updated value = 'h16
# UVM_INFO ./../regmodel/uart_reg2ahb_adapter.sv(42) @ 1480060000: reporter [uart_reg2ahb_adapter] bus2reg: address = 0x8 data = 0x5 kind = UVM_WRITE status = UVM_IS_OK
# UVM_INFO /ictc/other/tools/QuestaDVA/questasim/verilog_src/uvm-1.2/src/reg/uvm_reg_predictor.svh(221) @ 1480060000: uvm_test_top.env.ahb_predictor [REG_PREDICT] Observed WRITE transaction to register regmodel.DLH: value='h5 : updated value = 'h5
# UVM_INFO ./../regmodel/uart_reg2ahb_adapter.sv(42) @ 1480060000: reporter [uart_reg2ahb_adapter] bus2reg: address = 0xc data = 0x3e kind = UVM_WRITE status = UVM_IS_OK
# UVM_INFO /ictc/other/tools/QuestaDVA/questasim/verilog_src/uvm-1.2/src/reg/uvm_reg_predictor.svh(221) @ 1480060000: uvm_test_top.env.ahb_predictor [REG_PREDICT] Observed WRITE transaction to register regmodel.LCR: value='h3e : updated value = 'h3e
# UVM_INFO ./../regmodel/uart_reg2ahb_adapter.sv(42) @ 1480060000: reporter [uart_reg2ahb_adapter] bus2reg: address = 0x18 data = 0x2def5ccc kind = UVM_WRITE status = UVM_IS_OK
# UVM_INFO /ictc/other/tools/QuestaDVA/questasim/verilog_src/uvm-1.2/src/reg/uvm_reg_predictor.svh(221) @ 1480060000: uvm_test_top.env.ahb_predictor [REG_PREDICT] Observed WRITE transaction to register regmodel.TBR: value='h2def5ccc : updated value = 'hcc
# UVM_INFO ./../tb/dut_scoreboard.sv(50) @ 1480060000: uvm_test_top.env.dut_sb [SCOREBOARD] 
# ===== Captured data from AHB: 0x2def5ccc
# UVM_INFO ./../tb/dut_scoreboard.sv(71) @ 1480060000: uvm_test_top.env.dut_sb [dut_scoreboard] 
# 
# =====[UART TXD] Data comparison =====
# 
# UVM_ERROR ./../tb/dut_scoreboard.sv(76) @ 1480060000: uvm_test_top.env.dut_sb [dut_scoreboard] 
# =====[DATA FRAME: 7] FAILED!!! Expected value is 0x4c, Actual data is 0x36 =====
# UVM_INFO ./../tb/dut_scoreboard.sv(82) @ 1480060000: uvm_test_top.env.dut_sb [dut_scoreboard] 
# 
# =====[UART TXD] Parity comparison =====
# 
# UVM_ERROR ./../tb/dut_scoreboard.sv(85) @ 1480060000: uvm_test_top.env.dut_sb [dut_scoreboard] 
# =====[PARITY MODE: 10] FAILED!!! Expected parity is 1, Actual parity is 0 =====
# UVM_INFO ./../vip/uart_vip/uart_monitor.sv(95) @ 1481334000: uvm_test_top.env.uart_agt.monitor [uart_monitor] 
# ===== Baud rate actual is       1600, Baud rate expected is       4800 =====
# UVM_INFO ./../vip/uart_vip/uart_monitor.sv(181) @ 1484463000: uvm_test_top.env.uart_agt.monitor [uart_monitor] Data read from DUT is -------------------------------------------
# Name         Type              Size  Value 
# -------------------------------------------
# trans        uart_transaction  -     @20991
#   direction  direction_e       32    RX    
#   data       integral          9     'h4c  
#   parity     integral          1     'h1   
#   stop_bit   integral          2     'h1   
#   baud_rate  integral          32    'h0   
# -------------------------------------------
# 
# UVM_INFO ./../tb/dut_scoreboard.sv(58) @ 1484463000: uvm_test_top.env.dut_sb [SCOREBOARD] 
# ===== Captured data from UART: 0x4c
# UVM_INFO ./../testcases/uart_txd_x16_random.sv(35) @ 1490060000: uvm_test_top [uart_txd_x16_random] --------------------------------------------------------------
# Name                Type                Size  Value           
# --------------------------------------------------------------
# cfg                 uart_configuration  -     @360            
#   parity_mode       parity_mode_e       32    UART_PARITY_EVEN
#   sampling          sampling_mode_e     32    MODE_X16        
#   data_width        integral            32    'h7             
#   num_of_stop_bit   integral            32    'h2             
#   baud_rate         integral            32    'h2580          
#   baud_rate_enable  integral            1     'h1             
#   parity_enable     integral            1     'h0             
# --------------------------------------------------------------
# 
# UVM_INFO ./../regmodel/uart_reg2ahb_adapter.sv(42) @ 1490060000: reporter [uart_reg2ahb_adapter] bus2reg: address = 0x0 data = 0x0 kind = UVM_WRITE status = UVM_IS_OK
# UVM_INFO /ictc/other/tools/QuestaDVA/questasim/verilog_src/uvm-1.2/src/reg/uvm_reg_predictor.svh(221) @ 1490060000: uvm_test_top.env.ahb_predictor [REG_PREDICT] Observed WRITE transaction to register regmodel.MDR: value='h0 : updated value = 'h0
# UVM_INFO ./../regmodel/uart_reg2ahb_adapter.sv(42) @ 1490060000: reporter [uart_reg2ahb_adapter] bus2reg: address = 0x4 data = 0x16 kind = UVM_WRITE status = UVM_IS_OK
# UVM_INFO /ictc/other/tools/QuestaDVA/questasim/verilog_src/uvm-1.2/src/reg/uvm_reg_predictor.svh(221) @ 1490060000: uvm_test_top.env.ahb_predictor [REG_PREDICT] Observed WRITE transaction to register regmodel.DLL: value='h16 : updated value = 'h16
# UVM_INFO ./../regmodel/uart_reg2ahb_adapter.sv(42) @ 1490060000: reporter [uart_reg2ahb_adapter] bus2reg: address = 0x8 data = 0x5 kind = UVM_WRITE status = UVM_IS_OK
# UVM_INFO /ictc/other/tools/QuestaDVA/questasim/verilog_src/uvm-1.2/src/reg/uvm_reg_predictor.svh(221) @ 1490060000: uvm_test_top.env.ahb_predictor [REG_PREDICT] Observed WRITE transaction to register regmodel.DLH: value='h5 : updated value = 'h5
# UVM_INFO ./../regmodel/uart_reg2ahb_adapter.sv(42) @ 1490060000: reporter [uart_reg2ahb_adapter] bus2reg: address = 0xc data = 0x3e kind = UVM_WRITE status = UVM_IS_OK
# UVM_INFO /ictc/other/tools/QuestaDVA/questasim/verilog_src/uvm-1.2/src/reg/uvm_reg_predictor.svh(221) @ 1490060000: uvm_test_top.env.ahb_predictor [REG_PREDICT] Observed WRITE transaction to register regmodel.LCR: value='h3e : updated value = 'h3e
# UVM_INFO ./../regmodel/uart_reg2ahb_adapter.sv(42) @ 1490060000: reporter [uart_reg2ahb_adapter] bus2reg: address = 0x18 data = 0xf6b7caeb kind = UVM_WRITE status = UVM_IS_OK
# UVM_INFO /ictc/other/tools/QuestaDVA/questasim/verilog_src/uvm-1.2/src/reg/uvm_reg_predictor.svh(221) @ 1490060000: uvm_test_top.env.ahb_predictor [REG_PREDICT] Observed WRITE transaction to register regmodel.TBR: value='hf6b7caeb : updated value = 'heb
# UVM_INFO ./../tb/dut_scoreboard.sv(50) @ 1490060000: uvm_test_top.env.dut_sb [SCOREBOARD] 
# ===== Captured data from AHB: 0xf6b7caeb
# UVM_INFO ./../tb/dut_scoreboard.sv(71) @ 1490060000: uvm_test_top.env.dut_sb [dut_scoreboard] 
# 
# =====[UART TXD] Data comparison =====
# 
# UVM_ERROR ./../tb/dut_scoreboard.sv(76) @ 1490060000: uvm_test_top.env.dut_sb [dut_scoreboard] 
# =====[DATA FRAME: 7] FAILED!!! Expected value is 0x6b, Actual data is 0x3e =====
# UVM_INFO ./../tb/dut_scoreboard.sv(82) @ 1490060000: uvm_test_top.env.dut_sb [dut_scoreboard] 
# 
# =====[UART TXD] Parity comparison =====
# 
# UVM_INFO ./../tb/dut_scoreboard.sv(88) @ 1490060000: uvm_test_top.env.dut_sb [dut_scoreboard] 
# =====[PARITY MODE: 10] PASSED SUCCESSFULLY!!! =====
# UVM_INFO ./../vip/uart_vip/uart_monitor.sv(95) @ 1490500000: uvm_test_top.env.uart_agt.monitor [uart_monitor] 
# ===== Baud rate actual is       4808, Baud rate expected is       9600 =====
# UVM_ERROR ./../vip/uart_vip/uart_monitor.sv(174) @ 1492268000: uvm_test_top.env.uart_agt.monitor [uart_monitor] ===== stop bit error detected =====
# UVM_INFO ./../vip/uart_vip/uart_monitor.sv(181) @ 1492268000: uvm_test_top.env.uart_agt.monitor [uart_monitor] Data read from DUT is -------------------------------------------
# Name         Type              Size  Value 
# -------------------------------------------
# trans        uart_transaction  -     @21125
#   direction  direction_e       32    RX    
#   data       integral          9     'h1e  
#   parity     integral          1     'h1   
#   stop_bit   integral          2     'h1   
#   baud_rate  integral          32    'h0   
# -------------------------------------------
# 
# UVM_INFO ./../tb/dut_scoreboard.sv(58) @ 1492268000: uvm_test_top.env.dut_sb [SCOREBOARD] 
# ===== Captured data from UART: 0x1e
# UVM_INFO ./../testcases/uart_txd_x16_random.sv(35) @ 1500060000: uvm_test_top [uart_txd_x16_random] --------------------------------------------------------------
# Name                Type                Size  Value           
# --------------------------------------------------------------
# cfg                 uart_configuration  -     @360            
#   parity_mode       parity_mode_e       32    UART_PARITY_EVEN
#   sampling          sampling_mode_e     32    MODE_X16        
#   data_width        integral            32    'h7             
#   num_of_stop_bit   integral            32    'h2             
#   baud_rate         integral            32    'h4b00          
#   baud_rate_enable  integral            1     'h1             
#   parity_enable     integral            1     'h0             
# --------------------------------------------------------------
# 
# UVM_INFO ./../regmodel/uart_reg2ahb_adapter.sv(42) @ 1500060000: reporter [uart_reg2ahb_adapter] bus2reg: address = 0x0 data = 0x0 kind = UVM_WRITE status = UVM_IS_OK
# UVM_INFO /ictc/other/tools/QuestaDVA/questasim/verilog_src/uvm-1.2/src/reg/uvm_reg_predictor.svh(221) @ 1500060000: uvm_test_top.env.ahb_predictor [REG_PREDICT] Observed WRITE transaction to register regmodel.MDR: value='h0 : updated value = 'h0
# UVM_INFO ./../regmodel/uart_reg2ahb_adapter.sv(42) @ 1500060000: reporter [uart_reg2ahb_adapter] bus2reg: address = 0x4 data = 0x45 kind = UVM_WRITE status = UVM_IS_OK
# UVM_INFO /ictc/other/tools/QuestaDVA/questasim/verilog_src/uvm-1.2/src/reg/uvm_reg_predictor.svh(221) @ 1500060000: uvm_test_top.env.ahb_predictor [REG_PREDICT] Observed WRITE transaction to register regmodel.DLL: value='h45 : updated value = 'h45
# UVM_INFO ./../regmodel/uart_reg2ahb_adapter.sv(42) @ 1500060000: reporter [uart_reg2ahb_adapter] bus2reg: address = 0x8 data = 0x1 kind = UVM_WRITE status = UVM_IS_OK
# UVM_INFO /ictc/other/tools/QuestaDVA/questasim/verilog_src/uvm-1.2/src/reg/uvm_reg_predictor.svh(221) @ 1500060000: uvm_test_top.env.ahb_predictor [REG_PREDICT] Observed WRITE transaction to register regmodel.DLH: value='h1 : updated value = 'h1
# UVM_INFO ./../regmodel/uart_reg2ahb_adapter.sv(42) @ 1500060000: reporter [uart_reg2ahb_adapter] bus2reg: address = 0xc data = 0x3e kind = UVM_WRITE status = UVM_IS_OK
# UVM_INFO /ictc/other/tools/QuestaDVA/questasim/verilog_src/uvm-1.2/src/reg/uvm_reg_predictor.svh(221) @ 1500060000: uvm_test_top.env.ahb_predictor [REG_PREDICT] Observed WRITE transaction to register regmodel.LCR: value='h3e : updated value = 'h3e
# UVM_INFO ./../regmodel/uart_reg2ahb_adapter.sv(42) @ 1500061000: reporter [uart_reg2ahb_adapter] bus2reg: address = 0x18 data = 0xbdad33a kind = UVM_WRITE status = UVM_IS_OK
# UVM_INFO /ictc/other/tools/QuestaDVA/questasim/verilog_src/uvm-1.2/src/reg/uvm_reg_predictor.svh(221) @ 1500061000: uvm_test_top.env.ahb_predictor [REG_PREDICT] Observed WRITE transaction to register regmodel.TBR: value='hbdad33a : updated value = 'h3a
# UVM_INFO ./../tb/dut_scoreboard.sv(50) @ 1500061000: uvm_test_top.env.dut_sb [SCOREBOARD] 
# ===== Captured data from AHB: 0xbdad33a
# UVM_INFO ./../tb/dut_scoreboard.sv(71) @ 1500061000: uvm_test_top.env.dut_sb [dut_scoreboard] 
# 
# =====[UART TXD] Data comparison =====
# 
# UVM_ERROR ./../tb/dut_scoreboard.sv(76) @ 1500061000: uvm_test_top.env.dut_sb [dut_scoreboard] 
# =====[DATA FRAME: 7] FAILED!!! Expected value is 0x3a, Actual data is 0x3e =====
# UVM_INFO ./../tb/dut_scoreboard.sv(82) @ 1500061000: uvm_test_top.env.dut_sb [dut_scoreboard] 
# 
# =====[UART TXD] Parity comparison =====
# 
# UVM_ERROR ./../tb/dut_scoreboard.sv(85) @ 1500061000: uvm_test_top.env.dut_sb [dut_scoreboard] 
# =====[PARITY MODE: 10] FAILED!!! Expected parity is 0, Actual parity is 1 =====
# UVM_INFO ./../vip/uart_vip/uart_monitor.sv(95) @ 1500272000: uvm_test_top.env.uart_agt.monitor [uart_monitor] 
# ===== Baud rate actual is       9615, Baud rate expected is      19200 =====
# UVM_INFO ./../vip/uart_vip/uart_monitor.sv(181) @ 1501156000: uvm_test_top.env.uart_agt.monitor [uart_monitor] Data read from DUT is -------------------------------------------
# Name         Type              Size  Value 
# -------------------------------------------
# trans        uart_transaction  -     @21261
#   direction  direction_e       32    RX    
#   data       integral          9     'h3a  
#   parity     integral          1     'h1   
#   stop_bit   integral          2     'h1   
#   baud_rate  integral          32    'h0   
# -------------------------------------------
# 
# UVM_INFO ./../tb/dut_scoreboard.sv(58) @ 1501156000: uvm_test_top.env.dut_sb [SCOREBOARD] 
# ===== Captured data from UART: 0x3a
# UVM_INFO ./../testcases/uart_txd_x16_random.sv(35) @ 1510061000: uvm_test_top [uart_txd_x16_random] --------------------------------------------------------------
# Name                Type                Size  Value           
# --------------------------------------------------------------
# cfg                 uart_configuration  -     @360            
#   parity_mode       parity_mode_e       32    UART_PARITY_EVEN
#   sampling          sampling_mode_e     32    MODE_X16        
#   data_width        integral            32    'h7             
#   num_of_stop_bit   integral            32    'h2             
#   baud_rate         integral            32    'h9600          
#   baud_rate_enable  integral            1     'h1             
#   parity_enable     integral            1     'h0             
# --------------------------------------------------------------
# 
# UVM_INFO ./../regmodel/uart_reg2ahb_adapter.sv(42) @ 1510061000: reporter [uart_reg2ahb_adapter] bus2reg: address = 0x0 data = 0x0 kind = UVM_WRITE status = UVM_IS_OK
# UVM_INFO /ictc/other/tools/QuestaDVA/questasim/verilog_src/uvm-1.2/src/reg/uvm_reg_predictor.svh(221) @ 1510061000: uvm_test_top.env.ahb_predictor [REG_PREDICT] Observed WRITE transaction to register regmodel.MDR: value='h0 : updated value = 'h0
# UVM_INFO ./../regmodel/uart_reg2ahb_adapter.sv(42) @ 1510061000: reporter [uart_reg2ahb_adapter] bus2reg: address = 0x4 data = 0xa4 kind = UVM_WRITE status = UVM_IS_OK
# UVM_INFO /ictc/other/tools/QuestaDVA/questasim/verilog_src/uvm-1.2/src/reg/uvm_reg_predictor.svh(221) @ 1510061000: uvm_test_top.env.ahb_predictor [REG_PREDICT] Observed WRITE transaction to register regmodel.DLL: value='ha4 : updated value = 'ha4
# UVM_INFO ./../regmodel/uart_reg2ahb_adapter.sv(42) @ 1510061000: reporter [uart_reg2ahb_adapter] bus2reg: address = 0x8 data = 0x0 kind = UVM_WRITE status = UVM_IS_OK
# UVM_INFO /ictc/other/tools/QuestaDVA/questasim/verilog_src/uvm-1.2/src/reg/uvm_reg_predictor.svh(221) @ 1510061000: uvm_test_top.env.ahb_predictor [REG_PREDICT] Observed WRITE transaction to register regmodel.DLH: value='h0 : updated value = 'h0
# UVM_INFO ./../regmodel/uart_reg2ahb_adapter.sv(42) @ 1510061000: reporter [uart_reg2ahb_adapter] bus2reg: address = 0xc data = 0x3e kind = UVM_WRITE status = UVM_IS_OK
# UVM_INFO /ictc/other/tools/QuestaDVA/questasim/verilog_src/uvm-1.2/src/reg/uvm_reg_predictor.svh(221) @ 1510061000: uvm_test_top.env.ahb_predictor [REG_PREDICT] Observed WRITE transaction to register regmodel.LCR: value='h3e : updated value = 'h3e
# UVM_INFO ./../regmodel/uart_reg2ahb_adapter.sv(42) @ 1510061000: reporter [uart_reg2ahb_adapter] bus2reg: address = 0x18 data = 0xd151f2c8 kind = UVM_WRITE status = UVM_IS_OK
# UVM_INFO /ictc/other/tools/QuestaDVA/questasim/verilog_src/uvm-1.2/src/reg/uvm_reg_predictor.svh(221) @ 1510061000: uvm_test_top.env.ahb_predictor [REG_PREDICT] Observed WRITE transaction to register regmodel.TBR: value='hd151f2c8 : updated value = 'hc8
# UVM_INFO ./../tb/dut_scoreboard.sv(50) @ 1510061000: uvm_test_top.env.dut_sb [SCOREBOARD] 
# ===== Captured data from AHB: 0xd151f2c8
# UVM_INFO ./../tb/dut_scoreboard.sv(71) @ 1510061000: uvm_test_top.env.dut_sb [dut_scoreboard] 
# 
# =====[UART TXD] Data comparison =====
# 
# UVM_ERROR ./../tb/dut_scoreboard.sv(76) @ 1510061000: uvm_test_top.env.dut_sb [dut_scoreboard] 
# =====[DATA FRAME: 7] FAILED!!! Expected value is 0x48, Actual data is 0x2 =====
# UVM_INFO ./../tb/dut_scoreboard.sv(82) @ 1510061000: uvm_test_top.env.dut_sb [dut_scoreboard] 
# 
# =====[UART TXD] Parity comparison =====
# 
# UVM_ERROR ./../tb/dut_scoreboard.sv(85) @ 1510061000: uvm_test_top.env.dut_sb [dut_scoreboard] 
# =====[PARITY MODE: 10] FAILED!!! Expected parity is 0, Actual parity is 1 =====
# UVM_INFO ./../vip/uart_vip/uart_monitor.sv(95) @ 1510274000: uvm_test_top.env.uart_agt.monitor [uart_monitor] 
# ===== Baud rate actual is       9524, Baud rate expected is      38400 =====
# UVM_INFO ./../vip/uart_vip/uart_monitor.sv(181) @ 1510610000: uvm_test_top.env.uart_agt.monitor [uart_monitor] Data read from DUT is -------------------------------------------
# Name         Type              Size  Value 
# -------------------------------------------
# trans        uart_transaction  -     @21395
#   direction  direction_e       32    RX    
#   data       integral          9     'h48  
#   parity     integral          1     'h0   
#   stop_bit   integral          2     'h1   
#   baud_rate  integral          32    'h0   
# -------------------------------------------
# 
# UVM_INFO ./../tb/dut_scoreboard.sv(58) @ 1510610000: uvm_test_top.env.dut_sb [SCOREBOARD] 
# ===== Captured data from UART: 0x48
# UVM_INFO ./../testcases/uart_txd_x16_random.sv(35) @ 1520061000: uvm_test_top [uart_txd_x16_random] --------------------------------------------------------------
# Name                Type                Size  Value           
# --------------------------------------------------------------
# cfg                 uart_configuration  -     @360            
#   parity_mode       parity_mode_e       32    UART_PARITY_EVEN
#   sampling          sampling_mode_e     32    MODE_X16        
#   data_width        integral            32    'h7             
#   num_of_stop_bit   integral            32    'h2             
#   baud_rate         integral            32    'h12c00         
#   baud_rate_enable  integral            1     'h1             
#   parity_enable     integral            1     'h0             
# --------------------------------------------------------------
# 
# UVM_INFO ./../regmodel/uart_reg2ahb_adapter.sv(42) @ 1520061000: reporter [uart_reg2ahb_adapter] bus2reg: address = 0x0 data = 0x0 kind = UVM_WRITE status = UVM_IS_OK
# UVM_INFO /ictc/other/tools/QuestaDVA/questasim/verilog_src/uvm-1.2/src/reg/uvm_reg_predictor.svh(221) @ 1520061000: uvm_test_top.env.ahb_predictor [REG_PREDICT] Observed WRITE transaction to register regmodel.MDR: value='h0 : updated value = 'h0
# UVM_INFO ./../regmodel/uart_reg2ahb_adapter.sv(42) @ 1520061000: reporter [uart_reg2ahb_adapter] bus2reg: address = 0x4 data = 0x51 kind = UVM_WRITE status = UVM_IS_OK
# UVM_INFO /ictc/other/tools/QuestaDVA/questasim/verilog_src/uvm-1.2/src/reg/uvm_reg_predictor.svh(221) @ 1520061000: uvm_test_top.env.ahb_predictor [REG_PREDICT] Observed WRITE transaction to register regmodel.DLL: value='h51 : updated value = 'h51
# UVM_INFO ./../regmodel/uart_reg2ahb_adapter.sv(42) @ 1520061000: reporter [uart_reg2ahb_adapter] bus2reg: address = 0x8 data = 0x0 kind = UVM_WRITE status = UVM_IS_OK
# UVM_INFO /ictc/other/tools/QuestaDVA/questasim/verilog_src/uvm-1.2/src/reg/uvm_reg_predictor.svh(221) @ 1520061000: uvm_test_top.env.ahb_predictor [REG_PREDICT] Observed WRITE transaction to register regmodel.DLH: value='h0 : updated value = 'h0
# UVM_INFO ./../regmodel/uart_reg2ahb_adapter.sv(42) @ 1520061000: reporter [uart_reg2ahb_adapter] bus2reg: address = 0xc data = 0x3e kind = UVM_WRITE status = UVM_IS_OK
# UVM_INFO /ictc/other/tools/QuestaDVA/questasim/verilog_src/uvm-1.2/src/reg/uvm_reg_predictor.svh(221) @ 1520061000: uvm_test_top.env.ahb_predictor [REG_PREDICT] Observed WRITE transaction to register regmodel.LCR: value='h3e : updated value = 'h3e
# UVM_INFO ./../regmodel/uart_reg2ahb_adapter.sv(42) @ 1520061000: reporter [uart_reg2ahb_adapter] bus2reg: address = 0x18 data = 0xbed24b02 kind = UVM_WRITE status = UVM_IS_OK
# UVM_INFO /ictc/other/tools/QuestaDVA/questasim/verilog_src/uvm-1.2/src/reg/uvm_reg_predictor.svh(221) @ 1520061000: uvm_test_top.env.ahb_predictor [REG_PREDICT] Observed WRITE transaction to register regmodel.TBR: value='hbed24b02 : updated value = 'h2
# UVM_INFO ./../tb/dut_scoreboard.sv(50) @ 1520061000: uvm_test_top.env.dut_sb [SCOREBOARD] 
# ===== Captured data from AHB: 0xbed24b02
# UVM_INFO ./../tb/dut_scoreboard.sv(71) @ 1520061000: uvm_test_top.env.dut_sb [dut_scoreboard] 
# 
# =====[UART TXD] Data comparison =====
# 
# UVM_ERROR ./../tb/dut_scoreboard.sv(76) @ 1520061000: uvm_test_top.env.dut_sb [dut_scoreboard] 
# =====[DATA FRAME: 7] FAILED!!! Expected value is 0x2, Actual data is 0x1d =====
# UVM_INFO ./../tb/dut_scoreboard.sv(82) @ 1520061000: uvm_test_top.env.dut_sb [dut_scoreboard] 
# 
# =====[UART TXD] Parity comparison =====
# 
# UVM_ERROR ./../tb/dut_scoreboard.sv(85) @ 1520061000: uvm_test_top.env.dut_sb [dut_scoreboard] 
# =====[PARITY MODE: 10] FAILED!!! Expected parity is 1, Actual parity is 0 =====
# UVM_INFO ./../vip/uart_vip/uart_monitor.sv(95) @ 1521422000: uvm_test_top.env.uart_agt.monitor [uart_monitor] 
# ===== Baud rate actual is      38462, Baud rate expected is      76800 =====
# UVM_INFO ./../vip/uart_vip/uart_monitor.sv(181) @ 1521643000: uvm_test_top.env.uart_agt.monitor [uart_monitor] Data read from DUT is -------------------------------------------
# Name         Type              Size  Value 
# -------------------------------------------
# trans        uart_transaction  -     @21529
#   direction  direction_e       32    RX    
#   data       integral          9     'h2   
#   parity     integral          1     'h0   
#   stop_bit   integral          2     'h1   
#   baud_rate  integral          32    'h0   
# -------------------------------------------
# 
# UVM_INFO ./../tb/dut_scoreboard.sv(58) @ 1521643000: uvm_test_top.env.dut_sb [SCOREBOARD] 
# ===== Captured data from UART: 0x2
# UVM_INFO ./../testcases/uart_txd_x16_random.sv(35) @ 1530061000: uvm_test_top [uart_txd_x16_random] --------------------------------------------------------------
# Name                Type                Size  Value           
# --------------------------------------------------------------
# cfg                 uart_configuration  -     @360            
#   parity_mode       parity_mode_e       32    UART_PARITY_EVEN
#   sampling          sampling_mode_e     32    MODE_X16        
#   data_width        integral            32    'h7             
#   num_of_stop_bit   integral            32    'h2             
#   baud_rate         integral            32    'h1c200         
#   baud_rate_enable  integral            1     'h1             
#   parity_enable     integral            1     'h0             
# --------------------------------------------------------------
# 
# UVM_INFO ./../regmodel/uart_reg2ahb_adapter.sv(42) @ 1530061000: reporter [uart_reg2ahb_adapter] bus2reg: address = 0x0 data = 0x0 kind = UVM_WRITE status = UVM_IS_OK
# UVM_INFO /ictc/other/tools/QuestaDVA/questasim/verilog_src/uvm-1.2/src/reg/uvm_reg_predictor.svh(221) @ 1530061000: uvm_test_top.env.ahb_predictor [REG_PREDICT] Observed WRITE transaction to register regmodel.MDR: value='h0 : updated value = 'h0
# UVM_INFO ./../regmodel/uart_reg2ahb_adapter.sv(42) @ 1530061000: reporter [uart_reg2ahb_adapter] bus2reg: address = 0x4 data = 0x36 kind = UVM_WRITE status = UVM_IS_OK
# UVM_INFO /ictc/other/tools/QuestaDVA/questasim/verilog_src/uvm-1.2/src/reg/uvm_reg_predictor.svh(221) @ 1530061000: uvm_test_top.env.ahb_predictor [REG_PREDICT] Observed WRITE transaction to register regmodel.DLL: value='h36 : updated value = 'h36
# UVM_INFO ./../regmodel/uart_reg2ahb_adapter.sv(42) @ 1530062000: reporter [uart_reg2ahb_adapter] bus2reg: address = 0x8 data = 0x0 kind = UVM_WRITE status = UVM_IS_OK
# UVM_INFO /ictc/other/tools/QuestaDVA/questasim/verilog_src/uvm-1.2/src/reg/uvm_reg_predictor.svh(221) @ 1530062000: uvm_test_top.env.ahb_predictor [REG_PREDICT] Observed WRITE transaction to register regmodel.DLH: value='h0 : updated value = 'h0
# UVM_INFO ./../regmodel/uart_reg2ahb_adapter.sv(42) @ 1530062000: reporter [uart_reg2ahb_adapter] bus2reg: address = 0xc data = 0x3e kind = UVM_WRITE status = UVM_IS_OK
# UVM_INFO /ictc/other/tools/QuestaDVA/questasim/verilog_src/uvm-1.2/src/reg/uvm_reg_predictor.svh(221) @ 1530062000: uvm_test_top.env.ahb_predictor [REG_PREDICT] Observed WRITE transaction to register regmodel.LCR: value='h3e : updated value = 'h3e
# UVM_INFO ./../regmodel/uart_reg2ahb_adapter.sv(42) @ 1530062000: reporter [uart_reg2ahb_adapter] bus2reg: address = 0x18 data = 0x68b0d733 kind = UVM_WRITE status = UVM_IS_OK
# UVM_INFO /ictc/other/tools/QuestaDVA/questasim/verilog_src/uvm-1.2/src/reg/uvm_reg_predictor.svh(221) @ 1530062000: uvm_test_top.env.ahb_predictor [REG_PREDICT] Observed WRITE transaction to register regmodel.TBR: value='h68b0d733 : updated value = 'h33
# UVM_INFO ./../tb/dut_scoreboard.sv(50) @ 1530062000: uvm_test_top.env.dut_sb [SCOREBOARD] 
# ===== Captured data from AHB: 0x68b0d733
# UVM_INFO ./../tb/dut_scoreboard.sv(71) @ 1530062000: uvm_test_top.env.dut_sb [dut_scoreboard] 
# 
# =====[UART TXD] Data comparison =====
# 
# UVM_ERROR ./../tb/dut_scoreboard.sv(76) @ 1530062000: uvm_test_top.env.dut_sb [dut_scoreboard] 
# =====[DATA FRAME: 7] FAILED!!! Expected value is 0x33, Actual data is 0x11 =====
# UVM_INFO ./../tb/dut_scoreboard.sv(82) @ 1530062000: uvm_test_top.env.dut_sb [dut_scoreboard] 
# 
# =====[UART TXD] Parity comparison =====
# 
# UVM_INFO ./../tb/dut_scoreboard.sv(88) @ 1530062000: uvm_test_top.env.dut_sb [dut_scoreboard] 
# =====[PARITY MODE: 10] PASSED SUCCESSFULLY!!! =====
# UVM_INFO ./../vip/uart_vip/uart_monitor.sv(95) @ 1531389000: uvm_test_top.env.uart_agt.monitor [uart_monitor] 
# ===== Baud rate actual is     117647, Baud rate expected is     115200 =====
# UVM_INFO ./../vip/uart_vip/uart_monitor.sv(181) @ 1531550000: uvm_test_top.env.uart_agt.monitor [uart_monitor] Data read from DUT is -------------------------------------------
# Name         Type              Size  Value 
# -------------------------------------------
# trans        uart_transaction  -     @21663
#   direction  direction_e       32    RX    
#   data       integral          9     'h33  
#   parity     integral          1     'h1   
#   stop_bit   integral          2     'h1   
#   baud_rate  integral          32    'h0   
# -------------------------------------------
# 
# UVM_INFO ./../tb/dut_scoreboard.sv(58) @ 1531550000: uvm_test_top.env.dut_sb [SCOREBOARD] 
# ===== Captured data from UART: 0x33
# UVM_INFO ./../testcases/uart_txd_x16_random.sv(35) @ 1540062000: uvm_test_top [uart_txd_x16_random] --------------------------------------------------------------
# Name                Type                Size  Value           
# --------------------------------------------------------------
# cfg                 uart_configuration  -     @360            
#   parity_mode       parity_mode_e       32    UART_PARITY_EVEN
#   sampling          sampling_mode_e     32    MODE_X16        
#   data_width        integral            32    'h8             
#   num_of_stop_bit   integral            32    'h1             
#   baud_rate         integral            32    'h960           
#   baud_rate_enable  integral            1     'h1             
#   parity_enable     integral            1     'h0             
# --------------------------------------------------------------
# 
# UVM_INFO ./../regmodel/uart_reg2ahb_adapter.sv(42) @ 1540062000: reporter [uart_reg2ahb_adapter] bus2reg: address = 0x0 data = 0x0 kind = UVM_WRITE status = UVM_IS_OK
# UVM_INFO /ictc/other/tools/QuestaDVA/questasim/verilog_src/uvm-1.2/src/reg/uvm_reg_predictor.svh(221) @ 1540062000: uvm_test_top.env.ahb_predictor [REG_PREDICT] Observed WRITE transaction to register regmodel.MDR: value='h0 : updated value = 'h0
# UVM_INFO ./../regmodel/uart_reg2ahb_adapter.sv(42) @ 1540062000: reporter [uart_reg2ahb_adapter] bus2reg: address = 0x4 data = 0x2c kind = UVM_WRITE status = UVM_IS_OK
# UVM_INFO /ictc/other/tools/QuestaDVA/questasim/verilog_src/uvm-1.2/src/reg/uvm_reg_predictor.svh(221) @ 1540062000: uvm_test_top.env.ahb_predictor [REG_PREDICT] Observed WRITE transaction to register regmodel.DLL: value='h2c : updated value = 'h2c
# UVM_INFO ./../regmodel/uart_reg2ahb_adapter.sv(42) @ 1540062000: reporter [uart_reg2ahb_adapter] bus2reg: address = 0x8 data = 0xa kind = UVM_WRITE status = UVM_IS_OK
# UVM_INFO /ictc/other/tools/QuestaDVA/questasim/verilog_src/uvm-1.2/src/reg/uvm_reg_predictor.svh(221) @ 1540062000: uvm_test_top.env.ahb_predictor [REG_PREDICT] Observed WRITE transaction to register regmodel.DLH: value='ha : updated value = 'ha
# UVM_INFO ./../regmodel/uart_reg2ahb_adapter.sv(42) @ 1540062000: reporter [uart_reg2ahb_adapter] bus2reg: address = 0xc data = 0x3b kind = UVM_WRITE status = UVM_IS_OK
# UVM_INFO /ictc/other/tools/QuestaDVA/questasim/verilog_src/uvm-1.2/src/reg/uvm_reg_predictor.svh(221) @ 1540062000: uvm_test_top.env.ahb_predictor [REG_PREDICT] Observed WRITE transaction to register regmodel.LCR: value='h3b : updated value = 'h3b
# UVM_INFO ./../regmodel/uart_reg2ahb_adapter.sv(42) @ 1540062000: reporter [uart_reg2ahb_adapter] bus2reg: address = 0x18 data = 0xa5363f37 kind = UVM_WRITE status = UVM_IS_OK
# UVM_INFO /ictc/other/tools/QuestaDVA/questasim/verilog_src/uvm-1.2/src/reg/uvm_reg_predictor.svh(221) @ 1540062000: uvm_test_top.env.ahb_predictor [REG_PREDICT] Observed WRITE transaction to register regmodel.TBR: value='ha5363f37 : updated value = 'h37
# UVM_INFO ./../tb/dut_scoreboard.sv(50) @ 1540062000: uvm_test_top.env.dut_sb [SCOREBOARD] 
# ===== Captured data from AHB: 0xa5363f37
# UVM_INFO ./../tb/dut_scoreboard.sv(71) @ 1540062000: uvm_test_top.env.dut_sb [dut_scoreboard] 
# 
# =====[UART TXD] Data comparison =====
# 
# UVM_ERROR ./../tb/dut_scoreboard.sv(76) @ 1540062000: uvm_test_top.env.dut_sb [dut_scoreboard] 
# =====[DATA FRAME: 8] FAILED!!! Expected value is 0x37, Actual data is 0x1d =====
# UVM_INFO ./../tb/dut_scoreboard.sv(82) @ 1540062000: uvm_test_top.env.dut_sb [dut_scoreboard] 
# 
# =====[UART TXD] Parity comparison =====
# 
# UVM_INFO ./../tb/dut_scoreboard.sv(88) @ 1540062000: uvm_test_top.env.dut_sb [dut_scoreboard] 
# =====[PARITY MODE: 10] PASSED SUCCESSFULLY!!! =====
# UVM_INFO ./../vip/uart_vip/uart_monitor.sv(95) @ 1540947000: uvm_test_top.env.uart_agt.monitor [uart_monitor] 
# ===== Baud rate actual is       2401, Baud rate expected is       2400 =====
# UVM_INFO ./../vip/uart_vip/uart_monitor.sv(181) @ 1548860000: uvm_test_top.env.uart_agt.monitor [uart_monitor] Data read from DUT is -------------------------------------------
# Name         Type              Size  Value 
# -------------------------------------------
# trans        uart_transaction  -     @21797
#   direction  direction_e       32    RX    
#   data       integral          9     'h37  
#   parity     integral          1     'h0   
#   stop_bit   integral          2     'h1   
#   baud_rate  integral          32    'h0   
# -------------------------------------------
# 
# UVM_INFO ./../tb/dut_scoreboard.sv(58) @ 1548860000: uvm_test_top.env.dut_sb [SCOREBOARD] 
# ===== Captured data from UART: 0x37
# UVM_INFO ./../testcases/uart_txd_x16_random.sv(35) @ 1550062000: uvm_test_top [uart_txd_x16_random] --------------------------------------------------------------
# Name                Type                Size  Value           
# --------------------------------------------------------------
# cfg                 uart_configuration  -     @360            
#   parity_mode       parity_mode_e       32    UART_PARITY_EVEN
#   sampling          sampling_mode_e     32    MODE_X16        
#   data_width        integral            32    'h8             
#   num_of_stop_bit   integral            32    'h1             
#   baud_rate         integral            32    'h12c0          
#   baud_rate_enable  integral            1     'h1             
#   parity_enable     integral            1     'h0             
# --------------------------------------------------------------
# 
# UVM_INFO ./../regmodel/uart_reg2ahb_adapter.sv(42) @ 1550062000: reporter [uart_reg2ahb_adapter] bus2reg: address = 0x0 data = 0x0 kind = UVM_WRITE status = UVM_IS_OK
# UVM_INFO /ictc/other/tools/QuestaDVA/questasim/verilog_src/uvm-1.2/src/reg/uvm_reg_predictor.svh(221) @ 1550062000: uvm_test_top.env.ahb_predictor [REG_PREDICT] Observed WRITE transaction to register regmodel.MDR: value='h0 : updated value = 'h0
# UVM_INFO ./../regmodel/uart_reg2ahb_adapter.sv(42) @ 1550062000: reporter [uart_reg2ahb_adapter] bus2reg: address = 0x4 data = 0x16 kind = UVM_WRITE status = UVM_IS_OK
# UVM_INFO /ictc/other/tools/QuestaDVA/questasim/verilog_src/uvm-1.2/src/reg/uvm_reg_predictor.svh(221) @ 1550062000: uvm_test_top.env.ahb_predictor [REG_PREDICT] Observed WRITE transaction to register regmodel.DLL: value='h16 : updated value = 'h16
# UVM_INFO ./../regmodel/uart_reg2ahb_adapter.sv(42) @ 1550062000: reporter [uart_reg2ahb_adapter] bus2reg: address = 0x8 data = 0x5 kind = UVM_WRITE status = UVM_IS_OK
# UVM_INFO /ictc/other/tools/QuestaDVA/questasim/verilog_src/uvm-1.2/src/reg/uvm_reg_predictor.svh(221) @ 1550062000: uvm_test_top.env.ahb_predictor [REG_PREDICT] Observed WRITE transaction to register regmodel.DLH: value='h5 : updated value = 'h5
# UVM_INFO ./../regmodel/uart_reg2ahb_adapter.sv(42) @ 1550062000: reporter [uart_reg2ahb_adapter] bus2reg: address = 0xc data = 0x3b kind = UVM_WRITE status = UVM_IS_OK
# UVM_INFO /ictc/other/tools/QuestaDVA/questasim/verilog_src/uvm-1.2/src/reg/uvm_reg_predictor.svh(221) @ 1550062000: uvm_test_top.env.ahb_predictor [REG_PREDICT] Observed WRITE transaction to register regmodel.LCR: value='h3b : updated value = 'h3b
# UVM_INFO ./../regmodel/uart_reg2ahb_adapter.sv(42) @ 1550063000: reporter [uart_reg2ahb_adapter] bus2reg: address = 0x18 data = 0x2205f3d8 kind = UVM_WRITE status = UVM_IS_OK
# UVM_INFO /ictc/other/tools/QuestaDVA/questasim/verilog_src/uvm-1.2/src/reg/uvm_reg_predictor.svh(221) @ 1550063000: uvm_test_top.env.ahb_predictor [REG_PREDICT] Observed WRITE transaction to register regmodel.TBR: value='h2205f3d8 : updated value = 'hd8
# UVM_INFO ./../tb/dut_scoreboard.sv(50) @ 1550063000: uvm_test_top.env.dut_sb [SCOREBOARD] 
# ===== Captured data from AHB: 0x2205f3d8
# UVM_INFO ./../tb/dut_scoreboard.sv(71) @ 1550063000: uvm_test_top.env.dut_sb [dut_scoreboard] 
# 
# =====[UART TXD] Data comparison =====
# 
# UVM_ERROR ./../tb/dut_scoreboard.sv(76) @ 1550063000: uvm_test_top.env.dut_sb [dut_scoreboard] 
# =====[DATA FRAME: 8] FAILED!!! Expected value is 0xd8, Actual data is 0x6e =====
# UVM_INFO ./../tb/dut_scoreboard.sv(82) @ 1550063000: uvm_test_top.env.dut_sb [dut_scoreboard] 
# 
# =====[UART TXD] Parity comparison =====
# 
# UVM_ERROR ./../tb/dut_scoreboard.sv(85) @ 1550063000: uvm_test_top.env.dut_sb [dut_scoreboard] 
# =====[PARITY MODE: 10] FAILED!!! Expected parity is 0, Actual parity is 1 =====
# UVM_INFO ./../vip/uart_vip/uart_monitor.sv(95) @ 1551754000: uvm_test_top.env.uart_agt.monitor [uart_monitor] 
# ===== Baud rate actual is       1200, Baud rate expected is       4800 =====
# UVM_INFO ./../vip/uart_vip/uart_monitor.sv(181) @ 1554466000: uvm_test_top.env.uart_agt.monitor [uart_monitor] Data read from DUT is -------------------------------------------
# Name         Type              Size  Value 
# -------------------------------------------
# trans        uart_transaction  -     @21931
#   direction  direction_e       32    RX    
#   data       integral          9     'hd8  
#   parity     integral          1     'h1   
#   stop_bit   integral          2     'h1   
#   baud_rate  integral          32    'h0   
# -------------------------------------------
# 
# UVM_INFO ./../tb/dut_scoreboard.sv(58) @ 1554466000: uvm_test_top.env.dut_sb [SCOREBOARD] 
# ===== Captured data from UART: 0xd8
# UVM_INFO ./../testcases/uart_txd_x16_random.sv(35) @ 1560063000: uvm_test_top [uart_txd_x16_random] --------------------------------------------------------------
# Name                Type                Size  Value           
# --------------------------------------------------------------
# cfg                 uart_configuration  -     @360            
#   parity_mode       parity_mode_e       32    UART_PARITY_EVEN
#   sampling          sampling_mode_e     32    MODE_X16        
#   data_width        integral            32    'h8             
#   num_of_stop_bit   integral            32    'h1             
#   baud_rate         integral            32    'h2580          
#   baud_rate_enable  integral            1     'h1             
#   parity_enable     integral            1     'h0             
# --------------------------------------------------------------
# 
# UVM_INFO ./../regmodel/uart_reg2ahb_adapter.sv(42) @ 1560063000: reporter [uart_reg2ahb_adapter] bus2reg: address = 0x0 data = 0x0 kind = UVM_WRITE status = UVM_IS_OK
# UVM_INFO /ictc/other/tools/QuestaDVA/questasim/verilog_src/uvm-1.2/src/reg/uvm_reg_predictor.svh(221) @ 1560063000: uvm_test_top.env.ahb_predictor [REG_PREDICT] Observed WRITE transaction to register regmodel.MDR: value='h0 : updated value = 'h0
# UVM_INFO ./../regmodel/uart_reg2ahb_adapter.sv(42) @ 1560063000: reporter [uart_reg2ahb_adapter] bus2reg: address = 0x4 data = 0x16 kind = UVM_WRITE status = UVM_IS_OK
# UVM_INFO /ictc/other/tools/QuestaDVA/questasim/verilog_src/uvm-1.2/src/reg/uvm_reg_predictor.svh(221) @ 1560063000: uvm_test_top.env.ahb_predictor [REG_PREDICT] Observed WRITE transaction to register regmodel.DLL: value='h16 : updated value = 'h16
# UVM_INFO ./../regmodel/uart_reg2ahb_adapter.sv(42) @ 1560063000: reporter [uart_reg2ahb_adapter] bus2reg: address = 0x8 data = 0x5 kind = UVM_WRITE status = UVM_IS_OK
# UVM_INFO /ictc/other/tools/QuestaDVA/questasim/verilog_src/uvm-1.2/src/reg/uvm_reg_predictor.svh(221) @ 1560063000: uvm_test_top.env.ahb_predictor [REG_PREDICT] Observed WRITE transaction to register regmodel.DLH: value='h5 : updated value = 'h5
# UVM_INFO ./../regmodel/uart_reg2ahb_adapter.sv(42) @ 1560063000: reporter [uart_reg2ahb_adapter] bus2reg: address = 0xc data = 0x3b kind = UVM_WRITE status = UVM_IS_OK
# UVM_INFO /ictc/other/tools/QuestaDVA/questasim/verilog_src/uvm-1.2/src/reg/uvm_reg_predictor.svh(221) @ 1560063000: uvm_test_top.env.ahb_predictor [REG_PREDICT] Observed WRITE transaction to register regmodel.LCR: value='h3b : updated value = 'h3b
# UVM_INFO ./../regmodel/uart_reg2ahb_adapter.sv(42) @ 1560063000: reporter [uart_reg2ahb_adapter] bus2reg: address = 0x18 data = 0x884d624f kind = UVM_WRITE status = UVM_IS_OK
# UVM_INFO /ictc/other/tools/QuestaDVA/questasim/verilog_src/uvm-1.2/src/reg/uvm_reg_predictor.svh(221) @ 1560063000: uvm_test_top.env.ahb_predictor [REG_PREDICT] Observed WRITE transaction to register regmodel.TBR: value='h884d624f : updated value = 'h4f
# UVM_INFO ./../tb/dut_scoreboard.sv(50) @ 1560063000: uvm_test_top.env.dut_sb [SCOREBOARD] 
# ===== Captured data from AHB: 0x884d624f
# UVM_INFO ./../tb/dut_scoreboard.sv(71) @ 1560063000: uvm_test_top.env.dut_sb [dut_scoreboard] 
# 
# =====[UART TXD] Data comparison =====
# 
# UVM_ERROR ./../tb/dut_scoreboard.sv(76) @ 1560063000: uvm_test_top.env.dut_sb [dut_scoreboard] 
# =====[DATA FRAME: 8] FAILED!!! Expected value is 0x4f, Actual data is 0x57 =====
# UVM_INFO ./../tb/dut_scoreboard.sv(82) @ 1560063000: uvm_test_top.env.dut_sb [dut_scoreboard] 
# 
# =====[UART TXD] Parity comparison =====
# 
# UVM_ERROR ./../tb/dut_scoreboard.sv(85) @ 1560063000: uvm_test_top.env.dut_sb [dut_scoreboard] 
# =====[PARITY MODE: 10] FAILED!!! Expected parity is 1, Actual parity is 0 =====
# UVM_INFO ./../vip/uart_vip/uart_monitor.sv(95) @ 1560503000: uvm_test_top.env.uart_agt.monitor [uart_monitor] 
# ===== Baud rate actual is       4796, Baud rate expected is       9600 =====
# UVM_ERROR ./../vip/uart_vip/uart_monitor.sv(174) @ 1562270000: uvm_test_top.env.uart_agt.monitor [uart_monitor] ===== stop bit error detected =====
# UVM_INFO ./../vip/uart_vip/uart_monitor.sv(181) @ 1562270000: uvm_test_top.env.uart_agt.monitor [uart_monitor] Data read from DUT is -------------------------------------------
# Name         Type              Size  Value 
# -------------------------------------------
# trans        uart_transaction  -     @22065
#   direction  direction_e       32    RX    
#   data       integral          9     'hfe  
#   parity     integral          1     'h1   
#   stop_bit   integral          2     'h0   
#   baud_rate  integral          32    'h0   
# -------------------------------------------
# 
# UVM_INFO ./../tb/dut_scoreboard.sv(58) @ 1562270000: uvm_test_top.env.dut_sb [SCOREBOARD] 
# ===== Captured data from UART: 0xfe
# UVM_INFO ./../vip/uart_vip/uart_monitor.sv(181) @ 1565603000: uvm_test_top.env.uart_agt.monitor [uart_monitor] Data read from DUT is -------------------------------------------
# Name         Type              Size  Value 
# -------------------------------------------
# trans        uart_transaction  -     @22201
#   direction  direction_e       32    RX    
#   data       integral          9     'hf8  
#   parity     integral          1     'h1   
#   stop_bit   integral          2     'h1   
#   baud_rate  integral          32    'h0   
# -------------------------------------------
# 
# UVM_INFO ./../tb/dut_scoreboard.sv(58) @ 1565603000: uvm_test_top.env.dut_sb [SCOREBOARD] 
# ===== Captured data from UART: 0xf8
# UVM_INFO ./../testcases/uart_txd_x16_random.sv(35) @ 1570063000: uvm_test_top [uart_txd_x16_random] --------------------------------------------------------------
# Name                Type                Size  Value           
# --------------------------------------------------------------
# cfg                 uart_configuration  -     @360            
#   parity_mode       parity_mode_e       32    UART_PARITY_EVEN
#   sampling          sampling_mode_e     32    MODE_X16        
#   data_width        integral            32    'h8             
#   num_of_stop_bit   integral            32    'h1             
#   baud_rate         integral            32    'h4b00          
#   baud_rate_enable  integral            1     'h1             
#   parity_enable     integral            1     'h0             
# --------------------------------------------------------------
# 
# UVM_INFO ./../regmodel/uart_reg2ahb_adapter.sv(42) @ 1570063000: reporter [uart_reg2ahb_adapter] bus2reg: address = 0x0 data = 0x0 kind = UVM_WRITE status = UVM_IS_OK
# UVM_INFO /ictc/other/tools/QuestaDVA/questasim/verilog_src/uvm-1.2/src/reg/uvm_reg_predictor.svh(221) @ 1570063000: uvm_test_top.env.ahb_predictor [REG_PREDICT] Observed WRITE transaction to register regmodel.MDR: value='h0 : updated value = 'h0
# UVM_INFO ./../regmodel/uart_reg2ahb_adapter.sv(42) @ 1570063000: reporter [uart_reg2ahb_adapter] bus2reg: address = 0x4 data = 0x45 kind = UVM_WRITE status = UVM_IS_OK
# UVM_INFO /ictc/other/tools/QuestaDVA/questasim/verilog_src/uvm-1.2/src/reg/uvm_reg_predictor.svh(221) @ 1570063000: uvm_test_top.env.ahb_predictor [REG_PREDICT] Observed WRITE transaction to register regmodel.DLL: value='h45 : updated value = 'h45
# UVM_INFO ./../regmodel/uart_reg2ahb_adapter.sv(42) @ 1570063000: reporter [uart_reg2ahb_adapter] bus2reg: address = 0x8 data = 0x1 kind = UVM_WRITE status = UVM_IS_OK
# UVM_INFO /ictc/other/tools/QuestaDVA/questasim/verilog_src/uvm-1.2/src/reg/uvm_reg_predictor.svh(221) @ 1570063000: uvm_test_top.env.ahb_predictor [REG_PREDICT] Observed WRITE transaction to register regmodel.DLH: value='h1 : updated value = 'h1
# UVM_INFO ./../regmodel/uart_reg2ahb_adapter.sv(42) @ 1570063000: reporter [uart_reg2ahb_adapter] bus2reg: address = 0xc data = 0x3b kind = UVM_WRITE status = UVM_IS_OK
# UVM_INFO /ictc/other/tools/QuestaDVA/questasim/verilog_src/uvm-1.2/src/reg/uvm_reg_predictor.svh(221) @ 1570063000: uvm_test_top.env.ahb_predictor [REG_PREDICT] Observed WRITE transaction to register regmodel.LCR: value='h3b : updated value = 'h3b
# UVM_INFO ./../regmodel/uart_reg2ahb_adapter.sv(42) @ 1570063000: reporter [uart_reg2ahb_adapter] bus2reg: address = 0x18 data = 0x5853df05 kind = UVM_WRITE status = UVM_IS_OK
# UVM_INFO /ictc/other/tools/QuestaDVA/questasim/verilog_src/uvm-1.2/src/reg/uvm_reg_predictor.svh(221) @ 1570063000: uvm_test_top.env.ahb_predictor [REG_PREDICT] Observed WRITE transaction to register regmodel.TBR: value='h5853df05 : updated value = 'h5
# UVM_INFO ./../tb/dut_scoreboard.sv(50) @ 1570063000: uvm_test_top.env.dut_sb [SCOREBOARD] 
# ===== Captured data from AHB: 0x5853df05
# UVM_INFO ./../tb/dut_scoreboard.sv(71) @ 1570063000: uvm_test_top.env.dut_sb [dut_scoreboard] 
# 
# =====[UART TXD] Data comparison =====
# 
# UVM_ERROR ./../tb/dut_scoreboard.sv(76) @ 1570063000: uvm_test_top.env.dut_sb [dut_scoreboard] 
# =====[DATA FRAME: 8] FAILED!!! Expected value is 0x5, Actual data is 0x0 =====
# UVM_INFO ./../tb/dut_scoreboard.sv(82) @ 1570063000: uvm_test_top.env.dut_sb [dut_scoreboard] 
# 
# =====[UART TXD] Parity comparison =====
# 
# UVM_INFO ./../tb/dut_scoreboard.sv(88) @ 1570063000: uvm_test_top.env.dut_sb [dut_scoreboard] 
# =====[PARITY MODE: 10] PASSED SUCCESSFULLY!!! =====
# UVM_INFO ./../vip/uart_vip/uart_monitor.sv(95) @ 1570170000: uvm_test_top.env.uart_agt.monitor [uart_monitor] 
# ===== Baud rate actual is      19231, Baud rate expected is      19200 =====
# UVM_INFO ./../vip/uart_vip/uart_monitor.sv(181) @ 1571158000: uvm_test_top.env.uart_agt.monitor [uart_monitor] Data read from DUT is -------------------------------------------
# Name         Type              Size  Value 
# -------------------------------------------
# trans        uart_transaction  -     @22209
#   direction  direction_e       32    RX    
#   data       integral          9     'h5   
#   parity     integral          1     'h1   
#   stop_bit   integral          2     'h1   
#   baud_rate  integral          32    'h0   
# -------------------------------------------
# 
# UVM_INFO ./../tb/dut_scoreboard.sv(58) @ 1571158000: uvm_test_top.env.dut_sb [SCOREBOARD] 
# ===== Captured data from UART: 0x5
# UVM_INFO ./../testcases/uart_txd_x16_random.sv(35) @ 1580063000: uvm_test_top [uart_txd_x16_random] --------------------------------------------------------------
# Name                Type                Size  Value           
# --------------------------------------------------------------
# cfg                 uart_configuration  -     @360            
#   parity_mode       parity_mode_e       32    UART_PARITY_EVEN
#   sampling          sampling_mode_e     32    MODE_X16        
#   data_width        integral            32    'h8             
#   num_of_stop_bit   integral            32    'h1             
#   baud_rate         integral            32    'h9600          
#   baud_rate_enable  integral            1     'h1             
#   parity_enable     integral            1     'h0             
# --------------------------------------------------------------
# 
# UVM_INFO ./../regmodel/uart_reg2ahb_adapter.sv(42) @ 1580063000: reporter [uart_reg2ahb_adapter] bus2reg: address = 0x0 data = 0x0 kind = UVM_WRITE status = UVM_IS_OK
# UVM_INFO /ictc/other/tools/QuestaDVA/questasim/verilog_src/uvm-1.2/src/reg/uvm_reg_predictor.svh(221) @ 1580063000: uvm_test_top.env.ahb_predictor [REG_PREDICT] Observed WRITE transaction to register regmodel.MDR: value='h0 : updated value = 'h0
# UVM_INFO ./../regmodel/uart_reg2ahb_adapter.sv(42) @ 1580063000: reporter [uart_reg2ahb_adapter] bus2reg: address = 0x4 data = 0xa4 kind = UVM_WRITE status = UVM_IS_OK
# UVM_INFO /ictc/other/tools/QuestaDVA/questasim/verilog_src/uvm-1.2/src/reg/uvm_reg_predictor.svh(221) @ 1580063000: uvm_test_top.env.ahb_predictor [REG_PREDICT] Observed WRITE transaction to register regmodel.DLL: value='ha4 : updated value = 'ha4
# UVM_INFO ./../regmodel/uart_reg2ahb_adapter.sv(42) @ 1580064000: reporter [uart_reg2ahb_adapter] bus2reg: address = 0x8 data = 0x0 kind = UVM_WRITE status = UVM_IS_OK
# UVM_INFO /ictc/other/tools/QuestaDVA/questasim/verilog_src/uvm-1.2/src/reg/uvm_reg_predictor.svh(221) @ 1580064000: uvm_test_top.env.ahb_predictor [REG_PREDICT] Observed WRITE transaction to register regmodel.DLH: value='h0 : updated value = 'h0
# UVM_INFO ./../regmodel/uart_reg2ahb_adapter.sv(42) @ 1580064000: reporter [uart_reg2ahb_adapter] bus2reg: address = 0xc data = 0x3b kind = UVM_WRITE status = UVM_IS_OK
# UVM_INFO /ictc/other/tools/QuestaDVA/questasim/verilog_src/uvm-1.2/src/reg/uvm_reg_predictor.svh(221) @ 1580064000: uvm_test_top.env.ahb_predictor [REG_PREDICT] Observed WRITE transaction to register regmodel.LCR: value='h3b : updated value = 'h3b
# UVM_INFO ./../regmodel/uart_reg2ahb_adapter.sv(42) @ 1580064000: reporter [uart_reg2ahb_adapter] bus2reg: address = 0x18 data = 0x8134af40 kind = UVM_WRITE status = UVM_IS_OK
# UVM_INFO /ictc/other/tools/QuestaDVA/questasim/verilog_src/uvm-1.2/src/reg/uvm_reg_predictor.svh(221) @ 1580064000: uvm_test_top.env.ahb_predictor [REG_PREDICT] Observed WRITE transaction to register regmodel.TBR: value='h8134af40 : updated value = 'h40
# UVM_INFO ./../tb/dut_scoreboard.sv(50) @ 1580064000: uvm_test_top.env.dut_sb [SCOREBOARD] 
# ===== Captured data from AHB: 0x8134af40
# UVM_INFO ./../tb/dut_scoreboard.sv(71) @ 1580064000: uvm_test_top.env.dut_sb [dut_scoreboard] 
# 
# =====[UART TXD] Data comparison =====
# 
# UVM_ERROR ./../tb/dut_scoreboard.sv(76) @ 1580064000: uvm_test_top.env.dut_sb [dut_scoreboard] 
# =====[DATA FRAME: 8] FAILED!!! Expected value is 0x40, Actual data is 0x78 =====
# UVM_INFO ./../tb/dut_scoreboard.sv(82) @ 1580064000: uvm_test_top.env.dut_sb [dut_scoreboard] 
# 
# =====[UART TXD] Parity comparison =====
# 
# UVM_INFO ./../tb/dut_scoreboard.sv(88) @ 1580064000: uvm_test_top.env.dut_sb [dut_scoreboard] 
# =====[PARITY MODE: 10] PASSED SUCCESSFULLY!!! =====
# UVM_INFO ./../vip/uart_vip/uart_monitor.sv(95) @ 1580434000: uvm_test_top.env.uart_agt.monitor [uart_monitor] 
# ===== Baud rate actual is       5435, Baud rate expected is      38400 =====
# UVM_INFO ./../vip/uart_vip/uart_monitor.sv(181) @ 1580612000: uvm_test_top.env.uart_agt.monitor [uart_monitor] Data read from DUT is -------------------------------------------
# Name         Type              Size  Value 
# -------------------------------------------
# trans        uart_transaction  -     @22343
#   direction  direction_e       32    RX    
#   data       integral          9     'h40  
#   parity     integral          1     'h0   
#   stop_bit   integral          2     'h1   
#   baud_rate  integral          32    'h0   
# -------------------------------------------
# 
# UVM_INFO ./../tb/dut_scoreboard.sv(58) @ 1580612000: uvm_test_top.env.dut_sb [SCOREBOARD] 
# ===== Captured data from UART: 0x40
# UVM_INFO ./../testcases/uart_txd_x16_random.sv(35) @ 1590064000: uvm_test_top [uart_txd_x16_random] --------------------------------------------------------------
# Name                Type                Size  Value           
# --------------------------------------------------------------
# cfg                 uart_configuration  -     @360            
#   parity_mode       parity_mode_e       32    UART_PARITY_EVEN
#   sampling          sampling_mode_e     32    MODE_X16        
#   data_width        integral            32    'h8             
#   num_of_stop_bit   integral            32    'h1             
#   baud_rate         integral            32    'h12c00         
#   baud_rate_enable  integral            1     'h1             
#   parity_enable     integral            1     'h0             
# --------------------------------------------------------------
# 
# UVM_INFO ./../regmodel/uart_reg2ahb_adapter.sv(42) @ 1590064000: reporter [uart_reg2ahb_adapter] bus2reg: address = 0x0 data = 0x0 kind = UVM_WRITE status = UVM_IS_OK
# UVM_INFO /ictc/other/tools/QuestaDVA/questasim/verilog_src/uvm-1.2/src/reg/uvm_reg_predictor.svh(221) @ 1590064000: uvm_test_top.env.ahb_predictor [REG_PREDICT] Observed WRITE transaction to register regmodel.MDR: value='h0 : updated value = 'h0
# UVM_INFO ./../regmodel/uart_reg2ahb_adapter.sv(42) @ 1590064000: reporter [uart_reg2ahb_adapter] bus2reg: address = 0x4 data = 0x51 kind = UVM_WRITE status = UVM_IS_OK
# UVM_INFO /ictc/other/tools/QuestaDVA/questasim/verilog_src/uvm-1.2/src/reg/uvm_reg_predictor.svh(221) @ 1590064000: uvm_test_top.env.ahb_predictor [REG_PREDICT] Observed WRITE transaction to register regmodel.DLL: value='h51 : updated value = 'h51
# UVM_INFO ./../regmodel/uart_reg2ahb_adapter.sv(42) @ 1590064000: reporter [uart_reg2ahb_adapter] bus2reg: address = 0x8 data = 0x0 kind = UVM_WRITE status = UVM_IS_OK
# UVM_INFO /ictc/other/tools/QuestaDVA/questasim/verilog_src/uvm-1.2/src/reg/uvm_reg_predictor.svh(221) @ 1590064000: uvm_test_top.env.ahb_predictor [REG_PREDICT] Observed WRITE transaction to register regmodel.DLH: value='h0 : updated value = 'h0
# UVM_INFO ./../regmodel/uart_reg2ahb_adapter.sv(42) @ 1590064000: reporter [uart_reg2ahb_adapter] bus2reg: address = 0xc data = 0x3b kind = UVM_WRITE status = UVM_IS_OK
# UVM_INFO /ictc/other/tools/QuestaDVA/questasim/verilog_src/uvm-1.2/src/reg/uvm_reg_predictor.svh(221) @ 1590064000: uvm_test_top.env.ahb_predictor [REG_PREDICT] Observed WRITE transaction to register regmodel.LCR: value='h3b : updated value = 'h3b
# UVM_INFO ./../regmodel/uart_reg2ahb_adapter.sv(42) @ 1590064000: reporter [uart_reg2ahb_adapter] bus2reg: address = 0x18 data = 0x90743343 kind = UVM_WRITE status = UVM_IS_OK
# UVM_INFO /ictc/other/tools/QuestaDVA/questasim/verilog_src/uvm-1.2/src/reg/uvm_reg_predictor.svh(221) @ 1590064000: uvm_test_top.env.ahb_predictor [REG_PREDICT] Observed WRITE transaction to register regmodel.TBR: value='h90743343 : updated value = 'h43
# UVM_INFO ./../tb/dut_scoreboard.sv(50) @ 1590064000: uvm_test_top.env.dut_sb [SCOREBOARD] 
# ===== Captured data from AHB: 0x90743343
# UVM_INFO ./../tb/dut_scoreboard.sv(71) @ 1590064000: uvm_test_top.env.dut_sb [dut_scoreboard] 
# 
# =====[UART TXD] Data comparison =====
# 
# UVM_ERROR ./../tb/dut_scoreboard.sv(76) @ 1590064000: uvm_test_top.env.dut_sb [dut_scoreboard] 
# =====[DATA FRAME: 8] FAILED!!! Expected value is 0x43, Actual data is 0x72 =====
# UVM_INFO ./../tb/dut_scoreboard.sv(82) @ 1590064000: uvm_test_top.env.dut_sb [dut_scoreboard] 
# 
# =====[UART TXD] Parity comparison =====
# 
# UVM_ERROR ./../tb/dut_scoreboard.sv(85) @ 1590064000: uvm_test_top.env.dut_sb [dut_scoreboard] 
# =====[PARITY MODE: 10] FAILED!!! Expected parity is 1, Actual parity is 0 =====
# UVM_INFO ./../vip/uart_vip/uart_monitor.sv(95) @ 1590091000: uvm_test_top.env.uart_agt.monitor [uart_monitor] 
# ===== Baud rate actual is      80000, Baud rate expected is      76800 =====
# UVM_INFO ./../vip/uart_vip/uart_monitor.sv(181) @ 1590339000: uvm_test_top.env.uart_agt.monitor [uart_monitor] Data read from DUT is -------------------------------------------
# Name         Type              Size  Value 
# -------------------------------------------
# trans        uart_transaction  -     @22477
#   direction  direction_e       32    RX    
#   data       integral          9     'h43  
#   parity     integral          1     'h0   
#   stop_bit   integral          2     'h1   
#   baud_rate  integral          32    'h0   
# -------------------------------------------
# 
# UVM_INFO ./../tb/dut_scoreboard.sv(58) @ 1590339000: uvm_test_top.env.dut_sb [SCOREBOARD] 
# ===== Captured data from UART: 0x43
# UVM_INFO ./../testcases/uart_txd_x16_random.sv(35) @ 1600064000: uvm_test_top [uart_txd_x16_random] --------------------------------------------------------------
# Name                Type                Size  Value           
# --------------------------------------------------------------
# cfg                 uart_configuration  -     @360            
#   parity_mode       parity_mode_e       32    UART_PARITY_EVEN
#   sampling          sampling_mode_e     32    MODE_X16        
#   data_width        integral            32    'h8             
#   num_of_stop_bit   integral            32    'h1             
#   baud_rate         integral            32    'h1c200         
#   baud_rate_enable  integral            1     'h1             
#   parity_enable     integral            1     'h0             
# --------------------------------------------------------------
# 
# UVM_INFO ./../regmodel/uart_reg2ahb_adapter.sv(42) @ 1600064000: reporter [uart_reg2ahb_adapter] bus2reg: address = 0x0 data = 0x0 kind = UVM_WRITE status = UVM_IS_OK
# UVM_INFO /ictc/other/tools/QuestaDVA/questasim/verilog_src/uvm-1.2/src/reg/uvm_reg_predictor.svh(221) @ 1600064000: uvm_test_top.env.ahb_predictor [REG_PREDICT] Observed WRITE transaction to register regmodel.MDR: value='h0 : updated value = 'h0
# UVM_INFO ./../regmodel/uart_reg2ahb_adapter.sv(42) @ 1600064000: reporter [uart_reg2ahb_adapter] bus2reg: address = 0x4 data = 0x36 kind = UVM_WRITE status = UVM_IS_OK
# UVM_INFO /ictc/other/tools/QuestaDVA/questasim/verilog_src/uvm-1.2/src/reg/uvm_reg_predictor.svh(221) @ 1600064000: uvm_test_top.env.ahb_predictor [REG_PREDICT] Observed WRITE transaction to register regmodel.DLL: value='h36 : updated value = 'h36
# UVM_INFO ./../regmodel/uart_reg2ahb_adapter.sv(42) @ 1600064000: reporter [uart_reg2ahb_adapter] bus2reg: address = 0x8 data = 0x0 kind = UVM_WRITE status = UVM_IS_OK
# UVM_INFO /ictc/other/tools/QuestaDVA/questasim/verilog_src/uvm-1.2/src/reg/uvm_reg_predictor.svh(221) @ 1600064000: uvm_test_top.env.ahb_predictor [REG_PREDICT] Observed WRITE transaction to register regmodel.DLH: value='h0 : updated value = 'h0
# UVM_INFO ./../regmodel/uart_reg2ahb_adapter.sv(42) @ 1600064000: reporter [uart_reg2ahb_adapter] bus2reg: address = 0xc data = 0x3b kind = UVM_WRITE status = UVM_IS_OK
# UVM_INFO /ictc/other/tools/QuestaDVA/questasim/verilog_src/uvm-1.2/src/reg/uvm_reg_predictor.svh(221) @ 1600064000: uvm_test_top.env.ahb_predictor [REG_PREDICT] Observed WRITE transaction to register regmodel.LCR: value='h3b : updated value = 'h3b
# UVM_INFO ./../regmodel/uart_reg2ahb_adapter.sv(42) @ 1600065000: reporter [uart_reg2ahb_adapter] bus2reg: address = 0x18 data = 0xa3c9c149 kind = UVM_WRITE status = UVM_IS_OK
# UVM_INFO /ictc/other/tools/QuestaDVA/questasim/verilog_src/uvm-1.2/src/reg/uvm_reg_predictor.svh(221) @ 1600065000: uvm_test_top.env.ahb_predictor [REG_PREDICT] Observed WRITE transaction to register regmodel.TBR: value='ha3c9c149 : updated value = 'h49
# UVM_INFO ./../tb/dut_scoreboard.sv(50) @ 1600065000: uvm_test_top.env.dut_sb [SCOREBOARD] 
# ===== Captured data from AHB: 0xa3c9c149
# UVM_INFO ./../tb/dut_scoreboard.sv(71) @ 1600065000: uvm_test_top.env.dut_sb [dut_scoreboard] 
# 
# =====[UART TXD] Data comparison =====
# 
# UVM_ERROR ./../tb/dut_scoreboard.sv(76) @ 1600065000: uvm_test_top.env.dut_sb [dut_scoreboard] 
# =====[DATA FRAME: 8] FAILED!!! Expected value is 0x49, Actual data is 0x70 =====
# UVM_INFO ./../tb/dut_scoreboard.sv(82) @ 1600065000: uvm_test_top.env.dut_sb [dut_scoreboard] 
# 
# =====[UART TXD] Parity comparison =====
# 
# UVM_INFO ./../tb/dut_scoreboard.sv(88) @ 1600065000: uvm_test_top.env.dut_sb [dut_scoreboard] 
# =====[PARITY MODE: 10] PASSED SUCCESSFULLY!!! =====
# UVM_INFO ./../vip/uart_vip/uart_monitor.sv(95) @ 1600083000: uvm_test_top.env.uart_agt.monitor [uart_monitor] 
# ===== Baud rate actual is     111111, Baud rate expected is     115200 =====
# UVM_INFO ./../vip/uart_vip/uart_monitor.sv(181) @ 1600244000: uvm_test_top.env.uart_agt.monitor [uart_monitor] Data read from DUT is -------------------------------------------
# Name         Type              Size  Value 
# -------------------------------------------
# trans        uart_transaction  -     @22611
#   direction  direction_e       32    RX    
#   data       integral          9     'h49  
#   parity     integral          1     'h0   
#   stop_bit   integral          2     'h1   
#   baud_rate  integral          32    'h0   
# -------------------------------------------
# 
# UVM_INFO ./../tb/dut_scoreboard.sv(58) @ 1600244000: uvm_test_top.env.dut_sb [SCOREBOARD] 
# ===== Captured data from UART: 0x49
# UVM_INFO ./../testcases/uart_txd_x16_random.sv(35) @ 1610065000: uvm_test_top [uart_txd_x16_random] --------------------------------------------------------------
# Name                Type                Size  Value           
# --------------------------------------------------------------
# cfg                 uart_configuration  -     @360            
#   parity_mode       parity_mode_e       32    UART_PARITY_EVEN
#   sampling          sampling_mode_e     32    MODE_X16        
#   data_width        integral            32    'h8             
#   num_of_stop_bit   integral            32    'h2             
#   baud_rate         integral            32    'h960           
#   baud_rate_enable  integral            1     'h1             
#   parity_enable     integral            1     'h0             
# --------------------------------------------------------------
# 
# UVM_INFO ./../regmodel/uart_reg2ahb_adapter.sv(42) @ 1610065000: reporter [uart_reg2ahb_adapter] bus2reg: address = 0x0 data = 0x0 kind = UVM_WRITE status = UVM_IS_OK
# UVM_INFO /ictc/other/tools/QuestaDVA/questasim/verilog_src/uvm-1.2/src/reg/uvm_reg_predictor.svh(221) @ 1610065000: uvm_test_top.env.ahb_predictor [REG_PREDICT] Observed WRITE transaction to register regmodel.MDR: value='h0 : updated value = 'h0
# UVM_INFO ./../regmodel/uart_reg2ahb_adapter.sv(42) @ 1610065000: reporter [uart_reg2ahb_adapter] bus2reg: address = 0x4 data = 0x2c kind = UVM_WRITE status = UVM_IS_OK
# UVM_INFO /ictc/other/tools/QuestaDVA/questasim/verilog_src/uvm-1.2/src/reg/uvm_reg_predictor.svh(221) @ 1610065000: uvm_test_top.env.ahb_predictor [REG_PREDICT] Observed WRITE transaction to register regmodel.DLL: value='h2c : updated value = 'h2c
# UVM_INFO ./../regmodel/uart_reg2ahb_adapter.sv(42) @ 1610065000: reporter [uart_reg2ahb_adapter] bus2reg: address = 0x8 data = 0xa kind = UVM_WRITE status = UVM_IS_OK
# UVM_INFO /ictc/other/tools/QuestaDVA/questasim/verilog_src/uvm-1.2/src/reg/uvm_reg_predictor.svh(221) @ 1610065000: uvm_test_top.env.ahb_predictor [REG_PREDICT] Observed WRITE transaction to register regmodel.DLH: value='ha : updated value = 'ha
# UVM_INFO ./../regmodel/uart_reg2ahb_adapter.sv(42) @ 1610065000: reporter [uart_reg2ahb_adapter] bus2reg: address = 0xc data = 0x3f kind = UVM_WRITE status = UVM_IS_OK
# UVM_INFO /ictc/other/tools/QuestaDVA/questasim/verilog_src/uvm-1.2/src/reg/uvm_reg_predictor.svh(221) @ 1610065000: uvm_test_top.env.ahb_predictor [REG_PREDICT] Observed WRITE transaction to register regmodel.LCR: value='h3f : updated value = 'h3f
# UVM_INFO ./../regmodel/uart_reg2ahb_adapter.sv(42) @ 1610065000: reporter [uart_reg2ahb_adapter] bus2reg: address = 0x18 data = 0xd8c9b74 kind = UVM_WRITE status = UVM_IS_OK
# UVM_INFO /ictc/other/tools/QuestaDVA/questasim/verilog_src/uvm-1.2/src/reg/uvm_reg_predictor.svh(221) @ 1610065000: uvm_test_top.env.ahb_predictor [REG_PREDICT] Observed WRITE transaction to register regmodel.TBR: value='hd8c9b74 : updated value = 'h74
# UVM_INFO ./../tb/dut_scoreboard.sv(50) @ 1610065000: uvm_test_top.env.dut_sb [SCOREBOARD] 
# ===== Captured data from AHB: 0xd8c9b74
# UVM_INFO ./../tb/dut_scoreboard.sv(71) @ 1610065000: uvm_test_top.env.dut_sb [dut_scoreboard] 
# 
# =====[UART TXD] Data comparison =====
# 
# UVM_ERROR ./../tb/dut_scoreboard.sv(76) @ 1610065000: uvm_test_top.env.dut_sb [dut_scoreboard] 
# =====[DATA FRAME: 8] FAILED!!! Expected value is 0x74, Actual data is 0x3c =====
# UVM_INFO ./../tb/dut_scoreboard.sv(82) @ 1610065000: uvm_test_top.env.dut_sb [dut_scoreboard] 
# 
# =====[UART TXD] Parity comparison =====
# 
# UVM_INFO ./../tb/dut_scoreboard.sv(88) @ 1610065000: uvm_test_top.env.dut_sb [dut_scoreboard] 
# =====[PARITY MODE: 10] PASSED SUCCESSFULLY!!! =====
# UVM_INFO ./../vip/uart_vip/uart_monitor.sv(95) @ 1612617000: uvm_test_top.env.uart_agt.monitor [uart_monitor] 
# ===== Baud rate actual is        800, Baud rate expected is       2400 =====
# UVM_INFO ./../vip/uart_vip/uart_monitor.sv(181) @ 1619696000: uvm_test_top.env.uart_agt.monitor [uart_monitor] Data read from DUT is -------------------------------------------
# Name         Type              Size  Value 
# -------------------------------------------
# trans        uart_transaction  -     @22745
#   direction  direction_e       32    RX    
#   data       integral          9     'h74  
#   parity     integral          1     'h1   
#   stop_bit   integral          2     'h1   
#   baud_rate  integral          32    'h0   
# -------------------------------------------
# 
# UVM_INFO ./../tb/dut_scoreboard.sv(58) @ 1619696000: uvm_test_top.env.dut_sb [SCOREBOARD] 
# ===== Captured data from UART: 0x74
# UVM_INFO ./../testcases/uart_txd_x16_random.sv(35) @ 1620065000: uvm_test_top [uart_txd_x16_random] --------------------------------------------------------------
# Name                Type                Size  Value           
# --------------------------------------------------------------
# cfg                 uart_configuration  -     @360            
#   parity_mode       parity_mode_e       32    UART_PARITY_EVEN
#   sampling          sampling_mode_e     32    MODE_X16        
#   data_width        integral            32    'h8             
#   num_of_stop_bit   integral            32    'h2             
#   baud_rate         integral            32    'h12c0          
#   baud_rate_enable  integral            1     'h1             
#   parity_enable     integral            1     'h0             
# --------------------------------------------------------------
# 
# UVM_INFO ./../regmodel/uart_reg2ahb_adapter.sv(42) @ 1620065000: reporter [uart_reg2ahb_adapter] bus2reg: address = 0x0 data = 0x0 kind = UVM_WRITE status = UVM_IS_OK
# UVM_INFO /ictc/other/tools/QuestaDVA/questasim/verilog_src/uvm-1.2/src/reg/uvm_reg_predictor.svh(221) @ 1620065000: uvm_test_top.env.ahb_predictor [REG_PREDICT] Observed WRITE transaction to register regmodel.MDR: value='h0 : updated value = 'h0
# UVM_INFO ./../regmodel/uart_reg2ahb_adapter.sv(42) @ 1620065000: reporter [uart_reg2ahb_adapter] bus2reg: address = 0x4 data = 0x16 kind = UVM_WRITE status = UVM_IS_OK
# UVM_INFO /ictc/other/tools/QuestaDVA/questasim/verilog_src/uvm-1.2/src/reg/uvm_reg_predictor.svh(221) @ 1620065000: uvm_test_top.env.ahb_predictor [REG_PREDICT] Observed WRITE transaction to register regmodel.DLL: value='h16 : updated value = 'h16
# UVM_INFO ./../regmodel/uart_reg2ahb_adapter.sv(42) @ 1620065000: reporter [uart_reg2ahb_adapter] bus2reg: address = 0x8 data = 0x5 kind = UVM_WRITE status = UVM_IS_OK
# UVM_INFO /ictc/other/tools/QuestaDVA/questasim/verilog_src/uvm-1.2/src/reg/uvm_reg_predictor.svh(221) @ 1620065000: uvm_test_top.env.ahb_predictor [REG_PREDICT] Observed WRITE transaction to register regmodel.DLH: value='h5 : updated value = 'h5
# UVM_INFO ./../regmodel/uart_reg2ahb_adapter.sv(42) @ 1620065000: reporter [uart_reg2ahb_adapter] bus2reg: address = 0xc data = 0x3f kind = UVM_WRITE status = UVM_IS_OK
# UVM_INFO /ictc/other/tools/QuestaDVA/questasim/verilog_src/uvm-1.2/src/reg/uvm_reg_predictor.svh(221) @ 1620065000: uvm_test_top.env.ahb_predictor [REG_PREDICT] Observed WRITE transaction to register regmodel.LCR: value='h3f : updated value = 'h3f
# UVM_INFO ./../regmodel/uart_reg2ahb_adapter.sv(42) @ 1620065000: reporter [uart_reg2ahb_adapter] bus2reg: address = 0x18 data = 0xcd2d3588 kind = UVM_WRITE status = UVM_IS_OK
# UVM_INFO /ictc/other/tools/QuestaDVA/questasim/verilog_src/uvm-1.2/src/reg/uvm_reg_predictor.svh(221) @ 1620065000: uvm_test_top.env.ahb_predictor [REG_PREDICT] Observed WRITE transaction to register regmodel.TBR: value='hcd2d3588 : updated value = 'h88
# UVM_INFO ./../tb/dut_scoreboard.sv(50) @ 1620065000: uvm_test_top.env.dut_sb [SCOREBOARD] 
# ===== Captured data from AHB: 0xcd2d3588
# UVM_INFO ./../tb/dut_scoreboard.sv(71) @ 1620065000: uvm_test_top.env.dut_sb [dut_scoreboard] 
# 
# =====[UART TXD] Data comparison =====
# 
# UVM_ERROR ./../tb/dut_scoreboard.sv(76) @ 1620065000: uvm_test_top.env.dut_sb [dut_scoreboard] 
# =====[DATA FRAME: 8] FAILED!!! Expected value is 0x88, Actual data is 0x44 =====
# UVM_INFO ./../tb/dut_scoreboard.sv(82) @ 1620065000: uvm_test_top.env.dut_sb [dut_scoreboard] 
# 
# =====[UART TXD] Parity comparison =====
# 
# UVM_INFO ./../tb/dut_scoreboard.sv(88) @ 1620065000: uvm_test_top.env.dut_sb [dut_scoreboard] 
# =====[PARITY MODE: 10] PASSED SUCCESSFULLY!!! =====
# UVM_INFO ./../vip/uart_vip/uart_monitor.sv(95) @ 1621757000: uvm_test_top.env.uart_agt.monitor [uart_monitor] 
# ===== Baud rate actual is       1200, Baud rate expected is       4800 =====
# UVM_INFO ./../vip/uart_vip/uart_monitor.sv(181) @ 1624886000: uvm_test_top.env.uart_agt.monitor [uart_monitor] Data read from DUT is -------------------------------------------
# Name         Type              Size  Value 
# -------------------------------------------
# trans        uart_transaction  -     @22879
#   direction  direction_e       32    RX    
#   data       integral          9     'h88  
#   parity     integral          1     'h1   
#   stop_bit   integral          2     'h1   
#   baud_rate  integral          32    'h0   
# -------------------------------------------
# 
# UVM_INFO ./../tb/dut_scoreboard.sv(58) @ 1624886000: uvm_test_top.env.dut_sb [SCOREBOARD] 
# ===== Captured data from UART: 0x88
# UVM_INFO ./../testcases/uart_txd_x16_random.sv(35) @ 1630065000: uvm_test_top [uart_txd_x16_random] --------------------------------------------------------------
# Name                Type                Size  Value           
# --------------------------------------------------------------
# cfg                 uart_configuration  -     @360            
#   parity_mode       parity_mode_e       32    UART_PARITY_EVEN
#   sampling          sampling_mode_e     32    MODE_X16        
#   data_width        integral            32    'h8             
#   num_of_stop_bit   integral            32    'h2             
#   baud_rate         integral            32    'h2580          
#   baud_rate_enable  integral            1     'h1             
#   parity_enable     integral            1     'h0             
# --------------------------------------------------------------
# 
# UVM_INFO ./../regmodel/uart_reg2ahb_adapter.sv(42) @ 1630065000: reporter [uart_reg2ahb_adapter] bus2reg: address = 0x0 data = 0x0 kind = UVM_WRITE status = UVM_IS_OK
# UVM_INFO /ictc/other/tools/QuestaDVA/questasim/verilog_src/uvm-1.2/src/reg/uvm_reg_predictor.svh(221) @ 1630065000: uvm_test_top.env.ahb_predictor [REG_PREDICT] Observed WRITE transaction to register regmodel.MDR: value='h0 : updated value = 'h0
# UVM_INFO ./../regmodel/uart_reg2ahb_adapter.sv(42) @ 1630065000: reporter [uart_reg2ahb_adapter] bus2reg: address = 0x4 data = 0x16 kind = UVM_WRITE status = UVM_IS_OK
# UVM_INFO /ictc/other/tools/QuestaDVA/questasim/verilog_src/uvm-1.2/src/reg/uvm_reg_predictor.svh(221) @ 1630065000: uvm_test_top.env.ahb_predictor [REG_PREDICT] Observed WRITE transaction to register regmodel.DLL: value='h16 : updated value = 'h16
# UVM_INFO ./../regmodel/uart_reg2ahb_adapter.sv(42) @ 1630066000: reporter [uart_reg2ahb_adapter] bus2reg: address = 0x8 data = 0x5 kind = UVM_WRITE status = UVM_IS_OK
# UVM_INFO /ictc/other/tools/QuestaDVA/questasim/verilog_src/uvm-1.2/src/reg/uvm_reg_predictor.svh(221) @ 1630066000: uvm_test_top.env.ahb_predictor [REG_PREDICT] Observed WRITE transaction to register regmodel.DLH: value='h5 : updated value = 'h5
# UVM_INFO ./../regmodel/uart_reg2ahb_adapter.sv(42) @ 1630066000: reporter [uart_reg2ahb_adapter] bus2reg: address = 0xc data = 0x3f kind = UVM_WRITE status = UVM_IS_OK
# UVM_INFO /ictc/other/tools/QuestaDVA/questasim/verilog_src/uvm-1.2/src/reg/uvm_reg_predictor.svh(221) @ 1630066000: uvm_test_top.env.ahb_predictor [REG_PREDICT] Observed WRITE transaction to register regmodel.LCR: value='h3f : updated value = 'h3f
# UVM_INFO ./../regmodel/uart_reg2ahb_adapter.sv(42) @ 1630066000: reporter [uart_reg2ahb_adapter] bus2reg: address = 0x18 data = 0x54d48dd4 kind = UVM_WRITE status = UVM_IS_OK
# UVM_INFO /ictc/other/tools/QuestaDVA/questasim/verilog_src/uvm-1.2/src/reg/uvm_reg_predictor.svh(221) @ 1630066000: uvm_test_top.env.ahb_predictor [REG_PREDICT] Observed WRITE transaction to register regmodel.TBR: value='h54d48dd4 : updated value = 'hd4
# UVM_INFO ./../tb/dut_scoreboard.sv(50) @ 1630066000: uvm_test_top.env.dut_sb [SCOREBOARD] 
# ===== Captured data from AHB: 0x54d48dd4
# UVM_INFO ./../tb/dut_scoreboard.sv(71) @ 1630066000: uvm_test_top.env.dut_sb [dut_scoreboard] 
# 
# =====[UART TXD] Data comparison =====
# 
# UVM_ERROR ./../tb/dut_scoreboard.sv(76) @ 1630066000: uvm_test_top.env.dut_sb [dut_scoreboard] 
# =====[DATA FRAME: 8] FAILED!!! Expected value is 0xd4, Actual data is 0x63 =====
# UVM_INFO ./../tb/dut_scoreboard.sv(82) @ 1630066000: uvm_test_top.env.dut_sb [dut_scoreboard] 
# 
# =====[UART TXD] Parity comparison =====
# 
# UVM_ERROR ./../tb/dut_scoreboard.sv(85) @ 1630066000: uvm_test_top.env.dut_sb [dut_scoreboard] 
# =====[PARITY MODE: 10] FAILED!!! Expected parity is 0, Actual parity is 1 =====
# UVM_INFO ./../vip/uart_vip/uart_monitor.sv(95) @ 1631339000: uvm_test_top.env.uart_agt.monitor [uart_monitor] 
# ===== Baud rate actual is       1601, Baud rate expected is       9600 =====
# UVM_INFO ./../vip/uart_vip/uart_monitor.sv(181) @ 1632482000: uvm_test_top.env.uart_agt.monitor [uart_monitor] Data read from DUT is -------------------------------------------
# Name         Type              Size  Value 
# -------------------------------------------
# trans        uart_transaction  -     @23013
#   direction  direction_e       32    RX    
#   data       integral          9     'h60  
#   parity     integral          1     'h0   
#   stop_bit   integral          2     'h1   
#   baud_rate  integral          32    'h0   
# -------------------------------------------
# 
# UVM_INFO ./../tb/dut_scoreboard.sv(58) @ 1632482000: uvm_test_top.env.dut_sb [SCOREBOARD] 
# ===== Captured data from UART: 0x60
# UVM_INFO ./../vip/uart_vip/uart_monitor.sv(181) @ 1634981000: uvm_test_top.env.uart_agt.monitor [uart_monitor] Data read from DUT is -------------------------------------------
# Name         Type              Size  Value 
# -------------------------------------------
# trans        uart_transaction  -     @23147
#   direction  direction_e       32    RX    
#   data       integral          9     'hfe  
#   parity     integral          1     'h1   
#   stop_bit   integral          2     'h1   
#   baud_rate  integral          32    'h0   
# -------------------------------------------
# 
# UVM_INFO ./../tb/dut_scoreboard.sv(58) @ 1634981000: uvm_test_top.env.dut_sb [SCOREBOARD] 
# ===== Captured data from UART: 0xfe
# UVM_INFO ./../testcases/uart_txd_x16_random.sv(35) @ 1640066000: uvm_test_top [uart_txd_x16_random] --------------------------------------------------------------
# Name                Type                Size  Value           
# --------------------------------------------------------------
# cfg                 uart_configuration  -     @360            
#   parity_mode       parity_mode_e       32    UART_PARITY_EVEN
#   sampling          sampling_mode_e     32    MODE_X16        
#   data_width        integral            32    'h8             
#   num_of_stop_bit   integral            32    'h2             
#   baud_rate         integral            32    'h4b00          
#   baud_rate_enable  integral            1     'h1             
#   parity_enable     integral            1     'h0             
# --------------------------------------------------------------
# 
# UVM_INFO ./../regmodel/uart_reg2ahb_adapter.sv(42) @ 1640066000: reporter [uart_reg2ahb_adapter] bus2reg: address = 0x0 data = 0x0 kind = UVM_WRITE status = UVM_IS_OK
# UVM_INFO /ictc/other/tools/QuestaDVA/questasim/verilog_src/uvm-1.2/src/reg/uvm_reg_predictor.svh(221) @ 1640066000: uvm_test_top.env.ahb_predictor [REG_PREDICT] Observed WRITE transaction to register regmodel.MDR: value='h0 : updated value = 'h0
# UVM_INFO ./../regmodel/uart_reg2ahb_adapter.sv(42) @ 1640066000: reporter [uart_reg2ahb_adapter] bus2reg: address = 0x4 data = 0x45 kind = UVM_WRITE status = UVM_IS_OK
# UVM_INFO /ictc/other/tools/QuestaDVA/questasim/verilog_src/uvm-1.2/src/reg/uvm_reg_predictor.svh(221) @ 1640066000: uvm_test_top.env.ahb_predictor [REG_PREDICT] Observed WRITE transaction to register regmodel.DLL: value='h45 : updated value = 'h45
# UVM_INFO ./../regmodel/uart_reg2ahb_adapter.sv(42) @ 1640066000: reporter [uart_reg2ahb_adapter] bus2reg: address = 0x8 data = 0x1 kind = UVM_WRITE status = UVM_IS_OK
# UVM_INFO /ictc/other/tools/QuestaDVA/questasim/verilog_src/uvm-1.2/src/reg/uvm_reg_predictor.svh(221) @ 1640066000: uvm_test_top.env.ahb_predictor [REG_PREDICT] Observed WRITE transaction to register regmodel.DLH: value='h1 : updated value = 'h1
# UVM_INFO ./../regmodel/uart_reg2ahb_adapter.sv(42) @ 1640066000: reporter [uart_reg2ahb_adapter] bus2reg: address = 0xc data = 0x3f kind = UVM_WRITE status = UVM_IS_OK
# UVM_INFO /ictc/other/tools/QuestaDVA/questasim/verilog_src/uvm-1.2/src/reg/uvm_reg_predictor.svh(221) @ 1640066000: uvm_test_top.env.ahb_predictor [REG_PREDICT] Observed WRITE transaction to register regmodel.LCR: value='h3f : updated value = 'h3f
# UVM_INFO ./../regmodel/uart_reg2ahb_adapter.sv(42) @ 1640066000: reporter [uart_reg2ahb_adapter] bus2reg: address = 0x18 data = 0x37122fe0 kind = UVM_WRITE status = UVM_IS_OK
# UVM_INFO /ictc/other/tools/QuestaDVA/questasim/verilog_src/uvm-1.2/src/reg/uvm_reg_predictor.svh(221) @ 1640066000: uvm_test_top.env.ahb_predictor [REG_PREDICT] Observed WRITE transaction to register regmodel.TBR: value='h37122fe0 : updated value = 'he0
# UVM_INFO ./../tb/dut_scoreboard.sv(50) @ 1640066000: uvm_test_top.env.dut_sb [SCOREBOARD] 
# ===== Captured data from AHB: 0x37122fe0
# UVM_INFO ./../tb/dut_scoreboard.sv(71) @ 1640066000: uvm_test_top.env.dut_sb [dut_scoreboard] 
# 
# =====[UART TXD] Data comparison =====
# 
# UVM_ERROR ./../tb/dut_scoreboard.sv(76) @ 1640066000: uvm_test_top.env.dut_sb [dut_scoreboard] 
# =====[DATA FRAME: 8] FAILED!!! Expected value is 0xe0, Actual data is 0x4c =====
# UVM_INFO ./../tb/dut_scoreboard.sv(82) @ 1640066000: uvm_test_top.env.dut_sb [dut_scoreboard] 
# 
# =====[UART TXD] Parity comparison =====
# 
# UVM_INFO ./../tb/dut_scoreboard.sv(88) @ 1640066000: uvm_test_top.env.dut_sb [dut_scoreboard] 
# =====[PARITY MODE: 10] PASSED SUCCESSFULLY!!! =====
# UVM_INFO ./../vip/uart_vip/uart_monitor.sv(95) @ 1640693000: uvm_test_top.env.uart_agt.monitor [uart_monitor] 
# ===== Baud rate actual is       3205, Baud rate expected is      19200 =====
# UVM_INFO ./../vip/uart_vip/uart_monitor.sv(181) @ 1641265000: uvm_test_top.env.uart_agt.monitor [uart_monitor] Data read from DUT is -------------------------------------------
# Name         Type              Size  Value 
# -------------------------------------------
# trans        uart_transaction  -     @23155
#   direction  direction_e       32    RX    
#   data       integral          9     'he0  
#   parity     integral          1     'h0   
#   stop_bit   integral          2     'h1   
#   baud_rate  integral          32    'h0   
# -------------------------------------------
# 
# UVM_INFO ./../tb/dut_scoreboard.sv(58) @ 1641265000: uvm_test_top.env.dut_sb [SCOREBOARD] 
# ===== Captured data from UART: 0xe0
# UVM_INFO ./../testcases/uart_txd_x16_random.sv(35) @ 1650066000: uvm_test_top [uart_txd_x16_random] --------------------------------------------------------------
# Name                Type                Size  Value           
# --------------------------------------------------------------
# cfg                 uart_configuration  -     @360            
#   parity_mode       parity_mode_e       32    UART_PARITY_EVEN
#   sampling          sampling_mode_e     32    MODE_X16        
#   data_width        integral            32    'h8             
#   num_of_stop_bit   integral            32    'h2             
#   baud_rate         integral            32    'h9600          
#   baud_rate_enable  integral            1     'h1             
#   parity_enable     integral            1     'h0             
# --------------------------------------------------------------
# 
# UVM_INFO ./../regmodel/uart_reg2ahb_adapter.sv(42) @ 1650066000: reporter [uart_reg2ahb_adapter] bus2reg: address = 0x0 data = 0x0 kind = UVM_WRITE status = UVM_IS_OK
# UVM_INFO /ictc/other/tools/QuestaDVA/questasim/verilog_src/uvm-1.2/src/reg/uvm_reg_predictor.svh(221) @ 1650066000: uvm_test_top.env.ahb_predictor [REG_PREDICT] Observed WRITE transaction to register regmodel.MDR: value='h0 : updated value = 'h0
# UVM_INFO ./../regmodel/uart_reg2ahb_adapter.sv(42) @ 1650066000: reporter [uart_reg2ahb_adapter] bus2reg: address = 0x4 data = 0xa4 kind = UVM_WRITE status = UVM_IS_OK
# UVM_INFO /ictc/other/tools/QuestaDVA/questasim/verilog_src/uvm-1.2/src/reg/uvm_reg_predictor.svh(221) @ 1650066000: uvm_test_top.env.ahb_predictor [REG_PREDICT] Observed WRITE transaction to register regmodel.DLL: value='ha4 : updated value = 'ha4
# UVM_INFO ./../regmodel/uart_reg2ahb_adapter.sv(42) @ 1650066000: reporter [uart_reg2ahb_adapter] bus2reg: address = 0x8 data = 0x0 kind = UVM_WRITE status = UVM_IS_OK
# UVM_INFO /ictc/other/tools/QuestaDVA/questasim/verilog_src/uvm-1.2/src/reg/uvm_reg_predictor.svh(221) @ 1650066000: uvm_test_top.env.ahb_predictor [REG_PREDICT] Observed WRITE transaction to register regmodel.DLH: value='h0 : updated value = 'h0
# UVM_INFO ./../regmodel/uart_reg2ahb_adapter.sv(42) @ 1650066000: reporter [uart_reg2ahb_adapter] bus2reg: address = 0xc data = 0x3f kind = UVM_WRITE status = UVM_IS_OK
# UVM_INFO /ictc/other/tools/QuestaDVA/questasim/verilog_src/uvm-1.2/src/reg/uvm_reg_predictor.svh(221) @ 1650066000: uvm_test_top.env.ahb_predictor [REG_PREDICT] Observed WRITE transaction to register regmodel.LCR: value='h3f : updated value = 'h3f
# UVM_INFO ./../regmodel/uart_reg2ahb_adapter.sv(42) @ 1650067000: reporter [uart_reg2ahb_adapter] bus2reg: address = 0x18 data = 0x454dceb1 kind = UVM_WRITE status = UVM_IS_OK
# UVM_INFO /ictc/other/tools/QuestaDVA/questasim/verilog_src/uvm-1.2/src/reg/uvm_reg_predictor.svh(221) @ 1650067000: uvm_test_top.env.ahb_predictor [REG_PREDICT] Observed WRITE transaction to register regmodel.TBR: value='h454dceb1 : updated value = 'hb1
# UVM_INFO ./../tb/dut_scoreboard.sv(50) @ 1650067000: uvm_test_top.env.dut_sb [SCOREBOARD] 
# ===== Captured data from AHB: 0x454dceb1
# UVM_INFO ./../tb/dut_scoreboard.sv(71) @ 1650067000: uvm_test_top.env.dut_sb [dut_scoreboard] 
# 
# =====[UART TXD] Data comparison =====
# 
# UVM_ERROR ./../tb/dut_scoreboard.sv(76) @ 1650067000: uvm_test_top.env.dut_sb [dut_scoreboard] 
# =====[DATA FRAME: 8] FAILED!!! Expected value is 0xb1, Actual data is 0x1e =====
# UVM_INFO ./../tb/dut_scoreboard.sv(82) @ 1650067000: uvm_test_top.env.dut_sb [dut_scoreboard] 
# 
# =====[UART TXD] Parity comparison =====
# 
# UVM_ERROR ./../tb/dut_scoreboard.sv(85) @ 1650067000: uvm_test_top.env.dut_sb [dut_scoreboard] 
# =====[PARITY MODE: 10] FAILED!!! Expected parity is 0, Actual parity is 1 =====
# UVM_INFO ./../vip/uart_vip/uart_monitor.sv(95) @ 1650122000: uvm_test_top.env.uart_agt.monitor [uart_monitor] 
# ===== Baud rate actual is      38462, Baud rate expected is      38400 =====
# UVM_INFO ./../vip/uart_vip/uart_monitor.sv(181) @ 1650668000: uvm_test_top.env.uart_agt.monitor [uart_monitor] Data read from DUT is -------------------------------------------
# Name         Type              Size  Value 
# -------------------------------------------
# trans        uart_transaction  -     @23289
#   direction  direction_e       32    RX    
#   data       integral          9     'hb1  
#   parity     integral          1     'h1   
#   stop_bit   integral          2     'h1   
#   baud_rate  integral          32    'h0   
# -------------------------------------------
# 
# UVM_INFO ./../tb/dut_scoreboard.sv(58) @ 1650668000: uvm_test_top.env.dut_sb [SCOREBOARD] 
# ===== Captured data from UART: 0xb1
# UVM_INFO ./../testcases/uart_txd_x16_random.sv(35) @ 1660067000: uvm_test_top [uart_txd_x16_random] --------------------------------------------------------------
# Name                Type                Size  Value           
# --------------------------------------------------------------
# cfg                 uart_configuration  -     @360            
#   parity_mode       parity_mode_e       32    UART_PARITY_EVEN
#   sampling          sampling_mode_e     32    MODE_X16        
#   data_width        integral            32    'h8             
#   num_of_stop_bit   integral            32    'h2             
#   baud_rate         integral            32    'h12c00         
#   baud_rate_enable  integral            1     'h1             
#   parity_enable     integral            1     'h0             
# --------------------------------------------------------------
# 
# UVM_INFO ./../regmodel/uart_reg2ahb_adapter.sv(42) @ 1660067000: reporter [uart_reg2ahb_adapter] bus2reg: address = 0x0 data = 0x0 kind = UVM_WRITE status = UVM_IS_OK
# UVM_INFO /ictc/other/tools/QuestaDVA/questasim/verilog_src/uvm-1.2/src/reg/uvm_reg_predictor.svh(221) @ 1660067000: uvm_test_top.env.ahb_predictor [REG_PREDICT] Observed WRITE transaction to register regmodel.MDR: value='h0 : updated value = 'h0
# UVM_INFO ./../regmodel/uart_reg2ahb_adapter.sv(42) @ 1660067000: reporter [uart_reg2ahb_adapter] bus2reg: address = 0x4 data = 0x51 kind = UVM_WRITE status = UVM_IS_OK
# UVM_INFO /ictc/other/tools/QuestaDVA/questasim/verilog_src/uvm-1.2/src/reg/uvm_reg_predictor.svh(221) @ 1660067000: uvm_test_top.env.ahb_predictor [REG_PREDICT] Observed WRITE transaction to register regmodel.DLL: value='h51 : updated value = 'h51
# UVM_INFO ./../regmodel/uart_reg2ahb_adapter.sv(42) @ 1660067000: reporter [uart_reg2ahb_adapter] bus2reg: address = 0x8 data = 0x0 kind = UVM_WRITE status = UVM_IS_OK
# UVM_INFO /ictc/other/tools/QuestaDVA/questasim/verilog_src/uvm-1.2/src/reg/uvm_reg_predictor.svh(221) @ 1660067000: uvm_test_top.env.ahb_predictor [REG_PREDICT] Observed WRITE transaction to register regmodel.DLH: value='h0 : updated value = 'h0
# UVM_INFO ./../regmodel/uart_reg2ahb_adapter.sv(42) @ 1660067000: reporter [uart_reg2ahb_adapter] bus2reg: address = 0xc data = 0x3f kind = UVM_WRITE status = UVM_IS_OK
# UVM_INFO /ictc/other/tools/QuestaDVA/questasim/verilog_src/uvm-1.2/src/reg/uvm_reg_predictor.svh(221) @ 1660067000: uvm_test_top.env.ahb_predictor [REG_PREDICT] Observed WRITE transaction to register regmodel.LCR: value='h3f : updated value = 'h3f
# UVM_INFO ./../regmodel/uart_reg2ahb_adapter.sv(42) @ 1660067000: reporter [uart_reg2ahb_adapter] bus2reg: address = 0x18 data = 0xa69e38d9 kind = UVM_WRITE status = UVM_IS_OK
# UVM_INFO /ictc/other/tools/QuestaDVA/questasim/verilog_src/uvm-1.2/src/reg/uvm_reg_predictor.svh(221) @ 1660067000: uvm_test_top.env.ahb_predictor [REG_PREDICT] Observed WRITE transaction to register regmodel.TBR: value='ha69e38d9 : updated value = 'hd9
# UVM_INFO ./../tb/dut_scoreboard.sv(50) @ 1660067000: uvm_test_top.env.dut_sb [SCOREBOARD] 
# ===== Captured data from AHB: 0xa69e38d9
# UVM_INFO ./../tb/dut_scoreboard.sv(71) @ 1660067000: uvm_test_top.env.dut_sb [dut_scoreboard] 
# 
# =====[UART TXD] Data comparison =====
# 
# UVM_ERROR ./../tb/dut_scoreboard.sv(76) @ 1660067000: uvm_test_top.env.dut_sb [dut_scoreboard] 
# =====[DATA FRAME: 8] FAILED!!! Expected value is 0xd9, Actual data is 0x3a =====
# UVM_INFO ./../tb/dut_scoreboard.sv(82) @ 1660067000: uvm_test_top.env.dut_sb [dut_scoreboard] 
# 
# =====[UART TXD] Parity comparison =====
# 
# UVM_INFO ./../tb/dut_scoreboard.sv(88) @ 1660067000: uvm_test_top.env.dut_sb [dut_scoreboard] 
# =====[PARITY MODE: 10] PASSED SUCCESSFULLY!!! =====
# UVM_INFO ./../vip/uart_vip/uart_monitor.sv(95) @ 1661402000: uvm_test_top.env.uart_agt.monitor [uart_monitor] 
# ===== Baud rate actual is      76923, Baud rate expected is      76800 =====
# UVM_INFO ./../vip/uart_vip/uart_monitor.sv(181) @ 1661675000: uvm_test_top.env.uart_agt.monitor [uart_monitor] Data read from DUT is -------------------------------------------
# Name         Type              Size  Value 
# -------------------------------------------
# trans        uart_transaction  -     @23423
#   direction  direction_e       32    RX    
#   data       integral          9     'hd9  
#   parity     integral          1     'h0   
#   stop_bit   integral          2     'h1   
#   baud_rate  integral          32    'h0   
# -------------------------------------------
# 
# UVM_INFO ./../tb/dut_scoreboard.sv(58) @ 1661675000: uvm_test_top.env.dut_sb [SCOREBOARD] 
# ===== Captured data from UART: 0xd9
# UVM_INFO ./../testcases/uart_txd_x16_random.sv(35) @ 1670067000: uvm_test_top [uart_txd_x16_random] --------------------------------------------------------------
# Name                Type                Size  Value           
# --------------------------------------------------------------
# cfg                 uart_configuration  -     @360            
#   parity_mode       parity_mode_e       32    UART_PARITY_EVEN
#   sampling          sampling_mode_e     32    MODE_X16        
#   data_width        integral            32    'h8             
#   num_of_stop_bit   integral            32    'h2             
#   baud_rate         integral            32    'h1c200         
#   baud_rate_enable  integral            1     'h1             
#   parity_enable     integral            1     'h0             
# --------------------------------------------------------------
# 
# UVM_INFO ./../regmodel/uart_reg2ahb_adapter.sv(42) @ 1670067000: reporter [uart_reg2ahb_adapter] bus2reg: address = 0x0 data = 0x0 kind = UVM_WRITE status = UVM_IS_OK
# UVM_INFO /ictc/other/tools/QuestaDVA/questasim/verilog_src/uvm-1.2/src/reg/uvm_reg_predictor.svh(221) @ 1670067000: uvm_test_top.env.ahb_predictor [REG_PREDICT] Observed WRITE transaction to register regmodel.MDR: value='h0 : updated value = 'h0
# UVM_INFO ./../regmodel/uart_reg2ahb_adapter.sv(42) @ 1670067000: reporter [uart_reg2ahb_adapter] bus2reg: address = 0x4 data = 0x36 kind = UVM_WRITE status = UVM_IS_OK
# UVM_INFO /ictc/other/tools/QuestaDVA/questasim/verilog_src/uvm-1.2/src/reg/uvm_reg_predictor.svh(221) @ 1670067000: uvm_test_top.env.ahb_predictor [REG_PREDICT] Observed WRITE transaction to register regmodel.DLL: value='h36 : updated value = 'h36
# UVM_INFO ./../regmodel/uart_reg2ahb_adapter.sv(42) @ 1670067000: reporter [uart_reg2ahb_adapter] bus2reg: address = 0x8 data = 0x0 kind = UVM_WRITE status = UVM_IS_OK
# UVM_INFO /ictc/other/tools/QuestaDVA/questasim/verilog_src/uvm-1.2/src/reg/uvm_reg_predictor.svh(221) @ 1670067000: uvm_test_top.env.ahb_predictor [REG_PREDICT] Observed WRITE transaction to register regmodel.DLH: value='h0 : updated value = 'h0
# UVM_INFO ./../regmodel/uart_reg2ahb_adapter.sv(42) @ 1670067000: reporter [uart_reg2ahb_adapter] bus2reg: address = 0xc data = 0x3f kind = UVM_WRITE status = UVM_IS_OK
# UVM_INFO /ictc/other/tools/QuestaDVA/questasim/verilog_src/uvm-1.2/src/reg/uvm_reg_predictor.svh(221) @ 1670067000: uvm_test_top.env.ahb_predictor [REG_PREDICT] Observed WRITE transaction to register regmodel.LCR: value='h3f : updated value = 'h3f
# UVM_INFO ./../regmodel/uart_reg2ahb_adapter.sv(42) @ 1670067000: reporter [uart_reg2ahb_adapter] bus2reg: address = 0x18 data = 0x6d3ad122 kind = UVM_WRITE status = UVM_IS_OK
# UVM_INFO /ictc/other/tools/QuestaDVA/questasim/verilog_src/uvm-1.2/src/reg/uvm_reg_predictor.svh(221) @ 1670067000: uvm_test_top.env.ahb_predictor [REG_PREDICT] Observed WRITE transaction to register regmodel.TBR: value='h6d3ad122 : updated value = 'h22
# UVM_INFO ./../tb/dut_scoreboard.sv(50) @ 1670067000: uvm_test_top.env.dut_sb [SCOREBOARD] 
# ===== Captured data from AHB: 0x6d3ad122
# UVM_INFO ./../tb/dut_scoreboard.sv(71) @ 1670067000: uvm_test_top.env.dut_sb [dut_scoreboard] 
# 
# =====[UART TXD] Data comparison =====
# 
# UVM_ERROR ./../tb/dut_scoreboard.sv(76) @ 1670067000: uvm_test_top.env.dut_sb [dut_scoreboard] 
# =====[DATA FRAME: 8] FAILED!!! Expected value is 0x22, Actual data is 0x48 =====
# UVM_INFO ./../tb/dut_scoreboard.sv(82) @ 1670067000: uvm_test_top.env.dut_sb [dut_scoreboard] 
# 
# =====[UART TXD] Parity comparison =====
# 
# UVM_INFO ./../tb/dut_scoreboard.sv(88) @ 1670067000: uvm_test_top.env.dut_sb [dut_scoreboard] 
# =====[PARITY MODE: 10] PASSED SUCCESSFULLY!!! =====
# UVM_INFO ./../vip/uart_vip/uart_monitor.sv(95) @ 1671412000: uvm_test_top.env.uart_agt.monitor [uart_monitor] 
# ===== Baud rate actual is      58824, Baud rate expected is     115200 =====
# UVM_INFO ./../vip/uart_vip/uart_monitor.sv(181) @ 1671573000: uvm_test_top.env.uart_agt.monitor [uart_monitor] Data read from DUT is -------------------------------------------
# Name         Type              Size  Value 
# -------------------------------------------
# trans        uart_transaction  -     @23557
#   direction  direction_e       32    RX    
#   data       integral          9     'h22  
#   parity     integral          1     'h1   
#   stop_bit   integral          2     'h1   
#   baud_rate  integral          32    'h0   
# -------------------------------------------
# 
# UVM_INFO ./../tb/dut_scoreboard.sv(58) @ 1671573000: uvm_test_top.env.dut_sb [SCOREBOARD] 
# ===== Captured data from UART: 0x22
# UVM_INFO /ictc/other/tools/QuestaDVA/questasim/verilog_src/uvm-1.2/src/base/uvm_objection.svh(1271) @ 1680067000: reporter [TEST_DONE] 'run' phase is ready to proceed to the 'extract' phase
# UVM_INFO ./../testcases/base_test.sv(55) @ 1680067000: uvm_test_top [uart_txd_x16_random] -----------------------------------
# UVM_INFO ./../testcases/base_test.sv(56) @ 1680067000: uvm_test_top [uart_txd_x16_random] ---         FAILED!!!           ---
# UVM_INFO ./../testcases/base_test.sv(57) @ 1680067000: uvm_test_top [uart_txd_x16_random] -----------------------------------
# UVM_INFO /ictc/other/tools/QuestaDVA/questasim/verilog_src/uvm-1.2/src/base/uvm_report_server.svh(847) @ 1680067000: reporter [UVM/REPORT/SERVER] 
# --- UVM Report Summary ---
# 
# ** Report counts by severity
# UVM_INFO : 3018
# UVM_WARNING :    0
# UVM_ERROR :  241
# UVM_FATAL :    0
# ** Report counts by id
# [NO_DPI_TSTNAME]     1
# [REG_PREDICT]   840
# [RNTST]     1
# [SCOREBOARD]   354
# [TEST_DONE]     1
# [UVM/COMP/NAMECHECK]     1
# [UVM/RELNOTES]     1
# [UVMTOP]     1
# [ahb_agent]     1
# [dut_scoreboard]   672
# [uart_agent]     1
# [uart_monitor]   374
# [uart_reg2ahb_adapter]   840
# [uart_txd_x16_random]   171
# 
# ** Note: $finish    : /ictc/other/tools/QuestaDVA/questasim/verilog_src/uvm-1.2/src/base/uvm_root.svh(517)
#    Time: 1680067350 ns  Iteration: 68  Instance: /testbench
# End time: 19:55:47 on Aug 03,2026, Elapsed time: 0:01:37
# Errors: 0, Warnings: 0
