# vsim -sv_seed 1 -voptargs="+acc" -assertdebug -c testbench -do " log -r /*;run -all;" -l uart_txd_x16_random_1.log "+UVM_TESTNAME=uart_txd_x16_random" "+UVM_VERBOSITY=UVM_HIGH" 
# Start time: 21:17:27 on Aug 03,2026
# Loading /tmp/khaminh_3008@ictc-eda-ldap.ipa.test_dpi_99360/linux_x86_64_gcc-11/export_tramp.so
# ** Note: (vsim-3813) Design is being optimized due to module recompilation...
# ** Warning: ./../testcases/uart_txd_x16_parity.sv(20): (vopt-2240) Treating stand-alone use of function 'randomize' as an implicit VOID cast.
# ** Warning: ./../testcases/uart_txd_x16_data_frame.sv(20): (vopt-2240) Treating stand-alone use of function 'randomize' as an implicit VOID cast.
# ** Warning: ./../testcases/uart_txd_x16_stop_bit.sv(20): (vopt-2240) Treating stand-alone use of function 'randomize' as an implicit VOID cast.
# ** Warning: ./../testcases/uart_txd_x16_baud_rate.sv(22): (vopt-2240) Treating stand-alone use of function 'randomize' as an implicit VOID cast.
# ** Warning: ./../testcases/uart_txd_x16_random.sv(26): (vopt-2240) Treating stand-alone use of function 'randomize' as an implicit VOID cast.
# //  Questa Sim-64
# //  Version 10.6d_1 linux_x86_64 Apr 11 2018
# //
# //  Copyright 1991-2018 Mentor Graphics Corporation
# //  All Rights Reserved.
# //
# //  QuestaSim and its associated documentation contain trade
# //  secrets and commercial or financial information that are the property of
# //  Mentor Graphics Corporation and are privileged, confidential,
# //  and exempt from disclosure under the Freedom of Information Act,
# //  5 U.S.C. Section 552. Furthermore, this information
# //  is prohibited from disclosure under the Trade Secrets Act,
# //  18 U.S.C. Section 1905.
# //
# Loading sv_std.std
# Loading work.uart_if(fast)
# Loading work.ahb_if(fast)
# Loading work.uvm_pkg(fast)
# Loading work.uart_register_pkg(fast)
# ** Note: (vsim-8785) UVM-aware debugging capabilities will be disabled since no compiled "questa_uvm_pkg" can be found.
# This also means that later if you turn on UVM-aware debugging your debug simulations may have
# different random seeds from your non-debug simulations.
# Loading work.ahb_pkg(fast)
# Loading work.uart_regmodel_pkg(fast)
# Loading work.uart_pkg(fast)
# Loading work.seq_pkg(fast)
# Loading work.env_pkg(fast)
# Loading work.test_pkg(fast)
# Loading work.testbench(fast)
# Loading work.ahb_if(fast)
# Loading work.uart_if(fast)
# Loading work.uart_top(fast)
# Loading work.cmsdk_ahb_to_apb(fast)
# Loading work.apb_decoder(fast)
# Loading work.uart_fifo(fast)
# Loading work.uart_transmitter(fast)
# Loading work.uart_receiver(fast)
# Loading work.uart_interrupt(fast)
# Loading work.baud_generator(fast)
# Compiling /tmp/khaminh_3008@ictc-eda-ldap.ipa.test_dpi_99360/linux_x86_64_gcc-5.3.0/exportwrapper.c
# Compiling /tmp/khaminh_3008@ictc-eda-ldap.ipa.test_dpi_99360/linux_x86_64_gcc-11/exportwrapper.c
# Loading /tmp/khaminh_3008@ictc-eda-ldap.ipa.test_dpi_99360/linux_x86_64_gcc-11/vsim_auto_compile.so
#  log -r /*
# run -all
# UVM_INFO /ictc/other/tools/QuestaDVA/questasim/verilog_src/uvm-1.2/src/base/uvm_root.svh(392) @ 0: reporter [UVM/RELNOTES] 
# ----------------------------------------------------------------
# UVM-1.2
# (C) 2007-2014 Mentor Graphics Corporation
# (C) 2007-2014 Cadence Design Systems, Inc.
# (C) 2006-2014 Synopsys, Inc.
# (C) 2011-2013 Cypress Semiconductor Corp.
# (C) 2013-2014 NVIDIA Corporation
# ----------------------------------------------------------------
# 
#   ***********       IMPORTANT RELEASE NOTES         ************
# 
#   You are using a version of the UVM library that has been compiled
#   with `UVM_NO_DEPRECATED undefined.
#   See http://www.eda.org/svdb/view.php?id=3313 for more details.
# 
#   You are using a version of the UVM library that has been compiled
#   with `UVM_OBJECT_DO_NOT_NEED_CONSTRUCTOR undefined.
#   See http://www.eda.org/svdb/view.php?id=3770 for more details.
# 
#       (Specify +UVM_NO_RELNOTES to turn off this notice)
# 
# UVM_INFO /ictc/other/tools/QuestaDVA/questasim/verilog_src/uvm-1.2/src/base/uvm_root.svh(453) @ 0: reporter [NO_DPI_TSTNAME] UVM_NO_DPI defined--getting UVM_TESTNAME directly, without DPI
# UVM_INFO @ 0: reporter [RNTST] Running test uart_txd_x16_random...
# UVM_INFO ./../vip/ahb_vip/ahb_agent.sv(20) @ 0: uvm_test_top.env.ahb_agt [ahb_agent] Active agent is configued
# UVM_INFO ./../tb/dut_scoreboard.sv(27) @ 0: uvm_test_top.env.dut_sb [dut_scoreboard] --------------------------------------------------------------
# Name                Type                Size  Value           
# --------------------------------------------------------------
# cfg                 uart_configuration  -     @360            
#   parity_mode       parity_mode_e       32    UART_PARITY_NONE
#   sampling          sampling_mode_e     32    MODE_X16        
#   data_width        integral            32    'h0             
#   num_of_stop_bit   integral            32    'h0             
#   baud_rate         integral            32    'h0             
#   baud_rate_enable  integral            1     'h0             
#   parity_enable     integral            1     'h0             
# --------------------------------------------------------------
# 
# UVM_INFO ./../vip/uart_vip/uart_agent.sv(25) @ 0: uvm_test_top.env.uart_agt [uart_agent] Active agent is configured
# UVM_INFO /ictc/other/tools/QuestaDVA/questasim/verilog_src/uvm-1.2/src/base/uvm_root.svh(579) @ 0: reporter [UVMTOP] UVM testbench topology:
# ----------------------------------------------------------------------------
# Name                       Type                                  Size  Value
# ----------------------------------------------------------------------------
# uvm_test_top               uart_txd_x16_random                   -     @347 
#   env                      dut_environment                       -     @371 
#     ahb_agt                ahb_agent                             -     @392 
#       driver               ahb_driver                            -     @499 
#         rsp_port           uvm_analysis_port                     -     @518 
#         seq_item_port      uvm_seq_item_pull_port                -     @508 
#       monitor              ahb_monitor                           -     @665 
#         a_port             uvm_analysis_port                     -     @674 
#       sequencer            ahb_sequencer                         -     @528 
#         rsp_export         uvm_analysis_export                   -     @537 
#         seq_item_export    uvm_seq_item_pull_imp                 -     @655 
#         arbitration_queue  array                                 0     -    
#         lock_queue         array                                 0     -    
#         num_last_reqs      integral                              32    'd1  
#         num_last_rsps      integral                              32    'd1  
#     ahb_predictor          uvm_reg_predictor #(ahb_transaction)  -     @410 
#       bus_in               uvm_analysis_imp                      -     @419 
#       reg_ap               uvm_analysis_port                     -     @429 
#     dut_sb                 dut_scoreboard                        -     @383 
#       ahb_a_export         uvm_analysis_imp_ahb                  -     @694 
#       uart_a_export        uvm_analysis_imp_uart                 -     @704 
#     uart_agt               uart_agent                            -     @401 
#       driver               uart_driver                           -     @722 
#         rsp_port           uvm_analysis_port                     -     @741 
#         seq_item_port      uvm_seq_item_pull_port                -     @731 
#         uart_a_port        uvm_analysis_port                     -     @751 
#       monitor              uart_monitor                          -     @761 
#         uart_a_port        uvm_analysis_port                     -     @770 
#       sequencer            uart_sequencer                        -     @780 
#         rsp_export         uvm_analysis_export                   -     @789 
#         seq_item_export    uvm_seq_item_pull_imp                 -     @907 
#         arbitration_queue  array                                 0     -    
#         lock_queue         array                                 0     -    
#         num_last_reqs      integral                              32    'd1  
#         num_last_rsps      integral                              32    'd1  
# ----------------------------------------------------------------------------
# 
# UVM_INFO /ictc/other/tools/QuestaDVA/questasim/verilog_src/uvm-1.2/src/base/uvm_traversal.svh(279) @ 0: reporter [UVM/COMP/NAMECHECK] This implementation of the component name checks requires DPI to be enabled
# UVM_INFO ./../testcases/uart_txd_x16_random.sv(35) @ 0: uvm_test_top [uart_txd_x16_random] --------------------------------------------------------------
# Name                Type                Size  Value           
# --------------------------------------------------------------
# cfg                 uart_configuration  -     @360            
#   parity_mode       parity_mode_e       32    UART_PARITY_NONE
#   sampling          sampling_mode_e     32    MODE_X16        
#   data_width        integral            32    'h5             
#   num_of_stop_bit   integral            32    'h1             
#   baud_rate         integral            32    'h960           
#   baud_rate_enable  integral            1     'h0             
#   parity_enable     integral            1     'h0             
# --------------------------------------------------------------
# 
# UVM_INFO ./../regmodel/uart_reg2ahb_adapter.sv(42) @ 0: reporter [uart_reg2ahb_adapter] bus2reg: address = 0x0 data = 0x0 kind = UVM_WRITE status = UVM_IS_OK
# UVM_INFO /ictc/other/tools/QuestaDVA/questasim/verilog_src/uvm-1.2/src/reg/uvm_reg_predictor.svh(221) @ 0: uvm_test_top.env.ahb_predictor [REG_PREDICT] Observed WRITE transaction to register regmodel.MDR: value='h0 : updated value = 'h0
# UVM_INFO ./../regmodel/uart_reg2ahb_adapter.sv(42) @ 0: reporter [uart_reg2ahb_adapter] bus2reg: address = 0x4 data = 0x2c kind = UVM_WRITE status = UVM_IS_OK
# UVM_INFO /ictc/other/tools/QuestaDVA/questasim/verilog_src/uvm-1.2/src/reg/uvm_reg_predictor.svh(221) @ 0: uvm_test_top.env.ahb_predictor [REG_PREDICT] Observed WRITE transaction to register regmodel.DLL: value='h2c : updated value = 'h2c
# UVM_INFO ./../regmodel/uart_reg2ahb_adapter.sv(42) @ 0: reporter [uart_reg2ahb_adapter] bus2reg: address = 0x8 data = 0xa kind = UVM_WRITE status = UVM_IS_OK
# UVM_INFO /ictc/other/tools/QuestaDVA/questasim/verilog_src/uvm-1.2/src/reg/uvm_reg_predictor.svh(221) @ 0: uvm_test_top.env.ahb_predictor [REG_PREDICT] Observed WRITE transaction to register regmodel.DLH: value='ha : updated value = 'ha
# UVM_INFO ./../regmodel/uart_reg2ahb_adapter.sv(42) @ 0: reporter [uart_reg2ahb_adapter] bus2reg: address = 0xc data = 0x20 kind = UVM_WRITE status = UVM_IS_OK
# UVM_INFO /ictc/other/tools/QuestaDVA/questasim/verilog_src/uvm-1.2/src/reg/uvm_reg_predictor.svh(221) @ 0: uvm_test_top.env.ahb_predictor [REG_PREDICT] Observed WRITE transaction to register regmodel.LCR: value='h20 : updated value = 'h20
# UVM_INFO ./../regmodel/uart_reg2ahb_adapter.sv(42) @ 1000: reporter [uart_reg2ahb_adapter] bus2reg: address = 0x18 data = 0x33f9e439 kind = UVM_WRITE status = UVM_IS_OK
# UVM_INFO /ictc/other/tools/QuestaDVA/questasim/verilog_src/uvm-1.2/src/reg/uvm_reg_predictor.svh(221) @ 1000: uvm_test_top.env.ahb_predictor [REG_PREDICT] Observed WRITE transaction to register regmodel.TBR: value='h33f9e439 : updated value = 'h39
# UVM_INFO ./../tb/dut_scoreboard.sv(52) @ 1000: uvm_test_top.env.dut_sb [SCOREBOARD] 
# ===== Captured data from AHB: 0x33f9e439
# UVM_INFO ./../tb/dut_scoreboard.sv(60) @ 5467000: uvm_test_top.env.dut_sb [SCOREBOARD] 
# ===== Captured data from UART: 0x19
# UVM_INFO ./../tb/dut_scoreboard.sv(73) @ 5467000: uvm_test_top.env.dut_sb [dut_scoreboard] 
# 
# =====[UART TXD] Data comparison =====
# 
# UVM_INFO ./../tb/dut_scoreboard.sv(81) @ 5467000: uvm_test_top.env.dut_sb [dut_scoreboard] 
# =====[DATA FRAME: 5] PASSED SUCCESSFULLY!!! =====
# UVM_INFO ./../tb/dut_scoreboard.sv(84) @ 5467000: uvm_test_top.env.dut_sb [dut_scoreboard] 
# 
# =====[UART TXD] Parity comparison =====
# 
# UVM_INFO ./../tb/dut_scoreboard.sv(90) @ 5467000: uvm_test_top.env.dut_sb [dut_scoreboard] 
# =====[PARITY MODE: 0] PASSED SUCCESSFULLY!!! =====
# UVM_INFO ./../testcases/uart_txd_x16_random.sv(35) @ 10001000: uvm_test_top [uart_txd_x16_random] --------------------------------------------------------------
# Name                Type                Size  Value           
# --------------------------------------------------------------
# cfg                 uart_configuration  -     @360            
#   parity_mode       parity_mode_e       32    UART_PARITY_NONE
#   sampling          sampling_mode_e     32    MODE_X16        
#   data_width        integral            32    'h5             
#   num_of_stop_bit   integral            32    'h1             
#   baud_rate         integral            32    'h12c0          
#   baud_rate_enable  integral            1     'h0             
#   parity_enable     integral            1     'h0             
# --------------------------------------------------------------
# 
# UVM_INFO ./../regmodel/uart_reg2ahb_adapter.sv(42) @ 10001000: reporter [uart_reg2ahb_adapter] bus2reg: address = 0x0 data = 0x0 kind = UVM_WRITE status = UVM_IS_OK
# UVM_INFO /ictc/other/tools/QuestaDVA/questasim/verilog_src/uvm-1.2/src/reg/uvm_reg_predictor.svh(221) @ 10001000: uvm_test_top.env.ahb_predictor [REG_PREDICT] Observed WRITE transaction to register regmodel.MDR: value='h0 : updated value = 'h0
# UVM_INFO ./../regmodel/uart_reg2ahb_adapter.sv(42) @ 10001000: reporter [uart_reg2ahb_adapter] bus2reg: address = 0x4 data = 0x16 kind = UVM_WRITE status = UVM_IS_OK
# UVM_INFO /ictc/other/tools/QuestaDVA/questasim/verilog_src/uvm-1.2/src/reg/uvm_reg_predictor.svh(221) @ 10001000: uvm_test_top.env.ahb_predictor [REG_PREDICT] Observed WRITE transaction to register regmodel.DLL: value='h16 : updated value = 'h16
# UVM_INFO ./../regmodel/uart_reg2ahb_adapter.sv(42) @ 10001000: reporter [uart_reg2ahb_adapter] bus2reg: address = 0x8 data = 0x5 kind = UVM_WRITE status = UVM_IS_OK
# UVM_INFO /ictc/other/tools/QuestaDVA/questasim/verilog_src/uvm-1.2/src/reg/uvm_reg_predictor.svh(221) @ 10001000: uvm_test_top.env.ahb_predictor [REG_PREDICT] Observed WRITE transaction to register regmodel.DLH: value='h5 : updated value = 'h5
# UVM_INFO ./../regmodel/uart_reg2ahb_adapter.sv(42) @ 10001000: reporter [uart_reg2ahb_adapter] bus2reg: address = 0xc data = 0x20 kind = UVM_WRITE status = UVM_IS_OK
# UVM_INFO /ictc/other/tools/QuestaDVA/questasim/verilog_src/uvm-1.2/src/reg/uvm_reg_predictor.svh(221) @ 10001000: uvm_test_top.env.ahb_predictor [REG_PREDICT] Observed WRITE transaction to register regmodel.LCR: value='h20 : updated value = 'h20
# UVM_INFO ./../regmodel/uart_reg2ahb_adapter.sv(42) @ 10001000: reporter [uart_reg2ahb_adapter] bus2reg: address = 0x18 data = 0xf9625ca kind = UVM_WRITE status = UVM_IS_OK
# UVM_INFO /ictc/other/tools/QuestaDVA/questasim/verilog_src/uvm-1.2/src/reg/uvm_reg_predictor.svh(221) @ 10001000: uvm_test_top.env.ahb_predictor [REG_PREDICT] Observed WRITE transaction to register regmodel.TBR: value='hf9625ca : updated value = 'hca
# UVM_INFO ./../tb/dut_scoreboard.sv(52) @ 10001000: uvm_test_top.env.dut_sb [SCOREBOARD] 
# ===== Captured data from AHB: 0xf9625ca
# UVM_INFO ./../tb/dut_scoreboard.sv(60) @ 12736000: uvm_test_top.env.dut_sb [SCOREBOARD] 
# ===== Captured data from UART: 0xa
# UVM_INFO ./../tb/dut_scoreboard.sv(73) @ 12736000: uvm_test_top.env.dut_sb [dut_scoreboard] 
# 
# =====[UART TXD] Data comparison =====
# 
# UVM_INFO ./../tb/dut_scoreboard.sv(81) @ 12736000: uvm_test_top.env.dut_sb [dut_scoreboard] 
# =====[DATA FRAME: 5] PASSED SUCCESSFULLY!!! =====
# UVM_INFO ./../tb/dut_scoreboard.sv(84) @ 12736000: uvm_test_top.env.dut_sb [dut_scoreboard] 
# 
# =====[UART TXD] Parity comparison =====
# 
# UVM_INFO ./../tb/dut_scoreboard.sv(90) @ 12736000: uvm_test_top.env.dut_sb [dut_scoreboard] 
# =====[PARITY MODE: 0] PASSED SUCCESSFULLY!!! =====
# UVM_INFO ./../testcases/uart_txd_x16_random.sv(35) @ 20001000: uvm_test_top [uart_txd_x16_random] --------------------------------------------------------------
# Name                Type                Size  Value           
# --------------------------------------------------------------
# cfg                 uart_configuration  -     @360            
#   parity_mode       parity_mode_e       32    UART_PARITY_NONE
#   sampling          sampling_mode_e     32    MODE_X16        
#   data_width        integral            32    'h5             
#   num_of_stop_bit   integral            32    'h1             
#   baud_rate         integral            32    'h2580          
#   baud_rate_enable  integral            1     'h0             
#   parity_enable     integral            1     'h0             
# --------------------------------------------------------------
# 
# UVM_INFO ./../regmodel/uart_reg2ahb_adapter.sv(42) @ 20001000: reporter [uart_reg2ahb_adapter] bus2reg: address = 0x0 data = 0x0 kind = UVM_WRITE status = UVM_IS_OK
# UVM_INFO /ictc/other/tools/QuestaDVA/questasim/verilog_src/uvm-1.2/src/reg/uvm_reg_predictor.svh(221) @ 20001000: uvm_test_top.env.ahb_predictor [REG_PREDICT] Observed WRITE transaction to register regmodel.MDR: value='h0 : updated value = 'h0
# UVM_INFO ./../regmodel/uart_reg2ahb_adapter.sv(42) @ 20001000: reporter [uart_reg2ahb_adapter] bus2reg: address = 0x4 data = 0x8b kind = UVM_WRITE status = UVM_IS_OK
# UVM_INFO /ictc/other/tools/QuestaDVA/questasim/verilog_src/uvm-1.2/src/reg/uvm_reg_predictor.svh(221) @ 20001000: uvm_test_top.env.ahb_predictor [REG_PREDICT] Observed WRITE transaction to register regmodel.DLL: value='h8b : updated value = 'h8b
# UVM_INFO ./../regmodel/uart_reg2ahb_adapter.sv(42) @ 20001000: reporter [uart_reg2ahb_adapter] bus2reg: address = 0x8 data = 0x2 kind = UVM_WRITE status = UVM_IS_OK
# UVM_INFO /ictc/other/tools/QuestaDVA/questasim/verilog_src/uvm-1.2/src/reg/uvm_reg_predictor.svh(221) @ 20001000: uvm_test_top.env.ahb_predictor [REG_PREDICT] Observed WRITE transaction to register regmodel.DLH: value='h2 : updated value = 'h2
# UVM_INFO ./../regmodel/uart_reg2ahb_adapter.sv(42) @ 20001000: reporter [uart_reg2ahb_adapter] bus2reg: address = 0xc data = 0x20 kind = UVM_WRITE status = UVM_IS_OK
# UVM_INFO /ictc/other/tools/QuestaDVA/questasim/verilog_src/uvm-1.2/src/reg/uvm_reg_predictor.svh(221) @ 20001000: uvm_test_top.env.ahb_predictor [REG_PREDICT] Observed WRITE transaction to register regmodel.LCR: value='h20 : updated value = 'h20
# UVM_INFO ./../regmodel/uart_reg2ahb_adapter.sv(42) @ 20001000: reporter [uart_reg2ahb_adapter] bus2reg: address = 0x18 data = 0x7d0b6a55 kind = UVM_WRITE status = UVM_IS_OK
# UVM_INFO /ictc/other/tools/QuestaDVA/questasim/verilog_src/uvm-1.2/src/reg/uvm_reg_predictor.svh(221) @ 20001000: uvm_test_top.env.ahb_predictor [REG_PREDICT] Observed WRITE transaction to register regmodel.TBR: value='h7d0b6a55 : updated value = 'h55
# UVM_INFO ./../tb/dut_scoreboard.sv(52) @ 20001000: uvm_test_top.env.dut_sb [SCOREBOARD] 
# ===== Captured data from AHB: 0x7d0b6a55
# UVM_INFO ./../tb/dut_scoreboard.sv(60) @ 21364000: uvm_test_top.env.dut_sb [SCOREBOARD] 
# ===== Captured data from UART: 0x15
# UVM_INFO ./../tb/dut_scoreboard.sv(73) @ 21364000: uvm_test_top.env.dut_sb [dut_scoreboard] 
# 
# =====[UART TXD] Data comparison =====
# 
# UVM_INFO ./../tb/dut_scoreboard.sv(81) @ 21364000: uvm_test_top.env.dut_sb [dut_scoreboard] 
# =====[DATA FRAME: 5] PASSED SUCCESSFULLY!!! =====
# UVM_INFO ./../tb/dut_scoreboard.sv(84) @ 21364000: uvm_test_top.env.dut_sb [dut_scoreboard] 
# 
# =====[UART TXD] Parity comparison =====
# 
# UVM_INFO ./../tb/dut_scoreboard.sv(90) @ 21364000: uvm_test_top.env.dut_sb [dut_scoreboard] 
# =====[PARITY MODE: 0] PASSED SUCCESSFULLY!!! =====
# UVM_INFO ./../testcases/uart_txd_x16_random.sv(35) @ 30001000: uvm_test_top [uart_txd_x16_random] --------------------------------------------------------------
# Name                Type                Size  Value           
# --------------------------------------------------------------
# cfg                 uart_configuration  -     @360            
#   parity_mode       parity_mode_e       32    UART_PARITY_NONE
#   sampling          sampling_mode_e     32    MODE_X16        
#   data_width        integral            32    'h5             
#   num_of_stop_bit   integral            32    'h1             
#   baud_rate         integral            32    'h4b00          
#   baud_rate_enable  integral            1     'h0             
#   parity_enable     integral            1     'h0             
# --------------------------------------------------------------
# 
# UVM_INFO ./../regmodel/uart_reg2ahb_adapter.sv(42) @ 30001000: reporter [uart_reg2ahb_adapter] bus2reg: address = 0x0 data = 0x0 kind = UVM_WRITE status = UVM_IS_OK
# UVM_INFO /ictc/other/tools/QuestaDVA/questasim/verilog_src/uvm-1.2/src/reg/uvm_reg_predictor.svh(221) @ 30001000: uvm_test_top.env.ahb_predictor [REG_PREDICT] Observed WRITE transaction to register regmodel.MDR: value='h0 : updated value = 'h0
# UVM_INFO ./../regmodel/uart_reg2ahb_adapter.sv(42) @ 30001000: reporter [uart_reg2ahb_adapter] bus2reg: address = 0x4 data = 0x45 kind = UVM_WRITE status = UVM_IS_OK
# UVM_INFO /ictc/other/tools/QuestaDVA/questasim/verilog_src/uvm-1.2/src/reg/uvm_reg_predictor.svh(221) @ 30001000: uvm_test_top.env.ahb_predictor [REG_PREDICT] Observed WRITE transaction to register regmodel.DLL: value='h45 : updated value = 'h45
# UVM_INFO ./../regmodel/uart_reg2ahb_adapter.sv(42) @ 30002000: reporter [uart_reg2ahb_adapter] bus2reg: address = 0x8 data = 0x1 kind = UVM_WRITE status = UVM_IS_OK
# UVM_INFO /ictc/other/tools/QuestaDVA/questasim/verilog_src/uvm-1.2/src/reg/uvm_reg_predictor.svh(221) @ 30002000: uvm_test_top.env.ahb_predictor [REG_PREDICT] Observed WRITE transaction to register regmodel.DLH: value='h1 : updated value = 'h1
# UVM_INFO ./../regmodel/uart_reg2ahb_adapter.sv(42) @ 30002000: reporter [uart_reg2ahb_adapter] bus2reg: address = 0xc data = 0x20 kind = UVM_WRITE status = UVM_IS_OK
# UVM_INFO /ictc/other/tools/QuestaDVA/questasim/verilog_src/uvm-1.2/src/reg/uvm_reg_predictor.svh(221) @ 30002000: uvm_test_top.env.ahb_predictor [REG_PREDICT] Observed WRITE transaction to register regmodel.LCR: value='h20 : updated value = 'h20
# UVM_INFO ./../regmodel/uart_reg2ahb_adapter.sv(42) @ 30002000: reporter [uart_reg2ahb_adapter] bus2reg: address = 0x18 data = 0xa8122517 kind = UVM_WRITE status = UVM_IS_OK
# UVM_INFO /ictc/other/tools/QuestaDVA/questasim/verilog_src/uvm-1.2/src/reg/uvm_reg_predictor.svh(221) @ 30002000: uvm_test_top.env.ahb_predictor [REG_PREDICT] Observed WRITE transaction to register regmodel.TBR: value='ha8122517 : updated value = 'h17
# UVM_INFO ./../tb/dut_scoreboard.sv(52) @ 30002000: uvm_test_top.env.dut_sb [SCOREBOARD] 
# ===== Captured data from AHB: 0xa8122517
# UVM_INFO ./../tb/dut_scoreboard.sv(60) @ 30681000: uvm_test_top.env.dut_sb [SCOREBOARD] 
# ===== Captured data from UART: 0x17
# UVM_INFO ./../tb/dut_scoreboard.sv(73) @ 30681000: uvm_test_top.env.dut_sb [dut_scoreboard] 
# 
# =====[UART TXD] Data comparison =====
# 
# UVM_INFO ./../tb/dut_scoreboard.sv(81) @ 30681000: uvm_test_top.env.dut_sb [dut_scoreboard] 
# =====[DATA FRAME: 5] PASSED SUCCESSFULLY!!! =====
# UVM_INFO ./../tb/dut_scoreboard.sv(84) @ 30681000: uvm_test_top.env.dut_sb [dut_scoreboard] 
# 
# =====[UART TXD] Parity comparison =====
# 
# UVM_INFO ./../tb/dut_scoreboard.sv(90) @ 30681000: uvm_test_top.env.dut_sb [dut_scoreboard] 
# =====[PARITY MODE: 0] PASSED SUCCESSFULLY!!! =====
# UVM_INFO ./../testcases/uart_txd_x16_random.sv(35) @ 40002000: uvm_test_top [uart_txd_x16_random] --------------------------------------------------------------
# Name                Type                Size  Value           
# --------------------------------------------------------------
# cfg                 uart_configuration  -     @360            
#   parity_mode       parity_mode_e       32    UART_PARITY_NONE
#   sampling          sampling_mode_e     32    MODE_X16        
#   data_width        integral            32    'h5             
#   num_of_stop_bit   integral            32    'h1             
#   baud_rate         integral            32    'h9600          
#   baud_rate_enable  integral            1     'h0             
#   parity_enable     integral            1     'h0             
# --------------------------------------------------------------
# 
# UVM_INFO ./../regmodel/uart_reg2ahb_adapter.sv(42) @ 40002000: reporter [uart_reg2ahb_adapter] bus2reg: address = 0x0 data = 0x0 kind = UVM_WRITE status = UVM_IS_OK
# UVM_INFO /ictc/other/tools/QuestaDVA/questasim/verilog_src/uvm-1.2/src/reg/uvm_reg_predictor.svh(221) @ 40002000: uvm_test_top.env.ahb_predictor [REG_PREDICT] Observed WRITE transaction to register regmodel.MDR: value='h0 : updated value = 'h0
# UVM_INFO ./../regmodel/uart_reg2ahb_adapter.sv(42) @ 40002000: reporter [uart_reg2ahb_adapter] bus2reg: address = 0x4 data = 0xa4 kind = UVM_WRITE status = UVM_IS_OK
# UVM_INFO /ictc/other/tools/QuestaDVA/questasim/verilog_src/uvm-1.2/src/reg/uvm_reg_predictor.svh(221) @ 40002000: uvm_test_top.env.ahb_predictor [REG_PREDICT] Observed WRITE transaction to register regmodel.DLL: value='ha4 : updated value = 'ha4
# UVM_INFO ./../regmodel/uart_reg2ahb_adapter.sv(42) @ 40002000: reporter [uart_reg2ahb_adapter] bus2reg: address = 0x8 data = 0x0 kind = UVM_WRITE status = UVM_IS_OK
# UVM_INFO /ictc/other/tools/QuestaDVA/questasim/verilog_src/uvm-1.2/src/reg/uvm_reg_predictor.svh(221) @ 40002000: uvm_test_top.env.ahb_predictor [REG_PREDICT] Observed WRITE transaction to register regmodel.DLH: value='h0 : updated value = 'h0
# UVM_INFO ./../regmodel/uart_reg2ahb_adapter.sv(42) @ 40002000: reporter [uart_reg2ahb_adapter] bus2reg: address = 0xc data = 0x20 kind = UVM_WRITE status = UVM_IS_OK
# UVM_INFO /ictc/other/tools/QuestaDVA/questasim/verilog_src/uvm-1.2/src/reg/uvm_reg_predictor.svh(221) @ 40002000: uvm_test_top.env.ahb_predictor [REG_PREDICT] Observed WRITE transaction to register regmodel.LCR: value='h20 : updated value = 'h20
# UVM_INFO ./../regmodel/uart_reg2ahb_adapter.sv(42) @ 40002000: reporter [uart_reg2ahb_adapter] bus2reg: address = 0x18 data = 0x3505dc5a kind = UVM_WRITE status = UVM_IS_OK
# UVM_INFO /ictc/other/tools/QuestaDVA/questasim/verilog_src/uvm-1.2/src/reg/uvm_reg_predictor.svh(221) @ 40002000: uvm_test_top.env.ahb_predictor [REG_PREDICT] Observed WRITE transaction to register regmodel.TBR: value='h3505dc5a : updated value = 'h5a
# UVM_INFO ./../tb/dut_scoreboard.sv(52) @ 40002000: uvm_test_top.env.dut_sb [SCOREBOARD] 
# ===== Captured data from AHB: 0x3505dc5a
# UVM_INFO ./../tb/dut_scoreboard.sv(60) @ 41648000: uvm_test_top.env.dut_sb [SCOREBOARD] 
# ===== Captured data from UART: 0x1a
# UVM_INFO ./../tb/dut_scoreboard.sv(73) @ 41648000: uvm_test_top.env.dut_sb [dut_scoreboard] 
# 
# =====[UART TXD] Data comparison =====
# 
# UVM_INFO ./../tb/dut_scoreboard.sv(81) @ 41648000: uvm_test_top.env.dut_sb [dut_scoreboard] 
# =====[DATA FRAME: 5] PASSED SUCCESSFULLY!!! =====
# UVM_INFO ./../tb/dut_scoreboard.sv(84) @ 41648000: uvm_test_top.env.dut_sb [dut_scoreboard] 
# 
# =====[UART TXD] Parity comparison =====
# 
# UVM_INFO ./../tb/dut_scoreboard.sv(90) @ 41648000: uvm_test_top.env.dut_sb [dut_scoreboard] 
# =====[PARITY MODE: 0] PASSED SUCCESSFULLY!!! =====
# UVM_INFO ./../testcases/uart_txd_x16_random.sv(35) @ 50002000: uvm_test_top [uart_txd_x16_random] --------------------------------------------------------------
# Name                Type                Size  Value           
# --------------------------------------------------------------
# cfg                 uart_configuration  -     @360            
#   parity_mode       parity_mode_e       32    UART_PARITY_NONE
#   sampling          sampling_mode_e     32    MODE_X16        
#   data_width        integral            32    'h5             
#   num_of_stop_bit   integral            32    'h1             
#   baud_rate         integral            32    'h12c00         
#   baud_rate_enable  integral            1     'h0             
#   parity_enable     integral            1     'h0             
# --------------------------------------------------------------
# 
# UVM_INFO ./../regmodel/uart_reg2ahb_adapter.sv(42) @ 50002000: reporter [uart_reg2ahb_adapter] bus2reg: address = 0x0 data = 0x0 kind = UVM_WRITE status = UVM_IS_OK
# UVM_INFO /ictc/other/tools/QuestaDVA/questasim/verilog_src/uvm-1.2/src/reg/uvm_reg_predictor.svh(221) @ 50002000: uvm_test_top.env.ahb_predictor [REG_PREDICT] Observed WRITE transaction to register regmodel.MDR: value='h0 : updated value = 'h0
# UVM_INFO ./../regmodel/uart_reg2ahb_adapter.sv(42) @ 50002000: reporter [uart_reg2ahb_adapter] bus2reg: address = 0x4 data = 0x51 kind = UVM_WRITE status = UVM_IS_OK
# UVM_INFO /ictc/other/tools/QuestaDVA/questasim/verilog_src/uvm-1.2/src/reg/uvm_reg_predictor.svh(221) @ 50002000: uvm_test_top.env.ahb_predictor [REG_PREDICT] Observed WRITE transaction to register regmodel.DLL: value='h51 : updated value = 'h51
# UVM_INFO ./../regmodel/uart_reg2ahb_adapter.sv(42) @ 50002000: reporter [uart_reg2ahb_adapter] bus2reg: address = 0x8 data = 0x0 kind = UVM_WRITE status = UVM_IS_OK
# UVM_INFO /ictc/other/tools/QuestaDVA/questasim/verilog_src/uvm-1.2/src/reg/uvm_reg_predictor.svh(221) @ 50002000: uvm_test_top.env.ahb_predictor [REG_PREDICT] Observed WRITE transaction to register regmodel.DLH: value='h0 : updated value = 'h0
# UVM_INFO ./../regmodel/uart_reg2ahb_adapter.sv(42) @ 50002000: reporter [uart_reg2ahb_adapter] bus2reg: address = 0xc data = 0x20 kind = UVM_WRITE status = UVM_IS_OK
# UVM_INFO /ictc/other/tools/QuestaDVA/questasim/verilog_src/uvm-1.2/src/reg/uvm_reg_predictor.svh(221) @ 50002000: uvm_test_top.env.ahb_predictor [REG_PREDICT] Observed WRITE transaction to register regmodel.LCR: value='h20 : updated value = 'h20
# UVM_INFO ./../regmodel/uart_reg2ahb_adapter.sv(42) @ 50003000: reporter [uart_reg2ahb_adapter] bus2reg: address = 0x18 data = 0xc7e49978 kind = UVM_WRITE status = UVM_IS_OK
# UVM_INFO /ictc/other/tools/QuestaDVA/questasim/verilog_src/uvm-1.2/src/reg/uvm_reg_predictor.svh(221) @ 50003000: uvm_test_top.env.ahb_predictor [REG_PREDICT] Observed WRITE transaction to register regmodel.TBR: value='hc7e49978 : updated value = 'h78
# UVM_INFO ./../tb/dut_scoreboard.sv(52) @ 50003000: uvm_test_top.env.dut_sb [SCOREBOARD] 
# ===== Captured data from AHB: 0xc7e49978
# UVM_INFO ./../tb/dut_scoreboard.sv(60) @ 50172000: uvm_test_top.env.dut_sb [SCOREBOARD] 
# ===== Captured data from UART: 0x18
# UVM_INFO ./../tb/dut_scoreboard.sv(73) @ 50172000: uvm_test_top.env.dut_sb [dut_scoreboard] 
# 
# =====[UART TXD] Data comparison =====
# 
# UVM_INFO ./../tb/dut_scoreboard.sv(81) @ 50172000: uvm_test_top.env.dut_sb [dut_scoreboard] 
# =====[DATA FRAME: 5] PASSED SUCCESSFULLY!!! =====
# UVM_INFO ./../tb/dut_scoreboard.sv(84) @ 50172000: uvm_test_top.env.dut_sb [dut_scoreboard] 
# 
# =====[UART TXD] Parity comparison =====
# 
# UVM_INFO ./../tb/dut_scoreboard.sv(90) @ 50172000: uvm_test_top.env.dut_sb [dut_scoreboard] 
# =====[PARITY MODE: 0] PASSED SUCCESSFULLY!!! =====
# UVM_INFO ./../testcases/uart_txd_x16_random.sv(35) @ 60003000: uvm_test_top [uart_txd_x16_random] --------------------------------------------------------------
# Name                Type                Size  Value           
# --------------------------------------------------------------
# cfg                 uart_configuration  -     @360            
#   parity_mode       parity_mode_e       32    UART_PARITY_NONE
#   sampling          sampling_mode_e     32    MODE_X16        
#   data_width        integral            32    'h5             
#   num_of_stop_bit   integral            32    'h1             
#   baud_rate         integral            32    'h1c200         
#   baud_rate_enable  integral            1     'h0             
#   parity_enable     integral            1     'h0             
# --------------------------------------------------------------
# 
# UVM_INFO ./../regmodel/uart_reg2ahb_adapter.sv(42) @ 60003000: reporter [uart_reg2ahb_adapter] bus2reg: address = 0x0 data = 0x0 kind = UVM_WRITE status = UVM_IS_OK
# UVM_INFO /ictc/other/tools/QuestaDVA/questasim/verilog_src/uvm-1.2/src/reg/uvm_reg_predictor.svh(221) @ 60003000: uvm_test_top.env.ahb_predictor [REG_PREDICT] Observed WRITE transaction to register regmodel.MDR: value='h0 : updated value = 'h0
# UVM_INFO ./../regmodel/uart_reg2ahb_adapter.sv(42) @ 60003000: reporter [uart_reg2ahb_adapter] bus2reg: address = 0x4 data = 0x36 kind = UVM_WRITE status = UVM_IS_OK
# UVM_INFO /ictc/other/tools/QuestaDVA/questasim/verilog_src/uvm-1.2/src/reg/uvm_reg_predictor.svh(221) @ 60003000: uvm_test_top.env.ahb_predictor [REG_PREDICT] Observed WRITE transaction to register regmodel.DLL: value='h36 : updated value = 'h36
# UVM_INFO ./../regmodel/uart_reg2ahb_adapter.sv(42) @ 60003000: reporter [uart_reg2ahb_adapter] bus2reg: address = 0x8 data = 0x0 kind = UVM_WRITE status = UVM_IS_OK
# UVM_INFO /ictc/other/tools/QuestaDVA/questasim/verilog_src/uvm-1.2/src/reg/uvm_reg_predictor.svh(221) @ 60003000: uvm_test_top.env.ahb_predictor [REG_PREDICT] Observed WRITE transaction to register regmodel.DLH: value='h0 : updated value = 'h0
# UVM_INFO ./../regmodel/uart_reg2ahb_adapter.sv(42) @ 60003000: reporter [uart_reg2ahb_adapter] bus2reg: address = 0xc data = 0x20 kind = UVM_WRITE status = UVM_IS_OK
# UVM_INFO /ictc/other/tools/QuestaDVA/questasim/verilog_src/uvm-1.2/src/reg/uvm_reg_predictor.svh(221) @ 60003000: uvm_test_top.env.ahb_predictor [REG_PREDICT] Observed WRITE transaction to register regmodel.LCR: value='h20 : updated value = 'h20
# UVM_INFO ./../regmodel/uart_reg2ahb_adapter.sv(42) @ 60003000: reporter [uart_reg2ahb_adapter] bus2reg: address = 0x18 data = 0xe5c4a87 kind = UVM_WRITE status = UVM_IS_OK
# UVM_INFO /ictc/other/tools/QuestaDVA/questasim/verilog_src/uvm-1.2/src/reg/uvm_reg_predictor.svh(221) @ 60003000: uvm_test_top.env.ahb_predictor [REG_PREDICT] Observed WRITE transaction to register regmodel.TBR: value='he5c4a87 : updated value = 'h87
# UVM_INFO ./../tb/dut_scoreboard.sv(52) @ 60003000: uvm_test_top.env.dut_sb [SCOREBOARD] 
# ===== Captured data from AHB: 0xe5c4a87
# UVM_INFO ./../tb/dut_scoreboard.sv(60) @ 60115000: uvm_test_top.env.dut_sb [SCOREBOARD] 
# ===== Captured data from UART: 0x7
# UVM_INFO ./../tb/dut_scoreboard.sv(73) @ 60115000: uvm_test_top.env.dut_sb [dut_scoreboard] 
# 
# =====[UART TXD] Data comparison =====
# 
# UVM_INFO ./../tb/dut_scoreboard.sv(81) @ 60115000: uvm_test_top.env.dut_sb [dut_scoreboard] 
# =====[DATA FRAME: 5] PASSED SUCCESSFULLY!!! =====
# UVM_INFO ./../tb/dut_scoreboard.sv(84) @ 60115000: uvm_test_top.env.dut_sb [dut_scoreboard] 
# 
# =====[UART TXD] Parity comparison =====
# 
# UVM_INFO ./../tb/dut_scoreboard.sv(90) @ 60115000: uvm_test_top.env.dut_sb [dut_scoreboard] 
# =====[PARITY MODE: 0] PASSED SUCCESSFULLY!!! =====
# UVM_INFO ./../testcases/uart_txd_x16_random.sv(35) @ 70003000: uvm_test_top [uart_txd_x16_random] --------------------------------------------------------------
# Name                Type                Size  Value           
# --------------------------------------------------------------
# cfg                 uart_configuration  -     @360            
#   parity_mode       parity_mode_e       32    UART_PARITY_NONE
#   sampling          sampling_mode_e     32    MODE_X16        
#   data_width        integral            32    'h5             
#   num_of_stop_bit   integral            32    'h2             
#   baud_rate         integral            32    'h960           
#   baud_rate_enable  integral            1     'h0             
#   parity_enable     integral            1     'h0             
# --------------------------------------------------------------
# 
# UVM_INFO ./../regmodel/uart_reg2ahb_adapter.sv(42) @ 70003000: reporter [uart_reg2ahb_adapter] bus2reg: address = 0x0 data = 0x0 kind = UVM_WRITE status = UVM_IS_OK
# UVM_INFO /ictc/other/tools/QuestaDVA/questasim/verilog_src/uvm-1.2/src/reg/uvm_reg_predictor.svh(221) @ 70003000: uvm_test_top.env.ahb_predictor [REG_PREDICT] Observed WRITE transaction to register regmodel.MDR: value='h0 : updated value = 'h0
# UVM_INFO ./../regmodel/uart_reg2ahb_adapter.sv(42) @ 70003000: reporter [uart_reg2ahb_adapter] bus2reg: address = 0x4 data = 0x2c kind = UVM_WRITE status = UVM_IS_OK
# UVM_INFO /ictc/other/tools/QuestaDVA/questasim/verilog_src/uvm-1.2/src/reg/uvm_reg_predictor.svh(221) @ 70003000: uvm_test_top.env.ahb_predictor [REG_PREDICT] Observed WRITE transaction to register regmodel.DLL: value='h2c : updated value = 'h2c
# UVM_INFO ./../regmodel/uart_reg2ahb_adapter.sv(42) @ 70003000: reporter [uart_reg2ahb_adapter] bus2reg: address = 0x8 data = 0xa kind = UVM_WRITE status = UVM_IS_OK
# UVM_INFO /ictc/other/tools/QuestaDVA/questasim/verilog_src/uvm-1.2/src/reg/uvm_reg_predictor.svh(221) @ 70003000: uvm_test_top.env.ahb_predictor [REG_PREDICT] Observed WRITE transaction to register regmodel.DLH: value='ha : updated value = 'ha
# UVM_INFO ./../regmodel/uart_reg2ahb_adapter.sv(42) @ 70003000: reporter [uart_reg2ahb_adapter] bus2reg: address = 0xc data = 0x24 kind = UVM_WRITE status = UVM_IS_OK
# UVM_INFO /ictc/other/tools/QuestaDVA/questasim/verilog_src/uvm-1.2/src/reg/uvm_reg_predictor.svh(221) @ 70003000: uvm_test_top.env.ahb_predictor [REG_PREDICT] Observed WRITE transaction to register regmodel.LCR: value='h24 : updated value = 'h24
# UVM_INFO ./../regmodel/uart_reg2ahb_adapter.sv(42) @ 70003000: reporter [uart_reg2ahb_adapter] bus2reg: address = 0x18 data = 0x9698652f kind = UVM_WRITE status = UVM_IS_OK
# UVM_INFO /ictc/other/tools/QuestaDVA/questasim/verilog_src/uvm-1.2/src/reg/uvm_reg_predictor.svh(221) @ 70003000: uvm_test_top.env.ahb_predictor [REG_PREDICT] Observed WRITE transaction to register regmodel.TBR: value='h9698652f : updated value = 'h2f
# UVM_INFO ./../tb/dut_scoreboard.sv(52) @ 70003000: uvm_test_top.env.dut_sb [SCOREBOARD] 
# ===== Captured data from AHB: 0x9698652f
# UVM_INFO ./../tb/dut_scoreboard.sv(60) @ 76302000: uvm_test_top.env.dut_sb [SCOREBOARD] 
# ===== Captured data from UART: 0xf
# UVM_INFO ./../tb/dut_scoreboard.sv(73) @ 76302000: uvm_test_top.env.dut_sb [dut_scoreboard] 
# 
# =====[UART TXD] Data comparison =====
# 
# UVM_INFO ./../tb/dut_scoreboard.sv(81) @ 76302000: uvm_test_top.env.dut_sb [dut_scoreboard] 
# =====[DATA FRAME: 5] PASSED SUCCESSFULLY!!! =====
# UVM_INFO ./../tb/dut_scoreboard.sv(84) @ 76302000: uvm_test_top.env.dut_sb [dut_scoreboard] 
# 
# =====[UART TXD] Parity comparison =====
# 
# UVM_INFO ./../tb/dut_scoreboard.sv(90) @ 76302000: uvm_test_top.env.dut_sb [dut_scoreboard] 
# =====[PARITY MODE: 0] PASSED SUCCESSFULLY!!! =====
# UVM_INFO ./../testcases/uart_txd_x16_random.sv(35) @ 80003000: uvm_test_top [uart_txd_x16_random] --------------------------------------------------------------
# Name                Type                Size  Value           
# --------------------------------------------------------------
# cfg                 uart_configuration  -     @360            
#   parity_mode       parity_mode_e       32    UART_PARITY_NONE
#   sampling          sampling_mode_e     32    MODE_X16        
#   data_width        integral            32    'h5             
#   num_of_stop_bit   integral            32    'h2             
#   baud_rate         integral            32    'h12c0          
#   baud_rate_enable  integral            1     'h0             
#   parity_enable     integral            1     'h0             
# --------------------------------------------------------------
# 
# UVM_INFO ./../regmodel/uart_reg2ahb_adapter.sv(42) @ 80003000: reporter [uart_reg2ahb_adapter] bus2reg: address = 0x0 data = 0x0 kind = UVM_WRITE status = UVM_IS_OK
# UVM_INFO /ictc/other/tools/QuestaDVA/questasim/verilog_src/uvm-1.2/src/reg/uvm_reg_predictor.svh(221) @ 80003000: uvm_test_top.env.ahb_predictor [REG_PREDICT] Observed WRITE transaction to register regmodel.MDR: value='h0 : updated value = 'h0
# UVM_INFO ./../regmodel/uart_reg2ahb_adapter.sv(42) @ 80003000: reporter [uart_reg2ahb_adapter] bus2reg: address = 0x4 data = 0x16 kind = UVM_WRITE status = UVM_IS_OK
# UVM_INFO /ictc/other/tools/QuestaDVA/questasim/verilog_src/uvm-1.2/src/reg/uvm_reg_predictor.svh(221) @ 80003000: uvm_test_top.env.ahb_predictor [REG_PREDICT] Observed WRITE transaction to register regmodel.DLL: value='h16 : updated value = 'h16
# UVM_INFO ./../regmodel/uart_reg2ahb_adapter.sv(42) @ 80004000: reporter [uart_reg2ahb_adapter] bus2reg: address = 0x8 data = 0x5 kind = UVM_WRITE status = UVM_IS_OK
# UVM_INFO /ictc/other/tools/QuestaDVA/questasim/verilog_src/uvm-1.2/src/reg/uvm_reg_predictor.svh(221) @ 80004000: uvm_test_top.env.ahb_predictor [REG_PREDICT] Observed WRITE transaction to register regmodel.DLH: value='h5 : updated value = 'h5
# UVM_INFO ./../regmodel/uart_reg2ahb_adapter.sv(42) @ 80004000: reporter [uart_reg2ahb_adapter] bus2reg: address = 0xc data = 0x24 kind = UVM_WRITE status = UVM_IS_OK
# UVM_INFO /ictc/other/tools/QuestaDVA/questasim/verilog_src/uvm-1.2/src/reg/uvm_reg_predictor.svh(221) @ 80004000: uvm_test_top.env.ahb_predictor [REG_PREDICT] Observed WRITE transaction to register regmodel.LCR: value='h24 : updated value = 'h24
# UVM_INFO ./../regmodel/uart_reg2ahb_adapter.sv(42) @ 80004000: reporter [uart_reg2ahb_adapter] bus2reg: address = 0x18 data = 0x26347d51 kind = UVM_WRITE status = UVM_IS_OK
# UVM_INFO /ictc/other/tools/QuestaDVA/questasim/verilog_src/uvm-1.2/src/reg/uvm_reg_predictor.svh(221) @ 80004000: uvm_test_top.env.ahb_predictor [REG_PREDICT] Observed WRITE transaction to register regmodel.TBR: value='h26347d51 : updated value = 'h51
# UVM_INFO ./../tb/dut_scoreboard.sv(52) @ 80004000: uvm_test_top.env.dut_sb [SCOREBOARD] 
# ===== Captured data from AHB: 0x26347d51
# UVM_INFO ./../tb/dut_scoreboard.sv(60) @ 83156000: uvm_test_top.env.dut_sb [SCOREBOARD] 
# ===== Captured data from UART: 0x11
# UVM_INFO ./../tb/dut_scoreboard.sv(73) @ 83156000: uvm_test_top.env.dut_sb [dut_scoreboard] 
# 
# =====[UART TXD] Data comparison =====
# 
# UVM_INFO ./../tb/dut_scoreboard.sv(81) @ 83156000: uvm_test_top.env.dut_sb [dut_scoreboard] 
# =====[DATA FRAME: 5] PASSED SUCCESSFULLY!!! =====
# UVM_INFO ./../tb/dut_scoreboard.sv(84) @ 83156000: uvm_test_top.env.dut_sb [dut_scoreboard] 
# 
# =====[UART TXD] Parity comparison =====
# 
# UVM_INFO ./../tb/dut_scoreboard.sv(90) @ 83156000: uvm_test_top.env.dut_sb [dut_scoreboard] 
# =====[PARITY MODE: 0] PASSED SUCCESSFULLY!!! =====
# UVM_INFO ./../testcases/uart_txd_x16_random.sv(35) @ 90004000: uvm_test_top [uart_txd_x16_random] --------------------------------------------------------------
# Name                Type                Size  Value           
# --------------------------------------------------------------
# cfg                 uart_configuration  -     @360            
#   parity_mode       parity_mode_e       32    UART_PARITY_NONE
#   sampling          sampling_mode_e     32    MODE_X16        
#   data_width        integral            32    'h5             
#   num_of_stop_bit   integral            32    'h2             
#   baud_rate         integral            32    'h2580          
#   baud_rate_enable  integral            1     'h0             
#   parity_enable     integral            1     'h0             
# --------------------------------------------------------------
# 
# UVM_INFO ./../regmodel/uart_reg2ahb_adapter.sv(42) @ 90004000: reporter [uart_reg2ahb_adapter] bus2reg: address = 0x0 data = 0x0 kind = UVM_WRITE status = UVM_IS_OK
# UVM_INFO /ictc/other/tools/QuestaDVA/questasim/verilog_src/uvm-1.2/src/reg/uvm_reg_predictor.svh(221) @ 90004000: uvm_test_top.env.ahb_predictor [REG_PREDICT] Observed WRITE transaction to register regmodel.MDR: value='h0 : updated value = 'h0
# UVM_INFO ./../regmodel/uart_reg2ahb_adapter.sv(42) @ 90004000: reporter [uart_reg2ahb_adapter] bus2reg: address = 0x4 data = 0x8b kind = UVM_WRITE status = UVM_IS_OK
# UVM_INFO /ictc/other/tools/QuestaDVA/questasim/verilog_src/uvm-1.2/src/reg/uvm_reg_predictor.svh(221) @ 90004000: uvm_test_top.env.ahb_predictor [REG_PREDICT] Observed WRITE transaction to register regmodel.DLL: value='h8b : updated value = 'h8b
# UVM_INFO ./../regmodel/uart_reg2ahb_adapter.sv(42) @ 90004000: reporter [uart_reg2ahb_adapter] bus2reg: address = 0x8 data = 0x2 kind = UVM_WRITE status = UVM_IS_OK
# UVM_INFO /ictc/other/tools/QuestaDVA/questasim/verilog_src/uvm-1.2/src/reg/uvm_reg_predictor.svh(221) @ 90004000: uvm_test_top.env.ahb_predictor [REG_PREDICT] Observed WRITE transaction to register regmodel.DLH: value='h2 : updated value = 'h2
# UVM_INFO ./../regmodel/uart_reg2ahb_adapter.sv(42) @ 90004000: reporter [uart_reg2ahb_adapter] bus2reg: address = 0xc data = 0x24 kind = UVM_WRITE status = UVM_IS_OK
# UVM_INFO /ictc/other/tools/QuestaDVA/questasim/verilog_src/uvm-1.2/src/reg/uvm_reg_predictor.svh(221) @ 90004000: uvm_test_top.env.ahb_predictor [REG_PREDICT] Observed WRITE transaction to register regmodel.LCR: value='h24 : updated value = 'h24
# UVM_INFO ./../regmodel/uart_reg2ahb_adapter.sv(42) @ 90004000: reporter [uart_reg2ahb_adapter] bus2reg: address = 0x18 data = 0x6f3e87 kind = UVM_WRITE status = UVM_IS_OK
# UVM_INFO /ictc/other/tools/QuestaDVA/questasim/verilog_src/uvm-1.2/src/reg/uvm_reg_predictor.svh(221) @ 90004000: uvm_test_top.env.ahb_predictor [REG_PREDICT] Observed WRITE transaction to register regmodel.TBR: value='h6f3e87 : updated value = 'h87
# UVM_INFO ./../tb/dut_scoreboard.sv(52) @ 90004000: uvm_test_top.env.dut_sb [SCOREBOARD] 
# ===== Captured data from AHB: 0x6f3e87
# UVM_INFO ./../tb/dut_scoreboard.sv(60) @ 91574000: uvm_test_top.env.dut_sb [SCOREBOARD] 
# ===== Captured data from UART: 0x7
# UVM_INFO ./../tb/dut_scoreboard.sv(73) @ 91574000: uvm_test_top.env.dut_sb [dut_scoreboard] 
# 
# =====[UART TXD] Data comparison =====
# 
# UVM_INFO ./../tb/dut_scoreboard.sv(81) @ 91574000: uvm_test_top.env.dut_sb [dut_scoreboard] 
# =====[DATA FRAME: 5] PASSED SUCCESSFULLY!!! =====
# UVM_INFO ./../tb/dut_scoreboard.sv(84) @ 91574000: uvm_test_top.env.dut_sb [dut_scoreboard] 
# 
# =====[UART TXD] Parity comparison =====
# 
# UVM_INFO ./../tb/dut_scoreboard.sv(90) @ 91574000: uvm_test_top.env.dut_sb [dut_scoreboard] 
# =====[PARITY MODE: 0] PASSED SUCCESSFULLY!!! =====
# UVM_INFO ./../testcases/uart_txd_x16_random.sv(35) @ 100004000: uvm_test_top [uart_txd_x16_random] --------------------------------------------------------------
# Name                Type                Size  Value           
# --------------------------------------------------------------
# cfg                 uart_configuration  -     @360            
#   parity_mode       parity_mode_e       32    UART_PARITY_NONE
#   sampling          sampling_mode_e     32    MODE_X16        
#   data_width        integral            32    'h5             
#   num_of_stop_bit   integral            32    'h2             
#   baud_rate         integral            32    'h4b00          
#   baud_rate_enable  integral            1     'h0             
#   parity_enable     integral            1     'h0             
# --------------------------------------------------------------
# 
# UVM_INFO ./../regmodel/uart_reg2ahb_adapter.sv(42) @ 100004000: reporter [uart_reg2ahb_adapter] bus2reg: address = 0x0 data = 0x0 kind = UVM_WRITE status = UVM_IS_OK
# UVM_INFO /ictc/other/tools/QuestaDVA/questasim/verilog_src/uvm-1.2/src/reg/uvm_reg_predictor.svh(221) @ 100004000: uvm_test_top.env.ahb_predictor [REG_PREDICT] Observed WRITE transaction to register regmodel.MDR: value='h0 : updated value = 'h0
# UVM_INFO ./../regmodel/uart_reg2ahb_adapter.sv(42) @ 100004000: reporter [uart_reg2ahb_adapter] bus2reg: address = 0x4 data = 0x45 kind = UVM_WRITE status = UVM_IS_OK
# UVM_INFO /ictc/other/tools/QuestaDVA/questasim/verilog_src/uvm-1.2/src/reg/uvm_reg_predictor.svh(221) @ 100004000: uvm_test_top.env.ahb_predictor [REG_PREDICT] Observed WRITE transaction to register regmodel.DLL: value='h45 : updated value = 'h45
# UVM_INFO ./../regmodel/uart_reg2ahb_adapter.sv(42) @ 100004000: reporter [uart_reg2ahb_adapter] bus2reg: address = 0x8 data = 0x1 kind = UVM_WRITE status = UVM_IS_OK
# UVM_INFO /ictc/other/tools/QuestaDVA/questasim/verilog_src/uvm-1.2/src/reg/uvm_reg_predictor.svh(221) @ 100004000: uvm_test_top.env.ahb_predictor [REG_PREDICT] Observed WRITE transaction to register regmodel.DLH: value='h1 : updated value = 'h1
# UVM_INFO ./../regmodel/uart_reg2ahb_adapter.sv(42) @ 100004000: reporter [uart_reg2ahb_adapter] bus2reg: address = 0xc data = 0x24 kind = UVM_WRITE status = UVM_IS_OK
# UVM_INFO /ictc/other/tools/QuestaDVA/questasim/verilog_src/uvm-1.2/src/reg/uvm_reg_predictor.svh(221) @ 100004000: uvm_test_top.env.ahb_predictor [REG_PREDICT] Observed WRITE transaction to register regmodel.LCR: value='h24 : updated value = 'h24
# UVM_INFO ./../regmodel/uart_reg2ahb_adapter.sv(42) @ 100005000: reporter [uart_reg2ahb_adapter] bus2reg: address = 0x18 data = 0x9b7759ab kind = UVM_WRITE status = UVM_IS_OK
# UVM_INFO /ictc/other/tools/QuestaDVA/questasim/verilog_src/uvm-1.2/src/reg/uvm_reg_predictor.svh(221) @ 100005000: uvm_test_top.env.ahb_predictor [REG_PREDICT] Observed WRITE transaction to register regmodel.TBR: value='h9b7759ab : updated value = 'hab
# UVM_INFO ./../tb/dut_scoreboard.sv(52) @ 100005000: uvm_test_top.env.dut_sb [SCOREBOARD] 
# ===== Captured data from AHB: 0x9b7759ab
# UVM_INFO ./../tb/dut_scoreboard.sv(60) @ 100787000: uvm_test_top.env.dut_sb [SCOREBOARD] 
# ===== Captured data from UART: 0xb
# UVM_INFO ./../tb/dut_scoreboard.sv(73) @ 100787000: uvm_test_top.env.dut_sb [dut_scoreboard] 
# 
# =====[UART TXD] Data comparison =====
# 
# UVM_INFO ./../tb/dut_scoreboard.sv(81) @ 100787000: uvm_test_top.env.dut_sb [dut_scoreboard] 
# =====[DATA FRAME: 5] PASSED SUCCESSFULLY!!! =====
# UVM_INFO ./../tb/dut_scoreboard.sv(84) @ 100787000: uvm_test_top.env.dut_sb [dut_scoreboard] 
# 
# =====[UART TXD] Parity comparison =====
# 
# UVM_INFO ./../tb/dut_scoreboard.sv(90) @ 100787000: uvm_test_top.env.dut_sb [dut_scoreboard] 
# =====[PARITY MODE: 0] PASSED SUCCESSFULLY!!! =====
# UVM_INFO ./../testcases/uart_txd_x16_random.sv(35) @ 110005000: uvm_test_top [uart_txd_x16_random] --------------------------------------------------------------
# Name                Type                Size  Value           
# --------------------------------------------------------------
# cfg                 uart_configuration  -     @360            
#   parity_mode       parity_mode_e       32    UART_PARITY_NONE
#   sampling          sampling_mode_e     32    MODE_X16        
#   data_width        integral            32    'h5             
#   num_of_stop_bit   integral            32    'h2             
#   baud_rate         integral            32    'h9600          
#   baud_rate_enable  integral            1     'h0             
#   parity_enable     integral            1     'h0             
# --------------------------------------------------------------
# 
# UVM_INFO ./../regmodel/uart_reg2ahb_adapter.sv(42) @ 110005000: reporter [uart_reg2ahb_adapter] bus2reg: address = 0x0 data = 0x0 kind = UVM_WRITE status = UVM_IS_OK
# UVM_INFO /ictc/other/tools/QuestaDVA/questasim/verilog_src/uvm-1.2/src/reg/uvm_reg_predictor.svh(221) @ 110005000: uvm_test_top.env.ahb_predictor [REG_PREDICT] Observed WRITE transaction to register regmodel.MDR: value='h0 : updated value = 'h0
# UVM_INFO ./../regmodel/uart_reg2ahb_adapter.sv(42) @ 110005000: reporter [uart_reg2ahb_adapter] bus2reg: address = 0x4 data = 0xa4 kind = UVM_WRITE status = UVM_IS_OK
# UVM_INFO /ictc/other/tools/QuestaDVA/questasim/verilog_src/uvm-1.2/src/reg/uvm_reg_predictor.svh(221) @ 110005000: uvm_test_top.env.ahb_predictor [REG_PREDICT] Observed WRITE transaction to register regmodel.DLL: value='ha4 : updated value = 'ha4
# UVM_INFO ./../regmodel/uart_reg2ahb_adapter.sv(42) @ 110005000: reporter [uart_reg2ahb_adapter] bus2reg: address = 0x8 data = 0x0 kind = UVM_WRITE status = UVM_IS_OK
# UVM_INFO /ictc/other/tools/QuestaDVA/questasim/verilog_src/uvm-1.2/src/reg/uvm_reg_predictor.svh(221) @ 110005000: uvm_test_top.env.ahb_predictor [REG_PREDICT] Observed WRITE transaction to register regmodel.DLH: value='h0 : updated value = 'h0
# UVM_INFO ./../regmodel/uart_reg2ahb_adapter.sv(42) @ 110005000: reporter [uart_reg2ahb_adapter] bus2reg: address = 0xc data = 0x24 kind = UVM_WRITE status = UVM_IS_OK
# UVM_INFO /ictc/other/tools/QuestaDVA/questasim/verilog_src/uvm-1.2/src/reg/uvm_reg_predictor.svh(221) @ 110005000: uvm_test_top.env.ahb_predictor [REG_PREDICT] Observed WRITE transaction to register regmodel.LCR: value='h24 : updated value = 'h24
# UVM_INFO ./../regmodel/uart_reg2ahb_adapter.sv(42) @ 110005000: reporter [uart_reg2ahb_adapter] bus2reg: address = 0x18 data = 0x9582a23b kind = UVM_WRITE status = UVM_IS_OK
# UVM_INFO /ictc/other/tools/QuestaDVA/questasim/verilog_src/uvm-1.2/src/reg/uvm_reg_predictor.svh(221) @ 110005000: uvm_test_top.env.ahb_predictor [REG_PREDICT] Observed WRITE transaction to register regmodel.TBR: value='h9582a23b : updated value = 'h3b
# UVM_INFO ./../tb/dut_scoreboard.sv(52) @ 110005000: uvm_test_top.env.dut_sb [SCOREBOARD] 
# ===== Captured data from AHB: 0x9582a23b
# UVM_INFO ./../tb/dut_scoreboard.sv(60) @ 110398000: uvm_test_top.env.dut_sb [SCOREBOARD] 
# ===== Captured data from UART: 0x1b
# UVM_INFO ./../tb/dut_scoreboard.sv(73) @ 110398000: uvm_test_top.env.dut_sb [dut_scoreboard] 
# 
# =====[UART TXD] Data comparison =====
# 
# UVM_INFO ./../tb/dut_scoreboard.sv(81) @ 110398000: uvm_test_top.env.dut_sb [dut_scoreboard] 
# =====[DATA FRAME: 5] PASSED SUCCESSFULLY!!! =====
# UVM_INFO ./../tb/dut_scoreboard.sv(84) @ 110398000: uvm_test_top.env.dut_sb [dut_scoreboard] 
# 
# =====[UART TXD] Parity comparison =====
# 
# UVM_INFO ./../tb/dut_scoreboard.sv(90) @ 110398000: uvm_test_top.env.dut_sb [dut_scoreboard] 
# =====[PARITY MODE: 0] PASSED SUCCESSFULLY!!! =====
# UVM_INFO ./../testcases/uart_txd_x16_random.sv(35) @ 120005000: uvm_test_top [uart_txd_x16_random] --------------------------------------------------------------
# Name                Type                Size  Value           
# --------------------------------------------------------------
# cfg                 uart_configuration  -     @360            
#   parity_mode       parity_mode_e       32    UART_PARITY_NONE
#   sampling          sampling_mode_e     32    MODE_X16        
#   data_width        integral            32    'h5             
#   num_of_stop_bit   integral            32    'h2             
#   baud_rate         integral            32    'h12c00         
#   baud_rate_enable  integral            1     'h0             
#   parity_enable     integral            1     'h0             
# --------------------------------------------------------------
# 
# UVM_INFO ./../regmodel/uart_reg2ahb_adapter.sv(42) @ 120005000: reporter [uart_reg2ahb_adapter] bus2reg: address = 0x0 data = 0x0 kind = UVM_WRITE status = UVM_IS_OK
# UVM_INFO /ictc/other/tools/QuestaDVA/questasim/verilog_src/uvm-1.2/src/reg/uvm_reg_predictor.svh(221) @ 120005000: uvm_test_top.env.ahb_predictor [REG_PREDICT] Observed WRITE transaction to register regmodel.MDR: value='h0 : updated value = 'h0
# UVM_INFO ./../regmodel/uart_reg2ahb_adapter.sv(42) @ 120005000: reporter [uart_reg2ahb_adapter] bus2reg: address = 0x4 data = 0x51 kind = UVM_WRITE status = UVM_IS_OK
# UVM_INFO /ictc/other/tools/QuestaDVA/questasim/verilog_src/uvm-1.2/src/reg/uvm_reg_predictor.svh(221) @ 120005000: uvm_test_top.env.ahb_predictor [REG_PREDICT] Observed WRITE transaction to register regmodel.DLL: value='h51 : updated value = 'h51
# UVM_INFO ./../regmodel/uart_reg2ahb_adapter.sv(42) @ 120005000: reporter [uart_reg2ahb_adapter] bus2reg: address = 0x8 data = 0x0 kind = UVM_WRITE status = UVM_IS_OK
# UVM_INFO /ictc/other/tools/QuestaDVA/questasim/verilog_src/uvm-1.2/src/reg/uvm_reg_predictor.svh(221) @ 120005000: uvm_test_top.env.ahb_predictor [REG_PREDICT] Observed WRITE transaction to register regmodel.DLH: value='h0 : updated value = 'h0
# UVM_INFO ./../regmodel/uart_reg2ahb_adapter.sv(42) @ 120005000: reporter [uart_reg2ahb_adapter] bus2reg: address = 0xc data = 0x24 kind = UVM_WRITE status = UVM_IS_OK
# UVM_INFO /ictc/other/tools/QuestaDVA/questasim/verilog_src/uvm-1.2/src/reg/uvm_reg_predictor.svh(221) @ 120005000: uvm_test_top.env.ahb_predictor [REG_PREDICT] Observed WRITE transaction to register regmodel.LCR: value='h24 : updated value = 'h24
# UVM_INFO ./../regmodel/uart_reg2ahb_adapter.sv(42) @ 120005000: reporter [uart_reg2ahb_adapter] bus2reg: address = 0x18 data = 0x6ccbd33a kind = UVM_WRITE status = UVM_IS_OK
# UVM_INFO /ictc/other/tools/QuestaDVA/questasim/verilog_src/uvm-1.2/src/reg/uvm_reg_predictor.svh(221) @ 120005000: uvm_test_top.env.ahb_predictor [REG_PREDICT] Observed WRITE transaction to register regmodel.TBR: value='h6ccbd33a : updated value = 'h3a
# UVM_INFO ./../tb/dut_scoreboard.sv(52) @ 120005000: uvm_test_top.env.dut_sb [SCOREBOARD] 
# ===== Captured data from AHB: 0x6ccbd33a
# UVM_INFO ./../tb/dut_scoreboard.sv(60) @ 120202000: uvm_test_top.env.dut_sb [SCOREBOARD] 
# ===== Captured data from UART: 0x1a
# UVM_INFO ./../tb/dut_scoreboard.sv(73) @ 120202000: uvm_test_top.env.dut_sb [dut_scoreboard] 
# 
# =====[UART TXD] Data comparison =====
# 
# UVM_INFO ./../tb/dut_scoreboard.sv(81) @ 120202000: uvm_test_top.env.dut_sb [dut_scoreboard] 
# =====[DATA FRAME: 5] PASSED SUCCESSFULLY!!! =====
# UVM_INFO ./../tb/dut_scoreboard.sv(84) @ 120202000: uvm_test_top.env.dut_sb [dut_scoreboard] 
# 
# =====[UART TXD] Parity comparison =====
# 
# UVM_INFO ./../tb/dut_scoreboard.sv(90) @ 120202000: uvm_test_top.env.dut_sb [dut_scoreboard] 
# =====[PARITY MODE: 0] PASSED SUCCESSFULLY!!! =====
# UVM_INFO ./../testcases/uart_txd_x16_random.sv(35) @ 130005000: uvm_test_top [uart_txd_x16_random] --------------------------------------------------------------
# Name                Type                Size  Value           
# --------------------------------------------------------------
# cfg                 uart_configuration  -     @360            
#   parity_mode       parity_mode_e       32    UART_PARITY_NONE
#   sampling          sampling_mode_e     32    MODE_X16        
#   data_width        integral            32    'h5             
#   num_of_stop_bit   integral            32    'h2             
#   baud_rate         integral            32    'h1c200         
#   baud_rate_enable  integral            1     'h0             
#   parity_enable     integral            1     'h0             
# --------------------------------------------------------------
# 
# UVM_INFO ./../regmodel/uart_reg2ahb_adapter.sv(42) @ 130005000: reporter [uart_reg2ahb_adapter] bus2reg: address = 0x0 data = 0x0 kind = UVM_WRITE status = UVM_IS_OK
# UVM_INFO /ictc/other/tools/QuestaDVA/questasim/verilog_src/uvm-1.2/src/reg/uvm_reg_predictor.svh(221) @ 130005000: uvm_test_top.env.ahb_predictor [REG_PREDICT] Observed WRITE transaction to register regmodel.MDR: value='h0 : updated value = 'h0
# UVM_INFO ./../regmodel/uart_reg2ahb_adapter.sv(42) @ 130005000: reporter [uart_reg2ahb_adapter] bus2reg: address = 0x4 data = 0x36 kind = UVM_WRITE status = UVM_IS_OK
# UVM_INFO /ictc/other/tools/QuestaDVA/questasim/verilog_src/uvm-1.2/src/reg/uvm_reg_predictor.svh(221) @ 130005000: uvm_test_top.env.ahb_predictor [REG_PREDICT] Observed WRITE transaction to register regmodel.DLL: value='h36 : updated value = 'h36
# UVM_INFO ./../regmodel/uart_reg2ahb_adapter.sv(42) @ 130006000: reporter [uart_reg2ahb_adapter] bus2reg: address = 0x8 data = 0x0 kind = UVM_WRITE status = UVM_IS_OK
# UVM_INFO /ictc/other/tools/QuestaDVA/questasim/verilog_src/uvm-1.2/src/reg/uvm_reg_predictor.svh(221) @ 130006000: uvm_test_top.env.ahb_predictor [REG_PREDICT] Observed WRITE transaction to register regmodel.DLH: value='h0 : updated value = 'h0
# UVM_INFO ./../regmodel/uart_reg2ahb_adapter.sv(42) @ 130006000: reporter [uart_reg2ahb_adapter] bus2reg: address = 0xc data = 0x24 kind = UVM_WRITE status = UVM_IS_OK
# UVM_INFO /ictc/other/tools/QuestaDVA/questasim/verilog_src/uvm-1.2/src/reg/uvm_reg_predictor.svh(221) @ 130006000: uvm_test_top.env.ahb_predictor [REG_PREDICT] Observed WRITE transaction to register regmodel.LCR: value='h24 : updated value = 'h24
# UVM_INFO ./../regmodel/uart_reg2ahb_adapter.sv(42) @ 130006000: reporter [uart_reg2ahb_adapter] bus2reg: address = 0x18 data = 0x9e2298ab kind = UVM_WRITE status = UVM_IS_OK
# UVM_INFO /ictc/other/tools/QuestaDVA/questasim/verilog_src/uvm-1.2/src/reg/uvm_reg_predictor.svh(221) @ 130006000: uvm_test_top.env.ahb_predictor [REG_PREDICT] Observed WRITE transaction to register regmodel.TBR: value='h9e2298ab : updated value = 'hab
# UVM_INFO ./../tb/dut_scoreboard.sv(52) @ 130006000: uvm_test_top.env.dut_sb [SCOREBOARD] 
# ===== Captured data from AHB: 0x9e2298ab
# UVM_INFO ./../tb/dut_scoreboard.sv(60) @ 130134000: uvm_test_top.env.dut_sb [SCOREBOARD] 
# ===== Captured data from UART: 0xb
# UVM_INFO ./../tb/dut_scoreboard.sv(73) @ 130134000: uvm_test_top.env.dut_sb [dut_scoreboard] 
# 
# =====[UART TXD] Data comparison =====
# 
# UVM_INFO ./../tb/dut_scoreboard.sv(81) @ 130134000: uvm_test_top.env.dut_sb [dut_scoreboard] 
# =====[DATA FRAME: 5] PASSED SUCCESSFULLY!!! =====
# UVM_INFO ./../tb/dut_scoreboard.sv(84) @ 130134000: uvm_test_top.env.dut_sb [dut_scoreboard] 
# 
# =====[UART TXD] Parity comparison =====
# 
# UVM_INFO ./../tb/dut_scoreboard.sv(90) @ 130134000: uvm_test_top.env.dut_sb [dut_scoreboard] 
# =====[PARITY MODE: 0] PASSED SUCCESSFULLY!!! =====
# UVM_INFO ./../testcases/uart_txd_x16_random.sv(35) @ 140006000: uvm_test_top [uart_txd_x16_random] --------------------------------------------------------------
# Name                Type                Size  Value           
# --------------------------------------------------------------
# cfg                 uart_configuration  -     @360            
#   parity_mode       parity_mode_e       32    UART_PARITY_NONE
#   sampling          sampling_mode_e     32    MODE_X16        
#   data_width        integral            32    'h6             
#   num_of_stop_bit   integral            32    'h1             
#   baud_rate         integral            32    'h960           
#   baud_rate_enable  integral            1     'h0             
#   parity_enable     integral            1     'h0             
# --------------------------------------------------------------
# 
# UVM_INFO ./../regmodel/uart_reg2ahb_adapter.sv(42) @ 140006000: reporter [uart_reg2ahb_adapter] bus2reg: address = 0x0 data = 0x0 kind = UVM_WRITE status = UVM_IS_OK
# UVM_INFO /ictc/other/tools/QuestaDVA/questasim/verilog_src/uvm-1.2/src/reg/uvm_reg_predictor.svh(221) @ 140006000: uvm_test_top.env.ahb_predictor [REG_PREDICT] Observed WRITE transaction to register regmodel.MDR: value='h0 : updated value = 'h0
# UVM_INFO ./../regmodel/uart_reg2ahb_adapter.sv(42) @ 140006000: reporter [uart_reg2ahb_adapter] bus2reg: address = 0x4 data = 0x2c kind = UVM_WRITE status = UVM_IS_OK
# UVM_INFO /ictc/other/tools/QuestaDVA/questasim/verilog_src/uvm-1.2/src/reg/uvm_reg_predictor.svh(221) @ 140006000: uvm_test_top.env.ahb_predictor [REG_PREDICT] Observed WRITE transaction to register regmodel.DLL: value='h2c : updated value = 'h2c
# UVM_INFO ./../regmodel/uart_reg2ahb_adapter.sv(42) @ 140006000: reporter [uart_reg2ahb_adapter] bus2reg: address = 0x8 data = 0xa kind = UVM_WRITE status = UVM_IS_OK
# UVM_INFO /ictc/other/tools/QuestaDVA/questasim/verilog_src/uvm-1.2/src/reg/uvm_reg_predictor.svh(221) @ 140006000: uvm_test_top.env.ahb_predictor [REG_PREDICT] Observed WRITE transaction to register regmodel.DLH: value='ha : updated value = 'ha
# UVM_INFO ./../regmodel/uart_reg2ahb_adapter.sv(42) @ 140006000: reporter [uart_reg2ahb_adapter] bus2reg: address = 0xc data = 0x21 kind = UVM_WRITE status = UVM_IS_OK
# UVM_INFO /ictc/other/tools/QuestaDVA/questasim/verilog_src/uvm-1.2/src/reg/uvm_reg_predictor.svh(221) @ 140006000: uvm_test_top.env.ahb_predictor [REG_PREDICT] Observed WRITE transaction to register regmodel.LCR: value='h21 : updated value = 'h21
# UVM_INFO ./../regmodel/uart_reg2ahb_adapter.sv(42) @ 140006000: reporter [uart_reg2ahb_adapter] bus2reg: address = 0x18 data = 0x957095d9 kind = UVM_WRITE status = UVM_IS_OK
# UVM_INFO /ictc/other/tools/QuestaDVA/questasim/verilog_src/uvm-1.2/src/reg/uvm_reg_predictor.svh(221) @ 140006000: uvm_test_top.env.ahb_predictor [REG_PREDICT] Observed WRITE transaction to register regmodel.TBR: value='h957095d9 : updated value = 'hd9
# UVM_INFO ./../tb/dut_scoreboard.sv(52) @ 140006000: uvm_test_top.env.dut_sb [SCOREBOARD] 
# ===== Captured data from AHB: 0x957095d9
# UVM_INFO ./../tb/dut_scoreboard.sv(60) @ 146305000: uvm_test_top.env.dut_sb [SCOREBOARD] 
# ===== Captured data from UART: 0x19
# UVM_INFO ./../tb/dut_scoreboard.sv(73) @ 146305000: uvm_test_top.env.dut_sb [dut_scoreboard] 
# 
# =====[UART TXD] Data comparison =====
# 
# UVM_INFO ./../tb/dut_scoreboard.sv(81) @ 146305000: uvm_test_top.env.dut_sb [dut_scoreboard] 
# =====[DATA FRAME: 6] PASSED SUCCESSFULLY!!! =====
# UVM_INFO ./../tb/dut_scoreboard.sv(84) @ 146305000: uvm_test_top.env.dut_sb [dut_scoreboard] 
# 
# =====[UART TXD] Parity comparison =====
# 
# UVM_INFO ./../tb/dut_scoreboard.sv(90) @ 146305000: uvm_test_top.env.dut_sb [dut_scoreboard] 
# =====[PARITY MODE: 0] PASSED SUCCESSFULLY!!! =====
# UVM_INFO ./../testcases/uart_txd_x16_random.sv(35) @ 150006000: uvm_test_top [uart_txd_x16_random] --------------------------------------------------------------
# Name                Type                Size  Value           
# --------------------------------------------------------------
# cfg                 uart_configuration  -     @360            
#   parity_mode       parity_mode_e       32    UART_PARITY_NONE
#   sampling          sampling_mode_e     32    MODE_X16        
#   data_width        integral            32    'h6             
#   num_of_stop_bit   integral            32    'h1             
#   baud_rate         integral            32    'h12c0          
#   baud_rate_enable  integral            1     'h0             
#   parity_enable     integral            1     'h0             
# --------------------------------------------------------------
# 
# UVM_INFO ./../regmodel/uart_reg2ahb_adapter.sv(42) @ 150006000: reporter [uart_reg2ahb_adapter] bus2reg: address = 0x0 data = 0x0 kind = UVM_WRITE status = UVM_IS_OK
# UVM_INFO /ictc/other/tools/QuestaDVA/questasim/verilog_src/uvm-1.2/src/reg/uvm_reg_predictor.svh(221) @ 150006000: uvm_test_top.env.ahb_predictor [REG_PREDICT] Observed WRITE transaction to register regmodel.MDR: value='h0 : updated value = 'h0
# UVM_INFO ./../regmodel/uart_reg2ahb_adapter.sv(42) @ 150006000: reporter [uart_reg2ahb_adapter] bus2reg: address = 0x4 data = 0x16 kind = UVM_WRITE status = UVM_IS_OK
# UVM_INFO /ictc/other/tools/QuestaDVA/questasim/verilog_src/uvm-1.2/src/reg/uvm_reg_predictor.svh(221) @ 150006000: uvm_test_top.env.ahb_predictor [REG_PREDICT] Observed WRITE transaction to register regmodel.DLL: value='h16 : updated value = 'h16
# UVM_INFO ./../regmodel/uart_reg2ahb_adapter.sv(42) @ 150006000: reporter [uart_reg2ahb_adapter] bus2reg: address = 0x8 data = 0x5 kind = UVM_WRITE status = UVM_IS_OK
# UVM_INFO /ictc/other/tools/QuestaDVA/questasim/verilog_src/uvm-1.2/src/reg/uvm_reg_predictor.svh(221) @ 150006000: uvm_test_top.env.ahb_predictor [REG_PREDICT] Observed WRITE transaction to register regmodel.DLH: value='h5 : updated value = 'h5
# UVM_INFO ./../regmodel/uart_reg2ahb_adapter.sv(42) @ 150006000: reporter [uart_reg2ahb_adapter] bus2reg: address = 0xc data = 0x21 kind = UVM_WRITE status = UVM_IS_OK
# UVM_INFO /ictc/other/tools/QuestaDVA/questasim/verilog_src/uvm-1.2/src/reg/uvm_reg_predictor.svh(221) @ 150006000: uvm_test_top.env.ahb_predictor [REG_PREDICT] Observed WRITE transaction to register regmodel.LCR: value='h21 : updated value = 'h21
# UVM_INFO ./../regmodel/uart_reg2ahb_adapter.sv(42) @ 150007000: reporter [uart_reg2ahb_adapter] bus2reg: address = 0x18 data = 0x518f5427 kind = UVM_WRITE status = UVM_IS_OK
# UVM_INFO /ictc/other/tools/QuestaDVA/questasim/verilog_src/uvm-1.2/src/reg/uvm_reg_predictor.svh(221) @ 150007000: uvm_test_top.env.ahb_predictor [REG_PREDICT] Observed WRITE transaction to register regmodel.TBR: value='h518f5427 : updated value = 'h27
# UVM_INFO ./../tb/dut_scoreboard.sv(52) @ 150007000: uvm_test_top.env.dut_sb [SCOREBOARD] 
# ===== Captured data from AHB: 0x518f5427
# UVM_INFO ./../tb/dut_scoreboard.sv(60) @ 153158000: uvm_test_top.env.dut_sb [SCOREBOARD] 
# ===== Captured data from UART: 0x27
# UVM_INFO ./../tb/dut_scoreboard.sv(73) @ 153158000: uvm_test_top.env.dut_sb [dut_scoreboard] 
# 
# =====[UART TXD] Data comparison =====
# 
# UVM_INFO ./../tb/dut_scoreboard.sv(81) @ 153158000: uvm_test_top.env.dut_sb [dut_scoreboard] 
# =====[DATA FRAME: 6] PASSED SUCCESSFULLY!!! =====
# UVM_INFO ./../tb/dut_scoreboard.sv(84) @ 153158000: uvm_test_top.env.dut_sb [dut_scoreboard] 
# 
# =====[UART TXD] Parity comparison =====
# 
# UVM_INFO ./../tb/dut_scoreboard.sv(90) @ 153158000: uvm_test_top.env.dut_sb [dut_scoreboard] 
# =====[PARITY MODE: 0] PASSED SUCCESSFULLY!!! =====
# UVM_INFO ./../testcases/uart_txd_x16_random.sv(35) @ 160007000: uvm_test_top [uart_txd_x16_random] --------------------------------------------------------------
# Name                Type                Size  Value           
# --------------------------------------------------------------
# cfg                 uart_configuration  -     @360            
#   parity_mode       parity_mode_e       32    UART_PARITY_NONE
#   sampling          sampling_mode_e     32    MODE_X16        
#   data_width        integral            32    'h6             
#   num_of_stop_bit   integral            32    'h1             
#   baud_rate         integral            32    'h2580          
#   baud_rate_enable  integral            1     'h0             
#   parity_enable     integral            1     'h0             
# --------------------------------------------------------------
# 
# UVM_INFO ./../regmodel/uart_reg2ahb_adapter.sv(42) @ 160007000: reporter [uart_reg2ahb_adapter] bus2reg: address = 0x0 data = 0x0 kind = UVM_WRITE status = UVM_IS_OK
# UVM_INFO /ictc/other/tools/QuestaDVA/questasim/verilog_src/uvm-1.2/src/reg/uvm_reg_predictor.svh(221) @ 160007000: uvm_test_top.env.ahb_predictor [REG_PREDICT] Observed WRITE transaction to register regmodel.MDR: value='h0 : updated value = 'h0
# UVM_INFO ./../regmodel/uart_reg2ahb_adapter.sv(42) @ 160007000: reporter [uart_reg2ahb_adapter] bus2reg: address = 0x4 data = 0x8b kind = UVM_WRITE status = UVM_IS_OK
# UVM_INFO /ictc/other/tools/QuestaDVA/questasim/verilog_src/uvm-1.2/src/reg/uvm_reg_predictor.svh(221) @ 160007000: uvm_test_top.env.ahb_predictor [REG_PREDICT] Observed WRITE transaction to register regmodel.DLL: value='h8b : updated value = 'h8b
# UVM_INFO ./../regmodel/uart_reg2ahb_adapter.sv(42) @ 160007000: reporter [uart_reg2ahb_adapter] bus2reg: address = 0x8 data = 0x2 kind = UVM_WRITE status = UVM_IS_OK
# UVM_INFO /ictc/other/tools/QuestaDVA/questasim/verilog_src/uvm-1.2/src/reg/uvm_reg_predictor.svh(221) @ 160007000: uvm_test_top.env.ahb_predictor [REG_PREDICT] Observed WRITE transaction to register regmodel.DLH: value='h2 : updated value = 'h2
# UVM_INFO ./../regmodel/uart_reg2ahb_adapter.sv(42) @ 160007000: reporter [uart_reg2ahb_adapter] bus2reg: address = 0xc data = 0x21 kind = UVM_WRITE status = UVM_IS_OK
# UVM_INFO /ictc/other/tools/QuestaDVA/questasim/verilog_src/uvm-1.2/src/reg/uvm_reg_predictor.svh(221) @ 160007000: uvm_test_top.env.ahb_predictor [REG_PREDICT] Observed WRITE transaction to register regmodel.LCR: value='h21 : updated value = 'h21
# UVM_INFO ./../regmodel/uart_reg2ahb_adapter.sv(42) @ 160007000: reporter [uart_reg2ahb_adapter] bus2reg: address = 0x18 data = 0x51ab6dd5 kind = UVM_WRITE status = UVM_IS_OK
# UVM_INFO /ictc/other/tools/QuestaDVA/questasim/verilog_src/uvm-1.2/src/reg/uvm_reg_predictor.svh(221) @ 160007000: uvm_test_top.env.ahb_predictor [REG_PREDICT] Observed WRITE transaction to register regmodel.TBR: value='h51ab6dd5 : updated value = 'hd5
# UVM_INFO ./../tb/dut_scoreboard.sv(52) @ 160007000: uvm_test_top.env.dut_sb [SCOREBOARD] 
# ===== Captured data from AHB: 0x51ab6dd5
# UVM_INFO ./../tb/dut_scoreboard.sv(60) @ 161577000: uvm_test_top.env.dut_sb [SCOREBOARD] 
# ===== Captured data from UART: 0x15
# UVM_INFO ./../tb/dut_scoreboard.sv(73) @ 161577000: uvm_test_top.env.dut_sb [dut_scoreboard] 
# 
# =====[UART TXD] Data comparison =====
# 
# UVM_INFO ./../tb/dut_scoreboard.sv(81) @ 161577000: uvm_test_top.env.dut_sb [dut_scoreboard] 
# =====[DATA FRAME: 6] PASSED SUCCESSFULLY!!! =====
# UVM_INFO ./../tb/dut_scoreboard.sv(84) @ 161577000: uvm_test_top.env.dut_sb [dut_scoreboard] 
# 
# =====[UART TXD] Parity comparison =====
# 
# UVM_INFO ./../tb/dut_scoreboard.sv(90) @ 161577000: uvm_test_top.env.dut_sb [dut_scoreboard] 
# =====[PARITY MODE: 0] PASSED SUCCESSFULLY!!! =====
# UVM_INFO ./../testcases/uart_txd_x16_random.sv(35) @ 170007000: uvm_test_top [uart_txd_x16_random] --------------------------------------------------------------
# Name                Type                Size  Value           
# --------------------------------------------------------------
# cfg                 uart_configuration  -     @360            
#   parity_mode       parity_mode_e       32    UART_PARITY_NONE
#   sampling          sampling_mode_e     32    MODE_X16        
#   data_width        integral            32    'h6             
#   num_of_stop_bit   integral            32    'h1             
#   baud_rate         integral            32    'h4b00          
#   baud_rate_enable  integral            1     'h0             
#   parity_enable     integral            1     'h0             
# --------------------------------------------------------------
# 
# UVM_INFO ./../regmodel/uart_reg2ahb_adapter.sv(42) @ 170007000: reporter [uart_reg2ahb_adapter] bus2reg: address = 0x0 data = 0x0 kind = UVM_WRITE status = UVM_IS_OK
# UVM_INFO /ictc/other/tools/QuestaDVA/questasim/verilog_src/uvm-1.2/src/reg/uvm_reg_predictor.svh(221) @ 170007000: uvm_test_top.env.ahb_predictor [REG_PREDICT] Observed WRITE transaction to register regmodel.MDR: value='h0 : updated value = 'h0
# UVM_INFO ./../regmodel/uart_reg2ahb_adapter.sv(42) @ 170007000: reporter [uart_reg2ahb_adapter] bus2reg: address = 0x4 data = 0x45 kind = UVM_WRITE status = UVM_IS_OK
# UVM_INFO /ictc/other/tools/QuestaDVA/questasim/verilog_src/uvm-1.2/src/reg/uvm_reg_predictor.svh(221) @ 170007000: uvm_test_top.env.ahb_predictor [REG_PREDICT] Observed WRITE transaction to register regmodel.DLL: value='h45 : updated value = 'h45
# UVM_INFO ./../regmodel/uart_reg2ahb_adapter.sv(42) @ 170007000: reporter [uart_reg2ahb_adapter] bus2reg: address = 0x8 data = 0x1 kind = UVM_WRITE status = UVM_IS_OK
# UVM_INFO /ictc/other/tools/QuestaDVA/questasim/verilog_src/uvm-1.2/src/reg/uvm_reg_predictor.svh(221) @ 170007000: uvm_test_top.env.ahb_predictor [REG_PREDICT] Observed WRITE transaction to register regmodel.DLH: value='h1 : updated value = 'h1
# UVM_INFO ./../regmodel/uart_reg2ahb_adapter.sv(42) @ 170007000: reporter [uart_reg2ahb_adapter] bus2reg: address = 0xc data = 0x21 kind = UVM_WRITE status = UVM_IS_OK
# UVM_INFO /ictc/other/tools/QuestaDVA/questasim/verilog_src/uvm-1.2/src/reg/uvm_reg_predictor.svh(221) @ 170007000: uvm_test_top.env.ahb_predictor [REG_PREDICT] Observed WRITE transaction to register regmodel.LCR: value='h21 : updated value = 'h21
# UVM_INFO ./../regmodel/uart_reg2ahb_adapter.sv(42) @ 170007000: reporter [uart_reg2ahb_adapter] bus2reg: address = 0x18 data = 0x5d22db06 kind = UVM_WRITE status = UVM_IS_OK
# UVM_INFO /ictc/other/tools/QuestaDVA/questasim/verilog_src/uvm-1.2/src/reg/uvm_reg_predictor.svh(221) @ 170007000: uvm_test_top.env.ahb_predictor [REG_PREDICT] Observed WRITE transaction to register regmodel.TBR: value='h5d22db06 : updated value = 'h6
# UVM_INFO ./../tb/dut_scoreboard.sv(52) @ 170007000: uvm_test_top.env.dut_sb [SCOREBOARD] 
# ===== Captured data from AHB: 0x5d22db06
# UVM_INFO ./../tb/dut_scoreboard.sv(60) @ 170790000: uvm_test_top.env.dut_sb [SCOREBOARD] 
# ===== Captured data from UART: 0x6
# UVM_INFO ./../tb/dut_scoreboard.sv(73) @ 170790000: uvm_test_top.env.dut_sb [dut_scoreboard] 
# 
# =====[UART TXD] Data comparison =====
# 
# UVM_INFO ./../tb/dut_scoreboard.sv(81) @ 170790000: uvm_test_top.env.dut_sb [dut_scoreboard] 
# =====[DATA FRAME: 6] PASSED SUCCESSFULLY!!! =====
# UVM_INFO ./../tb/dut_scoreboard.sv(84) @ 170790000: uvm_test_top.env.dut_sb [dut_scoreboard] 
# 
# =====[UART TXD] Parity comparison =====
# 
# UVM_INFO ./../tb/dut_scoreboard.sv(90) @ 170790000: uvm_test_top.env.dut_sb [dut_scoreboard] 
# =====[PARITY MODE: 0] PASSED SUCCESSFULLY!!! =====
# UVM_INFO ./../testcases/uart_txd_x16_random.sv(35) @ 180007000: uvm_test_top [uart_txd_x16_random] --------------------------------------------------------------
# Name                Type                Size  Value           
# --------------------------------------------------------------
# cfg                 uart_configuration  -     @360            
#   parity_mode       parity_mode_e       32    UART_PARITY_NONE
#   sampling          sampling_mode_e     32    MODE_X16        
#   data_width        integral            32    'h6             
#   num_of_stop_bit   integral            32    'h1             
#   baud_rate         integral            32    'h9600          
#   baud_rate_enable  integral            1     'h0             
#   parity_enable     integral            1     'h0             
# --------------------------------------------------------------
# 
# UVM_INFO ./../regmodel/uart_reg2ahb_adapter.sv(42) @ 180007000: reporter [uart_reg2ahb_adapter] bus2reg: address = 0x0 data = 0x0 kind = UVM_WRITE status = UVM_IS_OK
# UVM_INFO /ictc/other/tools/QuestaDVA/questasim/verilog_src/uvm-1.2/src/reg/uvm_reg_predictor.svh(221) @ 180007000: uvm_test_top.env.ahb_predictor [REG_PREDICT] Observed WRITE transaction to register regmodel.MDR: value='h0 : updated value = 'h0
# UVM_INFO ./../regmodel/uart_reg2ahb_adapter.sv(42) @ 180007000: reporter [uart_reg2ahb_adapter] bus2reg: address = 0x4 data = 0xa4 kind = UVM_WRITE status = UVM_IS_OK
# UVM_INFO /ictc/other/tools/QuestaDVA/questasim/verilog_src/uvm-1.2/src/reg/uvm_reg_predictor.svh(221) @ 180007000: uvm_test_top.env.ahb_predictor [REG_PREDICT] Observed WRITE transaction to register regmodel.DLL: value='ha4 : updated value = 'ha4
# UVM_INFO ./../regmodel/uart_reg2ahb_adapter.sv(42) @ 180008000: reporter [uart_reg2ahb_adapter] bus2reg: address = 0x8 data = 0x0 kind = UVM_WRITE status = UVM_IS_OK
# UVM_INFO /ictc/other/tools/QuestaDVA/questasim/verilog_src/uvm-1.2/src/reg/uvm_reg_predictor.svh(221) @ 180008000: uvm_test_top.env.ahb_predictor [REG_PREDICT] Observed WRITE transaction to register regmodel.DLH: value='h0 : updated value = 'h0
# UVM_INFO ./../regmodel/uart_reg2ahb_adapter.sv(42) @ 180008000: reporter [uart_reg2ahb_adapter] bus2reg: address = 0xc data = 0x21 kind = UVM_WRITE status = UVM_IS_OK
# UVM_INFO /ictc/other/tools/QuestaDVA/questasim/verilog_src/uvm-1.2/src/reg/uvm_reg_predictor.svh(221) @ 180008000: uvm_test_top.env.ahb_predictor [REG_PREDICT] Observed WRITE transaction to register regmodel.LCR: value='h21 : updated value = 'h21
# UVM_INFO ./../regmodel/uart_reg2ahb_adapter.sv(42) @ 180008000: reporter [uart_reg2ahb_adapter] bus2reg: address = 0x18 data = 0x44a8a76c kind = UVM_WRITE status = UVM_IS_OK
# UVM_INFO /ictc/other/tools/QuestaDVA/questasim/verilog_src/uvm-1.2/src/reg/uvm_reg_predictor.svh(221) @ 180008000: uvm_test_top.env.ahb_predictor [REG_PREDICT] Observed WRITE transaction to register regmodel.TBR: value='h44a8a76c : updated value = 'h6c
# UVM_INFO ./../tb/dut_scoreboard.sv(52) @ 180008000: uvm_test_top.env.dut_sb [SCOREBOARD] 
# ===== Captured data from AHB: 0x44a8a76c
# UVM_INFO ./../tb/dut_scoreboard.sv(60) @ 180400000: uvm_test_top.env.dut_sb [SCOREBOARD] 
# ===== Captured data from UART: 0x2c
# UVM_INFO ./../tb/dut_scoreboard.sv(73) @ 180400000: uvm_test_top.env.dut_sb [dut_scoreboard] 
# 
# =====[UART TXD] Data comparison =====
# 
# UVM_INFO ./../tb/dut_scoreboard.sv(81) @ 180400000: uvm_test_top.env.dut_sb [dut_scoreboard] 
# =====[DATA FRAME: 6] PASSED SUCCESSFULLY!!! =====
# UVM_INFO ./../tb/dut_scoreboard.sv(84) @ 180400000: uvm_test_top.env.dut_sb [dut_scoreboard] 
# 
# =====[UART TXD] Parity comparison =====
# 
# UVM_INFO ./../tb/dut_scoreboard.sv(90) @ 180400000: uvm_test_top.env.dut_sb [dut_scoreboard] 
# =====[PARITY MODE: 0] PASSED SUCCESSFULLY!!! =====
# UVM_INFO ./../testcases/uart_txd_x16_random.sv(35) @ 190008000: uvm_test_top [uart_txd_x16_random] --------------------------------------------------------------
# Name                Type                Size  Value           
# --------------------------------------------------------------
# cfg                 uart_configuration  -     @360            
#   parity_mode       parity_mode_e       32    UART_PARITY_NONE
#   sampling          sampling_mode_e     32    MODE_X16        
#   data_width        integral            32    'h6             
#   num_of_stop_bit   integral            32    'h1             
#   baud_rate         integral            32    'h12c00         
#   baud_rate_enable  integral            1     'h0             
#   parity_enable     integral            1     'h0             
# --------------------------------------------------------------
# 
# UVM_INFO ./../regmodel/uart_reg2ahb_adapter.sv(42) @ 190008000: reporter [uart_reg2ahb_adapter] bus2reg: address = 0x0 data = 0x0 kind = UVM_WRITE status = UVM_IS_OK
# UVM_INFO /ictc/other/tools/QuestaDVA/questasim/verilog_src/uvm-1.2/src/reg/uvm_reg_predictor.svh(221) @ 190008000: uvm_test_top.env.ahb_predictor [REG_PREDICT] Observed WRITE transaction to register regmodel.MDR: value='h0 : updated value = 'h0
# UVM_INFO ./../regmodel/uart_reg2ahb_adapter.sv(42) @ 190008000: reporter [uart_reg2ahb_adapter] bus2reg: address = 0x4 data = 0x51 kind = UVM_WRITE status = UVM_IS_OK
# UVM_INFO /ictc/other/tools/QuestaDVA/questasim/verilog_src/uvm-1.2/src/reg/uvm_reg_predictor.svh(221) @ 190008000: uvm_test_top.env.ahb_predictor [REG_PREDICT] Observed WRITE transaction to register regmodel.DLL: value='h51 : updated value = 'h51
# UVM_INFO ./../regmodel/uart_reg2ahb_adapter.sv(42) @ 190008000: reporter [uart_reg2ahb_adapter] bus2reg: address = 0x8 data = 0x0 kind = UVM_WRITE status = UVM_IS_OK
# UVM_INFO /ictc/other/tools/QuestaDVA/questasim/verilog_src/uvm-1.2/src/reg/uvm_reg_predictor.svh(221) @ 190008000: uvm_test_top.env.ahb_predictor [REG_PREDICT] Observed WRITE transaction to register regmodel.DLH: value='h0 : updated value = 'h0
# UVM_INFO ./../regmodel/uart_reg2ahb_adapter.sv(42) @ 190008000: reporter [uart_reg2ahb_adapter] bus2reg: address = 0xc data = 0x21 kind = UVM_WRITE status = UVM_IS_OK
# UVM_INFO /ictc/other/tools/QuestaDVA/questasim/verilog_src/uvm-1.2/src/reg/uvm_reg_predictor.svh(221) @ 190008000: uvm_test_top.env.ahb_predictor [REG_PREDICT] Observed WRITE transaction to register regmodel.LCR: value='h21 : updated value = 'h21
# UVM_INFO ./../regmodel/uart_reg2ahb_adapter.sv(42) @ 190008000: reporter [uart_reg2ahb_adapter] bus2reg: address = 0x18 data = 0xc6965889 kind = UVM_WRITE status = UVM_IS_OK
# UVM_INFO /ictc/other/tools/QuestaDVA/questasim/verilog_src/uvm-1.2/src/reg/uvm_reg_predictor.svh(221) @ 190008000: uvm_test_top.env.ahb_predictor [REG_PREDICT] Observed WRITE transaction to register regmodel.TBR: value='hc6965889 : updated value = 'h89
# UVM_INFO ./../tb/dut_scoreboard.sv(52) @ 190008000: uvm_test_top.env.dut_sb [SCOREBOARD] 
# ===== Captured data from AHB: 0xc6965889
# UVM_INFO ./../tb/dut_scoreboard.sv(60) @ 190204000: uvm_test_top.env.dut_sb [SCOREBOARD] 
# ===== Captured data from UART: 0x9
# UVM_INFO ./../tb/dut_scoreboard.sv(73) @ 190204000: uvm_test_top.env.dut_sb [dut_scoreboard] 
# 
# =====[UART TXD] Data comparison =====
# 
# UVM_INFO ./../tb/dut_scoreboard.sv(81) @ 190204000: uvm_test_top.env.dut_sb [dut_scoreboard] 
# =====[DATA FRAME: 6] PASSED SUCCESSFULLY!!! =====
# UVM_INFO ./../tb/dut_scoreboard.sv(84) @ 190204000: uvm_test_top.env.dut_sb [dut_scoreboard] 
# 
# =====[UART TXD] Parity comparison =====
# 
# UVM_INFO ./../tb/dut_scoreboard.sv(90) @ 190204000: uvm_test_top.env.dut_sb [dut_scoreboard] 
# =====[PARITY MODE: 0] PASSED SUCCESSFULLY!!! =====
# UVM_INFO ./../testcases/uart_txd_x16_random.sv(35) @ 200008000: uvm_test_top [uart_txd_x16_random] --------------------------------------------------------------
# Name                Type                Size  Value           
# --------------------------------------------------------------
# cfg                 uart_configuration  -     @360            
#   parity_mode       parity_mode_e       32    UART_PARITY_NONE
#   sampling          sampling_mode_e     32    MODE_X16        
#   data_width        integral            32    'h6             
#   num_of_stop_bit   integral            32    'h1             
#   baud_rate         integral            32    'h1c200         
#   baud_rate_enable  integral            1     'h0             
#   parity_enable     integral            1     'h0             
# --------------------------------------------------------------
# 
# UVM_INFO ./../regmodel/uart_reg2ahb_adapter.sv(42) @ 200008000: reporter [uart_reg2ahb_adapter] bus2reg: address = 0x0 data = 0x0 kind = UVM_WRITE status = UVM_IS_OK
# UVM_INFO /ictc/other/tools/QuestaDVA/questasim/verilog_src/uvm-1.2/src/reg/uvm_reg_predictor.svh(221) @ 200008000: uvm_test_top.env.ahb_predictor [REG_PREDICT] Observed WRITE transaction to register regmodel.MDR: value='h0 : updated value = 'h0
# UVM_INFO ./../regmodel/uart_reg2ahb_adapter.sv(42) @ 200008000: reporter [uart_reg2ahb_adapter] bus2reg: address = 0x4 data = 0x36 kind = UVM_WRITE status = UVM_IS_OK
# UVM_INFO /ictc/other/tools/QuestaDVA/questasim/verilog_src/uvm-1.2/src/reg/uvm_reg_predictor.svh(221) @ 200008000: uvm_test_top.env.ahb_predictor [REG_PREDICT] Observed WRITE transaction to register regmodel.DLL: value='h36 : updated value = 'h36
# UVM_INFO ./../regmodel/uart_reg2ahb_adapter.sv(42) @ 200008000: reporter [uart_reg2ahb_adapter] bus2reg: address = 0x8 data = 0x0 kind = UVM_WRITE status = UVM_IS_OK
# UVM_INFO /ictc/other/tools/QuestaDVA/questasim/verilog_src/uvm-1.2/src/reg/uvm_reg_predictor.svh(221) @ 200008000: uvm_test_top.env.ahb_predictor [REG_PREDICT] Observed WRITE transaction to register regmodel.DLH: value='h0 : updated value = 'h0
# UVM_INFO ./../regmodel/uart_reg2ahb_adapter.sv(42) @ 200008000: reporter [uart_reg2ahb_adapter] bus2reg: address = 0xc data = 0x21 kind = UVM_WRITE status = UVM_IS_OK
# UVM_INFO /ictc/other/tools/QuestaDVA/questasim/verilog_src/uvm-1.2/src/reg/uvm_reg_predictor.svh(221) @ 200008000: uvm_test_top.env.ahb_predictor [REG_PREDICT] Observed WRITE transaction to register regmodel.LCR: value='h21 : updated value = 'h21
# UVM_INFO ./../regmodel/uart_reg2ahb_adapter.sv(42) @ 200009000: reporter [uart_reg2ahb_adapter] bus2reg: address = 0x18 data = 0xa55b3245 kind = UVM_WRITE status = UVM_IS_OK
# UVM_INFO /ictc/other/tools/QuestaDVA/questasim/verilog_src/uvm-1.2/src/reg/uvm_reg_predictor.svh(221) @ 200009000: uvm_test_top.env.ahb_predictor [REG_PREDICT] Observed WRITE transaction to register regmodel.TBR: value='ha55b3245 : updated value = 'h45
# UVM_INFO ./../tb/dut_scoreboard.sv(52) @ 200009000: uvm_test_top.env.dut_sb [SCOREBOARD] 
# ===== Captured data from AHB: 0xa55b3245
# UVM_INFO ./../tb/dut_scoreboard.sv(60) @ 200137000: uvm_test_top.env.dut_sb [SCOREBOARD] 
# ===== Captured data from UART: 0x5
# UVM_INFO ./../tb/dut_scoreboard.sv(73) @ 200137000: uvm_test_top.env.dut_sb [dut_scoreboard] 
# 
# =====[UART TXD] Data comparison =====
# 
# UVM_INFO ./../tb/dut_scoreboard.sv(81) @ 200137000: uvm_test_top.env.dut_sb [dut_scoreboard] 
# =====[DATA FRAME: 6] PASSED SUCCESSFULLY!!! =====
# UVM_INFO ./../tb/dut_scoreboard.sv(84) @ 200137000: uvm_test_top.env.dut_sb [dut_scoreboard] 
# 
# =====[UART TXD] Parity comparison =====
# 
# UVM_INFO ./../tb/dut_scoreboard.sv(90) @ 200137000: uvm_test_top.env.dut_sb [dut_scoreboard] 
# =====[PARITY MODE: 0] PASSED SUCCESSFULLY!!! =====
# UVM_INFO ./../testcases/uart_txd_x16_random.sv(35) @ 210009000: uvm_test_top [uart_txd_x16_random] --------------------------------------------------------------
# Name                Type                Size  Value           
# --------------------------------------------------------------
# cfg                 uart_configuration  -     @360            
#   parity_mode       parity_mode_e       32    UART_PARITY_NONE
#   sampling          sampling_mode_e     32    MODE_X16        
#   data_width        integral            32    'h6             
#   num_of_stop_bit   integral            32    'h2             
#   baud_rate         integral            32    'h960           
#   baud_rate_enable  integral            1     'h0             
#   parity_enable     integral            1     'h0             
# --------------------------------------------------------------
# 
# UVM_INFO ./../regmodel/uart_reg2ahb_adapter.sv(42) @ 210009000: reporter [uart_reg2ahb_adapter] bus2reg: address = 0x0 data = 0x0 kind = UVM_WRITE status = UVM_IS_OK
# UVM_INFO /ictc/other/tools/QuestaDVA/questasim/verilog_src/uvm-1.2/src/reg/uvm_reg_predictor.svh(221) @ 210009000: uvm_test_top.env.ahb_predictor [REG_PREDICT] Observed WRITE transaction to register regmodel.MDR: value='h0 : updated value = 'h0
# UVM_INFO ./../regmodel/uart_reg2ahb_adapter.sv(42) @ 210009000: reporter [uart_reg2ahb_adapter] bus2reg: address = 0x4 data = 0x2c kind = UVM_WRITE status = UVM_IS_OK
# UVM_INFO /ictc/other/tools/QuestaDVA/questasim/verilog_src/uvm-1.2/src/reg/uvm_reg_predictor.svh(221) @ 210009000: uvm_test_top.env.ahb_predictor [REG_PREDICT] Observed WRITE transaction to register regmodel.DLL: value='h2c : updated value = 'h2c
# UVM_INFO ./../regmodel/uart_reg2ahb_adapter.sv(42) @ 210009000: reporter [uart_reg2ahb_adapter] bus2reg: address = 0x8 data = 0xa kind = UVM_WRITE status = UVM_IS_OK
# UVM_INFO /ictc/other/tools/QuestaDVA/questasim/verilog_src/uvm-1.2/src/reg/uvm_reg_predictor.svh(221) @ 210009000: uvm_test_top.env.ahb_predictor [REG_PREDICT] Observed WRITE transaction to register regmodel.DLH: value='ha : updated value = 'ha
# UVM_INFO ./../regmodel/uart_reg2ahb_adapter.sv(42) @ 210009000: reporter [uart_reg2ahb_adapter] bus2reg: address = 0xc data = 0x25 kind = UVM_WRITE status = UVM_IS_OK
# UVM_INFO /ictc/other/tools/QuestaDVA/questasim/verilog_src/uvm-1.2/src/reg/uvm_reg_predictor.svh(221) @ 210009000: uvm_test_top.env.ahb_predictor [REG_PREDICT] Observed WRITE transaction to register regmodel.LCR: value='h25 : updated value = 'h25
# UVM_INFO ./../regmodel/uart_reg2ahb_adapter.sv(42) @ 210009000: reporter [uart_reg2ahb_adapter] bus2reg: address = 0x18 data = 0xbd650aed kind = UVM_WRITE status = UVM_IS_OK
# UVM_INFO /ictc/other/tools/QuestaDVA/questasim/verilog_src/uvm-1.2/src/reg/uvm_reg_predictor.svh(221) @ 210009000: uvm_test_top.env.ahb_predictor [REG_PREDICT] Observed WRITE transaction to register regmodel.TBR: value='hbd650aed : updated value = 'hed
# UVM_INFO ./../tb/dut_scoreboard.sv(52) @ 210009000: uvm_test_top.env.dut_sb [SCOREBOARD] 
# ===== Captured data from AHB: 0xbd650aed
# UVM_INFO ./../tb/dut_scoreboard.sv(60) @ 217141000: uvm_test_top.env.dut_sb [SCOREBOARD] 
# ===== Captured data from UART: 0x2d
# UVM_INFO ./../tb/dut_scoreboard.sv(73) @ 217141000: uvm_test_top.env.dut_sb [dut_scoreboard] 
# 
# =====[UART TXD] Data comparison =====
# 
# UVM_INFO ./../tb/dut_scoreboard.sv(81) @ 217141000: uvm_test_top.env.dut_sb [dut_scoreboard] 
# =====[DATA FRAME: 6] PASSED SUCCESSFULLY!!! =====
# UVM_INFO ./../tb/dut_scoreboard.sv(84) @ 217141000: uvm_test_top.env.dut_sb [dut_scoreboard] 
# 
# =====[UART TXD] Parity comparison =====
# 
# UVM_INFO ./../tb/dut_scoreboard.sv(90) @ 217141000: uvm_test_top.env.dut_sb [dut_scoreboard] 
# =====[PARITY MODE: 0] PASSED SUCCESSFULLY!!! =====
# UVM_INFO ./../testcases/uart_txd_x16_random.sv(35) @ 220009000: uvm_test_top [uart_txd_x16_random] --------------------------------------------------------------
# Name                Type                Size  Value           
# --------------------------------------------------------------
# cfg                 uart_configuration  -     @360            
#   parity_mode       parity_mode_e       32    UART_PARITY_NONE
#   sampling          sampling_mode_e     32    MODE_X16        
#   data_width        integral            32    'h6             
#   num_of_stop_bit   integral            32    'h2             
#   baud_rate         integral            32    'h12c0          
#   baud_rate_enable  integral            1     'h0             
#   parity_enable     integral            1     'h0             
# --------------------------------------------------------------
# 
# UVM_INFO ./../regmodel/uart_reg2ahb_adapter.sv(42) @ 220009000: reporter [uart_reg2ahb_adapter] bus2reg: address = 0x0 data = 0x0 kind = UVM_WRITE status = UVM_IS_OK
# UVM_INFO /ictc/other/tools/QuestaDVA/questasim/verilog_src/uvm-1.2/src/reg/uvm_reg_predictor.svh(221) @ 220009000: uvm_test_top.env.ahb_predictor [REG_PREDICT] Observed WRITE transaction to register regmodel.MDR: value='h0 : updated value = 'h0
# UVM_INFO ./../regmodel/uart_reg2ahb_adapter.sv(42) @ 220009000: reporter [uart_reg2ahb_adapter] bus2reg: address = 0x4 data = 0x16 kind = UVM_WRITE status = UVM_IS_OK
# UVM_INFO /ictc/other/tools/QuestaDVA/questasim/verilog_src/uvm-1.2/src/reg/uvm_reg_predictor.svh(221) @ 220009000: uvm_test_top.env.ahb_predictor [REG_PREDICT] Observed WRITE transaction to register regmodel.DLL: value='h16 : updated value = 'h16
# UVM_INFO ./../regmodel/uart_reg2ahb_adapter.sv(42) @ 220009000: reporter [uart_reg2ahb_adapter] bus2reg: address = 0x8 data = 0x5 kind = UVM_WRITE status = UVM_IS_OK
# UVM_INFO /ictc/other/tools/QuestaDVA/questasim/verilog_src/uvm-1.2/src/reg/uvm_reg_predictor.svh(221) @ 220009000: uvm_test_top.env.ahb_predictor [REG_PREDICT] Observed WRITE transaction to register regmodel.DLH: value='h5 : updated value = 'h5
# UVM_INFO ./../regmodel/uart_reg2ahb_adapter.sv(42) @ 220009000: reporter [uart_reg2ahb_adapter] bus2reg: address = 0xc data = 0x25 kind = UVM_WRITE status = UVM_IS_OK
# UVM_INFO /ictc/other/tools/QuestaDVA/questasim/verilog_src/uvm-1.2/src/reg/uvm_reg_predictor.svh(221) @ 220009000: uvm_test_top.env.ahb_predictor [REG_PREDICT] Observed WRITE transaction to register regmodel.LCR: value='h25 : updated value = 'h25
# UVM_INFO ./../regmodel/uart_reg2ahb_adapter.sv(42) @ 220009000: reporter [uart_reg2ahb_adapter] bus2reg: address = 0x18 data = 0xa7ecda4 kind = UVM_WRITE status = UVM_IS_OK
# UVM_INFO /ictc/other/tools/QuestaDVA/questasim/verilog_src/uvm-1.2/src/reg/uvm_reg_predictor.svh(221) @ 220009000: uvm_test_top.env.ahb_predictor [REG_PREDICT] Observed WRITE transaction to register regmodel.TBR: value='ha7ecda4 : updated value = 'ha4
# UVM_INFO ./../tb/dut_scoreboard.sv(52) @ 220009000: uvm_test_top.env.dut_sb [SCOREBOARD] 
# ===== Captured data from AHB: 0xa7ecda4
# UVM_INFO ./../tb/dut_scoreboard.sv(60) @ 223578000: uvm_test_top.env.dut_sb [SCOREBOARD] 
# ===== Captured data from UART: 0x24
# UVM_INFO ./../tb/dut_scoreboard.sv(73) @ 223578000: uvm_test_top.env.dut_sb [dut_scoreboard] 
# 
# =====[UART TXD] Data comparison =====
# 
# UVM_INFO ./../tb/dut_scoreboard.sv(81) @ 223578000: uvm_test_top.env.dut_sb [dut_scoreboard] 
# =====[DATA FRAME: 6] PASSED SUCCESSFULLY!!! =====
# UVM_INFO ./../tb/dut_scoreboard.sv(84) @ 223578000: uvm_test_top.env.dut_sb [dut_scoreboard] 
# 
# =====[UART TXD] Parity comparison =====
# 
# UVM_INFO ./../tb/dut_scoreboard.sv(90) @ 223578000: uvm_test_top.env.dut_sb [dut_scoreboard] 
# =====[PARITY MODE: 0] PASSED SUCCESSFULLY!!! =====
# UVM_INFO ./../testcases/uart_txd_x16_random.sv(35) @ 230009000: uvm_test_top [uart_txd_x16_random] --------------------------------------------------------------
# Name                Type                Size  Value           
# --------------------------------------------------------------
# cfg                 uart_configuration  -     @360            
#   parity_mode       parity_mode_e       32    UART_PARITY_NONE
#   sampling          sampling_mode_e     32    MODE_X16        
#   data_width        integral            32    'h6             
#   num_of_stop_bit   integral            32    'h2             
#   baud_rate         integral            32    'h2580          
#   baud_rate_enable  integral            1     'h0             
#   parity_enable     integral            1     'h0             
# --------------------------------------------------------------
# 
# UVM_INFO ./../regmodel/uart_reg2ahb_adapter.sv(42) @ 230009000: reporter [uart_reg2ahb_adapter] bus2reg: address = 0x0 data = 0x0 kind = UVM_WRITE status = UVM_IS_OK
# UVM_INFO /ictc/other/tools/QuestaDVA/questasim/verilog_src/uvm-1.2/src/reg/uvm_reg_predictor.svh(221) @ 230009000: uvm_test_top.env.ahb_predictor [REG_PREDICT] Observed WRITE transaction to register regmodel.MDR: value='h0 : updated value = 'h0
# UVM_INFO ./../regmodel/uart_reg2ahb_adapter.sv(42) @ 230009000: reporter [uart_reg2ahb_adapter] bus2reg: address = 0x4 data = 0x8b kind = UVM_WRITE status = UVM_IS_OK
# UVM_INFO /ictc/other/tools/QuestaDVA/questasim/verilog_src/uvm-1.2/src/reg/uvm_reg_predictor.svh(221) @ 230009000: uvm_test_top.env.ahb_predictor [REG_PREDICT] Observed WRITE transaction to register regmodel.DLL: value='h8b : updated value = 'h8b
# UVM_INFO ./../regmodel/uart_reg2ahb_adapter.sv(42) @ 230010000: reporter [uart_reg2ahb_adapter] bus2reg: address = 0x8 data = 0x2 kind = UVM_WRITE status = UVM_IS_OK
# UVM_INFO /ictc/other/tools/QuestaDVA/questasim/verilog_src/uvm-1.2/src/reg/uvm_reg_predictor.svh(221) @ 230010000: uvm_test_top.env.ahb_predictor [REG_PREDICT] Observed WRITE transaction to register regmodel.DLH: value='h2 : updated value = 'h2
# UVM_INFO ./../regmodel/uart_reg2ahb_adapter.sv(42) @ 230010000: reporter [uart_reg2ahb_adapter] bus2reg: address = 0xc data = 0x25 kind = UVM_WRITE status = UVM_IS_OK
# UVM_INFO /ictc/other/tools/QuestaDVA/questasim/verilog_src/uvm-1.2/src/reg/uvm_reg_predictor.svh(221) @ 230010000: uvm_test_top.env.ahb_predictor [REG_PREDICT] Observed WRITE transaction to register regmodel.LCR: value='h25 : updated value = 'h25
# UVM_INFO ./../regmodel/uart_reg2ahb_adapter.sv(42) @ 230010000: reporter [uart_reg2ahb_adapter] bus2reg: address = 0x18 data = 0x108ac7d2 kind = UVM_WRITE status = UVM_IS_OK
# UVM_INFO /ictc/other/tools/QuestaDVA/questasim/verilog_src/uvm-1.2/src/reg/uvm_reg_predictor.svh(221) @ 230010000: uvm_test_top.env.ahb_predictor [REG_PREDICT] Observed WRITE transaction to register regmodel.TBR: value='h108ac7d2 : updated value = 'hd2
# UVM_INFO ./../tb/dut_scoreboard.sv(52) @ 230010000: uvm_test_top.env.dut_sb [SCOREBOARD] 
# ===== Captured data from AHB: 0x108ac7d2
# UVM_INFO ./../tb/dut_scoreboard.sv(60) @ 231788000: uvm_test_top.env.dut_sb [SCOREBOARD] 
# ===== Captured data from UART: 0x12
# UVM_INFO ./../tb/dut_scoreboard.sv(73) @ 231788000: uvm_test_top.env.dut_sb [dut_scoreboard] 
# 
# =====[UART TXD] Data comparison =====
# 
# UVM_INFO ./../tb/dut_scoreboard.sv(81) @ 231788000: uvm_test_top.env.dut_sb [dut_scoreboard] 
# =====[DATA FRAME: 6] PASSED SUCCESSFULLY!!! =====
# UVM_INFO ./../tb/dut_scoreboard.sv(84) @ 231788000: uvm_test_top.env.dut_sb [dut_scoreboard] 
# 
# =====[UART TXD] Parity comparison =====
# 
# UVM_INFO ./../tb/dut_scoreboard.sv(90) @ 231788000: uvm_test_top.env.dut_sb [dut_scoreboard] 
# =====[PARITY MODE: 0] PASSED SUCCESSFULLY!!! =====
# UVM_INFO ./../testcases/uart_txd_x16_random.sv(35) @ 240010000: uvm_test_top [uart_txd_x16_random] --------------------------------------------------------------
# Name                Type                Size  Value           
# --------------------------------------------------------------
# cfg                 uart_configuration  -     @360            
#   parity_mode       parity_mode_e       32    UART_PARITY_NONE
#   sampling          sampling_mode_e     32    MODE_X16        
#   data_width        integral            32    'h6             
#   num_of_stop_bit   integral            32    'h2             
#   baud_rate         integral            32    'h4b00          
#   baud_rate_enable  integral            1     'h0             
#   parity_enable     integral            1     'h0             
# --------------------------------------------------------------
# 
# UVM_INFO ./../regmodel/uart_reg2ahb_adapter.sv(42) @ 240010000: reporter [uart_reg2ahb_adapter] bus2reg: address = 0x0 data = 0x0 kind = UVM_WRITE status = UVM_IS_OK
# UVM_INFO /ictc/other/tools/QuestaDVA/questasim/verilog_src/uvm-1.2/src/reg/uvm_reg_predictor.svh(221) @ 240010000: uvm_test_top.env.ahb_predictor [REG_PREDICT] Observed WRITE transaction to register regmodel.MDR: value='h0 : updated value = 'h0
# UVM_INFO ./../regmodel/uart_reg2ahb_adapter.sv(42) @ 240010000: reporter [uart_reg2ahb_adapter] bus2reg: address = 0x4 data = 0x45 kind = UVM_WRITE status = UVM_IS_OK
# UVM_INFO /ictc/other/tools/QuestaDVA/questasim/verilog_src/uvm-1.2/src/reg/uvm_reg_predictor.svh(221) @ 240010000: uvm_test_top.env.ahb_predictor [REG_PREDICT] Observed WRITE transaction to register regmodel.DLL: value='h45 : updated value = 'h45
# UVM_INFO ./../regmodel/uart_reg2ahb_adapter.sv(42) @ 240010000: reporter [uart_reg2ahb_adapter] bus2reg: address = 0x8 data = 0x1 kind = UVM_WRITE status = UVM_IS_OK
# UVM_INFO /ictc/other/tools/QuestaDVA/questasim/verilog_src/uvm-1.2/src/reg/uvm_reg_predictor.svh(221) @ 240010000: uvm_test_top.env.ahb_predictor [REG_PREDICT] Observed WRITE transaction to register regmodel.DLH: value='h1 : updated value = 'h1
# UVM_INFO ./../regmodel/uart_reg2ahb_adapter.sv(42) @ 240010000: reporter [uart_reg2ahb_adapter] bus2reg: address = 0xc data = 0x25 kind = UVM_WRITE status = UVM_IS_OK
# UVM_INFO /ictc/other/tools/QuestaDVA/questasim/verilog_src/uvm-1.2/src/reg/uvm_reg_predictor.svh(221) @ 240010000: uvm_test_top.env.ahb_predictor [REG_PREDICT] Observed WRITE transaction to register regmodel.LCR: value='h25 : updated value = 'h25
# UVM_INFO ./../regmodel/uart_reg2ahb_adapter.sv(42) @ 240010000: reporter [uart_reg2ahb_adapter] bus2reg: address = 0x18 data = 0x5850ce3c kind = UVM_WRITE status = UVM_IS_OK
# UVM_INFO /ictc/other/tools/QuestaDVA/questasim/verilog_src/uvm-1.2/src/reg/uvm_reg_predictor.svh(221) @ 240010000: uvm_test_top.env.ahb_predictor [REG_PREDICT] Observed WRITE transaction to register regmodel.TBR: value='h5850ce3c : updated value = 'h3c
# UVM_INFO ./../tb/dut_scoreboard.sv(52) @ 240010000: uvm_test_top.env.dut_sb [SCOREBOARD] 
# ===== Captured data from AHB: 0x5850ce3c
# UVM_INFO ./../tb/dut_scoreboard.sv(60) @ 240897000: uvm_test_top.env.dut_sb [SCOREBOARD] 
# ===== Captured data from UART: 0x3c
# UVM_INFO ./../tb/dut_scoreboard.sv(73) @ 240897000: uvm_test_top.env.dut_sb [dut_scoreboard] 
# 
# =====[UART TXD] Data comparison =====
# 
# UVM_INFO ./../tb/dut_scoreboard.sv(81) @ 240897000: uvm_test_top.env.dut_sb [dut_scoreboard] 
# =====[DATA FRAME: 6] PASSED SUCCESSFULLY!!! =====
# UVM_INFO ./../tb/dut_scoreboard.sv(84) @ 240897000: uvm_test_top.env.dut_sb [dut_scoreboard] 
# 
# =====[UART TXD] Parity comparison =====
# 
# UVM_INFO ./../tb/dut_scoreboard.sv(90) @ 240897000: uvm_test_top.env.dut_sb [dut_scoreboard] 
# =====[PARITY MODE: 0] PASSED SUCCESSFULLY!!! =====
# UVM_INFO ./../testcases/uart_txd_x16_random.sv(35) @ 250010000: uvm_test_top [uart_txd_x16_random] --------------------------------------------------------------
# Name                Type                Size  Value           
# --------------------------------------------------------------
# cfg                 uart_configuration  -     @360            
#   parity_mode       parity_mode_e       32    UART_PARITY_NONE
#   sampling          sampling_mode_e     32    MODE_X16        
#   data_width        integral            32    'h6             
#   num_of_stop_bit   integral            32    'h2             
#   baud_rate         integral            32    'h9600          
#   baud_rate_enable  integral            1     'h0             
#   parity_enable     integral            1     'h0             
# --------------------------------------------------------------
# 
# UVM_INFO ./../regmodel/uart_reg2ahb_adapter.sv(42) @ 250010000: reporter [uart_reg2ahb_adapter] bus2reg: address = 0x0 data = 0x0 kind = UVM_WRITE status = UVM_IS_OK
# UVM_INFO /ictc/other/tools/QuestaDVA/questasim/verilog_src/uvm-1.2/src/reg/uvm_reg_predictor.svh(221) @ 250010000: uvm_test_top.env.ahb_predictor [REG_PREDICT] Observed WRITE transaction to register regmodel.MDR: value='h0 : updated value = 'h0
# UVM_INFO ./../regmodel/uart_reg2ahb_adapter.sv(42) @ 250010000: reporter [uart_reg2ahb_adapter] bus2reg: address = 0x4 data = 0xa4 kind = UVM_WRITE status = UVM_IS_OK
# UVM_INFO /ictc/other/tools/QuestaDVA/questasim/verilog_src/uvm-1.2/src/reg/uvm_reg_predictor.svh(221) @ 250010000: uvm_test_top.env.ahb_predictor [REG_PREDICT] Observed WRITE transaction to register regmodel.DLL: value='ha4 : updated value = 'ha4
# UVM_INFO ./../regmodel/uart_reg2ahb_adapter.sv(42) @ 250010000: reporter [uart_reg2ahb_adapter] bus2reg: address = 0x8 data = 0x0 kind = UVM_WRITE status = UVM_IS_OK
# UVM_INFO /ictc/other/tools/QuestaDVA/questasim/verilog_src/uvm-1.2/src/reg/uvm_reg_predictor.svh(221) @ 250010000: uvm_test_top.env.ahb_predictor [REG_PREDICT] Observed WRITE transaction to register regmodel.DLH: value='h0 : updated value = 'h0
# UVM_INFO ./../regmodel/uart_reg2ahb_adapter.sv(42) @ 250010000: reporter [uart_reg2ahb_adapter] bus2reg: address = 0xc data = 0x25 kind = UVM_WRITE status = UVM_IS_OK
# UVM_INFO /ictc/other/tools/QuestaDVA/questasim/verilog_src/uvm-1.2/src/reg/uvm_reg_predictor.svh(221) @ 250010000: uvm_test_top.env.ahb_predictor [REG_PREDICT] Observed WRITE transaction to register regmodel.LCR: value='h25 : updated value = 'h25
# UVM_INFO ./../regmodel/uart_reg2ahb_adapter.sv(42) @ 250011000: reporter [uart_reg2ahb_adapter] bus2reg: address = 0x18 data = 0x7f1e1b1c kind = UVM_WRITE status = UVM_IS_OK
# UVM_INFO /ictc/other/tools/QuestaDVA/questasim/verilog_src/uvm-1.2/src/reg/uvm_reg_predictor.svh(221) @ 250011000: uvm_test_top.env.ahb_predictor [REG_PREDICT] Observed WRITE transaction to register regmodel.TBR: value='h7f1e1b1c : updated value = 'h1c
# UVM_INFO ./../tb/dut_scoreboard.sv(52) @ 250011000: uvm_test_top.env.dut_sb [SCOREBOARD] 
# ===== Captured data from AHB: 0x7f1e1b1c
# UVM_INFO ./../tb/dut_scoreboard.sv(60) @ 250455000: uvm_test_top.env.dut_sb [SCOREBOARD] 
# ===== Captured data from UART: 0x1c
# UVM_INFO ./../tb/dut_scoreboard.sv(73) @ 250455000: uvm_test_top.env.dut_sb [dut_scoreboard] 
# 
# =====[UART TXD] Data comparison =====
# 
# UVM_INFO ./../tb/dut_scoreboard.sv(81) @ 250455000: uvm_test_top.env.dut_sb [dut_scoreboard] 
# =====[DATA FRAME: 6] PASSED SUCCESSFULLY!!! =====
# UVM_INFO ./../tb/dut_scoreboard.sv(84) @ 250455000: uvm_test_top.env.dut_sb [dut_scoreboard] 
# 
# =====[UART TXD] Parity comparison =====
# 
# UVM_INFO ./../tb/dut_scoreboard.sv(90) @ 250455000: uvm_test_top.env.dut_sb [dut_scoreboard] 
# =====[PARITY MODE: 0] PASSED SUCCESSFULLY!!! =====
# UVM_INFO ./../testcases/uart_txd_x16_random.sv(35) @ 260011000: uvm_test_top [uart_txd_x16_random] --------------------------------------------------------------
# Name                Type                Size  Value           
# --------------------------------------------------------------
# cfg                 uart_configuration  -     @360            
#   parity_mode       parity_mode_e       32    UART_PARITY_NONE
#   sampling          sampling_mode_e     32    MODE_X16        
#   data_width        integral            32    'h6             
#   num_of_stop_bit   integral            32    'h2             
#   baud_rate         integral            32    'h12c00         
#   baud_rate_enable  integral            1     'h0             
#   parity_enable     integral            1     'h0             
# --------------------------------------------------------------
# 
# UVM_INFO ./../regmodel/uart_reg2ahb_adapter.sv(42) @ 260011000: reporter [uart_reg2ahb_adapter] bus2reg: address = 0x0 data = 0x0 kind = UVM_WRITE status = UVM_IS_OK
# UVM_INFO /ictc/other/tools/QuestaDVA/questasim/verilog_src/uvm-1.2/src/reg/uvm_reg_predictor.svh(221) @ 260011000: uvm_test_top.env.ahb_predictor [REG_PREDICT] Observed WRITE transaction to register regmodel.MDR: value='h0 : updated value = 'h0
# UVM_INFO ./../regmodel/uart_reg2ahb_adapter.sv(42) @ 260011000: reporter [uart_reg2ahb_adapter] bus2reg: address = 0x4 data = 0x51 kind = UVM_WRITE status = UVM_IS_OK
# UVM_INFO /ictc/other/tools/QuestaDVA/questasim/verilog_src/uvm-1.2/src/reg/uvm_reg_predictor.svh(221) @ 260011000: uvm_test_top.env.ahb_predictor [REG_PREDICT] Observed WRITE transaction to register regmodel.DLL: value='h51 : updated value = 'h51
# UVM_INFO ./../regmodel/uart_reg2ahb_adapter.sv(42) @ 260011000: reporter [uart_reg2ahb_adapter] bus2reg: address = 0x8 data = 0x0 kind = UVM_WRITE status = UVM_IS_OK
# UVM_INFO /ictc/other/tools/QuestaDVA/questasim/verilog_src/uvm-1.2/src/reg/uvm_reg_predictor.svh(221) @ 260011000: uvm_test_top.env.ahb_predictor [REG_PREDICT] Observed WRITE transaction to register regmodel.DLH: value='h0 : updated value = 'h0
# UVM_INFO ./../regmodel/uart_reg2ahb_adapter.sv(42) @ 260011000: reporter [uart_reg2ahb_adapter] bus2reg: address = 0xc data = 0x25 kind = UVM_WRITE status = UVM_IS_OK
# UVM_INFO /ictc/other/tools/QuestaDVA/questasim/verilog_src/uvm-1.2/src/reg/uvm_reg_predictor.svh(221) @ 260011000: uvm_test_top.env.ahb_predictor [REG_PREDICT] Observed WRITE transaction to register regmodel.LCR: value='h25 : updated value = 'h25
# UVM_INFO ./../regmodel/uart_reg2ahb_adapter.sv(42) @ 260011000: reporter [uart_reg2ahb_adapter] bus2reg: address = 0x18 data = 0x9acc375e kind = UVM_WRITE status = UVM_IS_OK
# UVM_INFO /ictc/other/tools/QuestaDVA/questasim/verilog_src/uvm-1.2/src/reg/uvm_reg_predictor.svh(221) @ 260011000: uvm_test_top.env.ahb_predictor [REG_PREDICT] Observed WRITE transaction to register regmodel.TBR: value='h9acc375e : updated value = 'h5e
# UVM_INFO ./../tb/dut_scoreboard.sv(52) @ 260011000: uvm_test_top.env.dut_sb [SCOREBOARD] 
# ===== Captured data from AHB: 0x9acc375e
# UVM_INFO ./../tb/dut_scoreboard.sv(60) @ 260233000: uvm_test_top.env.dut_sb [SCOREBOARD] 
# ===== Captured data from UART: 0x1e
# UVM_INFO ./../tb/dut_scoreboard.sv(73) @ 260233000: uvm_test_top.env.dut_sb [dut_scoreboard] 
# 
# =====[UART TXD] Data comparison =====
# 
# UVM_INFO ./../tb/dut_scoreboard.sv(81) @ 260233000: uvm_test_top.env.dut_sb [dut_scoreboard] 
# =====[DATA FRAME: 6] PASSED SUCCESSFULLY!!! =====
# UVM_INFO ./../tb/dut_scoreboard.sv(84) @ 260233000: uvm_test_top.env.dut_sb [dut_scoreboard] 
# 
# =====[UART TXD] Parity comparison =====
# 
# UVM_INFO ./../tb/dut_scoreboard.sv(90) @ 260233000: uvm_test_top.env.dut_sb [dut_scoreboard] 
# =====[PARITY MODE: 0] PASSED SUCCESSFULLY!!! =====
# UVM_INFO ./../testcases/uart_txd_x16_random.sv(35) @ 270011000: uvm_test_top [uart_txd_x16_random] --------------------------------------------------------------
# Name                Type                Size  Value           
# --------------------------------------------------------------
# cfg                 uart_configuration  -     @360            
#   parity_mode       parity_mode_e       32    UART_PARITY_NONE
#   sampling          sampling_mode_e     32    MODE_X16        
#   data_width        integral            32    'h6             
#   num_of_stop_bit   integral            32    'h2             
#   baud_rate         integral            32    'h1c200         
#   baud_rate_enable  integral            1     'h0             
#   parity_enable     integral            1     'h0             
# --------------------------------------------------------------
# 
# UVM_INFO ./../regmodel/uart_reg2ahb_adapter.sv(42) @ 270011000: reporter [uart_reg2ahb_adapter] bus2reg: address = 0x0 data = 0x0 kind = UVM_WRITE status = UVM_IS_OK
# UVM_INFO /ictc/other/tools/QuestaDVA/questasim/verilog_src/uvm-1.2/src/reg/uvm_reg_predictor.svh(221) @ 270011000: uvm_test_top.env.ahb_predictor [REG_PREDICT] Observed WRITE transaction to register regmodel.MDR: value='h0 : updated value = 'h0
# UVM_INFO ./../regmodel/uart_reg2ahb_adapter.sv(42) @ 270011000: reporter [uart_reg2ahb_adapter] bus2reg: address = 0x4 data = 0x36 kind = UVM_WRITE status = UVM_IS_OK
# UVM_INFO /ictc/other/tools/QuestaDVA/questasim/verilog_src/uvm-1.2/src/reg/uvm_reg_predictor.svh(221) @ 270011000: uvm_test_top.env.ahb_predictor [REG_PREDICT] Observed WRITE transaction to register regmodel.DLL: value='h36 : updated value = 'h36
# UVM_INFO ./../regmodel/uart_reg2ahb_adapter.sv(42) @ 270011000: reporter [uart_reg2ahb_adapter] bus2reg: address = 0x8 data = 0x0 kind = UVM_WRITE status = UVM_IS_OK
# UVM_INFO /ictc/other/tools/QuestaDVA/questasim/verilog_src/uvm-1.2/src/reg/uvm_reg_predictor.svh(221) @ 270011000: uvm_test_top.env.ahb_predictor [REG_PREDICT] Observed WRITE transaction to register regmodel.DLH: value='h0 : updated value = 'h0
# UVM_INFO ./../regmodel/uart_reg2ahb_adapter.sv(42) @ 270011000: reporter [uart_reg2ahb_adapter] bus2reg: address = 0xc data = 0x25 kind = UVM_WRITE status = UVM_IS_OK
# UVM_INFO /ictc/other/tools/QuestaDVA/questasim/verilog_src/uvm-1.2/src/reg/uvm_reg_predictor.svh(221) @ 270011000: uvm_test_top.env.ahb_predictor [REG_PREDICT] Observed WRITE transaction to register regmodel.LCR: value='h25 : updated value = 'h25
# UVM_INFO ./../regmodel/uart_reg2ahb_adapter.sv(42) @ 270011000: reporter [uart_reg2ahb_adapter] bus2reg: address = 0x18 data = 0x72da29b1 kind = UVM_WRITE status = UVM_IS_OK
# UVM_INFO /ictc/other/tools/QuestaDVA/questasim/verilog_src/uvm-1.2/src/reg/uvm_reg_predictor.svh(221) @ 270011000: uvm_test_top.env.ahb_predictor [REG_PREDICT] Observed WRITE transaction to register regmodel.TBR: value='h72da29b1 : updated value = 'hb1
# UVM_INFO ./../tb/dut_scoreboard.sv(52) @ 270011000: uvm_test_top.env.dut_sb [SCOREBOARD] 
# ===== Captured data from AHB: 0x72da29b1
# UVM_INFO ./../tb/dut_scoreboard.sv(60) @ 270156000: uvm_test_top.env.dut_sb [SCOREBOARD] 
# ===== Captured data from UART: 0x31
# UVM_INFO ./../tb/dut_scoreboard.sv(73) @ 270156000: uvm_test_top.env.dut_sb [dut_scoreboard] 
# 
# =====[UART TXD] Data comparison =====
# 
# UVM_INFO ./../tb/dut_scoreboard.sv(81) @ 270156000: uvm_test_top.env.dut_sb [dut_scoreboard] 
# =====[DATA FRAME: 6] PASSED SUCCESSFULLY!!! =====
# UVM_INFO ./../tb/dut_scoreboard.sv(84) @ 270156000: uvm_test_top.env.dut_sb [dut_scoreboard] 
# 
# =====[UART TXD] Parity comparison =====
# 
# UVM_INFO ./../tb/dut_scoreboard.sv(90) @ 270156000: uvm_test_top.env.dut_sb [dut_scoreboard] 
# =====[PARITY MODE: 0] PASSED SUCCESSFULLY!!! =====
# UVM_INFO ./../testcases/uart_txd_x16_random.sv(35) @ 280011000: uvm_test_top [uart_txd_x16_random] --------------------------------------------------------------
# Name                Type                Size  Value           
# --------------------------------------------------------------
# cfg                 uart_configuration  -     @360            
#   parity_mode       parity_mode_e       32    UART_PARITY_NONE
#   sampling          sampling_mode_e     32    MODE_X16        
#   data_width        integral            32    'h7             
#   num_of_stop_bit   integral            32    'h1             
#   baud_rate         integral            32    'h960           
#   baud_rate_enable  integral            1     'h0             
#   parity_enable     integral            1     'h0             
# --------------------------------------------------------------
# 
# UVM_INFO ./../regmodel/uart_reg2ahb_adapter.sv(42) @ 280011000: reporter [uart_reg2ahb_adapter] bus2reg: address = 0x0 data = 0x0 kind = UVM_WRITE status = UVM_IS_OK
# UVM_INFO /ictc/other/tools/QuestaDVA/questasim/verilog_src/uvm-1.2/src/reg/uvm_reg_predictor.svh(221) @ 280011000: uvm_test_top.env.ahb_predictor [REG_PREDICT] Observed WRITE transaction to register regmodel.MDR: value='h0 : updated value = 'h0
# UVM_INFO ./../regmodel/uart_reg2ahb_adapter.sv(42) @ 280011000: reporter [uart_reg2ahb_adapter] bus2reg: address = 0x4 data = 0x2c kind = UVM_WRITE status = UVM_IS_OK
# UVM_INFO /ictc/other/tools/QuestaDVA/questasim/verilog_src/uvm-1.2/src/reg/uvm_reg_predictor.svh(221) @ 280011000: uvm_test_top.env.ahb_predictor [REG_PREDICT] Observed WRITE transaction to register regmodel.DLL: value='h2c : updated value = 'h2c
# UVM_INFO ./../regmodel/uart_reg2ahb_adapter.sv(42) @ 280012000: reporter [uart_reg2ahb_adapter] bus2reg: address = 0x8 data = 0xa kind = UVM_WRITE status = UVM_IS_OK
# UVM_INFO /ictc/other/tools/QuestaDVA/questasim/verilog_src/uvm-1.2/src/reg/uvm_reg_predictor.svh(221) @ 280012000: uvm_test_top.env.ahb_predictor [REG_PREDICT] Observed WRITE transaction to register regmodel.DLH: value='ha : updated value = 'ha
# UVM_INFO ./../regmodel/uart_reg2ahb_adapter.sv(42) @ 280012000: reporter [uart_reg2ahb_adapter] bus2reg: address = 0xc data = 0x22 kind = UVM_WRITE status = UVM_IS_OK
# UVM_INFO /ictc/other/tools/QuestaDVA/questasim/verilog_src/uvm-1.2/src/reg/uvm_reg_predictor.svh(221) @ 280012000: uvm_test_top.env.ahb_predictor [REG_PREDICT] Observed WRITE transaction to register regmodel.LCR: value='h22 : updated value = 'h22
# UVM_INFO ./../regmodel/uart_reg2ahb_adapter.sv(42) @ 280012000: reporter [uart_reg2ahb_adapter] bus2reg: address = 0x18 data = 0xb6c5e7b5 kind = UVM_WRITE status = UVM_IS_OK
# UVM_INFO /ictc/other/tools/QuestaDVA/questasim/verilog_src/uvm-1.2/src/reg/uvm_reg_predictor.svh(221) @ 280012000: uvm_test_top.env.ahb_predictor [REG_PREDICT] Observed WRITE transaction to register regmodel.TBR: value='hb6c5e7b5 : updated value = 'hb5
# UVM_INFO ./../tb/dut_scoreboard.sv(52) @ 280012000: uvm_test_top.env.dut_sb [SCOREBOARD] 
# ===== Captured data from AHB: 0xb6c5e7b5
# UVM_INFO ./../tb/dut_scoreboard.sv(60) @ 287143000: uvm_test_top.env.dut_sb [SCOREBOARD] 
# ===== Captured data from UART: 0x35
# UVM_INFO ./../tb/dut_scoreboard.sv(73) @ 287143000: uvm_test_top.env.dut_sb [dut_scoreboard] 
# 
# =====[UART TXD] Data comparison =====
# 
# UVM_INFO ./../tb/dut_scoreboard.sv(81) @ 287143000: uvm_test_top.env.dut_sb [dut_scoreboard] 
# =====[DATA FRAME: 7] PASSED SUCCESSFULLY!!! =====
# UVM_INFO ./../tb/dut_scoreboard.sv(84) @ 287143000: uvm_test_top.env.dut_sb [dut_scoreboard] 
# 
# =====[UART TXD] Parity comparison =====
# 
# UVM_INFO ./../tb/dut_scoreboard.sv(90) @ 287143000: uvm_test_top.env.dut_sb [dut_scoreboard] 
# =====[PARITY MODE: 0] PASSED SUCCESSFULLY!!! =====
# UVM_INFO ./../testcases/uart_txd_x16_random.sv(35) @ 290012000: uvm_test_top [uart_txd_x16_random] --------------------------------------------------------------
# Name                Type                Size  Value           
# --------------------------------------------------------------
# cfg                 uart_configuration  -     @360            
#   parity_mode       parity_mode_e       32    UART_PARITY_NONE
#   sampling          sampling_mode_e     32    MODE_X16        
#   data_width        integral            32    'h7             
#   num_of_stop_bit   integral            32    'h1             
#   baud_rate         integral            32    'h12c0          
#   baud_rate_enable  integral            1     'h0             
#   parity_enable     integral            1     'h0             
# --------------------------------------------------------------
# 
# UVM_INFO ./../regmodel/uart_reg2ahb_adapter.sv(42) @ 290012000: reporter [uart_reg2ahb_adapter] bus2reg: address = 0x0 data = 0x0 kind = UVM_WRITE status = UVM_IS_OK
# UVM_INFO /ictc/other/tools/QuestaDVA/questasim/verilog_src/uvm-1.2/src/reg/uvm_reg_predictor.svh(221) @ 290012000: uvm_test_top.env.ahb_predictor [REG_PREDICT] Observed WRITE transaction to register regmodel.MDR: value='h0 : updated value = 'h0
# UVM_INFO ./../regmodel/uart_reg2ahb_adapter.sv(42) @ 290012000: reporter [uart_reg2ahb_adapter] bus2reg: address = 0x4 data = 0x16 kind = UVM_WRITE status = UVM_IS_OK
# UVM_INFO /ictc/other/tools/QuestaDVA/questasim/verilog_src/uvm-1.2/src/reg/uvm_reg_predictor.svh(221) @ 290012000: uvm_test_top.env.ahb_predictor [REG_PREDICT] Observed WRITE transaction to register regmodel.DLL: value='h16 : updated value = 'h16
# UVM_INFO ./../regmodel/uart_reg2ahb_adapter.sv(42) @ 290012000: reporter [uart_reg2ahb_adapter] bus2reg: address = 0x8 data = 0x5 kind = UVM_WRITE status = UVM_IS_OK
# UVM_INFO /ictc/other/tools/QuestaDVA/questasim/verilog_src/uvm-1.2/src/reg/uvm_reg_predictor.svh(221) @ 290012000: uvm_test_top.env.ahb_predictor [REG_PREDICT] Observed WRITE transaction to register regmodel.DLH: value='h5 : updated value = 'h5
# UVM_INFO ./../regmodel/uart_reg2ahb_adapter.sv(42) @ 290012000: reporter [uart_reg2ahb_adapter] bus2reg: address = 0xc data = 0x22 kind = UVM_WRITE status = UVM_IS_OK
# UVM_INFO /ictc/other/tools/QuestaDVA/questasim/verilog_src/uvm-1.2/src/reg/uvm_reg_predictor.svh(221) @ 290012000: uvm_test_top.env.ahb_predictor [REG_PREDICT] Observed WRITE transaction to register regmodel.LCR: value='h22 : updated value = 'h22
# UVM_INFO ./../regmodel/uart_reg2ahb_adapter.sv(42) @ 290012000: reporter [uart_reg2ahb_adapter] bus2reg: address = 0x18 data = 0xa13622e5 kind = UVM_WRITE status = UVM_IS_OK
# UVM_INFO /ictc/other/tools/QuestaDVA/questasim/verilog_src/uvm-1.2/src/reg/uvm_reg_predictor.svh(221) @ 290012000: uvm_test_top.env.ahb_predictor [REG_PREDICT] Observed WRITE transaction to register regmodel.TBR: value='ha13622e5 : updated value = 'he5
# UVM_INFO ./../tb/dut_scoreboard.sv(52) @ 290012000: uvm_test_top.env.dut_sb [SCOREBOARD] 
# ===== Captured data from AHB: 0xa13622e5
# UVM_INFO ./../tb/dut_scoreboard.sv(60) @ 293580000: uvm_test_top.env.dut_sb [SCOREBOARD] 
# ===== Captured data from UART: 0x65
# UVM_INFO ./../tb/dut_scoreboard.sv(73) @ 293580000: uvm_test_top.env.dut_sb [dut_scoreboard] 
# 
# =====[UART TXD] Data comparison =====
# 
# UVM_INFO ./../tb/dut_scoreboard.sv(81) @ 293580000: uvm_test_top.env.dut_sb [dut_scoreboard] 
# =====[DATA FRAME: 7] PASSED SUCCESSFULLY!!! =====
# UVM_INFO ./../tb/dut_scoreboard.sv(84) @ 293580000: uvm_test_top.env.dut_sb [dut_scoreboard] 
# 
# =====[UART TXD] Parity comparison =====
# 
# UVM_INFO ./../tb/dut_scoreboard.sv(90) @ 293580000: uvm_test_top.env.dut_sb [dut_scoreboard] 
# =====[PARITY MODE: 0] PASSED SUCCESSFULLY!!! =====
# UVM_INFO ./../testcases/uart_txd_x16_random.sv(35) @ 300012000: uvm_test_top [uart_txd_x16_random] --------------------------------------------------------------
# Name                Type                Size  Value           
# --------------------------------------------------------------
# cfg                 uart_configuration  -     @360            
#   parity_mode       parity_mode_e       32    UART_PARITY_NONE
#   sampling          sampling_mode_e     32    MODE_X16        
#   data_width        integral            32    'h7             
#   num_of_stop_bit   integral            32    'h1             
#   baud_rate         integral            32    'h2580          
#   baud_rate_enable  integral            1     'h0             
#   parity_enable     integral            1     'h0             
# --------------------------------------------------------------
# 
# UVM_INFO ./../regmodel/uart_reg2ahb_adapter.sv(42) @ 300012000: reporter [uart_reg2ahb_adapter] bus2reg: address = 0x0 data = 0x0 kind = UVM_WRITE status = UVM_IS_OK
# UVM_INFO /ictc/other/tools/QuestaDVA/questasim/verilog_src/uvm-1.2/src/reg/uvm_reg_predictor.svh(221) @ 300012000: uvm_test_top.env.ahb_predictor [REG_PREDICT] Observed WRITE transaction to register regmodel.MDR: value='h0 : updated value = 'h0
# UVM_INFO ./../regmodel/uart_reg2ahb_adapter.sv(42) @ 300012000: reporter [uart_reg2ahb_adapter] bus2reg: address = 0x4 data = 0x8b kind = UVM_WRITE status = UVM_IS_OK
# UVM_INFO /ictc/other/tools/QuestaDVA/questasim/verilog_src/uvm-1.2/src/reg/uvm_reg_predictor.svh(221) @ 300012000: uvm_test_top.env.ahb_predictor [REG_PREDICT] Observed WRITE transaction to register regmodel.DLL: value='h8b : updated value = 'h8b
# UVM_INFO ./../regmodel/uart_reg2ahb_adapter.sv(42) @ 300012000: reporter [uart_reg2ahb_adapter] bus2reg: address = 0x8 data = 0x2 kind = UVM_WRITE status = UVM_IS_OK
# UVM_INFO /ictc/other/tools/QuestaDVA/questasim/verilog_src/uvm-1.2/src/reg/uvm_reg_predictor.svh(221) @ 300012000: uvm_test_top.env.ahb_predictor [REG_PREDICT] Observed WRITE transaction to register regmodel.DLH: value='h2 : updated value = 'h2
# UVM_INFO ./../regmodel/uart_reg2ahb_adapter.sv(42) @ 300012000: reporter [uart_reg2ahb_adapter] bus2reg: address = 0xc data = 0x22 kind = UVM_WRITE status = UVM_IS_OK
# UVM_INFO /ictc/other/tools/QuestaDVA/questasim/verilog_src/uvm-1.2/src/reg/uvm_reg_predictor.svh(221) @ 300012000: uvm_test_top.env.ahb_predictor [REG_PREDICT] Observed WRITE transaction to register regmodel.LCR: value='h22 : updated value = 'h22
# UVM_INFO ./../regmodel/uart_reg2ahb_adapter.sv(42) @ 300013000: reporter [uart_reg2ahb_adapter] bus2reg: address = 0x18 data = 0xa670602a kind = UVM_WRITE status = UVM_IS_OK
# UVM_INFO /ictc/other/tools/QuestaDVA/questasim/verilog_src/uvm-1.2/src/reg/uvm_reg_predictor.svh(221) @ 300013000: uvm_test_top.env.ahb_predictor [REG_PREDICT] Observed WRITE transaction to register regmodel.TBR: value='ha670602a : updated value = 'h2a
# UVM_INFO ./../tb/dut_scoreboard.sv(52) @ 300013000: uvm_test_top.env.dut_sb [SCOREBOARD] 
# ===== Captured data from AHB: 0xa670602a
# UVM_INFO ./../tb/dut_scoreboard.sv(60) @ 301790000: uvm_test_top.env.dut_sb [SCOREBOARD] 
# ===== Captured data from UART: 0x2a
# UVM_INFO ./../tb/dut_scoreboard.sv(73) @ 301790000: uvm_test_top.env.dut_sb [dut_scoreboard] 
# 
# =====[UART TXD] Data comparison =====
# 
# UVM_INFO ./../tb/dut_scoreboard.sv(81) @ 301790000: uvm_test_top.env.dut_sb [dut_scoreboard] 
# =====[DATA FRAME: 7] PASSED SUCCESSFULLY!!! =====
# UVM_INFO ./../tb/dut_scoreboard.sv(84) @ 301790000: uvm_test_top.env.dut_sb [dut_scoreboard] 
# 
# =====[UART TXD] Parity comparison =====
# 
# UVM_INFO ./../tb/dut_scoreboard.sv(90) @ 301790000: uvm_test_top.env.dut_sb [dut_scoreboard] 
# =====[PARITY MODE: 0] PASSED SUCCESSFULLY!!! =====
# UVM_INFO ./../testcases/uart_txd_x16_random.sv(35) @ 310013000: uvm_test_top [uart_txd_x16_random] --------------------------------------------------------------
# Name                Type                Size  Value           
# --------------------------------------------------------------
# cfg                 uart_configuration  -     @360            
#   parity_mode       parity_mode_e       32    UART_PARITY_NONE
#   sampling          sampling_mode_e     32    MODE_X16        
#   data_width        integral            32    'h7             
#   num_of_stop_bit   integral            32    'h1             
#   baud_rate         integral            32    'h4b00          
#   baud_rate_enable  integral            1     'h0             
#   parity_enable     integral            1     'h0             
# --------------------------------------------------------------
# 
# UVM_INFO ./../regmodel/uart_reg2ahb_adapter.sv(42) @ 310013000: reporter [uart_reg2ahb_adapter] bus2reg: address = 0x0 data = 0x0 kind = UVM_WRITE status = UVM_IS_OK
# UVM_INFO /ictc/other/tools/QuestaDVA/questasim/verilog_src/uvm-1.2/src/reg/uvm_reg_predictor.svh(221) @ 310013000: uvm_test_top.env.ahb_predictor [REG_PREDICT] Observed WRITE transaction to register regmodel.MDR: value='h0 : updated value = 'h0
# UVM_INFO ./../regmodel/uart_reg2ahb_adapter.sv(42) @ 310013000: reporter [uart_reg2ahb_adapter] bus2reg: address = 0x4 data = 0x45 kind = UVM_WRITE status = UVM_IS_OK
# UVM_INFO /ictc/other/tools/QuestaDVA/questasim/verilog_src/uvm-1.2/src/reg/uvm_reg_predictor.svh(221) @ 310013000: uvm_test_top.env.ahb_predictor [REG_PREDICT] Observed WRITE transaction to register regmodel.DLL: value='h45 : updated value = 'h45
# UVM_INFO ./../regmodel/uart_reg2ahb_adapter.sv(42) @ 310013000: reporter [uart_reg2ahb_adapter] bus2reg: address = 0x8 data = 0x1 kind = UVM_WRITE status = UVM_IS_OK
# UVM_INFO /ictc/other/tools/QuestaDVA/questasim/verilog_src/uvm-1.2/src/reg/uvm_reg_predictor.svh(221) @ 310013000: uvm_test_top.env.ahb_predictor [REG_PREDICT] Observed WRITE transaction to register regmodel.DLH: value='h1 : updated value = 'h1
# UVM_INFO ./../regmodel/uart_reg2ahb_adapter.sv(42) @ 310013000: reporter [uart_reg2ahb_adapter] bus2reg: address = 0xc data = 0x22 kind = UVM_WRITE status = UVM_IS_OK
# UVM_INFO /ictc/other/tools/QuestaDVA/questasim/verilog_src/uvm-1.2/src/reg/uvm_reg_predictor.svh(221) @ 310013000: uvm_test_top.env.ahb_predictor [REG_PREDICT] Observed WRITE transaction to register regmodel.LCR: value='h22 : updated value = 'h22
# UVM_INFO ./../regmodel/uart_reg2ahb_adapter.sv(42) @ 310013000: reporter [uart_reg2ahb_adapter] bus2reg: address = 0x18 data = 0xdd60e16 kind = UVM_WRITE status = UVM_IS_OK
# UVM_INFO /ictc/other/tools/QuestaDVA/questasim/verilog_src/uvm-1.2/src/reg/uvm_reg_predictor.svh(221) @ 310013000: uvm_test_top.env.ahb_predictor [REG_PREDICT] Observed WRITE transaction to register regmodel.TBR: value='hdd60e16 : updated value = 'h16
# UVM_INFO ./../tb/dut_scoreboard.sv(52) @ 310013000: uvm_test_top.env.dut_sb [SCOREBOARD] 
# ===== Captured data from AHB: 0xdd60e16
# UVM_INFO ./../tb/dut_scoreboard.sv(60) @ 310899000: uvm_test_top.env.dut_sb [SCOREBOARD] 
# ===== Captured data from UART: 0x16
# UVM_INFO ./../tb/dut_scoreboard.sv(73) @ 310899000: uvm_test_top.env.dut_sb [dut_scoreboard] 
# 
# =====[UART TXD] Data comparison =====
# 
# UVM_INFO ./../tb/dut_scoreboard.sv(81) @ 310899000: uvm_test_top.env.dut_sb [dut_scoreboard] 
# =====[DATA FRAME: 7] PASSED SUCCESSFULLY!!! =====
# UVM_INFO ./../tb/dut_scoreboard.sv(84) @ 310899000: uvm_test_top.env.dut_sb [dut_scoreboard] 
# 
# =====[UART TXD] Parity comparison =====
# 
# UVM_INFO ./../tb/dut_scoreboard.sv(90) @ 310899000: uvm_test_top.env.dut_sb [dut_scoreboard] 
# =====[PARITY MODE: 0] PASSED SUCCESSFULLY!!! =====
# UVM_INFO ./../testcases/uart_txd_x16_random.sv(35) @ 320013000: uvm_test_top [uart_txd_x16_random] --------------------------------------------------------------
# Name                Type                Size  Value           
# --------------------------------------------------------------
# cfg                 uart_configuration  -     @360            
#   parity_mode       parity_mode_e       32    UART_PARITY_NONE
#   sampling          sampling_mode_e     32    MODE_X16        
#   data_width        integral            32    'h7             
#   num_of_stop_bit   integral            32    'h1             
#   baud_rate         integral            32    'h9600          
#   baud_rate_enable  integral            1     'h0             
#   parity_enable     integral            1     'h0             
# --------------------------------------------------------------
# 
# UVM_INFO ./../regmodel/uart_reg2ahb_adapter.sv(42) @ 320013000: reporter [uart_reg2ahb_adapter] bus2reg: address = 0x0 data = 0x0 kind = UVM_WRITE status = UVM_IS_OK
# UVM_INFO /ictc/other/tools/QuestaDVA/questasim/verilog_src/uvm-1.2/src/reg/uvm_reg_predictor.svh(221) @ 320013000: uvm_test_top.env.ahb_predictor [REG_PREDICT] Observed WRITE transaction to register regmodel.MDR: value='h0 : updated value = 'h0
# UVM_INFO ./../regmodel/uart_reg2ahb_adapter.sv(42) @ 320013000: reporter [uart_reg2ahb_adapter] bus2reg: address = 0x4 data = 0xa4 kind = UVM_WRITE status = UVM_IS_OK
# UVM_INFO /ictc/other/tools/QuestaDVA/questasim/verilog_src/uvm-1.2/src/reg/uvm_reg_predictor.svh(221) @ 320013000: uvm_test_top.env.ahb_predictor [REG_PREDICT] Observed WRITE transaction to register regmodel.DLL: value='ha4 : updated value = 'ha4
# UVM_INFO ./../regmodel/uart_reg2ahb_adapter.sv(42) @ 320013000: reporter [uart_reg2ahb_adapter] bus2reg: address = 0x8 data = 0x0 kind = UVM_WRITE status = UVM_IS_OK
# UVM_INFO /ictc/other/tools/QuestaDVA/questasim/verilog_src/uvm-1.2/src/reg/uvm_reg_predictor.svh(221) @ 320013000: uvm_test_top.env.ahb_predictor [REG_PREDICT] Observed WRITE transaction to register regmodel.DLH: value='h0 : updated value = 'h0
# UVM_INFO ./../regmodel/uart_reg2ahb_adapter.sv(42) @ 320013000: reporter [uart_reg2ahb_adapter] bus2reg: address = 0xc data = 0x22 kind = UVM_WRITE status = UVM_IS_OK
# UVM_INFO /ictc/other/tools/QuestaDVA/questasim/verilog_src/uvm-1.2/src/reg/uvm_reg_predictor.svh(221) @ 320013000: uvm_test_top.env.ahb_predictor [REG_PREDICT] Observed WRITE transaction to register regmodel.LCR: value='h22 : updated value = 'h22
# UVM_INFO ./../regmodel/uart_reg2ahb_adapter.sv(42) @ 320013000: reporter [uart_reg2ahb_adapter] bus2reg: address = 0x18 data = 0x74218a40 kind = UVM_WRITE status = UVM_IS_OK
# UVM_INFO /ictc/other/tools/QuestaDVA/questasim/verilog_src/uvm-1.2/src/reg/uvm_reg_predictor.svh(221) @ 320013000: uvm_test_top.env.ahb_predictor [REG_PREDICT] Observed WRITE transaction to register regmodel.TBR: value='h74218a40 : updated value = 'h40
# UVM_INFO ./../tb/dut_scoreboard.sv(52) @ 320013000: uvm_test_top.env.dut_sb [SCOREBOARD] 
# ===== Captured data from AHB: 0x74218a40
# UVM_INFO ./../tb/dut_scoreboard.sv(60) @ 320457000: uvm_test_top.env.dut_sb [SCOREBOARD] 
# ===== Captured data from UART: 0x40
# UVM_INFO ./../tb/dut_scoreboard.sv(73) @ 320457000: uvm_test_top.env.dut_sb [dut_scoreboard] 
# 
# =====[UART TXD] Data comparison =====
# 
# UVM_INFO ./../tb/dut_scoreboard.sv(81) @ 320457000: uvm_test_top.env.dut_sb [dut_scoreboard] 
# =====[DATA FRAME: 7] PASSED SUCCESSFULLY!!! =====
# UVM_INFO ./../tb/dut_scoreboard.sv(84) @ 320457000: uvm_test_top.env.dut_sb [dut_scoreboard] 
# 
# =====[UART TXD] Parity comparison =====
# 
# UVM_INFO ./../tb/dut_scoreboard.sv(90) @ 320457000: uvm_test_top.env.dut_sb [dut_scoreboard] 
# =====[PARITY MODE: 0] PASSED SUCCESSFULLY!!! =====
# UVM_INFO ./../testcases/uart_txd_x16_random.sv(35) @ 330013000: uvm_test_top [uart_txd_x16_random] --------------------------------------------------------------
# Name                Type                Size  Value           
# --------------------------------------------------------------
# cfg                 uart_configuration  -     @360            
#   parity_mode       parity_mode_e       32    UART_PARITY_NONE
#   sampling          sampling_mode_e     32    MODE_X16        
#   data_width        integral            32    'h7             
#   num_of_stop_bit   integral            32    'h1             
#   baud_rate         integral            32    'h12c00         
#   baud_rate_enable  integral            1     'h0             
#   parity_enable     integral            1     'h0             
# --------------------------------------------------------------
# 
# UVM_INFO ./../regmodel/uart_reg2ahb_adapter.sv(42) @ 330013000: reporter [uart_reg2ahb_adapter] bus2reg: address = 0x0 data = 0x0 kind = UVM_WRITE status = UVM_IS_OK
# UVM_INFO /ictc/other/tools/QuestaDVA/questasim/verilog_src/uvm-1.2/src/reg/uvm_reg_predictor.svh(221) @ 330013000: uvm_test_top.env.ahb_predictor [REG_PREDICT] Observed WRITE transaction to register regmodel.MDR: value='h0 : updated value = 'h0
# UVM_INFO ./../regmodel/uart_reg2ahb_adapter.sv(42) @ 330013000: reporter [uart_reg2ahb_adapter] bus2reg: address = 0x4 data = 0x51 kind = UVM_WRITE status = UVM_IS_OK
# UVM_INFO /ictc/other/tools/QuestaDVA/questasim/verilog_src/uvm-1.2/src/reg/uvm_reg_predictor.svh(221) @ 330013000: uvm_test_top.env.ahb_predictor [REG_PREDICT] Observed WRITE transaction to register regmodel.DLL: value='h51 : updated value = 'h51
# UVM_INFO ./../regmodel/uart_reg2ahb_adapter.sv(42) @ 330014000: reporter [uart_reg2ahb_adapter] bus2reg: address = 0x8 data = 0x0 kind = UVM_WRITE status = UVM_IS_OK
# UVM_INFO /ictc/other/tools/QuestaDVA/questasim/verilog_src/uvm-1.2/src/reg/uvm_reg_predictor.svh(221) @ 330014000: uvm_test_top.env.ahb_predictor [REG_PREDICT] Observed WRITE transaction to register regmodel.DLH: value='h0 : updated value = 'h0
# UVM_INFO ./../regmodel/uart_reg2ahb_adapter.sv(42) @ 330014000: reporter [uart_reg2ahb_adapter] bus2reg: address = 0xc data = 0x22 kind = UVM_WRITE status = UVM_IS_OK
# UVM_INFO /ictc/other/tools/QuestaDVA/questasim/verilog_src/uvm-1.2/src/reg/uvm_reg_predictor.svh(221) @ 330014000: uvm_test_top.env.ahb_predictor [REG_PREDICT] Observed WRITE transaction to register regmodel.LCR: value='h22 : updated value = 'h22
# UVM_INFO ./../regmodel/uart_reg2ahb_adapter.sv(42) @ 330014000: reporter [uart_reg2ahb_adapter] bus2reg: address = 0x18 data = 0x60508e42 kind = UVM_WRITE status = UVM_IS_OK
# UVM_INFO /ictc/other/tools/QuestaDVA/questasim/verilog_src/uvm-1.2/src/reg/uvm_reg_predictor.svh(221) @ 330014000: uvm_test_top.env.ahb_predictor [REG_PREDICT] Observed WRITE transaction to register regmodel.TBR: value='h60508e42 : updated value = 'h42
# UVM_INFO ./../tb/dut_scoreboard.sv(52) @ 330014000: uvm_test_top.env.dut_sb [SCOREBOARD] 
# ===== Captured data from AHB: 0x60508e42
# UVM_INFO ./../tb/dut_scoreboard.sv(60) @ 330235000: uvm_test_top.env.dut_sb [SCOREBOARD] 
# ===== Captured data from UART: 0x42
# UVM_INFO ./../tb/dut_scoreboard.sv(73) @ 330235000: uvm_test_top.env.dut_sb [dut_scoreboard] 
# 
# =====[UART TXD] Data comparison =====
# 
# UVM_INFO ./../tb/dut_scoreboard.sv(81) @ 330235000: uvm_test_top.env.dut_sb [dut_scoreboard] 
# =====[DATA FRAME: 7] PASSED SUCCESSFULLY!!! =====
# UVM_INFO ./../tb/dut_scoreboard.sv(84) @ 330235000: uvm_test_top.env.dut_sb [dut_scoreboard] 
# 
# =====[UART TXD] Parity comparison =====
# 
# UVM_INFO ./../tb/dut_scoreboard.sv(90) @ 330235000: uvm_test_top.env.dut_sb [dut_scoreboard] 
# =====[PARITY MODE: 0] PASSED SUCCESSFULLY!!! =====
# UVM_INFO ./../testcases/uart_txd_x16_random.sv(35) @ 340014000: uvm_test_top [uart_txd_x16_random] --------------------------------------------------------------
# Name                Type                Size  Value           
# --------------------------------------------------------------
# cfg                 uart_configuration  -     @360            
#   parity_mode       parity_mode_e       32    UART_PARITY_NONE
#   sampling          sampling_mode_e     32    MODE_X16        
#   data_width        integral            32    'h7             
#   num_of_stop_bit   integral            32    'h1             
#   baud_rate         integral            32    'h1c200         
#   baud_rate_enable  integral            1     'h0             
#   parity_enable     integral            1     'h0             
# --------------------------------------------------------------
# 
# UVM_INFO ./../regmodel/uart_reg2ahb_adapter.sv(42) @ 340014000: reporter [uart_reg2ahb_adapter] bus2reg: address = 0x0 data = 0x0 kind = UVM_WRITE status = UVM_IS_OK
# UVM_INFO /ictc/other/tools/QuestaDVA/questasim/verilog_src/uvm-1.2/src/reg/uvm_reg_predictor.svh(221) @ 340014000: uvm_test_top.env.ahb_predictor [REG_PREDICT] Observed WRITE transaction to register regmodel.MDR: value='h0 : updated value = 'h0
# UVM_INFO ./../regmodel/uart_reg2ahb_adapter.sv(42) @ 340014000: reporter [uart_reg2ahb_adapter] bus2reg: address = 0x4 data = 0x36 kind = UVM_WRITE status = UVM_IS_OK
# UVM_INFO /ictc/other/tools/QuestaDVA/questasim/verilog_src/uvm-1.2/src/reg/uvm_reg_predictor.svh(221) @ 340014000: uvm_test_top.env.ahb_predictor [REG_PREDICT] Observed WRITE transaction to register regmodel.DLL: value='h36 : updated value = 'h36
# UVM_INFO ./../regmodel/uart_reg2ahb_adapter.sv(42) @ 340014000: reporter [uart_reg2ahb_adapter] bus2reg: address = 0x8 data = 0x0 kind = UVM_WRITE status = UVM_IS_OK
# UVM_INFO /ictc/other/tools/QuestaDVA/questasim/verilog_src/uvm-1.2/src/reg/uvm_reg_predictor.svh(221) @ 340014000: uvm_test_top.env.ahb_predictor [REG_PREDICT] Observed WRITE transaction to register regmodel.DLH: value='h0 : updated value = 'h0
# UVM_INFO ./../regmodel/uart_reg2ahb_adapter.sv(42) @ 340014000: reporter [uart_reg2ahb_adapter] bus2reg: address = 0xc data = 0x22 kind = UVM_WRITE status = UVM_IS_OK
# UVM_INFO /ictc/other/tools/QuestaDVA/questasim/verilog_src/uvm-1.2/src/reg/uvm_reg_predictor.svh(221) @ 340014000: uvm_test_top.env.ahb_predictor [REG_PREDICT] Observed WRITE transaction to register regmodel.LCR: value='h22 : updated value = 'h22
# UVM_INFO ./../regmodel/uart_reg2ahb_adapter.sv(42) @ 340014000: reporter [uart_reg2ahb_adapter] bus2reg: address = 0x18 data = 0xfd8a0efd kind = UVM_WRITE status = UVM_IS_OK
# UVM_INFO /ictc/other/tools/QuestaDVA/questasim/verilog_src/uvm-1.2/src/reg/uvm_reg_predictor.svh(221) @ 340014000: uvm_test_top.env.ahb_predictor [REG_PREDICT] Observed WRITE transaction to register regmodel.TBR: value='hfd8a0efd : updated value = 'hfd
# UVM_INFO ./../tb/dut_scoreboard.sv(52) @ 340014000: uvm_test_top.env.dut_sb [SCOREBOARD] 
# ===== Captured data from AHB: 0xfd8a0efd
# UVM_INFO ./../tb/dut_scoreboard.sv(60) @ 340160000: uvm_test_top.env.dut_sb [SCOREBOARD] 
# ===== Captured data from UART: 0x7d
# UVM_INFO ./../tb/dut_scoreboard.sv(73) @ 340160000: uvm_test_top.env.dut_sb [dut_scoreboard] 
# 
# =====[UART TXD] Data comparison =====
# 
# UVM_INFO ./../tb/dut_scoreboard.sv(81) @ 340160000: uvm_test_top.env.dut_sb [dut_scoreboard] 
# =====[DATA FRAME: 7] PASSED SUCCESSFULLY!!! =====
# UVM_INFO ./../tb/dut_scoreboard.sv(84) @ 340160000: uvm_test_top.env.dut_sb [dut_scoreboard] 
# 
# =====[UART TXD] Parity comparison =====
# 
# UVM_INFO ./../tb/dut_scoreboard.sv(90) @ 340160000: uvm_test_top.env.dut_sb [dut_scoreboard] 
# =====[PARITY MODE: 0] PASSED SUCCESSFULLY!!! =====
# UVM_INFO ./../testcases/uart_txd_x16_random.sv(35) @ 350014000: uvm_test_top [uart_txd_x16_random] --------------------------------------------------------------
# Name                Type                Size  Value           
# --------------------------------------------------------------
# cfg                 uart_configuration  -     @360            
#   parity_mode       parity_mode_e       32    UART_PARITY_NONE
#   sampling          sampling_mode_e     32    MODE_X16        
#   data_width        integral            32    'h7             
#   num_of_stop_bit   integral            32    'h2             
#   baud_rate         integral            32    'h960           
#   baud_rate_enable  integral            1     'h0             
#   parity_enable     integral            1     'h0             
# --------------------------------------------------------------
# 
# UVM_INFO ./../regmodel/uart_reg2ahb_adapter.sv(42) @ 350014000: reporter [uart_reg2ahb_adapter] bus2reg: address = 0x0 data = 0x0 kind = UVM_WRITE status = UVM_IS_OK
# UVM_INFO /ictc/other/tools/QuestaDVA/questasim/verilog_src/uvm-1.2/src/reg/uvm_reg_predictor.svh(221) @ 350014000: uvm_test_top.env.ahb_predictor [REG_PREDICT] Observed WRITE transaction to register regmodel.MDR: value='h0 : updated value = 'h0
# UVM_INFO ./../regmodel/uart_reg2ahb_adapter.sv(42) @ 350014000: reporter [uart_reg2ahb_adapter] bus2reg: address = 0x4 data = 0x2c kind = UVM_WRITE status = UVM_IS_OK
# UVM_INFO /ictc/other/tools/QuestaDVA/questasim/verilog_src/uvm-1.2/src/reg/uvm_reg_predictor.svh(221) @ 350014000: uvm_test_top.env.ahb_predictor [REG_PREDICT] Observed WRITE transaction to register regmodel.DLL: value='h2c : updated value = 'h2c
# UVM_INFO ./../regmodel/uart_reg2ahb_adapter.sv(42) @ 350014000: reporter [uart_reg2ahb_adapter] bus2reg: address = 0x8 data = 0xa kind = UVM_WRITE status = UVM_IS_OK
# UVM_INFO /ictc/other/tools/QuestaDVA/questasim/verilog_src/uvm-1.2/src/reg/uvm_reg_predictor.svh(221) @ 350014000: uvm_test_top.env.ahb_predictor [REG_PREDICT] Observed WRITE transaction to register regmodel.DLH: value='ha : updated value = 'ha
# UVM_INFO ./../regmodel/uart_reg2ahb_adapter.sv(42) @ 350014000: reporter [uart_reg2ahb_adapter] bus2reg: address = 0xc data = 0x26 kind = UVM_WRITE status = UVM_IS_OK
# UVM_INFO /ictc/other/tools/QuestaDVA/questasim/verilog_src/uvm-1.2/src/reg/uvm_reg_predictor.svh(221) @ 350014000: uvm_test_top.env.ahb_predictor [REG_PREDICT] Observed WRITE transaction to register regmodel.LCR: value='h26 : updated value = 'h26
# UVM_INFO ./../regmodel/uart_reg2ahb_adapter.sv(42) @ 350015000: reporter [uart_reg2ahb_adapter] bus2reg: address = 0x18 data = 0x567a7dfc kind = UVM_WRITE status = UVM_IS_OK
# UVM_INFO /ictc/other/tools/QuestaDVA/questasim/verilog_src/uvm-1.2/src/reg/uvm_reg_predictor.svh(221) @ 350015000: uvm_test_top.env.ahb_predictor [REG_PREDICT] Observed WRITE transaction to register regmodel.TBR: value='h567a7dfc : updated value = 'hfc
# UVM_INFO ./../tb/dut_scoreboard.sv(52) @ 350015000: uvm_test_top.env.dut_sb [SCOREBOARD] 
# ===== Captured data from AHB: 0x567a7dfc
# UVM_INFO ./../tb/dut_scoreboard.sv(60) @ 357980000: uvm_test_top.env.dut_sb [SCOREBOARD] 
# ===== Captured data from UART: 0x7c
# UVM_INFO ./../tb/dut_scoreboard.sv(73) @ 357980000: uvm_test_top.env.dut_sb [dut_scoreboard] 
# 
# =====[UART TXD] Data comparison =====
# 
# UVM_INFO ./../tb/dut_scoreboard.sv(81) @ 357980000: uvm_test_top.env.dut_sb [dut_scoreboard] 
# =====[DATA FRAME: 7] PASSED SUCCESSFULLY!!! =====
# UVM_INFO ./../tb/dut_scoreboard.sv(84) @ 357980000: uvm_test_top.env.dut_sb [dut_scoreboard] 
# 
# =====[UART TXD] Parity comparison =====
# 
# UVM_INFO ./../tb/dut_scoreboard.sv(90) @ 357980000: uvm_test_top.env.dut_sb [dut_scoreboard] 
# =====[PARITY MODE: 0] PASSED SUCCESSFULLY!!! =====
# UVM_INFO ./../testcases/uart_txd_x16_random.sv(35) @ 360015000: uvm_test_top [uart_txd_x16_random] --------------------------------------------------------------
# Name                Type                Size  Value           
# --------------------------------------------------------------
# cfg                 uart_configuration  -     @360            
#   parity_mode       parity_mode_e       32    UART_PARITY_NONE
#   sampling          sampling_mode_e     32    MODE_X16        
#   data_width        integral            32    'h7             
#   num_of_stop_bit   integral            32    'h2             
#   baud_rate         integral            32    'h12c0          
#   baud_rate_enable  integral            1     'h0             
#   parity_enable     integral            1     'h0             
# --------------------------------------------------------------
# 
# UVM_INFO ./../regmodel/uart_reg2ahb_adapter.sv(42) @ 360015000: reporter [uart_reg2ahb_adapter] bus2reg: address = 0x0 data = 0x0 kind = UVM_WRITE status = UVM_IS_OK
# UVM_INFO /ictc/other/tools/QuestaDVA/questasim/verilog_src/uvm-1.2/src/reg/uvm_reg_predictor.svh(221) @ 360015000: uvm_test_top.env.ahb_predictor [REG_PREDICT] Observed WRITE transaction to register regmodel.MDR: value='h0 : updated value = 'h0
# UVM_INFO ./../regmodel/uart_reg2ahb_adapter.sv(42) @ 360015000: reporter [uart_reg2ahb_adapter] bus2reg: address = 0x4 data = 0x16 kind = UVM_WRITE status = UVM_IS_OK
# UVM_INFO /ictc/other/tools/QuestaDVA/questasim/verilog_src/uvm-1.2/src/reg/uvm_reg_predictor.svh(221) @ 360015000: uvm_test_top.env.ahb_predictor [REG_PREDICT] Observed WRITE transaction to register regmodel.DLL: value='h16 : updated value = 'h16
# UVM_INFO ./../regmodel/uart_reg2ahb_adapter.sv(42) @ 360015000: reporter [uart_reg2ahb_adapter] bus2reg: address = 0x8 data = 0x5 kind = UVM_WRITE status = UVM_IS_OK
# UVM_INFO /ictc/other/tools/QuestaDVA/questasim/verilog_src/uvm-1.2/src/reg/uvm_reg_predictor.svh(221) @ 360015000: uvm_test_top.env.ahb_predictor [REG_PREDICT] Observed WRITE transaction to register regmodel.DLH: value='h5 : updated value = 'h5
# UVM_INFO ./../regmodel/uart_reg2ahb_adapter.sv(42) @ 360015000: reporter [uart_reg2ahb_adapter] bus2reg: address = 0xc data = 0x26 kind = UVM_WRITE status = UVM_IS_OK
# UVM_INFO /ictc/other/tools/QuestaDVA/questasim/verilog_src/uvm-1.2/src/reg/uvm_reg_predictor.svh(221) @ 360015000: uvm_test_top.env.ahb_predictor [REG_PREDICT] Observed WRITE transaction to register regmodel.LCR: value='h26 : updated value = 'h26
# UVM_INFO ./../regmodel/uart_reg2ahb_adapter.sv(42) @ 360015000: reporter [uart_reg2ahb_adapter] bus2reg: address = 0x18 data = 0xef39561d kind = UVM_WRITE status = UVM_IS_OK
# UVM_INFO /ictc/other/tools/QuestaDVA/questasim/verilog_src/uvm-1.2/src/reg/uvm_reg_predictor.svh(221) @ 360015000: uvm_test_top.env.ahb_predictor [REG_PREDICT] Observed WRITE transaction to register regmodel.TBR: value='hef39561d : updated value = 'h1d
# UVM_INFO ./../tb/dut_scoreboard.sv(52) @ 360015000: uvm_test_top.env.dut_sb [SCOREBOARD] 
# ===== Captured data from AHB: 0xef39561d
# UVM_INFO ./../tb/dut_scoreboard.sv(60) @ 364001000: uvm_test_top.env.dut_sb [SCOREBOARD] 
# ===== Captured data from UART: 0x1d
# UVM_INFO ./../tb/dut_scoreboard.sv(73) @ 364001000: uvm_test_top.env.dut_sb [dut_scoreboard] 
# 
# =====[UART TXD] Data comparison =====
# 
# UVM_INFO ./../tb/dut_scoreboard.sv(81) @ 364001000: uvm_test_top.env.dut_sb [dut_scoreboard] 
# =====[DATA FRAME: 7] PASSED SUCCESSFULLY!!! =====
# UVM_INFO ./../tb/dut_scoreboard.sv(84) @ 364001000: uvm_test_top.env.dut_sb [dut_scoreboard] 
# 
# =====[UART TXD] Parity comparison =====
# 
# UVM_INFO ./../tb/dut_scoreboard.sv(90) @ 364001000: uvm_test_top.env.dut_sb [dut_scoreboard] 
# =====[PARITY MODE: 0] PASSED SUCCESSFULLY!!! =====
# UVM_INFO ./../testcases/uart_txd_x16_random.sv(35) @ 370015000: uvm_test_top [uart_txd_x16_random] --------------------------------------------------------------
# Name                Type                Size  Value           
# --------------------------------------------------------------
# cfg                 uart_configuration  -     @360            
#   parity_mode       parity_mode_e       32    UART_PARITY_NONE
#   sampling          sampling_mode_e     32    MODE_X16        
#   data_width        integral            32    'h7             
#   num_of_stop_bit   integral            32    'h2             
#   baud_rate         integral            32    'h2580          
#   baud_rate_enable  integral            1     'h0             
#   parity_enable     integral            1     'h0             
# --------------------------------------------------------------
# 
# UVM_INFO ./../regmodel/uart_reg2ahb_adapter.sv(42) @ 370015000: reporter [uart_reg2ahb_adapter] bus2reg: address = 0x0 data = 0x0 kind = UVM_WRITE status = UVM_IS_OK
# UVM_INFO /ictc/other/tools/QuestaDVA/questasim/verilog_src/uvm-1.2/src/reg/uvm_reg_predictor.svh(221) @ 370015000: uvm_test_top.env.ahb_predictor [REG_PREDICT] Observed WRITE transaction to register regmodel.MDR: value='h0 : updated value = 'h0
# UVM_INFO ./../regmodel/uart_reg2ahb_adapter.sv(42) @ 370015000: reporter [uart_reg2ahb_adapter] bus2reg: address = 0x4 data = 0x8b kind = UVM_WRITE status = UVM_IS_OK
# UVM_INFO /ictc/other/tools/QuestaDVA/questasim/verilog_src/uvm-1.2/src/reg/uvm_reg_predictor.svh(221) @ 370015000: uvm_test_top.env.ahb_predictor [REG_PREDICT] Observed WRITE transaction to register regmodel.DLL: value='h8b : updated value = 'h8b
# UVM_INFO ./../regmodel/uart_reg2ahb_adapter.sv(42) @ 370015000: reporter [uart_reg2ahb_adapter] bus2reg: address = 0x8 data = 0x2 kind = UVM_WRITE status = UVM_IS_OK
# UVM_INFO /ictc/other/tools/QuestaDVA/questasim/verilog_src/uvm-1.2/src/reg/uvm_reg_predictor.svh(221) @ 370015000: uvm_test_top.env.ahb_predictor [REG_PREDICT] Observed WRITE transaction to register regmodel.DLH: value='h2 : updated value = 'h2
# UVM_INFO ./../regmodel/uart_reg2ahb_adapter.sv(42) @ 370015000: reporter [uart_reg2ahb_adapter] bus2reg: address = 0xc data = 0x26 kind = UVM_WRITE status = UVM_IS_OK
# UVM_INFO /ictc/other/tools/QuestaDVA/questasim/verilog_src/uvm-1.2/src/reg/uvm_reg_predictor.svh(221) @ 370015000: uvm_test_top.env.ahb_predictor [REG_PREDICT] Observed WRITE transaction to register regmodel.LCR: value='h26 : updated value = 'h26
# UVM_INFO ./../regmodel/uart_reg2ahb_adapter.sv(42) @ 370015000: reporter [uart_reg2ahb_adapter] bus2reg: address = 0x18 data = 0x5c0a0943 kind = UVM_WRITE status = UVM_IS_OK
# UVM_INFO /ictc/other/tools/QuestaDVA/questasim/verilog_src/uvm-1.2/src/reg/uvm_reg_predictor.svh(221) @ 370015000: uvm_test_top.env.ahb_predictor [REG_PREDICT] Observed WRITE transaction to register regmodel.TBR: value='h5c0a0943 : updated value = 'h43
# UVM_INFO ./../tb/dut_scoreboard.sv(52) @ 370015000: uvm_test_top.env.dut_sb [SCOREBOARD] 
# ===== Captured data from AHB: 0x5c0a0943
# UVM_INFO ./../tb/dut_scoreboard.sv(60) @ 372002000: uvm_test_top.env.dut_sb [SCOREBOARD] 
# ===== Captured data from UART: 0x43
# UVM_INFO ./../tb/dut_scoreboard.sv(73) @ 372002000: uvm_test_top.env.dut_sb [dut_scoreboard] 
# 
# =====[UART TXD] Data comparison =====
# 
# UVM_INFO ./../tb/dut_scoreboard.sv(81) @ 372002000: uvm_test_top.env.dut_sb [dut_scoreboard] 
# =====[DATA FRAME: 7] PASSED SUCCESSFULLY!!! =====
# UVM_INFO ./../tb/dut_scoreboard.sv(84) @ 372002000: uvm_test_top.env.dut_sb [dut_scoreboard] 
# 
# =====[UART TXD] Parity comparison =====
# 
# UVM_INFO ./../tb/dut_scoreboard.sv(90) @ 372002000: uvm_test_top.env.dut_sb [dut_scoreboard] 
# =====[PARITY MODE: 0] PASSED SUCCESSFULLY!!! =====
# UVM_INFO ./../testcases/uart_txd_x16_random.sv(35) @ 380015000: uvm_test_top [uart_txd_x16_random] --------------------------------------------------------------
# Name                Type                Size  Value           
# --------------------------------------------------------------
# cfg                 uart_configuration  -     @360            
#   parity_mode       parity_mode_e       32    UART_PARITY_NONE
#   sampling          sampling_mode_e     32    MODE_X16        
#   data_width        integral            32    'h7             
#   num_of_stop_bit   integral            32    'h2             
#   baud_rate         integral            32    'h4b00          
#   baud_rate_enable  integral            1     'h0             
#   parity_enable     integral            1     'h0             
# --------------------------------------------------------------
# 
# UVM_INFO ./../regmodel/uart_reg2ahb_adapter.sv(42) @ 380015000: reporter [uart_reg2ahb_adapter] bus2reg: address = 0x0 data = 0x0 kind = UVM_WRITE status = UVM_IS_OK
# UVM_INFO /ictc/other/tools/QuestaDVA/questasim/verilog_src/uvm-1.2/src/reg/uvm_reg_predictor.svh(221) @ 380015000: uvm_test_top.env.ahb_predictor [REG_PREDICT] Observed WRITE transaction to register regmodel.MDR: value='h0 : updated value = 'h0
# UVM_INFO ./../regmodel/uart_reg2ahb_adapter.sv(42) @ 380015000: reporter [uart_reg2ahb_adapter] bus2reg: address = 0x4 data = 0x45 kind = UVM_WRITE status = UVM_IS_OK
# UVM_INFO /ictc/other/tools/QuestaDVA/questasim/verilog_src/uvm-1.2/src/reg/uvm_reg_predictor.svh(221) @ 380015000: uvm_test_top.env.ahb_predictor [REG_PREDICT] Observed WRITE transaction to register regmodel.DLL: value='h45 : updated value = 'h45
# UVM_INFO ./../regmodel/uart_reg2ahb_adapter.sv(42) @ 380016000: reporter [uart_reg2ahb_adapter] bus2reg: address = 0x8 data = 0x1 kind = UVM_WRITE status = UVM_IS_OK
# UVM_INFO /ictc/other/tools/QuestaDVA/questasim/verilog_src/uvm-1.2/src/reg/uvm_reg_predictor.svh(221) @ 380016000: uvm_test_top.env.ahb_predictor [REG_PREDICT] Observed WRITE transaction to register regmodel.DLH: value='h1 : updated value = 'h1
# UVM_INFO ./../regmodel/uart_reg2ahb_adapter.sv(42) @ 380016000: reporter [uart_reg2ahb_adapter] bus2reg: address = 0xc data = 0x26 kind = UVM_WRITE status = UVM_IS_OK
# UVM_INFO /ictc/other/tools/QuestaDVA/questasim/verilog_src/uvm-1.2/src/reg/uvm_reg_predictor.svh(221) @ 380016000: uvm_test_top.env.ahb_predictor [REG_PREDICT] Observed WRITE transaction to register regmodel.LCR: value='h26 : updated value = 'h26
# UVM_INFO ./../regmodel/uart_reg2ahb_adapter.sv(42) @ 380016000: reporter [uart_reg2ahb_adapter] bus2reg: address = 0x18 data = 0x52a62080 kind = UVM_WRITE status = UVM_IS_OK
# UVM_INFO /ictc/other/tools/QuestaDVA/questasim/verilog_src/uvm-1.2/src/reg/uvm_reg_predictor.svh(221) @ 380016000: uvm_test_top.env.ahb_predictor [REG_PREDICT] Observed WRITE transaction to register regmodel.TBR: value='h52a62080 : updated value = 'h80
# UVM_INFO ./../tb/dut_scoreboard.sv(52) @ 380016000: uvm_test_top.env.dut_sb [SCOREBOARD] 
# ===== Captured data from AHB: 0x52a62080
# UVM_INFO ./../tb/dut_scoreboard.sv(60) @ 381007000: uvm_test_top.env.dut_sb [SCOREBOARD] 
# ===== Captured data from UART: 0x0
# UVM_INFO ./../tb/dut_scoreboard.sv(73) @ 381007000: uvm_test_top.env.dut_sb [dut_scoreboard] 
# 
# =====[UART TXD] Data comparison =====
# 
# UVM_INFO ./../tb/dut_scoreboard.sv(81) @ 381007000: uvm_test_top.env.dut_sb [dut_scoreboard] 
# =====[DATA FRAME: 7] PASSED SUCCESSFULLY!!! =====
# UVM_INFO ./../tb/dut_scoreboard.sv(84) @ 381007000: uvm_test_top.env.dut_sb [dut_scoreboard] 
# 
# =====[UART TXD] Parity comparison =====
# 
# UVM_INFO ./../tb/dut_scoreboard.sv(90) @ 381007000: uvm_test_top.env.dut_sb [dut_scoreboard] 
# =====[PARITY MODE: 0] PASSED SUCCESSFULLY!!! =====
# UVM_INFO ./../testcases/uart_txd_x16_random.sv(35) @ 390016000: uvm_test_top [uart_txd_x16_random] --------------------------------------------------------------
# Name                Type                Size  Value           
# --------------------------------------------------------------
# cfg                 uart_configuration  -     @360            
#   parity_mode       parity_mode_e       32    UART_PARITY_NONE
#   sampling          sampling_mode_e     32    MODE_X16        
#   data_width        integral            32    'h7             
#   num_of_stop_bit   integral            32    'h2             
#   baud_rate         integral            32    'h9600          
#   baud_rate_enable  integral            1     'h0             
#   parity_enable     integral            1     'h0             
# --------------------------------------------------------------
# 
# UVM_INFO ./../regmodel/uart_reg2ahb_adapter.sv(42) @ 390016000: reporter [uart_reg2ahb_adapter] bus2reg: address = 0x0 data = 0x0 kind = UVM_WRITE status = UVM_IS_OK
# UVM_INFO /ictc/other/tools/QuestaDVA/questasim/verilog_src/uvm-1.2/src/reg/uvm_reg_predictor.svh(221) @ 390016000: uvm_test_top.env.ahb_predictor [REG_PREDICT] Observed WRITE transaction to register regmodel.MDR: value='h0 : updated value = 'h0
# UVM_INFO ./../regmodel/uart_reg2ahb_adapter.sv(42) @ 390016000: reporter [uart_reg2ahb_adapter] bus2reg: address = 0x4 data = 0xa4 kind = UVM_WRITE status = UVM_IS_OK
# UVM_INFO /ictc/other/tools/QuestaDVA/questasim/verilog_src/uvm-1.2/src/reg/uvm_reg_predictor.svh(221) @ 390016000: uvm_test_top.env.ahb_predictor [REG_PREDICT] Observed WRITE transaction to register regmodel.DLL: value='ha4 : updated value = 'ha4
# UVM_INFO ./../regmodel/uart_reg2ahb_adapter.sv(42) @ 390016000: reporter [uart_reg2ahb_adapter] bus2reg: address = 0x8 data = 0x0 kind = UVM_WRITE status = UVM_IS_OK
# UVM_INFO /ictc/other/tools/QuestaDVA/questasim/verilog_src/uvm-1.2/src/reg/uvm_reg_predictor.svh(221) @ 390016000: uvm_test_top.env.ahb_predictor [REG_PREDICT] Observed WRITE transaction to register regmodel.DLH: value='h0 : updated value = 'h0
# UVM_INFO ./../regmodel/uart_reg2ahb_adapter.sv(42) @ 390016000: reporter [uart_reg2ahb_adapter] bus2reg: address = 0xc data = 0x26 kind = UVM_WRITE status = UVM_IS_OK
# UVM_INFO /ictc/other/tools/QuestaDVA/questasim/verilog_src/uvm-1.2/src/reg/uvm_reg_predictor.svh(221) @ 390016000: uvm_test_top.env.ahb_predictor [REG_PREDICT] Observed WRITE transaction to register regmodel.LCR: value='h26 : updated value = 'h26
# UVM_INFO ./../regmodel/uart_reg2ahb_adapter.sv(42) @ 390016000: reporter [uart_reg2ahb_adapter] bus2reg: address = 0x18 data = 0x4a1761e3 kind = UVM_WRITE status = UVM_IS_OK
# UVM_INFO /ictc/other/tools/QuestaDVA/questasim/verilog_src/uvm-1.2/src/reg/uvm_reg_predictor.svh(221) @ 390016000: uvm_test_top.env.ahb_predictor [REG_PREDICT] Observed WRITE transaction to register regmodel.TBR: value='h4a1761e3 : updated value = 'he3
# UVM_INFO ./../tb/dut_scoreboard.sv(52) @ 390016000: uvm_test_top.env.dut_sb [SCOREBOARD] 
# ===== Captured data from AHB: 0x4a1761e3
# UVM_INFO ./../tb/dut_scoreboard.sv(60) @ 390513000: uvm_test_top.env.dut_sb [SCOREBOARD] 
# ===== Captured data from UART: 0x63
# UVM_INFO ./../tb/dut_scoreboard.sv(73) @ 390513000: uvm_test_top.env.dut_sb [dut_scoreboard] 
# 
# =====[UART TXD] Data comparison =====
# 
# UVM_INFO ./../tb/dut_scoreboard.sv(81) @ 390513000: uvm_test_top.env.dut_sb [dut_scoreboard] 
# =====[DATA FRAME: 7] PASSED SUCCESSFULLY!!! =====
# UVM_INFO ./../tb/dut_scoreboard.sv(84) @ 390513000: uvm_test_top.env.dut_sb [dut_scoreboard] 
# 
# =====[UART TXD] Parity comparison =====
# 
# UVM_INFO ./../tb/dut_scoreboard.sv(90) @ 390513000: uvm_test_top.env.dut_sb [dut_scoreboard] 
# =====[PARITY MODE: 0] PASSED SUCCESSFULLY!!! =====
# UVM_INFO ./../testcases/uart_txd_x16_random.sv(35) @ 400016000: uvm_test_top [uart_txd_x16_random] --------------------------------------------------------------
# Name                Type                Size  Value           
# --------------------------------------------------------------
# cfg                 uart_configuration  -     @360            
#   parity_mode       parity_mode_e       32    UART_PARITY_NONE
#   sampling          sampling_mode_e     32    MODE_X16        
#   data_width        integral            32    'h7             
#   num_of_stop_bit   integral            32    'h2             
#   baud_rate         integral            32    'h12c00         
#   baud_rate_enable  integral            1     'h0             
#   parity_enable     integral            1     'h0             
# --------------------------------------------------------------
# 
# UVM_INFO ./../regmodel/uart_reg2ahb_adapter.sv(42) @ 400016000: reporter [uart_reg2ahb_adapter] bus2reg: address = 0x0 data = 0x0 kind = UVM_WRITE status = UVM_IS_OK
# UVM_INFO /ictc/other/tools/QuestaDVA/questasim/verilog_src/uvm-1.2/src/reg/uvm_reg_predictor.svh(221) @ 400016000: uvm_test_top.env.ahb_predictor [REG_PREDICT] Observed WRITE transaction to register regmodel.MDR: value='h0 : updated value = 'h0
# UVM_INFO ./../regmodel/uart_reg2ahb_adapter.sv(42) @ 400016000: reporter [uart_reg2ahb_adapter] bus2reg: address = 0x4 data = 0x51 kind = UVM_WRITE status = UVM_IS_OK
# UVM_INFO /ictc/other/tools/QuestaDVA/questasim/verilog_src/uvm-1.2/src/reg/uvm_reg_predictor.svh(221) @ 400016000: uvm_test_top.env.ahb_predictor [REG_PREDICT] Observed WRITE transaction to register regmodel.DLL: value='h51 : updated value = 'h51
# UVM_INFO ./../regmodel/uart_reg2ahb_adapter.sv(42) @ 400016000: reporter [uart_reg2ahb_adapter] bus2reg: address = 0x8 data = 0x0 kind = UVM_WRITE status = UVM_IS_OK
# UVM_INFO /ictc/other/tools/QuestaDVA/questasim/verilog_src/uvm-1.2/src/reg/uvm_reg_predictor.svh(221) @ 400016000: uvm_test_top.env.ahb_predictor [REG_PREDICT] Observed WRITE transaction to register regmodel.DLH: value='h0 : updated value = 'h0
# UVM_INFO ./../regmodel/uart_reg2ahb_adapter.sv(42) @ 400016000: reporter [uart_reg2ahb_adapter] bus2reg: address = 0xc data = 0x26 kind = UVM_WRITE status = UVM_IS_OK
# UVM_INFO /ictc/other/tools/QuestaDVA/questasim/verilog_src/uvm-1.2/src/reg/uvm_reg_predictor.svh(221) @ 400016000: uvm_test_top.env.ahb_predictor [REG_PREDICT] Observed WRITE transaction to register regmodel.LCR: value='h26 : updated value = 'h26
# UVM_INFO ./../regmodel/uart_reg2ahb_adapter.sv(42) @ 400017000: reporter [uart_reg2ahb_adapter] bus2reg: address = 0x18 data = 0x53d76c13 kind = UVM_WRITE status = UVM_IS_OK
# UVM_INFO /ictc/other/tools/QuestaDVA/questasim/verilog_src/uvm-1.2/src/reg/uvm_reg_predictor.svh(221) @ 400017000: uvm_test_top.env.ahb_predictor [REG_PREDICT] Observed WRITE transaction to register regmodel.TBR: value='h53d76c13 : updated value = 'h13
# UVM_INFO ./../tb/dut_scoreboard.sv(52) @ 400017000: uvm_test_top.env.dut_sb [SCOREBOARD] 
# ===== Captured data from AHB: 0x53d76c13
# UVM_INFO ./../tb/dut_scoreboard.sv(60) @ 400265000: uvm_test_top.env.dut_sb [SCOREBOARD] 
# ===== Captured data from UART: 0x13
# UVM_INFO ./../tb/dut_scoreboard.sv(73) @ 400265000: uvm_test_top.env.dut_sb [dut_scoreboard] 
# 
# =====[UART TXD] Data comparison =====
# 
# UVM_INFO ./../tb/dut_scoreboard.sv(81) @ 400265000: uvm_test_top.env.dut_sb [dut_scoreboard] 
# =====[DATA FRAME: 7] PASSED SUCCESSFULLY!!! =====
# UVM_INFO ./../tb/dut_scoreboard.sv(84) @ 400265000: uvm_test_top.env.dut_sb [dut_scoreboard] 
# 
# =====[UART TXD] Parity comparison =====
# 
# UVM_INFO ./../tb/dut_scoreboard.sv(90) @ 400265000: uvm_test_top.env.dut_sb [dut_scoreboard] 
# =====[PARITY MODE: 0] PASSED SUCCESSFULLY!!! =====
# UVM_INFO ./../testcases/uart_txd_x16_random.sv(35) @ 410017000: uvm_test_top [uart_txd_x16_random] --------------------------------------------------------------
# Name                Type                Size  Value           
# --------------------------------------------------------------
# cfg                 uart_configuration  -     @360            
#   parity_mode       parity_mode_e       32    UART_PARITY_NONE
#   sampling          sampling_mode_e     32    MODE_X16        
#   data_width        integral            32    'h7             
#   num_of_stop_bit   integral            32    'h2             
#   baud_rate         integral            32    'h1c200         
#   baud_rate_enable  integral            1     'h0             
#   parity_enable     integral            1     'h0             
# --------------------------------------------------------------
# 
# UVM_INFO ./../regmodel/uart_reg2ahb_adapter.sv(42) @ 410017000: reporter [uart_reg2ahb_adapter] bus2reg: address = 0x0 data = 0x0 kind = UVM_WRITE status = UVM_IS_OK
# UVM_INFO /ictc/other/tools/QuestaDVA/questasim/verilog_src/uvm-1.2/src/reg/uvm_reg_predictor.svh(221) @ 410017000: uvm_test_top.env.ahb_predictor [REG_PREDICT] Observed WRITE transaction to register regmodel.MDR: value='h0 : updated value = 'h0
# UVM_INFO ./../regmodel/uart_reg2ahb_adapter.sv(42) @ 410017000: reporter [uart_reg2ahb_adapter] bus2reg: address = 0x4 data = 0x36 kind = UVM_WRITE status = UVM_IS_OK
# UVM_INFO /ictc/other/tools/QuestaDVA/questasim/verilog_src/uvm-1.2/src/reg/uvm_reg_predictor.svh(221) @ 410017000: uvm_test_top.env.ahb_predictor [REG_PREDICT] Observed WRITE transaction to register regmodel.DLL: value='h36 : updated value = 'h36
# UVM_INFO ./../regmodel/uart_reg2ahb_adapter.sv(42) @ 410017000: reporter [uart_reg2ahb_adapter] bus2reg: address = 0x8 data = 0x0 kind = UVM_WRITE status = UVM_IS_OK
# UVM_INFO /ictc/other/tools/QuestaDVA/questasim/verilog_src/uvm-1.2/src/reg/uvm_reg_predictor.svh(221) @ 410017000: uvm_test_top.env.ahb_predictor [REG_PREDICT] Observed WRITE transaction to register regmodel.DLH: value='h0 : updated value = 'h0
# UVM_INFO ./../regmodel/uart_reg2ahb_adapter.sv(42) @ 410017000: reporter [uart_reg2ahb_adapter] bus2reg: address = 0xc data = 0x26 kind = UVM_WRITE status = UVM_IS_OK
# UVM_INFO /ictc/other/tools/QuestaDVA/questasim/verilog_src/uvm-1.2/src/reg/uvm_reg_predictor.svh(221) @ 410017000: uvm_test_top.env.ahb_predictor [REG_PREDICT] Observed WRITE transaction to register regmodel.LCR: value='h26 : updated value = 'h26
# UVM_INFO ./../regmodel/uart_reg2ahb_adapter.sv(42) @ 410017000: reporter [uart_reg2ahb_adapter] bus2reg: address = 0x18 data = 0x826e7b78 kind = UVM_WRITE status = UVM_IS_OK
# UVM_INFO /ictc/other/tools/QuestaDVA/questasim/verilog_src/uvm-1.2/src/reg/uvm_reg_predictor.svh(221) @ 410017000: uvm_test_top.env.ahb_predictor [REG_PREDICT] Observed WRITE transaction to register regmodel.TBR: value='h826e7b78 : updated value = 'h78
# UVM_INFO ./../tb/dut_scoreboard.sv(52) @ 410017000: uvm_test_top.env.dut_sb [SCOREBOARD] 
# ===== Captured data from AHB: 0x826e7b78
# UVM_INFO ./../tb/dut_scoreboard.sv(60) @ 410179000: uvm_test_top.env.dut_sb [SCOREBOARD] 
# ===== Captured data from UART: 0x78
# UVM_INFO ./../tb/dut_scoreboard.sv(73) @ 410179000: uvm_test_top.env.dut_sb [dut_scoreboard] 
# 
# =====[UART TXD] Data comparison =====
# 
# UVM_INFO ./../tb/dut_scoreboard.sv(81) @ 410179000: uvm_test_top.env.dut_sb [dut_scoreboard] 
# =====[DATA FRAME: 7] PASSED SUCCESSFULLY!!! =====
# UVM_INFO ./../tb/dut_scoreboard.sv(84) @ 410179000: uvm_test_top.env.dut_sb [dut_scoreboard] 
# 
# =====[UART TXD] Parity comparison =====
# 
# UVM_INFO ./../tb/dut_scoreboard.sv(90) @ 410179000: uvm_test_top.env.dut_sb [dut_scoreboard] 
# =====[PARITY MODE: 0] PASSED SUCCESSFULLY!!! =====
# UVM_INFO ./../testcases/uart_txd_x16_random.sv(35) @ 420017000: uvm_test_top [uart_txd_x16_random] --------------------------------------------------------------
# Name                Type                Size  Value           
# --------------------------------------------------------------
# cfg                 uart_configuration  -     @360            
#   parity_mode       parity_mode_e       32    UART_PARITY_NONE
#   sampling          sampling_mode_e     32    MODE_X16        
#   data_width        integral            32    'h8             
#   num_of_stop_bit   integral            32    'h1             
#   baud_rate         integral            32    'h960           
#   baud_rate_enable  integral            1     'h0             
#   parity_enable     integral            1     'h0             
# --------------------------------------------------------------
# 
# UVM_INFO ./../regmodel/uart_reg2ahb_adapter.sv(42) @ 420017000: reporter [uart_reg2ahb_adapter] bus2reg: address = 0x0 data = 0x0 kind = UVM_WRITE status = UVM_IS_OK
# UVM_INFO /ictc/other/tools/QuestaDVA/questasim/verilog_src/uvm-1.2/src/reg/uvm_reg_predictor.svh(221) @ 420017000: uvm_test_top.env.ahb_predictor [REG_PREDICT] Observed WRITE transaction to register regmodel.MDR: value='h0 : updated value = 'h0
# UVM_INFO ./../regmodel/uart_reg2ahb_adapter.sv(42) @ 420017000: reporter [uart_reg2ahb_adapter] bus2reg: address = 0x4 data = 0x2c kind = UVM_WRITE status = UVM_IS_OK
# UVM_INFO /ictc/other/tools/QuestaDVA/questasim/verilog_src/uvm-1.2/src/reg/uvm_reg_predictor.svh(221) @ 420017000: uvm_test_top.env.ahb_predictor [REG_PREDICT] Observed WRITE transaction to register regmodel.DLL: value='h2c : updated value = 'h2c
# UVM_INFO ./../regmodel/uart_reg2ahb_adapter.sv(42) @ 420017000: reporter [uart_reg2ahb_adapter] bus2reg: address = 0x8 data = 0xa kind = UVM_WRITE status = UVM_IS_OK
# UVM_INFO /ictc/other/tools/QuestaDVA/questasim/verilog_src/uvm-1.2/src/reg/uvm_reg_predictor.svh(221) @ 420017000: uvm_test_top.env.ahb_predictor [REG_PREDICT] Observed WRITE transaction to register regmodel.DLH: value='ha : updated value = 'ha
# UVM_INFO ./../regmodel/uart_reg2ahb_adapter.sv(42) @ 420017000: reporter [uart_reg2ahb_adapter] bus2reg: address = 0xc data = 0x23 kind = UVM_WRITE status = UVM_IS_OK
# UVM_INFO /ictc/other/tools/QuestaDVA/questasim/verilog_src/uvm-1.2/src/reg/uvm_reg_predictor.svh(221) @ 420017000: uvm_test_top.env.ahb_predictor [REG_PREDICT] Observed WRITE transaction to register regmodel.LCR: value='h23 : updated value = 'h23
# UVM_INFO ./../regmodel/uart_reg2ahb_adapter.sv(42) @ 420017000: reporter [uart_reg2ahb_adapter] bus2reg: address = 0x18 data = 0x3e2964c5 kind = UVM_WRITE status = UVM_IS_OK
# UVM_INFO /ictc/other/tools/QuestaDVA/questasim/verilog_src/uvm-1.2/src/reg/uvm_reg_predictor.svh(221) @ 420017000: uvm_test_top.env.ahb_predictor [REG_PREDICT] Observed WRITE transaction to register regmodel.TBR: value='h3e2964c5 : updated value = 'hc5
# UVM_INFO ./../tb/dut_scoreboard.sv(52) @ 420017000: uvm_test_top.env.dut_sb [SCOREBOARD] 
# ===== Captured data from AHB: 0x3e2964c5
# UVM_INFO ./../tb/dut_scoreboard.sv(60) @ 427982000: uvm_test_top.env.dut_sb [SCOREBOARD] 
# ===== Captured data from UART: 0xc5
# UVM_INFO ./../tb/dut_scoreboard.sv(73) @ 427982000: uvm_test_top.env.dut_sb [dut_scoreboard] 
# 
# =====[UART TXD] Data comparison =====
# 
# UVM_INFO ./../tb/dut_scoreboard.sv(81) @ 427982000: uvm_test_top.env.dut_sb [dut_scoreboard] 
# =====[DATA FRAME: 8] PASSED SUCCESSFULLY!!! =====
# UVM_INFO ./../tb/dut_scoreboard.sv(84) @ 427982000: uvm_test_top.env.dut_sb [dut_scoreboard] 
# 
# =====[UART TXD] Parity comparison =====
# 
# UVM_INFO ./../tb/dut_scoreboard.sv(90) @ 427982000: uvm_test_top.env.dut_sb [dut_scoreboard] 
# =====[PARITY MODE: 0] PASSED SUCCESSFULLY!!! =====
# UVM_INFO ./../testcases/uart_txd_x16_random.sv(35) @ 430017000: uvm_test_top [uart_txd_x16_random] --------------------------------------------------------------
# Name                Type                Size  Value           
# --------------------------------------------------------------
# cfg                 uart_configuration  -     @360            
#   parity_mode       parity_mode_e       32    UART_PARITY_NONE
#   sampling          sampling_mode_e     32    MODE_X16        
#   data_width        integral            32    'h8             
#   num_of_stop_bit   integral            32    'h1             
#   baud_rate         integral            32    'h12c0          
#   baud_rate_enable  integral            1     'h0             
#   parity_enable     integral            1     'h0             
# --------------------------------------------------------------
# 
# UVM_INFO ./../regmodel/uart_reg2ahb_adapter.sv(42) @ 430017000: reporter [uart_reg2ahb_adapter] bus2reg: address = 0x0 data = 0x0 kind = UVM_WRITE status = UVM_IS_OK
# UVM_INFO /ictc/other/tools/QuestaDVA/questasim/verilog_src/uvm-1.2/src/reg/uvm_reg_predictor.svh(221) @ 430017000: uvm_test_top.env.ahb_predictor [REG_PREDICT] Observed WRITE transaction to register regmodel.MDR: value='h0 : updated value = 'h0
# UVM_INFO ./../regmodel/uart_reg2ahb_adapter.sv(42) @ 430017000: reporter [uart_reg2ahb_adapter] bus2reg: address = 0x4 data = 0x16 kind = UVM_WRITE status = UVM_IS_OK
# UVM_INFO /ictc/other/tools/QuestaDVA/questasim/verilog_src/uvm-1.2/src/reg/uvm_reg_predictor.svh(221) @ 430017000: uvm_test_top.env.ahb_predictor [REG_PREDICT] Observed WRITE transaction to register regmodel.DLL: value='h16 : updated value = 'h16
# UVM_INFO ./../regmodel/uart_reg2ahb_adapter.sv(42) @ 430018000: reporter [uart_reg2ahb_adapter] bus2reg: address = 0x8 data = 0x5 kind = UVM_WRITE status = UVM_IS_OK
# UVM_INFO /ictc/other/tools/QuestaDVA/questasim/verilog_src/uvm-1.2/src/reg/uvm_reg_predictor.svh(221) @ 430018000: uvm_test_top.env.ahb_predictor [REG_PREDICT] Observed WRITE transaction to register regmodel.DLH: value='h5 : updated value = 'h5
# UVM_INFO ./../regmodel/uart_reg2ahb_adapter.sv(42) @ 430018000: reporter [uart_reg2ahb_adapter] bus2reg: address = 0xc data = 0x23 kind = UVM_WRITE status = UVM_IS_OK
# UVM_INFO /ictc/other/tools/QuestaDVA/questasim/verilog_src/uvm-1.2/src/reg/uvm_reg_predictor.svh(221) @ 430018000: uvm_test_top.env.ahb_predictor [REG_PREDICT] Observed WRITE transaction to register regmodel.LCR: value='h23 : updated value = 'h23
# UVM_INFO ./../regmodel/uart_reg2ahb_adapter.sv(42) @ 430018000: reporter [uart_reg2ahb_adapter] bus2reg: address = 0x18 data = 0xf7d507c5 kind = UVM_WRITE status = UVM_IS_OK
# UVM_INFO /ictc/other/tools/QuestaDVA/questasim/verilog_src/uvm-1.2/src/reg/uvm_reg_predictor.svh(221) @ 430018000: uvm_test_top.env.ahb_predictor [REG_PREDICT] Observed WRITE transaction to register regmodel.TBR: value='hf7d507c5 : updated value = 'hc5
# UVM_INFO ./../tb/dut_scoreboard.sv(52) @ 430018000: uvm_test_top.env.dut_sb [SCOREBOARD] 
# ===== Captured data from AHB: 0xf7d507c5
# UVM_INFO ./../tb/dut_scoreboard.sv(60) @ 434003000: uvm_test_top.env.dut_sb [SCOREBOARD] 
# ===== Captured data from UART: 0xc5
# UVM_INFO ./../tb/dut_scoreboard.sv(73) @ 434003000: uvm_test_top.env.dut_sb [dut_scoreboard] 
# 
# =====[UART TXD] Data comparison =====
# 
# UVM_INFO ./../tb/dut_scoreboard.sv(81) @ 434003000: uvm_test_top.env.dut_sb [dut_scoreboard] 
# =====[DATA FRAME: 8] PASSED SUCCESSFULLY!!! =====
# UVM_INFO ./../tb/dut_scoreboard.sv(84) @ 434003000: uvm_test_top.env.dut_sb [dut_scoreboard] 
# 
# =====[UART TXD] Parity comparison =====
# 
# UVM_INFO ./../tb/dut_scoreboard.sv(90) @ 434003000: uvm_test_top.env.dut_sb [dut_scoreboard] 
# =====[PARITY MODE: 0] PASSED SUCCESSFULLY!!! =====
# UVM_INFO ./../testcases/uart_txd_x16_random.sv(35) @ 440018000: uvm_test_top [uart_txd_x16_random] --------------------------------------------------------------
# Name                Type                Size  Value           
# --------------------------------------------------------------
# cfg                 uart_configuration  -     @360            
#   parity_mode       parity_mode_e       32    UART_PARITY_NONE
#   sampling          sampling_mode_e     32    MODE_X16        
#   data_width        integral            32    'h8             
#   num_of_stop_bit   integral            32    'h1             
#   baud_rate         integral            32    'h2580          
#   baud_rate_enable  integral            1     'h0             
#   parity_enable     integral            1     'h0             
# --------------------------------------------------------------
# 
# UVM_INFO ./../regmodel/uart_reg2ahb_adapter.sv(42) @ 440018000: reporter [uart_reg2ahb_adapter] bus2reg: address = 0x0 data = 0x0 kind = UVM_WRITE status = UVM_IS_OK
# UVM_INFO /ictc/other/tools/QuestaDVA/questasim/verilog_src/uvm-1.2/src/reg/uvm_reg_predictor.svh(221) @ 440018000: uvm_test_top.env.ahb_predictor [REG_PREDICT] Observed WRITE transaction to register regmodel.MDR: value='h0 : updated value = 'h0
# UVM_INFO ./../regmodel/uart_reg2ahb_adapter.sv(42) @ 440018000: reporter [uart_reg2ahb_adapter] bus2reg: address = 0x4 data = 0x8b kind = UVM_WRITE status = UVM_IS_OK
# UVM_INFO /ictc/other/tools/QuestaDVA/questasim/verilog_src/uvm-1.2/src/reg/uvm_reg_predictor.svh(221) @ 440018000: uvm_test_top.env.ahb_predictor [REG_PREDICT] Observed WRITE transaction to register regmodel.DLL: value='h8b : updated value = 'h8b
# UVM_INFO ./../regmodel/uart_reg2ahb_adapter.sv(42) @ 440018000: reporter [uart_reg2ahb_adapter] bus2reg: address = 0x8 data = 0x2 kind = UVM_WRITE status = UVM_IS_OK
# UVM_INFO /ictc/other/tools/QuestaDVA/questasim/verilog_src/uvm-1.2/src/reg/uvm_reg_predictor.svh(221) @ 440018000: uvm_test_top.env.ahb_predictor [REG_PREDICT] Observed WRITE transaction to register regmodel.DLH: value='h2 : updated value = 'h2
# UVM_INFO ./../regmodel/uart_reg2ahb_adapter.sv(42) @ 440018000: reporter [uart_reg2ahb_adapter] bus2reg: address = 0xc data = 0x23 kind = UVM_WRITE status = UVM_IS_OK
# UVM_INFO /ictc/other/tools/QuestaDVA/questasim/verilog_src/uvm-1.2/src/reg/uvm_reg_predictor.svh(221) @ 440018000: uvm_test_top.env.ahb_predictor [REG_PREDICT] Observed WRITE transaction to register regmodel.LCR: value='h23 : updated value = 'h23
# UVM_INFO ./../regmodel/uart_reg2ahb_adapter.sv(42) @ 440018000: reporter [uart_reg2ahb_adapter] bus2reg: address = 0x18 data = 0xe6dfe6b2 kind = UVM_WRITE status = UVM_IS_OK
# UVM_INFO /ictc/other/tools/QuestaDVA/questasim/verilog_src/uvm-1.2/src/reg/uvm_reg_predictor.svh(221) @ 440018000: uvm_test_top.env.ahb_predictor [REG_PREDICT] Observed WRITE transaction to register regmodel.TBR: value='he6dfe6b2 : updated value = 'hb2
# UVM_INFO ./../tb/dut_scoreboard.sv(52) @ 440018000: uvm_test_top.env.dut_sb [SCOREBOARD] 
# ===== Captured data from AHB: 0xe6dfe6b2
# UVM_INFO ./../tb/dut_scoreboard.sv(60) @ 442004000: uvm_test_top.env.dut_sb [SCOREBOARD] 
# ===== Captured data from UART: 0xb2
# UVM_INFO ./../tb/dut_scoreboard.sv(73) @ 442004000: uvm_test_top.env.dut_sb [dut_scoreboard] 
# 
# =====[UART TXD] Data comparison =====
# 
# UVM_INFO ./../tb/dut_scoreboard.sv(81) @ 442004000: uvm_test_top.env.dut_sb [dut_scoreboard] 
# =====[DATA FRAME: 8] PASSED SUCCESSFULLY!!! =====
# UVM_INFO ./../tb/dut_scoreboard.sv(84) @ 442004000: uvm_test_top.env.dut_sb [dut_scoreboard] 
# 
# =====[UART TXD] Parity comparison =====
# 
# UVM_INFO ./../tb/dut_scoreboard.sv(90) @ 442004000: uvm_test_top.env.dut_sb [dut_scoreboard] 
# =====[PARITY MODE: 0] PASSED SUCCESSFULLY!!! =====
# UVM_INFO ./../testcases/uart_txd_x16_random.sv(35) @ 450018000: uvm_test_top [uart_txd_x16_random] --------------------------------------------------------------
# Name                Type                Size  Value           
# --------------------------------------------------------------
# cfg                 uart_configuration  -     @360            
#   parity_mode       parity_mode_e       32    UART_PARITY_NONE
#   sampling          sampling_mode_e     32    MODE_X16        
#   data_width        integral            32    'h8             
#   num_of_stop_bit   integral            32    'h1             
#   baud_rate         integral            32    'h4b00          
#   baud_rate_enable  integral            1     'h0             
#   parity_enable     integral            1     'h0             
# --------------------------------------------------------------
# 
# UVM_INFO ./../regmodel/uart_reg2ahb_adapter.sv(42) @ 450018000: reporter [uart_reg2ahb_adapter] bus2reg: address = 0x0 data = 0x0 kind = UVM_WRITE status = UVM_IS_OK
# UVM_INFO /ictc/other/tools/QuestaDVA/questasim/verilog_src/uvm-1.2/src/reg/uvm_reg_predictor.svh(221) @ 450018000: uvm_test_top.env.ahb_predictor [REG_PREDICT] Observed WRITE transaction to register regmodel.MDR: value='h0 : updated value = 'h0
# UVM_INFO ./../regmodel/uart_reg2ahb_adapter.sv(42) @ 450018000: reporter [uart_reg2ahb_adapter] bus2reg: address = 0x4 data = 0x45 kind = UVM_WRITE status = UVM_IS_OK
# UVM_INFO /ictc/other/tools/QuestaDVA/questasim/verilog_src/uvm-1.2/src/reg/uvm_reg_predictor.svh(221) @ 450018000: uvm_test_top.env.ahb_predictor [REG_PREDICT] Observed WRITE transaction to register regmodel.DLL: value='h45 : updated value = 'h45
# UVM_INFO ./../regmodel/uart_reg2ahb_adapter.sv(42) @ 450018000: reporter [uart_reg2ahb_adapter] bus2reg: address = 0x8 data = 0x1 kind = UVM_WRITE status = UVM_IS_OK
# UVM_INFO /ictc/other/tools/QuestaDVA/questasim/verilog_src/uvm-1.2/src/reg/uvm_reg_predictor.svh(221) @ 450018000: uvm_test_top.env.ahb_predictor [REG_PREDICT] Observed WRITE transaction to register regmodel.DLH: value='h1 : updated value = 'h1
# UVM_INFO ./../regmodel/uart_reg2ahb_adapter.sv(42) @ 450018000: reporter [uart_reg2ahb_adapter] bus2reg: address = 0xc data = 0x23 kind = UVM_WRITE status = UVM_IS_OK
# UVM_INFO /ictc/other/tools/QuestaDVA/questasim/verilog_src/uvm-1.2/src/reg/uvm_reg_predictor.svh(221) @ 450018000: uvm_test_top.env.ahb_predictor [REG_PREDICT] Observed WRITE transaction to register regmodel.LCR: value='h23 : updated value = 'h23
# UVM_INFO ./../regmodel/uart_reg2ahb_adapter.sv(42) @ 450019000: reporter [uart_reg2ahb_adapter] bus2reg: address = 0x18 data = 0x5906f9c9 kind = UVM_WRITE status = UVM_IS_OK
# UVM_INFO /ictc/other/tools/QuestaDVA/questasim/verilog_src/uvm-1.2/src/reg/uvm_reg_predictor.svh(221) @ 450019000: uvm_test_top.env.ahb_predictor [REG_PREDICT] Observed WRITE transaction to register regmodel.TBR: value='h5906f9c9 : updated value = 'hc9
# UVM_INFO ./../tb/dut_scoreboard.sv(52) @ 450019000: uvm_test_top.env.dut_sb [SCOREBOARD] 
# ===== Captured data from AHB: 0x5906f9c9
# UVM_INFO ./../tb/dut_scoreboard.sv(60) @ 451009000: uvm_test_top.env.dut_sb [SCOREBOARD] 
# ===== Captured data from UART: 0xc9
# UVM_INFO ./../tb/dut_scoreboard.sv(73) @ 451009000: uvm_test_top.env.dut_sb [dut_scoreboard] 
# 
# =====[UART TXD] Data comparison =====
# 
# UVM_INFO ./../tb/dut_scoreboard.sv(81) @ 451009000: uvm_test_top.env.dut_sb [dut_scoreboard] 
# =====[DATA FRAME: 8] PASSED SUCCESSFULLY!!! =====
# UVM_INFO ./../tb/dut_scoreboard.sv(84) @ 451009000: uvm_test_top.env.dut_sb [dut_scoreboard] 
# 
# =====[UART TXD] Parity comparison =====
# 
# UVM_INFO ./../tb/dut_scoreboard.sv(90) @ 451009000: uvm_test_top.env.dut_sb [dut_scoreboard] 
# =====[PARITY MODE: 0] PASSED SUCCESSFULLY!!! =====
# UVM_INFO ./../testcases/uart_txd_x16_random.sv(35) @ 460019000: uvm_test_top [uart_txd_x16_random] --------------------------------------------------------------
# Name                Type                Size  Value           
# --------------------------------------------------------------
# cfg                 uart_configuration  -     @360            
#   parity_mode       parity_mode_e       32    UART_PARITY_NONE
#   sampling          sampling_mode_e     32    MODE_X16        
#   data_width        integral            32    'h8             
#   num_of_stop_bit   integral            32    'h1             
#   baud_rate         integral            32    'h9600          
#   baud_rate_enable  integral            1     'h0             
#   parity_enable     integral            1     'h0             
# --------------------------------------------------------------
# 
# UVM_INFO ./../regmodel/uart_reg2ahb_adapter.sv(42) @ 460019000: reporter [uart_reg2ahb_adapter] bus2reg: address = 0x0 data = 0x0 kind = UVM_WRITE status = UVM_IS_OK
# UVM_INFO /ictc/other/tools/QuestaDVA/questasim/verilog_src/uvm-1.2/src/reg/uvm_reg_predictor.svh(221) @ 460019000: uvm_test_top.env.ahb_predictor [REG_PREDICT] Observed WRITE transaction to register regmodel.MDR: value='h0 : updated value = 'h0
# UVM_INFO ./../regmodel/uart_reg2ahb_adapter.sv(42) @ 460019000: reporter [uart_reg2ahb_adapter] bus2reg: address = 0x4 data = 0xa4 kind = UVM_WRITE status = UVM_IS_OK
# UVM_INFO /ictc/other/tools/QuestaDVA/questasim/verilog_src/uvm-1.2/src/reg/uvm_reg_predictor.svh(221) @ 460019000: uvm_test_top.env.ahb_predictor [REG_PREDICT] Observed WRITE transaction to register regmodel.DLL: value='ha4 : updated value = 'ha4
# UVM_INFO ./../regmodel/uart_reg2ahb_adapter.sv(42) @ 460019000: reporter [uart_reg2ahb_adapter] bus2reg: address = 0x8 data = 0x0 kind = UVM_WRITE status = UVM_IS_OK
# UVM_INFO /ictc/other/tools/QuestaDVA/questasim/verilog_src/uvm-1.2/src/reg/uvm_reg_predictor.svh(221) @ 460019000: uvm_test_top.env.ahb_predictor [REG_PREDICT] Observed WRITE transaction to register regmodel.DLH: value='h0 : updated value = 'h0
# UVM_INFO ./../regmodel/uart_reg2ahb_adapter.sv(42) @ 460019000: reporter [uart_reg2ahb_adapter] bus2reg: address = 0xc data = 0x23 kind = UVM_WRITE status = UVM_IS_OK
# UVM_INFO /ictc/other/tools/QuestaDVA/questasim/verilog_src/uvm-1.2/src/reg/uvm_reg_predictor.svh(221) @ 460019000: uvm_test_top.env.ahb_predictor [REG_PREDICT] Observed WRITE transaction to register regmodel.LCR: value='h23 : updated value = 'h23
# UVM_INFO ./../regmodel/uart_reg2ahb_adapter.sv(42) @ 460019000: reporter [uart_reg2ahb_adapter] bus2reg: address = 0x18 data = 0x69bbbf05 kind = UVM_WRITE status = UVM_IS_OK
# UVM_INFO /ictc/other/tools/QuestaDVA/questasim/verilog_src/uvm-1.2/src/reg/uvm_reg_predictor.svh(221) @ 460019000: uvm_test_top.env.ahb_predictor [REG_PREDICT] Observed WRITE transaction to register regmodel.TBR: value='h69bbbf05 : updated value = 'h5
# UVM_INFO ./../tb/dut_scoreboard.sv(52) @ 460019000: uvm_test_top.env.dut_sb [SCOREBOARD] 
# ===== Captured data from AHB: 0x69bbbf05
# UVM_INFO ./../tb/dut_scoreboard.sv(60) @ 460515000: uvm_test_top.env.dut_sb [SCOREBOARD] 
# ===== Captured data from UART: 0x5
# UVM_INFO ./../tb/dut_scoreboard.sv(73) @ 460515000: uvm_test_top.env.dut_sb [dut_scoreboard] 
# 
# =====[UART TXD] Data comparison =====
# 
# UVM_INFO ./../tb/dut_scoreboard.sv(81) @ 460515000: uvm_test_top.env.dut_sb [dut_scoreboard] 
# =====[DATA FRAME: 8] PASSED SUCCESSFULLY!!! =====
# UVM_INFO ./../tb/dut_scoreboard.sv(84) @ 460515000: uvm_test_top.env.dut_sb [dut_scoreboard] 
# 
# =====[UART TXD] Parity comparison =====
# 
# UVM_INFO ./../tb/dut_scoreboard.sv(90) @ 460515000: uvm_test_top.env.dut_sb [dut_scoreboard] 
# =====[PARITY MODE: 0] PASSED SUCCESSFULLY!!! =====
# UVM_INFO ./../testcases/uart_txd_x16_random.sv(35) @ 470019000: uvm_test_top [uart_txd_x16_random] --------------------------------------------------------------
# Name                Type                Size  Value           
# --------------------------------------------------------------
# cfg                 uart_configuration  -     @360            
#   parity_mode       parity_mode_e       32    UART_PARITY_NONE
#   sampling          sampling_mode_e     32    MODE_X16        
#   data_width        integral            32    'h8             
#   num_of_stop_bit   integral            32    'h1             
#   baud_rate         integral            32    'h12c00         
#   baud_rate_enable  integral            1     'h0             
#   parity_enable     integral            1     'h0             
# --------------------------------------------------------------
# 
# UVM_INFO ./../regmodel/uart_reg2ahb_adapter.sv(42) @ 470019000: reporter [uart_reg2ahb_adapter] bus2reg: address = 0x0 data = 0x0 kind = UVM_WRITE status = UVM_IS_OK
# UVM_INFO /ictc/other/tools/QuestaDVA/questasim/verilog_src/uvm-1.2/src/reg/uvm_reg_predictor.svh(221) @ 470019000: uvm_test_top.env.ahb_predictor [REG_PREDICT] Observed WRITE transaction to register regmodel.MDR: value='h0 : updated value = 'h0
# UVM_INFO ./../regmodel/uart_reg2ahb_adapter.sv(42) @ 470019000: reporter [uart_reg2ahb_adapter] bus2reg: address = 0x4 data = 0x51 kind = UVM_WRITE status = UVM_IS_OK
# UVM_INFO /ictc/other/tools/QuestaDVA/questasim/verilog_src/uvm-1.2/src/reg/uvm_reg_predictor.svh(221) @ 470019000: uvm_test_top.env.ahb_predictor [REG_PREDICT] Observed WRITE transaction to register regmodel.DLL: value='h51 : updated value = 'h51
# UVM_INFO ./../regmodel/uart_reg2ahb_adapter.sv(42) @ 470019000: reporter [uart_reg2ahb_adapter] bus2reg: address = 0x8 data = 0x0 kind = UVM_WRITE status = UVM_IS_OK
# UVM_INFO /ictc/other/tools/QuestaDVA/questasim/verilog_src/uvm-1.2/src/reg/uvm_reg_predictor.svh(221) @ 470019000: uvm_test_top.env.ahb_predictor [REG_PREDICT] Observed WRITE transaction to register regmodel.DLH: value='h0 : updated value = 'h0
# UVM_INFO ./../regmodel/uart_reg2ahb_adapter.sv(42) @ 470019000: reporter [uart_reg2ahb_adapter] bus2reg: address = 0xc data = 0x23 kind = UVM_WRITE status = UVM_IS_OK
# UVM_INFO /ictc/other/tools/QuestaDVA/questasim/verilog_src/uvm-1.2/src/reg/uvm_reg_predictor.svh(221) @ 470019000: uvm_test_top.env.ahb_predictor [REG_PREDICT] Observed WRITE transaction to register regmodel.LCR: value='h23 : updated value = 'h23
# UVM_INFO ./../regmodel/uart_reg2ahb_adapter.sv(42) @ 470019000: reporter [uart_reg2ahb_adapter] bus2reg: address = 0x18 data = 0x58a63a8e kind = UVM_WRITE status = UVM_IS_OK
# UVM_INFO /ictc/other/tools/QuestaDVA/questasim/verilog_src/uvm-1.2/src/reg/uvm_reg_predictor.svh(221) @ 470019000: uvm_test_top.env.ahb_predictor [REG_PREDICT] Observed WRITE transaction to register regmodel.TBR: value='h58a63a8e : updated value = 'h8e
# UVM_INFO ./../tb/dut_scoreboard.sv(52) @ 470019000: uvm_test_top.env.dut_sb [SCOREBOARD] 
# ===== Captured data from AHB: 0x58a63a8e
# UVM_INFO ./../tb/dut_scoreboard.sv(60) @ 470267000: uvm_test_top.env.dut_sb [SCOREBOARD] 
# ===== Captured data from UART: 0x8e
# UVM_INFO ./../tb/dut_scoreboard.sv(73) @ 470267000: uvm_test_top.env.dut_sb [dut_scoreboard] 
# 
# =====[UART TXD] Data comparison =====
# 
# UVM_INFO ./../tb/dut_scoreboard.sv(81) @ 470267000: uvm_test_top.env.dut_sb [dut_scoreboard] 
# =====[DATA FRAME: 8] PASSED SUCCESSFULLY!!! =====
# UVM_INFO ./../tb/dut_scoreboard.sv(84) @ 470267000: uvm_test_top.env.dut_sb [dut_scoreboard] 
# 
# =====[UART TXD] Parity comparison =====
# 
# UVM_INFO ./../tb/dut_scoreboard.sv(90) @ 470267000: uvm_test_top.env.dut_sb [dut_scoreboard] 
# =====[PARITY MODE: 0] PASSED SUCCESSFULLY!!! =====
# UVM_INFO ./../testcases/uart_txd_x16_random.sv(35) @ 480019000: uvm_test_top [uart_txd_x16_random] --------------------------------------------------------------
# Name                Type                Size  Value           
# --------------------------------------------------------------
# cfg                 uart_configuration  -     @360            
#   parity_mode       parity_mode_e       32    UART_PARITY_NONE
#   sampling          sampling_mode_e     32    MODE_X16        
#   data_width        integral            32    'h8             
#   num_of_stop_bit   integral            32    'h1             
#   baud_rate         integral            32    'h1c200         
#   baud_rate_enable  integral            1     'h0             
#   parity_enable     integral            1     'h0             
# --------------------------------------------------------------
# 
# UVM_INFO ./../regmodel/uart_reg2ahb_adapter.sv(42) @ 480019000: reporter [uart_reg2ahb_adapter] bus2reg: address = 0x0 data = 0x0 kind = UVM_WRITE status = UVM_IS_OK
# UVM_INFO /ictc/other/tools/QuestaDVA/questasim/verilog_src/uvm-1.2/src/reg/uvm_reg_predictor.svh(221) @ 480019000: uvm_test_top.env.ahb_predictor [REG_PREDICT] Observed WRITE transaction to register regmodel.MDR: value='h0 : updated value = 'h0
# UVM_INFO ./../regmodel/uart_reg2ahb_adapter.sv(42) @ 480019000: reporter [uart_reg2ahb_adapter] bus2reg: address = 0x4 data = 0x36 kind = UVM_WRITE status = UVM_IS_OK
# UVM_INFO /ictc/other/tools/QuestaDVA/questasim/verilog_src/uvm-1.2/src/reg/uvm_reg_predictor.svh(221) @ 480019000: uvm_test_top.env.ahb_predictor [REG_PREDICT] Observed WRITE transaction to register regmodel.DLL: value='h36 : updated value = 'h36
# UVM_INFO ./../regmodel/uart_reg2ahb_adapter.sv(42) @ 480020000: reporter [uart_reg2ahb_adapter] bus2reg: address = 0x8 data = 0x0 kind = UVM_WRITE status = UVM_IS_OK
# UVM_INFO /ictc/other/tools/QuestaDVA/questasim/verilog_src/uvm-1.2/src/reg/uvm_reg_predictor.svh(221) @ 480020000: uvm_test_top.env.ahb_predictor [REG_PREDICT] Observed WRITE transaction to register regmodel.DLH: value='h0 : updated value = 'h0
# UVM_INFO ./../regmodel/uart_reg2ahb_adapter.sv(42) @ 480020000: reporter [uart_reg2ahb_adapter] bus2reg: address = 0xc data = 0x23 kind = UVM_WRITE status = UVM_IS_OK
# UVM_INFO /ictc/other/tools/QuestaDVA/questasim/verilog_src/uvm-1.2/src/reg/uvm_reg_predictor.svh(221) @ 480020000: uvm_test_top.env.ahb_predictor [REG_PREDICT] Observed WRITE transaction to register regmodel.LCR: value='h23 : updated value = 'h23
# UVM_INFO ./../regmodel/uart_reg2ahb_adapter.sv(42) @ 480020000: reporter [uart_reg2ahb_adapter] bus2reg: address = 0x18 data = 0xead541ec kind = UVM_WRITE status = UVM_IS_OK
# UVM_INFO /ictc/other/tools/QuestaDVA/questasim/verilog_src/uvm-1.2/src/reg/uvm_reg_predictor.svh(221) @ 480020000: uvm_test_top.env.ahb_predictor [REG_PREDICT] Observed WRITE transaction to register regmodel.TBR: value='head541ec : updated value = 'hec
# UVM_INFO ./../tb/dut_scoreboard.sv(52) @ 480020000: uvm_test_top.env.dut_sb [SCOREBOARD] 
# ===== Captured data from AHB: 0xead541ec
# UVM_INFO ./../tb/dut_scoreboard.sv(60) @ 480181000: uvm_test_top.env.dut_sb [SCOREBOARD] 
# ===== Captured data from UART: 0xec
# UVM_INFO ./../tb/dut_scoreboard.sv(73) @ 480181000: uvm_test_top.env.dut_sb [dut_scoreboard] 
# 
# =====[UART TXD] Data comparison =====
# 
# UVM_INFO ./../tb/dut_scoreboard.sv(81) @ 480181000: uvm_test_top.env.dut_sb [dut_scoreboard] 
# =====[DATA FRAME: 8] PASSED SUCCESSFULLY!!! =====
# UVM_INFO ./../tb/dut_scoreboard.sv(84) @ 480181000: uvm_test_top.env.dut_sb [dut_scoreboard] 
# 
# =====[UART TXD] Parity comparison =====
# 
# UVM_INFO ./../tb/dut_scoreboard.sv(90) @ 480181000: uvm_test_top.env.dut_sb [dut_scoreboard] 
# =====[PARITY MODE: 0] PASSED SUCCESSFULLY!!! =====
# UVM_INFO ./../testcases/uart_txd_x16_random.sv(35) @ 490020000: uvm_test_top [uart_txd_x16_random] --------------------------------------------------------------
# Name                Type                Size  Value           
# --------------------------------------------------------------
# cfg                 uart_configuration  -     @360            
#   parity_mode       parity_mode_e       32    UART_PARITY_NONE
#   sampling          sampling_mode_e     32    MODE_X16        
#   data_width        integral            32    'h8             
#   num_of_stop_bit   integral            32    'h2             
#   baud_rate         integral            32    'h960           
#   baud_rate_enable  integral            1     'h0             
#   parity_enable     integral            1     'h0             
# --------------------------------------------------------------
# 
# UVM_INFO ./../regmodel/uart_reg2ahb_adapter.sv(42) @ 490020000: reporter [uart_reg2ahb_adapter] bus2reg: address = 0x0 data = 0x0 kind = UVM_WRITE status = UVM_IS_OK
# UVM_INFO /ictc/other/tools/QuestaDVA/questasim/verilog_src/uvm-1.2/src/reg/uvm_reg_predictor.svh(221) @ 490020000: uvm_test_top.env.ahb_predictor [REG_PREDICT] Observed WRITE transaction to register regmodel.MDR: value='h0 : updated value = 'h0
# UVM_INFO ./../regmodel/uart_reg2ahb_adapter.sv(42) @ 490020000: reporter [uart_reg2ahb_adapter] bus2reg: address = 0x4 data = 0x2c kind = UVM_WRITE status = UVM_IS_OK
# UVM_INFO /ictc/other/tools/QuestaDVA/questasim/verilog_src/uvm-1.2/src/reg/uvm_reg_predictor.svh(221) @ 490020000: uvm_test_top.env.ahb_predictor [REG_PREDICT] Observed WRITE transaction to register regmodel.DLL: value='h2c : updated value = 'h2c
# UVM_INFO ./../regmodel/uart_reg2ahb_adapter.sv(42) @ 490020000: reporter [uart_reg2ahb_adapter] bus2reg: address = 0x8 data = 0xa kind = UVM_WRITE status = UVM_IS_OK
# UVM_INFO /ictc/other/tools/QuestaDVA/questasim/verilog_src/uvm-1.2/src/reg/uvm_reg_predictor.svh(221) @ 490020000: uvm_test_top.env.ahb_predictor [REG_PREDICT] Observed WRITE transaction to register regmodel.DLH: value='ha : updated value = 'ha
# UVM_INFO ./../regmodel/uart_reg2ahb_adapter.sv(42) @ 490020000: reporter [uart_reg2ahb_adapter] bus2reg: address = 0xc data = 0x27 kind = UVM_WRITE status = UVM_IS_OK
# UVM_INFO /ictc/other/tools/QuestaDVA/questasim/verilog_src/uvm-1.2/src/reg/uvm_reg_predictor.svh(221) @ 490020000: uvm_test_top.env.ahb_predictor [REG_PREDICT] Observed WRITE transaction to register regmodel.LCR: value='h27 : updated value = 'h27
# UVM_INFO ./../regmodel/uart_reg2ahb_adapter.sv(42) @ 490020000: reporter [uart_reg2ahb_adapter] bus2reg: address = 0x18 data = 0xc26c6264 kind = UVM_WRITE status = UVM_IS_OK
# UVM_INFO /ictc/other/tools/QuestaDVA/questasim/verilog_src/uvm-1.2/src/reg/uvm_reg_predictor.svh(221) @ 490020000: uvm_test_top.env.ahb_predictor [REG_PREDICT] Observed WRITE transaction to register regmodel.TBR: value='hc26c6264 : updated value = 'h64
# UVM_INFO ./../tb/dut_scoreboard.sv(52) @ 490020000: uvm_test_top.env.dut_sb [SCOREBOARD] 
# ===== Captured data from AHB: 0xc26c6264
# UVM_INFO ./../tb/dut_scoreboard.sv(60) @ 498818000: uvm_test_top.env.dut_sb [SCOREBOARD] 
# ===== Captured data from UART: 0x64
# UVM_INFO ./../tb/dut_scoreboard.sv(73) @ 498818000: uvm_test_top.env.dut_sb [dut_scoreboard] 
# 
# =====[UART TXD] Data comparison =====
# 
# UVM_INFO ./../tb/dut_scoreboard.sv(81) @ 498818000: uvm_test_top.env.dut_sb [dut_scoreboard] 
# =====[DATA FRAME: 8] PASSED SUCCESSFULLY!!! =====
# UVM_INFO ./../tb/dut_scoreboard.sv(84) @ 498818000: uvm_test_top.env.dut_sb [dut_scoreboard] 
# 
# =====[UART TXD] Parity comparison =====
# 
# UVM_INFO ./../tb/dut_scoreboard.sv(90) @ 498818000: uvm_test_top.env.dut_sb [dut_scoreboard] 
# =====[PARITY MODE: 0] PASSED SUCCESSFULLY!!! =====
# UVM_INFO ./../testcases/uart_txd_x16_random.sv(35) @ 500020000: uvm_test_top [uart_txd_x16_random] --------------------------------------------------------------
# Name                Type                Size  Value           
# --------------------------------------------------------------
# cfg                 uart_configuration  -     @360            
#   parity_mode       parity_mode_e       32    UART_PARITY_NONE
#   sampling          sampling_mode_e     32    MODE_X16        
#   data_width        integral            32    'h8             
#   num_of_stop_bit   integral            32    'h2             
#   baud_rate         integral            32    'h12c0          
#   baud_rate_enable  integral            1     'h0             
#   parity_enable     integral            1     'h0             
# --------------------------------------------------------------
# 
# UVM_INFO ./../regmodel/uart_reg2ahb_adapter.sv(42) @ 500020000: reporter [uart_reg2ahb_adapter] bus2reg: address = 0x0 data = 0x0 kind = UVM_WRITE status = UVM_IS_OK
# UVM_INFO /ictc/other/tools/QuestaDVA/questasim/verilog_src/uvm-1.2/src/reg/uvm_reg_predictor.svh(221) @ 500020000: uvm_test_top.env.ahb_predictor [REG_PREDICT] Observed WRITE transaction to register regmodel.MDR: value='h0 : updated value = 'h0
# UVM_INFO ./../regmodel/uart_reg2ahb_adapter.sv(42) @ 500020000: reporter [uart_reg2ahb_adapter] bus2reg: address = 0x4 data = 0x16 kind = UVM_WRITE status = UVM_IS_OK
# UVM_INFO /ictc/other/tools/QuestaDVA/questasim/verilog_src/uvm-1.2/src/reg/uvm_reg_predictor.svh(221) @ 500020000: uvm_test_top.env.ahb_predictor [REG_PREDICT] Observed WRITE transaction to register regmodel.DLL: value='h16 : updated value = 'h16
# UVM_INFO ./../regmodel/uart_reg2ahb_adapter.sv(42) @ 500020000: reporter [uart_reg2ahb_adapter] bus2reg: address = 0x8 data = 0x5 kind = UVM_WRITE status = UVM_IS_OK
# UVM_INFO /ictc/other/tools/QuestaDVA/questasim/verilog_src/uvm-1.2/src/reg/uvm_reg_predictor.svh(221) @ 500020000: uvm_test_top.env.ahb_predictor [REG_PREDICT] Observed WRITE transaction to register regmodel.DLH: value='h5 : updated value = 'h5
# UVM_INFO ./../regmodel/uart_reg2ahb_adapter.sv(42) @ 500020000: reporter [uart_reg2ahb_adapter] bus2reg: address = 0xc data = 0x27 kind = UVM_WRITE status = UVM_IS_OK
# UVM_INFO /ictc/other/tools/QuestaDVA/questasim/verilog_src/uvm-1.2/src/reg/uvm_reg_predictor.svh(221) @ 500020000: uvm_test_top.env.ahb_predictor [REG_PREDICT] Observed WRITE transaction to register regmodel.LCR: value='h27 : updated value = 'h27
# UVM_INFO ./../regmodel/uart_reg2ahb_adapter.sv(42) @ 500021000: reporter [uart_reg2ahb_adapter] bus2reg: address = 0x18 data = 0x9d20e291 kind = UVM_WRITE status = UVM_IS_OK
# UVM_INFO /ictc/other/tools/QuestaDVA/questasim/verilog_src/uvm-1.2/src/reg/uvm_reg_predictor.svh(221) @ 500021000: uvm_test_top.env.ahb_predictor [REG_PREDICT] Observed WRITE transaction to register regmodel.TBR: value='h9d20e291 : updated value = 'h91
# UVM_INFO ./../tb/dut_scoreboard.sv(52) @ 500021000: uvm_test_top.env.dut_sb [SCOREBOARD] 
# ===== Captured data from AHB: 0x9d20e291
# UVM_INFO ./../tb/dut_scoreboard.sv(60) @ 504423000: uvm_test_top.env.dut_sb [SCOREBOARD] 
# ===== Captured data from UART: 0x91
# UVM_INFO ./../tb/dut_scoreboard.sv(73) @ 504423000: uvm_test_top.env.dut_sb [dut_scoreboard] 
# 
# =====[UART TXD] Data comparison =====
# 
# UVM_INFO ./../tb/dut_scoreboard.sv(81) @ 504423000: uvm_test_top.env.dut_sb [dut_scoreboard] 
# =====[DATA FRAME: 8] PASSED SUCCESSFULLY!!! =====
# UVM_INFO ./../tb/dut_scoreboard.sv(84) @ 504423000: uvm_test_top.env.dut_sb [dut_scoreboard] 
# 
# =====[UART TXD] Parity comparison =====
# 
# UVM_INFO ./../tb/dut_scoreboard.sv(90) @ 504423000: uvm_test_top.env.dut_sb [dut_scoreboard] 
# =====[PARITY MODE: 0] PASSED SUCCESSFULLY!!! =====
# UVM_INFO ./../testcases/uart_txd_x16_random.sv(35) @ 510021000: uvm_test_top [uart_txd_x16_random] --------------------------------------------------------------
# Name                Type                Size  Value           
# --------------------------------------------------------------
# cfg                 uart_configuration  -     @360            
#   parity_mode       parity_mode_e       32    UART_PARITY_NONE
#   sampling          sampling_mode_e     32    MODE_X16        
#   data_width        integral            32    'h8             
#   num_of_stop_bit   integral            32    'h2             
#   baud_rate         integral            32    'h2580          
#   baud_rate_enable  integral            1     'h0             
#   parity_enable     integral            1     'h0             
# --------------------------------------------------------------
# 
# UVM_INFO ./../regmodel/uart_reg2ahb_adapter.sv(42) @ 510021000: reporter [uart_reg2ahb_adapter] bus2reg: address = 0x0 data = 0x0 kind = UVM_WRITE status = UVM_IS_OK
# UVM_INFO /ictc/other/tools/QuestaDVA/questasim/verilog_src/uvm-1.2/src/reg/uvm_reg_predictor.svh(221) @ 510021000: uvm_test_top.env.ahb_predictor [REG_PREDICT] Observed WRITE transaction to register regmodel.MDR: value='h0 : updated value = 'h0
# UVM_INFO ./../regmodel/uart_reg2ahb_adapter.sv(42) @ 510021000: reporter [uart_reg2ahb_adapter] bus2reg: address = 0x4 data = 0x8b kind = UVM_WRITE status = UVM_IS_OK
# UVM_INFO /ictc/other/tools/QuestaDVA/questasim/verilog_src/uvm-1.2/src/reg/uvm_reg_predictor.svh(221) @ 510021000: uvm_test_top.env.ahb_predictor [REG_PREDICT] Observed WRITE transaction to register regmodel.DLL: value='h8b : updated value = 'h8b
# UVM_INFO ./../regmodel/uart_reg2ahb_adapter.sv(42) @ 510021000: reporter [uart_reg2ahb_adapter] bus2reg: address = 0x8 data = 0x2 kind = UVM_WRITE status = UVM_IS_OK
# UVM_INFO /ictc/other/tools/QuestaDVA/questasim/verilog_src/uvm-1.2/src/reg/uvm_reg_predictor.svh(221) @ 510021000: uvm_test_top.env.ahb_predictor [REG_PREDICT] Observed WRITE transaction to register regmodel.DLH: value='h2 : updated value = 'h2
# UVM_INFO ./../regmodel/uart_reg2ahb_adapter.sv(42) @ 510021000: reporter [uart_reg2ahb_adapter] bus2reg: address = 0xc data = 0x27 kind = UVM_WRITE status = UVM_IS_OK
# UVM_INFO /ictc/other/tools/QuestaDVA/questasim/verilog_src/uvm-1.2/src/reg/uvm_reg_predictor.svh(221) @ 510021000: uvm_test_top.env.ahb_predictor [REG_PREDICT] Observed WRITE transaction to register regmodel.LCR: value='h27 : updated value = 'h27
# UVM_INFO ./../regmodel/uart_reg2ahb_adapter.sv(42) @ 510021000: reporter [uart_reg2ahb_adapter] bus2reg: address = 0x18 data = 0x3fe4ba11 kind = UVM_WRITE status = UVM_IS_OK
# UVM_INFO /ictc/other/tools/QuestaDVA/questasim/verilog_src/uvm-1.2/src/reg/uvm_reg_predictor.svh(221) @ 510021000: uvm_test_top.env.ahb_predictor [REG_PREDICT] Observed WRITE transaction to register regmodel.TBR: value='h3fe4ba11 : updated value = 'h11
# UVM_INFO ./../tb/dut_scoreboard.sv(52) @ 510021000: uvm_test_top.env.dut_sb [SCOREBOARD] 
# ===== Captured data from AHB: 0x3fe4ba11
# UVM_INFO ./../tb/dut_scoreboard.sv(60) @ 512215000: uvm_test_top.env.dut_sb [SCOREBOARD] 
# ===== Captured data from UART: 0x11
# UVM_INFO ./../tb/dut_scoreboard.sv(73) @ 512215000: uvm_test_top.env.dut_sb [dut_scoreboard] 
# 
# =====[UART TXD] Data comparison =====
# 
# UVM_INFO ./../tb/dut_scoreboard.sv(81) @ 512215000: uvm_test_top.env.dut_sb [dut_scoreboard] 
# =====[DATA FRAME: 8] PASSED SUCCESSFULLY!!! =====
# UVM_INFO ./../tb/dut_scoreboard.sv(84) @ 512215000: uvm_test_top.env.dut_sb [dut_scoreboard] 
# 
# =====[UART TXD] Parity comparison =====
# 
# UVM_INFO ./../tb/dut_scoreboard.sv(90) @ 512215000: uvm_test_top.env.dut_sb [dut_scoreboard] 
# =====[PARITY MODE: 0] PASSED SUCCESSFULLY!!! =====
# UVM_INFO ./../testcases/uart_txd_x16_random.sv(35) @ 520021000: uvm_test_top [uart_txd_x16_random] --------------------------------------------------------------
# Name                Type                Size  Value           
# --------------------------------------------------------------
# cfg                 uart_configuration  -     @360            
#   parity_mode       parity_mode_e       32    UART_PARITY_NONE
#   sampling          sampling_mode_e     32    MODE_X16        
#   data_width        integral            32    'h8             
#   num_of_stop_bit   integral            32    'h2             
#   baud_rate         integral            32    'h4b00          
#   baud_rate_enable  integral            1     'h0             
#   parity_enable     integral            1     'h0             
# --------------------------------------------------------------
# 
# UVM_INFO ./../regmodel/uart_reg2ahb_adapter.sv(42) @ 520021000: reporter [uart_reg2ahb_adapter] bus2reg: address = 0x0 data = 0x0 kind = UVM_WRITE status = UVM_IS_OK
# UVM_INFO /ictc/other/tools/QuestaDVA/questasim/verilog_src/uvm-1.2/src/reg/uvm_reg_predictor.svh(221) @ 520021000: uvm_test_top.env.ahb_predictor [REG_PREDICT] Observed WRITE transaction to register regmodel.MDR: value='h0 : updated value = 'h0
# UVM_INFO ./../regmodel/uart_reg2ahb_adapter.sv(42) @ 520021000: reporter [uart_reg2ahb_adapter] bus2reg: address = 0x4 data = 0x45 kind = UVM_WRITE status = UVM_IS_OK
# UVM_INFO /ictc/other/tools/QuestaDVA/questasim/verilog_src/uvm-1.2/src/reg/uvm_reg_predictor.svh(221) @ 520021000: uvm_test_top.env.ahb_predictor [REG_PREDICT] Observed WRITE transaction to register regmodel.DLL: value='h45 : updated value = 'h45
# UVM_INFO ./../regmodel/uart_reg2ahb_adapter.sv(42) @ 520021000: reporter [uart_reg2ahb_adapter] bus2reg: address = 0x8 data = 0x1 kind = UVM_WRITE status = UVM_IS_OK
# UVM_INFO /ictc/other/tools/QuestaDVA/questasim/verilog_src/uvm-1.2/src/reg/uvm_reg_predictor.svh(221) @ 520021000: uvm_test_top.env.ahb_predictor [REG_PREDICT] Observed WRITE transaction to register regmodel.DLH: value='h1 : updated value = 'h1
# UVM_INFO ./../regmodel/uart_reg2ahb_adapter.sv(42) @ 520021000: reporter [uart_reg2ahb_adapter] bus2reg: address = 0xc data = 0x27 kind = UVM_WRITE status = UVM_IS_OK
# UVM_INFO /ictc/other/tools/QuestaDVA/questasim/verilog_src/uvm-1.2/src/reg/uvm_reg_predictor.svh(221) @ 520021000: uvm_test_top.env.ahb_predictor [REG_PREDICT] Observed WRITE transaction to register regmodel.LCR: value='h27 : updated value = 'h27
# UVM_INFO ./../regmodel/uart_reg2ahb_adapter.sv(42) @ 520021000: reporter [uart_reg2ahb_adapter] bus2reg: address = 0x18 data = 0xa86b877d kind = UVM_WRITE status = UVM_IS_OK
# UVM_INFO /ictc/other/tools/QuestaDVA/questasim/verilog_src/uvm-1.2/src/reg/uvm_reg_predictor.svh(221) @ 520021000: uvm_test_top.env.ahb_predictor [REG_PREDICT] Observed WRITE transaction to register regmodel.TBR: value='ha86b877d : updated value = 'h7d
# UVM_INFO ./../tb/dut_scoreboard.sv(52) @ 520021000: uvm_test_top.env.dut_sb [SCOREBOARD] 
# ===== Captured data from AHB: 0xa86b877d
# UVM_INFO ./../tb/dut_scoreboard.sv(60) @ 521116000: uvm_test_top.env.dut_sb [SCOREBOARD] 
# ===== Captured data from UART: 0x7d
# UVM_INFO ./../tb/dut_scoreboard.sv(73) @ 521116000: uvm_test_top.env.dut_sb [dut_scoreboard] 
# 
# =====[UART TXD] Data comparison =====
# 
# UVM_INFO ./../tb/dut_scoreboard.sv(81) @ 521116000: uvm_test_top.env.dut_sb [dut_scoreboard] 
# =====[DATA FRAME: 8] PASSED SUCCESSFULLY!!! =====
# UVM_INFO ./../tb/dut_scoreboard.sv(84) @ 521116000: uvm_test_top.env.dut_sb [dut_scoreboard] 
# 
# =====[UART TXD] Parity comparison =====
# 
# UVM_INFO ./../tb/dut_scoreboard.sv(90) @ 521116000: uvm_test_top.env.dut_sb [dut_scoreboard] 
# =====[PARITY MODE: 0] PASSED SUCCESSFULLY!!! =====
# UVM_INFO ./../testcases/uart_txd_x16_random.sv(35) @ 530021000: uvm_test_top [uart_txd_x16_random] --------------------------------------------------------------
# Name                Type                Size  Value           
# --------------------------------------------------------------
# cfg                 uart_configuration  -     @360            
#   parity_mode       parity_mode_e       32    UART_PARITY_NONE
#   sampling          sampling_mode_e     32    MODE_X16        
#   data_width        integral            32    'h8             
#   num_of_stop_bit   integral            32    'h2             
#   baud_rate         integral            32    'h9600          
#   baud_rate_enable  integral            1     'h0             
#   parity_enable     integral            1     'h0             
# --------------------------------------------------------------
# 
# UVM_INFO ./../regmodel/uart_reg2ahb_adapter.sv(42) @ 530021000: reporter [uart_reg2ahb_adapter] bus2reg: address = 0x0 data = 0x0 kind = UVM_WRITE status = UVM_IS_OK
# UVM_INFO /ictc/other/tools/QuestaDVA/questasim/verilog_src/uvm-1.2/src/reg/uvm_reg_predictor.svh(221) @ 530021000: uvm_test_top.env.ahb_predictor [REG_PREDICT] Observed WRITE transaction to register regmodel.MDR: value='h0 : updated value = 'h0
# UVM_INFO ./../regmodel/uart_reg2ahb_adapter.sv(42) @ 530021000: reporter [uart_reg2ahb_adapter] bus2reg: address = 0x4 data = 0xa4 kind = UVM_WRITE status = UVM_IS_OK
# UVM_INFO /ictc/other/tools/QuestaDVA/questasim/verilog_src/uvm-1.2/src/reg/uvm_reg_predictor.svh(221) @ 530021000: uvm_test_top.env.ahb_predictor [REG_PREDICT] Observed WRITE transaction to register regmodel.DLL: value='ha4 : updated value = 'ha4
# UVM_INFO ./../regmodel/uart_reg2ahb_adapter.sv(42) @ 530022000: reporter [uart_reg2ahb_adapter] bus2reg: address = 0x8 data = 0x0 kind = UVM_WRITE status = UVM_IS_OK
# UVM_INFO /ictc/other/tools/QuestaDVA/questasim/verilog_src/uvm-1.2/src/reg/uvm_reg_predictor.svh(221) @ 530022000: uvm_test_top.env.ahb_predictor [REG_PREDICT] Observed WRITE transaction to register regmodel.DLH: value='h0 : updated value = 'h0
# UVM_INFO ./../regmodel/uart_reg2ahb_adapter.sv(42) @ 530022000: reporter [uart_reg2ahb_adapter] bus2reg: address = 0xc data = 0x27 kind = UVM_WRITE status = UVM_IS_OK
# UVM_INFO /ictc/other/tools/QuestaDVA/questasim/verilog_src/uvm-1.2/src/reg/uvm_reg_predictor.svh(221) @ 530022000: uvm_test_top.env.ahb_predictor [REG_PREDICT] Observed WRITE transaction to register regmodel.LCR: value='h27 : updated value = 'h27
# UVM_INFO ./../regmodel/uart_reg2ahb_adapter.sv(42) @ 530022000: reporter [uart_reg2ahb_adapter] bus2reg: address = 0x18 data = 0xb31f3be9 kind = UVM_WRITE status = UVM_IS_OK
# UVM_INFO /ictc/other/tools/QuestaDVA/questasim/verilog_src/uvm-1.2/src/reg/uvm_reg_predictor.svh(221) @ 530022000: uvm_test_top.env.ahb_predictor [REG_PREDICT] Observed WRITE transaction to register regmodel.TBR: value='hb31f3be9 : updated value = 'he9
# UVM_INFO ./../tb/dut_scoreboard.sv(52) @ 530022000: uvm_test_top.env.dut_sb [SCOREBOARD] 
# ===== Captured data from AHB: 0xb31f3be9
# UVM_INFO ./../tb/dut_scoreboard.sv(60) @ 530570000: uvm_test_top.env.dut_sb [SCOREBOARD] 
# ===== Captured data from UART: 0xe9
# UVM_INFO ./../tb/dut_scoreboard.sv(73) @ 530570000: uvm_test_top.env.dut_sb [dut_scoreboard] 
# 
# =====[UART TXD] Data comparison =====
# 
# UVM_INFO ./../tb/dut_scoreboard.sv(81) @ 530570000: uvm_test_top.env.dut_sb [dut_scoreboard] 
# =====[DATA FRAME: 8] PASSED SUCCESSFULLY!!! =====
# UVM_INFO ./../tb/dut_scoreboard.sv(84) @ 530570000: uvm_test_top.env.dut_sb [dut_scoreboard] 
# 
# =====[UART TXD] Parity comparison =====
# 
# UVM_INFO ./../tb/dut_scoreboard.sv(90) @ 530570000: uvm_test_top.env.dut_sb [dut_scoreboard] 
# =====[PARITY MODE: 0] PASSED SUCCESSFULLY!!! =====
# UVM_INFO ./../testcases/uart_txd_x16_random.sv(35) @ 540022000: uvm_test_top [uart_txd_x16_random] --------------------------------------------------------------
# Name                Type                Size  Value           
# --------------------------------------------------------------
# cfg                 uart_configuration  -     @360            
#   parity_mode       parity_mode_e       32    UART_PARITY_NONE
#   sampling          sampling_mode_e     32    MODE_X16        
#   data_width        integral            32    'h8             
#   num_of_stop_bit   integral            32    'h2             
#   baud_rate         integral            32    'h12c00         
#   baud_rate_enable  integral            1     'h0             
#   parity_enable     integral            1     'h0             
# --------------------------------------------------------------
# 
# UVM_INFO ./../regmodel/uart_reg2ahb_adapter.sv(42) @ 540022000: reporter [uart_reg2ahb_adapter] bus2reg: address = 0x0 data = 0x0 kind = UVM_WRITE status = UVM_IS_OK
# UVM_INFO /ictc/other/tools/QuestaDVA/questasim/verilog_src/uvm-1.2/src/reg/uvm_reg_predictor.svh(221) @ 540022000: uvm_test_top.env.ahb_predictor [REG_PREDICT] Observed WRITE transaction to register regmodel.MDR: value='h0 : updated value = 'h0
# UVM_INFO ./../regmodel/uart_reg2ahb_adapter.sv(42) @ 540022000: reporter [uart_reg2ahb_adapter] bus2reg: address = 0x4 data = 0x51 kind = UVM_WRITE status = UVM_IS_OK
# UVM_INFO /ictc/other/tools/QuestaDVA/questasim/verilog_src/uvm-1.2/src/reg/uvm_reg_predictor.svh(221) @ 540022000: uvm_test_top.env.ahb_predictor [REG_PREDICT] Observed WRITE transaction to register regmodel.DLL: value='h51 : updated value = 'h51
# UVM_INFO ./../regmodel/uart_reg2ahb_adapter.sv(42) @ 540022000: reporter [uart_reg2ahb_adapter] bus2reg: address = 0x8 data = 0x0 kind = UVM_WRITE status = UVM_IS_OK
# UVM_INFO /ictc/other/tools/QuestaDVA/questasim/verilog_src/uvm-1.2/src/reg/uvm_reg_predictor.svh(221) @ 540022000: uvm_test_top.env.ahb_predictor [REG_PREDICT] Observed WRITE transaction to register regmodel.DLH: value='h0 : updated value = 'h0
# UVM_INFO ./../regmodel/uart_reg2ahb_adapter.sv(42) @ 540022000: reporter [uart_reg2ahb_adapter] bus2reg: address = 0xc data = 0x27 kind = UVM_WRITE status = UVM_IS_OK
# UVM_INFO /ictc/other/tools/QuestaDVA/questasim/verilog_src/uvm-1.2/src/reg/uvm_reg_predictor.svh(221) @ 540022000: uvm_test_top.env.ahb_predictor [REG_PREDICT] Observed WRITE transaction to register regmodel.LCR: value='h27 : updated value = 'h27
# UVM_INFO ./../regmodel/uart_reg2ahb_adapter.sv(42) @ 540022000: reporter [uart_reg2ahb_adapter] bus2reg: address = 0x18 data = 0x38dc82b9 kind = UVM_WRITE status = UVM_IS_OK
# UVM_INFO /ictc/other/tools/QuestaDVA/questasim/verilog_src/uvm-1.2/src/reg/uvm_reg_predictor.svh(221) @ 540022000: uvm_test_top.env.ahb_predictor [REG_PREDICT] Observed WRITE transaction to register regmodel.TBR: value='h38dc82b9 : updated value = 'hb9
# UVM_INFO ./../tb/dut_scoreboard.sv(52) @ 540022000: uvm_test_top.env.dut_sb [SCOREBOARD] 
# ===== Captured data from AHB: 0x38dc82b9
# UVM_INFO ./../tb/dut_scoreboard.sv(60) @ 540296000: uvm_test_top.env.dut_sb [SCOREBOARD] 
# ===== Captured data from UART: 0xb9
# UVM_INFO ./../tb/dut_scoreboard.sv(73) @ 540296000: uvm_test_top.env.dut_sb [dut_scoreboard] 
# 
# =====[UART TXD] Data comparison =====
# 
# UVM_INFO ./../tb/dut_scoreboard.sv(81) @ 540296000: uvm_test_top.env.dut_sb [dut_scoreboard] 
# =====[DATA FRAME: 8] PASSED SUCCESSFULLY!!! =====
# UVM_INFO ./../tb/dut_scoreboard.sv(84) @ 540296000: uvm_test_top.env.dut_sb [dut_scoreboard] 
# 
# =====[UART TXD] Parity comparison =====
# 
# UVM_INFO ./../tb/dut_scoreboard.sv(90) @ 540296000: uvm_test_top.env.dut_sb [dut_scoreboard] 
# =====[PARITY MODE: 0] PASSED SUCCESSFULLY!!! =====
# UVM_INFO ./../testcases/uart_txd_x16_random.sv(35) @ 550022000: uvm_test_top [uart_txd_x16_random] --------------------------------------------------------------
# Name                Type                Size  Value           
# --------------------------------------------------------------
# cfg                 uart_configuration  -     @360            
#   parity_mode       parity_mode_e       32    UART_PARITY_NONE
#   sampling          sampling_mode_e     32    MODE_X16        
#   data_width        integral            32    'h8             
#   num_of_stop_bit   integral            32    'h2             
#   baud_rate         integral            32    'h1c200         
#   baud_rate_enable  integral            1     'h0             
#   parity_enable     integral            1     'h0             
# --------------------------------------------------------------
# 
# UVM_INFO ./../regmodel/uart_reg2ahb_adapter.sv(42) @ 550022000: reporter [uart_reg2ahb_adapter] bus2reg: address = 0x0 data = 0x0 kind = UVM_WRITE status = UVM_IS_OK
# UVM_INFO /ictc/other/tools/QuestaDVA/questasim/verilog_src/uvm-1.2/src/reg/uvm_reg_predictor.svh(221) @ 550022000: uvm_test_top.env.ahb_predictor [REG_PREDICT] Observed WRITE transaction to register regmodel.MDR: value='h0 : updated value = 'h0
# UVM_INFO ./../regmodel/uart_reg2ahb_adapter.sv(42) @ 550022000: reporter [uart_reg2ahb_adapter] bus2reg: address = 0x4 data = 0x36 kind = UVM_WRITE status = UVM_IS_OK
# UVM_INFO /ictc/other/tools/QuestaDVA/questasim/verilog_src/uvm-1.2/src/reg/uvm_reg_predictor.svh(221) @ 550022000: uvm_test_top.env.ahb_predictor [REG_PREDICT] Observed WRITE transaction to register regmodel.DLL: value='h36 : updated value = 'h36
# UVM_INFO ./../regmodel/uart_reg2ahb_adapter.sv(42) @ 550022000: reporter [uart_reg2ahb_adapter] bus2reg: address = 0x8 data = 0x0 kind = UVM_WRITE status = UVM_IS_OK
# UVM_INFO /ictc/other/tools/QuestaDVA/questasim/verilog_src/uvm-1.2/src/reg/uvm_reg_predictor.svh(221) @ 550022000: uvm_test_top.env.ahb_predictor [REG_PREDICT] Observed WRITE transaction to register regmodel.DLH: value='h0 : updated value = 'h0
# UVM_INFO ./../regmodel/uart_reg2ahb_adapter.sv(42) @ 550022000: reporter [uart_reg2ahb_adapter] bus2reg: address = 0xc data = 0x27 kind = UVM_WRITE status = UVM_IS_OK
# UVM_INFO /ictc/other/tools/QuestaDVA/questasim/verilog_src/uvm-1.2/src/reg/uvm_reg_predictor.svh(221) @ 550022000: uvm_test_top.env.ahb_predictor [REG_PREDICT] Observed WRITE transaction to register regmodel.LCR: value='h27 : updated value = 'h27
# UVM_INFO ./../regmodel/uart_reg2ahb_adapter.sv(42) @ 550023000: reporter [uart_reg2ahb_adapter] bus2reg: address = 0x18 data = 0xa43fbc83 kind = UVM_WRITE status = UVM_IS_OK
# UVM_INFO /ictc/other/tools/QuestaDVA/questasim/verilog_src/uvm-1.2/src/reg/uvm_reg_predictor.svh(221) @ 550023000: uvm_test_top.env.ahb_predictor [REG_PREDICT] Observed WRITE transaction to register regmodel.TBR: value='ha43fbc83 : updated value = 'h83
# UVM_INFO ./../tb/dut_scoreboard.sv(52) @ 550023000: uvm_test_top.env.dut_sb [SCOREBOARD] 
# ===== Captured data from AHB: 0xa43fbc83
# UVM_INFO ./../tb/dut_scoreboard.sv(60) @ 550202000: uvm_test_top.env.dut_sb [SCOREBOARD] 
# ===== Captured data from UART: 0x83
# UVM_INFO ./../tb/dut_scoreboard.sv(73) @ 550202000: uvm_test_top.env.dut_sb [dut_scoreboard] 
# 
# =====[UART TXD] Data comparison =====
# 
# UVM_INFO ./../tb/dut_scoreboard.sv(81) @ 550202000: uvm_test_top.env.dut_sb [dut_scoreboard] 
# =====[DATA FRAME: 8] PASSED SUCCESSFULLY!!! =====
# UVM_INFO ./../tb/dut_scoreboard.sv(84) @ 550202000: uvm_test_top.env.dut_sb [dut_scoreboard] 
# 
# =====[UART TXD] Parity comparison =====
# 
# UVM_INFO ./../tb/dut_scoreboard.sv(90) @ 550202000: uvm_test_top.env.dut_sb [dut_scoreboard] 
# =====[PARITY MODE: 0] PASSED SUCCESSFULLY!!! =====
# UVM_INFO ./../testcases/uart_txd_x16_random.sv(35) @ 560023000: uvm_test_top [uart_txd_x16_random] -------------------------------------------------------------
# Name                Type                Size  Value          
# -------------------------------------------------------------
# cfg                 uart_configuration  -     @360           
#   parity_mode       parity_mode_e       32    UART_PARITY_ODD
#   sampling          sampling_mode_e     32    MODE_X16       
#   data_width        integral            32    'h5            
#   num_of_stop_bit   integral            32    'h1            
#   baud_rate         integral            32    'h960          
#   baud_rate_enable  integral            1     'h0            
#   parity_enable     integral            1     'h0            
# -------------------------------------------------------------
# 
# UVM_INFO ./../regmodel/uart_reg2ahb_adapter.sv(42) @ 560023000: reporter [uart_reg2ahb_adapter] bus2reg: address = 0x0 data = 0x0 kind = UVM_WRITE status = UVM_IS_OK
# UVM_INFO /ictc/other/tools/QuestaDVA/questasim/verilog_src/uvm-1.2/src/reg/uvm_reg_predictor.svh(221) @ 560023000: uvm_test_top.env.ahb_predictor [REG_PREDICT] Observed WRITE transaction to register regmodel.MDR: value='h0 : updated value = 'h0
# UVM_INFO ./../regmodel/uart_reg2ahb_adapter.sv(42) @ 560023000: reporter [uart_reg2ahb_adapter] bus2reg: address = 0x4 data = 0x2c kind = UVM_WRITE status = UVM_IS_OK
# UVM_INFO /ictc/other/tools/QuestaDVA/questasim/verilog_src/uvm-1.2/src/reg/uvm_reg_predictor.svh(221) @ 560023000: uvm_test_top.env.ahb_predictor [REG_PREDICT] Observed WRITE transaction to register regmodel.DLL: value='h2c : updated value = 'h2c
# UVM_INFO ./../regmodel/uart_reg2ahb_adapter.sv(42) @ 560023000: reporter [uart_reg2ahb_adapter] bus2reg: address = 0x8 data = 0xa kind = UVM_WRITE status = UVM_IS_OK
# UVM_INFO /ictc/other/tools/QuestaDVA/questasim/verilog_src/uvm-1.2/src/reg/uvm_reg_predictor.svh(221) @ 560023000: uvm_test_top.env.ahb_predictor [REG_PREDICT] Observed WRITE transaction to register regmodel.DLH: value='ha : updated value = 'ha
# UVM_INFO ./../regmodel/uart_reg2ahb_adapter.sv(42) @ 560023000: reporter [uart_reg2ahb_adapter] bus2reg: address = 0xc data = 0x28 kind = UVM_WRITE status = UVM_IS_OK
# UVM_INFO /ictc/other/tools/QuestaDVA/questasim/verilog_src/uvm-1.2/src/reg/uvm_reg_predictor.svh(221) @ 560023000: uvm_test_top.env.ahb_predictor [REG_PREDICT] Observed WRITE transaction to register regmodel.LCR: value='h28 : updated value = 'h28
# UVM_INFO ./../regmodel/uart_reg2ahb_adapter.sv(42) @ 560023000: reporter [uart_reg2ahb_adapter] bus2reg: address = 0x18 data = 0xaa8c554d kind = UVM_WRITE status = UVM_IS_OK
# UVM_INFO /ictc/other/tools/QuestaDVA/questasim/verilog_src/uvm-1.2/src/reg/uvm_reg_predictor.svh(221) @ 560023000: uvm_test_top.env.ahb_predictor [REG_PREDICT] Observed WRITE transaction to register regmodel.TBR: value='haa8c554d : updated value = 'h4d
# UVM_INFO ./../tb/dut_scoreboard.sv(52) @ 560023000: uvm_test_top.env.dut_sb [SCOREBOARD] 
# ===== Captured data from AHB: 0xaa8c554d
# UVM_INFO ./../tb/dut_scoreboard.sv(60) @ 566321000: uvm_test_top.env.dut_sb [SCOREBOARD] 
# ===== Captured data from UART: 0xd
# UVM_INFO ./../tb/dut_scoreboard.sv(73) @ 566321000: uvm_test_top.env.dut_sb [dut_scoreboard] 
# 
# =====[UART TXD] Data comparison =====
# 
# UVM_INFO ./../tb/dut_scoreboard.sv(81) @ 566321000: uvm_test_top.env.dut_sb [dut_scoreboard] 
# =====[DATA FRAME: 5] PASSED SUCCESSFULLY!!! =====
# UVM_INFO ./../tb/dut_scoreboard.sv(84) @ 566321000: uvm_test_top.env.dut_sb [dut_scoreboard] 
# 
# =====[UART TXD] Parity comparison =====
# 
# UVM_INFO ./../tb/dut_scoreboard.sv(90) @ 566321000: uvm_test_top.env.dut_sb [dut_scoreboard] 
# =====[PARITY MODE: 1] PASSED SUCCESSFULLY!!! =====
# UVM_INFO ./../testcases/uart_txd_x16_random.sv(35) @ 570023000: uvm_test_top [uart_txd_x16_random] -------------------------------------------------------------
# Name                Type                Size  Value          
# -------------------------------------------------------------
# cfg                 uart_configuration  -     @360           
#   parity_mode       parity_mode_e       32    UART_PARITY_ODD
#   sampling          sampling_mode_e     32    MODE_X16       
#   data_width        integral            32    'h5            
#   num_of_stop_bit   integral            32    'h1            
#   baud_rate         integral            32    'h12c0         
#   baud_rate_enable  integral            1     'h0            
#   parity_enable     integral            1     'h0            
# -------------------------------------------------------------
# 
# UVM_INFO ./../regmodel/uart_reg2ahb_adapter.sv(42) @ 570023000: reporter [uart_reg2ahb_adapter] bus2reg: address = 0x0 data = 0x0 kind = UVM_WRITE status = UVM_IS_OK
# UVM_INFO /ictc/other/tools/QuestaDVA/questasim/verilog_src/uvm-1.2/src/reg/uvm_reg_predictor.svh(221) @ 570023000: uvm_test_top.env.ahb_predictor [REG_PREDICT] Observed WRITE transaction to register regmodel.MDR: value='h0 : updated value = 'h0
# UVM_INFO ./../regmodel/uart_reg2ahb_adapter.sv(42) @ 570023000: reporter [uart_reg2ahb_adapter] bus2reg: address = 0x4 data = 0x16 kind = UVM_WRITE status = UVM_IS_OK
# UVM_INFO /ictc/other/tools/QuestaDVA/questasim/verilog_src/uvm-1.2/src/reg/uvm_reg_predictor.svh(221) @ 570023000: uvm_test_top.env.ahb_predictor [REG_PREDICT] Observed WRITE transaction to register regmodel.DLL: value='h16 : updated value = 'h16
# UVM_INFO ./../regmodel/uart_reg2ahb_adapter.sv(42) @ 570023000: reporter [uart_reg2ahb_adapter] bus2reg: address = 0x8 data = 0x5 kind = UVM_WRITE status = UVM_IS_OK
# UVM_INFO /ictc/other/tools/QuestaDVA/questasim/verilog_src/uvm-1.2/src/reg/uvm_reg_predictor.svh(221) @ 570023000: uvm_test_top.env.ahb_predictor [REG_PREDICT] Observed WRITE transaction to register regmodel.DLH: value='h5 : updated value = 'h5
# UVM_INFO ./../regmodel/uart_reg2ahb_adapter.sv(42) @ 570023000: reporter [uart_reg2ahb_adapter] bus2reg: address = 0xc data = 0x28 kind = UVM_WRITE status = UVM_IS_OK
# UVM_INFO /ictc/other/tools/QuestaDVA/questasim/verilog_src/uvm-1.2/src/reg/uvm_reg_predictor.svh(221) @ 570023000: uvm_test_top.env.ahb_predictor [REG_PREDICT] Observed WRITE transaction to register regmodel.LCR: value='h28 : updated value = 'h28
# UVM_INFO ./../regmodel/uart_reg2ahb_adapter.sv(42) @ 570023000: reporter [uart_reg2ahb_adapter] bus2reg: address = 0x18 data = 0xdeffb39f kind = UVM_WRITE status = UVM_IS_OK
# UVM_INFO /ictc/other/tools/QuestaDVA/questasim/verilog_src/uvm-1.2/src/reg/uvm_reg_predictor.svh(221) @ 570023000: uvm_test_top.env.ahb_predictor [REG_PREDICT] Observed WRITE transaction to register regmodel.TBR: value='hdeffb39f : updated value = 'h9f
# UVM_INFO ./../tb/dut_scoreboard.sv(52) @ 570023000: uvm_test_top.env.dut_sb [SCOREBOARD] 
# ===== Captured data from AHB: 0xdeffb39f
# UVM_INFO ./../tb/dut_scoreboard.sv(60) @ 573175000: uvm_test_top.env.dut_sb [SCOREBOARD] 
# ===== Captured data from UART: 0x1f
# UVM_INFO ./../tb/dut_scoreboard.sv(73) @ 573175000: uvm_test_top.env.dut_sb [dut_scoreboard] 
# 
# =====[UART TXD] Data comparison =====
# 
# UVM_INFO ./../tb/dut_scoreboard.sv(81) @ 573175000: uvm_test_top.env.dut_sb [dut_scoreboard] 
# =====[DATA FRAME: 5] PASSED SUCCESSFULLY!!! =====
# UVM_INFO ./../tb/dut_scoreboard.sv(84) @ 573175000: uvm_test_top.env.dut_sb [dut_scoreboard] 
# 
# =====[UART TXD] Parity comparison =====
# 
# UVM_INFO ./../tb/dut_scoreboard.sv(90) @ 573175000: uvm_test_top.env.dut_sb [dut_scoreboard] 
# =====[PARITY MODE: 1] PASSED SUCCESSFULLY!!! =====
# UVM_INFO ./../testcases/uart_txd_x16_random.sv(35) @ 580023000: uvm_test_top [uart_txd_x16_random] -------------------------------------------------------------
# Name                Type                Size  Value          
# -------------------------------------------------------------
# cfg                 uart_configuration  -     @360           
#   parity_mode       parity_mode_e       32    UART_PARITY_ODD
#   sampling          sampling_mode_e     32    MODE_X16       
#   data_width        integral            32    'h5            
#   num_of_stop_bit   integral            32    'h1            
#   baud_rate         integral            32    'h2580         
#   baud_rate_enable  integral            1     'h0            
#   parity_enable     integral            1     'h0            
# -------------------------------------------------------------
# 
# UVM_INFO ./../regmodel/uart_reg2ahb_adapter.sv(42) @ 580023000: reporter [uart_reg2ahb_adapter] bus2reg: address = 0x0 data = 0x0 kind = UVM_WRITE status = UVM_IS_OK
# UVM_INFO /ictc/other/tools/QuestaDVA/questasim/verilog_src/uvm-1.2/src/reg/uvm_reg_predictor.svh(221) @ 580023000: uvm_test_top.env.ahb_predictor [REG_PREDICT] Observed WRITE transaction to register regmodel.MDR: value='h0 : updated value = 'h0
# UVM_INFO ./../regmodel/uart_reg2ahb_adapter.sv(42) @ 580023000: reporter [uart_reg2ahb_adapter] bus2reg: address = 0x4 data = 0x8b kind = UVM_WRITE status = UVM_IS_OK
# UVM_INFO /ictc/other/tools/QuestaDVA/questasim/verilog_src/uvm-1.2/src/reg/uvm_reg_predictor.svh(221) @ 580023000: uvm_test_top.env.ahb_predictor [REG_PREDICT] Observed WRITE transaction to register regmodel.DLL: value='h8b : updated value = 'h8b
# UVM_INFO ./../regmodel/uart_reg2ahb_adapter.sv(42) @ 580024000: reporter [uart_reg2ahb_adapter] bus2reg: address = 0x8 data = 0x2 kind = UVM_WRITE status = UVM_IS_OK
# UVM_INFO /ictc/other/tools/QuestaDVA/questasim/verilog_src/uvm-1.2/src/reg/uvm_reg_predictor.svh(221) @ 580024000: uvm_test_top.env.ahb_predictor [REG_PREDICT] Observed WRITE transaction to register regmodel.DLH: value='h2 : updated value = 'h2
# UVM_INFO ./../regmodel/uart_reg2ahb_adapter.sv(42) @ 580024000: reporter [uart_reg2ahb_adapter] bus2reg: address = 0xc data = 0x28 kind = UVM_WRITE status = UVM_IS_OK
# UVM_INFO /ictc/other/tools/QuestaDVA/questasim/verilog_src/uvm-1.2/src/reg/uvm_reg_predictor.svh(221) @ 580024000: uvm_test_top.env.ahb_predictor [REG_PREDICT] Observed WRITE transaction to register regmodel.LCR: value='h28 : updated value = 'h28
# UVM_INFO ./../regmodel/uart_reg2ahb_adapter.sv(42) @ 580024000: reporter [uart_reg2ahb_adapter] bus2reg: address = 0x18 data = 0xb64d52ab kind = UVM_WRITE status = UVM_IS_OK
# UVM_INFO /ictc/other/tools/QuestaDVA/questasim/verilog_src/uvm-1.2/src/reg/uvm_reg_predictor.svh(221) @ 580024000: uvm_test_top.env.ahb_predictor [REG_PREDICT] Observed WRITE transaction to register regmodel.TBR: value='hb64d52ab : updated value = 'hab
# UVM_INFO ./../tb/dut_scoreboard.sv(52) @ 580024000: uvm_test_top.env.dut_sb [SCOREBOARD] 
# ===== Captured data from AHB: 0xb64d52ab
# UVM_INFO ./../tb/dut_scoreboard.sv(60) @ 581594000: uvm_test_top.env.dut_sb [SCOREBOARD] 
# ===== Captured data from UART: 0xb
# UVM_INFO ./../tb/dut_scoreboard.sv(73) @ 581594000: uvm_test_top.env.dut_sb [dut_scoreboard] 
# 
# =====[UART TXD] Data comparison =====
# 
# UVM_INFO ./../tb/dut_scoreboard.sv(81) @ 581594000: uvm_test_top.env.dut_sb [dut_scoreboard] 
# =====[DATA FRAME: 5] PASSED SUCCESSFULLY!!! =====
# UVM_INFO ./../tb/dut_scoreboard.sv(84) @ 581594000: uvm_test_top.env.dut_sb [dut_scoreboard] 
# 
# =====[UART TXD] Parity comparison =====
# 
# UVM_ERROR ./../tb/dut_scoreboard.sv(87) @ 581594000: uvm_test_top.env.dut_sb [dut_scoreboard] 
# =====[PARITY MODE: 1] FAILED!!! Expected parity is 0, Actual parity is 1 =====
# UVM_INFO ./../testcases/uart_txd_x16_random.sv(35) @ 590024000: uvm_test_top [uart_txd_x16_random] -------------------------------------------------------------
# Name                Type                Size  Value          
# -------------------------------------------------------------
# cfg                 uart_configuration  -     @360           
#   parity_mode       parity_mode_e       32    UART_PARITY_ODD
#   sampling          sampling_mode_e     32    MODE_X16       
#   data_width        integral            32    'h5            
#   num_of_stop_bit   integral            32    'h1            
#   baud_rate         integral            32    'h4b00         
#   baud_rate_enable  integral            1     'h0            
#   parity_enable     integral            1     'h0            
# -------------------------------------------------------------
# 
# UVM_INFO ./../regmodel/uart_reg2ahb_adapter.sv(42) @ 590024000: reporter [uart_reg2ahb_adapter] bus2reg: address = 0x0 data = 0x0 kind = UVM_WRITE status = UVM_IS_OK
# UVM_INFO /ictc/other/tools/QuestaDVA/questasim/verilog_src/uvm-1.2/src/reg/uvm_reg_predictor.svh(221) @ 590024000: uvm_test_top.env.ahb_predictor [REG_PREDICT] Observed WRITE transaction to register regmodel.MDR: value='h0 : updated value = 'h0
# UVM_INFO ./../regmodel/uart_reg2ahb_adapter.sv(42) @ 590024000: reporter [uart_reg2ahb_adapter] bus2reg: address = 0x4 data = 0x45 kind = UVM_WRITE status = UVM_IS_OK
# UVM_INFO /ictc/other/tools/QuestaDVA/questasim/verilog_src/uvm-1.2/src/reg/uvm_reg_predictor.svh(221) @ 590024000: uvm_test_top.env.ahb_predictor [REG_PREDICT] Observed WRITE transaction to register regmodel.DLL: value='h45 : updated value = 'h45
# UVM_INFO ./../regmodel/uart_reg2ahb_adapter.sv(42) @ 590024000: reporter [uart_reg2ahb_adapter] bus2reg: address = 0x8 data = 0x1 kind = UVM_WRITE status = UVM_IS_OK
# UVM_INFO /ictc/other/tools/QuestaDVA/questasim/verilog_src/uvm-1.2/src/reg/uvm_reg_predictor.svh(221) @ 590024000: uvm_test_top.env.ahb_predictor [REG_PREDICT] Observed WRITE transaction to register regmodel.DLH: value='h1 : updated value = 'h1
# UVM_INFO ./../regmodel/uart_reg2ahb_adapter.sv(42) @ 590024000: reporter [uart_reg2ahb_adapter] bus2reg: address = 0xc data = 0x28 kind = UVM_WRITE status = UVM_IS_OK
# UVM_INFO /ictc/other/tools/QuestaDVA/questasim/verilog_src/uvm-1.2/src/reg/uvm_reg_predictor.svh(221) @ 590024000: uvm_test_top.env.ahb_predictor [REG_PREDICT] Observed WRITE transaction to register regmodel.LCR: value='h28 : updated value = 'h28
# UVM_INFO ./../regmodel/uart_reg2ahb_adapter.sv(42) @ 590024000: reporter [uart_reg2ahb_adapter] bus2reg: address = 0x18 data = 0xc527253b kind = UVM_WRITE status = UVM_IS_OK
# UVM_INFO /ictc/other/tools/QuestaDVA/questasim/verilog_src/uvm-1.2/src/reg/uvm_reg_predictor.svh(221) @ 590024000: uvm_test_top.env.ahb_predictor [REG_PREDICT] Observed WRITE transaction to register regmodel.TBR: value='hc527253b : updated value = 'h3b
# UVM_INFO ./../tb/dut_scoreboard.sv(52) @ 590024000: uvm_test_top.env.dut_sb [SCOREBOARD] 
# ===== Captured data from AHB: 0xc527253b
# UVM_INFO ./../tb/dut_scoreboard.sv(60) @ 590806000: uvm_test_top.env.dut_sb [SCOREBOARD] 
# ===== Captured data from UART: 0x1b
# UVM_INFO ./../tb/dut_scoreboard.sv(73) @ 590806000: uvm_test_top.env.dut_sb [dut_scoreboard] 
# 
# =====[UART TXD] Data comparison =====
# 
# UVM_INFO ./../tb/dut_scoreboard.sv(81) @ 590806000: uvm_test_top.env.dut_sb [dut_scoreboard] 
# =====[DATA FRAME: 5] PASSED SUCCESSFULLY!!! =====
# UVM_INFO ./../tb/dut_scoreboard.sv(84) @ 590806000: uvm_test_top.env.dut_sb [dut_scoreboard] 
# 
# =====[UART TXD] Parity comparison =====
# 
# UVM_INFO ./../tb/dut_scoreboard.sv(90) @ 590806000: uvm_test_top.env.dut_sb [dut_scoreboard] 
# =====[PARITY MODE: 1] PASSED SUCCESSFULLY!!! =====
# UVM_INFO ./../testcases/uart_txd_x16_random.sv(35) @ 600024000: uvm_test_top [uart_txd_x16_random] -------------------------------------------------------------
# Name                Type                Size  Value          
# -------------------------------------------------------------
# cfg                 uart_configuration  -     @360           
#   parity_mode       parity_mode_e       32    UART_PARITY_ODD
#   sampling          sampling_mode_e     32    MODE_X16       
#   data_width        integral            32    'h5            
#   num_of_stop_bit   integral            32    'h1            
#   baud_rate         integral            32    'h9600         
#   baud_rate_enable  integral            1     'h0            
#   parity_enable     integral            1     'h0            
# -------------------------------------------------------------
# 
# UVM_INFO ./../regmodel/uart_reg2ahb_adapter.sv(42) @ 600024000: reporter [uart_reg2ahb_adapter] bus2reg: address = 0x0 data = 0x0 kind = UVM_WRITE status = UVM_IS_OK
# UVM_INFO /ictc/other/tools/QuestaDVA/questasim/verilog_src/uvm-1.2/src/reg/uvm_reg_predictor.svh(221) @ 600024000: uvm_test_top.env.ahb_predictor [REG_PREDICT] Observed WRITE transaction to register regmodel.MDR: value='h0 : updated value = 'h0
# UVM_INFO ./../regmodel/uart_reg2ahb_adapter.sv(42) @ 600024000: reporter [uart_reg2ahb_adapter] bus2reg: address = 0x4 data = 0xa4 kind = UVM_WRITE status = UVM_IS_OK
# UVM_INFO /ictc/other/tools/QuestaDVA/questasim/verilog_src/uvm-1.2/src/reg/uvm_reg_predictor.svh(221) @ 600024000: uvm_test_top.env.ahb_predictor [REG_PREDICT] Observed WRITE transaction to register regmodel.DLL: value='ha4 : updated value = 'ha4
# UVM_INFO ./../regmodel/uart_reg2ahb_adapter.sv(42) @ 600024000: reporter [uart_reg2ahb_adapter] bus2reg: address = 0x8 data = 0x0 kind = UVM_WRITE status = UVM_IS_OK
# UVM_INFO /ictc/other/tools/QuestaDVA/questasim/verilog_src/uvm-1.2/src/reg/uvm_reg_predictor.svh(221) @ 600024000: uvm_test_top.env.ahb_predictor [REG_PREDICT] Observed WRITE transaction to register regmodel.DLH: value='h0 : updated value = 'h0
# UVM_INFO ./../regmodel/uart_reg2ahb_adapter.sv(42) @ 600024000: reporter [uart_reg2ahb_adapter] bus2reg: address = 0xc data = 0x28 kind = UVM_WRITE status = UVM_IS_OK
# UVM_INFO /ictc/other/tools/QuestaDVA/questasim/verilog_src/uvm-1.2/src/reg/uvm_reg_predictor.svh(221) @ 600024000: uvm_test_top.env.ahb_predictor [REG_PREDICT] Observed WRITE transaction to register regmodel.LCR: value='h28 : updated value = 'h28
# UVM_INFO ./../regmodel/uart_reg2ahb_adapter.sv(42) @ 600025000: reporter [uart_reg2ahb_adapter] bus2reg: address = 0x18 data = 0x34e64d08 kind = UVM_WRITE status = UVM_IS_OK
# UVM_INFO /ictc/other/tools/QuestaDVA/questasim/verilog_src/uvm-1.2/src/reg/uvm_reg_predictor.svh(221) @ 600025000: uvm_test_top.env.ahb_predictor [REG_PREDICT] Observed WRITE transaction to register regmodel.TBR: value='h34e64d08 : updated value = 'h8
# UVM_INFO ./../tb/dut_scoreboard.sv(52) @ 600025000: uvm_test_top.env.dut_sb [SCOREBOARD] 
# ===== Captured data from AHB: 0x34e64d08
# UVM_INFO ./../tb/dut_scoreboard.sv(60) @ 600417000: uvm_test_top.env.dut_sb [SCOREBOARD] 
# ===== Captured data from UART: 0x8
# UVM_INFO ./../tb/dut_scoreboard.sv(73) @ 600417000: uvm_test_top.env.dut_sb [dut_scoreboard] 
# 
# =====[UART TXD] Data comparison =====
# 
# UVM_INFO ./../tb/dut_scoreboard.sv(81) @ 600417000: uvm_test_top.env.dut_sb [dut_scoreboard] 
# =====[DATA FRAME: 5] PASSED SUCCESSFULLY!!! =====
# UVM_INFO ./../tb/dut_scoreboard.sv(84) @ 600417000: uvm_test_top.env.dut_sb [dut_scoreboard] 
# 
# =====[UART TXD] Parity comparison =====
# 
# UVM_ERROR ./../tb/dut_scoreboard.sv(87) @ 600417000: uvm_test_top.env.dut_sb [dut_scoreboard] 
# =====[PARITY MODE: 1] FAILED!!! Expected parity is 0, Actual parity is 1 =====
# UVM_INFO ./../testcases/uart_txd_x16_random.sv(35) @ 610025000: uvm_test_top [uart_txd_x16_random] -------------------------------------------------------------
# Name                Type                Size  Value          
# -------------------------------------------------------------
# cfg                 uart_configuration  -     @360           
#   parity_mode       parity_mode_e       32    UART_PARITY_ODD
#   sampling          sampling_mode_e     32    MODE_X16       
#   data_width        integral            32    'h5            
#   num_of_stop_bit   integral            32    'h1            
#   baud_rate         integral            32    'h12c00        
#   baud_rate_enable  integral            1     'h0            
#   parity_enable     integral            1     'h0            
# -------------------------------------------------------------
# 
# UVM_INFO ./../regmodel/uart_reg2ahb_adapter.sv(42) @ 610025000: reporter [uart_reg2ahb_adapter] bus2reg: address = 0x0 data = 0x0 kind = UVM_WRITE status = UVM_IS_OK
# UVM_INFO /ictc/other/tools/QuestaDVA/questasim/verilog_src/uvm-1.2/src/reg/uvm_reg_predictor.svh(221) @ 610025000: uvm_test_top.env.ahb_predictor [REG_PREDICT] Observed WRITE transaction to register regmodel.MDR: value='h0 : updated value = 'h0
# UVM_INFO ./../regmodel/uart_reg2ahb_adapter.sv(42) @ 610025000: reporter [uart_reg2ahb_adapter] bus2reg: address = 0x4 data = 0x51 kind = UVM_WRITE status = UVM_IS_OK
# UVM_INFO /ictc/other/tools/QuestaDVA/questasim/verilog_src/uvm-1.2/src/reg/uvm_reg_predictor.svh(221) @ 610025000: uvm_test_top.env.ahb_predictor [REG_PREDICT] Observed WRITE transaction to register regmodel.DLL: value='h51 : updated value = 'h51
# UVM_INFO ./../regmodel/uart_reg2ahb_adapter.sv(42) @ 610025000: reporter [uart_reg2ahb_adapter] bus2reg: address = 0x8 data = 0x0 kind = UVM_WRITE status = UVM_IS_OK
# UVM_INFO /ictc/other/tools/QuestaDVA/questasim/verilog_src/uvm-1.2/src/reg/uvm_reg_predictor.svh(221) @ 610025000: uvm_test_top.env.ahb_predictor [REG_PREDICT] Observed WRITE transaction to register regmodel.DLH: value='h0 : updated value = 'h0
# UVM_INFO ./../regmodel/uart_reg2ahb_adapter.sv(42) @ 610025000: reporter [uart_reg2ahb_adapter] bus2reg: address = 0xc data = 0x28 kind = UVM_WRITE status = UVM_IS_OK
# UVM_INFO /ictc/other/tools/QuestaDVA/questasim/verilog_src/uvm-1.2/src/reg/uvm_reg_predictor.svh(221) @ 610025000: uvm_test_top.env.ahb_predictor [REG_PREDICT] Observed WRITE transaction to register regmodel.LCR: value='h28 : updated value = 'h28
# UVM_INFO ./../regmodel/uart_reg2ahb_adapter.sv(42) @ 610025000: reporter [uart_reg2ahb_adapter] bus2reg: address = 0x18 data = 0x1c1c7b9b kind = UVM_WRITE status = UVM_IS_OK
# UVM_INFO /ictc/other/tools/QuestaDVA/questasim/verilog_src/uvm-1.2/src/reg/uvm_reg_predictor.svh(221) @ 610025000: uvm_test_top.env.ahb_predictor [REG_PREDICT] Observed WRITE transaction to register regmodel.TBR: value='h1c1c7b9b : updated value = 'h9b
# UVM_INFO ./../tb/dut_scoreboard.sv(52) @ 610025000: uvm_test_top.env.dut_sb [SCOREBOARD] 
# ===== Captured data from AHB: 0x1c1c7b9b
# UVM_INFO ./../tb/dut_scoreboard.sv(60) @ 610221000: uvm_test_top.env.dut_sb [SCOREBOARD] 
# ===== Captured data from UART: 0x1b
# UVM_INFO ./../tb/dut_scoreboard.sv(73) @ 610221000: uvm_test_top.env.dut_sb [dut_scoreboard] 
# 
# =====[UART TXD] Data comparison =====
# 
# UVM_INFO ./../tb/dut_scoreboard.sv(81) @ 610221000: uvm_test_top.env.dut_sb [dut_scoreboard] 
# =====[DATA FRAME: 5] PASSED SUCCESSFULLY!!! =====
# UVM_INFO ./../tb/dut_scoreboard.sv(84) @ 610221000: uvm_test_top.env.dut_sb [dut_scoreboard] 
# 
# =====[UART TXD] Parity comparison =====
# 
# UVM_INFO ./../tb/dut_scoreboard.sv(90) @ 610221000: uvm_test_top.env.dut_sb [dut_scoreboard] 
# =====[PARITY MODE: 1] PASSED SUCCESSFULLY!!! =====
# UVM_INFO ./../testcases/uart_txd_x16_random.sv(35) @ 620025000: uvm_test_top [uart_txd_x16_random] -------------------------------------------------------------
# Name                Type                Size  Value          
# -------------------------------------------------------------
# cfg                 uart_configuration  -     @360           
#   parity_mode       parity_mode_e       32    UART_PARITY_ODD
#   sampling          sampling_mode_e     32    MODE_X16       
#   data_width        integral            32    'h5            
#   num_of_stop_bit   integral            32    'h1            
#   baud_rate         integral            32    'h1c200        
#   baud_rate_enable  integral            1     'h0            
#   parity_enable     integral            1     'h0            
# -------------------------------------------------------------
# 
# UVM_INFO ./../regmodel/uart_reg2ahb_adapter.sv(42) @ 620025000: reporter [uart_reg2ahb_adapter] bus2reg: address = 0x0 data = 0x0 kind = UVM_WRITE status = UVM_IS_OK
# UVM_INFO /ictc/other/tools/QuestaDVA/questasim/verilog_src/uvm-1.2/src/reg/uvm_reg_predictor.svh(221) @ 620025000: uvm_test_top.env.ahb_predictor [REG_PREDICT] Observed WRITE transaction to register regmodel.MDR: value='h0 : updated value = 'h0
# UVM_INFO ./../regmodel/uart_reg2ahb_adapter.sv(42) @ 620025000: reporter [uart_reg2ahb_adapter] bus2reg: address = 0x4 data = 0x36 kind = UVM_WRITE status = UVM_IS_OK
# UVM_INFO /ictc/other/tools/QuestaDVA/questasim/verilog_src/uvm-1.2/src/reg/uvm_reg_predictor.svh(221) @ 620025000: uvm_test_top.env.ahb_predictor [REG_PREDICT] Observed WRITE transaction to register regmodel.DLL: value='h36 : updated value = 'h36
# UVM_INFO ./../regmodel/uart_reg2ahb_adapter.sv(42) @ 620025000: reporter [uart_reg2ahb_adapter] bus2reg: address = 0x8 data = 0x0 kind = UVM_WRITE status = UVM_IS_OK
# UVM_INFO /ictc/other/tools/QuestaDVA/questasim/verilog_src/uvm-1.2/src/reg/uvm_reg_predictor.svh(221) @ 620025000: uvm_test_top.env.ahb_predictor [REG_PREDICT] Observed WRITE transaction to register regmodel.DLH: value='h0 : updated value = 'h0
# UVM_INFO ./../regmodel/uart_reg2ahb_adapter.sv(42) @ 620025000: reporter [uart_reg2ahb_adapter] bus2reg: address = 0xc data = 0x28 kind = UVM_WRITE status = UVM_IS_OK
# UVM_INFO /ictc/other/tools/QuestaDVA/questasim/verilog_src/uvm-1.2/src/reg/uvm_reg_predictor.svh(221) @ 620025000: uvm_test_top.env.ahb_predictor [REG_PREDICT] Observed WRITE transaction to register regmodel.LCR: value='h28 : updated value = 'h28
# UVM_INFO ./../regmodel/uart_reg2ahb_adapter.sv(42) @ 620025000: reporter [uart_reg2ahb_adapter] bus2reg: address = 0x18 data = 0xe753f250 kind = UVM_WRITE status = UVM_IS_OK
# UVM_INFO /ictc/other/tools/QuestaDVA/questasim/verilog_src/uvm-1.2/src/reg/uvm_reg_predictor.svh(221) @ 620025000: uvm_test_top.env.ahb_predictor [REG_PREDICT] Observed WRITE transaction to register regmodel.TBR: value='he753f250 : updated value = 'h50
# UVM_INFO ./../tb/dut_scoreboard.sv(52) @ 620025000: uvm_test_top.env.dut_sb [SCOREBOARD] 
# ===== Captured data from AHB: 0xe753f250
# UVM_INFO ./../tb/dut_scoreboard.sv(60) @ 620153000: uvm_test_top.env.dut_sb [SCOREBOARD] 
# ===== Captured data from UART: 0x10
# UVM_INFO ./../tb/dut_scoreboard.sv(73) @ 620153000: uvm_test_top.env.dut_sb [dut_scoreboard] 
# 
# =====[UART TXD] Data comparison =====
# 
# UVM_INFO ./../tb/dut_scoreboard.sv(81) @ 620153000: uvm_test_top.env.dut_sb [dut_scoreboard] 
# =====[DATA FRAME: 5] PASSED SUCCESSFULLY!!! =====
# UVM_INFO ./../tb/dut_scoreboard.sv(84) @ 620153000: uvm_test_top.env.dut_sb [dut_scoreboard] 
# 
# =====[UART TXD] Parity comparison =====
# 
# UVM_INFO ./../tb/dut_scoreboard.sv(90) @ 620153000: uvm_test_top.env.dut_sb [dut_scoreboard] 
# =====[PARITY MODE: 1] PASSED SUCCESSFULLY!!! =====
# UVM_INFO ./../testcases/uart_txd_x16_random.sv(35) @ 630025000: uvm_test_top [uart_txd_x16_random] -------------------------------------------------------------
# Name                Type                Size  Value          
# -------------------------------------------------------------
# cfg                 uart_configuration  -     @360           
#   parity_mode       parity_mode_e       32    UART_PARITY_ODD
#   sampling          sampling_mode_e     32    MODE_X16       
#   data_width        integral            32    'h5            
#   num_of_stop_bit   integral            32    'h2            
#   baud_rate         integral            32    'h960          
#   baud_rate_enable  integral            1     'h0            
#   parity_enable     integral            1     'h0            
# -------------------------------------------------------------
# 
# UVM_INFO ./../regmodel/uart_reg2ahb_adapter.sv(42) @ 630025000: reporter [uart_reg2ahb_adapter] bus2reg: address = 0x0 data = 0x0 kind = UVM_WRITE status = UVM_IS_OK
# UVM_INFO /ictc/other/tools/QuestaDVA/questasim/verilog_src/uvm-1.2/src/reg/uvm_reg_predictor.svh(221) @ 630025000: uvm_test_top.env.ahb_predictor [REG_PREDICT] Observed WRITE transaction to register regmodel.MDR: value='h0 : updated value = 'h0
# UVM_INFO ./../regmodel/uart_reg2ahb_adapter.sv(42) @ 630025000: reporter [uart_reg2ahb_adapter] bus2reg: address = 0x4 data = 0x2c kind = UVM_WRITE status = UVM_IS_OK
# UVM_INFO /ictc/other/tools/QuestaDVA/questasim/verilog_src/uvm-1.2/src/reg/uvm_reg_predictor.svh(221) @ 630025000: uvm_test_top.env.ahb_predictor [REG_PREDICT] Observed WRITE transaction to register regmodel.DLL: value='h2c : updated value = 'h2c
# UVM_INFO ./../regmodel/uart_reg2ahb_adapter.sv(42) @ 630026000: reporter [uart_reg2ahb_adapter] bus2reg: address = 0x8 data = 0xa kind = UVM_WRITE status = UVM_IS_OK
# UVM_INFO /ictc/other/tools/QuestaDVA/questasim/verilog_src/uvm-1.2/src/reg/uvm_reg_predictor.svh(221) @ 630026000: uvm_test_top.env.ahb_predictor [REG_PREDICT] Observed WRITE transaction to register regmodel.DLH: value='ha : updated value = 'ha
# UVM_INFO ./../regmodel/uart_reg2ahb_adapter.sv(42) @ 630026000: reporter [uart_reg2ahb_adapter] bus2reg: address = 0xc data = 0x2c kind = UVM_WRITE status = UVM_IS_OK
# UVM_INFO /ictc/other/tools/QuestaDVA/questasim/verilog_src/uvm-1.2/src/reg/uvm_reg_predictor.svh(221) @ 630026000: uvm_test_top.env.ahb_predictor [REG_PREDICT] Observed WRITE transaction to register regmodel.LCR: value='h2c : updated value = 'h2c
# UVM_INFO ./../regmodel/uart_reg2ahb_adapter.sv(42) @ 630026000: reporter [uart_reg2ahb_adapter] bus2reg: address = 0x18 data = 0x8d49d1a3 kind = UVM_WRITE status = UVM_IS_OK
# UVM_INFO /ictc/other/tools/QuestaDVA/questasim/verilog_src/uvm-1.2/src/reg/uvm_reg_predictor.svh(221) @ 630026000: uvm_test_top.env.ahb_predictor [REG_PREDICT] Observed WRITE transaction to register regmodel.TBR: value='h8d49d1a3 : updated value = 'ha3
# UVM_INFO ./../tb/dut_scoreboard.sv(52) @ 630026000: uvm_test_top.env.dut_sb [SCOREBOARD] 
# ===== Captured data from AHB: 0x8d49d1a3
# UVM_INFO ./../tb/dut_scoreboard.sv(60) @ 637158000: uvm_test_top.env.dut_sb [SCOREBOARD] 
# ===== Captured data from UART: 0x3
# UVM_INFO ./../tb/dut_scoreboard.sv(73) @ 637158000: uvm_test_top.env.dut_sb [dut_scoreboard] 
# 
# =====[UART TXD] Data comparison =====
# 
# UVM_INFO ./../tb/dut_scoreboard.sv(81) @ 637158000: uvm_test_top.env.dut_sb [dut_scoreboard] 
# =====[DATA FRAME: 5] PASSED SUCCESSFULLY!!! =====
# UVM_INFO ./../tb/dut_scoreboard.sv(84) @ 637158000: uvm_test_top.env.dut_sb [dut_scoreboard] 
# 
# =====[UART TXD] Parity comparison =====
# 
# UVM_ERROR ./../tb/dut_scoreboard.sv(87) @ 637158000: uvm_test_top.env.dut_sb [dut_scoreboard] 
# =====[PARITY MODE: 1] FAILED!!! Expected parity is 1, Actual parity is 0 =====
# UVM_INFO ./../testcases/uart_txd_x16_random.sv(35) @ 640026000: uvm_test_top [uart_txd_x16_random] -------------------------------------------------------------
# Name                Type                Size  Value          
# -------------------------------------------------------------
# cfg                 uart_configuration  -     @360           
#   parity_mode       parity_mode_e       32    UART_PARITY_ODD
#   sampling          sampling_mode_e     32    MODE_X16       
#   data_width        integral            32    'h5            
#   num_of_stop_bit   integral            32    'h2            
#   baud_rate         integral            32    'h12c0         
#   baud_rate_enable  integral            1     'h0            
#   parity_enable     integral            1     'h0            
# -------------------------------------------------------------
# 
# UVM_INFO ./../regmodel/uart_reg2ahb_adapter.sv(42) @ 640026000: reporter [uart_reg2ahb_adapter] bus2reg: address = 0x0 data = 0x0 kind = UVM_WRITE status = UVM_IS_OK
# UVM_INFO /ictc/other/tools/QuestaDVA/questasim/verilog_src/uvm-1.2/src/reg/uvm_reg_predictor.svh(221) @ 640026000: uvm_test_top.env.ahb_predictor [REG_PREDICT] Observed WRITE transaction to register regmodel.MDR: value='h0 : updated value = 'h0
# UVM_INFO ./../regmodel/uart_reg2ahb_adapter.sv(42) @ 640026000: reporter [uart_reg2ahb_adapter] bus2reg: address = 0x4 data = 0x16 kind = UVM_WRITE status = UVM_IS_OK
# UVM_INFO /ictc/other/tools/QuestaDVA/questasim/verilog_src/uvm-1.2/src/reg/uvm_reg_predictor.svh(221) @ 640026000: uvm_test_top.env.ahb_predictor [REG_PREDICT] Observed WRITE transaction to register regmodel.DLL: value='h16 : updated value = 'h16
# UVM_INFO ./../regmodel/uart_reg2ahb_adapter.sv(42) @ 640026000: reporter [uart_reg2ahb_adapter] bus2reg: address = 0x8 data = 0x5 kind = UVM_WRITE status = UVM_IS_OK
# UVM_INFO /ictc/other/tools/QuestaDVA/questasim/verilog_src/uvm-1.2/src/reg/uvm_reg_predictor.svh(221) @ 640026000: uvm_test_top.env.ahb_predictor [REG_PREDICT] Observed WRITE transaction to register regmodel.DLH: value='h5 : updated value = 'h5
# UVM_INFO ./../regmodel/uart_reg2ahb_adapter.sv(42) @ 640026000: reporter [uart_reg2ahb_adapter] bus2reg: address = 0xc data = 0x2c kind = UVM_WRITE status = UVM_IS_OK
# UVM_INFO /ictc/other/tools/QuestaDVA/questasim/verilog_src/uvm-1.2/src/reg/uvm_reg_predictor.svh(221) @ 640026000: uvm_test_top.env.ahb_predictor [REG_PREDICT] Observed WRITE transaction to register regmodel.LCR: value='h2c : updated value = 'h2c
# UVM_INFO ./../regmodel/uart_reg2ahb_adapter.sv(42) @ 640026000: reporter [uart_reg2ahb_adapter] bus2reg: address = 0x18 data = 0xa5b8c87 kind = UVM_WRITE status = UVM_IS_OK
# UVM_INFO /ictc/other/tools/QuestaDVA/questasim/verilog_src/uvm-1.2/src/reg/uvm_reg_predictor.svh(221) @ 640026000: uvm_test_top.env.ahb_predictor [REG_PREDICT] Observed WRITE transaction to register regmodel.TBR: value='ha5b8c87 : updated value = 'h87
# UVM_INFO ./../tb/dut_scoreboard.sv(52) @ 640026000: uvm_test_top.env.dut_sb [SCOREBOARD] 
# ===== Captured data from AHB: 0xa5b8c87
# UVM_INFO ./../tb/dut_scoreboard.sv(60) @ 643595000: uvm_test_top.env.dut_sb [SCOREBOARD] 
# ===== Captured data from UART: 0x7
# UVM_INFO ./../tb/dut_scoreboard.sv(73) @ 643595000: uvm_test_top.env.dut_sb [dut_scoreboard] 
# 
# =====[UART TXD] Data comparison =====
# 
# UVM_INFO ./../tb/dut_scoreboard.sv(81) @ 643595000: uvm_test_top.env.dut_sb [dut_scoreboard] 
# =====[DATA FRAME: 5] PASSED SUCCESSFULLY!!! =====
# UVM_INFO ./../tb/dut_scoreboard.sv(84) @ 643595000: uvm_test_top.env.dut_sb [dut_scoreboard] 
# 
# =====[UART TXD] Parity comparison =====
# 
# UVM_INFO ./../tb/dut_scoreboard.sv(90) @ 643595000: uvm_test_top.env.dut_sb [dut_scoreboard] 
# =====[PARITY MODE: 1] PASSED SUCCESSFULLY!!! =====
# UVM_INFO ./../testcases/uart_txd_x16_random.sv(35) @ 650026000: uvm_test_top [uart_txd_x16_random] -------------------------------------------------------------
# Name                Type                Size  Value          
# -------------------------------------------------------------
# cfg                 uart_configuration  -     @360           
#   parity_mode       parity_mode_e       32    UART_PARITY_ODD
#   sampling          sampling_mode_e     32    MODE_X16       
#   data_width        integral            32    'h5            
#   num_of_stop_bit   integral            32    'h2            
#   baud_rate         integral            32    'h2580         
#   baud_rate_enable  integral            1     'h0            
#   parity_enable     integral            1     'h0            
# -------------------------------------------------------------
# 
# UVM_INFO ./../regmodel/uart_reg2ahb_adapter.sv(42) @ 650026000: reporter [uart_reg2ahb_adapter] bus2reg: address = 0x0 data = 0x0 kind = UVM_WRITE status = UVM_IS_OK
# UVM_INFO /ictc/other/tools/QuestaDVA/questasim/verilog_src/uvm-1.2/src/reg/uvm_reg_predictor.svh(221) @ 650026000: uvm_test_top.env.ahb_predictor [REG_PREDICT] Observed WRITE transaction to register regmodel.MDR: value='h0 : updated value = 'h0
# UVM_INFO ./../regmodel/uart_reg2ahb_adapter.sv(42) @ 650026000: reporter [uart_reg2ahb_adapter] bus2reg: address = 0x4 data = 0x8b kind = UVM_WRITE status = UVM_IS_OK
# UVM_INFO /ictc/other/tools/QuestaDVA/questasim/verilog_src/uvm-1.2/src/reg/uvm_reg_predictor.svh(221) @ 650026000: uvm_test_top.env.ahb_predictor [REG_PREDICT] Observed WRITE transaction to register regmodel.DLL: value='h8b : updated value = 'h8b
# UVM_INFO ./../regmodel/uart_reg2ahb_adapter.sv(42) @ 650026000: reporter [uart_reg2ahb_adapter] bus2reg: address = 0x8 data = 0x2 kind = UVM_WRITE status = UVM_IS_OK
# UVM_INFO /ictc/other/tools/QuestaDVA/questasim/verilog_src/uvm-1.2/src/reg/uvm_reg_predictor.svh(221) @ 650026000: uvm_test_top.env.ahb_predictor [REG_PREDICT] Observed WRITE transaction to register regmodel.DLH: value='h2 : updated value = 'h2
# UVM_INFO ./../regmodel/uart_reg2ahb_adapter.sv(42) @ 650026000: reporter [uart_reg2ahb_adapter] bus2reg: address = 0xc data = 0x2c kind = UVM_WRITE status = UVM_IS_OK
# UVM_INFO /ictc/other/tools/QuestaDVA/questasim/verilog_src/uvm-1.2/src/reg/uvm_reg_predictor.svh(221) @ 650026000: uvm_test_top.env.ahb_predictor [REG_PREDICT] Observed WRITE transaction to register regmodel.LCR: value='h2c : updated value = 'h2c
# UVM_INFO ./../regmodel/uart_reg2ahb_adapter.sv(42) @ 650027000: reporter [uart_reg2ahb_adapter] bus2reg: address = 0x18 data = 0xb0d3316d kind = UVM_WRITE status = UVM_IS_OK
# UVM_INFO /ictc/other/tools/QuestaDVA/questasim/verilog_src/uvm-1.2/src/reg/uvm_reg_predictor.svh(221) @ 650027000: uvm_test_top.env.ahb_predictor [REG_PREDICT] Observed WRITE transaction to register regmodel.TBR: value='hb0d3316d : updated value = 'h6d
# UVM_INFO ./../tb/dut_scoreboard.sv(52) @ 650027000: uvm_test_top.env.dut_sb [SCOREBOARD] 
# ===== Captured data from AHB: 0xb0d3316d
# UVM_INFO ./../tb/dut_scoreboard.sv(60) @ 651805000: uvm_test_top.env.dut_sb [SCOREBOARD] 
# ===== Captured data from UART: 0xd
# UVM_INFO ./../tb/dut_scoreboard.sv(73) @ 651805000: uvm_test_top.env.dut_sb [dut_scoreboard] 
# 
# =====[UART TXD] Data comparison =====
# 
# UVM_INFO ./../tb/dut_scoreboard.sv(81) @ 651805000: uvm_test_top.env.dut_sb [dut_scoreboard] 
# =====[DATA FRAME: 5] PASSED SUCCESSFULLY!!! =====
# UVM_INFO ./../tb/dut_scoreboard.sv(84) @ 651805000: uvm_test_top.env.dut_sb [dut_scoreboard] 
# 
# =====[UART TXD] Parity comparison =====
# 
# UVM_ERROR ./../tb/dut_scoreboard.sv(87) @ 651805000: uvm_test_top.env.dut_sb [dut_scoreboard] 
# =====[PARITY MODE: 1] FAILED!!! Expected parity is 0, Actual parity is 1 =====
# UVM_INFO ./../testcases/uart_txd_x16_random.sv(35) @ 660027000: uvm_test_top [uart_txd_x16_random] -------------------------------------------------------------
# Name                Type                Size  Value          
# -------------------------------------------------------------
# cfg                 uart_configuration  -     @360           
#   parity_mode       parity_mode_e       32    UART_PARITY_ODD
#   sampling          sampling_mode_e     32    MODE_X16       
#   data_width        integral            32    'h5            
#   num_of_stop_bit   integral            32    'h2            
#   baud_rate         integral            32    'h4b00         
#   baud_rate_enable  integral            1     'h0            
#   parity_enable     integral            1     'h0            
# -------------------------------------------------------------
# 
# UVM_INFO ./../regmodel/uart_reg2ahb_adapter.sv(42) @ 660027000: reporter [uart_reg2ahb_adapter] bus2reg: address = 0x0 data = 0x0 kind = UVM_WRITE status = UVM_IS_OK
# UVM_INFO /ictc/other/tools/QuestaDVA/questasim/verilog_src/uvm-1.2/src/reg/uvm_reg_predictor.svh(221) @ 660027000: uvm_test_top.env.ahb_predictor [REG_PREDICT] Observed WRITE transaction to register regmodel.MDR: value='h0 : updated value = 'h0
# UVM_INFO ./../regmodel/uart_reg2ahb_adapter.sv(42) @ 660027000: reporter [uart_reg2ahb_adapter] bus2reg: address = 0x4 data = 0x45 kind = UVM_WRITE status = UVM_IS_OK
# UVM_INFO /ictc/other/tools/QuestaDVA/questasim/verilog_src/uvm-1.2/src/reg/uvm_reg_predictor.svh(221) @ 660027000: uvm_test_top.env.ahb_predictor [REG_PREDICT] Observed WRITE transaction to register regmodel.DLL: value='h45 : updated value = 'h45
# UVM_INFO ./../regmodel/uart_reg2ahb_adapter.sv(42) @ 660027000: reporter [uart_reg2ahb_adapter] bus2reg: address = 0x8 data = 0x1 kind = UVM_WRITE status = UVM_IS_OK
# UVM_INFO /ictc/other/tools/QuestaDVA/questasim/verilog_src/uvm-1.2/src/reg/uvm_reg_predictor.svh(221) @ 660027000: uvm_test_top.env.ahb_predictor [REG_PREDICT] Observed WRITE transaction to register regmodel.DLH: value='h1 : updated value = 'h1
# UVM_INFO ./../regmodel/uart_reg2ahb_adapter.sv(42) @ 660027000: reporter [uart_reg2ahb_adapter] bus2reg: address = 0xc data = 0x2c kind = UVM_WRITE status = UVM_IS_OK
# UVM_INFO /ictc/other/tools/QuestaDVA/questasim/verilog_src/uvm-1.2/src/reg/uvm_reg_predictor.svh(221) @ 660027000: uvm_test_top.env.ahb_predictor [REG_PREDICT] Observed WRITE transaction to register regmodel.LCR: value='h2c : updated value = 'h2c
# UVM_INFO ./../regmodel/uart_reg2ahb_adapter.sv(42) @ 660027000: reporter [uart_reg2ahb_adapter] bus2reg: address = 0x18 data = 0x715a242 kind = UVM_WRITE status = UVM_IS_OK
# UVM_INFO /ictc/other/tools/QuestaDVA/questasim/verilog_src/uvm-1.2/src/reg/uvm_reg_predictor.svh(221) @ 660027000: uvm_test_top.env.ahb_predictor [REG_PREDICT] Observed WRITE transaction to register regmodel.TBR: value='h715a242 : updated value = 'h42
# UVM_INFO ./../tb/dut_scoreboard.sv(52) @ 660027000: uvm_test_top.env.dut_sb [SCOREBOARD] 
# ===== Captured data from AHB: 0x715a242
# UVM_INFO ./../tb/dut_scoreboard.sv(60) @ 660914000: uvm_test_top.env.dut_sb [SCOREBOARD] 
# ===== Captured data from UART: 0x2
# UVM_INFO ./../tb/dut_scoreboard.sv(73) @ 660914000: uvm_test_top.env.dut_sb [dut_scoreboard] 
# 
# =====[UART TXD] Data comparison =====
# 
# UVM_INFO ./../tb/dut_scoreboard.sv(81) @ 660914000: uvm_test_top.env.dut_sb [dut_scoreboard] 
# =====[DATA FRAME: 5] PASSED SUCCESSFULLY!!! =====
# UVM_INFO ./../tb/dut_scoreboard.sv(84) @ 660914000: uvm_test_top.env.dut_sb [dut_scoreboard] 
# 
# =====[UART TXD] Parity comparison =====
# 
# UVM_INFO ./../tb/dut_scoreboard.sv(90) @ 660914000: uvm_test_top.env.dut_sb [dut_scoreboard] 
# =====[PARITY MODE: 1] PASSED SUCCESSFULLY!!! =====
# UVM_INFO ./../testcases/uart_txd_x16_random.sv(35) @ 670027000: uvm_test_top [uart_txd_x16_random] -------------------------------------------------------------
# Name                Type                Size  Value          
# -------------------------------------------------------------
# cfg                 uart_configuration  -     @360           
#   parity_mode       parity_mode_e       32    UART_PARITY_ODD
#   sampling          sampling_mode_e     32    MODE_X16       
#   data_width        integral            32    'h5            
#   num_of_stop_bit   integral            32    'h2            
#   baud_rate         integral            32    'h9600         
#   baud_rate_enable  integral            1     'h0            
#   parity_enable     integral            1     'h0            
# -------------------------------------------------------------
# 
# UVM_INFO ./../regmodel/uart_reg2ahb_adapter.sv(42) @ 670027000: reporter [uart_reg2ahb_adapter] bus2reg: address = 0x0 data = 0x0 kind = UVM_WRITE status = UVM_IS_OK
# UVM_INFO /ictc/other/tools/QuestaDVA/questasim/verilog_src/uvm-1.2/src/reg/uvm_reg_predictor.svh(221) @ 670027000: uvm_test_top.env.ahb_predictor [REG_PREDICT] Observed WRITE transaction to register regmodel.MDR: value='h0 : updated value = 'h0
# UVM_INFO ./../regmodel/uart_reg2ahb_adapter.sv(42) @ 670027000: reporter [uart_reg2ahb_adapter] bus2reg: address = 0x4 data = 0xa4 kind = UVM_WRITE status = UVM_IS_OK
# UVM_INFO /ictc/other/tools/QuestaDVA/questasim/verilog_src/uvm-1.2/src/reg/uvm_reg_predictor.svh(221) @ 670027000: uvm_test_top.env.ahb_predictor [REG_PREDICT] Observed WRITE transaction to register regmodel.DLL: value='ha4 : updated value = 'ha4
# UVM_INFO ./../regmodel/uart_reg2ahb_adapter.sv(42) @ 670027000: reporter [uart_reg2ahb_adapter] bus2reg: address = 0x8 data = 0x0 kind = UVM_WRITE status = UVM_IS_OK
# UVM_INFO /ictc/other/tools/QuestaDVA/questasim/verilog_src/uvm-1.2/src/reg/uvm_reg_predictor.svh(221) @ 670027000: uvm_test_top.env.ahb_predictor [REG_PREDICT] Observed WRITE transaction to register regmodel.DLH: value='h0 : updated value = 'h0
# UVM_INFO ./../regmodel/uart_reg2ahb_adapter.sv(42) @ 670027000: reporter [uart_reg2ahb_adapter] bus2reg: address = 0xc data = 0x2c kind = UVM_WRITE status = UVM_IS_OK
# UVM_INFO /ictc/other/tools/QuestaDVA/questasim/verilog_src/uvm-1.2/src/reg/uvm_reg_predictor.svh(221) @ 670027000: uvm_test_top.env.ahb_predictor [REG_PREDICT] Observed WRITE transaction to register regmodel.LCR: value='h2c : updated value = 'h2c
# UVM_INFO ./../regmodel/uart_reg2ahb_adapter.sv(42) @ 670027000: reporter [uart_reg2ahb_adapter] bus2reg: address = 0x18 data = 0xf2777ca0 kind = UVM_WRITE status = UVM_IS_OK
# UVM_INFO /ictc/other/tools/QuestaDVA/questasim/verilog_src/uvm-1.2/src/reg/uvm_reg_predictor.svh(221) @ 670027000: uvm_test_top.env.ahb_predictor [REG_PREDICT] Observed WRITE transaction to register regmodel.TBR: value='hf2777ca0 : updated value = 'ha0
# UVM_INFO ./../tb/dut_scoreboard.sv(52) @ 670027000: uvm_test_top.env.dut_sb [SCOREBOARD] 
# ===== Captured data from AHB: 0xf2777ca0
# UVM_INFO ./../tb/dut_scoreboard.sv(60) @ 670472000: uvm_test_top.env.dut_sb [SCOREBOARD] 
# ===== Captured data from UART: 0x0
# UVM_INFO ./../tb/dut_scoreboard.sv(73) @ 670472000: uvm_test_top.env.dut_sb [dut_scoreboard] 
# 
# =====[UART TXD] Data comparison =====
# 
# UVM_INFO ./../tb/dut_scoreboard.sv(81) @ 670472000: uvm_test_top.env.dut_sb [dut_scoreboard] 
# =====[DATA FRAME: 5] PASSED SUCCESSFULLY!!! =====
# UVM_INFO ./../tb/dut_scoreboard.sv(84) @ 670472000: uvm_test_top.env.dut_sb [dut_scoreboard] 
# 
# =====[UART TXD] Parity comparison =====
# 
# UVM_ERROR ./../tb/dut_scoreboard.sv(87) @ 670472000: uvm_test_top.env.dut_sb [dut_scoreboard] 
# =====[PARITY MODE: 1] FAILED!!! Expected parity is 1, Actual parity is 0 =====
# UVM_INFO ./../testcases/uart_txd_x16_random.sv(35) @ 680027000: uvm_test_top [uart_txd_x16_random] -------------------------------------------------------------
# Name                Type                Size  Value          
# -------------------------------------------------------------
# cfg                 uart_configuration  -     @360           
#   parity_mode       parity_mode_e       32    UART_PARITY_ODD
#   sampling          sampling_mode_e     32    MODE_X16       
#   data_width        integral            32    'h5            
#   num_of_stop_bit   integral            32    'h2            
#   baud_rate         integral            32    'h12c00        
#   baud_rate_enable  integral            1     'h0            
#   parity_enable     integral            1     'h0            
# -------------------------------------------------------------
# 
# UVM_INFO ./../regmodel/uart_reg2ahb_adapter.sv(42) @ 680027000: reporter [uart_reg2ahb_adapter] bus2reg: address = 0x0 data = 0x0 kind = UVM_WRITE status = UVM_IS_OK
# UVM_INFO /ictc/other/tools/QuestaDVA/questasim/verilog_src/uvm-1.2/src/reg/uvm_reg_predictor.svh(221) @ 680027000: uvm_test_top.env.ahb_predictor [REG_PREDICT] Observed WRITE transaction to register regmodel.MDR: value='h0 : updated value = 'h0
# UVM_INFO ./../regmodel/uart_reg2ahb_adapter.sv(42) @ 680027000: reporter [uart_reg2ahb_adapter] bus2reg: address = 0x4 data = 0x51 kind = UVM_WRITE status = UVM_IS_OK
# UVM_INFO /ictc/other/tools/QuestaDVA/questasim/verilog_src/uvm-1.2/src/reg/uvm_reg_predictor.svh(221) @ 680027000: uvm_test_top.env.ahb_predictor [REG_PREDICT] Observed WRITE transaction to register regmodel.DLL: value='h51 : updated value = 'h51
# UVM_INFO ./../regmodel/uart_reg2ahb_adapter.sv(42) @ 680028000: reporter [uart_reg2ahb_adapter] bus2reg: address = 0x8 data = 0x0 kind = UVM_WRITE status = UVM_IS_OK
# UVM_INFO /ictc/other/tools/QuestaDVA/questasim/verilog_src/uvm-1.2/src/reg/uvm_reg_predictor.svh(221) @ 680028000: uvm_test_top.env.ahb_predictor [REG_PREDICT] Observed WRITE transaction to register regmodel.DLH: value='h0 : updated value = 'h0
# UVM_INFO ./../regmodel/uart_reg2ahb_adapter.sv(42) @ 680028000: reporter [uart_reg2ahb_adapter] bus2reg: address = 0xc data = 0x2c kind = UVM_WRITE status = UVM_IS_OK
# UVM_INFO /ictc/other/tools/QuestaDVA/questasim/verilog_src/uvm-1.2/src/reg/uvm_reg_predictor.svh(221) @ 680028000: uvm_test_top.env.ahb_predictor [REG_PREDICT] Observed WRITE transaction to register regmodel.LCR: value='h2c : updated value = 'h2c
# UVM_INFO ./../regmodel/uart_reg2ahb_adapter.sv(42) @ 680028000: reporter [uart_reg2ahb_adapter] bus2reg: address = 0x18 data = 0xdc4db24a kind = UVM_WRITE status = UVM_IS_OK
# UVM_INFO /ictc/other/tools/QuestaDVA/questasim/verilog_src/uvm-1.2/src/reg/uvm_reg_predictor.svh(221) @ 680028000: uvm_test_top.env.ahb_predictor [REG_PREDICT] Observed WRITE transaction to register regmodel.TBR: value='hdc4db24a : updated value = 'h4a
# UVM_INFO ./../tb/dut_scoreboard.sv(52) @ 680028000: uvm_test_top.env.dut_sb [SCOREBOARD] 
# ===== Captured data from AHB: 0xdc4db24a
# UVM_INFO ./../tb/dut_scoreboard.sv(60) @ 680250000: uvm_test_top.env.dut_sb [SCOREBOARD] 
# ===== Captured data from UART: 0xa
# UVM_INFO ./../tb/dut_scoreboard.sv(73) @ 680250000: uvm_test_top.env.dut_sb [dut_scoreboard] 
# 
# =====[UART TXD] Data comparison =====
# 
# UVM_INFO ./../tb/dut_scoreboard.sv(81) @ 680250000: uvm_test_top.env.dut_sb [dut_scoreboard] 
# =====[DATA FRAME: 5] PASSED SUCCESSFULLY!!! =====
# UVM_INFO ./../tb/dut_scoreboard.sv(84) @ 680250000: uvm_test_top.env.dut_sb [dut_scoreboard] 
# 
# =====[UART TXD] Parity comparison =====
# 
# UVM_INFO ./../tb/dut_scoreboard.sv(90) @ 680250000: uvm_test_top.env.dut_sb [dut_scoreboard] 
# =====[PARITY MODE: 1] PASSED SUCCESSFULLY!!! =====
# UVM_INFO ./../testcases/uart_txd_x16_random.sv(35) @ 690028000: uvm_test_top [uart_txd_x16_random] -------------------------------------------------------------
# Name                Type                Size  Value          
# -------------------------------------------------------------
# cfg                 uart_configuration  -     @360           
#   parity_mode       parity_mode_e       32    UART_PARITY_ODD
#   sampling          sampling_mode_e     32    MODE_X16       
#   data_width        integral            32    'h5            
#   num_of_stop_bit   integral            32    'h2            
#   baud_rate         integral            32    'h1c200        
#   baud_rate_enable  integral            1     'h0            
#   parity_enable     integral            1     'h0            
# -------------------------------------------------------------
# 
# UVM_INFO ./../regmodel/uart_reg2ahb_adapter.sv(42) @ 690028000: reporter [uart_reg2ahb_adapter] bus2reg: address = 0x0 data = 0x0 kind = UVM_WRITE status = UVM_IS_OK
# UVM_INFO /ictc/other/tools/QuestaDVA/questasim/verilog_src/uvm-1.2/src/reg/uvm_reg_predictor.svh(221) @ 690028000: uvm_test_top.env.ahb_predictor [REG_PREDICT] Observed WRITE transaction to register regmodel.MDR: value='h0 : updated value = 'h0
# UVM_INFO ./../regmodel/uart_reg2ahb_adapter.sv(42) @ 690028000: reporter [uart_reg2ahb_adapter] bus2reg: address = 0x4 data = 0x36 kind = UVM_WRITE status = UVM_IS_OK
# UVM_INFO /ictc/other/tools/QuestaDVA/questasim/verilog_src/uvm-1.2/src/reg/uvm_reg_predictor.svh(221) @ 690028000: uvm_test_top.env.ahb_predictor [REG_PREDICT] Observed WRITE transaction to register regmodel.DLL: value='h36 : updated value = 'h36
# UVM_INFO ./../regmodel/uart_reg2ahb_adapter.sv(42) @ 690028000: reporter [uart_reg2ahb_adapter] bus2reg: address = 0x8 data = 0x0 kind = UVM_WRITE status = UVM_IS_OK
# UVM_INFO /ictc/other/tools/QuestaDVA/questasim/verilog_src/uvm-1.2/src/reg/uvm_reg_predictor.svh(221) @ 690028000: uvm_test_top.env.ahb_predictor [REG_PREDICT] Observed WRITE transaction to register regmodel.DLH: value='h0 : updated value = 'h0
# UVM_INFO ./../regmodel/uart_reg2ahb_adapter.sv(42) @ 690028000: reporter [uart_reg2ahb_adapter] bus2reg: address = 0xc data = 0x2c kind = UVM_WRITE status = UVM_IS_OK
# UVM_INFO /ictc/other/tools/QuestaDVA/questasim/verilog_src/uvm-1.2/src/reg/uvm_reg_predictor.svh(221) @ 690028000: uvm_test_top.env.ahb_predictor [REG_PREDICT] Observed WRITE transaction to register regmodel.LCR: value='h2c : updated value = 'h2c
# UVM_INFO ./../regmodel/uart_reg2ahb_adapter.sv(42) @ 690028000: reporter [uart_reg2ahb_adapter] bus2reg: address = 0x18 data = 0xd279336 kind = UVM_WRITE status = UVM_IS_OK
# UVM_INFO /ictc/other/tools/QuestaDVA/questasim/verilog_src/uvm-1.2/src/reg/uvm_reg_predictor.svh(221) @ 690028000: uvm_test_top.env.ahb_predictor [REG_PREDICT] Observed WRITE transaction to register regmodel.TBR: value='hd279336 : updated value = 'h36
# UVM_INFO ./../tb/dut_scoreboard.sv(52) @ 690028000: uvm_test_top.env.dut_sb [SCOREBOARD] 
# ===== Captured data from AHB: 0xd279336
# UVM_INFO ./../tb/dut_scoreboard.sv(60) @ 690173000: uvm_test_top.env.dut_sb [SCOREBOARD] 
# ===== Captured data from UART: 0x16
# UVM_INFO ./../tb/dut_scoreboard.sv(73) @ 690173000: uvm_test_top.env.dut_sb [dut_scoreboard] 
# 
# =====[UART TXD] Data comparison =====
# 
# UVM_INFO ./../tb/dut_scoreboard.sv(81) @ 690173000: uvm_test_top.env.dut_sb [dut_scoreboard] 
# =====[DATA FRAME: 5] PASSED SUCCESSFULLY!!! =====
# UVM_INFO ./../tb/dut_scoreboard.sv(84) @ 690173000: uvm_test_top.env.dut_sb [dut_scoreboard] 
# 
# =====[UART TXD] Parity comparison =====
# 
# UVM_INFO ./../tb/dut_scoreboard.sv(90) @ 690173000: uvm_test_top.env.dut_sb [dut_scoreboard] 
# =====[PARITY MODE: 1] PASSED SUCCESSFULLY!!! =====
# UVM_INFO ./../testcases/uart_txd_x16_random.sv(35) @ 700028000: uvm_test_top [uart_txd_x16_random] -------------------------------------------------------------
# Name                Type                Size  Value          
# -------------------------------------------------------------
# cfg                 uart_configuration  -     @360           
#   parity_mode       parity_mode_e       32    UART_PARITY_ODD
#   sampling          sampling_mode_e     32    MODE_X16       
#   data_width        integral            32    'h6            
#   num_of_stop_bit   integral            32    'h1            
#   baud_rate         integral            32    'h960          
#   baud_rate_enable  integral            1     'h0            
#   parity_enable     integral            1     'h0            
# -------------------------------------------------------------
# 
# UVM_INFO ./../regmodel/uart_reg2ahb_adapter.sv(42) @ 700028000: reporter [uart_reg2ahb_adapter] bus2reg: address = 0x0 data = 0x0 kind = UVM_WRITE status = UVM_IS_OK
# UVM_INFO /ictc/other/tools/QuestaDVA/questasim/verilog_src/uvm-1.2/src/reg/uvm_reg_predictor.svh(221) @ 700028000: uvm_test_top.env.ahb_predictor [REG_PREDICT] Observed WRITE transaction to register regmodel.MDR: value='h0 : updated value = 'h0
# UVM_INFO ./../regmodel/uart_reg2ahb_adapter.sv(42) @ 700028000: reporter [uart_reg2ahb_adapter] bus2reg: address = 0x4 data = 0x2c kind = UVM_WRITE status = UVM_IS_OK
# UVM_INFO /ictc/other/tools/QuestaDVA/questasim/verilog_src/uvm-1.2/src/reg/uvm_reg_predictor.svh(221) @ 700028000: uvm_test_top.env.ahb_predictor [REG_PREDICT] Observed WRITE transaction to register regmodel.DLL: value='h2c : updated value = 'h2c
# UVM_INFO ./../regmodel/uart_reg2ahb_adapter.sv(42) @ 700028000: reporter [uart_reg2ahb_adapter] bus2reg: address = 0x8 data = 0xa kind = UVM_WRITE status = UVM_IS_OK
# UVM_INFO /ictc/other/tools/QuestaDVA/questasim/verilog_src/uvm-1.2/src/reg/uvm_reg_predictor.svh(221) @ 700028000: uvm_test_top.env.ahb_predictor [REG_PREDICT] Observed WRITE transaction to register regmodel.DLH: value='ha : updated value = 'ha
# UVM_INFO ./../regmodel/uart_reg2ahb_adapter.sv(42) @ 700028000: reporter [uart_reg2ahb_adapter] bus2reg: address = 0xc data = 0x29 kind = UVM_WRITE status = UVM_IS_OK
# UVM_INFO /ictc/other/tools/QuestaDVA/questasim/verilog_src/uvm-1.2/src/reg/uvm_reg_predictor.svh(221) @ 700028000: uvm_test_top.env.ahb_predictor [REG_PREDICT] Observed WRITE transaction to register regmodel.LCR: value='h29 : updated value = 'h29
# UVM_INFO ./../regmodel/uart_reg2ahb_adapter.sv(42) @ 700029000: reporter [uart_reg2ahb_adapter] bus2reg: address = 0x18 data = 0xa936f2c7 kind = UVM_WRITE status = UVM_IS_OK
# UVM_INFO /ictc/other/tools/QuestaDVA/questasim/verilog_src/uvm-1.2/src/reg/uvm_reg_predictor.svh(221) @ 700029000: uvm_test_top.env.ahb_predictor [REG_PREDICT] Observed WRITE transaction to register regmodel.TBR: value='ha936f2c7 : updated value = 'hc7
# UVM_INFO ./../tb/dut_scoreboard.sv(52) @ 700029000: uvm_test_top.env.dut_sb [SCOREBOARD] 
# ===== Captured data from AHB: 0xa936f2c7
# UVM_INFO ./../tb/dut_scoreboard.sv(60) @ 707161000: uvm_test_top.env.dut_sb [SCOREBOARD] 
# ===== Captured data from UART: 0x7
# UVM_INFO ./../tb/dut_scoreboard.sv(73) @ 707161000: uvm_test_top.env.dut_sb [dut_scoreboard] 
# 
# =====[UART TXD] Data comparison =====
# 
# UVM_INFO ./../tb/dut_scoreboard.sv(81) @ 707161000: uvm_test_top.env.dut_sb [dut_scoreboard] 
# =====[DATA FRAME: 6] PASSED SUCCESSFULLY!!! =====
# UVM_INFO ./../tb/dut_scoreboard.sv(84) @ 707161000: uvm_test_top.env.dut_sb [dut_scoreboard] 
# 
# =====[UART TXD] Parity comparison =====
# 
# UVM_ERROR ./../tb/dut_scoreboard.sv(87) @ 707161000: uvm_test_top.env.dut_sb [dut_scoreboard] 
# =====[PARITY MODE: 1] FAILED!!! Expected parity is 0, Actual parity is 1 =====
# UVM_INFO ./../testcases/uart_txd_x16_random.sv(35) @ 710029000: uvm_test_top [uart_txd_x16_random] -------------------------------------------------------------
# Name                Type                Size  Value          
# -------------------------------------------------------------
# cfg                 uart_configuration  -     @360           
#   parity_mode       parity_mode_e       32    UART_PARITY_ODD
#   sampling          sampling_mode_e     32    MODE_X16       
#   data_width        integral            32    'h6            
#   num_of_stop_bit   integral            32    'h1            
#   baud_rate         integral            32    'h12c0         
#   baud_rate_enable  integral            1     'h0            
#   parity_enable     integral            1     'h0            
# -------------------------------------------------------------
# 
# UVM_INFO ./../regmodel/uart_reg2ahb_adapter.sv(42) @ 710029000: reporter [uart_reg2ahb_adapter] bus2reg: address = 0x0 data = 0x0 kind = UVM_WRITE status = UVM_IS_OK
# UVM_INFO /ictc/other/tools/QuestaDVA/questasim/verilog_src/uvm-1.2/src/reg/uvm_reg_predictor.svh(221) @ 710029000: uvm_test_top.env.ahb_predictor [REG_PREDICT] Observed WRITE transaction to register regmodel.MDR: value='h0 : updated value = 'h0
# UVM_INFO ./../regmodel/uart_reg2ahb_adapter.sv(42) @ 710029000: reporter [uart_reg2ahb_adapter] bus2reg: address = 0x4 data = 0x16 kind = UVM_WRITE status = UVM_IS_OK
# UVM_INFO /ictc/other/tools/QuestaDVA/questasim/verilog_src/uvm-1.2/src/reg/uvm_reg_predictor.svh(221) @ 710029000: uvm_test_top.env.ahb_predictor [REG_PREDICT] Observed WRITE transaction to register regmodel.DLL: value='h16 : updated value = 'h16
# UVM_INFO ./../regmodel/uart_reg2ahb_adapter.sv(42) @ 710029000: reporter [uart_reg2ahb_adapter] bus2reg: address = 0x8 data = 0x5 kind = UVM_WRITE status = UVM_IS_OK
# UVM_INFO /ictc/other/tools/QuestaDVA/questasim/verilog_src/uvm-1.2/src/reg/uvm_reg_predictor.svh(221) @ 710029000: uvm_test_top.env.ahb_predictor [REG_PREDICT] Observed WRITE transaction to register regmodel.DLH: value='h5 : updated value = 'h5
# UVM_INFO ./../regmodel/uart_reg2ahb_adapter.sv(42) @ 710029000: reporter [uart_reg2ahb_adapter] bus2reg: address = 0xc data = 0x29 kind = UVM_WRITE status = UVM_IS_OK
# UVM_INFO /ictc/other/tools/QuestaDVA/questasim/verilog_src/uvm-1.2/src/reg/uvm_reg_predictor.svh(221) @ 710029000: uvm_test_top.env.ahb_predictor [REG_PREDICT] Observed WRITE transaction to register regmodel.LCR: value='h29 : updated value = 'h29
# UVM_INFO ./../regmodel/uart_reg2ahb_adapter.sv(42) @ 710029000: reporter [uart_reg2ahb_adapter] bus2reg: address = 0x18 data = 0x5282e7c kind = UVM_WRITE status = UVM_IS_OK
# UVM_INFO /ictc/other/tools/QuestaDVA/questasim/verilog_src/uvm-1.2/src/reg/uvm_reg_predictor.svh(221) @ 710029000: uvm_test_top.env.ahb_predictor [REG_PREDICT] Observed WRITE transaction to register regmodel.TBR: value='h5282e7c : updated value = 'h7c
# UVM_INFO ./../tb/dut_scoreboard.sv(52) @ 710029000: uvm_test_top.env.dut_sb [SCOREBOARD] 
# ===== Captured data from AHB: 0x5282e7c
# UVM_INFO ./../tb/dut_scoreboard.sv(60) @ 713598000: uvm_test_top.env.dut_sb [SCOREBOARD] 
# ===== Captured data from UART: 0x3c
# UVM_INFO ./../tb/dut_scoreboard.sv(73) @ 713598000: uvm_test_top.env.dut_sb [dut_scoreboard] 
# 
# =====[UART TXD] Data comparison =====
# 
# UVM_INFO ./../tb/dut_scoreboard.sv(81) @ 713598000: uvm_test_top.env.dut_sb [dut_scoreboard] 
# =====[DATA FRAME: 6] PASSED SUCCESSFULLY!!! =====
# UVM_INFO ./../tb/dut_scoreboard.sv(84) @ 713598000: uvm_test_top.env.dut_sb [dut_scoreboard] 
# 
# =====[UART TXD] Parity comparison =====
# 
# UVM_INFO ./../tb/dut_scoreboard.sv(90) @ 713598000: uvm_test_top.env.dut_sb [dut_scoreboard] 
# =====[PARITY MODE: 1] PASSED SUCCESSFULLY!!! =====
# UVM_INFO ./../testcases/uart_txd_x16_random.sv(35) @ 720029000: uvm_test_top [uart_txd_x16_random] -------------------------------------------------------------
# Name                Type                Size  Value          
# -------------------------------------------------------------
# cfg                 uart_configuration  -     @360           
#   parity_mode       parity_mode_e       32    UART_PARITY_ODD
#   sampling          sampling_mode_e     32    MODE_X16       
#   data_width        integral            32    'h6            
#   num_of_stop_bit   integral            32    'h1            
#   baud_rate         integral            32    'h2580         
#   baud_rate_enable  integral            1     'h0            
#   parity_enable     integral            1     'h0            
# -------------------------------------------------------------
# 
# UVM_INFO ./../regmodel/uart_reg2ahb_adapter.sv(42) @ 720029000: reporter [uart_reg2ahb_adapter] bus2reg: address = 0x0 data = 0x0 kind = UVM_WRITE status = UVM_IS_OK
# UVM_INFO /ictc/other/tools/QuestaDVA/questasim/verilog_src/uvm-1.2/src/reg/uvm_reg_predictor.svh(221) @ 720029000: uvm_test_top.env.ahb_predictor [REG_PREDICT] Observed WRITE transaction to register regmodel.MDR: value='h0 : updated value = 'h0
# UVM_INFO ./../regmodel/uart_reg2ahb_adapter.sv(42) @ 720029000: reporter [uart_reg2ahb_adapter] bus2reg: address = 0x4 data = 0x8b kind = UVM_WRITE status = UVM_IS_OK
# UVM_INFO /ictc/other/tools/QuestaDVA/questasim/verilog_src/uvm-1.2/src/reg/uvm_reg_predictor.svh(221) @ 720029000: uvm_test_top.env.ahb_predictor [REG_PREDICT] Observed WRITE transaction to register regmodel.DLL: value='h8b : updated value = 'h8b
# UVM_INFO ./../regmodel/uart_reg2ahb_adapter.sv(42) @ 720029000: reporter [uart_reg2ahb_adapter] bus2reg: address = 0x8 data = 0x2 kind = UVM_WRITE status = UVM_IS_OK
# UVM_INFO /ictc/other/tools/QuestaDVA/questasim/verilog_src/uvm-1.2/src/reg/uvm_reg_predictor.svh(221) @ 720029000: uvm_test_top.env.ahb_predictor [REG_PREDICT] Observed WRITE transaction to register regmodel.DLH: value='h2 : updated value = 'h2
# UVM_INFO ./../regmodel/uart_reg2ahb_adapter.sv(42) @ 720029000: reporter [uart_reg2ahb_adapter] bus2reg: address = 0xc data = 0x29 kind = UVM_WRITE status = UVM_IS_OK
# UVM_INFO /ictc/other/tools/QuestaDVA/questasim/verilog_src/uvm-1.2/src/reg/uvm_reg_predictor.svh(221) @ 720029000: uvm_test_top.env.ahb_predictor [REG_PREDICT] Observed WRITE transaction to register regmodel.LCR: value='h29 : updated value = 'h29
# UVM_INFO ./../regmodel/uart_reg2ahb_adapter.sv(42) @ 720029000: reporter [uart_reg2ahb_adapter] bus2reg: address = 0x18 data = 0xaa2b095f kind = UVM_WRITE status = UVM_IS_OK
# UVM_INFO /ictc/other/tools/QuestaDVA/questasim/verilog_src/uvm-1.2/src/reg/uvm_reg_predictor.svh(221) @ 720029000: uvm_test_top.env.ahb_predictor [REG_PREDICT] Observed WRITE transaction to register regmodel.TBR: value='haa2b095f : updated value = 'h5f
# UVM_INFO ./../tb/dut_scoreboard.sv(52) @ 720029000: uvm_test_top.env.dut_sb [SCOREBOARD] 
# ===== Captured data from AHB: 0xaa2b095f
# UVM_INFO ./../tb/dut_scoreboard.sv(60) @ 721808000: uvm_test_top.env.dut_sb [SCOREBOARD] 
# ===== Captured data from UART: 0x1f
# UVM_INFO ./../tb/dut_scoreboard.sv(73) @ 721808000: uvm_test_top.env.dut_sb [dut_scoreboard] 
# 
# =====[UART TXD] Data comparison =====
# 
# UVM_INFO ./../tb/dut_scoreboard.sv(81) @ 721808000: uvm_test_top.env.dut_sb [dut_scoreboard] 
# =====[DATA FRAME: 6] PASSED SUCCESSFULLY!!! =====
# UVM_INFO ./../tb/dut_scoreboard.sv(84) @ 721808000: uvm_test_top.env.dut_sb [dut_scoreboard] 
# 
# =====[UART TXD] Parity comparison =====
# 
# UVM_INFO ./../tb/dut_scoreboard.sv(90) @ 721808000: uvm_test_top.env.dut_sb [dut_scoreboard] 
# =====[PARITY MODE: 1] PASSED SUCCESSFULLY!!! =====
# UVM_INFO ./../testcases/uart_txd_x16_random.sv(35) @ 730029000: uvm_test_top [uart_txd_x16_random] -------------------------------------------------------------
# Name                Type                Size  Value          
# -------------------------------------------------------------
# cfg                 uart_configuration  -     @360           
#   parity_mode       parity_mode_e       32    UART_PARITY_ODD
#   sampling          sampling_mode_e     32    MODE_X16       
#   data_width        integral            32    'h6            
#   num_of_stop_bit   integral            32    'h1            
#   baud_rate         integral            32    'h4b00         
#   baud_rate_enable  integral            1     'h0            
#   parity_enable     integral            1     'h0            
# -------------------------------------------------------------
# 
# UVM_INFO ./../regmodel/uart_reg2ahb_adapter.sv(42) @ 730029000: reporter [uart_reg2ahb_adapter] bus2reg: address = 0x0 data = 0x0 kind = UVM_WRITE status = UVM_IS_OK
# UVM_INFO /ictc/other/tools/QuestaDVA/questasim/verilog_src/uvm-1.2/src/reg/uvm_reg_predictor.svh(221) @ 730029000: uvm_test_top.env.ahb_predictor [REG_PREDICT] Observed WRITE transaction to register regmodel.MDR: value='h0 : updated value = 'h0
# UVM_INFO ./../regmodel/uart_reg2ahb_adapter.sv(42) @ 730029000: reporter [uart_reg2ahb_adapter] bus2reg: address = 0x4 data = 0x45 kind = UVM_WRITE status = UVM_IS_OK
# UVM_INFO /ictc/other/tools/QuestaDVA/questasim/verilog_src/uvm-1.2/src/reg/uvm_reg_predictor.svh(221) @ 730029000: uvm_test_top.env.ahb_predictor [REG_PREDICT] Observed WRITE transaction to register regmodel.DLL: value='h45 : updated value = 'h45
# UVM_INFO ./../regmodel/uart_reg2ahb_adapter.sv(42) @ 730030000: reporter [uart_reg2ahb_adapter] bus2reg: address = 0x8 data = 0x1 kind = UVM_WRITE status = UVM_IS_OK
# UVM_INFO /ictc/other/tools/QuestaDVA/questasim/verilog_src/uvm-1.2/src/reg/uvm_reg_predictor.svh(221) @ 730030000: uvm_test_top.env.ahb_predictor [REG_PREDICT] Observed WRITE transaction to register regmodel.DLH: value='h1 : updated value = 'h1
# UVM_INFO ./../regmodel/uart_reg2ahb_adapter.sv(42) @ 730030000: reporter [uart_reg2ahb_adapter] bus2reg: address = 0xc data = 0x29 kind = UVM_WRITE status = UVM_IS_OK
# UVM_INFO /ictc/other/tools/QuestaDVA/questasim/verilog_src/uvm-1.2/src/reg/uvm_reg_predictor.svh(221) @ 730030000: uvm_test_top.env.ahb_predictor [REG_PREDICT] Observed WRITE transaction to register regmodel.LCR: value='h29 : updated value = 'h29
# UVM_INFO ./../regmodel/uart_reg2ahb_adapter.sv(42) @ 730030000: reporter [uart_reg2ahb_adapter] bus2reg: address = 0x18 data = 0x210bf179 kind = UVM_WRITE status = UVM_IS_OK
# UVM_INFO /ictc/other/tools/QuestaDVA/questasim/verilog_src/uvm-1.2/src/reg/uvm_reg_predictor.svh(221) @ 730030000: uvm_test_top.env.ahb_predictor [REG_PREDICT] Observed WRITE transaction to register regmodel.TBR: value='h210bf179 : updated value = 'h79
# UVM_INFO ./../tb/dut_scoreboard.sv(52) @ 730030000: uvm_test_top.env.dut_sb [SCOREBOARD] 
# ===== Captured data from AHB: 0x210bf179
# UVM_INFO ./../tb/dut_scoreboard.sv(60) @ 730917000: uvm_test_top.env.dut_sb [SCOREBOARD] 
# ===== Captured data from UART: 0x39
# UVM_INFO ./../tb/dut_scoreboard.sv(73) @ 730917000: uvm_test_top.env.dut_sb [dut_scoreboard] 
# 
# =====[UART TXD] Data comparison =====
# 
# UVM_INFO ./../tb/dut_scoreboard.sv(81) @ 730917000: uvm_test_top.env.dut_sb [dut_scoreboard] 
# =====[DATA FRAME: 6] PASSED SUCCESSFULLY!!! =====
# UVM_INFO ./../tb/dut_scoreboard.sv(84) @ 730917000: uvm_test_top.env.dut_sb [dut_scoreboard] 
# 
# =====[UART TXD] Parity comparison =====
# 
# UVM_INFO ./../tb/dut_scoreboard.sv(90) @ 730917000: uvm_test_top.env.dut_sb [dut_scoreboard] 
# =====[PARITY MODE: 1] PASSED SUCCESSFULLY!!! =====
# UVM_INFO ./../testcases/uart_txd_x16_random.sv(35) @ 740030000: uvm_test_top [uart_txd_x16_random] -------------------------------------------------------------
# Name                Type                Size  Value          
# -------------------------------------------------------------
# cfg                 uart_configuration  -     @360           
#   parity_mode       parity_mode_e       32    UART_PARITY_ODD
#   sampling          sampling_mode_e     32    MODE_X16       
#   data_width        integral            32    'h6            
#   num_of_stop_bit   integral            32    'h1            
#   baud_rate         integral            32    'h9600         
#   baud_rate_enable  integral            1     'h0            
#   parity_enable     integral            1     'h0            
# -------------------------------------------------------------
# 
# UVM_INFO ./../regmodel/uart_reg2ahb_adapter.sv(42) @ 740030000: reporter [uart_reg2ahb_adapter] bus2reg: address = 0x0 data = 0x0 kind = UVM_WRITE status = UVM_IS_OK
# UVM_INFO /ictc/other/tools/QuestaDVA/questasim/verilog_src/uvm-1.2/src/reg/uvm_reg_predictor.svh(221) @ 740030000: uvm_test_top.env.ahb_predictor [REG_PREDICT] Observed WRITE transaction to register regmodel.MDR: value='h0 : updated value = 'h0
# UVM_INFO ./../regmodel/uart_reg2ahb_adapter.sv(42) @ 740030000: reporter [uart_reg2ahb_adapter] bus2reg: address = 0x4 data = 0xa4 kind = UVM_WRITE status = UVM_IS_OK
# UVM_INFO /ictc/other/tools/QuestaDVA/questasim/verilog_src/uvm-1.2/src/reg/uvm_reg_predictor.svh(221) @ 740030000: uvm_test_top.env.ahb_predictor [REG_PREDICT] Observed WRITE transaction to register regmodel.DLL: value='ha4 : updated value = 'ha4
# UVM_INFO ./../regmodel/uart_reg2ahb_adapter.sv(42) @ 740030000: reporter [uart_reg2ahb_adapter] bus2reg: address = 0x8 data = 0x0 kind = UVM_WRITE status = UVM_IS_OK
# UVM_INFO /ictc/other/tools/QuestaDVA/questasim/verilog_src/uvm-1.2/src/reg/uvm_reg_predictor.svh(221) @ 740030000: uvm_test_top.env.ahb_predictor [REG_PREDICT] Observed WRITE transaction to register regmodel.DLH: value='h0 : updated value = 'h0
# UVM_INFO ./../regmodel/uart_reg2ahb_adapter.sv(42) @ 740030000: reporter [uart_reg2ahb_adapter] bus2reg: address = 0xc data = 0x29 kind = UVM_WRITE status = UVM_IS_OK
# UVM_INFO /ictc/other/tools/QuestaDVA/questasim/verilog_src/uvm-1.2/src/reg/uvm_reg_predictor.svh(221) @ 740030000: uvm_test_top.env.ahb_predictor [REG_PREDICT] Observed WRITE transaction to register regmodel.LCR: value='h29 : updated value = 'h29
# UVM_INFO ./../regmodel/uart_reg2ahb_adapter.sv(42) @ 740030000: reporter [uart_reg2ahb_adapter] bus2reg: address = 0x18 data = 0x53e8d7c7 kind = UVM_WRITE status = UVM_IS_OK
# UVM_INFO /ictc/other/tools/QuestaDVA/questasim/verilog_src/uvm-1.2/src/reg/uvm_reg_predictor.svh(221) @ 740030000: uvm_test_top.env.ahb_predictor [REG_PREDICT] Observed WRITE transaction to register regmodel.TBR: value='h53e8d7c7 : updated value = 'hc7
# UVM_INFO ./../tb/dut_scoreboard.sv(52) @ 740030000: uvm_test_top.env.dut_sb [SCOREBOARD] 
# ===== Captured data from AHB: 0x53e8d7c7
# UVM_INFO ./../tb/dut_scoreboard.sv(60) @ 740475000: uvm_test_top.env.dut_sb [SCOREBOARD] 
# ===== Captured data from UART: 0x7
# UVM_INFO ./../tb/dut_scoreboard.sv(73) @ 740475000: uvm_test_top.env.dut_sb [dut_scoreboard] 
# 
# =====[UART TXD] Data comparison =====
# 
# UVM_INFO ./../tb/dut_scoreboard.sv(81) @ 740475000: uvm_test_top.env.dut_sb [dut_scoreboard] 
# =====[DATA FRAME: 6] PASSED SUCCESSFULLY!!! =====
# UVM_INFO ./../tb/dut_scoreboard.sv(84) @ 740475000: uvm_test_top.env.dut_sb [dut_scoreboard] 
# 
# =====[UART TXD] Parity comparison =====
# 
# UVM_ERROR ./../tb/dut_scoreboard.sv(87) @ 740475000: uvm_test_top.env.dut_sb [dut_scoreboard] 
# =====[PARITY MODE: 1] FAILED!!! Expected parity is 0, Actual parity is 1 =====
# UVM_INFO ./../testcases/uart_txd_x16_random.sv(35) @ 750030000: uvm_test_top [uart_txd_x16_random] -------------------------------------------------------------
# Name                Type                Size  Value          
# -------------------------------------------------------------
# cfg                 uart_configuration  -     @360           
#   parity_mode       parity_mode_e       32    UART_PARITY_ODD
#   sampling          sampling_mode_e     32    MODE_X16       
#   data_width        integral            32    'h6            
#   num_of_stop_bit   integral            32    'h1            
#   baud_rate         integral            32    'h12c00        
#   baud_rate_enable  integral            1     'h0            
#   parity_enable     integral            1     'h0            
# -------------------------------------------------------------
# 
# UVM_INFO ./../regmodel/uart_reg2ahb_adapter.sv(42) @ 750030000: reporter [uart_reg2ahb_adapter] bus2reg: address = 0x0 data = 0x0 kind = UVM_WRITE status = UVM_IS_OK
# UVM_INFO /ictc/other/tools/QuestaDVA/questasim/verilog_src/uvm-1.2/src/reg/uvm_reg_predictor.svh(221) @ 750030000: uvm_test_top.env.ahb_predictor [REG_PREDICT] Observed WRITE transaction to register regmodel.MDR: value='h0 : updated value = 'h0
# UVM_INFO ./../regmodel/uart_reg2ahb_adapter.sv(42) @ 750030000: reporter [uart_reg2ahb_adapter] bus2reg: address = 0x4 data = 0x51 kind = UVM_WRITE status = UVM_IS_OK
# UVM_INFO /ictc/other/tools/QuestaDVA/questasim/verilog_src/uvm-1.2/src/reg/uvm_reg_predictor.svh(221) @ 750030000: uvm_test_top.env.ahb_predictor [REG_PREDICT] Observed WRITE transaction to register regmodel.DLL: value='h51 : updated value = 'h51
# UVM_INFO ./../regmodel/uart_reg2ahb_adapter.sv(42) @ 750030000: reporter [uart_reg2ahb_adapter] bus2reg: address = 0x8 data = 0x0 kind = UVM_WRITE status = UVM_IS_OK
# UVM_INFO /ictc/other/tools/QuestaDVA/questasim/verilog_src/uvm-1.2/src/reg/uvm_reg_predictor.svh(221) @ 750030000: uvm_test_top.env.ahb_predictor [REG_PREDICT] Observed WRITE transaction to register regmodel.DLH: value='h0 : updated value = 'h0
# UVM_INFO ./../regmodel/uart_reg2ahb_adapter.sv(42) @ 750030000: reporter [uart_reg2ahb_adapter] bus2reg: address = 0xc data = 0x29 kind = UVM_WRITE status = UVM_IS_OK
# UVM_INFO /ictc/other/tools/QuestaDVA/questasim/verilog_src/uvm-1.2/src/reg/uvm_reg_predictor.svh(221) @ 750030000: uvm_test_top.env.ahb_predictor [REG_PREDICT] Observed WRITE transaction to register regmodel.LCR: value='h29 : updated value = 'h29
# UVM_INFO ./../regmodel/uart_reg2ahb_adapter.sv(42) @ 750031000: reporter [uart_reg2ahb_adapter] bus2reg: address = 0x18 data = 0xf2278a0 kind = UVM_WRITE status = UVM_IS_OK
# UVM_INFO /ictc/other/tools/QuestaDVA/questasim/verilog_src/uvm-1.2/src/reg/uvm_reg_predictor.svh(221) @ 750031000: uvm_test_top.env.ahb_predictor [REG_PREDICT] Observed WRITE transaction to register regmodel.TBR: value='hf2278a0 : updated value = 'ha0
# UVM_INFO ./../tb/dut_scoreboard.sv(52) @ 750031000: uvm_test_top.env.dut_sb [SCOREBOARD] 
# ===== Captured data from AHB: 0xf2278a0
# UVM_INFO ./../tb/dut_scoreboard.sv(60) @ 751561000: uvm_test_top.env.dut_sb [SCOREBOARD] 
# ===== Captured data from UART: 0x20
# UVM_INFO ./../tb/dut_scoreboard.sv(73) @ 751561000: uvm_test_top.env.dut_sb [dut_scoreboard] 
# 
# =====[UART TXD] Data comparison =====
# 
# UVM_INFO ./../tb/dut_scoreboard.sv(81) @ 751561000: uvm_test_top.env.dut_sb [dut_scoreboard] 
# =====[DATA FRAME: 6] PASSED SUCCESSFULLY!!! =====
# UVM_INFO ./../tb/dut_scoreboard.sv(84) @ 751561000: uvm_test_top.env.dut_sb [dut_scoreboard] 
# 
# =====[UART TXD] Parity comparison =====
# 
# UVM_INFO ./../tb/dut_scoreboard.sv(90) @ 751561000: uvm_test_top.env.dut_sb [dut_scoreboard] 
# =====[PARITY MODE: 1] PASSED SUCCESSFULLY!!! =====
# UVM_INFO ./../testcases/uart_txd_x16_random.sv(35) @ 760031000: uvm_test_top [uart_txd_x16_random] -------------------------------------------------------------
# Name                Type                Size  Value          
# -------------------------------------------------------------
# cfg                 uart_configuration  -     @360           
#   parity_mode       parity_mode_e       32    UART_PARITY_ODD
#   sampling          sampling_mode_e     32    MODE_X16       
#   data_width        integral            32    'h6            
#   num_of_stop_bit   integral            32    'h1            
#   baud_rate         integral            32    'h1c200        
#   baud_rate_enable  integral            1     'h0            
#   parity_enable     integral            1     'h0            
# -------------------------------------------------------------
# 
# UVM_INFO ./../regmodel/uart_reg2ahb_adapter.sv(42) @ 760031000: reporter [uart_reg2ahb_adapter] bus2reg: address = 0x0 data = 0x0 kind = UVM_WRITE status = UVM_IS_OK
# UVM_INFO /ictc/other/tools/QuestaDVA/questasim/verilog_src/uvm-1.2/src/reg/uvm_reg_predictor.svh(221) @ 760031000: uvm_test_top.env.ahb_predictor [REG_PREDICT] Observed WRITE transaction to register regmodel.MDR: value='h0 : updated value = 'h0
# UVM_INFO ./../regmodel/uart_reg2ahb_adapter.sv(42) @ 760031000: reporter [uart_reg2ahb_adapter] bus2reg: address = 0x4 data = 0x36 kind = UVM_WRITE status = UVM_IS_OK
# UVM_INFO /ictc/other/tools/QuestaDVA/questasim/verilog_src/uvm-1.2/src/reg/uvm_reg_predictor.svh(221) @ 760031000: uvm_test_top.env.ahb_predictor [REG_PREDICT] Observed WRITE transaction to register regmodel.DLL: value='h36 : updated value = 'h36
# UVM_INFO ./../regmodel/uart_reg2ahb_adapter.sv(42) @ 760031000: reporter [uart_reg2ahb_adapter] bus2reg: address = 0x8 data = 0x0 kind = UVM_WRITE status = UVM_IS_OK
# UVM_INFO /ictc/other/tools/QuestaDVA/questasim/verilog_src/uvm-1.2/src/reg/uvm_reg_predictor.svh(221) @ 760031000: uvm_test_top.env.ahb_predictor [REG_PREDICT] Observed WRITE transaction to register regmodel.DLH: value='h0 : updated value = 'h0
# UVM_INFO ./../regmodel/uart_reg2ahb_adapter.sv(42) @ 760031000: reporter [uart_reg2ahb_adapter] bus2reg: address = 0xc data = 0x29 kind = UVM_WRITE status = UVM_IS_OK
# UVM_INFO /ictc/other/tools/QuestaDVA/questasim/verilog_src/uvm-1.2/src/reg/uvm_reg_predictor.svh(221) @ 760031000: uvm_test_top.env.ahb_predictor [REG_PREDICT] Observed WRITE transaction to register regmodel.LCR: value='h29 : updated value = 'h29
# UVM_INFO ./../regmodel/uart_reg2ahb_adapter.sv(42) @ 760031000: reporter [uart_reg2ahb_adapter] bus2reg: address = 0x18 data = 0xad5be626 kind = UVM_WRITE status = UVM_IS_OK
# UVM_INFO /ictc/other/tools/QuestaDVA/questasim/verilog_src/uvm-1.2/src/reg/uvm_reg_predictor.svh(221) @ 760031000: uvm_test_top.env.ahb_predictor [REG_PREDICT] Observed WRITE transaction to register regmodel.TBR: value='had5be626 : updated value = 'h26
# UVM_INFO ./../tb/dut_scoreboard.sv(52) @ 760031000: uvm_test_top.env.dut_sb [SCOREBOARD] 
# ===== Captured data from AHB: 0xad5be626
# UVM_INFO ./../tb/dut_scoreboard.sv(60) @ 761486000: uvm_test_top.env.dut_sb [SCOREBOARD] 
# ===== Captured data from UART: 0x26
# UVM_INFO ./../tb/dut_scoreboard.sv(73) @ 761486000: uvm_test_top.env.dut_sb [dut_scoreboard] 
# 
# =====[UART TXD] Data comparison =====
# 
# UVM_INFO ./../tb/dut_scoreboard.sv(81) @ 761486000: uvm_test_top.env.dut_sb [dut_scoreboard] 
# =====[DATA FRAME: 6] PASSED SUCCESSFULLY!!! =====
# UVM_INFO ./../tb/dut_scoreboard.sv(84) @ 761486000: uvm_test_top.env.dut_sb [dut_scoreboard] 
# 
# =====[UART TXD] Parity comparison =====
# 
# UVM_ERROR ./../tb/dut_scoreboard.sv(87) @ 761486000: uvm_test_top.env.dut_sb [dut_scoreboard] 
# =====[PARITY MODE: 1] FAILED!!! Expected parity is 0, Actual parity is 1 =====
# UVM_INFO ./../testcases/uart_txd_x16_random.sv(35) @ 770031000: uvm_test_top [uart_txd_x16_random] -------------------------------------------------------------
# Name                Type                Size  Value          
# -------------------------------------------------------------
# cfg                 uart_configuration  -     @360           
#   parity_mode       parity_mode_e       32    UART_PARITY_ODD
#   sampling          sampling_mode_e     32    MODE_X16       
#   data_width        integral            32    'h6            
#   num_of_stop_bit   integral            32    'h2            
#   baud_rate         integral            32    'h960          
#   baud_rate_enable  integral            1     'h0            
#   parity_enable     integral            1     'h0            
# -------------------------------------------------------------
# 
# UVM_INFO ./../regmodel/uart_reg2ahb_adapter.sv(42) @ 770031000: reporter [uart_reg2ahb_adapter] bus2reg: address = 0x0 data = 0x0 kind = UVM_WRITE status = UVM_IS_OK
# UVM_INFO /ictc/other/tools/QuestaDVA/questasim/verilog_src/uvm-1.2/src/reg/uvm_reg_predictor.svh(221) @ 770031000: uvm_test_top.env.ahb_predictor [REG_PREDICT] Observed WRITE transaction to register regmodel.MDR: value='h0 : updated value = 'h0
# UVM_INFO ./../regmodel/uart_reg2ahb_adapter.sv(42) @ 770031000: reporter [uart_reg2ahb_adapter] bus2reg: address = 0x4 data = 0x2c kind = UVM_WRITE status = UVM_IS_OK
# UVM_INFO /ictc/other/tools/QuestaDVA/questasim/verilog_src/uvm-1.2/src/reg/uvm_reg_predictor.svh(221) @ 770031000: uvm_test_top.env.ahb_predictor [REG_PREDICT] Observed WRITE transaction to register regmodel.DLL: value='h2c : updated value = 'h2c
# UVM_INFO ./../regmodel/uart_reg2ahb_adapter.sv(42) @ 770031000: reporter [uart_reg2ahb_adapter] bus2reg: address = 0x8 data = 0xa kind = UVM_WRITE status = UVM_IS_OK
# UVM_INFO /ictc/other/tools/QuestaDVA/questasim/verilog_src/uvm-1.2/src/reg/uvm_reg_predictor.svh(221) @ 770031000: uvm_test_top.env.ahb_predictor [REG_PREDICT] Observed WRITE transaction to register regmodel.DLH: value='ha : updated value = 'ha
# UVM_INFO ./../regmodel/uart_reg2ahb_adapter.sv(42) @ 770031000: reporter [uart_reg2ahb_adapter] bus2reg: address = 0xc data = 0x2d kind = UVM_WRITE status = UVM_IS_OK
# UVM_INFO /ictc/other/tools/QuestaDVA/questasim/verilog_src/uvm-1.2/src/reg/uvm_reg_predictor.svh(221) @ 770031000: uvm_test_top.env.ahb_predictor [REG_PREDICT] Observed WRITE transaction to register regmodel.LCR: value='h2d : updated value = 'h2d
# UVM_INFO ./../regmodel/uart_reg2ahb_adapter.sv(42) @ 770031000: reporter [uart_reg2ahb_adapter] bus2reg: address = 0x18 data = 0x231209d0 kind = UVM_WRITE status = UVM_IS_OK
# UVM_INFO /ictc/other/tools/QuestaDVA/questasim/verilog_src/uvm-1.2/src/reg/uvm_reg_predictor.svh(221) @ 770031000: uvm_test_top.env.ahb_predictor [REG_PREDICT] Observed WRITE transaction to register regmodel.TBR: value='h231209d0 : updated value = 'hd0
# UVM_INFO ./../tb/dut_scoreboard.sv(52) @ 770031000: uvm_test_top.env.dut_sb [SCOREBOARD] 
# ===== Captured data from AHB: 0x231209d0
# UVM_INFO ./../tb/dut_scoreboard.sv(60) @ 777996000: uvm_test_top.env.dut_sb [SCOREBOARD] 
# ===== Captured data from UART: 0x10
# UVM_INFO ./../tb/dut_scoreboard.sv(73) @ 777996000: uvm_test_top.env.dut_sb [dut_scoreboard] 
# 
# =====[UART TXD] Data comparison =====
# 
# UVM_INFO ./../tb/dut_scoreboard.sv(81) @ 777996000: uvm_test_top.env.dut_sb [dut_scoreboard] 
# =====[DATA FRAME: 6] PASSED SUCCESSFULLY!!! =====
# UVM_INFO ./../tb/dut_scoreboard.sv(84) @ 777996000: uvm_test_top.env.dut_sb [dut_scoreboard] 
# 
# =====[UART TXD] Parity comparison =====
# 
# UVM_ERROR ./../tb/dut_scoreboard.sv(87) @ 777996000: uvm_test_top.env.dut_sb [dut_scoreboard] 
# =====[PARITY MODE: 1] FAILED!!! Expected parity is 0, Actual parity is 1 =====
# UVM_INFO ./../testcases/uart_txd_x16_random.sv(35) @ 780031000: uvm_test_top [uart_txd_x16_random] -------------------------------------------------------------
# Name                Type                Size  Value          
# -------------------------------------------------------------
# cfg                 uart_configuration  -     @360           
#   parity_mode       parity_mode_e       32    UART_PARITY_ODD
#   sampling          sampling_mode_e     32    MODE_X16       
#   data_width        integral            32    'h6            
#   num_of_stop_bit   integral            32    'h2            
#   baud_rate         integral            32    'h12c0         
#   baud_rate_enable  integral            1     'h0            
#   parity_enable     integral            1     'h0            
# -------------------------------------------------------------
# 
# UVM_INFO ./../regmodel/uart_reg2ahb_adapter.sv(42) @ 780031000: reporter [uart_reg2ahb_adapter] bus2reg: address = 0x0 data = 0x0 kind = UVM_WRITE status = UVM_IS_OK
# UVM_INFO /ictc/other/tools/QuestaDVA/questasim/verilog_src/uvm-1.2/src/reg/uvm_reg_predictor.svh(221) @ 780031000: uvm_test_top.env.ahb_predictor [REG_PREDICT] Observed WRITE transaction to register regmodel.MDR: value='h0 : updated value = 'h0
# UVM_INFO ./../regmodel/uart_reg2ahb_adapter.sv(42) @ 780031000: reporter [uart_reg2ahb_adapter] bus2reg: address = 0x4 data = 0x16 kind = UVM_WRITE status = UVM_IS_OK
# UVM_INFO /ictc/other/tools/QuestaDVA/questasim/verilog_src/uvm-1.2/src/reg/uvm_reg_predictor.svh(221) @ 780031000: uvm_test_top.env.ahb_predictor [REG_PREDICT] Observed WRITE transaction to register regmodel.DLL: value='h16 : updated value = 'h16
# UVM_INFO ./../regmodel/uart_reg2ahb_adapter.sv(42) @ 780032000: reporter [uart_reg2ahb_adapter] bus2reg: address = 0x8 data = 0x5 kind = UVM_WRITE status = UVM_IS_OK
# UVM_INFO /ictc/other/tools/QuestaDVA/questasim/verilog_src/uvm-1.2/src/reg/uvm_reg_predictor.svh(221) @ 780032000: uvm_test_top.env.ahb_predictor [REG_PREDICT] Observed WRITE transaction to register regmodel.DLH: value='h5 : updated value = 'h5
# UVM_INFO ./../regmodel/uart_reg2ahb_adapter.sv(42) @ 780032000: reporter [uart_reg2ahb_adapter] bus2reg: address = 0xc data = 0x2d kind = UVM_WRITE status = UVM_IS_OK
# UVM_INFO /ictc/other/tools/QuestaDVA/questasim/verilog_src/uvm-1.2/src/reg/uvm_reg_predictor.svh(221) @ 780032000: uvm_test_top.env.ahb_predictor [REG_PREDICT] Observed WRITE transaction to register regmodel.LCR: value='h2d : updated value = 'h2d
# UVM_INFO ./../regmodel/uart_reg2ahb_adapter.sv(42) @ 780032000: reporter [uart_reg2ahb_adapter] bus2reg: address = 0x18 data = 0xda6fab2b kind = UVM_WRITE status = UVM_IS_OK
# UVM_INFO /ictc/other/tools/QuestaDVA/questasim/verilog_src/uvm-1.2/src/reg/uvm_reg_predictor.svh(221) @ 780032000: uvm_test_top.env.ahb_predictor [REG_PREDICT] Observed WRITE transaction to register regmodel.TBR: value='hda6fab2b : updated value = 'h2b
# UVM_INFO ./../tb/dut_scoreboard.sv(52) @ 780032000: uvm_test_top.env.dut_sb [SCOREBOARD] 
# ===== Captured data from AHB: 0xda6fab2b
# UVM_INFO ./../tb/dut_scoreboard.sv(60) @ 784018000: uvm_test_top.env.dut_sb [SCOREBOARD] 
# ===== Captured data from UART: 0x2b
# UVM_INFO ./../tb/dut_scoreboard.sv(73) @ 784018000: uvm_test_top.env.dut_sb [dut_scoreboard] 
# 
# =====[UART TXD] Data comparison =====
# 
# UVM_INFO ./../tb/dut_scoreboard.sv(81) @ 784018000: uvm_test_top.env.dut_sb [dut_scoreboard] 
# =====[DATA FRAME: 6] PASSED SUCCESSFULLY!!! =====
# UVM_INFO ./../tb/dut_scoreboard.sv(84) @ 784018000: uvm_test_top.env.dut_sb [dut_scoreboard] 
# 
# =====[UART TXD] Parity comparison =====
# 
# UVM_ERROR ./../tb/dut_scoreboard.sv(87) @ 784018000: uvm_test_top.env.dut_sb [dut_scoreboard] 
# =====[PARITY MODE: 1] FAILED!!! Expected parity is 1, Actual parity is 0 =====
# UVM_INFO ./../testcases/uart_txd_x16_random.sv(35) @ 790032000: uvm_test_top [uart_txd_x16_random] -------------------------------------------------------------
# Name                Type                Size  Value          
# -------------------------------------------------------------
# cfg                 uart_configuration  -     @360           
#   parity_mode       parity_mode_e       32    UART_PARITY_ODD
#   sampling          sampling_mode_e     32    MODE_X16       
#   data_width        integral            32    'h6            
#   num_of_stop_bit   integral            32    'h2            
#   baud_rate         integral            32    'h2580         
#   baud_rate_enable  integral            1     'h0            
#   parity_enable     integral            1     'h0            
# -------------------------------------------------------------
# 
# UVM_INFO ./../regmodel/uart_reg2ahb_adapter.sv(42) @ 790032000: reporter [uart_reg2ahb_adapter] bus2reg: address = 0x0 data = 0x0 kind = UVM_WRITE status = UVM_IS_OK
# UVM_INFO /ictc/other/tools/QuestaDVA/questasim/verilog_src/uvm-1.2/src/reg/uvm_reg_predictor.svh(221) @ 790032000: uvm_test_top.env.ahb_predictor [REG_PREDICT] Observed WRITE transaction to register regmodel.MDR: value='h0 : updated value = 'h0
# UVM_INFO ./../regmodel/uart_reg2ahb_adapter.sv(42) @ 790032000: reporter [uart_reg2ahb_adapter] bus2reg: address = 0x4 data = 0x8b kind = UVM_WRITE status = UVM_IS_OK
# UVM_INFO /ictc/other/tools/QuestaDVA/questasim/verilog_src/uvm-1.2/src/reg/uvm_reg_predictor.svh(221) @ 790032000: uvm_test_top.env.ahb_predictor [REG_PREDICT] Observed WRITE transaction to register regmodel.DLL: value='h8b : updated value = 'h8b
# UVM_INFO ./../regmodel/uart_reg2ahb_adapter.sv(42) @ 790032000: reporter [uart_reg2ahb_adapter] bus2reg: address = 0x8 data = 0x2 kind = UVM_WRITE status = UVM_IS_OK
# UVM_INFO /ictc/other/tools/QuestaDVA/questasim/verilog_src/uvm-1.2/src/reg/uvm_reg_predictor.svh(221) @ 790032000: uvm_test_top.env.ahb_predictor [REG_PREDICT] Observed WRITE transaction to register regmodel.DLH: value='h2 : updated value = 'h2
# UVM_INFO ./../regmodel/uart_reg2ahb_adapter.sv(42) @ 790032000: reporter [uart_reg2ahb_adapter] bus2reg: address = 0xc data = 0x2d kind = UVM_WRITE status = UVM_IS_OK
# UVM_INFO /ictc/other/tools/QuestaDVA/questasim/verilog_src/uvm-1.2/src/reg/uvm_reg_predictor.svh(221) @ 790032000: uvm_test_top.env.ahb_predictor [REG_PREDICT] Observed WRITE transaction to register regmodel.LCR: value='h2d : updated value = 'h2d
# UVM_INFO ./../regmodel/uart_reg2ahb_adapter.sv(42) @ 790032000: reporter [uart_reg2ahb_adapter] bus2reg: address = 0x18 data = 0x522ac200 kind = UVM_WRITE status = UVM_IS_OK
# UVM_INFO /ictc/other/tools/QuestaDVA/questasim/verilog_src/uvm-1.2/src/reg/uvm_reg_predictor.svh(221) @ 790032000: uvm_test_top.env.ahb_predictor [REG_PREDICT] Observed WRITE transaction to register regmodel.TBR: value='h522ac200 : updated value = 'h0
# UVM_INFO ./../tb/dut_scoreboard.sv(52) @ 790032000: uvm_test_top.env.dut_sb [SCOREBOARD] 
# ===== Captured data from AHB: 0x522ac200
# UVM_INFO ./../tb/dut_scoreboard.sv(60) @ 792019000: uvm_test_top.env.dut_sb [SCOREBOARD] 
# ===== Captured data from UART: 0x0
# UVM_INFO ./../tb/dut_scoreboard.sv(73) @ 792019000: uvm_test_top.env.dut_sb [dut_scoreboard] 
# 
# =====[UART TXD] Data comparison =====
# 
# UVM_INFO ./../tb/dut_scoreboard.sv(81) @ 792019000: uvm_test_top.env.dut_sb [dut_scoreboard] 
# =====[DATA FRAME: 6] PASSED SUCCESSFULLY!!! =====
# UVM_INFO ./../tb/dut_scoreboard.sv(84) @ 792019000: uvm_test_top.env.dut_sb [dut_scoreboard] 
# 
# =====[UART TXD] Parity comparison =====
# 
# UVM_ERROR ./../tb/dut_scoreboard.sv(87) @ 792019000: uvm_test_top.env.dut_sb [dut_scoreboard] 
# =====[PARITY MODE: 1] FAILED!!! Expected parity is 1, Actual parity is 0 =====
# UVM_INFO ./../testcases/uart_txd_x16_random.sv(35) @ 800032000: uvm_test_top [uart_txd_x16_random] -------------------------------------------------------------
# Name                Type                Size  Value          
# -------------------------------------------------------------
# cfg                 uart_configuration  -     @360           
#   parity_mode       parity_mode_e       32    UART_PARITY_ODD
#   sampling          sampling_mode_e     32    MODE_X16       
#   data_width        integral            32    'h6            
#   num_of_stop_bit   integral            32    'h2            
#   baud_rate         integral            32    'h4b00         
#   baud_rate_enable  integral            1     'h0            
#   parity_enable     integral            1     'h0            
# -------------------------------------------------------------
# 
# UVM_INFO ./../regmodel/uart_reg2ahb_adapter.sv(42) @ 800032000: reporter [uart_reg2ahb_adapter] bus2reg: address = 0x0 data = 0x0 kind = UVM_WRITE status = UVM_IS_OK
# UVM_INFO /ictc/other/tools/QuestaDVA/questasim/verilog_src/uvm-1.2/src/reg/uvm_reg_predictor.svh(221) @ 800032000: uvm_test_top.env.ahb_predictor [REG_PREDICT] Observed WRITE transaction to register regmodel.MDR: value='h0 : updated value = 'h0
# UVM_INFO ./../regmodel/uart_reg2ahb_adapter.sv(42) @ 800032000: reporter [uart_reg2ahb_adapter] bus2reg: address = 0x4 data = 0x45 kind = UVM_WRITE status = UVM_IS_OK
# UVM_INFO /ictc/other/tools/QuestaDVA/questasim/verilog_src/uvm-1.2/src/reg/uvm_reg_predictor.svh(221) @ 800032000: uvm_test_top.env.ahb_predictor [REG_PREDICT] Observed WRITE transaction to register regmodel.DLL: value='h45 : updated value = 'h45
# UVM_INFO ./../regmodel/uart_reg2ahb_adapter.sv(42) @ 800032000: reporter [uart_reg2ahb_adapter] bus2reg: address = 0x8 data = 0x1 kind = UVM_WRITE status = UVM_IS_OK
# UVM_INFO /ictc/other/tools/QuestaDVA/questasim/verilog_src/uvm-1.2/src/reg/uvm_reg_predictor.svh(221) @ 800032000: uvm_test_top.env.ahb_predictor [REG_PREDICT] Observed WRITE transaction to register regmodel.DLH: value='h1 : updated value = 'h1
# UVM_INFO ./../regmodel/uart_reg2ahb_adapter.sv(42) @ 800032000: reporter [uart_reg2ahb_adapter] bus2reg: address = 0xc data = 0x2d kind = UVM_WRITE status = UVM_IS_OK
# UVM_INFO /ictc/other/tools/QuestaDVA/questasim/verilog_src/uvm-1.2/src/reg/uvm_reg_predictor.svh(221) @ 800032000: uvm_test_top.env.ahb_predictor [REG_PREDICT] Observed WRITE transaction to register regmodel.LCR: value='h2d : updated value = 'h2d
# UVM_INFO ./../regmodel/uart_reg2ahb_adapter.sv(42) @ 800033000: reporter [uart_reg2ahb_adapter] bus2reg: address = 0x18 data = 0xf8d441f5 kind = UVM_WRITE status = UVM_IS_OK
# UVM_INFO /ictc/other/tools/QuestaDVA/questasim/verilog_src/uvm-1.2/src/reg/uvm_reg_predictor.svh(221) @ 800033000: uvm_test_top.env.ahb_predictor [REG_PREDICT] Observed WRITE transaction to register regmodel.TBR: value='hf8d441f5 : updated value = 'hf5
# UVM_INFO ./../tb/dut_scoreboard.sv(52) @ 800033000: uvm_test_top.env.dut_sb [SCOREBOARD] 
# ===== Captured data from AHB: 0xf8d441f5
# UVM_INFO ./../tb/dut_scoreboard.sv(60) @ 801023000: uvm_test_top.env.dut_sb [SCOREBOARD] 
# ===== Captured data from UART: 0x35
# UVM_INFO ./../tb/dut_scoreboard.sv(73) @ 801023000: uvm_test_top.env.dut_sb [dut_scoreboard] 
# 
# =====[UART TXD] Data comparison =====
# 
# UVM_INFO ./../tb/dut_scoreboard.sv(81) @ 801023000: uvm_test_top.env.dut_sb [dut_scoreboard] 
# =====[DATA FRAME: 6] PASSED SUCCESSFULLY!!! =====
# UVM_INFO ./../tb/dut_scoreboard.sv(84) @ 801023000: uvm_test_top.env.dut_sb [dut_scoreboard] 
# 
# =====[UART TXD] Parity comparison =====
# 
# UVM_ERROR ./../tb/dut_scoreboard.sv(87) @ 801023000: uvm_test_top.env.dut_sb [dut_scoreboard] 
# =====[PARITY MODE: 1] FAILED!!! Expected parity is 1, Actual parity is 0 =====
# UVM_INFO ./../testcases/uart_txd_x16_random.sv(35) @ 810033000: uvm_test_top [uart_txd_x16_random] -------------------------------------------------------------
# Name                Type                Size  Value          
# -------------------------------------------------------------
# cfg                 uart_configuration  -     @360           
#   parity_mode       parity_mode_e       32    UART_PARITY_ODD
#   sampling          sampling_mode_e     32    MODE_X16       
#   data_width        integral            32    'h6            
#   num_of_stop_bit   integral            32    'h2            
#   baud_rate         integral            32    'h9600         
#   baud_rate_enable  integral            1     'h0            
#   parity_enable     integral            1     'h0            
# -------------------------------------------------------------
# 
# UVM_INFO ./../regmodel/uart_reg2ahb_adapter.sv(42) @ 810033000: reporter [uart_reg2ahb_adapter] bus2reg: address = 0x0 data = 0x0 kind = UVM_WRITE status = UVM_IS_OK
# UVM_INFO /ictc/other/tools/QuestaDVA/questasim/verilog_src/uvm-1.2/src/reg/uvm_reg_predictor.svh(221) @ 810033000: uvm_test_top.env.ahb_predictor [REG_PREDICT] Observed WRITE transaction to register regmodel.MDR: value='h0 : updated value = 'h0
# UVM_INFO ./../regmodel/uart_reg2ahb_adapter.sv(42) @ 810033000: reporter [uart_reg2ahb_adapter] bus2reg: address = 0x4 data = 0xa4 kind = UVM_WRITE status = UVM_IS_OK
# UVM_INFO /ictc/other/tools/QuestaDVA/questasim/verilog_src/uvm-1.2/src/reg/uvm_reg_predictor.svh(221) @ 810033000: uvm_test_top.env.ahb_predictor [REG_PREDICT] Observed WRITE transaction to register regmodel.DLL: value='ha4 : updated value = 'ha4
# UVM_INFO ./../regmodel/uart_reg2ahb_adapter.sv(42) @ 810033000: reporter [uart_reg2ahb_adapter] bus2reg: address = 0x8 data = 0x0 kind = UVM_WRITE status = UVM_IS_OK
# UVM_INFO /ictc/other/tools/QuestaDVA/questasim/verilog_src/uvm-1.2/src/reg/uvm_reg_predictor.svh(221) @ 810033000: uvm_test_top.env.ahb_predictor [REG_PREDICT] Observed WRITE transaction to register regmodel.DLH: value='h0 : updated value = 'h0
# UVM_INFO ./../regmodel/uart_reg2ahb_adapter.sv(42) @ 810033000: reporter [uart_reg2ahb_adapter] bus2reg: address = 0xc data = 0x2d kind = UVM_WRITE status = UVM_IS_OK
# UVM_INFO /ictc/other/tools/QuestaDVA/questasim/verilog_src/uvm-1.2/src/reg/uvm_reg_predictor.svh(221) @ 810033000: uvm_test_top.env.ahb_predictor [REG_PREDICT] Observed WRITE transaction to register regmodel.LCR: value='h2d : updated value = 'h2d
# UVM_INFO ./../regmodel/uart_reg2ahb_adapter.sv(42) @ 810033000: reporter [uart_reg2ahb_adapter] bus2reg: address = 0x18 data = 0xb111925a kind = UVM_WRITE status = UVM_IS_OK
# UVM_INFO /ictc/other/tools/QuestaDVA/questasim/verilog_src/uvm-1.2/src/reg/uvm_reg_predictor.svh(221) @ 810033000: uvm_test_top.env.ahb_predictor [REG_PREDICT] Observed WRITE transaction to register regmodel.TBR: value='hb111925a : updated value = 'h5a
# UVM_INFO ./../tb/dut_scoreboard.sv(52) @ 810033000: uvm_test_top.env.dut_sb [SCOREBOARD] 
# ===== Captured data from AHB: 0xb111925a
# UVM_INFO ./../tb/dut_scoreboard.sv(60) @ 810530000: uvm_test_top.env.dut_sb [SCOREBOARD] 
# ===== Captured data from UART: 0x1a
# UVM_INFO ./../tb/dut_scoreboard.sv(73) @ 810530000: uvm_test_top.env.dut_sb [dut_scoreboard] 
# 
# =====[UART TXD] Data comparison =====
# 
# UVM_INFO ./../tb/dut_scoreboard.sv(81) @ 810530000: uvm_test_top.env.dut_sb [dut_scoreboard] 
# =====[DATA FRAME: 6] PASSED SUCCESSFULLY!!! =====
# UVM_INFO ./../tb/dut_scoreboard.sv(84) @ 810530000: uvm_test_top.env.dut_sb [dut_scoreboard] 
# 
# =====[UART TXD] Parity comparison =====
# 
# UVM_INFO ./../tb/dut_scoreboard.sv(90) @ 810530000: uvm_test_top.env.dut_sb [dut_scoreboard] 
# =====[PARITY MODE: 1] PASSED SUCCESSFULLY!!! =====
# UVM_INFO ./../testcases/uart_txd_x16_random.sv(35) @ 820033000: uvm_test_top [uart_txd_x16_random] -------------------------------------------------------------
# Name                Type                Size  Value          
# -------------------------------------------------------------
# cfg                 uart_configuration  -     @360           
#   parity_mode       parity_mode_e       32    UART_PARITY_ODD
#   sampling          sampling_mode_e     32    MODE_X16       
#   data_width        integral            32    'h6            
#   num_of_stop_bit   integral            32    'h2            
#   baud_rate         integral            32    'h12c00        
#   baud_rate_enable  integral            1     'h0            
#   parity_enable     integral            1     'h0            
# -------------------------------------------------------------
# 
# UVM_INFO ./../regmodel/uart_reg2ahb_adapter.sv(42) @ 820033000: reporter [uart_reg2ahb_adapter] bus2reg: address = 0x0 data = 0x0 kind = UVM_WRITE status = UVM_IS_OK
# UVM_INFO /ictc/other/tools/QuestaDVA/questasim/verilog_src/uvm-1.2/src/reg/uvm_reg_predictor.svh(221) @ 820033000: uvm_test_top.env.ahb_predictor [REG_PREDICT] Observed WRITE transaction to register regmodel.MDR: value='h0 : updated value = 'h0
# UVM_INFO ./../regmodel/uart_reg2ahb_adapter.sv(42) @ 820033000: reporter [uart_reg2ahb_adapter] bus2reg: address = 0x4 data = 0x51 kind = UVM_WRITE status = UVM_IS_OK
# UVM_INFO /ictc/other/tools/QuestaDVA/questasim/verilog_src/uvm-1.2/src/reg/uvm_reg_predictor.svh(221) @ 820033000: uvm_test_top.env.ahb_predictor [REG_PREDICT] Observed WRITE transaction to register regmodel.DLL: value='h51 : updated value = 'h51
# UVM_INFO ./../regmodel/uart_reg2ahb_adapter.sv(42) @ 820033000: reporter [uart_reg2ahb_adapter] bus2reg: address = 0x8 data = 0x0 kind = UVM_WRITE status = UVM_IS_OK
# UVM_INFO /ictc/other/tools/QuestaDVA/questasim/verilog_src/uvm-1.2/src/reg/uvm_reg_predictor.svh(221) @ 820033000: uvm_test_top.env.ahb_predictor [REG_PREDICT] Observed WRITE transaction to register regmodel.DLH: value='h0 : updated value = 'h0
# UVM_INFO ./../regmodel/uart_reg2ahb_adapter.sv(42) @ 820033000: reporter [uart_reg2ahb_adapter] bus2reg: address = 0xc data = 0x2d kind = UVM_WRITE status = UVM_IS_OK
# UVM_INFO /ictc/other/tools/QuestaDVA/questasim/verilog_src/uvm-1.2/src/reg/uvm_reg_predictor.svh(221) @ 820033000: uvm_test_top.env.ahb_predictor [REG_PREDICT] Observed WRITE transaction to register regmodel.LCR: value='h2d : updated value = 'h2d
# UVM_INFO ./../regmodel/uart_reg2ahb_adapter.sv(42) @ 820033000: reporter [uart_reg2ahb_adapter] bus2reg: address = 0x18 data = 0x791848c5 kind = UVM_WRITE status = UVM_IS_OK
# UVM_INFO /ictc/other/tools/QuestaDVA/questasim/verilog_src/uvm-1.2/src/reg/uvm_reg_predictor.svh(221) @ 820033000: uvm_test_top.env.ahb_predictor [REG_PREDICT] Observed WRITE transaction to register regmodel.TBR: value='h791848c5 : updated value = 'hc5
# UVM_INFO ./../tb/dut_scoreboard.sv(52) @ 820033000: uvm_test_top.env.dut_sb [SCOREBOARD] 
# ===== Captured data from AHB: 0x791848c5
# UVM_INFO ./../tb/dut_scoreboard.sv(60) @ 821589000: uvm_test_top.env.dut_sb [SCOREBOARD] 
# ===== Captured data from UART: 0x5
# UVM_INFO ./../tb/dut_scoreboard.sv(73) @ 821589000: uvm_test_top.env.dut_sb [dut_scoreboard] 
# 
# =====[UART TXD] Data comparison =====
# 
# UVM_INFO ./../tb/dut_scoreboard.sv(81) @ 821589000: uvm_test_top.env.dut_sb [dut_scoreboard] 
# =====[DATA FRAME: 6] PASSED SUCCESSFULLY!!! =====
# UVM_INFO ./../tb/dut_scoreboard.sv(84) @ 821589000: uvm_test_top.env.dut_sb [dut_scoreboard] 
# 
# =====[UART TXD] Parity comparison =====
# 
# UVM_ERROR ./../tb/dut_scoreboard.sv(87) @ 821589000: uvm_test_top.env.dut_sb [dut_scoreboard] 
# =====[PARITY MODE: 1] FAILED!!! Expected parity is 1, Actual parity is 0 =====
# UVM_INFO ./../testcases/uart_txd_x16_random.sv(35) @ 830033000: uvm_test_top [uart_txd_x16_random] -------------------------------------------------------------
# Name                Type                Size  Value          
# -------------------------------------------------------------
# cfg                 uart_configuration  -     @360           
#   parity_mode       parity_mode_e       32    UART_PARITY_ODD
#   sampling          sampling_mode_e     32    MODE_X16       
#   data_width        integral            32    'h6            
#   num_of_stop_bit   integral            32    'h2            
#   baud_rate         integral            32    'h1c200        
#   baud_rate_enable  integral            1     'h0            
#   parity_enable     integral            1     'h0            
# -------------------------------------------------------------
# 
# UVM_INFO ./../regmodel/uart_reg2ahb_adapter.sv(42) @ 830033000: reporter [uart_reg2ahb_adapter] bus2reg: address = 0x0 data = 0x0 kind = UVM_WRITE status = UVM_IS_OK
# UVM_INFO /ictc/other/tools/QuestaDVA/questasim/verilog_src/uvm-1.2/src/reg/uvm_reg_predictor.svh(221) @ 830033000: uvm_test_top.env.ahb_predictor [REG_PREDICT] Observed WRITE transaction to register regmodel.MDR: value='h0 : updated value = 'h0
# UVM_INFO ./../regmodel/uart_reg2ahb_adapter.sv(42) @ 830033000: reporter [uart_reg2ahb_adapter] bus2reg: address = 0x4 data = 0x36 kind = UVM_WRITE status = UVM_IS_OK
# UVM_INFO /ictc/other/tools/QuestaDVA/questasim/verilog_src/uvm-1.2/src/reg/uvm_reg_predictor.svh(221) @ 830033000: uvm_test_top.env.ahb_predictor [REG_PREDICT] Observed WRITE transaction to register regmodel.DLL: value='h36 : updated value = 'h36
# UVM_INFO ./../regmodel/uart_reg2ahb_adapter.sv(42) @ 830034000: reporter [uart_reg2ahb_adapter] bus2reg: address = 0x8 data = 0x0 kind = UVM_WRITE status = UVM_IS_OK
# UVM_INFO /ictc/other/tools/QuestaDVA/questasim/verilog_src/uvm-1.2/src/reg/uvm_reg_predictor.svh(221) @ 830034000: uvm_test_top.env.ahb_predictor [REG_PREDICT] Observed WRITE transaction to register regmodel.DLH: value='h0 : updated value = 'h0
# UVM_INFO ./../regmodel/uart_reg2ahb_adapter.sv(42) @ 830034000: reporter [uart_reg2ahb_adapter] bus2reg: address = 0xc data = 0x2d kind = UVM_WRITE status = UVM_IS_OK
# UVM_INFO /ictc/other/tools/QuestaDVA/questasim/verilog_src/uvm-1.2/src/reg/uvm_reg_predictor.svh(221) @ 830034000: uvm_test_top.env.ahb_predictor [REG_PREDICT] Observed WRITE transaction to register regmodel.LCR: value='h2d : updated value = 'h2d
# UVM_INFO ./../regmodel/uart_reg2ahb_adapter.sv(42) @ 830034000: reporter [uart_reg2ahb_adapter] bus2reg: address = 0x18 data = 0x32495025 kind = UVM_WRITE status = UVM_IS_OK
# UVM_INFO /ictc/other/tools/QuestaDVA/questasim/verilog_src/uvm-1.2/src/reg/uvm_reg_predictor.svh(221) @ 830034000: uvm_test_top.env.ahb_predictor [REG_PREDICT] Observed WRITE transaction to register regmodel.TBR: value='h32495025 : updated value = 'h25
# UVM_INFO ./../tb/dut_scoreboard.sv(52) @ 830034000: uvm_test_top.env.dut_sb [SCOREBOARD] 
# ===== Captured data from AHB: 0x32495025
# UVM_INFO ./../tb/dut_scoreboard.sv(60) @ 830196000: uvm_test_top.env.dut_sb [SCOREBOARD] 
# ===== Captured data from UART: 0x25
# UVM_INFO ./../tb/dut_scoreboard.sv(73) @ 830196000: uvm_test_top.env.dut_sb [dut_scoreboard] 
# 
# =====[UART TXD] Data comparison =====
# 
# UVM_INFO ./../tb/dut_scoreboard.sv(81) @ 830196000: uvm_test_top.env.dut_sb [dut_scoreboard] 
# =====[DATA FRAME: 6] PASSED SUCCESSFULLY!!! =====
# UVM_INFO ./../tb/dut_scoreboard.sv(84) @ 830196000: uvm_test_top.env.dut_sb [dut_scoreboard] 
# 
# =====[UART TXD] Parity comparison =====
# 
# UVM_ERROR ./../tb/dut_scoreboard.sv(87) @ 830196000: uvm_test_top.env.dut_sb [dut_scoreboard] 
# =====[PARITY MODE: 1] FAILED!!! Expected parity is 0, Actual parity is 1 =====
# UVM_INFO ./../testcases/uart_txd_x16_random.sv(35) @ 840034000: uvm_test_top [uart_txd_x16_random] -------------------------------------------------------------
# Name                Type                Size  Value          
# -------------------------------------------------------------
# cfg                 uart_configuration  -     @360           
#   parity_mode       parity_mode_e       32    UART_PARITY_ODD
#   sampling          sampling_mode_e     32    MODE_X16       
#   data_width        integral            32    'h7            
#   num_of_stop_bit   integral            32    'h1            
#   baud_rate         integral            32    'h960          
#   baud_rate_enable  integral            1     'h0            
#   parity_enable     integral            1     'h0            
# -------------------------------------------------------------
# 
# UVM_INFO ./../regmodel/uart_reg2ahb_adapter.sv(42) @ 840034000: reporter [uart_reg2ahb_adapter] bus2reg: address = 0x0 data = 0x0 kind = UVM_WRITE status = UVM_IS_OK
# UVM_INFO /ictc/other/tools/QuestaDVA/questasim/verilog_src/uvm-1.2/src/reg/uvm_reg_predictor.svh(221) @ 840034000: uvm_test_top.env.ahb_predictor [REG_PREDICT] Observed WRITE transaction to register regmodel.MDR: value='h0 : updated value = 'h0
# UVM_INFO ./../regmodel/uart_reg2ahb_adapter.sv(42) @ 840034000: reporter [uart_reg2ahb_adapter] bus2reg: address = 0x4 data = 0x2c kind = UVM_WRITE status = UVM_IS_OK
# UVM_INFO /ictc/other/tools/QuestaDVA/questasim/verilog_src/uvm-1.2/src/reg/uvm_reg_predictor.svh(221) @ 840034000: uvm_test_top.env.ahb_predictor [REG_PREDICT] Observed WRITE transaction to register regmodel.DLL: value='h2c : updated value = 'h2c
# UVM_INFO ./../regmodel/uart_reg2ahb_adapter.sv(42) @ 840034000: reporter [uart_reg2ahb_adapter] bus2reg: address = 0x8 data = 0xa kind = UVM_WRITE status = UVM_IS_OK
# UVM_INFO /ictc/other/tools/QuestaDVA/questasim/verilog_src/uvm-1.2/src/reg/uvm_reg_predictor.svh(221) @ 840034000: uvm_test_top.env.ahb_predictor [REG_PREDICT] Observed WRITE transaction to register regmodel.DLH: value='ha : updated value = 'ha
# UVM_INFO ./../regmodel/uart_reg2ahb_adapter.sv(42) @ 840034000: reporter [uart_reg2ahb_adapter] bus2reg: address = 0xc data = 0x2a kind = UVM_WRITE status = UVM_IS_OK
# UVM_INFO /ictc/other/tools/QuestaDVA/questasim/verilog_src/uvm-1.2/src/reg/uvm_reg_predictor.svh(221) @ 840034000: uvm_test_top.env.ahb_predictor [REG_PREDICT] Observed WRITE transaction to register regmodel.LCR: value='h2a : updated value = 'h2a
# UVM_INFO ./../regmodel/uart_reg2ahb_adapter.sv(42) @ 840034000: reporter [uart_reg2ahb_adapter] bus2reg: address = 0x18 data = 0x54d35290 kind = UVM_WRITE status = UVM_IS_OK
# UVM_INFO /ictc/other/tools/QuestaDVA/questasim/verilog_src/uvm-1.2/src/reg/uvm_reg_predictor.svh(221) @ 840034000: uvm_test_top.env.ahb_predictor [REG_PREDICT] Observed WRITE transaction to register regmodel.TBR: value='h54d35290 : updated value = 'h90
# UVM_INFO ./../tb/dut_scoreboard.sv(52) @ 840034000: uvm_test_top.env.dut_sb [SCOREBOARD] 
# ===== Captured data from AHB: 0x54d35290
# UVM_INFO ./../tb/dut_scoreboard.sv(60) @ 847999000: uvm_test_top.env.dut_sb [SCOREBOARD] 
# ===== Captured data from UART: 0x10
# UVM_INFO ./../tb/dut_scoreboard.sv(73) @ 847999000: uvm_test_top.env.dut_sb [dut_scoreboard] 
# 
# =====[UART TXD] Data comparison =====
# 
# UVM_INFO ./../tb/dut_scoreboard.sv(81) @ 847999000: uvm_test_top.env.dut_sb [dut_scoreboard] 
# =====[DATA FRAME: 7] PASSED SUCCESSFULLY!!! =====
# UVM_INFO ./../tb/dut_scoreboard.sv(84) @ 847999000: uvm_test_top.env.dut_sb [dut_scoreboard] 
# 
# =====[UART TXD] Parity comparison =====
# 
# UVM_INFO ./../tb/dut_scoreboard.sv(90) @ 847999000: uvm_test_top.env.dut_sb [dut_scoreboard] 
# =====[PARITY MODE: 1] PASSED SUCCESSFULLY!!! =====
# UVM_INFO ./../testcases/uart_txd_x16_random.sv(35) @ 850034000: uvm_test_top [uart_txd_x16_random] -------------------------------------------------------------
# Name                Type                Size  Value          
# -------------------------------------------------------------
# cfg                 uart_configuration  -     @360           
#   parity_mode       parity_mode_e       32    UART_PARITY_ODD
#   sampling          sampling_mode_e     32    MODE_X16       
#   data_width        integral            32    'h7            
#   num_of_stop_bit   integral            32    'h1            
#   baud_rate         integral            32    'h12c0         
#   baud_rate_enable  integral            1     'h0            
#   parity_enable     integral            1     'h0            
# -------------------------------------------------------------
# 
# UVM_INFO ./../regmodel/uart_reg2ahb_adapter.sv(42) @ 850034000: reporter [uart_reg2ahb_adapter] bus2reg: address = 0x0 data = 0x0 kind = UVM_WRITE status = UVM_IS_OK
# UVM_INFO /ictc/other/tools/QuestaDVA/questasim/verilog_src/uvm-1.2/src/reg/uvm_reg_predictor.svh(221) @ 850034000: uvm_test_top.env.ahb_predictor [REG_PREDICT] Observed WRITE transaction to register regmodel.MDR: value='h0 : updated value = 'h0
# UVM_INFO ./../regmodel/uart_reg2ahb_adapter.sv(42) @ 850034000: reporter [uart_reg2ahb_adapter] bus2reg: address = 0x4 data = 0x16 kind = UVM_WRITE status = UVM_IS_OK
# UVM_INFO /ictc/other/tools/QuestaDVA/questasim/verilog_src/uvm-1.2/src/reg/uvm_reg_predictor.svh(221) @ 850034000: uvm_test_top.env.ahb_predictor [REG_PREDICT] Observed WRITE transaction to register regmodel.DLL: value='h16 : updated value = 'h16
# UVM_INFO ./../regmodel/uart_reg2ahb_adapter.sv(42) @ 850034000: reporter [uart_reg2ahb_adapter] bus2reg: address = 0x8 data = 0x5 kind = UVM_WRITE status = UVM_IS_OK
# UVM_INFO /ictc/other/tools/QuestaDVA/questasim/verilog_src/uvm-1.2/src/reg/uvm_reg_predictor.svh(221) @ 850034000: uvm_test_top.env.ahb_predictor [REG_PREDICT] Observed WRITE transaction to register regmodel.DLH: value='h5 : updated value = 'h5
# UVM_INFO ./../regmodel/uart_reg2ahb_adapter.sv(42) @ 850034000: reporter [uart_reg2ahb_adapter] bus2reg: address = 0xc data = 0x2a kind = UVM_WRITE status = UVM_IS_OK
# UVM_INFO /ictc/other/tools/QuestaDVA/questasim/verilog_src/uvm-1.2/src/reg/uvm_reg_predictor.svh(221) @ 850034000: uvm_test_top.env.ahb_predictor [REG_PREDICT] Observed WRITE transaction to register regmodel.LCR: value='h2a : updated value = 'h2a
# UVM_INFO ./../regmodel/uart_reg2ahb_adapter.sv(42) @ 850035000: reporter [uart_reg2ahb_adapter] bus2reg: address = 0x18 data = 0x6ec172d3 kind = UVM_WRITE status = UVM_IS_OK
# UVM_INFO /ictc/other/tools/QuestaDVA/questasim/verilog_src/uvm-1.2/src/reg/uvm_reg_predictor.svh(221) @ 850035000: uvm_test_top.env.ahb_predictor [REG_PREDICT] Observed WRITE transaction to register regmodel.TBR: value='h6ec172d3 : updated value = 'hd3
# UVM_INFO ./../tb/dut_scoreboard.sv(52) @ 850035000: uvm_test_top.env.dut_sb [SCOREBOARD] 
# ===== Captured data from AHB: 0x6ec172d3
# UVM_INFO ./../tb/dut_scoreboard.sv(60) @ 854020000: uvm_test_top.env.dut_sb [SCOREBOARD] 
# ===== Captured data from UART: 0x53
# UVM_INFO ./../tb/dut_scoreboard.sv(73) @ 854020000: uvm_test_top.env.dut_sb [dut_scoreboard] 
# 
# =====[UART TXD] Data comparison =====
# 
# UVM_INFO ./../tb/dut_scoreboard.sv(81) @ 854020000: uvm_test_top.env.dut_sb [dut_scoreboard] 
# =====[DATA FRAME: 7] PASSED SUCCESSFULLY!!! =====
# UVM_INFO ./../tb/dut_scoreboard.sv(84) @ 854020000: uvm_test_top.env.dut_sb [dut_scoreboard] 
# 
# =====[UART TXD] Parity comparison =====
# 
# UVM_INFO ./../tb/dut_scoreboard.sv(90) @ 854020000: uvm_test_top.env.dut_sb [dut_scoreboard] 
# =====[PARITY MODE: 1] PASSED SUCCESSFULLY!!! =====
# UVM_INFO ./../testcases/uart_txd_x16_random.sv(35) @ 860035000: uvm_test_top [uart_txd_x16_random] -------------------------------------------------------------
# Name                Type                Size  Value          
# -------------------------------------------------------------
# cfg                 uart_configuration  -     @360           
#   parity_mode       parity_mode_e       32    UART_PARITY_ODD
#   sampling          sampling_mode_e     32    MODE_X16       
#   data_width        integral            32    'h7            
#   num_of_stop_bit   integral            32    'h1            
#   baud_rate         integral            32    'h2580         
#   baud_rate_enable  integral            1     'h0            
#   parity_enable     integral            1     'h0            
# -------------------------------------------------------------
# 
# UVM_INFO ./../regmodel/uart_reg2ahb_adapter.sv(42) @ 860035000: reporter [uart_reg2ahb_adapter] bus2reg: address = 0x0 data = 0x0 kind = UVM_WRITE status = UVM_IS_OK
# UVM_INFO /ictc/other/tools/QuestaDVA/questasim/verilog_src/uvm-1.2/src/reg/uvm_reg_predictor.svh(221) @ 860035000: uvm_test_top.env.ahb_predictor [REG_PREDICT] Observed WRITE transaction to register regmodel.MDR: value='h0 : updated value = 'h0
# UVM_INFO ./../regmodel/uart_reg2ahb_adapter.sv(42) @ 860035000: reporter [uart_reg2ahb_adapter] bus2reg: address = 0x4 data = 0x8b kind = UVM_WRITE status = UVM_IS_OK
# UVM_INFO /ictc/other/tools/QuestaDVA/questasim/verilog_src/uvm-1.2/src/reg/uvm_reg_predictor.svh(221) @ 860035000: uvm_test_top.env.ahb_predictor [REG_PREDICT] Observed WRITE transaction to register regmodel.DLL: value='h8b : updated value = 'h8b
# UVM_INFO ./../regmodel/uart_reg2ahb_adapter.sv(42) @ 860035000: reporter [uart_reg2ahb_adapter] bus2reg: address = 0x8 data = 0x2 kind = UVM_WRITE status = UVM_IS_OK
# UVM_INFO /ictc/other/tools/QuestaDVA/questasim/verilog_src/uvm-1.2/src/reg/uvm_reg_predictor.svh(221) @ 860035000: uvm_test_top.env.ahb_predictor [REG_PREDICT] Observed WRITE transaction to register regmodel.DLH: value='h2 : updated value = 'h2
# UVM_INFO ./../regmodel/uart_reg2ahb_adapter.sv(42) @ 860035000: reporter [uart_reg2ahb_adapter] bus2reg: address = 0xc data = 0x2a kind = UVM_WRITE status = UVM_IS_OK
# UVM_INFO /ictc/other/tools/QuestaDVA/questasim/verilog_src/uvm-1.2/src/reg/uvm_reg_predictor.svh(221) @ 860035000: uvm_test_top.env.ahb_predictor [REG_PREDICT] Observed WRITE transaction to register regmodel.LCR: value='h2a : updated value = 'h2a
# UVM_INFO ./../regmodel/uart_reg2ahb_adapter.sv(42) @ 860035000: reporter [uart_reg2ahb_adapter] bus2reg: address = 0x18 data = 0x177b5b kind = UVM_WRITE status = UVM_IS_OK
# UVM_INFO /ictc/other/tools/QuestaDVA/questasim/verilog_src/uvm-1.2/src/reg/uvm_reg_predictor.svh(221) @ 860035000: uvm_test_top.env.ahb_predictor [REG_PREDICT] Observed WRITE transaction to register regmodel.TBR: value='h177b5b : updated value = 'h5b
# UVM_INFO ./../tb/dut_scoreboard.sv(52) @ 860035000: uvm_test_top.env.dut_sb [SCOREBOARD] 
# ===== Captured data from AHB: 0x177b5b
# UVM_INFO ./../tb/dut_scoreboard.sv(60) @ 862021000: uvm_test_top.env.dut_sb [SCOREBOARD] 
# ===== Captured data from UART: 0x5b
# UVM_INFO ./../tb/dut_scoreboard.sv(73) @ 862021000: uvm_test_top.env.dut_sb [dut_scoreboard] 
# 
# =====[UART TXD] Data comparison =====
# 
# UVM_INFO ./../tb/dut_scoreboard.sv(81) @ 862021000: uvm_test_top.env.dut_sb [dut_scoreboard] 
# =====[DATA FRAME: 7] PASSED SUCCESSFULLY!!! =====
# UVM_INFO ./../tb/dut_scoreboard.sv(84) @ 862021000: uvm_test_top.env.dut_sb [dut_scoreboard] 
# 
# =====[UART TXD] Parity comparison =====
# 
# UVM_ERROR ./../tb/dut_scoreboard.sv(87) @ 862021000: uvm_test_top.env.dut_sb [dut_scoreboard] 
# =====[PARITY MODE: 1] FAILED!!! Expected parity is 0, Actual parity is 1 =====
# UVM_INFO ./../testcases/uart_txd_x16_random.sv(35) @ 870035000: uvm_test_top [uart_txd_x16_random] -------------------------------------------------------------
# Name                Type                Size  Value          
# -------------------------------------------------------------
# cfg                 uart_configuration  -     @360           
#   parity_mode       parity_mode_e       32    UART_PARITY_ODD
#   sampling          sampling_mode_e     32    MODE_X16       
#   data_width        integral            32    'h7            
#   num_of_stop_bit   integral            32    'h1            
#   baud_rate         integral            32    'h4b00         
#   baud_rate_enable  integral            1     'h0            
#   parity_enable     integral            1     'h0            
# -------------------------------------------------------------
# 
# UVM_INFO ./../regmodel/uart_reg2ahb_adapter.sv(42) @ 870035000: reporter [uart_reg2ahb_adapter] bus2reg: address = 0x0 data = 0x0 kind = UVM_WRITE status = UVM_IS_OK
# UVM_INFO /ictc/other/tools/QuestaDVA/questasim/verilog_src/uvm-1.2/src/reg/uvm_reg_predictor.svh(221) @ 870035000: uvm_test_top.env.ahb_predictor [REG_PREDICT] Observed WRITE transaction to register regmodel.MDR: value='h0 : updated value = 'h0
# UVM_INFO ./../regmodel/uart_reg2ahb_adapter.sv(42) @ 870035000: reporter [uart_reg2ahb_adapter] bus2reg: address = 0x4 data = 0x45 kind = UVM_WRITE status = UVM_IS_OK
# UVM_INFO /ictc/other/tools/QuestaDVA/questasim/verilog_src/uvm-1.2/src/reg/uvm_reg_predictor.svh(221) @ 870035000: uvm_test_top.env.ahb_predictor [REG_PREDICT] Observed WRITE transaction to register regmodel.DLL: value='h45 : updated value = 'h45
# UVM_INFO ./../regmodel/uart_reg2ahb_adapter.sv(42) @ 870035000: reporter [uart_reg2ahb_adapter] bus2reg: address = 0x8 data = 0x1 kind = UVM_WRITE status = UVM_IS_OK
# UVM_INFO /ictc/other/tools/QuestaDVA/questasim/verilog_src/uvm-1.2/src/reg/uvm_reg_predictor.svh(221) @ 870035000: uvm_test_top.env.ahb_predictor [REG_PREDICT] Observed WRITE transaction to register regmodel.DLH: value='h1 : updated value = 'h1
# UVM_INFO ./../regmodel/uart_reg2ahb_adapter.sv(42) @ 870035000: reporter [uart_reg2ahb_adapter] bus2reg: address = 0xc data = 0x2a kind = UVM_WRITE status = UVM_IS_OK
# UVM_INFO /ictc/other/tools/QuestaDVA/questasim/verilog_src/uvm-1.2/src/reg/uvm_reg_predictor.svh(221) @ 870035000: uvm_test_top.env.ahb_predictor [REG_PREDICT] Observed WRITE transaction to register regmodel.LCR: value='h2a : updated value = 'h2a
# UVM_INFO ./../regmodel/uart_reg2ahb_adapter.sv(42) @ 870035000: reporter [uart_reg2ahb_adapter] bus2reg: address = 0x18 data = 0x886d04c9 kind = UVM_WRITE status = UVM_IS_OK
# UVM_INFO /ictc/other/tools/QuestaDVA/questasim/verilog_src/uvm-1.2/src/reg/uvm_reg_predictor.svh(221) @ 870035000: uvm_test_top.env.ahb_predictor [REG_PREDICT] Observed WRITE transaction to register regmodel.TBR: value='h886d04c9 : updated value = 'hc9
# UVM_INFO ./../tb/dut_scoreboard.sv(52) @ 870035000: uvm_test_top.env.dut_sb [SCOREBOARD] 
# ===== Captured data from AHB: 0x886d04c9
# UVM_INFO ./../tb/dut_scoreboard.sv(60) @ 871026000: uvm_test_top.env.dut_sb [SCOREBOARD] 
# ===== Captured data from UART: 0x49
# UVM_INFO ./../tb/dut_scoreboard.sv(73) @ 871026000: uvm_test_top.env.dut_sb [dut_scoreboard] 
# 
# =====[UART TXD] Data comparison =====
# 
# UVM_INFO ./../tb/dut_scoreboard.sv(81) @ 871026000: uvm_test_top.env.dut_sb [dut_scoreboard] 
# =====[DATA FRAME: 7] PASSED SUCCESSFULLY!!! =====
# UVM_INFO ./../tb/dut_scoreboard.sv(84) @ 871026000: uvm_test_top.env.dut_sb [dut_scoreboard] 
# 
# =====[UART TXD] Parity comparison =====
# 
# UVM_INFO ./../tb/dut_scoreboard.sv(90) @ 871026000: uvm_test_top.env.dut_sb [dut_scoreboard] 
# =====[PARITY MODE: 1] PASSED SUCCESSFULLY!!! =====
# UVM_INFO ./../testcases/uart_txd_x16_random.sv(35) @ 880035000: uvm_test_top [uart_txd_x16_random] -------------------------------------------------------------
# Name                Type                Size  Value          
# -------------------------------------------------------------
# cfg                 uart_configuration  -     @360           
#   parity_mode       parity_mode_e       32    UART_PARITY_ODD
#   sampling          sampling_mode_e     32    MODE_X16       
#   data_width        integral            32    'h7            
#   num_of_stop_bit   integral            32    'h1            
#   baud_rate         integral            32    'h9600         
#   baud_rate_enable  integral            1     'h0            
#   parity_enable     integral            1     'h0            
# -------------------------------------------------------------
# 
# UVM_INFO ./../regmodel/uart_reg2ahb_adapter.sv(42) @ 880035000: reporter [uart_reg2ahb_adapter] bus2reg: address = 0x0 data = 0x0 kind = UVM_WRITE status = UVM_IS_OK
# UVM_INFO /ictc/other/tools/QuestaDVA/questasim/verilog_src/uvm-1.2/src/reg/uvm_reg_predictor.svh(221) @ 880035000: uvm_test_top.env.ahb_predictor [REG_PREDICT] Observed WRITE transaction to register regmodel.MDR: value='h0 : updated value = 'h0
# UVM_INFO ./../regmodel/uart_reg2ahb_adapter.sv(42) @ 880035000: reporter [uart_reg2ahb_adapter] bus2reg: address = 0x4 data = 0xa4 kind = UVM_WRITE status = UVM_IS_OK
# UVM_INFO /ictc/other/tools/QuestaDVA/questasim/verilog_src/uvm-1.2/src/reg/uvm_reg_predictor.svh(221) @ 880035000: uvm_test_top.env.ahb_predictor [REG_PREDICT] Observed WRITE transaction to register regmodel.DLL: value='ha4 : updated value = 'ha4
# UVM_INFO ./../regmodel/uart_reg2ahb_adapter.sv(42) @ 880036000: reporter [uart_reg2ahb_adapter] bus2reg: address = 0x8 data = 0x0 kind = UVM_WRITE status = UVM_IS_OK
# UVM_INFO /ictc/other/tools/QuestaDVA/questasim/verilog_src/uvm-1.2/src/reg/uvm_reg_predictor.svh(221) @ 880036000: uvm_test_top.env.ahb_predictor [REG_PREDICT] Observed WRITE transaction to register regmodel.DLH: value='h0 : updated value = 'h0
# UVM_INFO ./../regmodel/uart_reg2ahb_adapter.sv(42) @ 880036000: reporter [uart_reg2ahb_adapter] bus2reg: address = 0xc data = 0x2a kind = UVM_WRITE status = UVM_IS_OK
# UVM_INFO /ictc/other/tools/QuestaDVA/questasim/verilog_src/uvm-1.2/src/reg/uvm_reg_predictor.svh(221) @ 880036000: uvm_test_top.env.ahb_predictor [REG_PREDICT] Observed WRITE transaction to register regmodel.LCR: value='h2a : updated value = 'h2a
# UVM_INFO ./../regmodel/uart_reg2ahb_adapter.sv(42) @ 880036000: reporter [uart_reg2ahb_adapter] bus2reg: address = 0x18 data = 0x77054766 kind = UVM_WRITE status = UVM_IS_OK
# UVM_INFO /ictc/other/tools/QuestaDVA/questasim/verilog_src/uvm-1.2/src/reg/uvm_reg_predictor.svh(221) @ 880036000: uvm_test_top.env.ahb_predictor [REG_PREDICT] Observed WRITE transaction to register regmodel.TBR: value='h77054766 : updated value = 'h66
# UVM_INFO ./../tb/dut_scoreboard.sv(52) @ 880036000: uvm_test_top.env.dut_sb [SCOREBOARD] 
# ===== Captured data from AHB: 0x77054766
# UVM_INFO ./../tb/dut_scoreboard.sv(60) @ 880532000: uvm_test_top.env.dut_sb [SCOREBOARD] 
# ===== Captured data from UART: 0x66
# UVM_INFO ./../tb/dut_scoreboard.sv(73) @ 880532000: uvm_test_top.env.dut_sb [dut_scoreboard] 
# 
# =====[UART TXD] Data comparison =====
# 
# UVM_INFO ./../tb/dut_scoreboard.sv(81) @ 880532000: uvm_test_top.env.dut_sb [dut_scoreboard] 
# =====[DATA FRAME: 7] PASSED SUCCESSFULLY!!! =====
# UVM_INFO ./../tb/dut_scoreboard.sv(84) @ 880532000: uvm_test_top.env.dut_sb [dut_scoreboard] 
# 
# =====[UART TXD] Parity comparison =====
# 
# UVM_ERROR ./../tb/dut_scoreboard.sv(87) @ 880532000: uvm_test_top.env.dut_sb [dut_scoreboard] 
# =====[PARITY MODE: 1] FAILED!!! Expected parity is 1, Actual parity is 0 =====
# UVM_INFO ./../testcases/uart_txd_x16_random.sv(35) @ 890036000: uvm_test_top [uart_txd_x16_random] -------------------------------------------------------------
# Name                Type                Size  Value          
# -------------------------------------------------------------
# cfg                 uart_configuration  -     @360           
#   parity_mode       parity_mode_e       32    UART_PARITY_ODD
#   sampling          sampling_mode_e     32    MODE_X16       
#   data_width        integral            32    'h7            
#   num_of_stop_bit   integral            32    'h1            
#   baud_rate         integral            32    'h12c00        
#   baud_rate_enable  integral            1     'h0            
#   parity_enable     integral            1     'h0            
# -------------------------------------------------------------
# 
# UVM_INFO ./../regmodel/uart_reg2ahb_adapter.sv(42) @ 890036000: reporter [uart_reg2ahb_adapter] bus2reg: address = 0x0 data = 0x0 kind = UVM_WRITE status = UVM_IS_OK
# UVM_INFO /ictc/other/tools/QuestaDVA/questasim/verilog_src/uvm-1.2/src/reg/uvm_reg_predictor.svh(221) @ 890036000: uvm_test_top.env.ahb_predictor [REG_PREDICT] Observed WRITE transaction to register regmodel.MDR: value='h0 : updated value = 'h0
# UVM_INFO ./../regmodel/uart_reg2ahb_adapter.sv(42) @ 890036000: reporter [uart_reg2ahb_adapter] bus2reg: address = 0x4 data = 0x51 kind = UVM_WRITE status = UVM_IS_OK
# UVM_INFO /ictc/other/tools/QuestaDVA/questasim/verilog_src/uvm-1.2/src/reg/uvm_reg_predictor.svh(221) @ 890036000: uvm_test_top.env.ahb_predictor [REG_PREDICT] Observed WRITE transaction to register regmodel.DLL: value='h51 : updated value = 'h51
# UVM_INFO ./../regmodel/uart_reg2ahb_adapter.sv(42) @ 890036000: reporter [uart_reg2ahb_adapter] bus2reg: address = 0x8 data = 0x0 kind = UVM_WRITE status = UVM_IS_OK
# UVM_INFO /ictc/other/tools/QuestaDVA/questasim/verilog_src/uvm-1.2/src/reg/uvm_reg_predictor.svh(221) @ 890036000: uvm_test_top.env.ahb_predictor [REG_PREDICT] Observed WRITE transaction to register regmodel.DLH: value='h0 : updated value = 'h0
# UVM_INFO ./../regmodel/uart_reg2ahb_adapter.sv(42) @ 890036000: reporter [uart_reg2ahb_adapter] bus2reg: address = 0xc data = 0x2a kind = UVM_WRITE status = UVM_IS_OK
# UVM_INFO /ictc/other/tools/QuestaDVA/questasim/verilog_src/uvm-1.2/src/reg/uvm_reg_predictor.svh(221) @ 890036000: uvm_test_top.env.ahb_predictor [REG_PREDICT] Observed WRITE transaction to register regmodel.LCR: value='h2a : updated value = 'h2a
# UVM_INFO ./../regmodel/uart_reg2ahb_adapter.sv(42) @ 890036000: reporter [uart_reg2ahb_adapter] bus2reg: address = 0x18 data = 0xa4aad851 kind = UVM_WRITE status = UVM_IS_OK
# UVM_INFO /ictc/other/tools/QuestaDVA/questasim/verilog_src/uvm-1.2/src/reg/uvm_reg_predictor.svh(221) @ 890036000: uvm_test_top.env.ahb_predictor [REG_PREDICT] Observed WRITE transaction to register regmodel.TBR: value='ha4aad851 : updated value = 'h51
# UVM_INFO ./../tb/dut_scoreboard.sv(52) @ 890036000: uvm_test_top.env.dut_sb [SCOREBOARD] 
# ===== Captured data from AHB: 0xa4aad851
# UVM_INFO ./../tb/dut_scoreboard.sv(60) @ 890284000: uvm_test_top.env.dut_sb [SCOREBOARD] 
# ===== Captured data from UART: 0x51
# UVM_INFO ./../tb/dut_scoreboard.sv(73) @ 890284000: uvm_test_top.env.dut_sb [dut_scoreboard] 
# 
# =====[UART TXD] Data comparison =====
# 
# UVM_INFO ./../tb/dut_scoreboard.sv(81) @ 890284000: uvm_test_top.env.dut_sb [dut_scoreboard] 
# =====[DATA FRAME: 7] PASSED SUCCESSFULLY!!! =====
# UVM_INFO ./../tb/dut_scoreboard.sv(84) @ 890284000: uvm_test_top.env.dut_sb [dut_scoreboard] 
# 
# =====[UART TXD] Parity comparison =====
# 
# UVM_ERROR ./../tb/dut_scoreboard.sv(87) @ 890284000: uvm_test_top.env.dut_sb [dut_scoreboard] 
# =====[PARITY MODE: 1] FAILED!!! Expected parity is 0, Actual parity is 1 =====
# UVM_INFO ./../testcases/uart_txd_x16_random.sv(35) @ 900036000: uvm_test_top [uart_txd_x16_random] -------------------------------------------------------------
# Name                Type                Size  Value          
# -------------------------------------------------------------
# cfg                 uart_configuration  -     @360           
#   parity_mode       parity_mode_e       32    UART_PARITY_ODD
#   sampling          sampling_mode_e     32    MODE_X16       
#   data_width        integral            32    'h7            
#   num_of_stop_bit   integral            32    'h1            
#   baud_rate         integral            32    'h1c200        
#   baud_rate_enable  integral            1     'h0            
#   parity_enable     integral            1     'h0            
# -------------------------------------------------------------
# 
# UVM_INFO ./../regmodel/uart_reg2ahb_adapter.sv(42) @ 900036000: reporter [uart_reg2ahb_adapter] bus2reg: address = 0x0 data = 0x0 kind = UVM_WRITE status = UVM_IS_OK
# UVM_INFO /ictc/other/tools/QuestaDVA/questasim/verilog_src/uvm-1.2/src/reg/uvm_reg_predictor.svh(221) @ 900036000: uvm_test_top.env.ahb_predictor [REG_PREDICT] Observed WRITE transaction to register regmodel.MDR: value='h0 : updated value = 'h0
# UVM_INFO ./../regmodel/uart_reg2ahb_adapter.sv(42) @ 900036000: reporter [uart_reg2ahb_adapter] bus2reg: address = 0x4 data = 0x36 kind = UVM_WRITE status = UVM_IS_OK
# UVM_INFO /ictc/other/tools/QuestaDVA/questasim/verilog_src/uvm-1.2/src/reg/uvm_reg_predictor.svh(221) @ 900036000: uvm_test_top.env.ahb_predictor [REG_PREDICT] Observed WRITE transaction to register regmodel.DLL: value='h36 : updated value = 'h36
# UVM_INFO ./../regmodel/uart_reg2ahb_adapter.sv(42) @ 900036000: reporter [uart_reg2ahb_adapter] bus2reg: address = 0x8 data = 0x0 kind = UVM_WRITE status = UVM_IS_OK
# UVM_INFO /ictc/other/tools/QuestaDVA/questasim/verilog_src/uvm-1.2/src/reg/uvm_reg_predictor.svh(221) @ 900036000: uvm_test_top.env.ahb_predictor [REG_PREDICT] Observed WRITE transaction to register regmodel.DLH: value='h0 : updated value = 'h0
# UVM_INFO ./../regmodel/uart_reg2ahb_adapter.sv(42) @ 900036000: reporter [uart_reg2ahb_adapter] bus2reg: address = 0xc data = 0x2a kind = UVM_WRITE status = UVM_IS_OK
# UVM_INFO /ictc/other/tools/QuestaDVA/questasim/verilog_src/uvm-1.2/src/reg/uvm_reg_predictor.svh(221) @ 900036000: uvm_test_top.env.ahb_predictor [REG_PREDICT] Observed WRITE transaction to register regmodel.LCR: value='h2a : updated value = 'h2a
# UVM_INFO ./../regmodel/uart_reg2ahb_adapter.sv(42) @ 900037000: reporter [uart_reg2ahb_adapter] bus2reg: address = 0x18 data = 0xea03c88a kind = UVM_WRITE status = UVM_IS_OK
# UVM_INFO /ictc/other/tools/QuestaDVA/questasim/verilog_src/uvm-1.2/src/reg/uvm_reg_predictor.svh(221) @ 900037000: uvm_test_top.env.ahb_predictor [REG_PREDICT] Observed WRITE transaction to register regmodel.TBR: value='hea03c88a : updated value = 'h8a
# UVM_INFO ./../tb/dut_scoreboard.sv(52) @ 900037000: uvm_test_top.env.dut_sb [SCOREBOARD] 
# ===== Captured data from AHB: 0xea03c88a
# UVM_INFO ./../tb/dut_scoreboard.sv(60) @ 900198000: uvm_test_top.env.dut_sb [SCOREBOARD] 
# ===== Captured data from UART: 0xa
# UVM_INFO ./../tb/dut_scoreboard.sv(73) @ 900198000: uvm_test_top.env.dut_sb [dut_scoreboard] 
# 
# =====[UART TXD] Data comparison =====
# 
# UVM_INFO ./../tb/dut_scoreboard.sv(81) @ 900198000: uvm_test_top.env.dut_sb [dut_scoreboard] 
# =====[DATA FRAME: 7] PASSED SUCCESSFULLY!!! =====
# UVM_INFO ./../tb/dut_scoreboard.sv(84) @ 900198000: uvm_test_top.env.dut_sb [dut_scoreboard] 
# 
# =====[UART TXD] Parity comparison =====
# 
# UVM_INFO ./../tb/dut_scoreboard.sv(90) @ 900198000: uvm_test_top.env.dut_sb [dut_scoreboard] 
# =====[PARITY MODE: 1] PASSED SUCCESSFULLY!!! =====
# UVM_INFO ./../testcases/uart_txd_x16_random.sv(35) @ 910037000: uvm_test_top [uart_txd_x16_random] -------------------------------------------------------------
# Name                Type                Size  Value          
# -------------------------------------------------------------
# cfg                 uart_configuration  -     @360           
#   parity_mode       parity_mode_e       32    UART_PARITY_ODD
#   sampling          sampling_mode_e     32    MODE_X16       
#   data_width        integral            32    'h7            
#   num_of_stop_bit   integral            32    'h2            
#   baud_rate         integral            32    'h960          
#   baud_rate_enable  integral            1     'h0            
#   parity_enable     integral            1     'h0            
# -------------------------------------------------------------
# 
# UVM_INFO ./../regmodel/uart_reg2ahb_adapter.sv(42) @ 910037000: reporter [uart_reg2ahb_adapter] bus2reg: address = 0x0 data = 0x0 kind = UVM_WRITE status = UVM_IS_OK
# UVM_INFO /ictc/other/tools/QuestaDVA/questasim/verilog_src/uvm-1.2/src/reg/uvm_reg_predictor.svh(221) @ 910037000: uvm_test_top.env.ahb_predictor [REG_PREDICT] Observed WRITE transaction to register regmodel.MDR: value='h0 : updated value = 'h0
# UVM_INFO ./../regmodel/uart_reg2ahb_adapter.sv(42) @ 910037000: reporter [uart_reg2ahb_adapter] bus2reg: address = 0x4 data = 0x2c kind = UVM_WRITE status = UVM_IS_OK
# UVM_INFO /ictc/other/tools/QuestaDVA/questasim/verilog_src/uvm-1.2/src/reg/uvm_reg_predictor.svh(221) @ 910037000: uvm_test_top.env.ahb_predictor [REG_PREDICT] Observed WRITE transaction to register regmodel.DLL: value='h2c : updated value = 'h2c
# UVM_INFO ./../regmodel/uart_reg2ahb_adapter.sv(42) @ 910037000: reporter [uart_reg2ahb_adapter] bus2reg: address = 0x8 data = 0xa kind = UVM_WRITE status = UVM_IS_OK
# UVM_INFO /ictc/other/tools/QuestaDVA/questasim/verilog_src/uvm-1.2/src/reg/uvm_reg_predictor.svh(221) @ 910037000: uvm_test_top.env.ahb_predictor [REG_PREDICT] Observed WRITE transaction to register regmodel.DLH: value='ha : updated value = 'ha
# UVM_INFO ./../regmodel/uart_reg2ahb_adapter.sv(42) @ 910037000: reporter [uart_reg2ahb_adapter] bus2reg: address = 0xc data = 0x2e kind = UVM_WRITE status = UVM_IS_OK
# UVM_INFO /ictc/other/tools/QuestaDVA/questasim/verilog_src/uvm-1.2/src/reg/uvm_reg_predictor.svh(221) @ 910037000: uvm_test_top.env.ahb_predictor [REG_PREDICT] Observed WRITE transaction to register regmodel.LCR: value='h2e : updated value = 'h2e
# UVM_INFO ./../regmodel/uart_reg2ahb_adapter.sv(42) @ 910037000: reporter [uart_reg2ahb_adapter] bus2reg: address = 0x18 data = 0x57b0a17f kind = UVM_WRITE status = UVM_IS_OK
# UVM_INFO /ictc/other/tools/QuestaDVA/questasim/verilog_src/uvm-1.2/src/reg/uvm_reg_predictor.svh(221) @ 910037000: uvm_test_top.env.ahb_predictor [REG_PREDICT] Observed WRITE transaction to register regmodel.TBR: value='h57b0a17f : updated value = 'h7f
# UVM_INFO ./../tb/dut_scoreboard.sv(52) @ 910037000: uvm_test_top.env.dut_sb [SCOREBOARD] 
# ===== Captured data from AHB: 0x57b0a17f
# UVM_INFO ./../tb/dut_scoreboard.sv(60) @ 918835000: uvm_test_top.env.dut_sb [SCOREBOARD] 
# ===== Captured data from UART: 0x7f
# UVM_INFO ./../tb/dut_scoreboard.sv(73) @ 918835000: uvm_test_top.env.dut_sb [dut_scoreboard] 
# 
# =====[UART TXD] Data comparison =====
# 
# UVM_INFO ./../tb/dut_scoreboard.sv(81) @ 918835000: uvm_test_top.env.dut_sb [dut_scoreboard] 
# =====[DATA FRAME: 7] PASSED SUCCESSFULLY!!! =====
# UVM_INFO ./../tb/dut_scoreboard.sv(84) @ 918835000: uvm_test_top.env.dut_sb [dut_scoreboard] 
# 
# =====[UART TXD] Parity comparison =====
# 
# UVM_ERROR ./../tb/dut_scoreboard.sv(87) @ 918835000: uvm_test_top.env.dut_sb [dut_scoreboard] 
# =====[PARITY MODE: 1] FAILED!!! Expected parity is 0, Actual parity is 1 =====
# UVM_INFO ./../testcases/uart_txd_x16_random.sv(35) @ 920037000: uvm_test_top [uart_txd_x16_random] -------------------------------------------------------------
# Name                Type                Size  Value          
# -------------------------------------------------------------
# cfg                 uart_configuration  -     @360           
#   parity_mode       parity_mode_e       32    UART_PARITY_ODD
#   sampling          sampling_mode_e     32    MODE_X16       
#   data_width        integral            32    'h7            
#   num_of_stop_bit   integral            32    'h2            
#   baud_rate         integral            32    'h12c0         
#   baud_rate_enable  integral            1     'h0            
#   parity_enable     integral            1     'h0            
# -------------------------------------------------------------
# 
# UVM_INFO ./../regmodel/uart_reg2ahb_adapter.sv(42) @ 920037000: reporter [uart_reg2ahb_adapter] bus2reg: address = 0x0 data = 0x0 kind = UVM_WRITE status = UVM_IS_OK
# UVM_INFO /ictc/other/tools/QuestaDVA/questasim/verilog_src/uvm-1.2/src/reg/uvm_reg_predictor.svh(221) @ 920037000: uvm_test_top.env.ahb_predictor [REG_PREDICT] Observed WRITE transaction to register regmodel.MDR: value='h0 : updated value = 'h0
# UVM_INFO ./../regmodel/uart_reg2ahb_adapter.sv(42) @ 920037000: reporter [uart_reg2ahb_adapter] bus2reg: address = 0x4 data = 0x16 kind = UVM_WRITE status = UVM_IS_OK
# UVM_INFO /ictc/other/tools/QuestaDVA/questasim/verilog_src/uvm-1.2/src/reg/uvm_reg_predictor.svh(221) @ 920037000: uvm_test_top.env.ahb_predictor [REG_PREDICT] Observed WRITE transaction to register regmodel.DLL: value='h16 : updated value = 'h16
# UVM_INFO ./../regmodel/uart_reg2ahb_adapter.sv(42) @ 920037000: reporter [uart_reg2ahb_adapter] bus2reg: address = 0x8 data = 0x5 kind = UVM_WRITE status = UVM_IS_OK
# UVM_INFO /ictc/other/tools/QuestaDVA/questasim/verilog_src/uvm-1.2/src/reg/uvm_reg_predictor.svh(221) @ 920037000: uvm_test_top.env.ahb_predictor [REG_PREDICT] Observed WRITE transaction to register regmodel.DLH: value='h5 : updated value = 'h5
# UVM_INFO ./../regmodel/uart_reg2ahb_adapter.sv(42) @ 920037000: reporter [uart_reg2ahb_adapter] bus2reg: address = 0xc data = 0x2e kind = UVM_WRITE status = UVM_IS_OK
# UVM_INFO /ictc/other/tools/QuestaDVA/questasim/verilog_src/uvm-1.2/src/reg/uvm_reg_predictor.svh(221) @ 920037000: uvm_test_top.env.ahb_predictor [REG_PREDICT] Observed WRITE transaction to register regmodel.LCR: value='h2e : updated value = 'h2e
# UVM_INFO ./../regmodel/uart_reg2ahb_adapter.sv(42) @ 920037000: reporter [uart_reg2ahb_adapter] bus2reg: address = 0x18 data = 0x7493c5a0 kind = UVM_WRITE status = UVM_IS_OK
# UVM_INFO /ictc/other/tools/QuestaDVA/questasim/verilog_src/uvm-1.2/src/reg/uvm_reg_predictor.svh(221) @ 920037000: uvm_test_top.env.ahb_predictor [REG_PREDICT] Observed WRITE transaction to register regmodel.TBR: value='h7493c5a0 : updated value = 'ha0
# UVM_INFO ./../tb/dut_scoreboard.sv(52) @ 920037000: uvm_test_top.env.dut_sb [SCOREBOARD] 
# ===== Captured data from AHB: 0x7493c5a0
# UVM_INFO ./../tb/dut_scoreboard.sv(60) @ 924441000: uvm_test_top.env.dut_sb [SCOREBOARD] 
# ===== Captured data from UART: 0x20
# UVM_INFO ./../tb/dut_scoreboard.sv(73) @ 924441000: uvm_test_top.env.dut_sb [dut_scoreboard] 
# 
# =====[UART TXD] Data comparison =====
# 
# UVM_INFO ./../tb/dut_scoreboard.sv(81) @ 924441000: uvm_test_top.env.dut_sb [dut_scoreboard] 
# =====[DATA FRAME: 7] PASSED SUCCESSFULLY!!! =====
# UVM_INFO ./../tb/dut_scoreboard.sv(84) @ 924441000: uvm_test_top.env.dut_sb [dut_scoreboard] 
# 
# =====[UART TXD] Parity comparison =====
# 
# UVM_INFO ./../tb/dut_scoreboard.sv(90) @ 924441000: uvm_test_top.env.dut_sb [dut_scoreboard] 
# =====[PARITY MODE: 1] PASSED SUCCESSFULLY!!! =====
# UVM_INFO ./../testcases/uart_txd_x16_random.sv(35) @ 930037000: uvm_test_top [uart_txd_x16_random] -------------------------------------------------------------
# Name                Type                Size  Value          
# -------------------------------------------------------------
# cfg                 uart_configuration  -     @360           
#   parity_mode       parity_mode_e       32    UART_PARITY_ODD
#   sampling          sampling_mode_e     32    MODE_X16       
#   data_width        integral            32    'h7            
#   num_of_stop_bit   integral            32    'h2            
#   baud_rate         integral            32    'h2580         
#   baud_rate_enable  integral            1     'h0            
#   parity_enable     integral            1     'h0            
# -------------------------------------------------------------
# 
# UVM_INFO ./../regmodel/uart_reg2ahb_adapter.sv(42) @ 930037000: reporter [uart_reg2ahb_adapter] bus2reg: address = 0x0 data = 0x0 kind = UVM_WRITE status = UVM_IS_OK
# UVM_INFO /ictc/other/tools/QuestaDVA/questasim/verilog_src/uvm-1.2/src/reg/uvm_reg_predictor.svh(221) @ 930037000: uvm_test_top.env.ahb_predictor [REG_PREDICT] Observed WRITE transaction to register regmodel.MDR: value='h0 : updated value = 'h0
# UVM_INFO ./../regmodel/uart_reg2ahb_adapter.sv(42) @ 930037000: reporter [uart_reg2ahb_adapter] bus2reg: address = 0x4 data = 0x8b kind = UVM_WRITE status = UVM_IS_OK
# UVM_INFO /ictc/other/tools/QuestaDVA/questasim/verilog_src/uvm-1.2/src/reg/uvm_reg_predictor.svh(221) @ 930037000: uvm_test_top.env.ahb_predictor [REG_PREDICT] Observed WRITE transaction to register regmodel.DLL: value='h8b : updated value = 'h8b
# UVM_INFO ./../regmodel/uart_reg2ahb_adapter.sv(42) @ 930038000: reporter [uart_reg2ahb_adapter] bus2reg: address = 0x8 data = 0x2 kind = UVM_WRITE status = UVM_IS_OK
# UVM_INFO /ictc/other/tools/QuestaDVA/questasim/verilog_src/uvm-1.2/src/reg/uvm_reg_predictor.svh(221) @ 930038000: uvm_test_top.env.ahb_predictor [REG_PREDICT] Observed WRITE transaction to register regmodel.DLH: value='h2 : updated value = 'h2
# UVM_INFO ./../regmodel/uart_reg2ahb_adapter.sv(42) @ 930038000: reporter [uart_reg2ahb_adapter] bus2reg: address = 0xc data = 0x2e kind = UVM_WRITE status = UVM_IS_OK
# UVM_INFO /ictc/other/tools/QuestaDVA/questasim/verilog_src/uvm-1.2/src/reg/uvm_reg_predictor.svh(221) @ 930038000: uvm_test_top.env.ahb_predictor [REG_PREDICT] Observed WRITE transaction to register regmodel.LCR: value='h2e : updated value = 'h2e
# UVM_INFO ./../regmodel/uart_reg2ahb_adapter.sv(42) @ 930038000: reporter [uart_reg2ahb_adapter] bus2reg: address = 0x18 data = 0x5d4c0e1e kind = UVM_WRITE status = UVM_IS_OK
# UVM_INFO /ictc/other/tools/QuestaDVA/questasim/verilog_src/uvm-1.2/src/reg/uvm_reg_predictor.svh(221) @ 930038000: uvm_test_top.env.ahb_predictor [REG_PREDICT] Observed WRITE transaction to register regmodel.TBR: value='h5d4c0e1e : updated value = 'h1e
# UVM_INFO ./../tb/dut_scoreboard.sv(52) @ 930038000: uvm_test_top.env.dut_sb [SCOREBOARD] 
# ===== Captured data from AHB: 0x5d4c0e1e
# UVM_INFO ./../tb/dut_scoreboard.sv(60) @ 932232000: uvm_test_top.env.dut_sb [SCOREBOARD] 
# ===== Captured data from UART: 0x1e
# UVM_INFO ./../tb/dut_scoreboard.sv(73) @ 932232000: uvm_test_top.env.dut_sb [dut_scoreboard] 
# 
# =====[UART TXD] Data comparison =====
# 
# UVM_INFO ./../tb/dut_scoreboard.sv(81) @ 932232000: uvm_test_top.env.dut_sb [dut_scoreboard] 
# =====[DATA FRAME: 7] PASSED SUCCESSFULLY!!! =====
# UVM_INFO ./../tb/dut_scoreboard.sv(84) @ 932232000: uvm_test_top.env.dut_sb [dut_scoreboard] 
# 
# =====[UART TXD] Parity comparison =====
# 
# UVM_ERROR ./../tb/dut_scoreboard.sv(87) @ 932232000: uvm_test_top.env.dut_sb [dut_scoreboard] 
# =====[PARITY MODE: 1] FAILED!!! Expected parity is 1, Actual parity is 0 =====
# UVM_INFO ./../testcases/uart_txd_x16_random.sv(35) @ 940038000: uvm_test_top [uart_txd_x16_random] -------------------------------------------------------------
# Name                Type                Size  Value          
# -------------------------------------------------------------
# cfg                 uart_configuration  -     @360           
#   parity_mode       parity_mode_e       32    UART_PARITY_ODD
#   sampling          sampling_mode_e     32    MODE_X16       
#   data_width        integral            32    'h7            
#   num_of_stop_bit   integral            32    'h2            
#   baud_rate         integral            32    'h4b00         
#   baud_rate_enable  integral            1     'h0            
#   parity_enable     integral            1     'h0            
# -------------------------------------------------------------
# 
# UVM_INFO ./../regmodel/uart_reg2ahb_adapter.sv(42) @ 940038000: reporter [uart_reg2ahb_adapter] bus2reg: address = 0x0 data = 0x0 kind = UVM_WRITE status = UVM_IS_OK
# UVM_INFO /ictc/other/tools/QuestaDVA/questasim/verilog_src/uvm-1.2/src/reg/uvm_reg_predictor.svh(221) @ 940038000: uvm_test_top.env.ahb_predictor [REG_PREDICT] Observed WRITE transaction to register regmodel.MDR: value='h0 : updated value = 'h0
# UVM_INFO ./../regmodel/uart_reg2ahb_adapter.sv(42) @ 940038000: reporter [uart_reg2ahb_adapter] bus2reg: address = 0x4 data = 0x45 kind = UVM_WRITE status = UVM_IS_OK
# UVM_INFO /ictc/other/tools/QuestaDVA/questasim/verilog_src/uvm-1.2/src/reg/uvm_reg_predictor.svh(221) @ 940038000: uvm_test_top.env.ahb_predictor [REG_PREDICT] Observed WRITE transaction to register regmodel.DLL: value='h45 : updated value = 'h45
# UVM_INFO ./../regmodel/uart_reg2ahb_adapter.sv(42) @ 940038000: reporter [uart_reg2ahb_adapter] bus2reg: address = 0x8 data = 0x1 kind = UVM_WRITE status = UVM_IS_OK
# UVM_INFO /ictc/other/tools/QuestaDVA/questasim/verilog_src/uvm-1.2/src/reg/uvm_reg_predictor.svh(221) @ 940038000: uvm_test_top.env.ahb_predictor [REG_PREDICT] Observed WRITE transaction to register regmodel.DLH: value='h1 : updated value = 'h1
# UVM_INFO ./../regmodel/uart_reg2ahb_adapter.sv(42) @ 940038000: reporter [uart_reg2ahb_adapter] bus2reg: address = 0xc data = 0x2e kind = UVM_WRITE status = UVM_IS_OK
# UVM_INFO /ictc/other/tools/QuestaDVA/questasim/verilog_src/uvm-1.2/src/reg/uvm_reg_predictor.svh(221) @ 940038000: uvm_test_top.env.ahb_predictor [REG_PREDICT] Observed WRITE transaction to register regmodel.LCR: value='h2e : updated value = 'h2e
# UVM_INFO ./../regmodel/uart_reg2ahb_adapter.sv(42) @ 940038000: reporter [uart_reg2ahb_adapter] bus2reg: address = 0x18 data = 0x3ec8ac79 kind = UVM_WRITE status = UVM_IS_OK
# UVM_INFO /ictc/other/tools/QuestaDVA/questasim/verilog_src/uvm-1.2/src/reg/uvm_reg_predictor.svh(221) @ 940038000: uvm_test_top.env.ahb_predictor [REG_PREDICT] Observed WRITE transaction to register regmodel.TBR: value='h3ec8ac79 : updated value = 'h79
# UVM_INFO ./../tb/dut_scoreboard.sv(52) @ 940038000: uvm_test_top.env.dut_sb [SCOREBOARD] 
# ===== Captured data from AHB: 0x3ec8ac79
# UVM_INFO ./../tb/dut_scoreboard.sv(60) @ 941133000: uvm_test_top.env.dut_sb [SCOREBOARD] 
# ===== Captured data from UART: 0x79
# UVM_INFO ./../tb/dut_scoreboard.sv(73) @ 941133000: uvm_test_top.env.dut_sb [dut_scoreboard] 
# 
# =====[UART TXD] Data comparison =====
# 
# UVM_INFO ./../tb/dut_scoreboard.sv(81) @ 941133000: uvm_test_top.env.dut_sb [dut_scoreboard] 
# =====[DATA FRAME: 7] PASSED SUCCESSFULLY!!! =====
# UVM_INFO ./../tb/dut_scoreboard.sv(84) @ 941133000: uvm_test_top.env.dut_sb [dut_scoreboard] 
# 
# =====[UART TXD] Parity comparison =====
# 
# UVM_ERROR ./../tb/dut_scoreboard.sv(87) @ 941133000: uvm_test_top.env.dut_sb [dut_scoreboard] 
# =====[PARITY MODE: 1] FAILED!!! Expected parity is 0, Actual parity is 1 =====
# UVM_INFO ./../testcases/uart_txd_x16_random.sv(35) @ 950038000: uvm_test_top [uart_txd_x16_random] -------------------------------------------------------------
# Name                Type                Size  Value          
# -------------------------------------------------------------
# cfg                 uart_configuration  -     @360           
#   parity_mode       parity_mode_e       32    UART_PARITY_ODD
#   sampling          sampling_mode_e     32    MODE_X16       
#   data_width        integral            32    'h7            
#   num_of_stop_bit   integral            32    'h2            
#   baud_rate         integral            32    'h9600         
#   baud_rate_enable  integral            1     'h0            
#   parity_enable     integral            1     'h0            
# -------------------------------------------------------------
# 
# UVM_INFO ./../regmodel/uart_reg2ahb_adapter.sv(42) @ 950038000: reporter [uart_reg2ahb_adapter] bus2reg: address = 0x0 data = 0x0 kind = UVM_WRITE status = UVM_IS_OK
# UVM_INFO /ictc/other/tools/QuestaDVA/questasim/verilog_src/uvm-1.2/src/reg/uvm_reg_predictor.svh(221) @ 950038000: uvm_test_top.env.ahb_predictor [REG_PREDICT] Observed WRITE transaction to register regmodel.MDR: value='h0 : updated value = 'h0
# UVM_INFO ./../regmodel/uart_reg2ahb_adapter.sv(42) @ 950038000: reporter [uart_reg2ahb_adapter] bus2reg: address = 0x4 data = 0xa4 kind = UVM_WRITE status = UVM_IS_OK
# UVM_INFO /ictc/other/tools/QuestaDVA/questasim/verilog_src/uvm-1.2/src/reg/uvm_reg_predictor.svh(221) @ 950038000: uvm_test_top.env.ahb_predictor [REG_PREDICT] Observed WRITE transaction to register regmodel.DLL: value='ha4 : updated value = 'ha4
# UVM_INFO ./../regmodel/uart_reg2ahb_adapter.sv(42) @ 950038000: reporter [uart_reg2ahb_adapter] bus2reg: address = 0x8 data = 0x0 kind = UVM_WRITE status = UVM_IS_OK
# UVM_INFO /ictc/other/tools/QuestaDVA/questasim/verilog_src/uvm-1.2/src/reg/uvm_reg_predictor.svh(221) @ 950038000: uvm_test_top.env.ahb_predictor [REG_PREDICT] Observed WRITE transaction to register regmodel.DLH: value='h0 : updated value = 'h0
# UVM_INFO ./../regmodel/uart_reg2ahb_adapter.sv(42) @ 950038000: reporter [uart_reg2ahb_adapter] bus2reg: address = 0xc data = 0x2e kind = UVM_WRITE status = UVM_IS_OK
# UVM_INFO /ictc/other/tools/QuestaDVA/questasim/verilog_src/uvm-1.2/src/reg/uvm_reg_predictor.svh(221) @ 950038000: uvm_test_top.env.ahb_predictor [REG_PREDICT] Observed WRITE transaction to register regmodel.LCR: value='h2e : updated value = 'h2e
# UVM_INFO ./../regmodel/uart_reg2ahb_adapter.sv(42) @ 950039000: reporter [uart_reg2ahb_adapter] bus2reg: address = 0x18 data = 0x769a90e8 kind = UVM_WRITE status = UVM_IS_OK
# UVM_INFO /ictc/other/tools/QuestaDVA/questasim/verilog_src/uvm-1.2/src/reg/uvm_reg_predictor.svh(221) @ 950039000: uvm_test_top.env.ahb_predictor [REG_PREDICT] Observed WRITE transaction to register regmodel.TBR: value='h769a90e8 : updated value = 'he8
# UVM_INFO ./../tb/dut_scoreboard.sv(52) @ 950039000: uvm_test_top.env.dut_sb [SCOREBOARD] 
# ===== Captured data from AHB: 0x769a90e8
# UVM_INFO ./../tb/dut_scoreboard.sv(60) @ 950587000: uvm_test_top.env.dut_sb [SCOREBOARD] 
# ===== Captured data from UART: 0x68
# UVM_INFO ./../tb/dut_scoreboard.sv(73) @ 950587000: uvm_test_top.env.dut_sb [dut_scoreboard] 
# 
# =====[UART TXD] Data comparison =====
# 
# UVM_INFO ./../tb/dut_scoreboard.sv(81) @ 950587000: uvm_test_top.env.dut_sb [dut_scoreboard] 
# =====[DATA FRAME: 7] PASSED SUCCESSFULLY!!! =====
# UVM_INFO ./../tb/dut_scoreboard.sv(84) @ 950587000: uvm_test_top.env.dut_sb [dut_scoreboard] 
# 
# =====[UART TXD] Parity comparison =====
# 
# UVM_INFO ./../tb/dut_scoreboard.sv(90) @ 950587000: uvm_test_top.env.dut_sb [dut_scoreboard] 
# =====[PARITY MODE: 1] PASSED SUCCESSFULLY!!! =====
# UVM_INFO ./../testcases/uart_txd_x16_random.sv(35) @ 960039000: uvm_test_top [uart_txd_x16_random] -------------------------------------------------------------
# Name                Type                Size  Value          
# -------------------------------------------------------------
# cfg                 uart_configuration  -     @360           
#   parity_mode       parity_mode_e       32    UART_PARITY_ODD
#   sampling          sampling_mode_e     32    MODE_X16       
#   data_width        integral            32    'h7            
#   num_of_stop_bit   integral            32    'h2            
#   baud_rate         integral            32    'h12c00        
#   baud_rate_enable  integral            1     'h0            
#   parity_enable     integral            1     'h0            
# -------------------------------------------------------------
# 
# UVM_INFO ./../regmodel/uart_reg2ahb_adapter.sv(42) @ 960039000: reporter [uart_reg2ahb_adapter] bus2reg: address = 0x0 data = 0x0 kind = UVM_WRITE status = UVM_IS_OK
# UVM_INFO /ictc/other/tools/QuestaDVA/questasim/verilog_src/uvm-1.2/src/reg/uvm_reg_predictor.svh(221) @ 960039000: uvm_test_top.env.ahb_predictor [REG_PREDICT] Observed WRITE transaction to register regmodel.MDR: value='h0 : updated value = 'h0
# UVM_INFO ./../regmodel/uart_reg2ahb_adapter.sv(42) @ 960039000: reporter [uart_reg2ahb_adapter] bus2reg: address = 0x4 data = 0x51 kind = UVM_WRITE status = UVM_IS_OK
# UVM_INFO /ictc/other/tools/QuestaDVA/questasim/verilog_src/uvm-1.2/src/reg/uvm_reg_predictor.svh(221) @ 960039000: uvm_test_top.env.ahb_predictor [REG_PREDICT] Observed WRITE transaction to register regmodel.DLL: value='h51 : updated value = 'h51
# UVM_INFO ./../regmodel/uart_reg2ahb_adapter.sv(42) @ 960039000: reporter [uart_reg2ahb_adapter] bus2reg: address = 0x8 data = 0x0 kind = UVM_WRITE status = UVM_IS_OK
# UVM_INFO /ictc/other/tools/QuestaDVA/questasim/verilog_src/uvm-1.2/src/reg/uvm_reg_predictor.svh(221) @ 960039000: uvm_test_top.env.ahb_predictor [REG_PREDICT] Observed WRITE transaction to register regmodel.DLH: value='h0 : updated value = 'h0
# UVM_INFO ./../regmodel/uart_reg2ahb_adapter.sv(42) @ 960039000: reporter [uart_reg2ahb_adapter] bus2reg: address = 0xc data = 0x2e kind = UVM_WRITE status = UVM_IS_OK
# UVM_INFO /ictc/other/tools/QuestaDVA/questasim/verilog_src/uvm-1.2/src/reg/uvm_reg_predictor.svh(221) @ 960039000: uvm_test_top.env.ahb_predictor [REG_PREDICT] Observed WRITE transaction to register regmodel.LCR: value='h2e : updated value = 'h2e
# UVM_INFO ./../regmodel/uart_reg2ahb_adapter.sv(42) @ 960039000: reporter [uart_reg2ahb_adapter] bus2reg: address = 0x18 data = 0xa3884a74 kind = UVM_WRITE status = UVM_IS_OK
# UVM_INFO /ictc/other/tools/QuestaDVA/questasim/verilog_src/uvm-1.2/src/reg/uvm_reg_predictor.svh(221) @ 960039000: uvm_test_top.env.ahb_predictor [REG_PREDICT] Observed WRITE transaction to register regmodel.TBR: value='ha3884a74 : updated value = 'h74
# UVM_INFO ./../tb/dut_scoreboard.sv(52) @ 960039000: uvm_test_top.env.dut_sb [SCOREBOARD] 
# ===== Captured data from AHB: 0xa3884a74
# UVM_INFO ./../tb/dut_scoreboard.sv(60) @ 961621000: uvm_test_top.env.dut_sb [SCOREBOARD] 
# ===== Captured data from UART: 0x74
# UVM_INFO ./../tb/dut_scoreboard.sv(73) @ 961621000: uvm_test_top.env.dut_sb [dut_scoreboard] 
# 
# =====[UART TXD] Data comparison =====
# 
# UVM_INFO ./../tb/dut_scoreboard.sv(81) @ 961621000: uvm_test_top.env.dut_sb [dut_scoreboard] 
# =====[DATA FRAME: 7] PASSED SUCCESSFULLY!!! =====
# UVM_INFO ./../tb/dut_scoreboard.sv(84) @ 961621000: uvm_test_top.env.dut_sb [dut_scoreboard] 
# 
# =====[UART TXD] Parity comparison =====
# 
# UVM_ERROR ./../tb/dut_scoreboard.sv(87) @ 961621000: uvm_test_top.env.dut_sb [dut_scoreboard] 
# =====[PARITY MODE: 1] FAILED!!! Expected parity is 1, Actual parity is 0 =====
# UVM_INFO ./../testcases/uart_txd_x16_random.sv(35) @ 970039000: uvm_test_top [uart_txd_x16_random] -------------------------------------------------------------
# Name                Type                Size  Value          
# -------------------------------------------------------------
# cfg                 uart_configuration  -     @360           
#   parity_mode       parity_mode_e       32    UART_PARITY_ODD
#   sampling          sampling_mode_e     32    MODE_X16       
#   data_width        integral            32    'h7            
#   num_of_stop_bit   integral            32    'h2            
#   baud_rate         integral            32    'h1c200        
#   baud_rate_enable  integral            1     'h0            
#   parity_enable     integral            1     'h0            
# -------------------------------------------------------------
# 
# UVM_INFO ./../regmodel/uart_reg2ahb_adapter.sv(42) @ 970039000: reporter [uart_reg2ahb_adapter] bus2reg: address = 0x0 data = 0x0 kind = UVM_WRITE status = UVM_IS_OK
# UVM_INFO /ictc/other/tools/QuestaDVA/questasim/verilog_src/uvm-1.2/src/reg/uvm_reg_predictor.svh(221) @ 970039000: uvm_test_top.env.ahb_predictor [REG_PREDICT] Observed WRITE transaction to register regmodel.MDR: value='h0 : updated value = 'h0
# UVM_INFO ./../regmodel/uart_reg2ahb_adapter.sv(42) @ 970039000: reporter [uart_reg2ahb_adapter] bus2reg: address = 0x4 data = 0x36 kind = UVM_WRITE status = UVM_IS_OK
# UVM_INFO /ictc/other/tools/QuestaDVA/questasim/verilog_src/uvm-1.2/src/reg/uvm_reg_predictor.svh(221) @ 970039000: uvm_test_top.env.ahb_predictor [REG_PREDICT] Observed WRITE transaction to register regmodel.DLL: value='h36 : updated value = 'h36
# UVM_INFO ./../regmodel/uart_reg2ahb_adapter.sv(42) @ 970039000: reporter [uart_reg2ahb_adapter] bus2reg: address = 0x8 data = 0x0 kind = UVM_WRITE status = UVM_IS_OK
# UVM_INFO /ictc/other/tools/QuestaDVA/questasim/verilog_src/uvm-1.2/src/reg/uvm_reg_predictor.svh(221) @ 970039000: uvm_test_top.env.ahb_predictor [REG_PREDICT] Observed WRITE transaction to register regmodel.DLH: value='h0 : updated value = 'h0
# UVM_INFO ./../regmodel/uart_reg2ahb_adapter.sv(42) @ 970039000: reporter [uart_reg2ahb_adapter] bus2reg: address = 0xc data = 0x2e kind = UVM_WRITE status = UVM_IS_OK
# UVM_INFO /ictc/other/tools/QuestaDVA/questasim/verilog_src/uvm-1.2/src/reg/uvm_reg_predictor.svh(221) @ 970039000: uvm_test_top.env.ahb_predictor [REG_PREDICT] Observed WRITE transaction to register regmodel.LCR: value='h2e : updated value = 'h2e
# UVM_INFO ./../regmodel/uart_reg2ahb_adapter.sv(42) @ 970039000: reporter [uart_reg2ahb_adapter] bus2reg: address = 0x18 data = 0x5c77279b kind = UVM_WRITE status = UVM_IS_OK
# UVM_INFO /ictc/other/tools/QuestaDVA/questasim/verilog_src/uvm-1.2/src/reg/uvm_reg_predictor.svh(221) @ 970039000: uvm_test_top.env.ahb_predictor [REG_PREDICT] Observed WRITE transaction to register regmodel.TBR: value='h5c77279b : updated value = 'h9b
# UVM_INFO ./../tb/dut_scoreboard.sv(52) @ 970039000: uvm_test_top.env.dut_sb [SCOREBOARD] 
# ===== Captured data from AHB: 0x5c77279b
# UVM_INFO ./../tb/dut_scoreboard.sv(60) @ 971528000: uvm_test_top.env.dut_sb [SCOREBOARD] 
# ===== Captured data from UART: 0x1b
# UVM_INFO ./../tb/dut_scoreboard.sv(73) @ 971528000: uvm_test_top.env.dut_sb [dut_scoreboard] 
# 
# =====[UART TXD] Data comparison =====
# 
# UVM_INFO ./../tb/dut_scoreboard.sv(81) @ 971528000: uvm_test_top.env.dut_sb [dut_scoreboard] 
# =====[DATA FRAME: 7] PASSED SUCCESSFULLY!!! =====
# UVM_INFO ./../tb/dut_scoreboard.sv(84) @ 971528000: uvm_test_top.env.dut_sb [dut_scoreboard] 
# 
# =====[UART TXD] Parity comparison =====
# 
# UVM_INFO ./../tb/dut_scoreboard.sv(90) @ 971528000: uvm_test_top.env.dut_sb [dut_scoreboard] 
# =====[PARITY MODE: 1] PASSED SUCCESSFULLY!!! =====
# UVM_INFO ./../testcases/uart_txd_x16_random.sv(35) @ 980039000: uvm_test_top [uart_txd_x16_random] -------------------------------------------------------------
# Name                Type                Size  Value          
# -------------------------------------------------------------
# cfg                 uart_configuration  -     @360           
#   parity_mode       parity_mode_e       32    UART_PARITY_ODD
#   sampling          sampling_mode_e     32    MODE_X16       
#   data_width        integral            32    'h8            
#   num_of_stop_bit   integral            32    'h1            
#   baud_rate         integral            32    'h960          
#   baud_rate_enable  integral            1     'h0            
#   parity_enable     integral            1     'h0            
# -------------------------------------------------------------
# 
# UVM_INFO ./../regmodel/uart_reg2ahb_adapter.sv(42) @ 980039000: reporter [uart_reg2ahb_adapter] bus2reg: address = 0x0 data = 0x0 kind = UVM_WRITE status = UVM_IS_OK
# UVM_INFO /ictc/other/tools/QuestaDVA/questasim/verilog_src/uvm-1.2/src/reg/uvm_reg_predictor.svh(221) @ 980039000: uvm_test_top.env.ahb_predictor [REG_PREDICT] Observed WRITE transaction to register regmodel.MDR: value='h0 : updated value = 'h0
# UVM_INFO ./../regmodel/uart_reg2ahb_adapter.sv(42) @ 980039000: reporter [uart_reg2ahb_adapter] bus2reg: address = 0x4 data = 0x2c kind = UVM_WRITE status = UVM_IS_OK
# UVM_INFO /ictc/other/tools/QuestaDVA/questasim/verilog_src/uvm-1.2/src/reg/uvm_reg_predictor.svh(221) @ 980039000: uvm_test_top.env.ahb_predictor [REG_PREDICT] Observed WRITE transaction to register regmodel.DLL: value='h2c : updated value = 'h2c
# UVM_INFO ./../regmodel/uart_reg2ahb_adapter.sv(42) @ 980040000: reporter [uart_reg2ahb_adapter] bus2reg: address = 0x8 data = 0xa kind = UVM_WRITE status = UVM_IS_OK
# UVM_INFO /ictc/other/tools/QuestaDVA/questasim/verilog_src/uvm-1.2/src/reg/uvm_reg_predictor.svh(221) @ 980040000: uvm_test_top.env.ahb_predictor [REG_PREDICT] Observed WRITE transaction to register regmodel.DLH: value='ha : updated value = 'ha
# UVM_INFO ./../regmodel/uart_reg2ahb_adapter.sv(42) @ 980040000: reporter [uart_reg2ahb_adapter] bus2reg: address = 0xc data = 0x2b kind = UVM_WRITE status = UVM_IS_OK
# UVM_INFO /ictc/other/tools/QuestaDVA/questasim/verilog_src/uvm-1.2/src/reg/uvm_reg_predictor.svh(221) @ 980040000: uvm_test_top.env.ahb_predictor [REG_PREDICT] Observed WRITE transaction to register regmodel.LCR: value='h2b : updated value = 'h2b
# UVM_INFO ./../regmodel/uart_reg2ahb_adapter.sv(42) @ 980040000: reporter [uart_reg2ahb_adapter] bus2reg: address = 0x18 data = 0xfd688711 kind = UVM_WRITE status = UVM_IS_OK
# UVM_INFO /ictc/other/tools/QuestaDVA/questasim/verilog_src/uvm-1.2/src/reg/uvm_reg_predictor.svh(221) @ 980040000: uvm_test_top.env.ahb_predictor [REG_PREDICT] Observed WRITE transaction to register regmodel.TBR: value='hfd688711 : updated value = 'h11
# UVM_INFO ./../tb/dut_scoreboard.sv(52) @ 980040000: uvm_test_top.env.dut_sb [SCOREBOARD] 
# ===== Captured data from AHB: 0xfd688711
# UVM_INFO ./../tb/dut_scoreboard.sv(60) @ 988838000: uvm_test_top.env.dut_sb [SCOREBOARD] 
# ===== Captured data from UART: 0x11
# UVM_INFO ./../tb/dut_scoreboard.sv(73) @ 988838000: uvm_test_top.env.dut_sb [dut_scoreboard] 
# 
# =====[UART TXD] Data comparison =====
# 
# UVM_INFO ./../tb/dut_scoreboard.sv(81) @ 988838000: uvm_test_top.env.dut_sb [dut_scoreboard] 
# =====[DATA FRAME: 8] PASSED SUCCESSFULLY!!! =====
# UVM_INFO ./../tb/dut_scoreboard.sv(84) @ 988838000: uvm_test_top.env.dut_sb [dut_scoreboard] 
# 
# =====[UART TXD] Parity comparison =====
# 
# UVM_ERROR ./../tb/dut_scoreboard.sv(87) @ 988838000: uvm_test_top.env.dut_sb [dut_scoreboard] 
# =====[PARITY MODE: 1] FAILED!!! Expected parity is 1, Actual parity is 0 =====
# UVM_INFO ./../testcases/uart_txd_x16_random.sv(35) @ 990040000: uvm_test_top [uart_txd_x16_random] -------------------------------------------------------------
# Name                Type                Size  Value          
# -------------------------------------------------------------
# cfg                 uart_configuration  -     @360           
#   parity_mode       parity_mode_e       32    UART_PARITY_ODD
#   sampling          sampling_mode_e     32    MODE_X16       
#   data_width        integral            32    'h8            
#   num_of_stop_bit   integral            32    'h1            
#   baud_rate         integral            32    'h12c0         
#   baud_rate_enable  integral            1     'h0            
#   parity_enable     integral            1     'h0            
# -------------------------------------------------------------
# 
# UVM_INFO ./../regmodel/uart_reg2ahb_adapter.sv(42) @ 990040000: reporter [uart_reg2ahb_adapter] bus2reg: address = 0x0 data = 0x0 kind = UVM_WRITE status = UVM_IS_OK
# UVM_INFO /ictc/other/tools/QuestaDVA/questasim/verilog_src/uvm-1.2/src/reg/uvm_reg_predictor.svh(221) @ 990040000: uvm_test_top.env.ahb_predictor [REG_PREDICT] Observed WRITE transaction to register regmodel.MDR: value='h0 : updated value = 'h0
# UVM_INFO ./../regmodel/uart_reg2ahb_adapter.sv(42) @ 990040000: reporter [uart_reg2ahb_adapter] bus2reg: address = 0x4 data = 0x16 kind = UVM_WRITE status = UVM_IS_OK
# UVM_INFO /ictc/other/tools/QuestaDVA/questasim/verilog_src/uvm-1.2/src/reg/uvm_reg_predictor.svh(221) @ 990040000: uvm_test_top.env.ahb_predictor [REG_PREDICT] Observed WRITE transaction to register regmodel.DLL: value='h16 : updated value = 'h16
# UVM_INFO ./../regmodel/uart_reg2ahb_adapter.sv(42) @ 990040000: reporter [uart_reg2ahb_adapter] bus2reg: address = 0x8 data = 0x5 kind = UVM_WRITE status = UVM_IS_OK
# UVM_INFO /ictc/other/tools/QuestaDVA/questasim/verilog_src/uvm-1.2/src/reg/uvm_reg_predictor.svh(221) @ 990040000: uvm_test_top.env.ahb_predictor [REG_PREDICT] Observed WRITE transaction to register regmodel.DLH: value='h5 : updated value = 'h5
# UVM_INFO ./../regmodel/uart_reg2ahb_adapter.sv(42) @ 990040000: reporter [uart_reg2ahb_adapter] bus2reg: address = 0xc data = 0x2b kind = UVM_WRITE status = UVM_IS_OK
# UVM_INFO /ictc/other/tools/QuestaDVA/questasim/verilog_src/uvm-1.2/src/reg/uvm_reg_predictor.svh(221) @ 990040000: uvm_test_top.env.ahb_predictor [REG_PREDICT] Observed WRITE transaction to register regmodel.LCR: value='h2b : updated value = 'h2b
# UVM_INFO ./../regmodel/uart_reg2ahb_adapter.sv(42) @ 990040000: reporter [uart_reg2ahb_adapter] bus2reg: address = 0x18 data = 0xfe382983 kind = UVM_WRITE status = UVM_IS_OK
# UVM_INFO /ictc/other/tools/QuestaDVA/questasim/verilog_src/uvm-1.2/src/reg/uvm_reg_predictor.svh(221) @ 990040000: uvm_test_top.env.ahb_predictor [REG_PREDICT] Observed WRITE transaction to register regmodel.TBR: value='hfe382983 : updated value = 'h83
# UVM_INFO ./../tb/dut_scoreboard.sv(52) @ 990040000: uvm_test_top.env.dut_sb [SCOREBOARD] 
# ===== Captured data from AHB: 0xfe382983
# UVM_INFO ./../tb/dut_scoreboard.sv(60) @ 994443000: uvm_test_top.env.dut_sb [SCOREBOARD] 
# ===== Captured data from UART: 0x83
# UVM_INFO ./../tb/dut_scoreboard.sv(73) @ 994443000: uvm_test_top.env.dut_sb [dut_scoreboard] 
# 
# =====[UART TXD] Data comparison =====
# 
# UVM_INFO ./../tb/dut_scoreboard.sv(81) @ 994443000: uvm_test_top.env.dut_sb [dut_scoreboard] 
# =====[DATA FRAME: 8] PASSED SUCCESSFULLY!!! =====
# UVM_INFO ./../tb/dut_scoreboard.sv(84) @ 994443000: uvm_test_top.env.dut_sb [dut_scoreboard] 
# 
# =====[UART TXD] Parity comparison =====
# 
# UVM_ERROR ./../tb/dut_scoreboard.sv(87) @ 994443000: uvm_test_top.env.dut_sb [dut_scoreboard] 
# =====[PARITY MODE: 1] FAILED!!! Expected parity is 0, Actual parity is 1 =====
# UVM_INFO ./../testcases/uart_txd_x16_random.sv(35) @ 1000040000: uvm_test_top [uart_txd_x16_random] -------------------------------------------------------------
# Name                Type                Size  Value          
# -------------------------------------------------------------
# cfg                 uart_configuration  -     @360           
#   parity_mode       parity_mode_e       32    UART_PARITY_ODD
#   sampling          sampling_mode_e     32    MODE_X16       
#   data_width        integral            32    'h8            
#   num_of_stop_bit   integral            32    'h1            
#   baud_rate         integral            32    'h2580         
#   baud_rate_enable  integral            1     'h0            
#   parity_enable     integral            1     'h0            
# -------------------------------------------------------------
# 
# UVM_INFO ./../regmodel/uart_reg2ahb_adapter.sv(42) @ 1000040000: reporter [uart_reg2ahb_adapter] bus2reg: address = 0x0 data = 0x0 kind = UVM_WRITE status = UVM_IS_OK
# UVM_INFO /ictc/other/tools/QuestaDVA/questasim/verilog_src/uvm-1.2/src/reg/uvm_reg_predictor.svh(221) @ 1000040000: uvm_test_top.env.ahb_predictor [REG_PREDICT] Observed WRITE transaction to register regmodel.MDR: value='h0 : updated value = 'h0
# UVM_INFO ./../regmodel/uart_reg2ahb_adapter.sv(42) @ 1000040000: reporter [uart_reg2ahb_adapter] bus2reg: address = 0x4 data = 0x8b kind = UVM_WRITE status = UVM_IS_OK
# UVM_INFO /ictc/other/tools/QuestaDVA/questasim/verilog_src/uvm-1.2/src/reg/uvm_reg_predictor.svh(221) @ 1000040000: uvm_test_top.env.ahb_predictor [REG_PREDICT] Observed WRITE transaction to register regmodel.DLL: value='h8b : updated value = 'h8b
# UVM_INFO ./../regmodel/uart_reg2ahb_adapter.sv(42) @ 1000040000: reporter [uart_reg2ahb_adapter] bus2reg: address = 0x8 data = 0x2 kind = UVM_WRITE status = UVM_IS_OK
# UVM_INFO /ictc/other/tools/QuestaDVA/questasim/verilog_src/uvm-1.2/src/reg/uvm_reg_predictor.svh(221) @ 1000040000: uvm_test_top.env.ahb_predictor [REG_PREDICT] Observed WRITE transaction to register regmodel.DLH: value='h2 : updated value = 'h2
# UVM_INFO ./../regmodel/uart_reg2ahb_adapter.sv(42) @ 1000040000: reporter [uart_reg2ahb_adapter] bus2reg: address = 0xc data = 0x2b kind = UVM_WRITE status = UVM_IS_OK
# UVM_INFO /ictc/other/tools/QuestaDVA/questasim/verilog_src/uvm-1.2/src/reg/uvm_reg_predictor.svh(221) @ 1000040000: uvm_test_top.env.ahb_predictor [REG_PREDICT] Observed WRITE transaction to register regmodel.LCR: value='h2b : updated value = 'h2b
# UVM_INFO ./../regmodel/uart_reg2ahb_adapter.sv(42) @ 1000041000: reporter [uart_reg2ahb_adapter] bus2reg: address = 0x18 data = 0x7c4330e2 kind = UVM_WRITE status = UVM_IS_OK
# UVM_INFO /ictc/other/tools/QuestaDVA/questasim/verilog_src/uvm-1.2/src/reg/uvm_reg_predictor.svh(221) @ 1000041000: uvm_test_top.env.ahb_predictor [REG_PREDICT] Observed WRITE transaction to register regmodel.TBR: value='h7c4330e2 : updated value = 'he2
# UVM_INFO ./../tb/dut_scoreboard.sv(52) @ 1000041000: uvm_test_top.env.dut_sb [SCOREBOARD] 
# ===== Captured data from AHB: 0x7c4330e2
# UVM_INFO ./../tb/dut_scoreboard.sv(60) @ 1002235000: uvm_test_top.env.dut_sb [SCOREBOARD] 
# ===== Captured data from UART: 0xe2
# UVM_INFO ./../tb/dut_scoreboard.sv(73) @ 1002235000: uvm_test_top.env.dut_sb [dut_scoreboard] 
# 
# =====[UART TXD] Data comparison =====
# 
# UVM_INFO ./../tb/dut_scoreboard.sv(81) @ 1002235000: uvm_test_top.env.dut_sb [dut_scoreboard] 
# =====[DATA FRAME: 8] PASSED SUCCESSFULLY!!! =====
# UVM_INFO ./../tb/dut_scoreboard.sv(84) @ 1002235000: uvm_test_top.env.dut_sb [dut_scoreboard] 
# 
# =====[UART TXD] Parity comparison =====
# 
# UVM_ERROR ./../tb/dut_scoreboard.sv(87) @ 1002235000: uvm_test_top.env.dut_sb [dut_scoreboard] 
# =====[PARITY MODE: 1] FAILED!!! Expected parity is 1, Actual parity is 0 =====
# UVM_INFO ./../testcases/uart_txd_x16_random.sv(35) @ 1010041000: uvm_test_top [uart_txd_x16_random] -------------------------------------------------------------
# Name                Type                Size  Value          
# -------------------------------------------------------------
# cfg                 uart_configuration  -     @360           
#   parity_mode       parity_mode_e       32    UART_PARITY_ODD
#   sampling          sampling_mode_e     32    MODE_X16       
#   data_width        integral            32    'h8            
#   num_of_stop_bit   integral            32    'h1            
#   baud_rate         integral            32    'h4b00         
#   baud_rate_enable  integral            1     'h0            
#   parity_enable     integral            1     'h0            
# -------------------------------------------------------------
# 
# UVM_INFO ./../regmodel/uart_reg2ahb_adapter.sv(42) @ 1010041000: reporter [uart_reg2ahb_adapter] bus2reg: address = 0x0 data = 0x0 kind = UVM_WRITE status = UVM_IS_OK
# UVM_INFO /ictc/other/tools/QuestaDVA/questasim/verilog_src/uvm-1.2/src/reg/uvm_reg_predictor.svh(221) @ 1010041000: uvm_test_top.env.ahb_predictor [REG_PREDICT] Observed WRITE transaction to register regmodel.MDR: value='h0 : updated value = 'h0
# UVM_INFO ./../regmodel/uart_reg2ahb_adapter.sv(42) @ 1010041000: reporter [uart_reg2ahb_adapter] bus2reg: address = 0x4 data = 0x45 kind = UVM_WRITE status = UVM_IS_OK
# UVM_INFO /ictc/other/tools/QuestaDVA/questasim/verilog_src/uvm-1.2/src/reg/uvm_reg_predictor.svh(221) @ 1010041000: uvm_test_top.env.ahb_predictor [REG_PREDICT] Observed WRITE transaction to register regmodel.DLL: value='h45 : updated value = 'h45
# UVM_INFO ./../regmodel/uart_reg2ahb_adapter.sv(42) @ 1010041000: reporter [uart_reg2ahb_adapter] bus2reg: address = 0x8 data = 0x1 kind = UVM_WRITE status = UVM_IS_OK
# UVM_INFO /ictc/other/tools/QuestaDVA/questasim/verilog_src/uvm-1.2/src/reg/uvm_reg_predictor.svh(221) @ 1010041000: uvm_test_top.env.ahb_predictor [REG_PREDICT] Observed WRITE transaction to register regmodel.DLH: value='h1 : updated value = 'h1
# UVM_INFO ./../regmodel/uart_reg2ahb_adapter.sv(42) @ 1010041000: reporter [uart_reg2ahb_adapter] bus2reg: address = 0xc data = 0x2b kind = UVM_WRITE status = UVM_IS_OK
# UVM_INFO /ictc/other/tools/QuestaDVA/questasim/verilog_src/uvm-1.2/src/reg/uvm_reg_predictor.svh(221) @ 1010041000: uvm_test_top.env.ahb_predictor [REG_PREDICT] Observed WRITE transaction to register regmodel.LCR: value='h2b : updated value = 'h2b
# UVM_INFO ./../regmodel/uart_reg2ahb_adapter.sv(42) @ 1010041000: reporter [uart_reg2ahb_adapter] bus2reg: address = 0x18 data = 0x446f8789 kind = UVM_WRITE status = UVM_IS_OK
# UVM_INFO /ictc/other/tools/QuestaDVA/questasim/verilog_src/uvm-1.2/src/reg/uvm_reg_predictor.svh(221) @ 1010041000: uvm_test_top.env.ahb_predictor [REG_PREDICT] Observed WRITE transaction to register regmodel.TBR: value='h446f8789 : updated value = 'h89
# UVM_INFO ./../tb/dut_scoreboard.sv(52) @ 1010041000: uvm_test_top.env.dut_sb [SCOREBOARD] 
# ===== Captured data from AHB: 0x446f8789
# UVM_INFO ./../tb/dut_scoreboard.sv(60) @ 1011136000: uvm_test_top.env.dut_sb [SCOREBOARD] 
# ===== Captured data from UART: 0x89
# UVM_INFO ./../tb/dut_scoreboard.sv(73) @ 1011136000: uvm_test_top.env.dut_sb [dut_scoreboard] 
# 
# =====[UART TXD] Data comparison =====
# 
# UVM_INFO ./../tb/dut_scoreboard.sv(81) @ 1011136000: uvm_test_top.env.dut_sb [dut_scoreboard] 
# =====[DATA FRAME: 8] PASSED SUCCESSFULLY!!! =====
# UVM_INFO ./../tb/dut_scoreboard.sv(84) @ 1011136000: uvm_test_top.env.dut_sb [dut_scoreboard] 
# 
# =====[UART TXD] Parity comparison =====
# 
# UVM_ERROR ./../tb/dut_scoreboard.sv(87) @ 1011136000: uvm_test_top.env.dut_sb [dut_scoreboard] 
# =====[PARITY MODE: 1] FAILED!!! Expected parity is 0, Actual parity is 1 =====
# UVM_INFO ./../testcases/uart_txd_x16_random.sv(35) @ 1020041000: uvm_test_top [uart_txd_x16_random] -------------------------------------------------------------
# Name                Type                Size  Value          
# -------------------------------------------------------------
# cfg                 uart_configuration  -     @360           
#   parity_mode       parity_mode_e       32    UART_PARITY_ODD
#   sampling          sampling_mode_e     32    MODE_X16       
#   data_width        integral            32    'h8            
#   num_of_stop_bit   integral            32    'h1            
#   baud_rate         integral            32    'h9600         
#   baud_rate_enable  integral            1     'h0            
#   parity_enable     integral            1     'h0            
# -------------------------------------------------------------
# 
# UVM_INFO ./../regmodel/uart_reg2ahb_adapter.sv(42) @ 1020041000: reporter [uart_reg2ahb_adapter] bus2reg: address = 0x0 data = 0x0 kind = UVM_WRITE status = UVM_IS_OK
# UVM_INFO /ictc/other/tools/QuestaDVA/questasim/verilog_src/uvm-1.2/src/reg/uvm_reg_predictor.svh(221) @ 1020041000: uvm_test_top.env.ahb_predictor [REG_PREDICT] Observed WRITE transaction to register regmodel.MDR: value='h0 : updated value = 'h0
# UVM_INFO ./../regmodel/uart_reg2ahb_adapter.sv(42) @ 1020041000: reporter [uart_reg2ahb_adapter] bus2reg: address = 0x4 data = 0xa4 kind = UVM_WRITE status = UVM_IS_OK
# UVM_INFO /ictc/other/tools/QuestaDVA/questasim/verilog_src/uvm-1.2/src/reg/uvm_reg_predictor.svh(221) @ 1020041000: uvm_test_top.env.ahb_predictor [REG_PREDICT] Observed WRITE transaction to register regmodel.DLL: value='ha4 : updated value = 'ha4
# UVM_INFO ./../regmodel/uart_reg2ahb_adapter.sv(42) @ 1020041000: reporter [uart_reg2ahb_adapter] bus2reg: address = 0x8 data = 0x0 kind = UVM_WRITE status = UVM_IS_OK
# UVM_INFO /ictc/other/tools/QuestaDVA/questasim/verilog_src/uvm-1.2/src/reg/uvm_reg_predictor.svh(221) @ 1020041000: uvm_test_top.env.ahb_predictor [REG_PREDICT] Observed WRITE transaction to register regmodel.DLH: value='h0 : updated value = 'h0
# UVM_INFO ./../regmodel/uart_reg2ahb_adapter.sv(42) @ 1020041000: reporter [uart_reg2ahb_adapter] bus2reg: address = 0xc data = 0x2b kind = UVM_WRITE status = UVM_IS_OK
# UVM_INFO /ictc/other/tools/QuestaDVA/questasim/verilog_src/uvm-1.2/src/reg/uvm_reg_predictor.svh(221) @ 1020041000: uvm_test_top.env.ahb_predictor [REG_PREDICT] Observed WRITE transaction to register regmodel.LCR: value='h2b : updated value = 'h2b
# UVM_INFO ./../regmodel/uart_reg2ahb_adapter.sv(42) @ 1020041000: reporter [uart_reg2ahb_adapter] bus2reg: address = 0x18 data = 0x3460274b kind = UVM_WRITE status = UVM_IS_OK
# UVM_INFO /ictc/other/tools/QuestaDVA/questasim/verilog_src/uvm-1.2/src/reg/uvm_reg_predictor.svh(221) @ 1020041000: uvm_test_top.env.ahb_predictor [REG_PREDICT] Observed WRITE transaction to register regmodel.TBR: value='h3460274b : updated value = 'h4b
# UVM_INFO ./../tb/dut_scoreboard.sv(52) @ 1020041000: uvm_test_top.env.dut_sb [SCOREBOARD] 
# ===== Captured data from AHB: 0x3460274b
# UVM_INFO ./../tb/dut_scoreboard.sv(60) @ 1020590000: uvm_test_top.env.dut_sb [SCOREBOARD] 
# ===== Captured data from UART: 0x4b
# UVM_INFO ./../tb/dut_scoreboard.sv(73) @ 1020590000: uvm_test_top.env.dut_sb [dut_scoreboard] 
# 
# =====[UART TXD] Data comparison =====
# 
# UVM_INFO ./../tb/dut_scoreboard.sv(81) @ 1020590000: uvm_test_top.env.dut_sb [dut_scoreboard] 
# =====[DATA FRAME: 8] PASSED SUCCESSFULLY!!! =====
# UVM_INFO ./../tb/dut_scoreboard.sv(84) @ 1020590000: uvm_test_top.env.dut_sb [dut_scoreboard] 
# 
# =====[UART TXD] Parity comparison =====
# 
# UVM_ERROR ./../tb/dut_scoreboard.sv(87) @ 1020590000: uvm_test_top.env.dut_sb [dut_scoreboard] 
# =====[PARITY MODE: 1] FAILED!!! Expected parity is 1, Actual parity is 0 =====
# UVM_INFO ./../testcases/uart_txd_x16_random.sv(35) @ 1030041000: uvm_test_top [uart_txd_x16_random] -------------------------------------------------------------
# Name                Type                Size  Value          
# -------------------------------------------------------------
# cfg                 uart_configuration  -     @360           
#   parity_mode       parity_mode_e       32    UART_PARITY_ODD
#   sampling          sampling_mode_e     32    MODE_X16       
#   data_width        integral            32    'h8            
#   num_of_stop_bit   integral            32    'h1            
#   baud_rate         integral            32    'h12c00        
#   baud_rate_enable  integral            1     'h0            
#   parity_enable     integral            1     'h0            
# -------------------------------------------------------------
# 
# UVM_INFO ./../regmodel/uart_reg2ahb_adapter.sv(42) @ 1030041000: reporter [uart_reg2ahb_adapter] bus2reg: address = 0x0 data = 0x0 kind = UVM_WRITE status = UVM_IS_OK
# UVM_INFO /ictc/other/tools/QuestaDVA/questasim/verilog_src/uvm-1.2/src/reg/uvm_reg_predictor.svh(221) @ 1030041000: uvm_test_top.env.ahb_predictor [REG_PREDICT] Observed WRITE transaction to register regmodel.MDR: value='h0 : updated value = 'h0
# UVM_INFO ./../regmodel/uart_reg2ahb_adapter.sv(42) @ 1030041000: reporter [uart_reg2ahb_adapter] bus2reg: address = 0x4 data = 0x51 kind = UVM_WRITE status = UVM_IS_OK
# UVM_INFO /ictc/other/tools/QuestaDVA/questasim/verilog_src/uvm-1.2/src/reg/uvm_reg_predictor.svh(221) @ 1030041000: uvm_test_top.env.ahb_predictor [REG_PREDICT] Observed WRITE transaction to register regmodel.DLL: value='h51 : updated value = 'h51
# UVM_INFO ./../regmodel/uart_reg2ahb_adapter.sv(42) @ 1030042000: reporter [uart_reg2ahb_adapter] bus2reg: address = 0x8 data = 0x0 kind = UVM_WRITE status = UVM_IS_OK
# UVM_INFO /ictc/other/tools/QuestaDVA/questasim/verilog_src/uvm-1.2/src/reg/uvm_reg_predictor.svh(221) @ 1030042000: uvm_test_top.env.ahb_predictor [REG_PREDICT] Observed WRITE transaction to register regmodel.DLH: value='h0 : updated value = 'h0
# UVM_INFO ./../regmodel/uart_reg2ahb_adapter.sv(42) @ 1030042000: reporter [uart_reg2ahb_adapter] bus2reg: address = 0xc data = 0x2b kind = UVM_WRITE status = UVM_IS_OK
# UVM_INFO /ictc/other/tools/QuestaDVA/questasim/verilog_src/uvm-1.2/src/reg/uvm_reg_predictor.svh(221) @ 1030042000: uvm_test_top.env.ahb_predictor [REG_PREDICT] Observed WRITE transaction to register regmodel.LCR: value='h2b : updated value = 'h2b
# UVM_INFO ./../regmodel/uart_reg2ahb_adapter.sv(42) @ 1030042000: reporter [uart_reg2ahb_adapter] bus2reg: address = 0x18 data = 0xd39873cc kind = UVM_WRITE status = UVM_IS_OK
# UVM_INFO /ictc/other/tools/QuestaDVA/questasim/verilog_src/uvm-1.2/src/reg/uvm_reg_predictor.svh(221) @ 1030042000: uvm_test_top.env.ahb_predictor [REG_PREDICT] Observed WRITE transaction to register regmodel.TBR: value='hd39873cc : updated value = 'hcc
# UVM_INFO ./../tb/dut_scoreboard.sv(52) @ 1030042000: uvm_test_top.env.dut_sb [SCOREBOARD] 
# ===== Captured data from AHB: 0xd39873cc
# UVM_INFO ./../tb/dut_scoreboard.sv(60) @ 1030316000: uvm_test_top.env.dut_sb [SCOREBOARD] 
# ===== Captured data from UART: 0xcc
# UVM_INFO ./../tb/dut_scoreboard.sv(73) @ 1030316000: uvm_test_top.env.dut_sb [dut_scoreboard] 
# 
# =====[UART TXD] Data comparison =====
# 
# UVM_INFO ./../tb/dut_scoreboard.sv(81) @ 1030316000: uvm_test_top.env.dut_sb [dut_scoreboard] 
# =====[DATA FRAME: 8] PASSED SUCCESSFULLY!!! =====
# UVM_INFO ./../tb/dut_scoreboard.sv(84) @ 1030316000: uvm_test_top.env.dut_sb [dut_scoreboard] 
# 
# =====[UART TXD] Parity comparison =====
# 
# UVM_ERROR ./../tb/dut_scoreboard.sv(87) @ 1030316000: uvm_test_top.env.dut_sb [dut_scoreboard] 
# =====[PARITY MODE: 1] FAILED!!! Expected parity is 1, Actual parity is 0 =====
# UVM_INFO ./../testcases/uart_txd_x16_random.sv(35) @ 1040042000: uvm_test_top [uart_txd_x16_random] -------------------------------------------------------------
# Name                Type                Size  Value          
# -------------------------------------------------------------
# cfg                 uart_configuration  -     @360           
#   parity_mode       parity_mode_e       32    UART_PARITY_ODD
#   sampling          sampling_mode_e     32    MODE_X16       
#   data_width        integral            32    'h8            
#   num_of_stop_bit   integral            32    'h1            
#   baud_rate         integral            32    'h1c200        
#   baud_rate_enable  integral            1     'h0            
#   parity_enable     integral            1     'h0            
# -------------------------------------------------------------
# 
# UVM_INFO ./../regmodel/uart_reg2ahb_adapter.sv(42) @ 1040042000: reporter [uart_reg2ahb_adapter] bus2reg: address = 0x0 data = 0x0 kind = UVM_WRITE status = UVM_IS_OK
# UVM_INFO /ictc/other/tools/QuestaDVA/questasim/verilog_src/uvm-1.2/src/reg/uvm_reg_predictor.svh(221) @ 1040042000: uvm_test_top.env.ahb_predictor [REG_PREDICT] Observed WRITE transaction to register regmodel.MDR: value='h0 : updated value = 'h0
# UVM_INFO ./../regmodel/uart_reg2ahb_adapter.sv(42) @ 1040042000: reporter [uart_reg2ahb_adapter] bus2reg: address = 0x4 data = 0x36 kind = UVM_WRITE status = UVM_IS_OK
# UVM_INFO /ictc/other/tools/QuestaDVA/questasim/verilog_src/uvm-1.2/src/reg/uvm_reg_predictor.svh(221) @ 1040042000: uvm_test_top.env.ahb_predictor [REG_PREDICT] Observed WRITE transaction to register regmodel.DLL: value='h36 : updated value = 'h36
# UVM_INFO ./../regmodel/uart_reg2ahb_adapter.sv(42) @ 1040042000: reporter [uart_reg2ahb_adapter] bus2reg: address = 0x8 data = 0x0 kind = UVM_WRITE status = UVM_IS_OK
# UVM_INFO /ictc/other/tools/QuestaDVA/questasim/verilog_src/uvm-1.2/src/reg/uvm_reg_predictor.svh(221) @ 1040042000: uvm_test_top.env.ahb_predictor [REG_PREDICT] Observed WRITE transaction to register regmodel.DLH: value='h0 : updated value = 'h0
# UVM_INFO ./../regmodel/uart_reg2ahb_adapter.sv(42) @ 1040042000: reporter [uart_reg2ahb_adapter] bus2reg: address = 0xc data = 0x2b kind = UVM_WRITE status = UVM_IS_OK
# UVM_INFO /ictc/other/tools/QuestaDVA/questasim/verilog_src/uvm-1.2/src/reg/uvm_reg_predictor.svh(221) @ 1040042000: uvm_test_top.env.ahb_predictor [REG_PREDICT] Observed WRITE transaction to register regmodel.LCR: value='h2b : updated value = 'h2b
# UVM_INFO ./../regmodel/uart_reg2ahb_adapter.sv(42) @ 1040042000: reporter [uart_reg2ahb_adapter] bus2reg: address = 0x18 data = 0x24a0c8a2 kind = UVM_WRITE status = UVM_IS_OK
# UVM_INFO /ictc/other/tools/QuestaDVA/questasim/verilog_src/uvm-1.2/src/reg/uvm_reg_predictor.svh(221) @ 1040042000: uvm_test_top.env.ahb_predictor [REG_PREDICT] Observed WRITE transaction to register regmodel.TBR: value='h24a0c8a2 : updated value = 'ha2
# UVM_INFO ./../tb/dut_scoreboard.sv(52) @ 1040042000: uvm_test_top.env.dut_sb [SCOREBOARD] 
# ===== Captured data from AHB: 0x24a0c8a2
# UVM_INFO ./../tb/dut_scoreboard.sv(60) @ 1040221000: uvm_test_top.env.dut_sb [SCOREBOARD] 
# ===== Captured data from UART: 0xa2
# UVM_INFO ./../tb/dut_scoreboard.sv(73) @ 1040221000: uvm_test_top.env.dut_sb [dut_scoreboard] 
# 
# =====[UART TXD] Data comparison =====
# 
# UVM_INFO ./../tb/dut_scoreboard.sv(81) @ 1040221000: uvm_test_top.env.dut_sb [dut_scoreboard] 
# =====[DATA FRAME: 8] PASSED SUCCESSFULLY!!! =====
# UVM_INFO ./../tb/dut_scoreboard.sv(84) @ 1040221000: uvm_test_top.env.dut_sb [dut_scoreboard] 
# 
# =====[UART TXD] Parity comparison =====
# 
# UVM_ERROR ./../tb/dut_scoreboard.sv(87) @ 1040221000: uvm_test_top.env.dut_sb [dut_scoreboard] 
# =====[PARITY MODE: 1] FAILED!!! Expected parity is 0, Actual parity is 1 =====
# UVM_INFO ./../testcases/uart_txd_x16_random.sv(35) @ 1050042000: uvm_test_top [uart_txd_x16_random] -------------------------------------------------------------
# Name                Type                Size  Value          
# -------------------------------------------------------------
# cfg                 uart_configuration  -     @360           
#   parity_mode       parity_mode_e       32    UART_PARITY_ODD
#   sampling          sampling_mode_e     32    MODE_X16       
#   data_width        integral            32    'h8            
#   num_of_stop_bit   integral            32    'h2            
#   baud_rate         integral            32    'h960          
#   baud_rate_enable  integral            1     'h0            
#   parity_enable     integral            1     'h0            
# -------------------------------------------------------------
# 
# UVM_INFO ./../regmodel/uart_reg2ahb_adapter.sv(42) @ 1050042000: reporter [uart_reg2ahb_adapter] bus2reg: address = 0x0 data = 0x0 kind = UVM_WRITE status = UVM_IS_OK
# UVM_INFO /ictc/other/tools/QuestaDVA/questasim/verilog_src/uvm-1.2/src/reg/uvm_reg_predictor.svh(221) @ 1050042000: uvm_test_top.env.ahb_predictor [REG_PREDICT] Observed WRITE transaction to register regmodel.MDR: value='h0 : updated value = 'h0
# UVM_INFO ./../regmodel/uart_reg2ahb_adapter.sv(42) @ 1050042000: reporter [uart_reg2ahb_adapter] bus2reg: address = 0x4 data = 0x2c kind = UVM_WRITE status = UVM_IS_OK
# UVM_INFO /ictc/other/tools/QuestaDVA/questasim/verilog_src/uvm-1.2/src/reg/uvm_reg_predictor.svh(221) @ 1050042000: uvm_test_top.env.ahb_predictor [REG_PREDICT] Observed WRITE transaction to register regmodel.DLL: value='h2c : updated value = 'h2c
# UVM_INFO ./../regmodel/uart_reg2ahb_adapter.sv(42) @ 1050042000: reporter [uart_reg2ahb_adapter] bus2reg: address = 0x8 data = 0xa kind = UVM_WRITE status = UVM_IS_OK
# UVM_INFO /ictc/other/tools/QuestaDVA/questasim/verilog_src/uvm-1.2/src/reg/uvm_reg_predictor.svh(221) @ 1050042000: uvm_test_top.env.ahb_predictor [REG_PREDICT] Observed WRITE transaction to register regmodel.DLH: value='ha : updated value = 'ha
# UVM_INFO ./../regmodel/uart_reg2ahb_adapter.sv(42) @ 1050042000: reporter [uart_reg2ahb_adapter] bus2reg: address = 0xc data = 0x2f kind = UVM_WRITE status = UVM_IS_OK
# UVM_INFO /ictc/other/tools/QuestaDVA/questasim/verilog_src/uvm-1.2/src/reg/uvm_reg_predictor.svh(221) @ 1050042000: uvm_test_top.env.ahb_predictor [REG_PREDICT] Observed WRITE transaction to register regmodel.LCR: value='h2f : updated value = 'h2f
# UVM_INFO ./../regmodel/uart_reg2ahb_adapter.sv(42) @ 1050043000: reporter [uart_reg2ahb_adapter] bus2reg: address = 0x18 data = 0x31e921f4 kind = UVM_WRITE status = UVM_IS_OK
# UVM_INFO /ictc/other/tools/QuestaDVA/questasim/verilog_src/uvm-1.2/src/reg/uvm_reg_predictor.svh(221) @ 1050043000: uvm_test_top.env.ahb_predictor [REG_PREDICT] Observed WRITE transaction to register regmodel.TBR: value='h31e921f4 : updated value = 'hf4
# UVM_INFO ./../tb/dut_scoreboard.sv(52) @ 1050043000: uvm_test_top.env.dut_sb [SCOREBOARD] 
# ===== Captured data from AHB: 0x31e921f4
# UVM_INFO ./../tb/dut_scoreboard.sv(60) @ 1059673000: uvm_test_top.env.dut_sb [SCOREBOARD] 
# ===== Captured data from UART: 0xf4
# UVM_INFO ./../tb/dut_scoreboard.sv(73) @ 1059673000: uvm_test_top.env.dut_sb [dut_scoreboard] 
# 
# =====[UART TXD] Data comparison =====
# 
# UVM_INFO ./../tb/dut_scoreboard.sv(81) @ 1059673000: uvm_test_top.env.dut_sb [dut_scoreboard] 
# =====[DATA FRAME: 8] PASSED SUCCESSFULLY!!! =====
# UVM_INFO ./../tb/dut_scoreboard.sv(84) @ 1059673000: uvm_test_top.env.dut_sb [dut_scoreboard] 
# 
# =====[UART TXD] Parity comparison =====
# 
# UVM_ERROR ./../tb/dut_scoreboard.sv(87) @ 1059673000: uvm_test_top.env.dut_sb [dut_scoreboard] 
# =====[PARITY MODE: 1] FAILED!!! Expected parity is 0, Actual parity is 1 =====
# UVM_INFO ./../testcases/uart_txd_x16_random.sv(35) @ 1060043000: uvm_test_top [uart_txd_x16_random] -------------------------------------------------------------
# Name                Type                Size  Value          
# -------------------------------------------------------------
# cfg                 uart_configuration  -     @360           
#   parity_mode       parity_mode_e       32    UART_PARITY_ODD
#   sampling          sampling_mode_e     32    MODE_X16       
#   data_width        integral            32    'h8            
#   num_of_stop_bit   integral            32    'h2            
#   baud_rate         integral            32    'h12c0         
#   baud_rate_enable  integral            1     'h0            
#   parity_enable     integral            1     'h0            
# -------------------------------------------------------------
# 
# UVM_INFO ./../regmodel/uart_reg2ahb_adapter.sv(42) @ 1060043000: reporter [uart_reg2ahb_adapter] bus2reg: address = 0x0 data = 0x0 kind = UVM_WRITE status = UVM_IS_OK
# UVM_INFO /ictc/other/tools/QuestaDVA/questasim/verilog_src/uvm-1.2/src/reg/uvm_reg_predictor.svh(221) @ 1060043000: uvm_test_top.env.ahb_predictor [REG_PREDICT] Observed WRITE transaction to register regmodel.MDR: value='h0 : updated value = 'h0
# UVM_INFO ./../regmodel/uart_reg2ahb_adapter.sv(42) @ 1060043000: reporter [uart_reg2ahb_adapter] bus2reg: address = 0x4 data = 0x16 kind = UVM_WRITE status = UVM_IS_OK
# UVM_INFO /ictc/other/tools/QuestaDVA/questasim/verilog_src/uvm-1.2/src/reg/uvm_reg_predictor.svh(221) @ 1060043000: uvm_test_top.env.ahb_predictor [REG_PREDICT] Observed WRITE transaction to register regmodel.DLL: value='h16 : updated value = 'h16
# UVM_INFO ./../regmodel/uart_reg2ahb_adapter.sv(42) @ 1060043000: reporter [uart_reg2ahb_adapter] bus2reg: address = 0x8 data = 0x5 kind = UVM_WRITE status = UVM_IS_OK
# UVM_INFO /ictc/other/tools/QuestaDVA/questasim/verilog_src/uvm-1.2/src/reg/uvm_reg_predictor.svh(221) @ 1060043000: uvm_test_top.env.ahb_predictor [REG_PREDICT] Observed WRITE transaction to register regmodel.DLH: value='h5 : updated value = 'h5
# UVM_INFO ./../regmodel/uart_reg2ahb_adapter.sv(42) @ 1060043000: reporter [uart_reg2ahb_adapter] bus2reg: address = 0xc data = 0x2f kind = UVM_WRITE status = UVM_IS_OK
# UVM_INFO /ictc/other/tools/QuestaDVA/questasim/verilog_src/uvm-1.2/src/reg/uvm_reg_predictor.svh(221) @ 1060043000: uvm_test_top.env.ahb_predictor [REG_PREDICT] Observed WRITE transaction to register regmodel.LCR: value='h2f : updated value = 'h2f
# UVM_INFO ./../regmodel/uart_reg2ahb_adapter.sv(42) @ 1060043000: reporter [uart_reg2ahb_adapter] bus2reg: address = 0x18 data = 0x6655a392 kind = UVM_WRITE status = UVM_IS_OK
# UVM_INFO /ictc/other/tools/QuestaDVA/questasim/verilog_src/uvm-1.2/src/reg/uvm_reg_predictor.svh(221) @ 1060043000: uvm_test_top.env.ahb_predictor [REG_PREDICT] Observed WRITE transaction to register regmodel.TBR: value='h6655a392 : updated value = 'h92
# UVM_INFO ./../tb/dut_scoreboard.sv(52) @ 1060043000: uvm_test_top.env.dut_sb [SCOREBOARD] 
# ===== Captured data from AHB: 0x6655a392
# UVM_INFO ./../tb/dut_scoreboard.sv(60) @ 1064862000: uvm_test_top.env.dut_sb [SCOREBOARD] 
# ===== Captured data from UART: 0x92
# UVM_INFO ./../tb/dut_scoreboard.sv(73) @ 1064862000: uvm_test_top.env.dut_sb [dut_scoreboard] 
# 
# =====[UART TXD] Data comparison =====
# 
# UVM_INFO ./../tb/dut_scoreboard.sv(81) @ 1064862000: uvm_test_top.env.dut_sb [dut_scoreboard] 
# =====[DATA FRAME: 8] PASSED SUCCESSFULLY!!! =====
# UVM_INFO ./../tb/dut_scoreboard.sv(84) @ 1064862000: uvm_test_top.env.dut_sb [dut_scoreboard] 
# 
# =====[UART TXD] Parity comparison =====
# 
# UVM_ERROR ./../tb/dut_scoreboard.sv(87) @ 1064862000: uvm_test_top.env.dut_sb [dut_scoreboard] 
# =====[PARITY MODE: 1] FAILED!!! Expected parity is 0, Actual parity is 1 =====
# UVM_INFO ./../testcases/uart_txd_x16_random.sv(35) @ 1070043000: uvm_test_top [uart_txd_x16_random] -------------------------------------------------------------
# Name                Type                Size  Value          
# -------------------------------------------------------------
# cfg                 uart_configuration  -     @360           
#   parity_mode       parity_mode_e       32    UART_PARITY_ODD
#   sampling          sampling_mode_e     32    MODE_X16       
#   data_width        integral            32    'h8            
#   num_of_stop_bit   integral            32    'h2            
#   baud_rate         integral            32    'h2580         
#   baud_rate_enable  integral            1     'h0            
#   parity_enable     integral            1     'h0            
# -------------------------------------------------------------
# 
# UVM_INFO ./../regmodel/uart_reg2ahb_adapter.sv(42) @ 1070043000: reporter [uart_reg2ahb_adapter] bus2reg: address = 0x0 data = 0x0 kind = UVM_WRITE status = UVM_IS_OK
# UVM_INFO /ictc/other/tools/QuestaDVA/questasim/verilog_src/uvm-1.2/src/reg/uvm_reg_predictor.svh(221) @ 1070043000: uvm_test_top.env.ahb_predictor [REG_PREDICT] Observed WRITE transaction to register regmodel.MDR: value='h0 : updated value = 'h0
# UVM_INFO ./../regmodel/uart_reg2ahb_adapter.sv(42) @ 1070043000: reporter [uart_reg2ahb_adapter] bus2reg: address = 0x4 data = 0x8b kind = UVM_WRITE status = UVM_IS_OK
# UVM_INFO /ictc/other/tools/QuestaDVA/questasim/verilog_src/uvm-1.2/src/reg/uvm_reg_predictor.svh(221) @ 1070043000: uvm_test_top.env.ahb_predictor [REG_PREDICT] Observed WRITE transaction to register regmodel.DLL: value='h8b : updated value = 'h8b
# UVM_INFO ./../regmodel/uart_reg2ahb_adapter.sv(42) @ 1070043000: reporter [uart_reg2ahb_adapter] bus2reg: address = 0x8 data = 0x2 kind = UVM_WRITE status = UVM_IS_OK
# UVM_INFO /ictc/other/tools/QuestaDVA/questasim/verilog_src/uvm-1.2/src/reg/uvm_reg_predictor.svh(221) @ 1070043000: uvm_test_top.env.ahb_predictor [REG_PREDICT] Observed WRITE transaction to register regmodel.DLH: value='h2 : updated value = 'h2
# UVM_INFO ./../regmodel/uart_reg2ahb_adapter.sv(42) @ 1070043000: reporter [uart_reg2ahb_adapter] bus2reg: address = 0xc data = 0x2f kind = UVM_WRITE status = UVM_IS_OK
# UVM_INFO /ictc/other/tools/QuestaDVA/questasim/verilog_src/uvm-1.2/src/reg/uvm_reg_predictor.svh(221) @ 1070043000: uvm_test_top.env.ahb_predictor [REG_PREDICT] Observed WRITE transaction to register regmodel.LCR: value='h2f : updated value = 'h2f
# UVM_INFO ./../regmodel/uart_reg2ahb_adapter.sv(42) @ 1070043000: reporter [uart_reg2ahb_adapter] bus2reg: address = 0x18 data = 0x8ff4eb45 kind = UVM_WRITE status = UVM_IS_OK
# UVM_INFO /ictc/other/tools/QuestaDVA/questasim/verilog_src/uvm-1.2/src/reg/uvm_reg_predictor.svh(221) @ 1070043000: uvm_test_top.env.ahb_predictor [REG_PREDICT] Observed WRITE transaction to register regmodel.TBR: value='h8ff4eb45 : updated value = 'h45
# UVM_INFO ./../tb/dut_scoreboard.sv(52) @ 1070043000: uvm_test_top.env.dut_sb [SCOREBOARD] 
# ===== Captured data from AHB: 0x8ff4eb45
# UVM_INFO ./../tb/dut_scoreboard.sv(60) @ 1072445000: uvm_test_top.env.dut_sb [SCOREBOARD] 
# ===== Captured data from UART: 0x45
# UVM_INFO ./../tb/dut_scoreboard.sv(73) @ 1072445000: uvm_test_top.env.dut_sb [dut_scoreboard] 
# 
# =====[UART TXD] Data comparison =====
# 
# UVM_INFO ./../tb/dut_scoreboard.sv(81) @ 1072445000: uvm_test_top.env.dut_sb [dut_scoreboard] 
# =====[DATA FRAME: 8] PASSED SUCCESSFULLY!!! =====
# UVM_INFO ./../tb/dut_scoreboard.sv(84) @ 1072445000: uvm_test_top.env.dut_sb [dut_scoreboard] 
# 
# =====[UART TXD] Parity comparison =====
# 
# UVM_ERROR ./../tb/dut_scoreboard.sv(87) @ 1072445000: uvm_test_top.env.dut_sb [dut_scoreboard] 
# =====[PARITY MODE: 1] FAILED!!! Expected parity is 0, Actual parity is 1 =====
# UVM_INFO ./../testcases/uart_txd_x16_random.sv(35) @ 1080043000: uvm_test_top [uart_txd_x16_random] -------------------------------------------------------------
# Name                Type                Size  Value          
# -------------------------------------------------------------
# cfg                 uart_configuration  -     @360           
#   parity_mode       parity_mode_e       32    UART_PARITY_ODD
#   sampling          sampling_mode_e     32    MODE_X16       
#   data_width        integral            32    'h8            
#   num_of_stop_bit   integral            32    'h2            
#   baud_rate         integral            32    'h4b00         
#   baud_rate_enable  integral            1     'h0            
#   parity_enable     integral            1     'h0            
# -------------------------------------------------------------
# 
# UVM_INFO ./../regmodel/uart_reg2ahb_adapter.sv(42) @ 1080043000: reporter [uart_reg2ahb_adapter] bus2reg: address = 0x0 data = 0x0 kind = UVM_WRITE status = UVM_IS_OK
# UVM_INFO /ictc/other/tools/QuestaDVA/questasim/verilog_src/uvm-1.2/src/reg/uvm_reg_predictor.svh(221) @ 1080043000: uvm_test_top.env.ahb_predictor [REG_PREDICT] Observed WRITE transaction to register regmodel.MDR: value='h0 : updated value = 'h0
# UVM_INFO ./../regmodel/uart_reg2ahb_adapter.sv(42) @ 1080043000: reporter [uart_reg2ahb_adapter] bus2reg: address = 0x4 data = 0x45 kind = UVM_WRITE status = UVM_IS_OK
# UVM_INFO /ictc/other/tools/QuestaDVA/questasim/verilog_src/uvm-1.2/src/reg/uvm_reg_predictor.svh(221) @ 1080043000: uvm_test_top.env.ahb_predictor [REG_PREDICT] Observed WRITE transaction to register regmodel.DLL: value='h45 : updated value = 'h45
# UVM_INFO ./../regmodel/uart_reg2ahb_adapter.sv(42) @ 1080044000: reporter [uart_reg2ahb_adapter] bus2reg: address = 0x8 data = 0x1 kind = UVM_WRITE status = UVM_IS_OK
# UVM_INFO /ictc/other/tools/QuestaDVA/questasim/verilog_src/uvm-1.2/src/reg/uvm_reg_predictor.svh(221) @ 1080044000: uvm_test_top.env.ahb_predictor [REG_PREDICT] Observed WRITE transaction to register regmodel.DLH: value='h1 : updated value = 'h1
# UVM_INFO ./../regmodel/uart_reg2ahb_adapter.sv(42) @ 1080044000: reporter [uart_reg2ahb_adapter] bus2reg: address = 0xc data = 0x2f kind = UVM_WRITE status = UVM_IS_OK
# UVM_INFO /ictc/other/tools/QuestaDVA/questasim/verilog_src/uvm-1.2/src/reg/uvm_reg_predictor.svh(221) @ 1080044000: uvm_test_top.env.ahb_predictor [REG_PREDICT] Observed WRITE transaction to register regmodel.LCR: value='h2f : updated value = 'h2f
# UVM_INFO ./../regmodel/uart_reg2ahb_adapter.sv(42) @ 1080044000: reporter [uart_reg2ahb_adapter] bus2reg: address = 0x18 data = 0xead0b657 kind = UVM_WRITE status = UVM_IS_OK
# UVM_INFO /ictc/other/tools/QuestaDVA/questasim/verilog_src/uvm-1.2/src/reg/uvm_reg_predictor.svh(221) @ 1080044000: uvm_test_top.env.ahb_predictor [REG_PREDICT] Observed WRITE transaction to register regmodel.TBR: value='head0b657 : updated value = 'h57
# UVM_INFO ./../tb/dut_scoreboard.sv(52) @ 1080044000: uvm_test_top.env.dut_sb [SCOREBOARD] 
# ===== Captured data from AHB: 0xead0b657
# UVM_INFO ./../tb/dut_scoreboard.sv(60) @ 1081242000: uvm_test_top.env.dut_sb [SCOREBOARD] 
# ===== Captured data from UART: 0x57
# UVM_INFO ./../tb/dut_scoreboard.sv(73) @ 1081242000: uvm_test_top.env.dut_sb [dut_scoreboard] 
# 
# =====[UART TXD] Data comparison =====
# 
# UVM_INFO ./../tb/dut_scoreboard.sv(81) @ 1081242000: uvm_test_top.env.dut_sb [dut_scoreboard] 
# =====[DATA FRAME: 8] PASSED SUCCESSFULLY!!! =====
# UVM_INFO ./../tb/dut_scoreboard.sv(84) @ 1081242000: uvm_test_top.env.dut_sb [dut_scoreboard] 
# 
# =====[UART TXD] Parity comparison =====
# 
# UVM_ERROR ./../tb/dut_scoreboard.sv(87) @ 1081242000: uvm_test_top.env.dut_sb [dut_scoreboard] 
# =====[PARITY MODE: 1] FAILED!!! Expected parity is 0, Actual parity is 1 =====
# UVM_INFO ./../testcases/uart_txd_x16_random.sv(35) @ 1090044000: uvm_test_top [uart_txd_x16_random] -------------------------------------------------------------
# Name                Type                Size  Value          
# -------------------------------------------------------------
# cfg                 uart_configuration  -     @360           
#   parity_mode       parity_mode_e       32    UART_PARITY_ODD
#   sampling          sampling_mode_e     32    MODE_X16       
#   data_width        integral            32    'h8            
#   num_of_stop_bit   integral            32    'h2            
#   baud_rate         integral            32    'h9600         
#   baud_rate_enable  integral            1     'h0            
#   parity_enable     integral            1     'h0            
# -------------------------------------------------------------
# 
# UVM_INFO ./../regmodel/uart_reg2ahb_adapter.sv(42) @ 1090044000: reporter [uart_reg2ahb_adapter] bus2reg: address = 0x0 data = 0x0 kind = UVM_WRITE status = UVM_IS_OK
# UVM_INFO /ictc/other/tools/QuestaDVA/questasim/verilog_src/uvm-1.2/src/reg/uvm_reg_predictor.svh(221) @ 1090044000: uvm_test_top.env.ahb_predictor [REG_PREDICT] Observed WRITE transaction to register regmodel.MDR: value='h0 : updated value = 'h0
# UVM_INFO ./../regmodel/uart_reg2ahb_adapter.sv(42) @ 1090044000: reporter [uart_reg2ahb_adapter] bus2reg: address = 0x4 data = 0xa4 kind = UVM_WRITE status = UVM_IS_OK
# UVM_INFO /ictc/other/tools/QuestaDVA/questasim/verilog_src/uvm-1.2/src/reg/uvm_reg_predictor.svh(221) @ 1090044000: uvm_test_top.env.ahb_predictor [REG_PREDICT] Observed WRITE transaction to register regmodel.DLL: value='ha4 : updated value = 'ha4
# UVM_INFO ./../regmodel/uart_reg2ahb_adapter.sv(42) @ 1090044000: reporter [uart_reg2ahb_adapter] bus2reg: address = 0x8 data = 0x0 kind = UVM_WRITE status = UVM_IS_OK
# UVM_INFO /ictc/other/tools/QuestaDVA/questasim/verilog_src/uvm-1.2/src/reg/uvm_reg_predictor.svh(221) @ 1090044000: uvm_test_top.env.ahb_predictor [REG_PREDICT] Observed WRITE transaction to register regmodel.DLH: value='h0 : updated value = 'h0
# UVM_INFO ./../regmodel/uart_reg2ahb_adapter.sv(42) @ 1090044000: reporter [uart_reg2ahb_adapter] bus2reg: address = 0xc data = 0x2f kind = UVM_WRITE status = UVM_IS_OK
# UVM_INFO /ictc/other/tools/QuestaDVA/questasim/verilog_src/uvm-1.2/src/reg/uvm_reg_predictor.svh(221) @ 1090044000: uvm_test_top.env.ahb_predictor [REG_PREDICT] Observed WRITE transaction to register regmodel.LCR: value='h2f : updated value = 'h2f
# UVM_INFO ./../regmodel/uart_reg2ahb_adapter.sv(42) @ 1090044000: reporter [uart_reg2ahb_adapter] bus2reg: address = 0x18 data = 0x53931fa8 kind = UVM_WRITE status = UVM_IS_OK
# UVM_INFO /ictc/other/tools/QuestaDVA/questasim/verilog_src/uvm-1.2/src/reg/uvm_reg_predictor.svh(221) @ 1090044000: uvm_test_top.env.ahb_predictor [REG_PREDICT] Observed WRITE transaction to register regmodel.TBR: value='h53931fa8 : updated value = 'ha8
# UVM_INFO ./../tb/dut_scoreboard.sv(52) @ 1090044000: uvm_test_top.env.dut_sb [SCOREBOARD] 
# ===== Captured data from AHB: 0x53931fa8
# UVM_INFO ./../tb/dut_scoreboard.sv(60) @ 1090644000: uvm_test_top.env.dut_sb [SCOREBOARD] 
# ===== Captured data from UART: 0xa8
# UVM_INFO ./../tb/dut_scoreboard.sv(73) @ 1090644000: uvm_test_top.env.dut_sb [dut_scoreboard] 
# 
# =====[UART TXD] Data comparison =====
# 
# UVM_INFO ./../tb/dut_scoreboard.sv(81) @ 1090644000: uvm_test_top.env.dut_sb [dut_scoreboard] 
# =====[DATA FRAME: 8] PASSED SUCCESSFULLY!!! =====
# UVM_INFO ./../tb/dut_scoreboard.sv(84) @ 1090644000: uvm_test_top.env.dut_sb [dut_scoreboard] 
# 
# =====[UART TXD] Parity comparison =====
# 
# UVM_ERROR ./../tb/dut_scoreboard.sv(87) @ 1090644000: uvm_test_top.env.dut_sb [dut_scoreboard] 
# =====[PARITY MODE: 1] FAILED!!! Expected parity is 0, Actual parity is 1 =====
# UVM_INFO ./../testcases/uart_txd_x16_random.sv(35) @ 1100044000: uvm_test_top [uart_txd_x16_random] -------------------------------------------------------------
# Name                Type                Size  Value          
# -------------------------------------------------------------
# cfg                 uart_configuration  -     @360           
#   parity_mode       parity_mode_e       32    UART_PARITY_ODD
#   sampling          sampling_mode_e     32    MODE_X16       
#   data_width        integral            32    'h8            
#   num_of_stop_bit   integral            32    'h2            
#   baud_rate         integral            32    'h12c00        
#   baud_rate_enable  integral            1     'h0            
#   parity_enable     integral            1     'h0            
# -------------------------------------------------------------
# 
# UVM_INFO ./../regmodel/uart_reg2ahb_adapter.sv(42) @ 1100044000: reporter [uart_reg2ahb_adapter] bus2reg: address = 0x0 data = 0x0 kind = UVM_WRITE status = UVM_IS_OK
# UVM_INFO /ictc/other/tools/QuestaDVA/questasim/verilog_src/uvm-1.2/src/reg/uvm_reg_predictor.svh(221) @ 1100044000: uvm_test_top.env.ahb_predictor [REG_PREDICT] Observed WRITE transaction to register regmodel.MDR: value='h0 : updated value = 'h0
# UVM_INFO ./../regmodel/uart_reg2ahb_adapter.sv(42) @ 1100044000: reporter [uart_reg2ahb_adapter] bus2reg: address = 0x4 data = 0x51 kind = UVM_WRITE status = UVM_IS_OK
# UVM_INFO /ictc/other/tools/QuestaDVA/questasim/verilog_src/uvm-1.2/src/reg/uvm_reg_predictor.svh(221) @ 1100044000: uvm_test_top.env.ahb_predictor [REG_PREDICT] Observed WRITE transaction to register regmodel.DLL: value='h51 : updated value = 'h51
# UVM_INFO ./../regmodel/uart_reg2ahb_adapter.sv(42) @ 1100044000: reporter [uart_reg2ahb_adapter] bus2reg: address = 0x8 data = 0x0 kind = UVM_WRITE status = UVM_IS_OK
# UVM_INFO /ictc/other/tools/QuestaDVA/questasim/verilog_src/uvm-1.2/src/reg/uvm_reg_predictor.svh(221) @ 1100044000: uvm_test_top.env.ahb_predictor [REG_PREDICT] Observed WRITE transaction to register regmodel.DLH: value='h0 : updated value = 'h0
# UVM_INFO ./../regmodel/uart_reg2ahb_adapter.sv(42) @ 1100044000: reporter [uart_reg2ahb_adapter] bus2reg: address = 0xc data = 0x2f kind = UVM_WRITE status = UVM_IS_OK
# UVM_INFO /ictc/other/tools/QuestaDVA/questasim/verilog_src/uvm-1.2/src/reg/uvm_reg_predictor.svh(221) @ 1100044000: uvm_test_top.env.ahb_predictor [REG_PREDICT] Observed WRITE transaction to register regmodel.LCR: value='h2f : updated value = 'h2f
# UVM_INFO ./../regmodel/uart_reg2ahb_adapter.sv(42) @ 1100045000: reporter [uart_reg2ahb_adapter] bus2reg: address = 0x18 data = 0x3b3d14d4 kind = UVM_WRITE status = UVM_IS_OK
# UVM_INFO /ictc/other/tools/QuestaDVA/questasim/verilog_src/uvm-1.2/src/reg/uvm_reg_predictor.svh(221) @ 1100045000: uvm_test_top.env.ahb_predictor [REG_PREDICT] Observed WRITE transaction to register regmodel.TBR: value='h3b3d14d4 : updated value = 'hd4
# UVM_INFO ./../tb/dut_scoreboard.sv(52) @ 1100045000: uvm_test_top.env.dut_sb [SCOREBOARD] 
# ===== Captured data from AHB: 0x3b3d14d4
# UVM_INFO ./../tb/dut_scoreboard.sv(60) @ 1100344000: uvm_test_top.env.dut_sb [SCOREBOARD] 
# ===== Captured data from UART: 0xd4
# UVM_INFO ./../tb/dut_scoreboard.sv(73) @ 1100344000: uvm_test_top.env.dut_sb [dut_scoreboard] 
# 
# =====[UART TXD] Data comparison =====
# 
# UVM_INFO ./../tb/dut_scoreboard.sv(81) @ 1100344000: uvm_test_top.env.dut_sb [dut_scoreboard] 
# =====[DATA FRAME: 8] PASSED SUCCESSFULLY!!! =====
# UVM_INFO ./../tb/dut_scoreboard.sv(84) @ 1100344000: uvm_test_top.env.dut_sb [dut_scoreboard] 
# 
# =====[UART TXD] Parity comparison =====
# 
# UVM_ERROR ./../tb/dut_scoreboard.sv(87) @ 1100344000: uvm_test_top.env.dut_sb [dut_scoreboard] 
# =====[PARITY MODE: 1] FAILED!!! Expected parity is 1, Actual parity is 0 =====
# UVM_INFO ./../testcases/uart_txd_x16_random.sv(35) @ 1110045000: uvm_test_top [uart_txd_x16_random] -------------------------------------------------------------
# Name                Type                Size  Value          
# -------------------------------------------------------------
# cfg                 uart_configuration  -     @360           
#   parity_mode       parity_mode_e       32    UART_PARITY_ODD
#   sampling          sampling_mode_e     32    MODE_X16       
#   data_width        integral            32    'h8            
#   num_of_stop_bit   integral            32    'h2            
#   baud_rate         integral            32    'h1c200        
#   baud_rate_enable  integral            1     'h0            
#   parity_enable     integral            1     'h0            
# -------------------------------------------------------------
# 
# UVM_INFO ./../regmodel/uart_reg2ahb_adapter.sv(42) @ 1110045000: reporter [uart_reg2ahb_adapter] bus2reg: address = 0x0 data = 0x0 kind = UVM_WRITE status = UVM_IS_OK
# UVM_INFO /ictc/other/tools/QuestaDVA/questasim/verilog_src/uvm-1.2/src/reg/uvm_reg_predictor.svh(221) @ 1110045000: uvm_test_top.env.ahb_predictor [REG_PREDICT] Observed WRITE transaction to register regmodel.MDR: value='h0 : updated value = 'h0
# UVM_INFO ./../regmodel/uart_reg2ahb_adapter.sv(42) @ 1110045000: reporter [uart_reg2ahb_adapter] bus2reg: address = 0x4 data = 0x36 kind = UVM_WRITE status = UVM_IS_OK
# UVM_INFO /ictc/other/tools/QuestaDVA/questasim/verilog_src/uvm-1.2/src/reg/uvm_reg_predictor.svh(221) @ 1110045000: uvm_test_top.env.ahb_predictor [REG_PREDICT] Observed WRITE transaction to register regmodel.DLL: value='h36 : updated value = 'h36
# UVM_INFO ./../regmodel/uart_reg2ahb_adapter.sv(42) @ 1110045000: reporter [uart_reg2ahb_adapter] bus2reg: address = 0x8 data = 0x0 kind = UVM_WRITE status = UVM_IS_OK
# UVM_INFO /ictc/other/tools/QuestaDVA/questasim/verilog_src/uvm-1.2/src/reg/uvm_reg_predictor.svh(221) @ 1110045000: uvm_test_top.env.ahb_predictor [REG_PREDICT] Observed WRITE transaction to register regmodel.DLH: value='h0 : updated value = 'h0
# UVM_INFO ./../regmodel/uart_reg2ahb_adapter.sv(42) @ 1110045000: reporter [uart_reg2ahb_adapter] bus2reg: address = 0xc data = 0x2f kind = UVM_WRITE status = UVM_IS_OK
# UVM_INFO /ictc/other/tools/QuestaDVA/questasim/verilog_src/uvm-1.2/src/reg/uvm_reg_predictor.svh(221) @ 1110045000: uvm_test_top.env.ahb_predictor [REG_PREDICT] Observed WRITE transaction to register regmodel.LCR: value='h2f : updated value = 'h2f
# UVM_INFO ./../regmodel/uart_reg2ahb_adapter.sv(42) @ 1110045000: reporter [uart_reg2ahb_adapter] bus2reg: address = 0x18 data = 0x5f6b7909 kind = UVM_WRITE status = UVM_IS_OK
# UVM_INFO /ictc/other/tools/QuestaDVA/questasim/verilog_src/uvm-1.2/src/reg/uvm_reg_predictor.svh(221) @ 1110045000: uvm_test_top.env.ahb_predictor [REG_PREDICT] Observed WRITE transaction to register regmodel.TBR: value='h5f6b7909 : updated value = 'h9
# UVM_INFO ./../tb/dut_scoreboard.sv(52) @ 1110045000: uvm_test_top.env.dut_sb [SCOREBOARD] 
# ===== Captured data from AHB: 0x5f6b7909
# UVM_INFO ./../tb/dut_scoreboard.sv(60) @ 1110241000: uvm_test_top.env.dut_sb [SCOREBOARD] 
# ===== Captured data from UART: 0x9
# UVM_INFO ./../tb/dut_scoreboard.sv(73) @ 1110241000: uvm_test_top.env.dut_sb [dut_scoreboard] 
# 
# =====[UART TXD] Data comparison =====
# 
# UVM_INFO ./../tb/dut_scoreboard.sv(81) @ 1110241000: uvm_test_top.env.dut_sb [dut_scoreboard] 
# =====[DATA FRAME: 8] PASSED SUCCESSFULLY!!! =====
# UVM_INFO ./../tb/dut_scoreboard.sv(84) @ 1110241000: uvm_test_top.env.dut_sb [dut_scoreboard] 
# 
# =====[UART TXD] Parity comparison =====
# 
# UVM_ERROR ./../tb/dut_scoreboard.sv(87) @ 1110241000: uvm_test_top.env.dut_sb [dut_scoreboard] 
# =====[PARITY MODE: 1] FAILED!!! Expected parity is 1, Actual parity is 0 =====
# UVM_INFO ./../testcases/uart_txd_x16_random.sv(35) @ 1120045000: uvm_test_top [uart_txd_x16_random] --------------------------------------------------------------
# Name                Type                Size  Value           
# --------------------------------------------------------------
# cfg                 uart_configuration  -     @360            
#   parity_mode       parity_mode_e       32    UART_PARITY_EVEN
#   sampling          sampling_mode_e     32    MODE_X16        
#   data_width        integral            32    'h5             
#   num_of_stop_bit   integral            32    'h1             
#   baud_rate         integral            32    'h960           
#   baud_rate_enable  integral            1     'h0             
#   parity_enable     integral            1     'h0             
# --------------------------------------------------------------
# 
# UVM_INFO ./../regmodel/uart_reg2ahb_adapter.sv(42) @ 1120045000: reporter [uart_reg2ahb_adapter] bus2reg: address = 0x0 data = 0x0 kind = UVM_WRITE status = UVM_IS_OK
# UVM_INFO /ictc/other/tools/QuestaDVA/questasim/verilog_src/uvm-1.2/src/reg/uvm_reg_predictor.svh(221) @ 1120045000: uvm_test_top.env.ahb_predictor [REG_PREDICT] Observed WRITE transaction to register regmodel.MDR: value='h0 : updated value = 'h0
# UVM_INFO ./../regmodel/uart_reg2ahb_adapter.sv(42) @ 1120045000: reporter [uart_reg2ahb_adapter] bus2reg: address = 0x4 data = 0x2c kind = UVM_WRITE status = UVM_IS_OK
# UVM_INFO /ictc/other/tools/QuestaDVA/questasim/verilog_src/uvm-1.2/src/reg/uvm_reg_predictor.svh(221) @ 1120045000: uvm_test_top.env.ahb_predictor [REG_PREDICT] Observed WRITE transaction to register regmodel.DLL: value='h2c : updated value = 'h2c
# UVM_INFO ./../regmodel/uart_reg2ahb_adapter.sv(42) @ 1120045000: reporter [uart_reg2ahb_adapter] bus2reg: address = 0x8 data = 0xa kind = UVM_WRITE status = UVM_IS_OK
# UVM_INFO /ictc/other/tools/QuestaDVA/questasim/verilog_src/uvm-1.2/src/reg/uvm_reg_predictor.svh(221) @ 1120045000: uvm_test_top.env.ahb_predictor [REG_PREDICT] Observed WRITE transaction to register regmodel.DLH: value='ha : updated value = 'ha
# UVM_INFO ./../regmodel/uart_reg2ahb_adapter.sv(42) @ 1120045000: reporter [uart_reg2ahb_adapter] bus2reg: address = 0xc data = 0x38 kind = UVM_WRITE status = UVM_IS_OK
# UVM_INFO /ictc/other/tools/QuestaDVA/questasim/verilog_src/uvm-1.2/src/reg/uvm_reg_predictor.svh(221) @ 1120045000: uvm_test_top.env.ahb_predictor [REG_PREDICT] Observed WRITE transaction to register regmodel.LCR: value='h38 : updated value = 'h38
# UVM_INFO ./../regmodel/uart_reg2ahb_adapter.sv(42) @ 1120045000: reporter [uart_reg2ahb_adapter] bus2reg: address = 0x18 data = 0x6947b11e kind = UVM_WRITE status = UVM_IS_OK
# UVM_INFO /ictc/other/tools/QuestaDVA/questasim/verilog_src/uvm-1.2/src/reg/uvm_reg_predictor.svh(221) @ 1120045000: uvm_test_top.env.ahb_predictor [REG_PREDICT] Observed WRITE transaction to register regmodel.TBR: value='h6947b11e : updated value = 'h1e
# UVM_INFO ./../tb/dut_scoreboard.sv(52) @ 1120045000: uvm_test_top.env.dut_sb [SCOREBOARD] 
# ===== Captured data from AHB: 0x6947b11e
# UVM_INFO ./../tb/dut_scoreboard.sv(60) @ 1126344000: uvm_test_top.env.dut_sb [SCOREBOARD] 
# ===== Captured data from UART: 0x1e
# UVM_INFO ./../tb/dut_scoreboard.sv(73) @ 1126344000: uvm_test_top.env.dut_sb [dut_scoreboard] 
# 
# =====[UART TXD] Data comparison =====
# 
# UVM_INFO ./../tb/dut_scoreboard.sv(81) @ 1126344000: uvm_test_top.env.dut_sb [dut_scoreboard] 
# =====[DATA FRAME: 5] PASSED SUCCESSFULLY!!! =====
# UVM_INFO ./../tb/dut_scoreboard.sv(84) @ 1126344000: uvm_test_top.env.dut_sb [dut_scoreboard] 
# 
# =====[UART TXD] Parity comparison =====
# 
# UVM_ERROR ./../tb/dut_scoreboard.sv(87) @ 1126344000: uvm_test_top.env.dut_sb [dut_scoreboard] 
# =====[PARITY MODE: 10] FAILED!!! Expected parity is 0, Actual parity is 1 =====
# UVM_INFO ./../testcases/uart_txd_x16_random.sv(35) @ 1130045000: uvm_test_top [uart_txd_x16_random] --------------------------------------------------------------
# Name                Type                Size  Value           
# --------------------------------------------------------------
# cfg                 uart_configuration  -     @360            
#   parity_mode       parity_mode_e       32    UART_PARITY_EVEN
#   sampling          sampling_mode_e     32    MODE_X16        
#   data_width        integral            32    'h5             
#   num_of_stop_bit   integral            32    'h1             
#   baud_rate         integral            32    'h12c0          
#   baud_rate_enable  integral            1     'h0             
#   parity_enable     integral            1     'h0             
# --------------------------------------------------------------
# 
# UVM_INFO ./../regmodel/uart_reg2ahb_adapter.sv(42) @ 1130045000: reporter [uart_reg2ahb_adapter] bus2reg: address = 0x0 data = 0x0 kind = UVM_WRITE status = UVM_IS_OK
# UVM_INFO /ictc/other/tools/QuestaDVA/questasim/verilog_src/uvm-1.2/src/reg/uvm_reg_predictor.svh(221) @ 1130045000: uvm_test_top.env.ahb_predictor [REG_PREDICT] Observed WRITE transaction to register regmodel.MDR: value='h0 : updated value = 'h0
# UVM_INFO ./../regmodel/uart_reg2ahb_adapter.sv(42) @ 1130045000: reporter [uart_reg2ahb_adapter] bus2reg: address = 0x4 data = 0x16 kind = UVM_WRITE status = UVM_IS_OK
# UVM_INFO /ictc/other/tools/QuestaDVA/questasim/verilog_src/uvm-1.2/src/reg/uvm_reg_predictor.svh(221) @ 1130045000: uvm_test_top.env.ahb_predictor [REG_PREDICT] Observed WRITE transaction to register regmodel.DLL: value='h16 : updated value = 'h16
# UVM_INFO ./../regmodel/uart_reg2ahb_adapter.sv(42) @ 1130046000: reporter [uart_reg2ahb_adapter] bus2reg: address = 0x8 data = 0x5 kind = UVM_WRITE status = UVM_IS_OK
# UVM_INFO /ictc/other/tools/QuestaDVA/questasim/verilog_src/uvm-1.2/src/reg/uvm_reg_predictor.svh(221) @ 1130046000: uvm_test_top.env.ahb_predictor [REG_PREDICT] Observed WRITE transaction to register regmodel.DLH: value='h5 : updated value = 'h5
# UVM_INFO ./../regmodel/uart_reg2ahb_adapter.sv(42) @ 1130046000: reporter [uart_reg2ahb_adapter] bus2reg: address = 0xc data = 0x38 kind = UVM_WRITE status = UVM_IS_OK
# UVM_INFO /ictc/other/tools/QuestaDVA/questasim/verilog_src/uvm-1.2/src/reg/uvm_reg_predictor.svh(221) @ 1130046000: uvm_test_top.env.ahb_predictor [REG_PREDICT] Observed WRITE transaction to register regmodel.LCR: value='h38 : updated value = 'h38
# UVM_INFO ./../regmodel/uart_reg2ahb_adapter.sv(42) @ 1130046000: reporter [uart_reg2ahb_adapter] bus2reg: address = 0x18 data = 0xb417b4 kind = UVM_WRITE status = UVM_IS_OK
# UVM_INFO /ictc/other/tools/QuestaDVA/questasim/verilog_src/uvm-1.2/src/reg/uvm_reg_predictor.svh(221) @ 1130046000: uvm_test_top.env.ahb_predictor [REG_PREDICT] Observed WRITE transaction to register regmodel.TBR: value='hb417b4 : updated value = 'hb4
# UVM_INFO ./../tb/dut_scoreboard.sv(52) @ 1130046000: uvm_test_top.env.dut_sb [SCOREBOARD] 
# ===== Captured data from AHB: 0xb417b4
# UVM_INFO ./../tb/dut_scoreboard.sv(60) @ 1133198000: uvm_test_top.env.dut_sb [SCOREBOARD] 
# ===== Captured data from UART: 0x14
# UVM_INFO ./../tb/dut_scoreboard.sv(73) @ 1133198000: uvm_test_top.env.dut_sb [dut_scoreboard] 
# 
# =====[UART TXD] Data comparison =====
# 
# UVM_INFO ./../tb/dut_scoreboard.sv(81) @ 1133198000: uvm_test_top.env.dut_sb [dut_scoreboard] 
# =====[DATA FRAME: 5] PASSED SUCCESSFULLY!!! =====
# UVM_INFO ./../tb/dut_scoreboard.sv(84) @ 1133198000: uvm_test_top.env.dut_sb [dut_scoreboard] 
# 
# =====[UART TXD] Parity comparison =====
# 
# UVM_ERROR ./../tb/dut_scoreboard.sv(87) @ 1133198000: uvm_test_top.env.dut_sb [dut_scoreboard] 
# =====[PARITY MODE: 10] FAILED!!! Expected parity is 0, Actual parity is 1 =====
# UVM_INFO ./../testcases/uart_txd_x16_random.sv(35) @ 1140046000: uvm_test_top [uart_txd_x16_random] --------------------------------------------------------------
# Name                Type                Size  Value           
# --------------------------------------------------------------
# cfg                 uart_configuration  -     @360            
#   parity_mode       parity_mode_e       32    UART_PARITY_EVEN
#   sampling          sampling_mode_e     32    MODE_X16        
#   data_width        integral            32    'h5             
#   num_of_stop_bit   integral            32    'h1             
#   baud_rate         integral            32    'h2580          
#   baud_rate_enable  integral            1     'h0             
#   parity_enable     integral            1     'h0             
# --------------------------------------------------------------
# 
# UVM_INFO ./../regmodel/uart_reg2ahb_adapter.sv(42) @ 1140046000: reporter [uart_reg2ahb_adapter] bus2reg: address = 0x0 data = 0x0 kind = UVM_WRITE status = UVM_IS_OK
# UVM_INFO /ictc/other/tools/QuestaDVA/questasim/verilog_src/uvm-1.2/src/reg/uvm_reg_predictor.svh(221) @ 1140046000: uvm_test_top.env.ahb_predictor [REG_PREDICT] Observed WRITE transaction to register regmodel.MDR: value='h0 : updated value = 'h0
# UVM_INFO ./../regmodel/uart_reg2ahb_adapter.sv(42) @ 1140046000: reporter [uart_reg2ahb_adapter] bus2reg: address = 0x4 data = 0x8b kind = UVM_WRITE status = UVM_IS_OK
# UVM_INFO /ictc/other/tools/QuestaDVA/questasim/verilog_src/uvm-1.2/src/reg/uvm_reg_predictor.svh(221) @ 1140046000: uvm_test_top.env.ahb_predictor [REG_PREDICT] Observed WRITE transaction to register regmodel.DLL: value='h8b : updated value = 'h8b
# UVM_INFO ./../regmodel/uart_reg2ahb_adapter.sv(42) @ 1140046000: reporter [uart_reg2ahb_adapter] bus2reg: address = 0x8 data = 0x2 kind = UVM_WRITE status = UVM_IS_OK
# UVM_INFO /ictc/other/tools/QuestaDVA/questasim/verilog_src/uvm-1.2/src/reg/uvm_reg_predictor.svh(221) @ 1140046000: uvm_test_top.env.ahb_predictor [REG_PREDICT] Observed WRITE transaction to register regmodel.DLH: value='h2 : updated value = 'h2
# UVM_INFO ./../regmodel/uart_reg2ahb_adapter.sv(42) @ 1140046000: reporter [uart_reg2ahb_adapter] bus2reg: address = 0xc data = 0x38 kind = UVM_WRITE status = UVM_IS_OK
# UVM_INFO /ictc/other/tools/QuestaDVA/questasim/verilog_src/uvm-1.2/src/reg/uvm_reg_predictor.svh(221) @ 1140046000: uvm_test_top.env.ahb_predictor [REG_PREDICT] Observed WRITE transaction to register regmodel.LCR: value='h38 : updated value = 'h38
# UVM_INFO ./../regmodel/uart_reg2ahb_adapter.sv(42) @ 1140046000: reporter [uart_reg2ahb_adapter] bus2reg: address = 0x18 data = 0x8115e4ec kind = UVM_WRITE status = UVM_IS_OK
# UVM_INFO /ictc/other/tools/QuestaDVA/questasim/verilog_src/uvm-1.2/src/reg/uvm_reg_predictor.svh(221) @ 1140046000: uvm_test_top.env.ahb_predictor [REG_PREDICT] Observed WRITE transaction to register regmodel.TBR: value='h8115e4ec : updated value = 'hec
# UVM_INFO ./../tb/dut_scoreboard.sv(52) @ 1140046000: uvm_test_top.env.dut_sb [SCOREBOARD] 
# ===== Captured data from AHB: 0x8115e4ec
# UVM_INFO ./../tb/dut_scoreboard.sv(60) @ 1141617000: uvm_test_top.env.dut_sb [SCOREBOARD] 
# ===== Captured data from UART: 0xc
# UVM_INFO ./../tb/dut_scoreboard.sv(73) @ 1141617000: uvm_test_top.env.dut_sb [dut_scoreboard] 
# 
# =====[UART TXD] Data comparison =====
# 
# UVM_INFO ./../tb/dut_scoreboard.sv(81) @ 1141617000: uvm_test_top.env.dut_sb [dut_scoreboard] 
# =====[DATA FRAME: 5] PASSED SUCCESSFULLY!!! =====
# UVM_INFO ./../tb/dut_scoreboard.sv(84) @ 1141617000: uvm_test_top.env.dut_sb [dut_scoreboard] 
# 
# =====[UART TXD] Parity comparison =====
# 
# UVM_INFO ./../tb/dut_scoreboard.sv(90) @ 1141617000: uvm_test_top.env.dut_sb [dut_scoreboard] 
# =====[PARITY MODE: 10] PASSED SUCCESSFULLY!!! =====
# UVM_INFO ./../testcases/uart_txd_x16_random.sv(35) @ 1150046000: uvm_test_top [uart_txd_x16_random] --------------------------------------------------------------
# Name                Type                Size  Value           
# --------------------------------------------------------------
# cfg                 uart_configuration  -     @360            
#   parity_mode       parity_mode_e       32    UART_PARITY_EVEN
#   sampling          sampling_mode_e     32    MODE_X16        
#   data_width        integral            32    'h5             
#   num_of_stop_bit   integral            32    'h1             
#   baud_rate         integral            32    'h4b00          
#   baud_rate_enable  integral            1     'h0             
#   parity_enable     integral            1     'h0             
# --------------------------------------------------------------
# 
# UVM_INFO ./../regmodel/uart_reg2ahb_adapter.sv(42) @ 1150046000: reporter [uart_reg2ahb_adapter] bus2reg: address = 0x0 data = 0x0 kind = UVM_WRITE status = UVM_IS_OK
# UVM_INFO /ictc/other/tools/QuestaDVA/questasim/verilog_src/uvm-1.2/src/reg/uvm_reg_predictor.svh(221) @ 1150046000: uvm_test_top.env.ahb_predictor [REG_PREDICT] Observed WRITE transaction to register regmodel.MDR: value='h0 : updated value = 'h0
# UVM_INFO ./../regmodel/uart_reg2ahb_adapter.sv(42) @ 1150046000: reporter [uart_reg2ahb_adapter] bus2reg: address = 0x4 data = 0x45 kind = UVM_WRITE status = UVM_IS_OK
# UVM_INFO /ictc/other/tools/QuestaDVA/questasim/verilog_src/uvm-1.2/src/reg/uvm_reg_predictor.svh(221) @ 1150046000: uvm_test_top.env.ahb_predictor [REG_PREDICT] Observed WRITE transaction to register regmodel.DLL: value='h45 : updated value = 'h45
# UVM_INFO ./../regmodel/uart_reg2ahb_adapter.sv(42) @ 1150046000: reporter [uart_reg2ahb_adapter] bus2reg: address = 0x8 data = 0x1 kind = UVM_WRITE status = UVM_IS_OK
# UVM_INFO /ictc/other/tools/QuestaDVA/questasim/verilog_src/uvm-1.2/src/reg/uvm_reg_predictor.svh(221) @ 1150046000: uvm_test_top.env.ahb_predictor [REG_PREDICT] Observed WRITE transaction to register regmodel.DLH: value='h1 : updated value = 'h1
# UVM_INFO ./../regmodel/uart_reg2ahb_adapter.sv(42) @ 1150046000: reporter [uart_reg2ahb_adapter] bus2reg: address = 0xc data = 0x38 kind = UVM_WRITE status = UVM_IS_OK
# UVM_INFO /ictc/other/tools/QuestaDVA/questasim/verilog_src/uvm-1.2/src/reg/uvm_reg_predictor.svh(221) @ 1150046000: uvm_test_top.env.ahb_predictor [REG_PREDICT] Observed WRITE transaction to register regmodel.LCR: value='h38 : updated value = 'h38
# UVM_INFO ./../regmodel/uart_reg2ahb_adapter.sv(42) @ 1150047000: reporter [uart_reg2ahb_adapter] bus2reg: address = 0x18 data = 0x7328c695 kind = UVM_WRITE status = UVM_IS_OK
# UVM_INFO /ictc/other/tools/QuestaDVA/questasim/verilog_src/uvm-1.2/src/reg/uvm_reg_predictor.svh(221) @ 1150047000: uvm_test_top.env.ahb_predictor [REG_PREDICT] Observed WRITE transaction to register regmodel.TBR: value='h7328c695 : updated value = 'h95
# UVM_INFO ./../tb/dut_scoreboard.sv(52) @ 1150047000: uvm_test_top.env.dut_sb [SCOREBOARD] 
# ===== Captured data from AHB: 0x7328c695
# UVM_INFO ./../tb/dut_scoreboard.sv(60) @ 1150829000: uvm_test_top.env.dut_sb [SCOREBOARD] 
# ===== Captured data from UART: 0x15
# UVM_INFO ./../tb/dut_scoreboard.sv(73) @ 1150829000: uvm_test_top.env.dut_sb [dut_scoreboard] 
# 
# =====[UART TXD] Data comparison =====
# 
# UVM_INFO ./../tb/dut_scoreboard.sv(81) @ 1150829000: uvm_test_top.env.dut_sb [dut_scoreboard] 
# =====[DATA FRAME: 5] PASSED SUCCESSFULLY!!! =====
# UVM_INFO ./../tb/dut_scoreboard.sv(84) @ 1150829000: uvm_test_top.env.dut_sb [dut_scoreboard] 
# 
# =====[UART TXD] Parity comparison =====
# 
# UVM_INFO ./../tb/dut_scoreboard.sv(90) @ 1150829000: uvm_test_top.env.dut_sb [dut_scoreboard] 
# =====[PARITY MODE: 10] PASSED SUCCESSFULLY!!! =====
# UVM_INFO ./../testcases/uart_txd_x16_random.sv(35) @ 1160047000: uvm_test_top [uart_txd_x16_random] --------------------------------------------------------------
# Name                Type                Size  Value           
# --------------------------------------------------------------
# cfg                 uart_configuration  -     @360            
#   parity_mode       parity_mode_e       32    UART_PARITY_EVEN
#   sampling          sampling_mode_e     32    MODE_X16        
#   data_width        integral            32    'h5             
#   num_of_stop_bit   integral            32    'h1             
#   baud_rate         integral            32    'h9600          
#   baud_rate_enable  integral            1     'h0             
#   parity_enable     integral            1     'h0             
# --------------------------------------------------------------
# 
# UVM_INFO ./../regmodel/uart_reg2ahb_adapter.sv(42) @ 1160047000: reporter [uart_reg2ahb_adapter] bus2reg: address = 0x0 data = 0x0 kind = UVM_WRITE status = UVM_IS_OK
# UVM_INFO /ictc/other/tools/QuestaDVA/questasim/verilog_src/uvm-1.2/src/reg/uvm_reg_predictor.svh(221) @ 1160047000: uvm_test_top.env.ahb_predictor [REG_PREDICT] Observed WRITE transaction to register regmodel.MDR: value='h0 : updated value = 'h0
# UVM_INFO ./../regmodel/uart_reg2ahb_adapter.sv(42) @ 1160047000: reporter [uart_reg2ahb_adapter] bus2reg: address = 0x4 data = 0xa4 kind = UVM_WRITE status = UVM_IS_OK
# UVM_INFO /ictc/other/tools/QuestaDVA/questasim/verilog_src/uvm-1.2/src/reg/uvm_reg_predictor.svh(221) @ 1160047000: uvm_test_top.env.ahb_predictor [REG_PREDICT] Observed WRITE transaction to register regmodel.DLL: value='ha4 : updated value = 'ha4
# UVM_INFO ./../regmodel/uart_reg2ahb_adapter.sv(42) @ 1160047000: reporter [uart_reg2ahb_adapter] bus2reg: address = 0x8 data = 0x0 kind = UVM_WRITE status = UVM_IS_OK
# UVM_INFO /ictc/other/tools/QuestaDVA/questasim/verilog_src/uvm-1.2/src/reg/uvm_reg_predictor.svh(221) @ 1160047000: uvm_test_top.env.ahb_predictor [REG_PREDICT] Observed WRITE transaction to register regmodel.DLH: value='h0 : updated value = 'h0
# UVM_INFO ./../regmodel/uart_reg2ahb_adapter.sv(42) @ 1160047000: reporter [uart_reg2ahb_adapter] bus2reg: address = 0xc data = 0x38 kind = UVM_WRITE status = UVM_IS_OK
# UVM_INFO /ictc/other/tools/QuestaDVA/questasim/verilog_src/uvm-1.2/src/reg/uvm_reg_predictor.svh(221) @ 1160047000: uvm_test_top.env.ahb_predictor [REG_PREDICT] Observed WRITE transaction to register regmodel.LCR: value='h38 : updated value = 'h38
# UVM_INFO ./../regmodel/uart_reg2ahb_adapter.sv(42) @ 1160047000: reporter [uart_reg2ahb_adapter] bus2reg: address = 0x18 data = 0x740a7103 kind = UVM_WRITE status = UVM_IS_OK
# UVM_INFO /ictc/other/tools/QuestaDVA/questasim/verilog_src/uvm-1.2/src/reg/uvm_reg_predictor.svh(221) @ 1160047000: uvm_test_top.env.ahb_predictor [REG_PREDICT] Observed WRITE transaction to register regmodel.TBR: value='h740a7103 : updated value = 'h3
# UVM_INFO ./../tb/dut_scoreboard.sv(52) @ 1160047000: uvm_test_top.env.dut_sb [SCOREBOARD] 
# ===== Captured data from AHB: 0x740a7103
# UVM_INFO ./../tb/dut_scoreboard.sv(60) @ 1160440000: uvm_test_top.env.dut_sb [SCOREBOARD] 
# ===== Captured data from UART: 0x3
# UVM_INFO ./../tb/dut_scoreboard.sv(73) @ 1160440000: uvm_test_top.env.dut_sb [dut_scoreboard] 
# 
# =====[UART TXD] Data comparison =====
# 
# UVM_INFO ./../tb/dut_scoreboard.sv(81) @ 1160440000: uvm_test_top.env.dut_sb [dut_scoreboard] 
# =====[DATA FRAME: 5] PASSED SUCCESSFULLY!!! =====
# UVM_INFO ./../tb/dut_scoreboard.sv(84) @ 1160440000: uvm_test_top.env.dut_sb [dut_scoreboard] 
# 
# =====[UART TXD] Parity comparison =====
# 
# UVM_ERROR ./../tb/dut_scoreboard.sv(87) @ 1160440000: uvm_test_top.env.dut_sb [dut_scoreboard] 
# =====[PARITY MODE: 10] FAILED!!! Expected parity is 0, Actual parity is 1 =====
# UVM_INFO ./../testcases/uart_txd_x16_random.sv(35) @ 1170047000: uvm_test_top [uart_txd_x16_random] --------------------------------------------------------------
# Name                Type                Size  Value           
# --------------------------------------------------------------
# cfg                 uart_configuration  -     @360            
#   parity_mode       parity_mode_e       32    UART_PARITY_EVEN
#   sampling          sampling_mode_e     32    MODE_X16        
#   data_width        integral            32    'h5             
#   num_of_stop_bit   integral            32    'h1             
#   baud_rate         integral            32    'h12c00         
#   baud_rate_enable  integral            1     'h0             
#   parity_enable     integral            1     'h0             
# --------------------------------------------------------------
# 
# UVM_INFO ./../regmodel/uart_reg2ahb_adapter.sv(42) @ 1170047000: reporter [uart_reg2ahb_adapter] bus2reg: address = 0x0 data = 0x0 kind = UVM_WRITE status = UVM_IS_OK
# UVM_INFO /ictc/other/tools/QuestaDVA/questasim/verilog_src/uvm-1.2/src/reg/uvm_reg_predictor.svh(221) @ 1170047000: uvm_test_top.env.ahb_predictor [REG_PREDICT] Observed WRITE transaction to register regmodel.MDR: value='h0 : updated value = 'h0
# UVM_INFO ./../regmodel/uart_reg2ahb_adapter.sv(42) @ 1170047000: reporter [uart_reg2ahb_adapter] bus2reg: address = 0x4 data = 0x51 kind = UVM_WRITE status = UVM_IS_OK
# UVM_INFO /ictc/other/tools/QuestaDVA/questasim/verilog_src/uvm-1.2/src/reg/uvm_reg_predictor.svh(221) @ 1170047000: uvm_test_top.env.ahb_predictor [REG_PREDICT] Observed WRITE transaction to register regmodel.DLL: value='h51 : updated value = 'h51
# UVM_INFO ./../regmodel/uart_reg2ahb_adapter.sv(42) @ 1170047000: reporter [uart_reg2ahb_adapter] bus2reg: address = 0x8 data = 0x0 kind = UVM_WRITE status = UVM_IS_OK
# UVM_INFO /ictc/other/tools/QuestaDVA/questasim/verilog_src/uvm-1.2/src/reg/uvm_reg_predictor.svh(221) @ 1170047000: uvm_test_top.env.ahb_predictor [REG_PREDICT] Observed WRITE transaction to register regmodel.DLH: value='h0 : updated value = 'h0
# UVM_INFO ./../regmodel/uart_reg2ahb_adapter.sv(42) @ 1170047000: reporter [uart_reg2ahb_adapter] bus2reg: address = 0xc data = 0x38 kind = UVM_WRITE status = UVM_IS_OK
# UVM_INFO /ictc/other/tools/QuestaDVA/questasim/verilog_src/uvm-1.2/src/reg/uvm_reg_predictor.svh(221) @ 1170047000: uvm_test_top.env.ahb_predictor [REG_PREDICT] Observed WRITE transaction to register regmodel.LCR: value='h38 : updated value = 'h38
# UVM_INFO ./../regmodel/uart_reg2ahb_adapter.sv(42) @ 1170047000: reporter [uart_reg2ahb_adapter] bus2reg: address = 0x18 data = 0xd591715c kind = UVM_WRITE status = UVM_IS_OK
# UVM_INFO /ictc/other/tools/QuestaDVA/questasim/verilog_src/uvm-1.2/src/reg/uvm_reg_predictor.svh(221) @ 1170047000: uvm_test_top.env.ahb_predictor [REG_PREDICT] Observed WRITE transaction to register regmodel.TBR: value='hd591715c : updated value = 'h5c
# UVM_INFO ./../tb/dut_scoreboard.sv(52) @ 1170047000: uvm_test_top.env.dut_sb [SCOREBOARD] 
# ===== Captured data from AHB: 0xd591715c
# UVM_INFO ./../tb/dut_scoreboard.sv(60) @ 1170244000: uvm_test_top.env.dut_sb [SCOREBOARD] 
# ===== Captured data from UART: 0x1c
# UVM_INFO ./../tb/dut_scoreboard.sv(73) @ 1170244000: uvm_test_top.env.dut_sb [dut_scoreboard] 
# 
# =====[UART TXD] Data comparison =====
# 
# UVM_INFO ./../tb/dut_scoreboard.sv(81) @ 1170244000: uvm_test_top.env.dut_sb [dut_scoreboard] 
# =====[DATA FRAME: 5] PASSED SUCCESSFULLY!!! =====
# UVM_INFO ./../tb/dut_scoreboard.sv(84) @ 1170244000: uvm_test_top.env.dut_sb [dut_scoreboard] 
# 
# =====[UART TXD] Parity comparison =====
# 
# UVM_INFO ./../tb/dut_scoreboard.sv(90) @ 1170244000: uvm_test_top.env.dut_sb [dut_scoreboard] 
# =====[PARITY MODE: 10] PASSED SUCCESSFULLY!!! =====
# UVM_INFO ./../testcases/uart_txd_x16_random.sv(35) @ 1180047000: uvm_test_top [uart_txd_x16_random] --------------------------------------------------------------
# Name                Type                Size  Value           
# --------------------------------------------------------------
# cfg                 uart_configuration  -     @360            
#   parity_mode       parity_mode_e       32    UART_PARITY_EVEN
#   sampling          sampling_mode_e     32    MODE_X16        
#   data_width        integral            32    'h5             
#   num_of_stop_bit   integral            32    'h1             
#   baud_rate         integral            32    'h1c200         
#   baud_rate_enable  integral            1     'h0             
#   parity_enable     integral            1     'h0             
# --------------------------------------------------------------
# 
# UVM_INFO ./../regmodel/uart_reg2ahb_adapter.sv(42) @ 1180047000: reporter [uart_reg2ahb_adapter] bus2reg: address = 0x0 data = 0x0 kind = UVM_WRITE status = UVM_IS_OK
# UVM_INFO /ictc/other/tools/QuestaDVA/questasim/verilog_src/uvm-1.2/src/reg/uvm_reg_predictor.svh(221) @ 1180047000: uvm_test_top.env.ahb_predictor [REG_PREDICT] Observed WRITE transaction to register regmodel.MDR: value='h0 : updated value = 'h0
# UVM_INFO ./../regmodel/uart_reg2ahb_adapter.sv(42) @ 1180047000: reporter [uart_reg2ahb_adapter] bus2reg: address = 0x4 data = 0x36 kind = UVM_WRITE status = UVM_IS_OK
# UVM_INFO /ictc/other/tools/QuestaDVA/questasim/verilog_src/uvm-1.2/src/reg/uvm_reg_predictor.svh(221) @ 1180047000: uvm_test_top.env.ahb_predictor [REG_PREDICT] Observed WRITE transaction to register regmodel.DLL: value='h36 : updated value = 'h36
# UVM_INFO ./../regmodel/uart_reg2ahb_adapter.sv(42) @ 1180048000: reporter [uart_reg2ahb_adapter] bus2reg: address = 0x8 data = 0x0 kind = UVM_WRITE status = UVM_IS_OK
# UVM_INFO /ictc/other/tools/QuestaDVA/questasim/verilog_src/uvm-1.2/src/reg/uvm_reg_predictor.svh(221) @ 1180048000: uvm_test_top.env.ahb_predictor [REG_PREDICT] Observed WRITE transaction to register regmodel.DLH: value='h0 : updated value = 'h0
# UVM_INFO ./../regmodel/uart_reg2ahb_adapter.sv(42) @ 1180048000: reporter [uart_reg2ahb_adapter] bus2reg: address = 0xc data = 0x38 kind = UVM_WRITE status = UVM_IS_OK
# UVM_INFO /ictc/other/tools/QuestaDVA/questasim/verilog_src/uvm-1.2/src/reg/uvm_reg_predictor.svh(221) @ 1180048000: uvm_test_top.env.ahb_predictor [REG_PREDICT] Observed WRITE transaction to register regmodel.LCR: value='h38 : updated value = 'h38
# UVM_INFO ./../regmodel/uart_reg2ahb_adapter.sv(42) @ 1180048000: reporter [uart_reg2ahb_adapter] bus2reg: address = 0x18 data = 0x83632c86 kind = UVM_WRITE status = UVM_IS_OK
# UVM_INFO /ictc/other/tools/QuestaDVA/questasim/verilog_src/uvm-1.2/src/reg/uvm_reg_predictor.svh(221) @ 1180048000: uvm_test_top.env.ahb_predictor [REG_PREDICT] Observed WRITE transaction to register regmodel.TBR: value='h83632c86 : updated value = 'h86
# UVM_INFO ./../tb/dut_scoreboard.sv(52) @ 1180048000: uvm_test_top.env.dut_sb [SCOREBOARD] 
# ===== Captured data from AHB: 0x83632c86
# UVM_INFO ./../tb/dut_scoreboard.sv(60) @ 1180176000: uvm_test_top.env.dut_sb [SCOREBOARD] 
# ===== Captured data from UART: 0x6
# UVM_INFO ./../tb/dut_scoreboard.sv(73) @ 1180176000: uvm_test_top.env.dut_sb [dut_scoreboard] 
# 
# =====[UART TXD] Data comparison =====
# 
# UVM_INFO ./../tb/dut_scoreboard.sv(81) @ 1180176000: uvm_test_top.env.dut_sb [dut_scoreboard] 
# =====[DATA FRAME: 5] PASSED SUCCESSFULLY!!! =====
# UVM_INFO ./../tb/dut_scoreboard.sv(84) @ 1180176000: uvm_test_top.env.dut_sb [dut_scoreboard] 
# 
# =====[UART TXD] Parity comparison =====
# 
# UVM_INFO ./../tb/dut_scoreboard.sv(90) @ 1180176000: uvm_test_top.env.dut_sb [dut_scoreboard] 
# =====[PARITY MODE: 10] PASSED SUCCESSFULLY!!! =====
# UVM_INFO ./../testcases/uart_txd_x16_random.sv(35) @ 1190048000: uvm_test_top [uart_txd_x16_random] --------------------------------------------------------------
# Name                Type                Size  Value           
# --------------------------------------------------------------
# cfg                 uart_configuration  -     @360            
#   parity_mode       parity_mode_e       32    UART_PARITY_EVEN
#   sampling          sampling_mode_e     32    MODE_X16        
#   data_width        integral            32    'h5             
#   num_of_stop_bit   integral            32    'h2             
#   baud_rate         integral            32    'h960           
#   baud_rate_enable  integral            1     'h0             
#   parity_enable     integral            1     'h0             
# --------------------------------------------------------------
# 
# UVM_INFO ./../regmodel/uart_reg2ahb_adapter.sv(42) @ 1190048000: reporter [uart_reg2ahb_adapter] bus2reg: address = 0x0 data = 0x0 kind = UVM_WRITE status = UVM_IS_OK
# UVM_INFO /ictc/other/tools/QuestaDVA/questasim/verilog_src/uvm-1.2/src/reg/uvm_reg_predictor.svh(221) @ 1190048000: uvm_test_top.env.ahb_predictor [REG_PREDICT] Observed WRITE transaction to register regmodel.MDR: value='h0 : updated value = 'h0
# UVM_INFO ./../regmodel/uart_reg2ahb_adapter.sv(42) @ 1190048000: reporter [uart_reg2ahb_adapter] bus2reg: address = 0x4 data = 0x2c kind = UVM_WRITE status = UVM_IS_OK
# UVM_INFO /ictc/other/tools/QuestaDVA/questasim/verilog_src/uvm-1.2/src/reg/uvm_reg_predictor.svh(221) @ 1190048000: uvm_test_top.env.ahb_predictor [REG_PREDICT] Observed WRITE transaction to register regmodel.DLL: value='h2c : updated value = 'h2c
# UVM_INFO ./../regmodel/uart_reg2ahb_adapter.sv(42) @ 1190048000: reporter [uart_reg2ahb_adapter] bus2reg: address = 0x8 data = 0xa kind = UVM_WRITE status = UVM_IS_OK
# UVM_INFO /ictc/other/tools/QuestaDVA/questasim/verilog_src/uvm-1.2/src/reg/uvm_reg_predictor.svh(221) @ 1190048000: uvm_test_top.env.ahb_predictor [REG_PREDICT] Observed WRITE transaction to register regmodel.DLH: value='ha : updated value = 'ha
# UVM_INFO ./../regmodel/uart_reg2ahb_adapter.sv(42) @ 1190048000: reporter [uart_reg2ahb_adapter] bus2reg: address = 0xc data = 0x3c kind = UVM_WRITE status = UVM_IS_OK
# UVM_INFO /ictc/other/tools/QuestaDVA/questasim/verilog_src/uvm-1.2/src/reg/uvm_reg_predictor.svh(221) @ 1190048000: uvm_test_top.env.ahb_predictor [REG_PREDICT] Observed WRITE transaction to register regmodel.LCR: value='h3c : updated value = 'h3c
# UVM_INFO ./../regmodel/uart_reg2ahb_adapter.sv(42) @ 1190048000: reporter [uart_reg2ahb_adapter] bus2reg: address = 0x18 data = 0x20e3f60e kind = UVM_WRITE status = UVM_IS_OK
# UVM_INFO /ictc/other/tools/QuestaDVA/questasim/verilog_src/uvm-1.2/src/reg/uvm_reg_predictor.svh(221) @ 1190048000: uvm_test_top.env.ahb_predictor [REG_PREDICT] Observed WRITE transaction to register regmodel.TBR: value='h20e3f60e : updated value = 'he
# UVM_INFO ./../tb/dut_scoreboard.sv(52) @ 1190048000: uvm_test_top.env.dut_sb [SCOREBOARD] 
# ===== Captured data from AHB: 0x20e3f60e
# UVM_INFO ./../tb/dut_scoreboard.sv(60) @ 1197180000: uvm_test_top.env.dut_sb [SCOREBOARD] 
# ===== Captured data from UART: 0xe
# UVM_INFO ./../tb/dut_scoreboard.sv(73) @ 1197180000: uvm_test_top.env.dut_sb [dut_scoreboard] 
# 
# =====[UART TXD] Data comparison =====
# 
# UVM_INFO ./../tb/dut_scoreboard.sv(81) @ 1197180000: uvm_test_top.env.dut_sb [dut_scoreboard] 
# =====[DATA FRAME: 5] PASSED SUCCESSFULLY!!! =====
# UVM_INFO ./../tb/dut_scoreboard.sv(84) @ 1197180000: uvm_test_top.env.dut_sb [dut_scoreboard] 
# 
# =====[UART TXD] Parity comparison =====
# 
# UVM_ERROR ./../tb/dut_scoreboard.sv(87) @ 1197180000: uvm_test_top.env.dut_sb [dut_scoreboard] 
# =====[PARITY MODE: 10] FAILED!!! Expected parity is 1, Actual parity is 0 =====
# UVM_INFO ./../testcases/uart_txd_x16_random.sv(35) @ 1200048000: uvm_test_top [uart_txd_x16_random] --------------------------------------------------------------
# Name                Type                Size  Value           
# --------------------------------------------------------------
# cfg                 uart_configuration  -     @360            
#   parity_mode       parity_mode_e       32    UART_PARITY_EVEN
#   sampling          sampling_mode_e     32    MODE_X16        
#   data_width        integral            32    'h5             
#   num_of_stop_bit   integral            32    'h2             
#   baud_rate         integral            32    'h12c0          
#   baud_rate_enable  integral            1     'h0             
#   parity_enable     integral            1     'h0             
# --------------------------------------------------------------
# 
# UVM_INFO ./../regmodel/uart_reg2ahb_adapter.sv(42) @ 1200048000: reporter [uart_reg2ahb_adapter] bus2reg: address = 0x0 data = 0x0 kind = UVM_WRITE status = UVM_IS_OK
# UVM_INFO /ictc/other/tools/QuestaDVA/questasim/verilog_src/uvm-1.2/src/reg/uvm_reg_predictor.svh(221) @ 1200048000: uvm_test_top.env.ahb_predictor [REG_PREDICT] Observed WRITE transaction to register regmodel.MDR: value='h0 : updated value = 'h0
# UVM_INFO ./../regmodel/uart_reg2ahb_adapter.sv(42) @ 1200048000: reporter [uart_reg2ahb_adapter] bus2reg: address = 0x4 data = 0x16 kind = UVM_WRITE status = UVM_IS_OK
# UVM_INFO /ictc/other/tools/QuestaDVA/questasim/verilog_src/uvm-1.2/src/reg/uvm_reg_predictor.svh(221) @ 1200048000: uvm_test_top.env.ahb_predictor [REG_PREDICT] Observed WRITE transaction to register regmodel.DLL: value='h16 : updated value = 'h16
# UVM_INFO ./../regmodel/uart_reg2ahb_adapter.sv(42) @ 1200048000: reporter [uart_reg2ahb_adapter] bus2reg: address = 0x8 data = 0x5 kind = UVM_WRITE status = UVM_IS_OK
# UVM_INFO /ictc/other/tools/QuestaDVA/questasim/verilog_src/uvm-1.2/src/reg/uvm_reg_predictor.svh(221) @ 1200048000: uvm_test_top.env.ahb_predictor [REG_PREDICT] Observed WRITE transaction to register regmodel.DLH: value='h5 : updated value = 'h5
# UVM_INFO ./../regmodel/uart_reg2ahb_adapter.sv(42) @ 1200048000: reporter [uart_reg2ahb_adapter] bus2reg: address = 0xc data = 0x3c kind = UVM_WRITE status = UVM_IS_OK
# UVM_INFO /ictc/other/tools/QuestaDVA/questasim/verilog_src/uvm-1.2/src/reg/uvm_reg_predictor.svh(221) @ 1200048000: uvm_test_top.env.ahb_predictor [REG_PREDICT] Observed WRITE transaction to register regmodel.LCR: value='h3c : updated value = 'h3c
# UVM_INFO ./../regmodel/uart_reg2ahb_adapter.sv(42) @ 1200049000: reporter [uart_reg2ahb_adapter] bus2reg: address = 0x18 data = 0x70c6b48c kind = UVM_WRITE status = UVM_IS_OK
# UVM_INFO /ictc/other/tools/QuestaDVA/questasim/verilog_src/uvm-1.2/src/reg/uvm_reg_predictor.svh(221) @ 1200049000: uvm_test_top.env.ahb_predictor [REG_PREDICT] Observed WRITE transaction to register regmodel.TBR: value='h70c6b48c : updated value = 'h8c
# UVM_INFO ./../tb/dut_scoreboard.sv(52) @ 1200049000: uvm_test_top.env.dut_sb [SCOREBOARD] 
# ===== Captured data from AHB: 0x70c6b48c
# UVM_INFO ./../tb/dut_scoreboard.sv(60) @ 1203617000: uvm_test_top.env.dut_sb [SCOREBOARD] 
# ===== Captured data from UART: 0xc
# UVM_INFO ./../tb/dut_scoreboard.sv(73) @ 1203617000: uvm_test_top.env.dut_sb [dut_scoreboard] 
# 
# =====[UART TXD] Data comparison =====
# 
# UVM_INFO ./../tb/dut_scoreboard.sv(81) @ 1203617000: uvm_test_top.env.dut_sb [dut_scoreboard] 
# =====[DATA FRAME: 5] PASSED SUCCESSFULLY!!! =====
# UVM_INFO ./../tb/dut_scoreboard.sv(84) @ 1203617000: uvm_test_top.env.dut_sb [dut_scoreboard] 
# 
# =====[UART TXD] Parity comparison =====
# 
# UVM_INFO ./../tb/dut_scoreboard.sv(90) @ 1203617000: uvm_test_top.env.dut_sb [dut_scoreboard] 
# =====[PARITY MODE: 10] PASSED SUCCESSFULLY!!! =====
# UVM_INFO ./../testcases/uart_txd_x16_random.sv(35) @ 1210049000: uvm_test_top [uart_txd_x16_random] --------------------------------------------------------------
# Name                Type                Size  Value           
# --------------------------------------------------------------
# cfg                 uart_configuration  -     @360            
#   parity_mode       parity_mode_e       32    UART_PARITY_EVEN
#   sampling          sampling_mode_e     32    MODE_X16        
#   data_width        integral            32    'h5             
#   num_of_stop_bit   integral            32    'h2             
#   baud_rate         integral            32    'h2580          
#   baud_rate_enable  integral            1     'h0             
#   parity_enable     integral            1     'h0             
# --------------------------------------------------------------
# 
# UVM_INFO ./../regmodel/uart_reg2ahb_adapter.sv(42) @ 1210049000: reporter [uart_reg2ahb_adapter] bus2reg: address = 0x0 data = 0x0 kind = UVM_WRITE status = UVM_IS_OK
# UVM_INFO /ictc/other/tools/QuestaDVA/questasim/verilog_src/uvm-1.2/src/reg/uvm_reg_predictor.svh(221) @ 1210049000: uvm_test_top.env.ahb_predictor [REG_PREDICT] Observed WRITE transaction to register regmodel.MDR: value='h0 : updated value = 'h0
# UVM_INFO ./../regmodel/uart_reg2ahb_adapter.sv(42) @ 1210049000: reporter [uart_reg2ahb_adapter] bus2reg: address = 0x4 data = 0x8b kind = UVM_WRITE status = UVM_IS_OK
# UVM_INFO /ictc/other/tools/QuestaDVA/questasim/verilog_src/uvm-1.2/src/reg/uvm_reg_predictor.svh(221) @ 1210049000: uvm_test_top.env.ahb_predictor [REG_PREDICT] Observed WRITE transaction to register regmodel.DLL: value='h8b : updated value = 'h8b
# UVM_INFO ./../regmodel/uart_reg2ahb_adapter.sv(42) @ 1210049000: reporter [uart_reg2ahb_adapter] bus2reg: address = 0x8 data = 0x2 kind = UVM_WRITE status = UVM_IS_OK
# UVM_INFO /ictc/other/tools/QuestaDVA/questasim/verilog_src/uvm-1.2/src/reg/uvm_reg_predictor.svh(221) @ 1210049000: uvm_test_top.env.ahb_predictor [REG_PREDICT] Observed WRITE transaction to register regmodel.DLH: value='h2 : updated value = 'h2
# UVM_INFO ./../regmodel/uart_reg2ahb_adapter.sv(42) @ 1210049000: reporter [uart_reg2ahb_adapter] bus2reg: address = 0xc data = 0x3c kind = UVM_WRITE status = UVM_IS_OK
# UVM_INFO /ictc/other/tools/QuestaDVA/questasim/verilog_src/uvm-1.2/src/reg/uvm_reg_predictor.svh(221) @ 1210049000: uvm_test_top.env.ahb_predictor [REG_PREDICT] Observed WRITE transaction to register regmodel.LCR: value='h3c : updated value = 'h3c
# UVM_INFO ./../regmodel/uart_reg2ahb_adapter.sv(42) @ 1210049000: reporter [uart_reg2ahb_adapter] bus2reg: address = 0x18 data = 0xbae4e6a kind = UVM_WRITE status = UVM_IS_OK
# UVM_INFO /ictc/other/tools/QuestaDVA/questasim/verilog_src/uvm-1.2/src/reg/uvm_reg_predictor.svh(221) @ 1210049000: uvm_test_top.env.ahb_predictor [REG_PREDICT] Observed WRITE transaction to register regmodel.TBR: value='hbae4e6a : updated value = 'h6a
# UVM_INFO ./../tb/dut_scoreboard.sv(52) @ 1210049000: uvm_test_top.env.dut_sb [SCOREBOARD] 
# ===== Captured data from AHB: 0xbae4e6a
# UVM_INFO ./../tb/dut_scoreboard.sv(60) @ 1211827000: uvm_test_top.env.dut_sb [SCOREBOARD] 
# ===== Captured data from UART: 0xa
# UVM_INFO ./../tb/dut_scoreboard.sv(73) @ 1211827000: uvm_test_top.env.dut_sb [dut_scoreboard] 
# 
# =====[UART TXD] Data comparison =====
# 
# UVM_INFO ./../tb/dut_scoreboard.sv(81) @ 1211827000: uvm_test_top.env.dut_sb [dut_scoreboard] 
# =====[DATA FRAME: 5] PASSED SUCCESSFULLY!!! =====
# UVM_INFO ./../tb/dut_scoreboard.sv(84) @ 1211827000: uvm_test_top.env.dut_sb [dut_scoreboard] 
# 
# =====[UART TXD] Parity comparison =====
# 
# UVM_ERROR ./../tb/dut_scoreboard.sv(87) @ 1211827000: uvm_test_top.env.dut_sb [dut_scoreboard] 
# =====[PARITY MODE: 10] FAILED!!! Expected parity is 0, Actual parity is 1 =====
# UVM_INFO ./../testcases/uart_txd_x16_random.sv(35) @ 1220049000: uvm_test_top [uart_txd_x16_random] --------------------------------------------------------------
# Name                Type                Size  Value           
# --------------------------------------------------------------
# cfg                 uart_configuration  -     @360            
#   parity_mode       parity_mode_e       32    UART_PARITY_EVEN
#   sampling          sampling_mode_e     32    MODE_X16        
#   data_width        integral            32    'h5             
#   num_of_stop_bit   integral            32    'h2             
#   baud_rate         integral            32    'h4b00          
#   baud_rate_enable  integral            1     'h0             
#   parity_enable     integral            1     'h0             
# --------------------------------------------------------------
# 
# UVM_INFO ./../regmodel/uart_reg2ahb_adapter.sv(42) @ 1220049000: reporter [uart_reg2ahb_adapter] bus2reg: address = 0x0 data = 0x0 kind = UVM_WRITE status = UVM_IS_OK
# UVM_INFO /ictc/other/tools/QuestaDVA/questasim/verilog_src/uvm-1.2/src/reg/uvm_reg_predictor.svh(221) @ 1220049000: uvm_test_top.env.ahb_predictor [REG_PREDICT] Observed WRITE transaction to register regmodel.MDR: value='h0 : updated value = 'h0
# UVM_INFO ./../regmodel/uart_reg2ahb_adapter.sv(42) @ 1220049000: reporter [uart_reg2ahb_adapter] bus2reg: address = 0x4 data = 0x45 kind = UVM_WRITE status = UVM_IS_OK
# UVM_INFO /ictc/other/tools/QuestaDVA/questasim/verilog_src/uvm-1.2/src/reg/uvm_reg_predictor.svh(221) @ 1220049000: uvm_test_top.env.ahb_predictor [REG_PREDICT] Observed WRITE transaction to register regmodel.DLL: value='h45 : updated value = 'h45
# UVM_INFO ./../regmodel/uart_reg2ahb_adapter.sv(42) @ 1220049000: reporter [uart_reg2ahb_adapter] bus2reg: address = 0x8 data = 0x1 kind = UVM_WRITE status = UVM_IS_OK
# UVM_INFO /ictc/other/tools/QuestaDVA/questasim/verilog_src/uvm-1.2/src/reg/uvm_reg_predictor.svh(221) @ 1220049000: uvm_test_top.env.ahb_predictor [REG_PREDICT] Observed WRITE transaction to register regmodel.DLH: value='h1 : updated value = 'h1
# UVM_INFO ./../regmodel/uart_reg2ahb_adapter.sv(42) @ 1220049000: reporter [uart_reg2ahb_adapter] bus2reg: address = 0xc data = 0x3c kind = UVM_WRITE status = UVM_IS_OK
# UVM_INFO /ictc/other/tools/QuestaDVA/questasim/verilog_src/uvm-1.2/src/reg/uvm_reg_predictor.svh(221) @ 1220049000: uvm_test_top.env.ahb_predictor [REG_PREDICT] Observed WRITE transaction to register regmodel.LCR: value='h3c : updated value = 'h3c
# UVM_INFO ./../regmodel/uart_reg2ahb_adapter.sv(42) @ 1220049000: reporter [uart_reg2ahb_adapter] bus2reg: address = 0x18 data = 0xc4ebb02a kind = UVM_WRITE status = UVM_IS_OK
# UVM_INFO /ictc/other/tools/QuestaDVA/questasim/verilog_src/uvm-1.2/src/reg/uvm_reg_predictor.svh(221) @ 1220049000: uvm_test_top.env.ahb_predictor [REG_PREDICT] Observed WRITE transaction to register regmodel.TBR: value='hc4ebb02a : updated value = 'h2a
# UVM_INFO ./../tb/dut_scoreboard.sv(52) @ 1220049000: uvm_test_top.env.dut_sb [SCOREBOARD] 
# ===== Captured data from AHB: 0xc4ebb02a
# UVM_INFO ./../tb/dut_scoreboard.sv(60) @ 1220936000: uvm_test_top.env.dut_sb [SCOREBOARD] 
# ===== Captured data from UART: 0xa
# UVM_INFO ./../tb/dut_scoreboard.sv(73) @ 1220936000: uvm_test_top.env.dut_sb [dut_scoreboard] 
# 
# =====[UART TXD] Data comparison =====
# 
# UVM_INFO ./../tb/dut_scoreboard.sv(81) @ 1220936000: uvm_test_top.env.dut_sb [dut_scoreboard] 
# =====[DATA FRAME: 5] PASSED SUCCESSFULLY!!! =====
# UVM_INFO ./../tb/dut_scoreboard.sv(84) @ 1220936000: uvm_test_top.env.dut_sb [dut_scoreboard] 
# 
# =====[UART TXD] Parity comparison =====
# 
# UVM_INFO ./../tb/dut_scoreboard.sv(90) @ 1220936000: uvm_test_top.env.dut_sb [dut_scoreboard] 
# =====[PARITY MODE: 10] PASSED SUCCESSFULLY!!! =====
# UVM_INFO ./../testcases/uart_txd_x16_random.sv(35) @ 1230049000: uvm_test_top [uart_txd_x16_random] --------------------------------------------------------------
# Name                Type                Size  Value           
# --------------------------------------------------------------
# cfg                 uart_configuration  -     @360            
#   parity_mode       parity_mode_e       32    UART_PARITY_EVEN
#   sampling          sampling_mode_e     32    MODE_X16        
#   data_width        integral            32    'h5             
#   num_of_stop_bit   integral            32    'h2             
#   baud_rate         integral            32    'h9600          
#   baud_rate_enable  integral            1     'h0             
#   parity_enable     integral            1     'h0             
# --------------------------------------------------------------
# 
# UVM_INFO ./../regmodel/uart_reg2ahb_adapter.sv(42) @ 1230049000: reporter [uart_reg2ahb_adapter] bus2reg: address = 0x0 data = 0x0 kind = UVM_WRITE status = UVM_IS_OK
# UVM_INFO /ictc/other/tools/QuestaDVA/questasim/verilog_src/uvm-1.2/src/reg/uvm_reg_predictor.svh(221) @ 1230049000: uvm_test_top.env.ahb_predictor [REG_PREDICT] Observed WRITE transaction to register regmodel.MDR: value='h0 : updated value = 'h0
# UVM_INFO ./../regmodel/uart_reg2ahb_adapter.sv(42) @ 1230049000: reporter [uart_reg2ahb_adapter] bus2reg: address = 0x4 data = 0xa4 kind = UVM_WRITE status = UVM_IS_OK
# UVM_INFO /ictc/other/tools/QuestaDVA/questasim/verilog_src/uvm-1.2/src/reg/uvm_reg_predictor.svh(221) @ 1230049000: uvm_test_top.env.ahb_predictor [REG_PREDICT] Observed WRITE transaction to register regmodel.DLL: value='ha4 : updated value = 'ha4
# UVM_INFO ./../regmodel/uart_reg2ahb_adapter.sv(42) @ 1230050000: reporter [uart_reg2ahb_adapter] bus2reg: address = 0x8 data = 0x0 kind = UVM_WRITE status = UVM_IS_OK
# UVM_INFO /ictc/other/tools/QuestaDVA/questasim/verilog_src/uvm-1.2/src/reg/uvm_reg_predictor.svh(221) @ 1230050000: uvm_test_top.env.ahb_predictor [REG_PREDICT] Observed WRITE transaction to register regmodel.DLH: value='h0 : updated value = 'h0
# UVM_INFO ./../regmodel/uart_reg2ahb_adapter.sv(42) @ 1230050000: reporter [uart_reg2ahb_adapter] bus2reg: address = 0xc data = 0x3c kind = UVM_WRITE status = UVM_IS_OK
# UVM_INFO /ictc/other/tools/QuestaDVA/questasim/verilog_src/uvm-1.2/src/reg/uvm_reg_predictor.svh(221) @ 1230050000: uvm_test_top.env.ahb_predictor [REG_PREDICT] Observed WRITE transaction to register regmodel.LCR: value='h3c : updated value = 'h3c
# UVM_INFO ./../regmodel/uart_reg2ahb_adapter.sv(42) @ 1230050000: reporter [uart_reg2ahb_adapter] bus2reg: address = 0x18 data = 0x8330c8eb kind = UVM_WRITE status = UVM_IS_OK
# UVM_INFO /ictc/other/tools/QuestaDVA/questasim/verilog_src/uvm-1.2/src/reg/uvm_reg_predictor.svh(221) @ 1230050000: uvm_test_top.env.ahb_predictor [REG_PREDICT] Observed WRITE transaction to register regmodel.TBR: value='h8330c8eb : updated value = 'heb
# UVM_INFO ./../tb/dut_scoreboard.sv(52) @ 1230050000: uvm_test_top.env.dut_sb [SCOREBOARD] 
# ===== Captured data from AHB: 0x8330c8eb
# UVM_INFO ./../tb/dut_scoreboard.sv(60) @ 1230494000: uvm_test_top.env.dut_sb [SCOREBOARD] 
# ===== Captured data from UART: 0xb
# UVM_INFO ./../tb/dut_scoreboard.sv(73) @ 1230494000: uvm_test_top.env.dut_sb [dut_scoreboard] 
# 
# =====[UART TXD] Data comparison =====
# 
# UVM_INFO ./../tb/dut_scoreboard.sv(81) @ 1230494000: uvm_test_top.env.dut_sb [dut_scoreboard] 
# =====[DATA FRAME: 5] PASSED SUCCESSFULLY!!! =====
# UVM_INFO ./../tb/dut_scoreboard.sv(84) @ 1230494000: uvm_test_top.env.dut_sb [dut_scoreboard] 
# 
# =====[UART TXD] Parity comparison =====
# 
# UVM_INFO ./../tb/dut_scoreboard.sv(90) @ 1230494000: uvm_test_top.env.dut_sb [dut_scoreboard] 
# =====[PARITY MODE: 10] PASSED SUCCESSFULLY!!! =====
# UVM_INFO ./../testcases/uart_txd_x16_random.sv(35) @ 1240050000: uvm_test_top [uart_txd_x16_random] --------------------------------------------------------------
# Name                Type                Size  Value           
# --------------------------------------------------------------
# cfg                 uart_configuration  -     @360            
#   parity_mode       parity_mode_e       32    UART_PARITY_EVEN
#   sampling          sampling_mode_e     32    MODE_X16        
#   data_width        integral            32    'h5             
#   num_of_stop_bit   integral            32    'h2             
#   baud_rate         integral            32    'h12c00         
#   baud_rate_enable  integral            1     'h0             
#   parity_enable     integral            1     'h0             
# --------------------------------------------------------------
# 
# UVM_INFO ./../regmodel/uart_reg2ahb_adapter.sv(42) @ 1240050000: reporter [uart_reg2ahb_adapter] bus2reg: address = 0x0 data = 0x0 kind = UVM_WRITE status = UVM_IS_OK
# UVM_INFO /ictc/other/tools/QuestaDVA/questasim/verilog_src/uvm-1.2/src/reg/uvm_reg_predictor.svh(221) @ 1240050000: uvm_test_top.env.ahb_predictor [REG_PREDICT] Observed WRITE transaction to register regmodel.MDR: value='h0 : updated value = 'h0
# UVM_INFO ./../regmodel/uart_reg2ahb_adapter.sv(42) @ 1240050000: reporter [uart_reg2ahb_adapter] bus2reg: address = 0x4 data = 0x51 kind = UVM_WRITE status = UVM_IS_OK
# UVM_INFO /ictc/other/tools/QuestaDVA/questasim/verilog_src/uvm-1.2/src/reg/uvm_reg_predictor.svh(221) @ 1240050000: uvm_test_top.env.ahb_predictor [REG_PREDICT] Observed WRITE transaction to register regmodel.DLL: value='h51 : updated value = 'h51
# UVM_INFO ./../regmodel/uart_reg2ahb_adapter.sv(42) @ 1240050000: reporter [uart_reg2ahb_adapter] bus2reg: address = 0x8 data = 0x0 kind = UVM_WRITE status = UVM_IS_OK
# UVM_INFO /ictc/other/tools/QuestaDVA/questasim/verilog_src/uvm-1.2/src/reg/uvm_reg_predictor.svh(221) @ 1240050000: uvm_test_top.env.ahb_predictor [REG_PREDICT] Observed WRITE transaction to register regmodel.DLH: value='h0 : updated value = 'h0
# UVM_INFO ./../regmodel/uart_reg2ahb_adapter.sv(42) @ 1240050000: reporter [uart_reg2ahb_adapter] bus2reg: address = 0xc data = 0x3c kind = UVM_WRITE status = UVM_IS_OK
# UVM_INFO /ictc/other/tools/QuestaDVA/questasim/verilog_src/uvm-1.2/src/reg/uvm_reg_predictor.svh(221) @ 1240050000: uvm_test_top.env.ahb_predictor [REG_PREDICT] Observed WRITE transaction to register regmodel.LCR: value='h3c : updated value = 'h3c
# UVM_INFO ./../regmodel/uart_reg2ahb_adapter.sv(42) @ 1240050000: reporter [uart_reg2ahb_adapter] bus2reg: address = 0x18 data = 0x65f7c6b9 kind = UVM_WRITE status = UVM_IS_OK
# UVM_INFO /ictc/other/tools/QuestaDVA/questasim/verilog_src/uvm-1.2/src/reg/uvm_reg_predictor.svh(221) @ 1240050000: uvm_test_top.env.ahb_predictor [REG_PREDICT] Observed WRITE transaction to register regmodel.TBR: value='h65f7c6b9 : updated value = 'hb9
# UVM_INFO ./../tb/dut_scoreboard.sv(52) @ 1240050000: uvm_test_top.env.dut_sb [SCOREBOARD] 
# ===== Captured data from AHB: 0x65f7c6b9
# UVM_INFO ./../tb/dut_scoreboard.sv(60) @ 1240272000: uvm_test_top.env.dut_sb [SCOREBOARD] 
# ===== Captured data from UART: 0x19
# UVM_INFO ./../tb/dut_scoreboard.sv(73) @ 1240272000: uvm_test_top.env.dut_sb [dut_scoreboard] 
# 
# =====[UART TXD] Data comparison =====
# 
# UVM_INFO ./../tb/dut_scoreboard.sv(81) @ 1240272000: uvm_test_top.env.dut_sb [dut_scoreboard] 
# =====[DATA FRAME: 5] PASSED SUCCESSFULLY!!! =====
# UVM_INFO ./../tb/dut_scoreboard.sv(84) @ 1240272000: uvm_test_top.env.dut_sb [dut_scoreboard] 
# 
# =====[UART TXD] Parity comparison =====
# 
# UVM_ERROR ./../tb/dut_scoreboard.sv(87) @ 1240272000: uvm_test_top.env.dut_sb [dut_scoreboard] 
# =====[PARITY MODE: 10] FAILED!!! Expected parity is 1, Actual parity is 0 =====
# UVM_INFO ./../testcases/uart_txd_x16_random.sv(35) @ 1250050000: uvm_test_top [uart_txd_x16_random] --------------------------------------------------------------
# Name                Type                Size  Value           
# --------------------------------------------------------------
# cfg                 uart_configuration  -     @360            
#   parity_mode       parity_mode_e       32    UART_PARITY_EVEN
#   sampling          sampling_mode_e     32    MODE_X16        
#   data_width        integral            32    'h5             
#   num_of_stop_bit   integral            32    'h2             
#   baud_rate         integral            32    'h1c200         
#   baud_rate_enable  integral            1     'h0             
#   parity_enable     integral            1     'h0             
# --------------------------------------------------------------
# 
# UVM_INFO ./../regmodel/uart_reg2ahb_adapter.sv(42) @ 1250050000: reporter [uart_reg2ahb_adapter] bus2reg: address = 0x0 data = 0x0 kind = UVM_WRITE status = UVM_IS_OK
# UVM_INFO /ictc/other/tools/QuestaDVA/questasim/verilog_src/uvm-1.2/src/reg/uvm_reg_predictor.svh(221) @ 1250050000: uvm_test_top.env.ahb_predictor [REG_PREDICT] Observed WRITE transaction to register regmodel.MDR: value='h0 : updated value = 'h0
# UVM_INFO ./../regmodel/uart_reg2ahb_adapter.sv(42) @ 1250050000: reporter [uart_reg2ahb_adapter] bus2reg: address = 0x4 data = 0x36 kind = UVM_WRITE status = UVM_IS_OK
# UVM_INFO /ictc/other/tools/QuestaDVA/questasim/verilog_src/uvm-1.2/src/reg/uvm_reg_predictor.svh(221) @ 1250050000: uvm_test_top.env.ahb_predictor [REG_PREDICT] Observed WRITE transaction to register regmodel.DLL: value='h36 : updated value = 'h36
# UVM_INFO ./../regmodel/uart_reg2ahb_adapter.sv(42) @ 1250050000: reporter [uart_reg2ahb_adapter] bus2reg: address = 0x8 data = 0x0 kind = UVM_WRITE status = UVM_IS_OK
# UVM_INFO /ictc/other/tools/QuestaDVA/questasim/verilog_src/uvm-1.2/src/reg/uvm_reg_predictor.svh(221) @ 1250050000: uvm_test_top.env.ahb_predictor [REG_PREDICT] Observed WRITE transaction to register regmodel.DLH: value='h0 : updated value = 'h0
# UVM_INFO ./../regmodel/uart_reg2ahb_adapter.sv(42) @ 1250050000: reporter [uart_reg2ahb_adapter] bus2reg: address = 0xc data = 0x3c kind = UVM_WRITE status = UVM_IS_OK
# UVM_INFO /ictc/other/tools/QuestaDVA/questasim/verilog_src/uvm-1.2/src/reg/uvm_reg_predictor.svh(221) @ 1250050000: uvm_test_top.env.ahb_predictor [REG_PREDICT] Observed WRITE transaction to register regmodel.LCR: value='h3c : updated value = 'h3c
# UVM_INFO ./../regmodel/uart_reg2ahb_adapter.sv(42) @ 1250051000: reporter [uart_reg2ahb_adapter] bus2reg: address = 0x18 data = 0xebbb7b9 kind = UVM_WRITE status = UVM_IS_OK
# UVM_INFO /ictc/other/tools/QuestaDVA/questasim/verilog_src/uvm-1.2/src/reg/uvm_reg_predictor.svh(221) @ 1250051000: uvm_test_top.env.ahb_predictor [REG_PREDICT] Observed WRITE transaction to register regmodel.TBR: value='hebbb7b9 : updated value = 'hb9
# UVM_INFO ./../tb/dut_scoreboard.sv(52) @ 1250051000: uvm_test_top.env.dut_sb [SCOREBOARD] 
# ===== Captured data from AHB: 0xebbb7b9
# UVM_INFO ./../tb/dut_scoreboard.sv(60) @ 1250195000: uvm_test_top.env.dut_sb [SCOREBOARD] 
# ===== Captured data from UART: 0x19
# UVM_INFO ./../tb/dut_scoreboard.sv(73) @ 1250195000: uvm_test_top.env.dut_sb [dut_scoreboard] 
# 
# =====[UART TXD] Data comparison =====
# 
# UVM_INFO ./../tb/dut_scoreboard.sv(81) @ 1250195000: uvm_test_top.env.dut_sb [dut_scoreboard] 
# =====[DATA FRAME: 5] PASSED SUCCESSFULLY!!! =====
# UVM_INFO ./../tb/dut_scoreboard.sv(84) @ 1250195000: uvm_test_top.env.dut_sb [dut_scoreboard] 
# 
# =====[UART TXD] Parity comparison =====
# 
# UVM_ERROR ./../tb/dut_scoreboard.sv(87) @ 1250195000: uvm_test_top.env.dut_sb [dut_scoreboard] 
# =====[PARITY MODE: 10] FAILED!!! Expected parity is 1, Actual parity is 0 =====
# UVM_INFO ./../testcases/uart_txd_x16_random.sv(35) @ 1260051000: uvm_test_top [uart_txd_x16_random] --------------------------------------------------------------
# Name                Type                Size  Value           
# --------------------------------------------------------------
# cfg                 uart_configuration  -     @360            
#   parity_mode       parity_mode_e       32    UART_PARITY_EVEN
#   sampling          sampling_mode_e     32    MODE_X16        
#   data_width        integral            32    'h6             
#   num_of_stop_bit   integral            32    'h1             
#   baud_rate         integral            32    'h960           
#   baud_rate_enable  integral            1     'h0             
#   parity_enable     integral            1     'h0             
# --------------------------------------------------------------
# 
# UVM_INFO ./../regmodel/uart_reg2ahb_adapter.sv(42) @ 1260051000: reporter [uart_reg2ahb_adapter] bus2reg: address = 0x0 data = 0x0 kind = UVM_WRITE status = UVM_IS_OK
# UVM_INFO /ictc/other/tools/QuestaDVA/questasim/verilog_src/uvm-1.2/src/reg/uvm_reg_predictor.svh(221) @ 1260051000: uvm_test_top.env.ahb_predictor [REG_PREDICT] Observed WRITE transaction to register regmodel.MDR: value='h0 : updated value = 'h0
# UVM_INFO ./../regmodel/uart_reg2ahb_adapter.sv(42) @ 1260051000: reporter [uart_reg2ahb_adapter] bus2reg: address = 0x4 data = 0x2c kind = UVM_WRITE status = UVM_IS_OK
# UVM_INFO /ictc/other/tools/QuestaDVA/questasim/verilog_src/uvm-1.2/src/reg/uvm_reg_predictor.svh(221) @ 1260051000: uvm_test_top.env.ahb_predictor [REG_PREDICT] Observed WRITE transaction to register regmodel.DLL: value='h2c : updated value = 'h2c
# UVM_INFO ./../regmodel/uart_reg2ahb_adapter.sv(42) @ 1260051000: reporter [uart_reg2ahb_adapter] bus2reg: address = 0x8 data = 0xa kind = UVM_WRITE status = UVM_IS_OK
# UVM_INFO /ictc/other/tools/QuestaDVA/questasim/verilog_src/uvm-1.2/src/reg/uvm_reg_predictor.svh(221) @ 1260051000: uvm_test_top.env.ahb_predictor [REG_PREDICT] Observed WRITE transaction to register regmodel.DLH: value='ha : updated value = 'ha
# UVM_INFO ./../regmodel/uart_reg2ahb_adapter.sv(42) @ 1260051000: reporter [uart_reg2ahb_adapter] bus2reg: address = 0xc data = 0x39 kind = UVM_WRITE status = UVM_IS_OK
# UVM_INFO /ictc/other/tools/QuestaDVA/questasim/verilog_src/uvm-1.2/src/reg/uvm_reg_predictor.svh(221) @ 1260051000: uvm_test_top.env.ahb_predictor [REG_PREDICT] Observed WRITE transaction to register regmodel.LCR: value='h39 : updated value = 'h39
# UVM_INFO ./../regmodel/uart_reg2ahb_adapter.sv(42) @ 1260051000: reporter [uart_reg2ahb_adapter] bus2reg: address = 0x18 data = 0xcb969841 kind = UVM_WRITE status = UVM_IS_OK
# UVM_INFO /ictc/other/tools/QuestaDVA/questasim/verilog_src/uvm-1.2/src/reg/uvm_reg_predictor.svh(221) @ 1260051000: uvm_test_top.env.ahb_predictor [REG_PREDICT] Observed WRITE transaction to register regmodel.TBR: value='hcb969841 : updated value = 'h41
# UVM_INFO ./../tb/dut_scoreboard.sv(52) @ 1260051000: uvm_test_top.env.dut_sb [SCOREBOARD] 
# ===== Captured data from AHB: 0xcb969841
# UVM_INFO ./../tb/dut_scoreboard.sv(60) @ 1267183000: uvm_test_top.env.dut_sb [SCOREBOARD] 
# ===== Captured data from UART: 0x1
# UVM_INFO ./../tb/dut_scoreboard.sv(73) @ 1267183000: uvm_test_top.env.dut_sb [dut_scoreboard] 
# 
# =====[UART TXD] Data comparison =====
# 
# UVM_INFO ./../tb/dut_scoreboard.sv(81) @ 1267183000: uvm_test_top.env.dut_sb [dut_scoreboard] 
# =====[DATA FRAME: 6] PASSED SUCCESSFULLY!!! =====
# UVM_INFO ./../tb/dut_scoreboard.sv(84) @ 1267183000: uvm_test_top.env.dut_sb [dut_scoreboard] 
# 
# =====[UART TXD] Parity comparison =====
# 
# UVM_INFO ./../tb/dut_scoreboard.sv(90) @ 1267183000: uvm_test_top.env.dut_sb [dut_scoreboard] 
# =====[PARITY MODE: 10] PASSED SUCCESSFULLY!!! =====
# UVM_INFO ./../testcases/uart_txd_x16_random.sv(35) @ 1270051000: uvm_test_top [uart_txd_x16_random] --------------------------------------------------------------
# Name                Type                Size  Value           
# --------------------------------------------------------------
# cfg                 uart_configuration  -     @360            
#   parity_mode       parity_mode_e       32    UART_PARITY_EVEN
#   sampling          sampling_mode_e     32    MODE_X16        
#   data_width        integral            32    'h6             
#   num_of_stop_bit   integral            32    'h1             
#   baud_rate         integral            32    'h12c0          
#   baud_rate_enable  integral            1     'h0             
#   parity_enable     integral            1     'h0             
# --------------------------------------------------------------
# 
# UVM_INFO ./../regmodel/uart_reg2ahb_adapter.sv(42) @ 1270051000: reporter [uart_reg2ahb_adapter] bus2reg: address = 0x0 data = 0x0 kind = UVM_WRITE status = UVM_IS_OK
# UVM_INFO /ictc/other/tools/QuestaDVA/questasim/verilog_src/uvm-1.2/src/reg/uvm_reg_predictor.svh(221) @ 1270051000: uvm_test_top.env.ahb_predictor [REG_PREDICT] Observed WRITE transaction to register regmodel.MDR: value='h0 : updated value = 'h0
# UVM_INFO ./../regmodel/uart_reg2ahb_adapter.sv(42) @ 1270051000: reporter [uart_reg2ahb_adapter] bus2reg: address = 0x4 data = 0x16 kind = UVM_WRITE status = UVM_IS_OK
# UVM_INFO /ictc/other/tools/QuestaDVA/questasim/verilog_src/uvm-1.2/src/reg/uvm_reg_predictor.svh(221) @ 1270051000: uvm_test_top.env.ahb_predictor [REG_PREDICT] Observed WRITE transaction to register regmodel.DLL: value='h16 : updated value = 'h16
# UVM_INFO ./../regmodel/uart_reg2ahb_adapter.sv(42) @ 1270051000: reporter [uart_reg2ahb_adapter] bus2reg: address = 0x8 data = 0x5 kind = UVM_WRITE status = UVM_IS_OK
# UVM_INFO /ictc/other/tools/QuestaDVA/questasim/verilog_src/uvm-1.2/src/reg/uvm_reg_predictor.svh(221) @ 1270051000: uvm_test_top.env.ahb_predictor [REG_PREDICT] Observed WRITE transaction to register regmodel.DLH: value='h5 : updated value = 'h5
# UVM_INFO ./../regmodel/uart_reg2ahb_adapter.sv(42) @ 1270051000: reporter [uart_reg2ahb_adapter] bus2reg: address = 0xc data = 0x39 kind = UVM_WRITE status = UVM_IS_OK
# UVM_INFO /ictc/other/tools/QuestaDVA/questasim/verilog_src/uvm-1.2/src/reg/uvm_reg_predictor.svh(221) @ 1270051000: uvm_test_top.env.ahb_predictor [REG_PREDICT] Observed WRITE transaction to register regmodel.LCR: value='h39 : updated value = 'h39
# UVM_INFO ./../regmodel/uart_reg2ahb_adapter.sv(42) @ 1270051000: reporter [uart_reg2ahb_adapter] bus2reg: address = 0x18 data = 0xb20737e6 kind = UVM_WRITE status = UVM_IS_OK
# UVM_INFO /ictc/other/tools/QuestaDVA/questasim/verilog_src/uvm-1.2/src/reg/uvm_reg_predictor.svh(221) @ 1270051000: uvm_test_top.env.ahb_predictor [REG_PREDICT] Observed WRITE transaction to register regmodel.TBR: value='hb20737e6 : updated value = 'he6
# UVM_INFO ./../tb/dut_scoreboard.sv(52) @ 1270051000: uvm_test_top.env.dut_sb [SCOREBOARD] 
# ===== Captured data from AHB: 0xb20737e6
# UVM_INFO ./../tb/dut_scoreboard.sv(60) @ 1273620000: uvm_test_top.env.dut_sb [SCOREBOARD] 
# ===== Captured data from UART: 0x26
# UVM_INFO ./../tb/dut_scoreboard.sv(73) @ 1273620000: uvm_test_top.env.dut_sb [dut_scoreboard] 
# 
# =====[UART TXD] Data comparison =====
# 
# UVM_INFO ./../tb/dut_scoreboard.sv(81) @ 1273620000: uvm_test_top.env.dut_sb [dut_scoreboard] 
# =====[DATA FRAME: 6] PASSED SUCCESSFULLY!!! =====
# UVM_INFO ./../tb/dut_scoreboard.sv(84) @ 1273620000: uvm_test_top.env.dut_sb [dut_scoreboard] 
# 
# =====[UART TXD] Parity comparison =====
# 
# UVM_ERROR ./../tb/dut_scoreboard.sv(87) @ 1273620000: uvm_test_top.env.dut_sb [dut_scoreboard] 
# =====[PARITY MODE: 10] FAILED!!! Expected parity is 1, Actual parity is 0 =====
# UVM_INFO ./../testcases/uart_txd_x16_random.sv(35) @ 1280051000: uvm_test_top [uart_txd_x16_random] --------------------------------------------------------------
# Name                Type                Size  Value           
# --------------------------------------------------------------
# cfg                 uart_configuration  -     @360            
#   parity_mode       parity_mode_e       32    UART_PARITY_EVEN
#   sampling          sampling_mode_e     32    MODE_X16        
#   data_width        integral            32    'h6             
#   num_of_stop_bit   integral            32    'h1             
#   baud_rate         integral            32    'h2580          
#   baud_rate_enable  integral            1     'h0             
#   parity_enable     integral            1     'h0             
# --------------------------------------------------------------
# 
# UVM_INFO ./../regmodel/uart_reg2ahb_adapter.sv(42) @ 1280051000: reporter [uart_reg2ahb_adapter] bus2reg: address = 0x0 data = 0x0 kind = UVM_WRITE status = UVM_IS_OK
# UVM_INFO /ictc/other/tools/QuestaDVA/questasim/verilog_src/uvm-1.2/src/reg/uvm_reg_predictor.svh(221) @ 1280051000: uvm_test_top.env.ahb_predictor [REG_PREDICT] Observed WRITE transaction to register regmodel.MDR: value='h0 : updated value = 'h0
# UVM_INFO ./../regmodel/uart_reg2ahb_adapter.sv(42) @ 1280051000: reporter [uart_reg2ahb_adapter] bus2reg: address = 0x4 data = 0x8b kind = UVM_WRITE status = UVM_IS_OK
# UVM_INFO /ictc/other/tools/QuestaDVA/questasim/verilog_src/uvm-1.2/src/reg/uvm_reg_predictor.svh(221) @ 1280051000: uvm_test_top.env.ahb_predictor [REG_PREDICT] Observed WRITE transaction to register regmodel.DLL: value='h8b : updated value = 'h8b
# UVM_INFO ./../regmodel/uart_reg2ahb_adapter.sv(42) @ 1280052000: reporter [uart_reg2ahb_adapter] bus2reg: address = 0x8 data = 0x2 kind = UVM_WRITE status = UVM_IS_OK
# UVM_INFO /ictc/other/tools/QuestaDVA/questasim/verilog_src/uvm-1.2/src/reg/uvm_reg_predictor.svh(221) @ 1280052000: uvm_test_top.env.ahb_predictor [REG_PREDICT] Observed WRITE transaction to register regmodel.DLH: value='h2 : updated value = 'h2
# UVM_INFO ./../regmodel/uart_reg2ahb_adapter.sv(42) @ 1280052000: reporter [uart_reg2ahb_adapter] bus2reg: address = 0xc data = 0x39 kind = UVM_WRITE status = UVM_IS_OK
# UVM_INFO /ictc/other/tools/QuestaDVA/questasim/verilog_src/uvm-1.2/src/reg/uvm_reg_predictor.svh(221) @ 1280052000: uvm_test_top.env.ahb_predictor [REG_PREDICT] Observed WRITE transaction to register regmodel.LCR: value='h39 : updated value = 'h39
# UVM_INFO ./../regmodel/uart_reg2ahb_adapter.sv(42) @ 1280052000: reporter [uart_reg2ahb_adapter] bus2reg: address = 0x18 data = 0x6c0643d2 kind = UVM_WRITE status = UVM_IS_OK
# UVM_INFO /ictc/other/tools/QuestaDVA/questasim/verilog_src/uvm-1.2/src/reg/uvm_reg_predictor.svh(221) @ 1280052000: uvm_test_top.env.ahb_predictor [REG_PREDICT] Observed WRITE transaction to register regmodel.TBR: value='h6c0643d2 : updated value = 'hd2
# UVM_INFO ./../tb/dut_scoreboard.sv(52) @ 1280052000: uvm_test_top.env.dut_sb [SCOREBOARD] 
# ===== Captured data from AHB: 0x6c0643d2
# UVM_INFO ./../tb/dut_scoreboard.sv(60) @ 1281830000: uvm_test_top.env.dut_sb [SCOREBOARD] 
# ===== Captured data from UART: 0x12
# UVM_INFO ./../tb/dut_scoreboard.sv(73) @ 1281830000: uvm_test_top.env.dut_sb [dut_scoreboard] 
# 
# =====[UART TXD] Data comparison =====
# 
# UVM_INFO ./../tb/dut_scoreboard.sv(81) @ 1281830000: uvm_test_top.env.dut_sb [dut_scoreboard] 
# =====[DATA FRAME: 6] PASSED SUCCESSFULLY!!! =====
# UVM_INFO ./../tb/dut_scoreboard.sv(84) @ 1281830000: uvm_test_top.env.dut_sb [dut_scoreboard] 
# 
# =====[UART TXD] Parity comparison =====
# 
# UVM_ERROR ./../tb/dut_scoreboard.sv(87) @ 1281830000: uvm_test_top.env.dut_sb [dut_scoreboard] 
# =====[PARITY MODE: 10] FAILED!!! Expected parity is 0, Actual parity is 1 =====
# UVM_INFO ./../testcases/uart_txd_x16_random.sv(35) @ 1290052000: uvm_test_top [uart_txd_x16_random] --------------------------------------------------------------
# Name                Type                Size  Value           
# --------------------------------------------------------------
# cfg                 uart_configuration  -     @360            
#   parity_mode       parity_mode_e       32    UART_PARITY_EVEN
#   sampling          sampling_mode_e     32    MODE_X16        
#   data_width        integral            32    'h6             
#   num_of_stop_bit   integral            32    'h1             
#   baud_rate         integral            32    'h4b00          
#   baud_rate_enable  integral            1     'h0             
#   parity_enable     integral            1     'h0             
# --------------------------------------------------------------
# 
# UVM_INFO ./../regmodel/uart_reg2ahb_adapter.sv(42) @ 1290052000: reporter [uart_reg2ahb_adapter] bus2reg: address = 0x0 data = 0x0 kind = UVM_WRITE status = UVM_IS_OK
# UVM_INFO /ictc/other/tools/QuestaDVA/questasim/verilog_src/uvm-1.2/src/reg/uvm_reg_predictor.svh(221) @ 1290052000: uvm_test_top.env.ahb_predictor [REG_PREDICT] Observed WRITE transaction to register regmodel.MDR: value='h0 : updated value = 'h0
# UVM_INFO ./../regmodel/uart_reg2ahb_adapter.sv(42) @ 1290052000: reporter [uart_reg2ahb_adapter] bus2reg: address = 0x4 data = 0x45 kind = UVM_WRITE status = UVM_IS_OK
# UVM_INFO /ictc/other/tools/QuestaDVA/questasim/verilog_src/uvm-1.2/src/reg/uvm_reg_predictor.svh(221) @ 1290052000: uvm_test_top.env.ahb_predictor [REG_PREDICT] Observed WRITE transaction to register regmodel.DLL: value='h45 : updated value = 'h45
# UVM_INFO ./../regmodel/uart_reg2ahb_adapter.sv(42) @ 1290052000: reporter [uart_reg2ahb_adapter] bus2reg: address = 0x8 data = 0x1 kind = UVM_WRITE status = UVM_IS_OK
# UVM_INFO /ictc/other/tools/QuestaDVA/questasim/verilog_src/uvm-1.2/src/reg/uvm_reg_predictor.svh(221) @ 1290052000: uvm_test_top.env.ahb_predictor [REG_PREDICT] Observed WRITE transaction to register regmodel.DLH: value='h1 : updated value = 'h1
# UVM_INFO ./../regmodel/uart_reg2ahb_adapter.sv(42) @ 1290052000: reporter [uart_reg2ahb_adapter] bus2reg: address = 0xc data = 0x39 kind = UVM_WRITE status = UVM_IS_OK
# UVM_INFO /ictc/other/tools/QuestaDVA/questasim/verilog_src/uvm-1.2/src/reg/uvm_reg_predictor.svh(221) @ 1290052000: uvm_test_top.env.ahb_predictor [REG_PREDICT] Observed WRITE transaction to register regmodel.LCR: value='h39 : updated value = 'h39
# UVM_INFO ./../regmodel/uart_reg2ahb_adapter.sv(42) @ 1290052000: reporter [uart_reg2ahb_adapter] bus2reg: address = 0x18 data = 0xeb111e65 kind = UVM_WRITE status = UVM_IS_OK
# UVM_INFO /ictc/other/tools/QuestaDVA/questasim/verilog_src/uvm-1.2/src/reg/uvm_reg_predictor.svh(221) @ 1290052000: uvm_test_top.env.ahb_predictor [REG_PREDICT] Observed WRITE transaction to register regmodel.TBR: value='heb111e65 : updated value = 'h65
# UVM_INFO ./../tb/dut_scoreboard.sv(52) @ 1290052000: uvm_test_top.env.dut_sb [SCOREBOARD] 
# ===== Captured data from AHB: 0xeb111e65
# UVM_INFO ./../tb/dut_scoreboard.sv(60) @ 1290939000: uvm_test_top.env.dut_sb [SCOREBOARD] 
# ===== Captured data from UART: 0x25
# UVM_INFO ./../tb/dut_scoreboard.sv(73) @ 1290939000: uvm_test_top.env.dut_sb [dut_scoreboard] 
# 
# =====[UART TXD] Data comparison =====
# 
# UVM_INFO ./../tb/dut_scoreboard.sv(81) @ 1290939000: uvm_test_top.env.dut_sb [dut_scoreboard] 
# =====[DATA FRAME: 6] PASSED SUCCESSFULLY!!! =====
# UVM_INFO ./../tb/dut_scoreboard.sv(84) @ 1290939000: uvm_test_top.env.dut_sb [dut_scoreboard] 
# 
# =====[UART TXD] Parity comparison =====
# 
# UVM_INFO ./../tb/dut_scoreboard.sv(90) @ 1290939000: uvm_test_top.env.dut_sb [dut_scoreboard] 
# =====[PARITY MODE: 10] PASSED SUCCESSFULLY!!! =====
# UVM_INFO ./../testcases/uart_txd_x16_random.sv(35) @ 1300052000: uvm_test_top [uart_txd_x16_random] --------------------------------------------------------------
# Name                Type                Size  Value           
# --------------------------------------------------------------
# cfg                 uart_configuration  -     @360            
#   parity_mode       parity_mode_e       32    UART_PARITY_EVEN
#   sampling          sampling_mode_e     32    MODE_X16        
#   data_width        integral            32    'h6             
#   num_of_stop_bit   integral            32    'h1             
#   baud_rate         integral            32    'h9600          
#   baud_rate_enable  integral            1     'h0             
#   parity_enable     integral            1     'h0             
# --------------------------------------------------------------
# 
# UVM_INFO ./../regmodel/uart_reg2ahb_adapter.sv(42) @ 1300052000: reporter [uart_reg2ahb_adapter] bus2reg: address = 0x0 data = 0x0 kind = UVM_WRITE status = UVM_IS_OK
# UVM_INFO /ictc/other/tools/QuestaDVA/questasim/verilog_src/uvm-1.2/src/reg/uvm_reg_predictor.svh(221) @ 1300052000: uvm_test_top.env.ahb_predictor [REG_PREDICT] Observed WRITE transaction to register regmodel.MDR: value='h0 : updated value = 'h0
# UVM_INFO ./../regmodel/uart_reg2ahb_adapter.sv(42) @ 1300052000: reporter [uart_reg2ahb_adapter] bus2reg: address = 0x4 data = 0xa4 kind = UVM_WRITE status = UVM_IS_OK
# UVM_INFO /ictc/other/tools/QuestaDVA/questasim/verilog_src/uvm-1.2/src/reg/uvm_reg_predictor.svh(221) @ 1300052000: uvm_test_top.env.ahb_predictor [REG_PREDICT] Observed WRITE transaction to register regmodel.DLL: value='ha4 : updated value = 'ha4
# UVM_INFO ./../regmodel/uart_reg2ahb_adapter.sv(42) @ 1300052000: reporter [uart_reg2ahb_adapter] bus2reg: address = 0x8 data = 0x0 kind = UVM_WRITE status = UVM_IS_OK
# UVM_INFO /ictc/other/tools/QuestaDVA/questasim/verilog_src/uvm-1.2/src/reg/uvm_reg_predictor.svh(221) @ 1300052000: uvm_test_top.env.ahb_predictor [REG_PREDICT] Observed WRITE transaction to register regmodel.DLH: value='h0 : updated value = 'h0
# UVM_INFO ./../regmodel/uart_reg2ahb_adapter.sv(42) @ 1300052000: reporter [uart_reg2ahb_adapter] bus2reg: address = 0xc data = 0x39 kind = UVM_WRITE status = UVM_IS_OK
# UVM_INFO /ictc/other/tools/QuestaDVA/questasim/verilog_src/uvm-1.2/src/reg/uvm_reg_predictor.svh(221) @ 1300052000: uvm_test_top.env.ahb_predictor [REG_PREDICT] Observed WRITE transaction to register regmodel.LCR: value='h39 : updated value = 'h39
# UVM_INFO ./../regmodel/uart_reg2ahb_adapter.sv(42) @ 1300053000: reporter [uart_reg2ahb_adapter] bus2reg: address = 0x18 data = 0xd0862843 kind = UVM_WRITE status = UVM_IS_OK
# UVM_INFO /ictc/other/tools/QuestaDVA/questasim/verilog_src/uvm-1.2/src/reg/uvm_reg_predictor.svh(221) @ 1300053000: uvm_test_top.env.ahb_predictor [REG_PREDICT] Observed WRITE transaction to register regmodel.TBR: value='hd0862843 : updated value = 'h43
# UVM_INFO ./../tb/dut_scoreboard.sv(52) @ 1300053000: uvm_test_top.env.dut_sb [SCOREBOARD] 
# ===== Captured data from AHB: 0xd0862843
# UVM_INFO ./../tb/dut_scoreboard.sv(60) @ 1300497000: uvm_test_top.env.dut_sb [SCOREBOARD] 
# ===== Captured data from UART: 0x3
# UVM_INFO ./../tb/dut_scoreboard.sv(73) @ 1300497000: uvm_test_top.env.dut_sb [dut_scoreboard] 
# 
# =====[UART TXD] Data comparison =====
# 
# UVM_INFO ./../tb/dut_scoreboard.sv(81) @ 1300497000: uvm_test_top.env.dut_sb [dut_scoreboard] 
# =====[DATA FRAME: 6] PASSED SUCCESSFULLY!!! =====
# UVM_INFO ./../tb/dut_scoreboard.sv(84) @ 1300497000: uvm_test_top.env.dut_sb [dut_scoreboard] 
# 
# =====[UART TXD] Parity comparison =====
# 
# UVM_INFO ./../tb/dut_scoreboard.sv(90) @ 1300497000: uvm_test_top.env.dut_sb [dut_scoreboard] 
# =====[PARITY MODE: 10] PASSED SUCCESSFULLY!!! =====
# UVM_INFO ./../testcases/uart_txd_x16_random.sv(35) @ 1310053000: uvm_test_top [uart_txd_x16_random] --------------------------------------------------------------
# Name                Type                Size  Value           
# --------------------------------------------------------------
# cfg                 uart_configuration  -     @360            
#   parity_mode       parity_mode_e       32    UART_PARITY_EVEN
#   sampling          sampling_mode_e     32    MODE_X16        
#   data_width        integral            32    'h6             
#   num_of_stop_bit   integral            32    'h1             
#   baud_rate         integral            32    'h12c00         
#   baud_rate_enable  integral            1     'h0             
#   parity_enable     integral            1     'h0             
# --------------------------------------------------------------
# 
# UVM_INFO ./../regmodel/uart_reg2ahb_adapter.sv(42) @ 1310053000: reporter [uart_reg2ahb_adapter] bus2reg: address = 0x0 data = 0x0 kind = UVM_WRITE status = UVM_IS_OK
# UVM_INFO /ictc/other/tools/QuestaDVA/questasim/verilog_src/uvm-1.2/src/reg/uvm_reg_predictor.svh(221) @ 1310053000: uvm_test_top.env.ahb_predictor [REG_PREDICT] Observed WRITE transaction to register regmodel.MDR: value='h0 : updated value = 'h0
# UVM_INFO ./../regmodel/uart_reg2ahb_adapter.sv(42) @ 1310053000: reporter [uart_reg2ahb_adapter] bus2reg: address = 0x4 data = 0x51 kind = UVM_WRITE status = UVM_IS_OK
# UVM_INFO /ictc/other/tools/QuestaDVA/questasim/verilog_src/uvm-1.2/src/reg/uvm_reg_predictor.svh(221) @ 1310053000: uvm_test_top.env.ahb_predictor [REG_PREDICT] Observed WRITE transaction to register regmodel.DLL: value='h51 : updated value = 'h51
# UVM_INFO ./../regmodel/uart_reg2ahb_adapter.sv(42) @ 1310053000: reporter [uart_reg2ahb_adapter] bus2reg: address = 0x8 data = 0x0 kind = UVM_WRITE status = UVM_IS_OK
# UVM_INFO /ictc/other/tools/QuestaDVA/questasim/verilog_src/uvm-1.2/src/reg/uvm_reg_predictor.svh(221) @ 1310053000: uvm_test_top.env.ahb_predictor [REG_PREDICT] Observed WRITE transaction to register regmodel.DLH: value='h0 : updated value = 'h0
# UVM_INFO ./../regmodel/uart_reg2ahb_adapter.sv(42) @ 1310053000: reporter [uart_reg2ahb_adapter] bus2reg: address = 0xc data = 0x39 kind = UVM_WRITE status = UVM_IS_OK
# UVM_INFO /ictc/other/tools/QuestaDVA/questasim/verilog_src/uvm-1.2/src/reg/uvm_reg_predictor.svh(221) @ 1310053000: uvm_test_top.env.ahb_predictor [REG_PREDICT] Observed WRITE transaction to register regmodel.LCR: value='h39 : updated value = 'h39
# UVM_INFO ./../regmodel/uart_reg2ahb_adapter.sv(42) @ 1310053000: reporter [uart_reg2ahb_adapter] bus2reg: address = 0x18 data = 0x3d1f5d6b kind = UVM_WRITE status = UVM_IS_OK
# UVM_INFO /ictc/other/tools/QuestaDVA/questasim/verilog_src/uvm-1.2/src/reg/uvm_reg_predictor.svh(221) @ 1310053000: uvm_test_top.env.ahb_predictor [REG_PREDICT] Observed WRITE transaction to register regmodel.TBR: value='h3d1f5d6b : updated value = 'h6b
# UVM_INFO ./../tb/dut_scoreboard.sv(52) @ 1310053000: uvm_test_top.env.dut_sb [SCOREBOARD] 
# ===== Captured data from AHB: 0x3d1f5d6b
# UVM_INFO ./../tb/dut_scoreboard.sv(60) @ 1310275000: uvm_test_top.env.dut_sb [SCOREBOARD] 
# ===== Captured data from UART: 0x2b
# UVM_INFO ./../tb/dut_scoreboard.sv(73) @ 1310275000: uvm_test_top.env.dut_sb [dut_scoreboard] 
# 
# =====[UART TXD] Data comparison =====
# 
# UVM_INFO ./../tb/dut_scoreboard.sv(81) @ 1310275000: uvm_test_top.env.dut_sb [dut_scoreboard] 
# =====[DATA FRAME: 6] PASSED SUCCESSFULLY!!! =====
# UVM_INFO ./../tb/dut_scoreboard.sv(84) @ 1310275000: uvm_test_top.env.dut_sb [dut_scoreboard] 
# 
# =====[UART TXD] Parity comparison =====
# 
# UVM_INFO ./../tb/dut_scoreboard.sv(90) @ 1310275000: uvm_test_top.env.dut_sb [dut_scoreboard] 
# =====[PARITY MODE: 10] PASSED SUCCESSFULLY!!! =====
# UVM_INFO ./../testcases/uart_txd_x16_random.sv(35) @ 1320053000: uvm_test_top [uart_txd_x16_random] --------------------------------------------------------------
# Name                Type                Size  Value           
# --------------------------------------------------------------
# cfg                 uart_configuration  -     @360            
#   parity_mode       parity_mode_e       32    UART_PARITY_EVEN
#   sampling          sampling_mode_e     32    MODE_X16        
#   data_width        integral            32    'h6             
#   num_of_stop_bit   integral            32    'h1             
#   baud_rate         integral            32    'h1c200         
#   baud_rate_enable  integral            1     'h0             
#   parity_enable     integral            1     'h0             
# --------------------------------------------------------------
# 
# UVM_INFO ./../regmodel/uart_reg2ahb_adapter.sv(42) @ 1320053000: reporter [uart_reg2ahb_adapter] bus2reg: address = 0x0 data = 0x0 kind = UVM_WRITE status = UVM_IS_OK
# UVM_INFO /ictc/other/tools/QuestaDVA/questasim/verilog_src/uvm-1.2/src/reg/uvm_reg_predictor.svh(221) @ 1320053000: uvm_test_top.env.ahb_predictor [REG_PREDICT] Observed WRITE transaction to register regmodel.MDR: value='h0 : updated value = 'h0
# UVM_INFO ./../regmodel/uart_reg2ahb_adapter.sv(42) @ 1320053000: reporter [uart_reg2ahb_adapter] bus2reg: address = 0x4 data = 0x36 kind = UVM_WRITE status = UVM_IS_OK
# UVM_INFO /ictc/other/tools/QuestaDVA/questasim/verilog_src/uvm-1.2/src/reg/uvm_reg_predictor.svh(221) @ 1320053000: uvm_test_top.env.ahb_predictor [REG_PREDICT] Observed WRITE transaction to register regmodel.DLL: value='h36 : updated value = 'h36
# UVM_INFO ./../regmodel/uart_reg2ahb_adapter.sv(42) @ 1320053000: reporter [uart_reg2ahb_adapter] bus2reg: address = 0x8 data = 0x0 kind = UVM_WRITE status = UVM_IS_OK
# UVM_INFO /ictc/other/tools/QuestaDVA/questasim/verilog_src/uvm-1.2/src/reg/uvm_reg_predictor.svh(221) @ 1320053000: uvm_test_top.env.ahb_predictor [REG_PREDICT] Observed WRITE transaction to register regmodel.DLH: value='h0 : updated value = 'h0
# UVM_INFO ./../regmodel/uart_reg2ahb_adapter.sv(42) @ 1320053000: reporter [uart_reg2ahb_adapter] bus2reg: address = 0xc data = 0x39 kind = UVM_WRITE status = UVM_IS_OK
# UVM_INFO /ictc/other/tools/QuestaDVA/questasim/verilog_src/uvm-1.2/src/reg/uvm_reg_predictor.svh(221) @ 1320053000: uvm_test_top.env.ahb_predictor [REG_PREDICT] Observed WRITE transaction to register regmodel.LCR: value='h39 : updated value = 'h39
# UVM_INFO ./../regmodel/uart_reg2ahb_adapter.sv(42) @ 1320053000: reporter [uart_reg2ahb_adapter] bus2reg: address = 0x18 data = 0x5632b802 kind = UVM_WRITE status = UVM_IS_OK
# UVM_INFO /ictc/other/tools/QuestaDVA/questasim/verilog_src/uvm-1.2/src/reg/uvm_reg_predictor.svh(221) @ 1320053000: uvm_test_top.env.ahb_predictor [REG_PREDICT] Observed WRITE transaction to register regmodel.TBR: value='h5632b802 : updated value = 'h2
# UVM_INFO ./../tb/dut_scoreboard.sv(52) @ 1320053000: uvm_test_top.env.dut_sb [SCOREBOARD] 
# ===== Captured data from AHB: 0x5632b802
# UVM_INFO ./../tb/dut_scoreboard.sv(60) @ 1320199000: uvm_test_top.env.dut_sb [SCOREBOARD] 
# ===== Captured data from UART: 0x2
# UVM_INFO ./../tb/dut_scoreboard.sv(73) @ 1320199000: uvm_test_top.env.dut_sb [dut_scoreboard] 
# 
# =====[UART TXD] Data comparison =====
# 
# UVM_INFO ./../tb/dut_scoreboard.sv(81) @ 1320199000: uvm_test_top.env.dut_sb [dut_scoreboard] 
# =====[DATA FRAME: 6] PASSED SUCCESSFULLY!!! =====
# UVM_INFO ./../tb/dut_scoreboard.sv(84) @ 1320199000: uvm_test_top.env.dut_sb [dut_scoreboard] 
# 
# =====[UART TXD] Parity comparison =====
# 
# UVM_ERROR ./../tb/dut_scoreboard.sv(87) @ 1320199000: uvm_test_top.env.dut_sb [dut_scoreboard] 
# =====[PARITY MODE: 10] FAILED!!! Expected parity is 1, Actual parity is 0 =====
# UVM_INFO ./../testcases/uart_txd_x16_random.sv(35) @ 1330053000: uvm_test_top [uart_txd_x16_random] --------------------------------------------------------------
# Name                Type                Size  Value           
# --------------------------------------------------------------
# cfg                 uart_configuration  -     @360            
#   parity_mode       parity_mode_e       32    UART_PARITY_EVEN
#   sampling          sampling_mode_e     32    MODE_X16        
#   data_width        integral            32    'h6             
#   num_of_stop_bit   integral            32    'h2             
#   baud_rate         integral            32    'h960           
#   baud_rate_enable  integral            1     'h0             
#   parity_enable     integral            1     'h0             
# --------------------------------------------------------------
# 
# UVM_INFO ./../regmodel/uart_reg2ahb_adapter.sv(42) @ 1330053000: reporter [uart_reg2ahb_adapter] bus2reg: address = 0x0 data = 0x0 kind = UVM_WRITE status = UVM_IS_OK
# UVM_INFO /ictc/other/tools/QuestaDVA/questasim/verilog_src/uvm-1.2/src/reg/uvm_reg_predictor.svh(221) @ 1330053000: uvm_test_top.env.ahb_predictor [REG_PREDICT] Observed WRITE transaction to register regmodel.MDR: value='h0 : updated value = 'h0
# UVM_INFO ./../regmodel/uart_reg2ahb_adapter.sv(42) @ 1330053000: reporter [uart_reg2ahb_adapter] bus2reg: address = 0x4 data = 0x2c kind = UVM_WRITE status = UVM_IS_OK
# UVM_INFO /ictc/other/tools/QuestaDVA/questasim/verilog_src/uvm-1.2/src/reg/uvm_reg_predictor.svh(221) @ 1330053000: uvm_test_top.env.ahb_predictor [REG_PREDICT] Observed WRITE transaction to register regmodel.DLL: value='h2c : updated value = 'h2c
# UVM_INFO ./../regmodel/uart_reg2ahb_adapter.sv(42) @ 1330054000: reporter [uart_reg2ahb_adapter] bus2reg: address = 0x8 data = 0xa kind = UVM_WRITE status = UVM_IS_OK
# UVM_INFO /ictc/other/tools/QuestaDVA/questasim/verilog_src/uvm-1.2/src/reg/uvm_reg_predictor.svh(221) @ 1330054000: uvm_test_top.env.ahb_predictor [REG_PREDICT] Observed WRITE transaction to register regmodel.DLH: value='ha : updated value = 'ha
# UVM_INFO ./../regmodel/uart_reg2ahb_adapter.sv(42) @ 1330054000: reporter [uart_reg2ahb_adapter] bus2reg: address = 0xc data = 0x3d kind = UVM_WRITE status = UVM_IS_OK
# UVM_INFO /ictc/other/tools/QuestaDVA/questasim/verilog_src/uvm-1.2/src/reg/uvm_reg_predictor.svh(221) @ 1330054000: uvm_test_top.env.ahb_predictor [REG_PREDICT] Observed WRITE transaction to register regmodel.LCR: value='h3d : updated value = 'h3d
# UVM_INFO ./../regmodel/uart_reg2ahb_adapter.sv(42) @ 1330054000: reporter [uart_reg2ahb_adapter] bus2reg: address = 0x18 data = 0xe93d9c05 kind = UVM_WRITE status = UVM_IS_OK
# UVM_INFO /ictc/other/tools/QuestaDVA/questasim/verilog_src/uvm-1.2/src/reg/uvm_reg_predictor.svh(221) @ 1330054000: uvm_test_top.env.ahb_predictor [REG_PREDICT] Observed WRITE transaction to register regmodel.TBR: value='he93d9c05 : updated value = 'h5
# UVM_INFO ./../tb/dut_scoreboard.sv(52) @ 1330054000: uvm_test_top.env.dut_sb [SCOREBOARD] 
# ===== Captured data from AHB: 0xe93d9c05
# UVM_INFO ./../tb/dut_scoreboard.sv(60) @ 1338019000: uvm_test_top.env.dut_sb [SCOREBOARD] 
# ===== Captured data from UART: 0x5
# UVM_INFO ./../tb/dut_scoreboard.sv(73) @ 1338019000: uvm_test_top.env.dut_sb [dut_scoreboard] 
# 
# =====[UART TXD] Data comparison =====
# 
# UVM_INFO ./../tb/dut_scoreboard.sv(81) @ 1338019000: uvm_test_top.env.dut_sb [dut_scoreboard] 
# =====[DATA FRAME: 6] PASSED SUCCESSFULLY!!! =====
# UVM_INFO ./../tb/dut_scoreboard.sv(84) @ 1338019000: uvm_test_top.env.dut_sb [dut_scoreboard] 
# 
# =====[UART TXD] Parity comparison =====
# 
# UVM_ERROR ./../tb/dut_scoreboard.sv(87) @ 1338019000: uvm_test_top.env.dut_sb [dut_scoreboard] 
# =====[PARITY MODE: 10] FAILED!!! Expected parity is 0, Actual parity is 1 =====
# UVM_INFO ./../testcases/uart_txd_x16_random.sv(35) @ 1340054000: uvm_test_top [uart_txd_x16_random] --------------------------------------------------------------
# Name                Type                Size  Value           
# --------------------------------------------------------------
# cfg                 uart_configuration  -     @360            
#   parity_mode       parity_mode_e       32    UART_PARITY_EVEN
#   sampling          sampling_mode_e     32    MODE_X16        
#   data_width        integral            32    'h6             
#   num_of_stop_bit   integral            32    'h2             
#   baud_rate         integral            32    'h12c0          
#   baud_rate_enable  integral            1     'h0             
#   parity_enable     integral            1     'h0             
# --------------------------------------------------------------
# 
# UVM_INFO ./../regmodel/uart_reg2ahb_adapter.sv(42) @ 1340054000: reporter [uart_reg2ahb_adapter] bus2reg: address = 0x0 data = 0x0 kind = UVM_WRITE status = UVM_IS_OK
# UVM_INFO /ictc/other/tools/QuestaDVA/questasim/verilog_src/uvm-1.2/src/reg/uvm_reg_predictor.svh(221) @ 1340054000: uvm_test_top.env.ahb_predictor [REG_PREDICT] Observed WRITE transaction to register regmodel.MDR: value='h0 : updated value = 'h0
# UVM_INFO ./../regmodel/uart_reg2ahb_adapter.sv(42) @ 1340054000: reporter [uart_reg2ahb_adapter] bus2reg: address = 0x4 data = 0x16 kind = UVM_WRITE status = UVM_IS_OK
# UVM_INFO /ictc/other/tools/QuestaDVA/questasim/verilog_src/uvm-1.2/src/reg/uvm_reg_predictor.svh(221) @ 1340054000: uvm_test_top.env.ahb_predictor [REG_PREDICT] Observed WRITE transaction to register regmodel.DLL: value='h16 : updated value = 'h16
# UVM_INFO ./../regmodel/uart_reg2ahb_adapter.sv(42) @ 1340054000: reporter [uart_reg2ahb_adapter] bus2reg: address = 0x8 data = 0x5 kind = UVM_WRITE status = UVM_IS_OK
# UVM_INFO /ictc/other/tools/QuestaDVA/questasim/verilog_src/uvm-1.2/src/reg/uvm_reg_predictor.svh(221) @ 1340054000: uvm_test_top.env.ahb_predictor [REG_PREDICT] Observed WRITE transaction to register regmodel.DLH: value='h5 : updated value = 'h5
# UVM_INFO ./../regmodel/uart_reg2ahb_adapter.sv(42) @ 1340054000: reporter [uart_reg2ahb_adapter] bus2reg: address = 0xc data = 0x3d kind = UVM_WRITE status = UVM_IS_OK
# UVM_INFO /ictc/other/tools/QuestaDVA/questasim/verilog_src/uvm-1.2/src/reg/uvm_reg_predictor.svh(221) @ 1340054000: uvm_test_top.env.ahb_predictor [REG_PREDICT] Observed WRITE transaction to register regmodel.LCR: value='h3d : updated value = 'h3d
# UVM_INFO ./../regmodel/uart_reg2ahb_adapter.sv(42) @ 1340054000: reporter [uart_reg2ahb_adapter] bus2reg: address = 0x18 data = 0xb930c361 kind = UVM_WRITE status = UVM_IS_OK
# UVM_INFO /ictc/other/tools/QuestaDVA/questasim/verilog_src/uvm-1.2/src/reg/uvm_reg_predictor.svh(221) @ 1340054000: uvm_test_top.env.ahb_predictor [REG_PREDICT] Observed WRITE transaction to register regmodel.TBR: value='hb930c361 : updated value = 'h61
# UVM_INFO ./../tb/dut_scoreboard.sv(52) @ 1340054000: uvm_test_top.env.dut_sb [SCOREBOARD] 
# ===== Captured data from AHB: 0xb930c361
# UVM_INFO ./../tb/dut_scoreboard.sv(60) @ 1344040000: uvm_test_top.env.dut_sb [SCOREBOARD] 
# ===== Captured data from UART: 0x21
# UVM_INFO ./../tb/dut_scoreboard.sv(73) @ 1344040000: uvm_test_top.env.dut_sb [dut_scoreboard] 
# 
# =====[UART TXD] Data comparison =====
# 
# UVM_INFO ./../tb/dut_scoreboard.sv(81) @ 1344040000: uvm_test_top.env.dut_sb [dut_scoreboard] 
# =====[DATA FRAME: 6] PASSED SUCCESSFULLY!!! =====
# UVM_INFO ./../tb/dut_scoreboard.sv(84) @ 1344040000: uvm_test_top.env.dut_sb [dut_scoreboard] 
# 
# =====[UART TXD] Parity comparison =====
# 
# UVM_INFO ./../tb/dut_scoreboard.sv(90) @ 1344040000: uvm_test_top.env.dut_sb [dut_scoreboard] 
# =====[PARITY MODE: 10] PASSED SUCCESSFULLY!!! =====
# UVM_INFO ./../testcases/uart_txd_x16_random.sv(35) @ 1350054000: uvm_test_top [uart_txd_x16_random] --------------------------------------------------------------
# Name                Type                Size  Value           
# --------------------------------------------------------------
# cfg                 uart_configuration  -     @360            
#   parity_mode       parity_mode_e       32    UART_PARITY_EVEN
#   sampling          sampling_mode_e     32    MODE_X16        
#   data_width        integral            32    'h6             
#   num_of_stop_bit   integral            32    'h2             
#   baud_rate         integral            32    'h2580          
#   baud_rate_enable  integral            1     'h0             
#   parity_enable     integral            1     'h0             
# --------------------------------------------------------------
# 
# UVM_INFO ./../regmodel/uart_reg2ahb_adapter.sv(42) @ 1350054000: reporter [uart_reg2ahb_adapter] bus2reg: address = 0x0 data = 0x0 kind = UVM_WRITE status = UVM_IS_OK
# UVM_INFO /ictc/other/tools/QuestaDVA/questasim/verilog_src/uvm-1.2/src/reg/uvm_reg_predictor.svh(221) @ 1350054000: uvm_test_top.env.ahb_predictor [REG_PREDICT] Observed WRITE transaction to register regmodel.MDR: value='h0 : updated value = 'h0
# UVM_INFO ./../regmodel/uart_reg2ahb_adapter.sv(42) @ 1350054000: reporter [uart_reg2ahb_adapter] bus2reg: address = 0x4 data = 0x8b kind = UVM_WRITE status = UVM_IS_OK
# UVM_INFO /ictc/other/tools/QuestaDVA/questasim/verilog_src/uvm-1.2/src/reg/uvm_reg_predictor.svh(221) @ 1350054000: uvm_test_top.env.ahb_predictor [REG_PREDICT] Observed WRITE transaction to register regmodel.DLL: value='h8b : updated value = 'h8b
# UVM_INFO ./../regmodel/uart_reg2ahb_adapter.sv(42) @ 1350054000: reporter [uart_reg2ahb_adapter] bus2reg: address = 0x8 data = 0x2 kind = UVM_WRITE status = UVM_IS_OK
# UVM_INFO /ictc/other/tools/QuestaDVA/questasim/verilog_src/uvm-1.2/src/reg/uvm_reg_predictor.svh(221) @ 1350054000: uvm_test_top.env.ahb_predictor [REG_PREDICT] Observed WRITE transaction to register regmodel.DLH: value='h2 : updated value = 'h2
# UVM_INFO ./../regmodel/uart_reg2ahb_adapter.sv(42) @ 1350054000: reporter [uart_reg2ahb_adapter] bus2reg: address = 0xc data = 0x3d kind = UVM_WRITE status = UVM_IS_OK
# UVM_INFO /ictc/other/tools/QuestaDVA/questasim/verilog_src/uvm-1.2/src/reg/uvm_reg_predictor.svh(221) @ 1350054000: uvm_test_top.env.ahb_predictor [REG_PREDICT] Observed WRITE transaction to register regmodel.LCR: value='h3d : updated value = 'h3d
# UVM_INFO ./../regmodel/uart_reg2ahb_adapter.sv(42) @ 1350055000: reporter [uart_reg2ahb_adapter] bus2reg: address = 0x18 data = 0x78fe8f22 kind = UVM_WRITE status = UVM_IS_OK
# UVM_INFO /ictc/other/tools/QuestaDVA/questasim/verilog_src/uvm-1.2/src/reg/uvm_reg_predictor.svh(221) @ 1350055000: uvm_test_top.env.ahb_predictor [REG_PREDICT] Observed WRITE transaction to register regmodel.TBR: value='h78fe8f22 : updated value = 'h22
# UVM_INFO ./../tb/dut_scoreboard.sv(52) @ 1350055000: uvm_test_top.env.dut_sb [SCOREBOARD] 
# ===== Captured data from AHB: 0x78fe8f22
# UVM_INFO ./../tb/dut_scoreboard.sv(60) @ 1352041000: uvm_test_top.env.dut_sb [SCOREBOARD] 
# ===== Captured data from UART: 0x22
# UVM_INFO ./../tb/dut_scoreboard.sv(73) @ 1352041000: uvm_test_top.env.dut_sb [dut_scoreboard] 
# 
# =====[UART TXD] Data comparison =====
# 
# UVM_INFO ./../tb/dut_scoreboard.sv(81) @ 1352041000: uvm_test_top.env.dut_sb [dut_scoreboard] 
# =====[DATA FRAME: 6] PASSED SUCCESSFULLY!!! =====
# UVM_INFO ./../tb/dut_scoreboard.sv(84) @ 1352041000: uvm_test_top.env.dut_sb [dut_scoreboard] 
# 
# =====[UART TXD] Parity comparison =====
# 
# UVM_ERROR ./../tb/dut_scoreboard.sv(87) @ 1352041000: uvm_test_top.env.dut_sb [dut_scoreboard] 
# =====[PARITY MODE: 10] FAILED!!! Expected parity is 0, Actual parity is 1 =====
# UVM_INFO ./../testcases/uart_txd_x16_random.sv(35) @ 1360055000: uvm_test_top [uart_txd_x16_random] --------------------------------------------------------------
# Name                Type                Size  Value           
# --------------------------------------------------------------
# cfg                 uart_configuration  -     @360            
#   parity_mode       parity_mode_e       32    UART_PARITY_EVEN
#   sampling          sampling_mode_e     32    MODE_X16        
#   data_width        integral            32    'h6             
#   num_of_stop_bit   integral            32    'h2             
#   baud_rate         integral            32    'h4b00          
#   baud_rate_enable  integral            1     'h0             
#   parity_enable     integral            1     'h0             
# --------------------------------------------------------------
# 
# UVM_INFO ./../regmodel/uart_reg2ahb_adapter.sv(42) @ 1360055000: reporter [uart_reg2ahb_adapter] bus2reg: address = 0x0 data = 0x0 kind = UVM_WRITE status = UVM_IS_OK
# UVM_INFO /ictc/other/tools/QuestaDVA/questasim/verilog_src/uvm-1.2/src/reg/uvm_reg_predictor.svh(221) @ 1360055000: uvm_test_top.env.ahb_predictor [REG_PREDICT] Observed WRITE transaction to register regmodel.MDR: value='h0 : updated value = 'h0
# UVM_INFO ./../regmodel/uart_reg2ahb_adapter.sv(42) @ 1360055000: reporter [uart_reg2ahb_adapter] bus2reg: address = 0x4 data = 0x45 kind = UVM_WRITE status = UVM_IS_OK
# UVM_INFO /ictc/other/tools/QuestaDVA/questasim/verilog_src/uvm-1.2/src/reg/uvm_reg_predictor.svh(221) @ 1360055000: uvm_test_top.env.ahb_predictor [REG_PREDICT] Observed WRITE transaction to register regmodel.DLL: value='h45 : updated value = 'h45
# UVM_INFO ./../regmodel/uart_reg2ahb_adapter.sv(42) @ 1360055000: reporter [uart_reg2ahb_adapter] bus2reg: address = 0x8 data = 0x1 kind = UVM_WRITE status = UVM_IS_OK
# UVM_INFO /ictc/other/tools/QuestaDVA/questasim/verilog_src/uvm-1.2/src/reg/uvm_reg_predictor.svh(221) @ 1360055000: uvm_test_top.env.ahb_predictor [REG_PREDICT] Observed WRITE transaction to register regmodel.DLH: value='h1 : updated value = 'h1
# UVM_INFO ./../regmodel/uart_reg2ahb_adapter.sv(42) @ 1360055000: reporter [uart_reg2ahb_adapter] bus2reg: address = 0xc data = 0x3d kind = UVM_WRITE status = UVM_IS_OK
# UVM_INFO /ictc/other/tools/QuestaDVA/questasim/verilog_src/uvm-1.2/src/reg/uvm_reg_predictor.svh(221) @ 1360055000: uvm_test_top.env.ahb_predictor [REG_PREDICT] Observed WRITE transaction to register regmodel.LCR: value='h3d : updated value = 'h3d
# UVM_INFO ./../regmodel/uart_reg2ahb_adapter.sv(42) @ 1360055000: reporter [uart_reg2ahb_adapter] bus2reg: address = 0x18 data = 0x68cde6b4 kind = UVM_WRITE status = UVM_IS_OK
# UVM_INFO /ictc/other/tools/QuestaDVA/questasim/verilog_src/uvm-1.2/src/reg/uvm_reg_predictor.svh(221) @ 1360055000: uvm_test_top.env.ahb_predictor [REG_PREDICT] Observed WRITE transaction to register regmodel.TBR: value='h68cde6b4 : updated value = 'hb4
# UVM_INFO ./../tb/dut_scoreboard.sv(52) @ 1360055000: uvm_test_top.env.dut_sb [SCOREBOARD] 
# ===== Captured data from AHB: 0x68cde6b4
# UVM_INFO ./../tb/dut_scoreboard.sv(60) @ 1361046000: uvm_test_top.env.dut_sb [SCOREBOARD] 
# ===== Captured data from UART: 0x34
# UVM_INFO ./../tb/dut_scoreboard.sv(73) @ 1361046000: uvm_test_top.env.dut_sb [dut_scoreboard] 
# 
# =====[UART TXD] Data comparison =====
# 
# UVM_INFO ./../tb/dut_scoreboard.sv(81) @ 1361046000: uvm_test_top.env.dut_sb [dut_scoreboard] 
# =====[DATA FRAME: 6] PASSED SUCCESSFULLY!!! =====
# UVM_INFO ./../tb/dut_scoreboard.sv(84) @ 1361046000: uvm_test_top.env.dut_sb [dut_scoreboard] 
# 
# =====[UART TXD] Parity comparison =====
# 
# UVM_INFO ./../tb/dut_scoreboard.sv(90) @ 1361046000: uvm_test_top.env.dut_sb [dut_scoreboard] 
# =====[PARITY MODE: 10] PASSED SUCCESSFULLY!!! =====
# UVM_INFO ./../testcases/uart_txd_x16_random.sv(35) @ 1370055000: uvm_test_top [uart_txd_x16_random] --------------------------------------------------------------
# Name                Type                Size  Value           
# --------------------------------------------------------------
# cfg                 uart_configuration  -     @360            
#   parity_mode       parity_mode_e       32    UART_PARITY_EVEN
#   sampling          sampling_mode_e     32    MODE_X16        
#   data_width        integral            32    'h6             
#   num_of_stop_bit   integral            32    'h2             
#   baud_rate         integral            32    'h9600          
#   baud_rate_enable  integral            1     'h0             
#   parity_enable     integral            1     'h0             
# --------------------------------------------------------------
# 
# UVM_INFO ./../regmodel/uart_reg2ahb_adapter.sv(42) @ 1370055000: reporter [uart_reg2ahb_adapter] bus2reg: address = 0x0 data = 0x0 kind = UVM_WRITE status = UVM_IS_OK
# UVM_INFO /ictc/other/tools/QuestaDVA/questasim/verilog_src/uvm-1.2/src/reg/uvm_reg_predictor.svh(221) @ 1370055000: uvm_test_top.env.ahb_predictor [REG_PREDICT] Observed WRITE transaction to register regmodel.MDR: value='h0 : updated value = 'h0
# UVM_INFO ./../regmodel/uart_reg2ahb_adapter.sv(42) @ 1370055000: reporter [uart_reg2ahb_adapter] bus2reg: address = 0x4 data = 0xa4 kind = UVM_WRITE status = UVM_IS_OK
# UVM_INFO /ictc/other/tools/QuestaDVA/questasim/verilog_src/uvm-1.2/src/reg/uvm_reg_predictor.svh(221) @ 1370055000: uvm_test_top.env.ahb_predictor [REG_PREDICT] Observed WRITE transaction to register regmodel.DLL: value='ha4 : updated value = 'ha4
# UVM_INFO ./../regmodel/uart_reg2ahb_adapter.sv(42) @ 1370055000: reporter [uart_reg2ahb_adapter] bus2reg: address = 0x8 data = 0x0 kind = UVM_WRITE status = UVM_IS_OK
# UVM_INFO /ictc/other/tools/QuestaDVA/questasim/verilog_src/uvm-1.2/src/reg/uvm_reg_predictor.svh(221) @ 1370055000: uvm_test_top.env.ahb_predictor [REG_PREDICT] Observed WRITE transaction to register regmodel.DLH: value='h0 : updated value = 'h0
# UVM_INFO ./../regmodel/uart_reg2ahb_adapter.sv(42) @ 1370055000: reporter [uart_reg2ahb_adapter] bus2reg: address = 0xc data = 0x3d kind = UVM_WRITE status = UVM_IS_OK
# UVM_INFO /ictc/other/tools/QuestaDVA/questasim/verilog_src/uvm-1.2/src/reg/uvm_reg_predictor.svh(221) @ 1370055000: uvm_test_top.env.ahb_predictor [REG_PREDICT] Observed WRITE transaction to register regmodel.LCR: value='h3d : updated value = 'h3d
# UVM_INFO ./../regmodel/uart_reg2ahb_adapter.sv(42) @ 1370055000: reporter [uart_reg2ahb_adapter] bus2reg: address = 0x18 data = 0x9284d317 kind = UVM_WRITE status = UVM_IS_OK
# UVM_INFO /ictc/other/tools/QuestaDVA/questasim/verilog_src/uvm-1.2/src/reg/uvm_reg_predictor.svh(221) @ 1370055000: uvm_test_top.env.ahb_predictor [REG_PREDICT] Observed WRITE transaction to register regmodel.TBR: value='h9284d317 : updated value = 'h17
# UVM_INFO ./../tb/dut_scoreboard.sv(52) @ 1370055000: uvm_test_top.env.dut_sb [SCOREBOARD] 
# ===== Captured data from AHB: 0x9284d317
# UVM_INFO ./../tb/dut_scoreboard.sv(60) @ 1371857000: uvm_test_top.env.dut_sb [SCOREBOARD] 
# ===== Captured data from UART: 0x17
# UVM_INFO ./../tb/dut_scoreboard.sv(73) @ 1371857000: uvm_test_top.env.dut_sb [dut_scoreboard] 
# 
# =====[UART TXD] Data comparison =====
# 
# UVM_INFO ./../tb/dut_scoreboard.sv(81) @ 1371857000: uvm_test_top.env.dut_sb [dut_scoreboard] 
# =====[DATA FRAME: 6] PASSED SUCCESSFULLY!!! =====
# UVM_INFO ./../tb/dut_scoreboard.sv(84) @ 1371857000: uvm_test_top.env.dut_sb [dut_scoreboard] 
# 
# =====[UART TXD] Parity comparison =====
# 
# UVM_ERROR ./../tb/dut_scoreboard.sv(87) @ 1371857000: uvm_test_top.env.dut_sb [dut_scoreboard] 
# =====[PARITY MODE: 10] FAILED!!! Expected parity is 0, Actual parity is 1 =====
# UVM_INFO ./../testcases/uart_txd_x16_random.sv(35) @ 1380055000: uvm_test_top [uart_txd_x16_random] --------------------------------------------------------------
# Name                Type                Size  Value           
# --------------------------------------------------------------
# cfg                 uart_configuration  -     @360            
#   parity_mode       parity_mode_e       32    UART_PARITY_EVEN
#   sampling          sampling_mode_e     32    MODE_X16        
#   data_width        integral            32    'h6             
#   num_of_stop_bit   integral            32    'h2             
#   baud_rate         integral            32    'h12c00         
#   baud_rate_enable  integral            1     'h0             
#   parity_enable     integral            1     'h0             
# --------------------------------------------------------------
# 
# UVM_INFO ./../regmodel/uart_reg2ahb_adapter.sv(42) @ 1380055000: reporter [uart_reg2ahb_adapter] bus2reg: address = 0x0 data = 0x0 kind = UVM_WRITE status = UVM_IS_OK
# UVM_INFO /ictc/other/tools/QuestaDVA/questasim/verilog_src/uvm-1.2/src/reg/uvm_reg_predictor.svh(221) @ 1380055000: uvm_test_top.env.ahb_predictor [REG_PREDICT] Observed WRITE transaction to register regmodel.MDR: value='h0 : updated value = 'h0
# UVM_INFO ./../regmodel/uart_reg2ahb_adapter.sv(42) @ 1380055000: reporter [uart_reg2ahb_adapter] bus2reg: address = 0x4 data = 0x51 kind = UVM_WRITE status = UVM_IS_OK
# UVM_INFO /ictc/other/tools/QuestaDVA/questasim/verilog_src/uvm-1.2/src/reg/uvm_reg_predictor.svh(221) @ 1380055000: uvm_test_top.env.ahb_predictor [REG_PREDICT] Observed WRITE transaction to register regmodel.DLL: value='h51 : updated value = 'h51
# UVM_INFO ./../regmodel/uart_reg2ahb_adapter.sv(42) @ 1380056000: reporter [uart_reg2ahb_adapter] bus2reg: address = 0x8 data = 0x0 kind = UVM_WRITE status = UVM_IS_OK
# UVM_INFO /ictc/other/tools/QuestaDVA/questasim/verilog_src/uvm-1.2/src/reg/uvm_reg_predictor.svh(221) @ 1380056000: uvm_test_top.env.ahb_predictor [REG_PREDICT] Observed WRITE transaction to register regmodel.DLH: value='h0 : updated value = 'h0
# UVM_INFO ./../regmodel/uart_reg2ahb_adapter.sv(42) @ 1380056000: reporter [uart_reg2ahb_adapter] bus2reg: address = 0xc data = 0x3d kind = UVM_WRITE status = UVM_IS_OK
# UVM_INFO /ictc/other/tools/QuestaDVA/questasim/verilog_src/uvm-1.2/src/reg/uvm_reg_predictor.svh(221) @ 1380056000: uvm_test_top.env.ahb_predictor [REG_PREDICT] Observed WRITE transaction to register regmodel.LCR: value='h3d : updated value = 'h3d
# UVM_INFO ./../regmodel/uart_reg2ahb_adapter.sv(42) @ 1380056000: reporter [uart_reg2ahb_adapter] bus2reg: address = 0x18 data = 0x9e59fc23 kind = UVM_WRITE status = UVM_IS_OK
# UVM_INFO /ictc/other/tools/QuestaDVA/questasim/verilog_src/uvm-1.2/src/reg/uvm_reg_predictor.svh(221) @ 1380056000: uvm_test_top.env.ahb_predictor [REG_PREDICT] Observed WRITE transaction to register regmodel.TBR: value='h9e59fc23 : updated value = 'h23
# UVM_INFO ./../tb/dut_scoreboard.sv(52) @ 1380056000: uvm_test_top.env.dut_sb [SCOREBOARD] 
# ===== Captured data from AHB: 0x9e59fc23
# UVM_INFO ./../tb/dut_scoreboard.sv(60) @ 1380303000: uvm_test_top.env.dut_sb [SCOREBOARD] 
# ===== Captured data from UART: 0x23
# UVM_INFO ./../tb/dut_scoreboard.sv(73) @ 1380303000: uvm_test_top.env.dut_sb [dut_scoreboard] 
# 
# =====[UART TXD] Data comparison =====
# 
# UVM_INFO ./../tb/dut_scoreboard.sv(81) @ 1380303000: uvm_test_top.env.dut_sb [dut_scoreboard] 
# =====[DATA FRAME: 6] PASSED SUCCESSFULLY!!! =====
# UVM_INFO ./../tb/dut_scoreboard.sv(84) @ 1380303000: uvm_test_top.env.dut_sb [dut_scoreboard] 
# 
# =====[UART TXD] Parity comparison =====
# 
# UVM_ERROR ./../tb/dut_scoreboard.sv(87) @ 1380303000: uvm_test_top.env.dut_sb [dut_scoreboard] 
# =====[PARITY MODE: 10] FAILED!!! Expected parity is 1, Actual parity is 0 =====
# UVM_INFO ./../testcases/uart_txd_x16_random.sv(35) @ 1390056000: uvm_test_top [uart_txd_x16_random] --------------------------------------------------------------
# Name                Type                Size  Value           
# --------------------------------------------------------------
# cfg                 uart_configuration  -     @360            
#   parity_mode       parity_mode_e       32    UART_PARITY_EVEN
#   sampling          sampling_mode_e     32    MODE_X16        
#   data_width        integral            32    'h6             
#   num_of_stop_bit   integral            32    'h2             
#   baud_rate         integral            32    'h1c200         
#   baud_rate_enable  integral            1     'h0             
#   parity_enable     integral            1     'h0             
# --------------------------------------------------------------
# 
# UVM_INFO ./../regmodel/uart_reg2ahb_adapter.sv(42) @ 1390056000: reporter [uart_reg2ahb_adapter] bus2reg: address = 0x0 data = 0x0 kind = UVM_WRITE status = UVM_IS_OK
# UVM_INFO /ictc/other/tools/QuestaDVA/questasim/verilog_src/uvm-1.2/src/reg/uvm_reg_predictor.svh(221) @ 1390056000: uvm_test_top.env.ahb_predictor [REG_PREDICT] Observed WRITE transaction to register regmodel.MDR: value='h0 : updated value = 'h0
# UVM_INFO ./../regmodel/uart_reg2ahb_adapter.sv(42) @ 1390056000: reporter [uart_reg2ahb_adapter] bus2reg: address = 0x4 data = 0x36 kind = UVM_WRITE status = UVM_IS_OK
# UVM_INFO /ictc/other/tools/QuestaDVA/questasim/verilog_src/uvm-1.2/src/reg/uvm_reg_predictor.svh(221) @ 1390056000: uvm_test_top.env.ahb_predictor [REG_PREDICT] Observed WRITE transaction to register regmodel.DLL: value='h36 : updated value = 'h36
# UVM_INFO ./../regmodel/uart_reg2ahb_adapter.sv(42) @ 1390056000: reporter [uart_reg2ahb_adapter] bus2reg: address = 0x8 data = 0x0 kind = UVM_WRITE status = UVM_IS_OK
# UVM_INFO /ictc/other/tools/QuestaDVA/questasim/verilog_src/uvm-1.2/src/reg/uvm_reg_predictor.svh(221) @ 1390056000: uvm_test_top.env.ahb_predictor [REG_PREDICT] Observed WRITE transaction to register regmodel.DLH: value='h0 : updated value = 'h0
# UVM_INFO ./../regmodel/uart_reg2ahb_adapter.sv(42) @ 1390056000: reporter [uart_reg2ahb_adapter] bus2reg: address = 0xc data = 0x3d kind = UVM_WRITE status = UVM_IS_OK
# UVM_INFO /ictc/other/tools/QuestaDVA/questasim/verilog_src/uvm-1.2/src/reg/uvm_reg_predictor.svh(221) @ 1390056000: uvm_test_top.env.ahb_predictor [REG_PREDICT] Observed WRITE transaction to register regmodel.LCR: value='h3d : updated value = 'h3d
# UVM_INFO ./../regmodel/uart_reg2ahb_adapter.sv(42) @ 1390056000: reporter [uart_reg2ahb_adapter] bus2reg: address = 0x18 data = 0x7afca5ea kind = UVM_WRITE status = UVM_IS_OK
# UVM_INFO /ictc/other/tools/QuestaDVA/questasim/verilog_src/uvm-1.2/src/reg/uvm_reg_predictor.svh(221) @ 1390056000: uvm_test_top.env.ahb_predictor [REG_PREDICT] Observed WRITE transaction to register regmodel.TBR: value='h7afca5ea : updated value = 'hea
# UVM_INFO ./../tb/dut_scoreboard.sv(52) @ 1390056000: uvm_test_top.env.dut_sb [SCOREBOARD] 
# ===== Captured data from AHB: 0x7afca5ea
# UVM_INFO ./../tb/dut_scoreboard.sv(60) @ 1390219000: uvm_test_top.env.dut_sb [SCOREBOARD] 
# ===== Captured data from UART: 0x2a
# UVM_INFO ./../tb/dut_scoreboard.sv(73) @ 1390219000: uvm_test_top.env.dut_sb [dut_scoreboard] 
# 
# =====[UART TXD] Data comparison =====
# 
# UVM_INFO ./../tb/dut_scoreboard.sv(81) @ 1390219000: uvm_test_top.env.dut_sb [dut_scoreboard] 
# =====[DATA FRAME: 6] PASSED SUCCESSFULLY!!! =====
# UVM_INFO ./../tb/dut_scoreboard.sv(84) @ 1390219000: uvm_test_top.env.dut_sb [dut_scoreboard] 
# 
# =====[UART TXD] Parity comparison =====
# 
# UVM_ERROR ./../tb/dut_scoreboard.sv(87) @ 1390219000: uvm_test_top.env.dut_sb [dut_scoreboard] 
# =====[PARITY MODE: 10] FAILED!!! Expected parity is 1, Actual parity is 0 =====
# UVM_INFO ./../testcases/uart_txd_x16_random.sv(35) @ 1400056000: uvm_test_top [uart_txd_x16_random] --------------------------------------------------------------
# Name                Type                Size  Value           
# --------------------------------------------------------------
# cfg                 uart_configuration  -     @360            
#   parity_mode       parity_mode_e       32    UART_PARITY_EVEN
#   sampling          sampling_mode_e     32    MODE_X16        
#   data_width        integral            32    'h7             
#   num_of_stop_bit   integral            32    'h1             
#   baud_rate         integral            32    'h960           
#   baud_rate_enable  integral            1     'h0             
#   parity_enable     integral            1     'h0             
# --------------------------------------------------------------
# 
# UVM_INFO ./../regmodel/uart_reg2ahb_adapter.sv(42) @ 1400056000: reporter [uart_reg2ahb_adapter] bus2reg: address = 0x0 data = 0x0 kind = UVM_WRITE status = UVM_IS_OK
# UVM_INFO /ictc/other/tools/QuestaDVA/questasim/verilog_src/uvm-1.2/src/reg/uvm_reg_predictor.svh(221) @ 1400056000: uvm_test_top.env.ahb_predictor [REG_PREDICT] Observed WRITE transaction to register regmodel.MDR: value='h0 : updated value = 'h0
# UVM_INFO ./../regmodel/uart_reg2ahb_adapter.sv(42) @ 1400056000: reporter [uart_reg2ahb_adapter] bus2reg: address = 0x4 data = 0x2c kind = UVM_WRITE status = UVM_IS_OK
# UVM_INFO /ictc/other/tools/QuestaDVA/questasim/verilog_src/uvm-1.2/src/reg/uvm_reg_predictor.svh(221) @ 1400056000: uvm_test_top.env.ahb_predictor [REG_PREDICT] Observed WRITE transaction to register regmodel.DLL: value='h2c : updated value = 'h2c
# UVM_INFO ./../regmodel/uart_reg2ahb_adapter.sv(42) @ 1400056000: reporter [uart_reg2ahb_adapter] bus2reg: address = 0x8 data = 0xa kind = UVM_WRITE status = UVM_IS_OK
# UVM_INFO /ictc/other/tools/QuestaDVA/questasim/verilog_src/uvm-1.2/src/reg/uvm_reg_predictor.svh(221) @ 1400056000: uvm_test_top.env.ahb_predictor [REG_PREDICT] Observed WRITE transaction to register regmodel.DLH: value='ha : updated value = 'ha
# UVM_INFO ./../regmodel/uart_reg2ahb_adapter.sv(42) @ 1400056000: reporter [uart_reg2ahb_adapter] bus2reg: address = 0xc data = 0x3a kind = UVM_WRITE status = UVM_IS_OK
# UVM_INFO /ictc/other/tools/QuestaDVA/questasim/verilog_src/uvm-1.2/src/reg/uvm_reg_predictor.svh(221) @ 1400056000: uvm_test_top.env.ahb_predictor [REG_PREDICT] Observed WRITE transaction to register regmodel.LCR: value='h3a : updated value = 'h3a
# UVM_INFO ./../regmodel/uart_reg2ahb_adapter.sv(42) @ 1400057000: reporter [uart_reg2ahb_adapter] bus2reg: address = 0x18 data = 0xa516e69 kind = UVM_WRITE status = UVM_IS_OK
# UVM_INFO /ictc/other/tools/QuestaDVA/questasim/verilog_src/uvm-1.2/src/reg/uvm_reg_predictor.svh(221) @ 1400057000: uvm_test_top.env.ahb_predictor [REG_PREDICT] Observed WRITE transaction to register regmodel.TBR: value='ha516e69 : updated value = 'h69
# UVM_INFO ./../tb/dut_scoreboard.sv(52) @ 1400057000: uvm_test_top.env.dut_sb [SCOREBOARD] 
# ===== Captured data from AHB: 0xa516e69
# UVM_INFO ./../tb/dut_scoreboard.sv(60) @ 1408021000: uvm_test_top.env.dut_sb [SCOREBOARD] 
# ===== Captured data from UART: 0x69
# UVM_INFO ./../tb/dut_scoreboard.sv(73) @ 1408021000: uvm_test_top.env.dut_sb [dut_scoreboard] 
# 
# =====[UART TXD] Data comparison =====
# 
# UVM_INFO ./../tb/dut_scoreboard.sv(81) @ 1408021000: uvm_test_top.env.dut_sb [dut_scoreboard] 
# =====[DATA FRAME: 7] PASSED SUCCESSFULLY!!! =====
# UVM_INFO ./../tb/dut_scoreboard.sv(84) @ 1408021000: uvm_test_top.env.dut_sb [dut_scoreboard] 
# 
# =====[UART TXD] Parity comparison =====
# 
# UVM_ERROR ./../tb/dut_scoreboard.sv(87) @ 1408021000: uvm_test_top.env.dut_sb [dut_scoreboard] 
# =====[PARITY MODE: 10] FAILED!!! Expected parity is 0, Actual parity is 1 =====
# UVM_INFO ./../testcases/uart_txd_x16_random.sv(35) @ 1410057000: uvm_test_top [uart_txd_x16_random] --------------------------------------------------------------
# Name                Type                Size  Value           
# --------------------------------------------------------------
# cfg                 uart_configuration  -     @360            
#   parity_mode       parity_mode_e       32    UART_PARITY_EVEN
#   sampling          sampling_mode_e     32    MODE_X16        
#   data_width        integral            32    'h7             
#   num_of_stop_bit   integral            32    'h1             
#   baud_rate         integral            32    'h12c0          
#   baud_rate_enable  integral            1     'h0             
#   parity_enable     integral            1     'h0             
# --------------------------------------------------------------
# 
# UVM_INFO ./../regmodel/uart_reg2ahb_adapter.sv(42) @ 1410057000: reporter [uart_reg2ahb_adapter] bus2reg: address = 0x0 data = 0x0 kind = UVM_WRITE status = UVM_IS_OK
# UVM_INFO /ictc/other/tools/QuestaDVA/questasim/verilog_src/uvm-1.2/src/reg/uvm_reg_predictor.svh(221) @ 1410057000: uvm_test_top.env.ahb_predictor [REG_PREDICT] Observed WRITE transaction to register regmodel.MDR: value='h0 : updated value = 'h0
# UVM_INFO ./../regmodel/uart_reg2ahb_adapter.sv(42) @ 1410057000: reporter [uart_reg2ahb_adapter] bus2reg: address = 0x4 data = 0x16 kind = UVM_WRITE status = UVM_IS_OK
# UVM_INFO /ictc/other/tools/QuestaDVA/questasim/verilog_src/uvm-1.2/src/reg/uvm_reg_predictor.svh(221) @ 1410057000: uvm_test_top.env.ahb_predictor [REG_PREDICT] Observed WRITE transaction to register regmodel.DLL: value='h16 : updated value = 'h16
# UVM_INFO ./../regmodel/uart_reg2ahb_adapter.sv(42) @ 1410057000: reporter [uart_reg2ahb_adapter] bus2reg: address = 0x8 data = 0x5 kind = UVM_WRITE status = UVM_IS_OK
# UVM_INFO /ictc/other/tools/QuestaDVA/questasim/verilog_src/uvm-1.2/src/reg/uvm_reg_predictor.svh(221) @ 1410057000: uvm_test_top.env.ahb_predictor [REG_PREDICT] Observed WRITE transaction to register regmodel.DLH: value='h5 : updated value = 'h5
# UVM_INFO ./../regmodel/uart_reg2ahb_adapter.sv(42) @ 1410057000: reporter [uart_reg2ahb_adapter] bus2reg: address = 0xc data = 0x3a kind = UVM_WRITE status = UVM_IS_OK
# UVM_INFO /ictc/other/tools/QuestaDVA/questasim/verilog_src/uvm-1.2/src/reg/uvm_reg_predictor.svh(221) @ 1410057000: uvm_test_top.env.ahb_predictor [REG_PREDICT] Observed WRITE transaction to register regmodel.LCR: value='h3a : updated value = 'h3a
# UVM_INFO ./../regmodel/uart_reg2ahb_adapter.sv(42) @ 1410057000: reporter [uart_reg2ahb_adapter] bus2reg: address = 0x18 data = 0xc0b97d1b kind = UVM_WRITE status = UVM_IS_OK
# UVM_INFO /ictc/other/tools/QuestaDVA/questasim/verilog_src/uvm-1.2/src/reg/uvm_reg_predictor.svh(221) @ 1410057000: uvm_test_top.env.ahb_predictor [REG_PREDICT] Observed WRITE transaction to register regmodel.TBR: value='hc0b97d1b : updated value = 'h1b
# UVM_INFO ./../tb/dut_scoreboard.sv(52) @ 1410057000: uvm_test_top.env.dut_sb [SCOREBOARD] 
# ===== Captured data from AHB: 0xc0b97d1b
# UVM_INFO ./../tb/dut_scoreboard.sv(60) @ 1414043000: uvm_test_top.env.dut_sb [SCOREBOARD] 
# ===== Captured data from UART: 0x1b
# UVM_INFO ./../tb/dut_scoreboard.sv(73) @ 1414043000: uvm_test_top.env.dut_sb [dut_scoreboard] 
# 
# =====[UART TXD] Data comparison =====
# 
# UVM_INFO ./../tb/dut_scoreboard.sv(81) @ 1414043000: uvm_test_top.env.dut_sb [dut_scoreboard] 
# =====[DATA FRAME: 7] PASSED SUCCESSFULLY!!! =====
# UVM_INFO ./../tb/dut_scoreboard.sv(84) @ 1414043000: uvm_test_top.env.dut_sb [dut_scoreboard] 
# 
# =====[UART TXD] Parity comparison =====
# 
# UVM_ERROR ./../tb/dut_scoreboard.sv(87) @ 1414043000: uvm_test_top.env.dut_sb [dut_scoreboard] 
# =====[PARITY MODE: 10] FAILED!!! Expected parity is 0, Actual parity is 1 =====
# UVM_INFO ./../testcases/uart_txd_x16_random.sv(35) @ 1420057000: uvm_test_top [uart_txd_x16_random] --------------------------------------------------------------
# Name                Type                Size  Value           
# --------------------------------------------------------------
# cfg                 uart_configuration  -     @360            
#   parity_mode       parity_mode_e       32    UART_PARITY_EVEN
#   sampling          sampling_mode_e     32    MODE_X16        
#   data_width        integral            32    'h7             
#   num_of_stop_bit   integral            32    'h1             
#   baud_rate         integral            32    'h2580          
#   baud_rate_enable  integral            1     'h0             
#   parity_enable     integral            1     'h0             
# --------------------------------------------------------------
# 
# UVM_INFO ./../regmodel/uart_reg2ahb_adapter.sv(42) @ 1420057000: reporter [uart_reg2ahb_adapter] bus2reg: address = 0x0 data = 0x0 kind = UVM_WRITE status = UVM_IS_OK
# UVM_INFO /ictc/other/tools/QuestaDVA/questasim/verilog_src/uvm-1.2/src/reg/uvm_reg_predictor.svh(221) @ 1420057000: uvm_test_top.env.ahb_predictor [REG_PREDICT] Observed WRITE transaction to register regmodel.MDR: value='h0 : updated value = 'h0
# UVM_INFO ./../regmodel/uart_reg2ahb_adapter.sv(42) @ 1420057000: reporter [uart_reg2ahb_adapter] bus2reg: address = 0x4 data = 0x8b kind = UVM_WRITE status = UVM_IS_OK
# UVM_INFO /ictc/other/tools/QuestaDVA/questasim/verilog_src/uvm-1.2/src/reg/uvm_reg_predictor.svh(221) @ 1420057000: uvm_test_top.env.ahb_predictor [REG_PREDICT] Observed WRITE transaction to register regmodel.DLL: value='h8b : updated value = 'h8b
# UVM_INFO ./../regmodel/uart_reg2ahb_adapter.sv(42) @ 1420057000: reporter [uart_reg2ahb_adapter] bus2reg: address = 0x8 data = 0x2 kind = UVM_WRITE status = UVM_IS_OK
# UVM_INFO /ictc/other/tools/QuestaDVA/questasim/verilog_src/uvm-1.2/src/reg/uvm_reg_predictor.svh(221) @ 1420057000: uvm_test_top.env.ahb_predictor [REG_PREDICT] Observed WRITE transaction to register regmodel.DLH: value='h2 : updated value = 'h2
# UVM_INFO ./../regmodel/uart_reg2ahb_adapter.sv(42) @ 1420057000: reporter [uart_reg2ahb_adapter] bus2reg: address = 0xc data = 0x3a kind = UVM_WRITE status = UVM_IS_OK
# UVM_INFO /ictc/other/tools/QuestaDVA/questasim/verilog_src/uvm-1.2/src/reg/uvm_reg_predictor.svh(221) @ 1420057000: uvm_test_top.env.ahb_predictor [REG_PREDICT] Observed WRITE transaction to register regmodel.LCR: value='h3a : updated value = 'h3a
# UVM_INFO ./../regmodel/uart_reg2ahb_adapter.sv(42) @ 1420057000: reporter [uart_reg2ahb_adapter] bus2reg: address = 0x18 data = 0xbba1e7ad kind = UVM_WRITE status = UVM_IS_OK
# UVM_INFO /ictc/other/tools/QuestaDVA/questasim/verilog_src/uvm-1.2/src/reg/uvm_reg_predictor.svh(221) @ 1420057000: uvm_test_top.env.ahb_predictor [REG_PREDICT] Observed WRITE transaction to register regmodel.TBR: value='hbba1e7ad : updated value = 'had
# UVM_INFO ./../tb/dut_scoreboard.sv(52) @ 1420057000: uvm_test_top.env.dut_sb [SCOREBOARD] 
# ===== Captured data from AHB: 0xbba1e7ad
# UVM_INFO ./../tb/dut_scoreboard.sv(60) @ 1422043000: uvm_test_top.env.dut_sb [SCOREBOARD] 
# ===== Captured data from UART: 0x2d
# UVM_INFO ./../tb/dut_scoreboard.sv(73) @ 1422043000: uvm_test_top.env.dut_sb [dut_scoreboard] 
# 
# =====[UART TXD] Data comparison =====
# 
# UVM_INFO ./../tb/dut_scoreboard.sv(81) @ 1422043000: uvm_test_top.env.dut_sb [dut_scoreboard] 
# =====[DATA FRAME: 7] PASSED SUCCESSFULLY!!! =====
# UVM_INFO ./../tb/dut_scoreboard.sv(84) @ 1422043000: uvm_test_top.env.dut_sb [dut_scoreboard] 
# 
# =====[UART TXD] Parity comparison =====
# 
# UVM_INFO ./../tb/dut_scoreboard.sv(90) @ 1422043000: uvm_test_top.env.dut_sb [dut_scoreboard] 
# =====[PARITY MODE: 10] PASSED SUCCESSFULLY!!! =====
# UVM_INFO ./../testcases/uart_txd_x16_random.sv(35) @ 1430057000: uvm_test_top [uart_txd_x16_random] --------------------------------------------------------------
# Name                Type                Size  Value           
# --------------------------------------------------------------
# cfg                 uart_configuration  -     @360            
#   parity_mode       parity_mode_e       32    UART_PARITY_EVEN
#   sampling          sampling_mode_e     32    MODE_X16        
#   data_width        integral            32    'h7             
#   num_of_stop_bit   integral            32    'h1             
#   baud_rate         integral            32    'h4b00          
#   baud_rate_enable  integral            1     'h0             
#   parity_enable     integral            1     'h0             
# --------------------------------------------------------------
# 
# UVM_INFO ./../regmodel/uart_reg2ahb_adapter.sv(42) @ 1430057000: reporter [uart_reg2ahb_adapter] bus2reg: address = 0x0 data = 0x0 kind = UVM_WRITE status = UVM_IS_OK
# UVM_INFO /ictc/other/tools/QuestaDVA/questasim/verilog_src/uvm-1.2/src/reg/uvm_reg_predictor.svh(221) @ 1430057000: uvm_test_top.env.ahb_predictor [REG_PREDICT] Observed WRITE transaction to register regmodel.MDR: value='h0 : updated value = 'h0
# UVM_INFO ./../regmodel/uart_reg2ahb_adapter.sv(42) @ 1430057000: reporter [uart_reg2ahb_adapter] bus2reg: address = 0x4 data = 0x45 kind = UVM_WRITE status = UVM_IS_OK
# UVM_INFO /ictc/other/tools/QuestaDVA/questasim/verilog_src/uvm-1.2/src/reg/uvm_reg_predictor.svh(221) @ 1430057000: uvm_test_top.env.ahb_predictor [REG_PREDICT] Observed WRITE transaction to register regmodel.DLL: value='h45 : updated value = 'h45
# UVM_INFO ./../regmodel/uart_reg2ahb_adapter.sv(42) @ 1430058000: reporter [uart_reg2ahb_adapter] bus2reg: address = 0x8 data = 0x1 kind = UVM_WRITE status = UVM_IS_OK
# UVM_INFO /ictc/other/tools/QuestaDVA/questasim/verilog_src/uvm-1.2/src/reg/uvm_reg_predictor.svh(221) @ 1430058000: uvm_test_top.env.ahb_predictor [REG_PREDICT] Observed WRITE transaction to register regmodel.DLH: value='h1 : updated value = 'h1
# UVM_INFO ./../regmodel/uart_reg2ahb_adapter.sv(42) @ 1430058000: reporter [uart_reg2ahb_adapter] bus2reg: address = 0xc data = 0x3a kind = UVM_WRITE status = UVM_IS_OK
# UVM_INFO /ictc/other/tools/QuestaDVA/questasim/verilog_src/uvm-1.2/src/reg/uvm_reg_predictor.svh(221) @ 1430058000: uvm_test_top.env.ahb_predictor [REG_PREDICT] Observed WRITE transaction to register regmodel.LCR: value='h3a : updated value = 'h3a
# UVM_INFO ./../regmodel/uart_reg2ahb_adapter.sv(42) @ 1430058000: reporter [uart_reg2ahb_adapter] bus2reg: address = 0x18 data = 0x8ac93b04 kind = UVM_WRITE status = UVM_IS_OK
# UVM_INFO /ictc/other/tools/QuestaDVA/questasim/verilog_src/uvm-1.2/src/reg/uvm_reg_predictor.svh(221) @ 1430058000: uvm_test_top.env.ahb_predictor [REG_PREDICT] Observed WRITE transaction to register regmodel.TBR: value='h8ac93b04 : updated value = 'h4
# UVM_INFO ./../tb/dut_scoreboard.sv(52) @ 1430058000: uvm_test_top.env.dut_sb [SCOREBOARD] 
# ===== Captured data from AHB: 0x8ac93b04
# UVM_INFO ./../tb/dut_scoreboard.sv(60) @ 1431048000: uvm_test_top.env.dut_sb [SCOREBOARD] 
# ===== Captured data from UART: 0x4
# UVM_INFO ./../tb/dut_scoreboard.sv(73) @ 1431048000: uvm_test_top.env.dut_sb [dut_scoreboard] 
# 
# =====[UART TXD] Data comparison =====
# 
# UVM_INFO ./../tb/dut_scoreboard.sv(81) @ 1431048000: uvm_test_top.env.dut_sb [dut_scoreboard] 
# =====[DATA FRAME: 7] PASSED SUCCESSFULLY!!! =====
# UVM_INFO ./../tb/dut_scoreboard.sv(84) @ 1431048000: uvm_test_top.env.dut_sb [dut_scoreboard] 
# 
# =====[UART TXD] Parity comparison =====
# 
# UVM_ERROR ./../tb/dut_scoreboard.sv(87) @ 1431048000: uvm_test_top.env.dut_sb [dut_scoreboard] 
# =====[PARITY MODE: 10] FAILED!!! Expected parity is 1, Actual parity is 0 =====
# UVM_INFO ./../testcases/uart_txd_x16_random.sv(35) @ 1440058000: uvm_test_top [uart_txd_x16_random] --------------------------------------------------------------
# Name                Type                Size  Value           
# --------------------------------------------------------------
# cfg                 uart_configuration  -     @360            
#   parity_mode       parity_mode_e       32    UART_PARITY_EVEN
#   sampling          sampling_mode_e     32    MODE_X16        
#   data_width        integral            32    'h7             
#   num_of_stop_bit   integral            32    'h1             
#   baud_rate         integral            32    'h9600          
#   baud_rate_enable  integral            1     'h0             
#   parity_enable     integral            1     'h0             
# --------------------------------------------------------------
# 
# UVM_INFO ./../regmodel/uart_reg2ahb_adapter.sv(42) @ 1440058000: reporter [uart_reg2ahb_adapter] bus2reg: address = 0x0 data = 0x0 kind = UVM_WRITE status = UVM_IS_OK
# UVM_INFO /ictc/other/tools/QuestaDVA/questasim/verilog_src/uvm-1.2/src/reg/uvm_reg_predictor.svh(221) @ 1440058000: uvm_test_top.env.ahb_predictor [REG_PREDICT] Observed WRITE transaction to register regmodel.MDR: value='h0 : updated value = 'h0
# UVM_INFO ./../regmodel/uart_reg2ahb_adapter.sv(42) @ 1440058000: reporter [uart_reg2ahb_adapter] bus2reg: address = 0x4 data = 0xa4 kind = UVM_WRITE status = UVM_IS_OK
# UVM_INFO /ictc/other/tools/QuestaDVA/questasim/verilog_src/uvm-1.2/src/reg/uvm_reg_predictor.svh(221) @ 1440058000: uvm_test_top.env.ahb_predictor [REG_PREDICT] Observed WRITE transaction to register regmodel.DLL: value='ha4 : updated value = 'ha4
# UVM_INFO ./../regmodel/uart_reg2ahb_adapter.sv(42) @ 1440058000: reporter [uart_reg2ahb_adapter] bus2reg: address = 0x8 data = 0x0 kind = UVM_WRITE status = UVM_IS_OK
# UVM_INFO /ictc/other/tools/QuestaDVA/questasim/verilog_src/uvm-1.2/src/reg/uvm_reg_predictor.svh(221) @ 1440058000: uvm_test_top.env.ahb_predictor [REG_PREDICT] Observed WRITE transaction to register regmodel.DLH: value='h0 : updated value = 'h0
# UVM_INFO ./../regmodel/uart_reg2ahb_adapter.sv(42) @ 1440058000: reporter [uart_reg2ahb_adapter] bus2reg: address = 0xc data = 0x3a kind = UVM_WRITE status = UVM_IS_OK
# UVM_INFO /ictc/other/tools/QuestaDVA/questasim/verilog_src/uvm-1.2/src/reg/uvm_reg_predictor.svh(221) @ 1440058000: uvm_test_top.env.ahb_predictor [REG_PREDICT] Observed WRITE transaction to register regmodel.LCR: value='h3a : updated value = 'h3a
# UVM_INFO ./../regmodel/uart_reg2ahb_adapter.sv(42) @ 1440058000: reporter [uart_reg2ahb_adapter] bus2reg: address = 0x18 data = 0xf52366b4 kind = UVM_WRITE status = UVM_IS_OK
# UVM_INFO /ictc/other/tools/QuestaDVA/questasim/verilog_src/uvm-1.2/src/reg/uvm_reg_predictor.svh(221) @ 1440058000: uvm_test_top.env.ahb_predictor [REG_PREDICT] Observed WRITE transaction to register regmodel.TBR: value='hf52366b4 : updated value = 'hb4
# UVM_INFO ./../tb/dut_scoreboard.sv(52) @ 1440058000: uvm_test_top.env.dut_sb [SCOREBOARD] 
# ===== Captured data from AHB: 0xf52366b4
# UVM_INFO ./../tb/dut_scoreboard.sv(60) @ 1440555000: uvm_test_top.env.dut_sb [SCOREBOARD] 
# ===== Captured data from UART: 0x34
# UVM_INFO ./../tb/dut_scoreboard.sv(73) @ 1440555000: uvm_test_top.env.dut_sb [dut_scoreboard] 
# 
# =====[UART TXD] Data comparison =====
# 
# UVM_INFO ./../tb/dut_scoreboard.sv(81) @ 1440555000: uvm_test_top.env.dut_sb [dut_scoreboard] 
# =====[DATA FRAME: 7] PASSED SUCCESSFULLY!!! =====
# UVM_INFO ./../tb/dut_scoreboard.sv(84) @ 1440555000: uvm_test_top.env.dut_sb [dut_scoreboard] 
# 
# =====[UART TXD] Parity comparison =====
# 
# UVM_INFO ./../tb/dut_scoreboard.sv(90) @ 1440555000: uvm_test_top.env.dut_sb [dut_scoreboard] 
# =====[PARITY MODE: 10] PASSED SUCCESSFULLY!!! =====
# UVM_INFO ./../testcases/uart_txd_x16_random.sv(35) @ 1450058000: uvm_test_top [uart_txd_x16_random] --------------------------------------------------------------
# Name                Type                Size  Value           
# --------------------------------------------------------------
# cfg                 uart_configuration  -     @360            
#   parity_mode       parity_mode_e       32    UART_PARITY_EVEN
#   sampling          sampling_mode_e     32    MODE_X16        
#   data_width        integral            32    'h7             
#   num_of_stop_bit   integral            32    'h1             
#   baud_rate         integral            32    'h12c00         
#   baud_rate_enable  integral            1     'h0             
#   parity_enable     integral            1     'h0             
# --------------------------------------------------------------
# 
# UVM_INFO ./../regmodel/uart_reg2ahb_adapter.sv(42) @ 1450058000: reporter [uart_reg2ahb_adapter] bus2reg: address = 0x0 data = 0x0 kind = UVM_WRITE status = UVM_IS_OK
# UVM_INFO /ictc/other/tools/QuestaDVA/questasim/verilog_src/uvm-1.2/src/reg/uvm_reg_predictor.svh(221) @ 1450058000: uvm_test_top.env.ahb_predictor [REG_PREDICT] Observed WRITE transaction to register regmodel.MDR: value='h0 : updated value = 'h0
# UVM_INFO ./../regmodel/uart_reg2ahb_adapter.sv(42) @ 1450058000: reporter [uart_reg2ahb_adapter] bus2reg: address = 0x4 data = 0x51 kind = UVM_WRITE status = UVM_IS_OK
# UVM_INFO /ictc/other/tools/QuestaDVA/questasim/verilog_src/uvm-1.2/src/reg/uvm_reg_predictor.svh(221) @ 1450058000: uvm_test_top.env.ahb_predictor [REG_PREDICT] Observed WRITE transaction to register regmodel.DLL: value='h51 : updated value = 'h51
# UVM_INFO ./../regmodel/uart_reg2ahb_adapter.sv(42) @ 1450058000: reporter [uart_reg2ahb_adapter] bus2reg: address = 0x8 data = 0x0 kind = UVM_WRITE status = UVM_IS_OK
# UVM_INFO /ictc/other/tools/QuestaDVA/questasim/verilog_src/uvm-1.2/src/reg/uvm_reg_predictor.svh(221) @ 1450058000: uvm_test_top.env.ahb_predictor [REG_PREDICT] Observed WRITE transaction to register regmodel.DLH: value='h0 : updated value = 'h0
# UVM_INFO ./../regmodel/uart_reg2ahb_adapter.sv(42) @ 1450058000: reporter [uart_reg2ahb_adapter] bus2reg: address = 0xc data = 0x3a kind = UVM_WRITE status = UVM_IS_OK
# UVM_INFO /ictc/other/tools/QuestaDVA/questasim/verilog_src/uvm-1.2/src/reg/uvm_reg_predictor.svh(221) @ 1450058000: uvm_test_top.env.ahb_predictor [REG_PREDICT] Observed WRITE transaction to register regmodel.LCR: value='h3a : updated value = 'h3a
# UVM_INFO ./../regmodel/uart_reg2ahb_adapter.sv(42) @ 1450059000: reporter [uart_reg2ahb_adapter] bus2reg: address = 0x18 data = 0x6e73c705 kind = UVM_WRITE status = UVM_IS_OK
# UVM_INFO /ictc/other/tools/QuestaDVA/questasim/verilog_src/uvm-1.2/src/reg/uvm_reg_predictor.svh(221) @ 1450059000: uvm_test_top.env.ahb_predictor [REG_PREDICT] Observed WRITE transaction to register regmodel.TBR: value='h6e73c705 : updated value = 'h5
# UVM_INFO ./../tb/dut_scoreboard.sv(52) @ 1450059000: uvm_test_top.env.dut_sb [SCOREBOARD] 
# ===== Captured data from AHB: 0x6e73c705
# UVM_INFO ./../tb/dut_scoreboard.sv(60) @ 1450307000: uvm_test_top.env.dut_sb [SCOREBOARD] 
# ===== Captured data from UART: 0x5
# UVM_INFO ./../tb/dut_scoreboard.sv(73) @ 1450307000: uvm_test_top.env.dut_sb [dut_scoreboard] 
# 
# =====[UART TXD] Data comparison =====
# 
# UVM_INFO ./../tb/dut_scoreboard.sv(81) @ 1450307000: uvm_test_top.env.dut_sb [dut_scoreboard] 
# =====[DATA FRAME: 7] PASSED SUCCESSFULLY!!! =====
# UVM_INFO ./../tb/dut_scoreboard.sv(84) @ 1450307000: uvm_test_top.env.dut_sb [dut_scoreboard] 
# 
# =====[UART TXD] Parity comparison =====
# 
# UVM_ERROR ./../tb/dut_scoreboard.sv(87) @ 1450307000: uvm_test_top.env.dut_sb [dut_scoreboard] 
# =====[PARITY MODE: 10] FAILED!!! Expected parity is 0, Actual parity is 1 =====
# UVM_INFO ./../testcases/uart_txd_x16_random.sv(35) @ 1460059000: uvm_test_top [uart_txd_x16_random] --------------------------------------------------------------
# Name                Type                Size  Value           
# --------------------------------------------------------------
# cfg                 uart_configuration  -     @360            
#   parity_mode       parity_mode_e       32    UART_PARITY_EVEN
#   sampling          sampling_mode_e     32    MODE_X16        
#   data_width        integral            32    'h7             
#   num_of_stop_bit   integral            32    'h1             
#   baud_rate         integral            32    'h1c200         
#   baud_rate_enable  integral            1     'h0             
#   parity_enable     integral            1     'h0             
# --------------------------------------------------------------
# 
# UVM_INFO ./../regmodel/uart_reg2ahb_adapter.sv(42) @ 1460059000: reporter [uart_reg2ahb_adapter] bus2reg: address = 0x0 data = 0x0 kind = UVM_WRITE status = UVM_IS_OK
# UVM_INFO /ictc/other/tools/QuestaDVA/questasim/verilog_src/uvm-1.2/src/reg/uvm_reg_predictor.svh(221) @ 1460059000: uvm_test_top.env.ahb_predictor [REG_PREDICT] Observed WRITE transaction to register regmodel.MDR: value='h0 : updated value = 'h0
# UVM_INFO ./../regmodel/uart_reg2ahb_adapter.sv(42) @ 1460059000: reporter [uart_reg2ahb_adapter] bus2reg: address = 0x4 data = 0x36 kind = UVM_WRITE status = UVM_IS_OK
# UVM_INFO /ictc/other/tools/QuestaDVA/questasim/verilog_src/uvm-1.2/src/reg/uvm_reg_predictor.svh(221) @ 1460059000: uvm_test_top.env.ahb_predictor [REG_PREDICT] Observed WRITE transaction to register regmodel.DLL: value='h36 : updated value = 'h36
# UVM_INFO ./../regmodel/uart_reg2ahb_adapter.sv(42) @ 1460059000: reporter [uart_reg2ahb_adapter] bus2reg: address = 0x8 data = 0x0 kind = UVM_WRITE status = UVM_IS_OK
# UVM_INFO /ictc/other/tools/QuestaDVA/questasim/verilog_src/uvm-1.2/src/reg/uvm_reg_predictor.svh(221) @ 1460059000: uvm_test_top.env.ahb_predictor [REG_PREDICT] Observed WRITE transaction to register regmodel.DLH: value='h0 : updated value = 'h0
# UVM_INFO ./../regmodel/uart_reg2ahb_adapter.sv(42) @ 1460059000: reporter [uart_reg2ahb_adapter] bus2reg: address = 0xc data = 0x3a kind = UVM_WRITE status = UVM_IS_OK
# UVM_INFO /ictc/other/tools/QuestaDVA/questasim/verilog_src/uvm-1.2/src/reg/uvm_reg_predictor.svh(221) @ 1460059000: uvm_test_top.env.ahb_predictor [REG_PREDICT] Observed WRITE transaction to register regmodel.LCR: value='h3a : updated value = 'h3a
# UVM_INFO ./../regmodel/uart_reg2ahb_adapter.sv(42) @ 1460059000: reporter [uart_reg2ahb_adapter] bus2reg: address = 0x18 data = 0xc3c65361 kind = UVM_WRITE status = UVM_IS_OK
# UVM_INFO /ictc/other/tools/QuestaDVA/questasim/verilog_src/uvm-1.2/src/reg/uvm_reg_predictor.svh(221) @ 1460059000: uvm_test_top.env.ahb_predictor [REG_PREDICT] Observed WRITE transaction to register regmodel.TBR: value='hc3c65361 : updated value = 'h61
# UVM_INFO ./../tb/dut_scoreboard.sv(52) @ 1460059000: uvm_test_top.env.dut_sb [SCOREBOARD] 
# ===== Captured data from AHB: 0xc3c65361
# UVM_INFO ./../tb/dut_scoreboard.sv(60) @ 1460221000: uvm_test_top.env.dut_sb [SCOREBOARD] 
# ===== Captured data from UART: 0x61
# UVM_INFO ./../tb/dut_scoreboard.sv(73) @ 1460221000: uvm_test_top.env.dut_sb [dut_scoreboard] 
# 
# =====[UART TXD] Data comparison =====
# 
# UVM_INFO ./../tb/dut_scoreboard.sv(81) @ 1460221000: uvm_test_top.env.dut_sb [dut_scoreboard] 
# =====[DATA FRAME: 7] PASSED SUCCESSFULLY!!! =====
# UVM_INFO ./../tb/dut_scoreboard.sv(84) @ 1460221000: uvm_test_top.env.dut_sb [dut_scoreboard] 
# 
# =====[UART TXD] Parity comparison =====
# 
# UVM_ERROR ./../tb/dut_scoreboard.sv(87) @ 1460221000: uvm_test_top.env.dut_sb [dut_scoreboard] 
# =====[PARITY MODE: 10] FAILED!!! Expected parity is 1, Actual parity is 0 =====
# UVM_INFO ./../testcases/uart_txd_x16_random.sv(35) @ 1470059000: uvm_test_top [uart_txd_x16_random] --------------------------------------------------------------
# Name                Type                Size  Value           
# --------------------------------------------------------------
# cfg                 uart_configuration  -     @360            
#   parity_mode       parity_mode_e       32    UART_PARITY_EVEN
#   sampling          sampling_mode_e     32    MODE_X16        
#   data_width        integral            32    'h7             
#   num_of_stop_bit   integral            32    'h2             
#   baud_rate         integral            32    'h960           
#   baud_rate_enable  integral            1     'h0             
#   parity_enable     integral            1     'h0             
# --------------------------------------------------------------
# 
# UVM_INFO ./../regmodel/uart_reg2ahb_adapter.sv(42) @ 1470059000: reporter [uart_reg2ahb_adapter] bus2reg: address = 0x0 data = 0x0 kind = UVM_WRITE status = UVM_IS_OK
# UVM_INFO /ictc/other/tools/QuestaDVA/questasim/verilog_src/uvm-1.2/src/reg/uvm_reg_predictor.svh(221) @ 1470059000: uvm_test_top.env.ahb_predictor [REG_PREDICT] Observed WRITE transaction to register regmodel.MDR: value='h0 : updated value = 'h0
# UVM_INFO ./../regmodel/uart_reg2ahb_adapter.sv(42) @ 1470059000: reporter [uart_reg2ahb_adapter] bus2reg: address = 0x4 data = 0x2c kind = UVM_WRITE status = UVM_IS_OK
# UVM_INFO /ictc/other/tools/QuestaDVA/questasim/verilog_src/uvm-1.2/src/reg/uvm_reg_predictor.svh(221) @ 1470059000: uvm_test_top.env.ahb_predictor [REG_PREDICT] Observed WRITE transaction to register regmodel.DLL: value='h2c : updated value = 'h2c
# UVM_INFO ./../regmodel/uart_reg2ahb_adapter.sv(42) @ 1470059000: reporter [uart_reg2ahb_adapter] bus2reg: address = 0x8 data = 0xa kind = UVM_WRITE status = UVM_IS_OK
# UVM_INFO /ictc/other/tools/QuestaDVA/questasim/verilog_src/uvm-1.2/src/reg/uvm_reg_predictor.svh(221) @ 1470059000: uvm_test_top.env.ahb_predictor [REG_PREDICT] Observed WRITE transaction to register regmodel.DLH: value='ha : updated value = 'ha
# UVM_INFO ./../regmodel/uart_reg2ahb_adapter.sv(42) @ 1470059000: reporter [uart_reg2ahb_adapter] bus2reg: address = 0xc data = 0x3e kind = UVM_WRITE status = UVM_IS_OK
# UVM_INFO /ictc/other/tools/QuestaDVA/questasim/verilog_src/uvm-1.2/src/reg/uvm_reg_predictor.svh(221) @ 1470059000: uvm_test_top.env.ahb_predictor [REG_PREDICT] Observed WRITE transaction to register regmodel.LCR: value='h3e : updated value = 'h3e
# UVM_INFO ./../regmodel/uart_reg2ahb_adapter.sv(42) @ 1470059000: reporter [uart_reg2ahb_adapter] bus2reg: address = 0x18 data = 0x27d6cf3e kind = UVM_WRITE status = UVM_IS_OK
# UVM_INFO /ictc/other/tools/QuestaDVA/questasim/verilog_src/uvm-1.2/src/reg/uvm_reg_predictor.svh(221) @ 1470059000: uvm_test_top.env.ahb_predictor [REG_PREDICT] Observed WRITE transaction to register regmodel.TBR: value='h27d6cf3e : updated value = 'h3e
# UVM_INFO ./../tb/dut_scoreboard.sv(52) @ 1470059000: uvm_test_top.env.dut_sb [SCOREBOARD] 
# ===== Captured data from AHB: 0x27d6cf3e
# UVM_INFO ./../tb/dut_scoreboard.sv(60) @ 1478858000: uvm_test_top.env.dut_sb [SCOREBOARD] 
# ===== Captured data from UART: 0x3e
# UVM_INFO ./../tb/dut_scoreboard.sv(73) @ 1478858000: uvm_test_top.env.dut_sb [dut_scoreboard] 
# 
# =====[UART TXD] Data comparison =====
# 
# UVM_INFO ./../tb/dut_scoreboard.sv(81) @ 1478858000: uvm_test_top.env.dut_sb [dut_scoreboard] 
# =====[DATA FRAME: 7] PASSED SUCCESSFULLY!!! =====
# UVM_INFO ./../tb/dut_scoreboard.sv(84) @ 1478858000: uvm_test_top.env.dut_sb [dut_scoreboard] 
# 
# =====[UART TXD] Parity comparison =====
# 
# UVM_ERROR ./../tb/dut_scoreboard.sv(87) @ 1478858000: uvm_test_top.env.dut_sb [dut_scoreboard] 
# =====[PARITY MODE: 10] FAILED!!! Expected parity is 1, Actual parity is 0 =====
# UVM_INFO ./../testcases/uart_txd_x16_random.sv(35) @ 1480059000: uvm_test_top [uart_txd_x16_random] --------------------------------------------------------------
# Name                Type                Size  Value           
# --------------------------------------------------------------
# cfg                 uart_configuration  -     @360            
#   parity_mode       parity_mode_e       32    UART_PARITY_EVEN
#   sampling          sampling_mode_e     32    MODE_X16        
#   data_width        integral            32    'h7             
#   num_of_stop_bit   integral            32    'h2             
#   baud_rate         integral            32    'h12c0          
#   baud_rate_enable  integral            1     'h0             
#   parity_enable     integral            1     'h0             
# --------------------------------------------------------------
# 
# UVM_INFO ./../regmodel/uart_reg2ahb_adapter.sv(42) @ 1480059000: reporter [uart_reg2ahb_adapter] bus2reg: address = 0x0 data = 0x0 kind = UVM_WRITE status = UVM_IS_OK
# UVM_INFO /ictc/other/tools/QuestaDVA/questasim/verilog_src/uvm-1.2/src/reg/uvm_reg_predictor.svh(221) @ 1480059000: uvm_test_top.env.ahb_predictor [REG_PREDICT] Observed WRITE transaction to register regmodel.MDR: value='h0 : updated value = 'h0
# UVM_INFO ./../regmodel/uart_reg2ahb_adapter.sv(42) @ 1480059000: reporter [uart_reg2ahb_adapter] bus2reg: address = 0x4 data = 0x16 kind = UVM_WRITE status = UVM_IS_OK
# UVM_INFO /ictc/other/tools/QuestaDVA/questasim/verilog_src/uvm-1.2/src/reg/uvm_reg_predictor.svh(221) @ 1480059000: uvm_test_top.env.ahb_predictor [REG_PREDICT] Observed WRITE transaction to register regmodel.DLL: value='h16 : updated value = 'h16
# UVM_INFO ./../regmodel/uart_reg2ahb_adapter.sv(42) @ 1480060000: reporter [uart_reg2ahb_adapter] bus2reg: address = 0x8 data = 0x5 kind = UVM_WRITE status = UVM_IS_OK
# UVM_INFO /ictc/other/tools/QuestaDVA/questasim/verilog_src/uvm-1.2/src/reg/uvm_reg_predictor.svh(221) @ 1480060000: uvm_test_top.env.ahb_predictor [REG_PREDICT] Observed WRITE transaction to register regmodel.DLH: value='h5 : updated value = 'h5
# UVM_INFO ./../regmodel/uart_reg2ahb_adapter.sv(42) @ 1480060000: reporter [uart_reg2ahb_adapter] bus2reg: address = 0xc data = 0x3e kind = UVM_WRITE status = UVM_IS_OK
# UVM_INFO /ictc/other/tools/QuestaDVA/questasim/verilog_src/uvm-1.2/src/reg/uvm_reg_predictor.svh(221) @ 1480060000: uvm_test_top.env.ahb_predictor [REG_PREDICT] Observed WRITE transaction to register regmodel.LCR: value='h3e : updated value = 'h3e
# UVM_INFO ./../regmodel/uart_reg2ahb_adapter.sv(42) @ 1480060000: reporter [uart_reg2ahb_adapter] bus2reg: address = 0x18 data = 0xf1a2f153 kind = UVM_WRITE status = UVM_IS_OK
# UVM_INFO /ictc/other/tools/QuestaDVA/questasim/verilog_src/uvm-1.2/src/reg/uvm_reg_predictor.svh(221) @ 1480060000: uvm_test_top.env.ahb_predictor [REG_PREDICT] Observed WRITE transaction to register regmodel.TBR: value='hf1a2f153 : updated value = 'h53
# UVM_INFO ./../tb/dut_scoreboard.sv(52) @ 1480060000: uvm_test_top.env.dut_sb [SCOREBOARD] 
# ===== Captured data from AHB: 0xf1a2f153
# UVM_INFO ./../tb/dut_scoreboard.sv(60) @ 1484463000: uvm_test_top.env.dut_sb [SCOREBOARD] 
# ===== Captured data from UART: 0x53
# UVM_INFO ./../tb/dut_scoreboard.sv(73) @ 1484463000: uvm_test_top.env.dut_sb [dut_scoreboard] 
# 
# =====[UART TXD] Data comparison =====
# 
# UVM_INFO ./../tb/dut_scoreboard.sv(81) @ 1484463000: uvm_test_top.env.dut_sb [dut_scoreboard] 
# =====[DATA FRAME: 7] PASSED SUCCESSFULLY!!! =====
# UVM_INFO ./../tb/dut_scoreboard.sv(84) @ 1484463000: uvm_test_top.env.dut_sb [dut_scoreboard] 
# 
# =====[UART TXD] Parity comparison =====
# 
# UVM_ERROR ./../tb/dut_scoreboard.sv(87) @ 1484463000: uvm_test_top.env.dut_sb [dut_scoreboard] 
# =====[PARITY MODE: 10] FAILED!!! Expected parity is 0, Actual parity is 1 =====
# UVM_INFO ./../testcases/uart_txd_x16_random.sv(35) @ 1490060000: uvm_test_top [uart_txd_x16_random] --------------------------------------------------------------
# Name                Type                Size  Value           
# --------------------------------------------------------------
# cfg                 uart_configuration  -     @360            
#   parity_mode       parity_mode_e       32    UART_PARITY_EVEN
#   sampling          sampling_mode_e     32    MODE_X16        
#   data_width        integral            32    'h7             
#   num_of_stop_bit   integral            32    'h2             
#   baud_rate         integral            32    'h2580          
#   baud_rate_enable  integral            1     'h0             
#   parity_enable     integral            1     'h0             
# --------------------------------------------------------------
# 
# UVM_INFO ./../regmodel/uart_reg2ahb_adapter.sv(42) @ 1490060000: reporter [uart_reg2ahb_adapter] bus2reg: address = 0x0 data = 0x0 kind = UVM_WRITE status = UVM_IS_OK
# UVM_INFO /ictc/other/tools/QuestaDVA/questasim/verilog_src/uvm-1.2/src/reg/uvm_reg_predictor.svh(221) @ 1490060000: uvm_test_top.env.ahb_predictor [REG_PREDICT] Observed WRITE transaction to register regmodel.MDR: value='h0 : updated value = 'h0
# UVM_INFO ./../regmodel/uart_reg2ahb_adapter.sv(42) @ 1490060000: reporter [uart_reg2ahb_adapter] bus2reg: address = 0x4 data = 0x8b kind = UVM_WRITE status = UVM_IS_OK
# UVM_INFO /ictc/other/tools/QuestaDVA/questasim/verilog_src/uvm-1.2/src/reg/uvm_reg_predictor.svh(221) @ 1490060000: uvm_test_top.env.ahb_predictor [REG_PREDICT] Observed WRITE transaction to register regmodel.DLL: value='h8b : updated value = 'h8b
# UVM_INFO ./../regmodel/uart_reg2ahb_adapter.sv(42) @ 1490060000: reporter [uart_reg2ahb_adapter] bus2reg: address = 0x8 data = 0x2 kind = UVM_WRITE status = UVM_IS_OK
# UVM_INFO /ictc/other/tools/QuestaDVA/questasim/verilog_src/uvm-1.2/src/reg/uvm_reg_predictor.svh(221) @ 1490060000: uvm_test_top.env.ahb_predictor [REG_PREDICT] Observed WRITE transaction to register regmodel.DLH: value='h2 : updated value = 'h2
# UVM_INFO ./../regmodel/uart_reg2ahb_adapter.sv(42) @ 1490060000: reporter [uart_reg2ahb_adapter] bus2reg: address = 0xc data = 0x3e kind = UVM_WRITE status = UVM_IS_OK
# UVM_INFO /ictc/other/tools/QuestaDVA/questasim/verilog_src/uvm-1.2/src/reg/uvm_reg_predictor.svh(221) @ 1490060000: uvm_test_top.env.ahb_predictor [REG_PREDICT] Observed WRITE transaction to register regmodel.LCR: value='h3e : updated value = 'h3e
# UVM_INFO ./../regmodel/uart_reg2ahb_adapter.sv(42) @ 1490060000: reporter [uart_reg2ahb_adapter] bus2reg: address = 0x18 data = 0xf0d355c6 kind = UVM_WRITE status = UVM_IS_OK
# UVM_INFO /ictc/other/tools/QuestaDVA/questasim/verilog_src/uvm-1.2/src/reg/uvm_reg_predictor.svh(221) @ 1490060000: uvm_test_top.env.ahb_predictor [REG_PREDICT] Observed WRITE transaction to register regmodel.TBR: value='hf0d355c6 : updated value = 'hc6
# UVM_INFO ./../tb/dut_scoreboard.sv(52) @ 1490060000: uvm_test_top.env.dut_sb [SCOREBOARD] 
# ===== Captured data from AHB: 0xf0d355c6
# UVM_INFO ./../tb/dut_scoreboard.sv(60) @ 1492255000: uvm_test_top.env.dut_sb [SCOREBOARD] 
# ===== Captured data from UART: 0x46
# UVM_INFO ./../tb/dut_scoreboard.sv(73) @ 1492255000: uvm_test_top.env.dut_sb [dut_scoreboard] 
# 
# =====[UART TXD] Data comparison =====
# 
# UVM_INFO ./../tb/dut_scoreboard.sv(81) @ 1492255000: uvm_test_top.env.dut_sb [dut_scoreboard] 
# =====[DATA FRAME: 7] PASSED SUCCESSFULLY!!! =====
# UVM_INFO ./../tb/dut_scoreboard.sv(84) @ 1492255000: uvm_test_top.env.dut_sb [dut_scoreboard] 
# 
# =====[UART TXD] Parity comparison =====
# 
# UVM_INFO ./../tb/dut_scoreboard.sv(90) @ 1492255000: uvm_test_top.env.dut_sb [dut_scoreboard] 
# =====[PARITY MODE: 10] PASSED SUCCESSFULLY!!! =====
# UVM_INFO ./../testcases/uart_txd_x16_random.sv(35) @ 1500060000: uvm_test_top [uart_txd_x16_random] --------------------------------------------------------------
# Name                Type                Size  Value           
# --------------------------------------------------------------
# cfg                 uart_configuration  -     @360            
#   parity_mode       parity_mode_e       32    UART_PARITY_EVEN
#   sampling          sampling_mode_e     32    MODE_X16        
#   data_width        integral            32    'h7             
#   num_of_stop_bit   integral            32    'h2             
#   baud_rate         integral            32    'h4b00          
#   baud_rate_enable  integral            1     'h0             
#   parity_enable     integral            1     'h0             
# --------------------------------------------------------------
# 
# UVM_INFO ./../regmodel/uart_reg2ahb_adapter.sv(42) @ 1500060000: reporter [uart_reg2ahb_adapter] bus2reg: address = 0x0 data = 0x0 kind = UVM_WRITE status = UVM_IS_OK
# UVM_INFO /ictc/other/tools/QuestaDVA/questasim/verilog_src/uvm-1.2/src/reg/uvm_reg_predictor.svh(221) @ 1500060000: uvm_test_top.env.ahb_predictor [REG_PREDICT] Observed WRITE transaction to register regmodel.MDR: value='h0 : updated value = 'h0
# UVM_INFO ./../regmodel/uart_reg2ahb_adapter.sv(42) @ 1500060000: reporter [uart_reg2ahb_adapter] bus2reg: address = 0x4 data = 0x45 kind = UVM_WRITE status = UVM_IS_OK
# UVM_INFO /ictc/other/tools/QuestaDVA/questasim/verilog_src/uvm-1.2/src/reg/uvm_reg_predictor.svh(221) @ 1500060000: uvm_test_top.env.ahb_predictor [REG_PREDICT] Observed WRITE transaction to register regmodel.DLL: value='h45 : updated value = 'h45
# UVM_INFO ./../regmodel/uart_reg2ahb_adapter.sv(42) @ 1500060000: reporter [uart_reg2ahb_adapter] bus2reg: address = 0x8 data = 0x1 kind = UVM_WRITE status = UVM_IS_OK
# UVM_INFO /ictc/other/tools/QuestaDVA/questasim/verilog_src/uvm-1.2/src/reg/uvm_reg_predictor.svh(221) @ 1500060000: uvm_test_top.env.ahb_predictor [REG_PREDICT] Observed WRITE transaction to register regmodel.DLH: value='h1 : updated value = 'h1
# UVM_INFO ./../regmodel/uart_reg2ahb_adapter.sv(42) @ 1500060000: reporter [uart_reg2ahb_adapter] bus2reg: address = 0xc data = 0x3e kind = UVM_WRITE status = UVM_IS_OK
# UVM_INFO /ictc/other/tools/QuestaDVA/questasim/verilog_src/uvm-1.2/src/reg/uvm_reg_predictor.svh(221) @ 1500060000: uvm_test_top.env.ahb_predictor [REG_PREDICT] Observed WRITE transaction to register regmodel.LCR: value='h3e : updated value = 'h3e
# UVM_INFO ./../regmodel/uart_reg2ahb_adapter.sv(42) @ 1500061000: reporter [uart_reg2ahb_adapter] bus2reg: address = 0x18 data = 0xacffa710 kind = UVM_WRITE status = UVM_IS_OK
# UVM_INFO /ictc/other/tools/QuestaDVA/questasim/verilog_src/uvm-1.2/src/reg/uvm_reg_predictor.svh(221) @ 1500061000: uvm_test_top.env.ahb_predictor [REG_PREDICT] Observed WRITE transaction to register regmodel.TBR: value='hacffa710 : updated value = 'h10
# UVM_INFO ./../tb/dut_scoreboard.sv(52) @ 1500061000: uvm_test_top.env.dut_sb [SCOREBOARD] 
# ===== Captured data from AHB: 0xacffa710
# UVM_INFO ./../tb/dut_scoreboard.sv(60) @ 1501156000: uvm_test_top.env.dut_sb [SCOREBOARD] 
# ===== Captured data from UART: 0x10
# UVM_INFO ./../tb/dut_scoreboard.sv(73) @ 1501156000: uvm_test_top.env.dut_sb [dut_scoreboard] 
# 
# =====[UART TXD] Data comparison =====
# 
# UVM_INFO ./../tb/dut_scoreboard.sv(81) @ 1501156000: uvm_test_top.env.dut_sb [dut_scoreboard] 
# =====[DATA FRAME: 7] PASSED SUCCESSFULLY!!! =====
# UVM_INFO ./../tb/dut_scoreboard.sv(84) @ 1501156000: uvm_test_top.env.dut_sb [dut_scoreboard] 
# 
# =====[UART TXD] Parity comparison =====
# 
# UVM_ERROR ./../tb/dut_scoreboard.sv(87) @ 1501156000: uvm_test_top.env.dut_sb [dut_scoreboard] 
# =====[PARITY MODE: 10] FAILED!!! Expected parity is 1, Actual parity is 0 =====
# UVM_INFO ./../testcases/uart_txd_x16_random.sv(35) @ 1510061000: uvm_test_top [uart_txd_x16_random] --------------------------------------------------------------
# Name                Type                Size  Value           
# --------------------------------------------------------------
# cfg                 uart_configuration  -     @360            
#   parity_mode       parity_mode_e       32    UART_PARITY_EVEN
#   sampling          sampling_mode_e     32    MODE_X16        
#   data_width        integral            32    'h7             
#   num_of_stop_bit   integral            32    'h2             
#   baud_rate         integral            32    'h9600          
#   baud_rate_enable  integral            1     'h0             
#   parity_enable     integral            1     'h0             
# --------------------------------------------------------------
# 
# UVM_INFO ./../regmodel/uart_reg2ahb_adapter.sv(42) @ 1510061000: reporter [uart_reg2ahb_adapter] bus2reg: address = 0x0 data = 0x0 kind = UVM_WRITE status = UVM_IS_OK
# UVM_INFO /ictc/other/tools/QuestaDVA/questasim/verilog_src/uvm-1.2/src/reg/uvm_reg_predictor.svh(221) @ 1510061000: uvm_test_top.env.ahb_predictor [REG_PREDICT] Observed WRITE transaction to register regmodel.MDR: value='h0 : updated value = 'h0
# UVM_INFO ./../regmodel/uart_reg2ahb_adapter.sv(42) @ 1510061000: reporter [uart_reg2ahb_adapter] bus2reg: address = 0x4 data = 0xa4 kind = UVM_WRITE status = UVM_IS_OK
# UVM_INFO /ictc/other/tools/QuestaDVA/questasim/verilog_src/uvm-1.2/src/reg/uvm_reg_predictor.svh(221) @ 1510061000: uvm_test_top.env.ahb_predictor [REG_PREDICT] Observed WRITE transaction to register regmodel.DLL: value='ha4 : updated value = 'ha4
# UVM_INFO ./../regmodel/uart_reg2ahb_adapter.sv(42) @ 1510061000: reporter [uart_reg2ahb_adapter] bus2reg: address = 0x8 data = 0x0 kind = UVM_WRITE status = UVM_IS_OK
# UVM_INFO /ictc/other/tools/QuestaDVA/questasim/verilog_src/uvm-1.2/src/reg/uvm_reg_predictor.svh(221) @ 1510061000: uvm_test_top.env.ahb_predictor [REG_PREDICT] Observed WRITE transaction to register regmodel.DLH: value='h0 : updated value = 'h0
# UVM_INFO ./../regmodel/uart_reg2ahb_adapter.sv(42) @ 1510061000: reporter [uart_reg2ahb_adapter] bus2reg: address = 0xc data = 0x3e kind = UVM_WRITE status = UVM_IS_OK
# UVM_INFO /ictc/other/tools/QuestaDVA/questasim/verilog_src/uvm-1.2/src/reg/uvm_reg_predictor.svh(221) @ 1510061000: uvm_test_top.env.ahb_predictor [REG_PREDICT] Observed WRITE transaction to register regmodel.LCR: value='h3e : updated value = 'h3e
# UVM_INFO ./../regmodel/uart_reg2ahb_adapter.sv(42) @ 1510061000: reporter [uart_reg2ahb_adapter] bus2reg: address = 0x18 data = 0x7ad26fa8 kind = UVM_WRITE status = UVM_IS_OK
# UVM_INFO /ictc/other/tools/QuestaDVA/questasim/verilog_src/uvm-1.2/src/reg/uvm_reg_predictor.svh(221) @ 1510061000: uvm_test_top.env.ahb_predictor [REG_PREDICT] Observed WRITE transaction to register regmodel.TBR: value='h7ad26fa8 : updated value = 'ha8
# UVM_INFO ./../tb/dut_scoreboard.sv(52) @ 1510061000: uvm_test_top.env.dut_sb [SCOREBOARD] 
# ===== Captured data from AHB: 0x7ad26fa8
# UVM_INFO ./../tb/dut_scoreboard.sv(60) @ 1510610000: uvm_test_top.env.dut_sb [SCOREBOARD] 
# ===== Captured data from UART: 0x28
# UVM_INFO ./../tb/dut_scoreboard.sv(73) @ 1510610000: uvm_test_top.env.dut_sb [dut_scoreboard] 
# 
# =====[UART TXD] Data comparison =====
# 
# UVM_INFO ./../tb/dut_scoreboard.sv(81) @ 1510610000: uvm_test_top.env.dut_sb [dut_scoreboard] 
# =====[DATA FRAME: 7] PASSED SUCCESSFULLY!!! =====
# UVM_INFO ./../tb/dut_scoreboard.sv(84) @ 1510610000: uvm_test_top.env.dut_sb [dut_scoreboard] 
# 
# =====[UART TXD] Parity comparison =====
# 
# UVM_INFO ./../tb/dut_scoreboard.sv(90) @ 1510610000: uvm_test_top.env.dut_sb [dut_scoreboard] 
# =====[PARITY MODE: 10] PASSED SUCCESSFULLY!!! =====
# UVM_INFO ./../testcases/uart_txd_x16_random.sv(35) @ 1520061000: uvm_test_top [uart_txd_x16_random] --------------------------------------------------------------
# Name                Type                Size  Value           
# --------------------------------------------------------------
# cfg                 uart_configuration  -     @360            
#   parity_mode       parity_mode_e       32    UART_PARITY_EVEN
#   sampling          sampling_mode_e     32    MODE_X16        
#   data_width        integral            32    'h7             
#   num_of_stop_bit   integral            32    'h2             
#   baud_rate         integral            32    'h12c00         
#   baud_rate_enable  integral            1     'h0             
#   parity_enable     integral            1     'h0             
# --------------------------------------------------------------
# 
# UVM_INFO ./../regmodel/uart_reg2ahb_adapter.sv(42) @ 1520061000: reporter [uart_reg2ahb_adapter] bus2reg: address = 0x0 data = 0x0 kind = UVM_WRITE status = UVM_IS_OK
# UVM_INFO /ictc/other/tools/QuestaDVA/questasim/verilog_src/uvm-1.2/src/reg/uvm_reg_predictor.svh(221) @ 1520061000: uvm_test_top.env.ahb_predictor [REG_PREDICT] Observed WRITE transaction to register regmodel.MDR: value='h0 : updated value = 'h0
# UVM_INFO ./../regmodel/uart_reg2ahb_adapter.sv(42) @ 1520061000: reporter [uart_reg2ahb_adapter] bus2reg: address = 0x4 data = 0x51 kind = UVM_WRITE status = UVM_IS_OK
# UVM_INFO /ictc/other/tools/QuestaDVA/questasim/verilog_src/uvm-1.2/src/reg/uvm_reg_predictor.svh(221) @ 1520061000: uvm_test_top.env.ahb_predictor [REG_PREDICT] Observed WRITE transaction to register regmodel.DLL: value='h51 : updated value = 'h51
# UVM_INFO ./../regmodel/uart_reg2ahb_adapter.sv(42) @ 1520061000: reporter [uart_reg2ahb_adapter] bus2reg: address = 0x8 data = 0x0 kind = UVM_WRITE status = UVM_IS_OK
# UVM_INFO /ictc/other/tools/QuestaDVA/questasim/verilog_src/uvm-1.2/src/reg/uvm_reg_predictor.svh(221) @ 1520061000: uvm_test_top.env.ahb_predictor [REG_PREDICT] Observed WRITE transaction to register regmodel.DLH: value='h0 : updated value = 'h0
# UVM_INFO ./../regmodel/uart_reg2ahb_adapter.sv(42) @ 1520061000: reporter [uart_reg2ahb_adapter] bus2reg: address = 0xc data = 0x3e kind = UVM_WRITE status = UVM_IS_OK
# UVM_INFO /ictc/other/tools/QuestaDVA/questasim/verilog_src/uvm-1.2/src/reg/uvm_reg_predictor.svh(221) @ 1520061000: uvm_test_top.env.ahb_predictor [REG_PREDICT] Observed WRITE transaction to register regmodel.LCR: value='h3e : updated value = 'h3e
# UVM_INFO ./../regmodel/uart_reg2ahb_adapter.sv(42) @ 1520061000: reporter [uart_reg2ahb_adapter] bus2reg: address = 0x18 data = 0xf6aeed36 kind = UVM_WRITE status = UVM_IS_OK
# UVM_INFO /ictc/other/tools/QuestaDVA/questasim/verilog_src/uvm-1.2/src/reg/uvm_reg_predictor.svh(221) @ 1520061000: uvm_test_top.env.ahb_predictor [REG_PREDICT] Observed WRITE transaction to register regmodel.TBR: value='hf6aeed36 : updated value = 'h36
# UVM_INFO ./../tb/dut_scoreboard.sv(52) @ 1520061000: uvm_test_top.env.dut_sb [SCOREBOARD] 
# ===== Captured data from AHB: 0xf6aeed36
# UVM_INFO ./../tb/dut_scoreboard.sv(60) @ 1521643000: uvm_test_top.env.dut_sb [SCOREBOARD] 
# ===== Captured data from UART: 0x36
# UVM_INFO ./../tb/dut_scoreboard.sv(73) @ 1521643000: uvm_test_top.env.dut_sb [dut_scoreboard] 
# 
# =====[UART TXD] Data comparison =====
# 
# UVM_INFO ./../tb/dut_scoreboard.sv(81) @ 1521643000: uvm_test_top.env.dut_sb [dut_scoreboard] 
# =====[DATA FRAME: 7] PASSED SUCCESSFULLY!!! =====
# UVM_INFO ./../tb/dut_scoreboard.sv(84) @ 1521643000: uvm_test_top.env.dut_sb [dut_scoreboard] 
# 
# =====[UART TXD] Parity comparison =====
# 
# UVM_ERROR ./../tb/dut_scoreboard.sv(87) @ 1521643000: uvm_test_top.env.dut_sb [dut_scoreboard] 
# =====[PARITY MODE: 10] FAILED!!! Expected parity is 0, Actual parity is 1 =====
# UVM_INFO ./../testcases/uart_txd_x16_random.sv(35) @ 1530061000: uvm_test_top [uart_txd_x16_random] --------------------------------------------------------------
# Name                Type                Size  Value           
# --------------------------------------------------------------
# cfg                 uart_configuration  -     @360            
#   parity_mode       parity_mode_e       32    UART_PARITY_EVEN
#   sampling          sampling_mode_e     32    MODE_X16        
#   data_width        integral            32    'h7             
#   num_of_stop_bit   integral            32    'h2             
#   baud_rate         integral            32    'h1c200         
#   baud_rate_enable  integral            1     'h0             
#   parity_enable     integral            1     'h0             
# --------------------------------------------------------------
# 
# UVM_INFO ./../regmodel/uart_reg2ahb_adapter.sv(42) @ 1530061000: reporter [uart_reg2ahb_adapter] bus2reg: address = 0x0 data = 0x0 kind = UVM_WRITE status = UVM_IS_OK
# UVM_INFO /ictc/other/tools/QuestaDVA/questasim/verilog_src/uvm-1.2/src/reg/uvm_reg_predictor.svh(221) @ 1530061000: uvm_test_top.env.ahb_predictor [REG_PREDICT] Observed WRITE transaction to register regmodel.MDR: value='h0 : updated value = 'h0
# UVM_INFO ./../regmodel/uart_reg2ahb_adapter.sv(42) @ 1530061000: reporter [uart_reg2ahb_adapter] bus2reg: address = 0x4 data = 0x36 kind = UVM_WRITE status = UVM_IS_OK
# UVM_INFO /ictc/other/tools/QuestaDVA/questasim/verilog_src/uvm-1.2/src/reg/uvm_reg_predictor.svh(221) @ 1530061000: uvm_test_top.env.ahb_predictor [REG_PREDICT] Observed WRITE transaction to register regmodel.DLL: value='h36 : updated value = 'h36
# UVM_INFO ./../regmodel/uart_reg2ahb_adapter.sv(42) @ 1530062000: reporter [uart_reg2ahb_adapter] bus2reg: address = 0x8 data = 0x0 kind = UVM_WRITE status = UVM_IS_OK
# UVM_INFO /ictc/other/tools/QuestaDVA/questasim/verilog_src/uvm-1.2/src/reg/uvm_reg_predictor.svh(221) @ 1530062000: uvm_test_top.env.ahb_predictor [REG_PREDICT] Observed WRITE transaction to register regmodel.DLH: value='h0 : updated value = 'h0
# UVM_INFO ./../regmodel/uart_reg2ahb_adapter.sv(42) @ 1530062000: reporter [uart_reg2ahb_adapter] bus2reg: address = 0xc data = 0x3e kind = UVM_WRITE status = UVM_IS_OK
# UVM_INFO /ictc/other/tools/QuestaDVA/questasim/verilog_src/uvm-1.2/src/reg/uvm_reg_predictor.svh(221) @ 1530062000: uvm_test_top.env.ahb_predictor [REG_PREDICT] Observed WRITE transaction to register regmodel.LCR: value='h3e : updated value = 'h3e
# UVM_INFO ./../regmodel/uart_reg2ahb_adapter.sv(42) @ 1530062000: reporter [uart_reg2ahb_adapter] bus2reg: address = 0x18 data = 0x28042b8b kind = UVM_WRITE status = UVM_IS_OK
# UVM_INFO /ictc/other/tools/QuestaDVA/questasim/verilog_src/uvm-1.2/src/reg/uvm_reg_predictor.svh(221) @ 1530062000: uvm_test_top.env.ahb_predictor [REG_PREDICT] Observed WRITE transaction to register regmodel.TBR: value='h28042b8b : updated value = 'h8b
# UVM_INFO ./../tb/dut_scoreboard.sv(52) @ 1530062000: uvm_test_top.env.dut_sb [SCOREBOARD] 
# ===== Captured data from AHB: 0x28042b8b
# UVM_INFO ./../tb/dut_scoreboard.sv(60) @ 1531550000: uvm_test_top.env.dut_sb [SCOREBOARD] 
# ===== Captured data from UART: 0xb
# UVM_INFO ./../tb/dut_scoreboard.sv(73) @ 1531550000: uvm_test_top.env.dut_sb [dut_scoreboard] 
# 
# =====[UART TXD] Data comparison =====
# 
# UVM_INFO ./../tb/dut_scoreboard.sv(81) @ 1531550000: uvm_test_top.env.dut_sb [dut_scoreboard] 
# =====[DATA FRAME: 7] PASSED SUCCESSFULLY!!! =====
# UVM_INFO ./../tb/dut_scoreboard.sv(84) @ 1531550000: uvm_test_top.env.dut_sb [dut_scoreboard] 
# 
# =====[UART TXD] Parity comparison =====
# 
# UVM_INFO ./../tb/dut_scoreboard.sv(90) @ 1531550000: uvm_test_top.env.dut_sb [dut_scoreboard] 
# =====[PARITY MODE: 10] PASSED SUCCESSFULLY!!! =====
# UVM_INFO ./../testcases/uart_txd_x16_random.sv(35) @ 1540062000: uvm_test_top [uart_txd_x16_random] --------------------------------------------------------------
# Name                Type                Size  Value           
# --------------------------------------------------------------
# cfg                 uart_configuration  -     @360            
#   parity_mode       parity_mode_e       32    UART_PARITY_EVEN
#   sampling          sampling_mode_e     32    MODE_X16        
#   data_width        integral            32    'h8             
#   num_of_stop_bit   integral            32    'h1             
#   baud_rate         integral            32    'h960           
#   baud_rate_enable  integral            1     'h0             
#   parity_enable     integral            1     'h0             
# --------------------------------------------------------------
# 
# UVM_INFO ./../regmodel/uart_reg2ahb_adapter.sv(42) @ 1540062000: reporter [uart_reg2ahb_adapter] bus2reg: address = 0x0 data = 0x0 kind = UVM_WRITE status = UVM_IS_OK
# UVM_INFO /ictc/other/tools/QuestaDVA/questasim/verilog_src/uvm-1.2/src/reg/uvm_reg_predictor.svh(221) @ 1540062000: uvm_test_top.env.ahb_predictor [REG_PREDICT] Observed WRITE transaction to register regmodel.MDR: value='h0 : updated value = 'h0
# UVM_INFO ./../regmodel/uart_reg2ahb_adapter.sv(42) @ 1540062000: reporter [uart_reg2ahb_adapter] bus2reg: address = 0x4 data = 0x2c kind = UVM_WRITE status = UVM_IS_OK
# UVM_INFO /ictc/other/tools/QuestaDVA/questasim/verilog_src/uvm-1.2/src/reg/uvm_reg_predictor.svh(221) @ 1540062000: uvm_test_top.env.ahb_predictor [REG_PREDICT] Observed WRITE transaction to register regmodel.DLL: value='h2c : updated value = 'h2c
# UVM_INFO ./../regmodel/uart_reg2ahb_adapter.sv(42) @ 1540062000: reporter [uart_reg2ahb_adapter] bus2reg: address = 0x8 data = 0xa kind = UVM_WRITE status = UVM_IS_OK
# UVM_INFO /ictc/other/tools/QuestaDVA/questasim/verilog_src/uvm-1.2/src/reg/uvm_reg_predictor.svh(221) @ 1540062000: uvm_test_top.env.ahb_predictor [REG_PREDICT] Observed WRITE transaction to register regmodel.DLH: value='ha : updated value = 'ha
# UVM_INFO ./../regmodel/uart_reg2ahb_adapter.sv(42) @ 1540062000: reporter [uart_reg2ahb_adapter] bus2reg: address = 0xc data = 0x3b kind = UVM_WRITE status = UVM_IS_OK
# UVM_INFO /ictc/other/tools/QuestaDVA/questasim/verilog_src/uvm-1.2/src/reg/uvm_reg_predictor.svh(221) @ 1540062000: uvm_test_top.env.ahb_predictor [REG_PREDICT] Observed WRITE transaction to register regmodel.LCR: value='h3b : updated value = 'h3b
# UVM_INFO ./../regmodel/uart_reg2ahb_adapter.sv(42) @ 1540062000: reporter [uart_reg2ahb_adapter] bus2reg: address = 0x18 data = 0xfcba68eb kind = UVM_WRITE status = UVM_IS_OK
# UVM_INFO /ictc/other/tools/QuestaDVA/questasim/verilog_src/uvm-1.2/src/reg/uvm_reg_predictor.svh(221) @ 1540062000: uvm_test_top.env.ahb_predictor [REG_PREDICT] Observed WRITE transaction to register regmodel.TBR: value='hfcba68eb : updated value = 'heb
# UVM_INFO ./../tb/dut_scoreboard.sv(52) @ 1540062000: uvm_test_top.env.dut_sb [SCOREBOARD] 
# ===== Captured data from AHB: 0xfcba68eb
# UVM_INFO ./../tb/dut_scoreboard.sv(60) @ 1548860000: uvm_test_top.env.dut_sb [SCOREBOARD] 
# ===== Captured data from UART: 0xeb
# UVM_INFO ./../tb/dut_scoreboard.sv(73) @ 1548860000: uvm_test_top.env.dut_sb [dut_scoreboard] 
# 
# =====[UART TXD] Data comparison =====
# 
# UVM_INFO ./../tb/dut_scoreboard.sv(81) @ 1548860000: uvm_test_top.env.dut_sb [dut_scoreboard] 
# =====[DATA FRAME: 8] PASSED SUCCESSFULLY!!! =====
# UVM_INFO ./../tb/dut_scoreboard.sv(84) @ 1548860000: uvm_test_top.env.dut_sb [dut_scoreboard] 
# 
# =====[UART TXD] Parity comparison =====
# 
# UVM_ERROR ./../tb/dut_scoreboard.sv(87) @ 1548860000: uvm_test_top.env.dut_sb [dut_scoreboard] 
# =====[PARITY MODE: 10] FAILED!!! Expected parity is 0, Actual parity is 1 =====
# UVM_INFO ./../testcases/uart_txd_x16_random.sv(35) @ 1550062000: uvm_test_top [uart_txd_x16_random] --------------------------------------------------------------
# Name                Type                Size  Value           
# --------------------------------------------------------------
# cfg                 uart_configuration  -     @360            
#   parity_mode       parity_mode_e       32    UART_PARITY_EVEN
#   sampling          sampling_mode_e     32    MODE_X16        
#   data_width        integral            32    'h8             
#   num_of_stop_bit   integral            32    'h1             
#   baud_rate         integral            32    'h12c0          
#   baud_rate_enable  integral            1     'h0             
#   parity_enable     integral            1     'h0             
# --------------------------------------------------------------
# 
# UVM_INFO ./../regmodel/uart_reg2ahb_adapter.sv(42) @ 1550062000: reporter [uart_reg2ahb_adapter] bus2reg: address = 0x0 data = 0x0 kind = UVM_WRITE status = UVM_IS_OK
# UVM_INFO /ictc/other/tools/QuestaDVA/questasim/verilog_src/uvm-1.2/src/reg/uvm_reg_predictor.svh(221) @ 1550062000: uvm_test_top.env.ahb_predictor [REG_PREDICT] Observed WRITE transaction to register regmodel.MDR: value='h0 : updated value = 'h0
# UVM_INFO ./../regmodel/uart_reg2ahb_adapter.sv(42) @ 1550062000: reporter [uart_reg2ahb_adapter] bus2reg: address = 0x4 data = 0x16 kind = UVM_WRITE status = UVM_IS_OK
# UVM_INFO /ictc/other/tools/QuestaDVA/questasim/verilog_src/uvm-1.2/src/reg/uvm_reg_predictor.svh(221) @ 1550062000: uvm_test_top.env.ahb_predictor [REG_PREDICT] Observed WRITE transaction to register regmodel.DLL: value='h16 : updated value = 'h16
# UVM_INFO ./../regmodel/uart_reg2ahb_adapter.sv(42) @ 1550062000: reporter [uart_reg2ahb_adapter] bus2reg: address = 0x8 data = 0x5 kind = UVM_WRITE status = UVM_IS_OK
# UVM_INFO /ictc/other/tools/QuestaDVA/questasim/verilog_src/uvm-1.2/src/reg/uvm_reg_predictor.svh(221) @ 1550062000: uvm_test_top.env.ahb_predictor [REG_PREDICT] Observed WRITE transaction to register regmodel.DLH: value='h5 : updated value = 'h5
# UVM_INFO ./../regmodel/uart_reg2ahb_adapter.sv(42) @ 1550062000: reporter [uart_reg2ahb_adapter] bus2reg: address = 0xc data = 0x3b kind = UVM_WRITE status = UVM_IS_OK
# UVM_INFO /ictc/other/tools/QuestaDVA/questasim/verilog_src/uvm-1.2/src/reg/uvm_reg_predictor.svh(221) @ 1550062000: uvm_test_top.env.ahb_predictor [REG_PREDICT] Observed WRITE transaction to register regmodel.LCR: value='h3b : updated value = 'h3b
# UVM_INFO ./../regmodel/uart_reg2ahb_adapter.sv(42) @ 1550063000: reporter [uart_reg2ahb_adapter] bus2reg: address = 0x18 data = 0xa6a57d48 kind = UVM_WRITE status = UVM_IS_OK
# UVM_INFO /ictc/other/tools/QuestaDVA/questasim/verilog_src/uvm-1.2/src/reg/uvm_reg_predictor.svh(221) @ 1550063000: uvm_test_top.env.ahb_predictor [REG_PREDICT] Observed WRITE transaction to register regmodel.TBR: value='ha6a57d48 : updated value = 'h48
# UVM_INFO ./../tb/dut_scoreboard.sv(52) @ 1550063000: uvm_test_top.env.dut_sb [SCOREBOARD] 
# ===== Captured data from AHB: 0xa6a57d48
# UVM_INFO ./../tb/dut_scoreboard.sv(60) @ 1554466000: uvm_test_top.env.dut_sb [SCOREBOARD] 
# ===== Captured data from UART: 0x48
# UVM_INFO ./../tb/dut_scoreboard.sv(73) @ 1554466000: uvm_test_top.env.dut_sb [dut_scoreboard] 
# 
# =====[UART TXD] Data comparison =====
# 
# UVM_INFO ./../tb/dut_scoreboard.sv(81) @ 1554466000: uvm_test_top.env.dut_sb [dut_scoreboard] 
# =====[DATA FRAME: 8] PASSED SUCCESSFULLY!!! =====
# UVM_INFO ./../tb/dut_scoreboard.sv(84) @ 1554466000: uvm_test_top.env.dut_sb [dut_scoreboard] 
# 
# =====[UART TXD] Parity comparison =====
# 
# UVM_ERROR ./../tb/dut_scoreboard.sv(87) @ 1554466000: uvm_test_top.env.dut_sb [dut_scoreboard] 
# =====[PARITY MODE: 10] FAILED!!! Expected parity is 0, Actual parity is 1 =====
# UVM_INFO ./../testcases/uart_txd_x16_random.sv(35) @ 1560063000: uvm_test_top [uart_txd_x16_random] --------------------------------------------------------------
# Name                Type                Size  Value           
# --------------------------------------------------------------
# cfg                 uart_configuration  -     @360            
#   parity_mode       parity_mode_e       32    UART_PARITY_EVEN
#   sampling          sampling_mode_e     32    MODE_X16        
#   data_width        integral            32    'h8             
#   num_of_stop_bit   integral            32    'h1             
#   baud_rate         integral            32    'h2580          
#   baud_rate_enable  integral            1     'h0             
#   parity_enable     integral            1     'h0             
# --------------------------------------------------------------
# 
# UVM_INFO ./../regmodel/uart_reg2ahb_adapter.sv(42) @ 1560063000: reporter [uart_reg2ahb_adapter] bus2reg: address = 0x0 data = 0x0 kind = UVM_WRITE status = UVM_IS_OK
# UVM_INFO /ictc/other/tools/QuestaDVA/questasim/verilog_src/uvm-1.2/src/reg/uvm_reg_predictor.svh(221) @ 1560063000: uvm_test_top.env.ahb_predictor [REG_PREDICT] Observed WRITE transaction to register regmodel.MDR: value='h0 : updated value = 'h0
# UVM_INFO ./../regmodel/uart_reg2ahb_adapter.sv(42) @ 1560063000: reporter [uart_reg2ahb_adapter] bus2reg: address = 0x4 data = 0x8b kind = UVM_WRITE status = UVM_IS_OK
# UVM_INFO /ictc/other/tools/QuestaDVA/questasim/verilog_src/uvm-1.2/src/reg/uvm_reg_predictor.svh(221) @ 1560063000: uvm_test_top.env.ahb_predictor [REG_PREDICT] Observed WRITE transaction to register regmodel.DLL: value='h8b : updated value = 'h8b
# UVM_INFO ./../regmodel/uart_reg2ahb_adapter.sv(42) @ 1560063000: reporter [uart_reg2ahb_adapter] bus2reg: address = 0x8 data = 0x2 kind = UVM_WRITE status = UVM_IS_OK
# UVM_INFO /ictc/other/tools/QuestaDVA/questasim/verilog_src/uvm-1.2/src/reg/uvm_reg_predictor.svh(221) @ 1560063000: uvm_test_top.env.ahb_predictor [REG_PREDICT] Observed WRITE transaction to register regmodel.DLH: value='h2 : updated value = 'h2
# UVM_INFO ./../regmodel/uart_reg2ahb_adapter.sv(42) @ 1560063000: reporter [uart_reg2ahb_adapter] bus2reg: address = 0xc data = 0x3b kind = UVM_WRITE status = UVM_IS_OK
# UVM_INFO /ictc/other/tools/QuestaDVA/questasim/verilog_src/uvm-1.2/src/reg/uvm_reg_predictor.svh(221) @ 1560063000: uvm_test_top.env.ahb_predictor [REG_PREDICT] Observed WRITE transaction to register regmodel.LCR: value='h3b : updated value = 'h3b
# UVM_INFO ./../regmodel/uart_reg2ahb_adapter.sv(42) @ 1560063000: reporter [uart_reg2ahb_adapter] bus2reg: address = 0x18 data = 0xa319cca2 kind = UVM_WRITE status = UVM_IS_OK
# UVM_INFO /ictc/other/tools/QuestaDVA/questasim/verilog_src/uvm-1.2/src/reg/uvm_reg_predictor.svh(221) @ 1560063000: uvm_test_top.env.ahb_predictor [REG_PREDICT] Observed WRITE transaction to register regmodel.TBR: value='ha319cca2 : updated value = 'ha2
# UVM_INFO ./../tb/dut_scoreboard.sv(52) @ 1560063000: uvm_test_top.env.dut_sb [SCOREBOARD] 
# ===== Captured data from AHB: 0xa319cca2
# UVM_INFO ./../tb/dut_scoreboard.sv(60) @ 1562257000: uvm_test_top.env.dut_sb [SCOREBOARD] 
# ===== Captured data from UART: 0xa2
# UVM_INFO ./../tb/dut_scoreboard.sv(73) @ 1562257000: uvm_test_top.env.dut_sb [dut_scoreboard] 
# 
# =====[UART TXD] Data comparison =====
# 
# UVM_INFO ./../tb/dut_scoreboard.sv(81) @ 1562257000: uvm_test_top.env.dut_sb [dut_scoreboard] 
# =====[DATA FRAME: 8] PASSED SUCCESSFULLY!!! =====
# UVM_INFO ./../tb/dut_scoreboard.sv(84) @ 1562257000: uvm_test_top.env.dut_sb [dut_scoreboard] 
# 
# =====[UART TXD] Parity comparison =====
# 
# UVM_ERROR ./../tb/dut_scoreboard.sv(87) @ 1562257000: uvm_test_top.env.dut_sb [dut_scoreboard] 
# =====[PARITY MODE: 10] FAILED!!! Expected parity is 1, Actual parity is 0 =====
# UVM_INFO ./../testcases/uart_txd_x16_random.sv(35) @ 1570063000: uvm_test_top [uart_txd_x16_random] --------------------------------------------------------------
# Name                Type                Size  Value           
# --------------------------------------------------------------
# cfg                 uart_configuration  -     @360            
#   parity_mode       parity_mode_e       32    UART_PARITY_EVEN
#   sampling          sampling_mode_e     32    MODE_X16        
#   data_width        integral            32    'h8             
#   num_of_stop_bit   integral            32    'h1             
#   baud_rate         integral            32    'h4b00          
#   baud_rate_enable  integral            1     'h0             
#   parity_enable     integral            1     'h0             
# --------------------------------------------------------------
# 
# UVM_INFO ./../regmodel/uart_reg2ahb_adapter.sv(42) @ 1570063000: reporter [uart_reg2ahb_adapter] bus2reg: address = 0x0 data = 0x0 kind = UVM_WRITE status = UVM_IS_OK
# UVM_INFO /ictc/other/tools/QuestaDVA/questasim/verilog_src/uvm-1.2/src/reg/uvm_reg_predictor.svh(221) @ 1570063000: uvm_test_top.env.ahb_predictor [REG_PREDICT] Observed WRITE transaction to register regmodel.MDR: value='h0 : updated value = 'h0
# UVM_INFO ./../regmodel/uart_reg2ahb_adapter.sv(42) @ 1570063000: reporter [uart_reg2ahb_adapter] bus2reg: address = 0x4 data = 0x45 kind = UVM_WRITE status = UVM_IS_OK
# UVM_INFO /ictc/other/tools/QuestaDVA/questasim/verilog_src/uvm-1.2/src/reg/uvm_reg_predictor.svh(221) @ 1570063000: uvm_test_top.env.ahb_predictor [REG_PREDICT] Observed WRITE transaction to register regmodel.DLL: value='h45 : updated value = 'h45
# UVM_INFO ./../regmodel/uart_reg2ahb_adapter.sv(42) @ 1570063000: reporter [uart_reg2ahb_adapter] bus2reg: address = 0x8 data = 0x1 kind = UVM_WRITE status = UVM_IS_OK
# UVM_INFO /ictc/other/tools/QuestaDVA/questasim/verilog_src/uvm-1.2/src/reg/uvm_reg_predictor.svh(221) @ 1570063000: uvm_test_top.env.ahb_predictor [REG_PREDICT] Observed WRITE transaction to register regmodel.DLH: value='h1 : updated value = 'h1
# UVM_INFO ./../regmodel/uart_reg2ahb_adapter.sv(42) @ 1570063000: reporter [uart_reg2ahb_adapter] bus2reg: address = 0xc data = 0x3b kind = UVM_WRITE status = UVM_IS_OK
# UVM_INFO /ictc/other/tools/QuestaDVA/questasim/verilog_src/uvm-1.2/src/reg/uvm_reg_predictor.svh(221) @ 1570063000: uvm_test_top.env.ahb_predictor [REG_PREDICT] Observed WRITE transaction to register regmodel.LCR: value='h3b : updated value = 'h3b
# UVM_INFO ./../regmodel/uart_reg2ahb_adapter.sv(42) @ 1570063000: reporter [uart_reg2ahb_adapter] bus2reg: address = 0x18 data = 0x70c195f6 kind = UVM_WRITE status = UVM_IS_OK
# UVM_INFO /ictc/other/tools/QuestaDVA/questasim/verilog_src/uvm-1.2/src/reg/uvm_reg_predictor.svh(221) @ 1570063000: uvm_test_top.env.ahb_predictor [REG_PREDICT] Observed WRITE transaction to register regmodel.TBR: value='h70c195f6 : updated value = 'hf6
# UVM_INFO ./../tb/dut_scoreboard.sv(52) @ 1570063000: uvm_test_top.env.dut_sb [SCOREBOARD] 
# ===== Captured data from AHB: 0x70c195f6
# UVM_INFO ./../tb/dut_scoreboard.sv(60) @ 1571158000: uvm_test_top.env.dut_sb [SCOREBOARD] 
# ===== Captured data from UART: 0xf6
# UVM_INFO ./../tb/dut_scoreboard.sv(73) @ 1571158000: uvm_test_top.env.dut_sb [dut_scoreboard] 
# 
# =====[UART TXD] Data comparison =====
# 
# UVM_INFO ./../tb/dut_scoreboard.sv(81) @ 1571158000: uvm_test_top.env.dut_sb [dut_scoreboard] 
# =====[DATA FRAME: 8] PASSED SUCCESSFULLY!!! =====
# UVM_INFO ./../tb/dut_scoreboard.sv(84) @ 1571158000: uvm_test_top.env.dut_sb [dut_scoreboard] 
# 
# =====[UART TXD] Parity comparison =====
# 
# UVM_ERROR ./../tb/dut_scoreboard.sv(87) @ 1571158000: uvm_test_top.env.dut_sb [dut_scoreboard] 
# =====[PARITY MODE: 10] FAILED!!! Expected parity is 0, Actual parity is 1 =====
# UVM_INFO ./../testcases/uart_txd_x16_random.sv(35) @ 1580063000: uvm_test_top [uart_txd_x16_random] --------------------------------------------------------------
# Name                Type                Size  Value           
# --------------------------------------------------------------
# cfg                 uart_configuration  -     @360            
#   parity_mode       parity_mode_e       32    UART_PARITY_EVEN
#   sampling          sampling_mode_e     32    MODE_X16        
#   data_width        integral            32    'h8             
#   num_of_stop_bit   integral            32    'h1             
#   baud_rate         integral            32    'h9600          
#   baud_rate_enable  integral            1     'h0             
#   parity_enable     integral            1     'h0             
# --------------------------------------------------------------
# 
# UVM_INFO ./../regmodel/uart_reg2ahb_adapter.sv(42) @ 1580063000: reporter [uart_reg2ahb_adapter] bus2reg: address = 0x0 data = 0x0 kind = UVM_WRITE status = UVM_IS_OK
# UVM_INFO /ictc/other/tools/QuestaDVA/questasim/verilog_src/uvm-1.2/src/reg/uvm_reg_predictor.svh(221) @ 1580063000: uvm_test_top.env.ahb_predictor [REG_PREDICT] Observed WRITE transaction to register regmodel.MDR: value='h0 : updated value = 'h0
# UVM_INFO ./../regmodel/uart_reg2ahb_adapter.sv(42) @ 1580063000: reporter [uart_reg2ahb_adapter] bus2reg: address = 0x4 data = 0xa4 kind = UVM_WRITE status = UVM_IS_OK
# UVM_INFO /ictc/other/tools/QuestaDVA/questasim/verilog_src/uvm-1.2/src/reg/uvm_reg_predictor.svh(221) @ 1580063000: uvm_test_top.env.ahb_predictor [REG_PREDICT] Observed WRITE transaction to register regmodel.DLL: value='ha4 : updated value = 'ha4
# UVM_INFO ./../regmodel/uart_reg2ahb_adapter.sv(42) @ 1580064000: reporter [uart_reg2ahb_adapter] bus2reg: address = 0x8 data = 0x0 kind = UVM_WRITE status = UVM_IS_OK
# UVM_INFO /ictc/other/tools/QuestaDVA/questasim/verilog_src/uvm-1.2/src/reg/uvm_reg_predictor.svh(221) @ 1580064000: uvm_test_top.env.ahb_predictor [REG_PREDICT] Observed WRITE transaction to register regmodel.DLH: value='h0 : updated value = 'h0
# UVM_INFO ./../regmodel/uart_reg2ahb_adapter.sv(42) @ 1580064000: reporter [uart_reg2ahb_adapter] bus2reg: address = 0xc data = 0x3b kind = UVM_WRITE status = UVM_IS_OK
# UVM_INFO /ictc/other/tools/QuestaDVA/questasim/verilog_src/uvm-1.2/src/reg/uvm_reg_predictor.svh(221) @ 1580064000: uvm_test_top.env.ahb_predictor [REG_PREDICT] Observed WRITE transaction to register regmodel.LCR: value='h3b : updated value = 'h3b
# UVM_INFO ./../regmodel/uart_reg2ahb_adapter.sv(42) @ 1580064000: reporter [uart_reg2ahb_adapter] bus2reg: address = 0x18 data = 0x3daca02d kind = UVM_WRITE status = UVM_IS_OK
# UVM_INFO /ictc/other/tools/QuestaDVA/questasim/verilog_src/uvm-1.2/src/reg/uvm_reg_predictor.svh(221) @ 1580064000: uvm_test_top.env.ahb_predictor [REG_PREDICT] Observed WRITE transaction to register regmodel.TBR: value='h3daca02d : updated value = 'h2d
# UVM_INFO ./../tb/dut_scoreboard.sv(52) @ 1580064000: uvm_test_top.env.dut_sb [SCOREBOARD] 
# ===== Captured data from AHB: 0x3daca02d
# UVM_INFO ./../tb/dut_scoreboard.sv(60) @ 1580612000: uvm_test_top.env.dut_sb [SCOREBOARD] 
# ===== Captured data from UART: 0x2d
# UVM_INFO ./../tb/dut_scoreboard.sv(73) @ 1580612000: uvm_test_top.env.dut_sb [dut_scoreboard] 
# 
# =====[UART TXD] Data comparison =====
# 
# UVM_INFO ./../tb/dut_scoreboard.sv(81) @ 1580612000: uvm_test_top.env.dut_sb [dut_scoreboard] 
# =====[DATA FRAME: 8] PASSED SUCCESSFULLY!!! =====
# UVM_INFO ./../tb/dut_scoreboard.sv(84) @ 1580612000: uvm_test_top.env.dut_sb [dut_scoreboard] 
# 
# =====[UART TXD] Parity comparison =====
# 
# UVM_ERROR ./../tb/dut_scoreboard.sv(87) @ 1580612000: uvm_test_top.env.dut_sb [dut_scoreboard] 
# =====[PARITY MODE: 10] FAILED!!! Expected parity is 0, Actual parity is 1 =====
# UVM_INFO ./../testcases/uart_txd_x16_random.sv(35) @ 1590064000: uvm_test_top [uart_txd_x16_random] --------------------------------------------------------------
# Name                Type                Size  Value           
# --------------------------------------------------------------
# cfg                 uart_configuration  -     @360            
#   parity_mode       parity_mode_e       32    UART_PARITY_EVEN
#   sampling          sampling_mode_e     32    MODE_X16        
#   data_width        integral            32    'h8             
#   num_of_stop_bit   integral            32    'h1             
#   baud_rate         integral            32    'h12c00         
#   baud_rate_enable  integral            1     'h0             
#   parity_enable     integral            1     'h0             
# --------------------------------------------------------------
# 
# UVM_INFO ./../regmodel/uart_reg2ahb_adapter.sv(42) @ 1590064000: reporter [uart_reg2ahb_adapter] bus2reg: address = 0x0 data = 0x0 kind = UVM_WRITE status = UVM_IS_OK
# UVM_INFO /ictc/other/tools/QuestaDVA/questasim/verilog_src/uvm-1.2/src/reg/uvm_reg_predictor.svh(221) @ 1590064000: uvm_test_top.env.ahb_predictor [REG_PREDICT] Observed WRITE transaction to register regmodel.MDR: value='h0 : updated value = 'h0
# UVM_INFO ./../regmodel/uart_reg2ahb_adapter.sv(42) @ 1590064000: reporter [uart_reg2ahb_adapter] bus2reg: address = 0x4 data = 0x51 kind = UVM_WRITE status = UVM_IS_OK
# UVM_INFO /ictc/other/tools/QuestaDVA/questasim/verilog_src/uvm-1.2/src/reg/uvm_reg_predictor.svh(221) @ 1590064000: uvm_test_top.env.ahb_predictor [REG_PREDICT] Observed WRITE transaction to register regmodel.DLL: value='h51 : updated value = 'h51
# UVM_INFO ./../regmodel/uart_reg2ahb_adapter.sv(42) @ 1590064000: reporter [uart_reg2ahb_adapter] bus2reg: address = 0x8 data = 0x0 kind = UVM_WRITE status = UVM_IS_OK
# UVM_INFO /ictc/other/tools/QuestaDVA/questasim/verilog_src/uvm-1.2/src/reg/uvm_reg_predictor.svh(221) @ 1590064000: uvm_test_top.env.ahb_predictor [REG_PREDICT] Observed WRITE transaction to register regmodel.DLH: value='h0 : updated value = 'h0
# UVM_INFO ./../regmodel/uart_reg2ahb_adapter.sv(42) @ 1590064000: reporter [uart_reg2ahb_adapter] bus2reg: address = 0xc data = 0x3b kind = UVM_WRITE status = UVM_IS_OK
# UVM_INFO /ictc/other/tools/QuestaDVA/questasim/verilog_src/uvm-1.2/src/reg/uvm_reg_predictor.svh(221) @ 1590064000: uvm_test_top.env.ahb_predictor [REG_PREDICT] Observed WRITE transaction to register regmodel.LCR: value='h3b : updated value = 'h3b
# UVM_INFO ./../regmodel/uart_reg2ahb_adapter.sv(42) @ 1590064000: reporter [uart_reg2ahb_adapter] bus2reg: address = 0x18 data = 0x292eba10 kind = UVM_WRITE status = UVM_IS_OK
# UVM_INFO /ictc/other/tools/QuestaDVA/questasim/verilog_src/uvm-1.2/src/reg/uvm_reg_predictor.svh(221) @ 1590064000: uvm_test_top.env.ahb_predictor [REG_PREDICT] Observed WRITE transaction to register regmodel.TBR: value='h292eba10 : updated value = 'h10
# UVM_INFO ./../tb/dut_scoreboard.sv(52) @ 1590064000: uvm_test_top.env.dut_sb [SCOREBOARD] 
# ===== Captured data from AHB: 0x292eba10
# UVM_INFO ./../tb/dut_scoreboard.sv(60) @ 1590339000: uvm_test_top.env.dut_sb [SCOREBOARD] 
# ===== Captured data from UART: 0x10
# UVM_INFO ./../tb/dut_scoreboard.sv(73) @ 1590339000: uvm_test_top.env.dut_sb [dut_scoreboard] 
# 
# =====[UART TXD] Data comparison =====
# 
# UVM_INFO ./../tb/dut_scoreboard.sv(81) @ 1590339000: uvm_test_top.env.dut_sb [dut_scoreboard] 
# =====[DATA FRAME: 8] PASSED SUCCESSFULLY!!! =====
# UVM_INFO ./../tb/dut_scoreboard.sv(84) @ 1590339000: uvm_test_top.env.dut_sb [dut_scoreboard] 
# 
# =====[UART TXD] Parity comparison =====
# 
# UVM_ERROR ./../tb/dut_scoreboard.sv(87) @ 1590339000: uvm_test_top.env.dut_sb [dut_scoreboard] 
# =====[PARITY MODE: 10] FAILED!!! Expected parity is 1, Actual parity is 0 =====
# UVM_INFO ./../testcases/uart_txd_x16_random.sv(35) @ 1600064000: uvm_test_top [uart_txd_x16_random] --------------------------------------------------------------
# Name                Type                Size  Value           
# --------------------------------------------------------------
# cfg                 uart_configuration  -     @360            
#   parity_mode       parity_mode_e       32    UART_PARITY_EVEN
#   sampling          sampling_mode_e     32    MODE_X16        
#   data_width        integral            32    'h8             
#   num_of_stop_bit   integral            32    'h1             
#   baud_rate         integral            32    'h1c200         
#   baud_rate_enable  integral            1     'h0             
#   parity_enable     integral            1     'h0             
# --------------------------------------------------------------
# 
# UVM_INFO ./../regmodel/uart_reg2ahb_adapter.sv(42) @ 1600064000: reporter [uart_reg2ahb_adapter] bus2reg: address = 0x0 data = 0x0 kind = UVM_WRITE status = UVM_IS_OK
# UVM_INFO /ictc/other/tools/QuestaDVA/questasim/verilog_src/uvm-1.2/src/reg/uvm_reg_predictor.svh(221) @ 1600064000: uvm_test_top.env.ahb_predictor [REG_PREDICT] Observed WRITE transaction to register regmodel.MDR: value='h0 : updated value = 'h0
# UVM_INFO ./../regmodel/uart_reg2ahb_adapter.sv(42) @ 1600064000: reporter [uart_reg2ahb_adapter] bus2reg: address = 0x4 data = 0x36 kind = UVM_WRITE status = UVM_IS_OK
# UVM_INFO /ictc/other/tools/QuestaDVA/questasim/verilog_src/uvm-1.2/src/reg/uvm_reg_predictor.svh(221) @ 1600064000: uvm_test_top.env.ahb_predictor [REG_PREDICT] Observed WRITE transaction to register regmodel.DLL: value='h36 : updated value = 'h36
# UVM_INFO ./../regmodel/uart_reg2ahb_adapter.sv(42) @ 1600064000: reporter [uart_reg2ahb_adapter] bus2reg: address = 0x8 data = 0x0 kind = UVM_WRITE status = UVM_IS_OK
# UVM_INFO /ictc/other/tools/QuestaDVA/questasim/verilog_src/uvm-1.2/src/reg/uvm_reg_predictor.svh(221) @ 1600064000: uvm_test_top.env.ahb_predictor [REG_PREDICT] Observed WRITE transaction to register regmodel.DLH: value='h0 : updated value = 'h0
# UVM_INFO ./../regmodel/uart_reg2ahb_adapter.sv(42) @ 1600064000: reporter [uart_reg2ahb_adapter] bus2reg: address = 0xc data = 0x3b kind = UVM_WRITE status = UVM_IS_OK
# UVM_INFO /ictc/other/tools/QuestaDVA/questasim/verilog_src/uvm-1.2/src/reg/uvm_reg_predictor.svh(221) @ 1600064000: uvm_test_top.env.ahb_predictor [REG_PREDICT] Observed WRITE transaction to register regmodel.LCR: value='h3b : updated value = 'h3b
# UVM_INFO ./../regmodel/uart_reg2ahb_adapter.sv(42) @ 1600065000: reporter [uart_reg2ahb_adapter] bus2reg: address = 0x18 data = 0x8407710 kind = UVM_WRITE status = UVM_IS_OK
# UVM_INFO /ictc/other/tools/QuestaDVA/questasim/verilog_src/uvm-1.2/src/reg/uvm_reg_predictor.svh(221) @ 1600065000: uvm_test_top.env.ahb_predictor [REG_PREDICT] Observed WRITE transaction to register regmodel.TBR: value='h8407710 : updated value = 'h10
# UVM_INFO ./../tb/dut_scoreboard.sv(52) @ 1600065000: uvm_test_top.env.dut_sb [SCOREBOARD] 
# ===== Captured data from AHB: 0x8407710
# UVM_INFO ./../tb/dut_scoreboard.sv(60) @ 1600244000: uvm_test_top.env.dut_sb [SCOREBOARD] 
# ===== Captured data from UART: 0x10
# UVM_INFO ./../tb/dut_scoreboard.sv(73) @ 1600244000: uvm_test_top.env.dut_sb [dut_scoreboard] 
# 
# =====[UART TXD] Data comparison =====
# 
# UVM_INFO ./../tb/dut_scoreboard.sv(81) @ 1600244000: uvm_test_top.env.dut_sb [dut_scoreboard] 
# =====[DATA FRAME: 8] PASSED SUCCESSFULLY!!! =====
# UVM_INFO ./../tb/dut_scoreboard.sv(84) @ 1600244000: uvm_test_top.env.dut_sb [dut_scoreboard] 
# 
# =====[UART TXD] Parity comparison =====
# 
# UVM_ERROR ./../tb/dut_scoreboard.sv(87) @ 1600244000: uvm_test_top.env.dut_sb [dut_scoreboard] 
# =====[PARITY MODE: 10] FAILED!!! Expected parity is 1, Actual parity is 0 =====
# UVM_INFO ./../testcases/uart_txd_x16_random.sv(35) @ 1610065000: uvm_test_top [uart_txd_x16_random] --------------------------------------------------------------
# Name                Type                Size  Value           
# --------------------------------------------------------------
# cfg                 uart_configuration  -     @360            
#   parity_mode       parity_mode_e       32    UART_PARITY_EVEN
#   sampling          sampling_mode_e     32    MODE_X16        
#   data_width        integral            32    'h8             
#   num_of_stop_bit   integral            32    'h2             
#   baud_rate         integral            32    'h960           
#   baud_rate_enable  integral            1     'h0             
#   parity_enable     integral            1     'h0             
# --------------------------------------------------------------
# 
# UVM_INFO ./../regmodel/uart_reg2ahb_adapter.sv(42) @ 1610065000: reporter [uart_reg2ahb_adapter] bus2reg: address = 0x0 data = 0x0 kind = UVM_WRITE status = UVM_IS_OK
# UVM_INFO /ictc/other/tools/QuestaDVA/questasim/verilog_src/uvm-1.2/src/reg/uvm_reg_predictor.svh(221) @ 1610065000: uvm_test_top.env.ahb_predictor [REG_PREDICT] Observed WRITE transaction to register regmodel.MDR: value='h0 : updated value = 'h0
# UVM_INFO ./../regmodel/uart_reg2ahb_adapter.sv(42) @ 1610065000: reporter [uart_reg2ahb_adapter] bus2reg: address = 0x4 data = 0x2c kind = UVM_WRITE status = UVM_IS_OK
# UVM_INFO /ictc/other/tools/QuestaDVA/questasim/verilog_src/uvm-1.2/src/reg/uvm_reg_predictor.svh(221) @ 1610065000: uvm_test_top.env.ahb_predictor [REG_PREDICT] Observed WRITE transaction to register regmodel.DLL: value='h2c : updated value = 'h2c
# UVM_INFO ./../regmodel/uart_reg2ahb_adapter.sv(42) @ 1610065000: reporter [uart_reg2ahb_adapter] bus2reg: address = 0x8 data = 0xa kind = UVM_WRITE status = UVM_IS_OK
# UVM_INFO /ictc/other/tools/QuestaDVA/questasim/verilog_src/uvm-1.2/src/reg/uvm_reg_predictor.svh(221) @ 1610065000: uvm_test_top.env.ahb_predictor [REG_PREDICT] Observed WRITE transaction to register regmodel.DLH: value='ha : updated value = 'ha
# UVM_INFO ./../regmodel/uart_reg2ahb_adapter.sv(42) @ 1610065000: reporter [uart_reg2ahb_adapter] bus2reg: address = 0xc data = 0x3f kind = UVM_WRITE status = UVM_IS_OK
# UVM_INFO /ictc/other/tools/QuestaDVA/questasim/verilog_src/uvm-1.2/src/reg/uvm_reg_predictor.svh(221) @ 1610065000: uvm_test_top.env.ahb_predictor [REG_PREDICT] Observed WRITE transaction to register regmodel.LCR: value='h3f : updated value = 'h3f
# UVM_INFO ./../regmodel/uart_reg2ahb_adapter.sv(42) @ 1610065000: reporter [uart_reg2ahb_adapter] bus2reg: address = 0x18 data = 0x51393ef5 kind = UVM_WRITE status = UVM_IS_OK
# UVM_INFO /ictc/other/tools/QuestaDVA/questasim/verilog_src/uvm-1.2/src/reg/uvm_reg_predictor.svh(221) @ 1610065000: uvm_test_top.env.ahb_predictor [REG_PREDICT] Observed WRITE transaction to register regmodel.TBR: value='h51393ef5 : updated value = 'hf5
# UVM_INFO ./../tb/dut_scoreboard.sv(52) @ 1610065000: uvm_test_top.env.dut_sb [SCOREBOARD] 
# ===== Captured data from AHB: 0x51393ef5
# UVM_INFO ./../tb/dut_scoreboard.sv(60) @ 1619696000: uvm_test_top.env.dut_sb [SCOREBOARD] 
# ===== Captured data from UART: 0xf5
# UVM_INFO ./../tb/dut_scoreboard.sv(73) @ 1619696000: uvm_test_top.env.dut_sb [dut_scoreboard] 
# 
# =====[UART TXD] Data comparison =====
# 
# UVM_INFO ./../tb/dut_scoreboard.sv(81) @ 1619696000: uvm_test_top.env.dut_sb [dut_scoreboard] 
# =====[DATA FRAME: 8] PASSED SUCCESSFULLY!!! =====
# UVM_INFO ./../tb/dut_scoreboard.sv(84) @ 1619696000: uvm_test_top.env.dut_sb [dut_scoreboard] 
# 
# =====[UART TXD] Parity comparison =====
# 
# UVM_ERROR ./../tb/dut_scoreboard.sv(87) @ 1619696000: uvm_test_top.env.dut_sb [dut_scoreboard] 
# =====[PARITY MODE: 10] FAILED!!! Expected parity is 0, Actual parity is 1 =====
# UVM_INFO ./../testcases/uart_txd_x16_random.sv(35) @ 1620065000: uvm_test_top [uart_txd_x16_random] --------------------------------------------------------------
# Name                Type                Size  Value           
# --------------------------------------------------------------
# cfg                 uart_configuration  -     @360            
#   parity_mode       parity_mode_e       32    UART_PARITY_EVEN
#   sampling          sampling_mode_e     32    MODE_X16        
#   data_width        integral            32    'h8             
#   num_of_stop_bit   integral            32    'h2             
#   baud_rate         integral            32    'h12c0          
#   baud_rate_enable  integral            1     'h0             
#   parity_enable     integral            1     'h0             
# --------------------------------------------------------------
# 
# UVM_INFO ./../regmodel/uart_reg2ahb_adapter.sv(42) @ 1620065000: reporter [uart_reg2ahb_adapter] bus2reg: address = 0x0 data = 0x0 kind = UVM_WRITE status = UVM_IS_OK
# UVM_INFO /ictc/other/tools/QuestaDVA/questasim/verilog_src/uvm-1.2/src/reg/uvm_reg_predictor.svh(221) @ 1620065000: uvm_test_top.env.ahb_predictor [REG_PREDICT] Observed WRITE transaction to register regmodel.MDR: value='h0 : updated value = 'h0
# UVM_INFO ./../regmodel/uart_reg2ahb_adapter.sv(42) @ 1620065000: reporter [uart_reg2ahb_adapter] bus2reg: address = 0x4 data = 0x16 kind = UVM_WRITE status = UVM_IS_OK
# UVM_INFO /ictc/other/tools/QuestaDVA/questasim/verilog_src/uvm-1.2/src/reg/uvm_reg_predictor.svh(221) @ 1620065000: uvm_test_top.env.ahb_predictor [REG_PREDICT] Observed WRITE transaction to register regmodel.DLL: value='h16 : updated value = 'h16
# UVM_INFO ./../regmodel/uart_reg2ahb_adapter.sv(42) @ 1620065000: reporter [uart_reg2ahb_adapter] bus2reg: address = 0x8 data = 0x5 kind = UVM_WRITE status = UVM_IS_OK
# UVM_INFO /ictc/other/tools/QuestaDVA/questasim/verilog_src/uvm-1.2/src/reg/uvm_reg_predictor.svh(221) @ 1620065000: uvm_test_top.env.ahb_predictor [REG_PREDICT] Observed WRITE transaction to register regmodel.DLH: value='h5 : updated value = 'h5
# UVM_INFO ./../regmodel/uart_reg2ahb_adapter.sv(42) @ 1620065000: reporter [uart_reg2ahb_adapter] bus2reg: address = 0xc data = 0x3f kind = UVM_WRITE status = UVM_IS_OK
# UVM_INFO /ictc/other/tools/QuestaDVA/questasim/verilog_src/uvm-1.2/src/reg/uvm_reg_predictor.svh(221) @ 1620065000: uvm_test_top.env.ahb_predictor [REG_PREDICT] Observed WRITE transaction to register regmodel.LCR: value='h3f : updated value = 'h3f
# UVM_INFO ./../regmodel/uart_reg2ahb_adapter.sv(42) @ 1620065000: reporter [uart_reg2ahb_adapter] bus2reg: address = 0x18 data = 0x3dea8601 kind = UVM_WRITE status = UVM_IS_OK
# UVM_INFO /ictc/other/tools/QuestaDVA/questasim/verilog_src/uvm-1.2/src/reg/uvm_reg_predictor.svh(221) @ 1620065000: uvm_test_top.env.ahb_predictor [REG_PREDICT] Observed WRITE transaction to register regmodel.TBR: value='h3dea8601 : updated value = 'h1
# UVM_INFO ./../tb/dut_scoreboard.sv(52) @ 1620065000: uvm_test_top.env.dut_sb [SCOREBOARD] 
# ===== Captured data from AHB: 0x3dea8601
# UVM_INFO ./../tb/dut_scoreboard.sv(60) @ 1624886000: uvm_test_top.env.dut_sb [SCOREBOARD] 
# ===== Captured data from UART: 0x1
# UVM_INFO ./../tb/dut_scoreboard.sv(73) @ 1624886000: uvm_test_top.env.dut_sb [dut_scoreboard] 
# 
# =====[UART TXD] Data comparison =====
# 
# UVM_INFO ./../tb/dut_scoreboard.sv(81) @ 1624886000: uvm_test_top.env.dut_sb [dut_scoreboard] 
# =====[DATA FRAME: 8] PASSED SUCCESSFULLY!!! =====
# UVM_INFO ./../tb/dut_scoreboard.sv(84) @ 1624886000: uvm_test_top.env.dut_sb [dut_scoreboard] 
# 
# =====[UART TXD] Parity comparison =====
# 
# UVM_ERROR ./../tb/dut_scoreboard.sv(87) @ 1624886000: uvm_test_top.env.dut_sb [dut_scoreboard] 
# =====[PARITY MODE: 10] FAILED!!! Expected parity is 1, Actual parity is 0 =====
# UVM_INFO ./../testcases/uart_txd_x16_random.sv(35) @ 1630065000: uvm_test_top [uart_txd_x16_random] --------------------------------------------------------------
# Name                Type                Size  Value           
# --------------------------------------------------------------
# cfg                 uart_configuration  -     @360            
#   parity_mode       parity_mode_e       32    UART_PARITY_EVEN
#   sampling          sampling_mode_e     32    MODE_X16        
#   data_width        integral            32    'h8             
#   num_of_stop_bit   integral            32    'h2             
#   baud_rate         integral            32    'h2580          
#   baud_rate_enable  integral            1     'h0             
#   parity_enable     integral            1     'h0             
# --------------------------------------------------------------
# 
# UVM_INFO ./../regmodel/uart_reg2ahb_adapter.sv(42) @ 1630065000: reporter [uart_reg2ahb_adapter] bus2reg: address = 0x0 data = 0x0 kind = UVM_WRITE status = UVM_IS_OK
# UVM_INFO /ictc/other/tools/QuestaDVA/questasim/verilog_src/uvm-1.2/src/reg/uvm_reg_predictor.svh(221) @ 1630065000: uvm_test_top.env.ahb_predictor [REG_PREDICT] Observed WRITE transaction to register regmodel.MDR: value='h0 : updated value = 'h0
# UVM_INFO ./../regmodel/uart_reg2ahb_adapter.sv(42) @ 1630065000: reporter [uart_reg2ahb_adapter] bus2reg: address = 0x4 data = 0x8b kind = UVM_WRITE status = UVM_IS_OK
# UVM_INFO /ictc/other/tools/QuestaDVA/questasim/verilog_src/uvm-1.2/src/reg/uvm_reg_predictor.svh(221) @ 1630065000: uvm_test_top.env.ahb_predictor [REG_PREDICT] Observed WRITE transaction to register regmodel.DLL: value='h8b : updated value = 'h8b
# UVM_INFO ./../regmodel/uart_reg2ahb_adapter.sv(42) @ 1630066000: reporter [uart_reg2ahb_adapter] bus2reg: address = 0x8 data = 0x2 kind = UVM_WRITE status = UVM_IS_OK
# UVM_INFO /ictc/other/tools/QuestaDVA/questasim/verilog_src/uvm-1.2/src/reg/uvm_reg_predictor.svh(221) @ 1630066000: uvm_test_top.env.ahb_predictor [REG_PREDICT] Observed WRITE transaction to register regmodel.DLH: value='h2 : updated value = 'h2
# UVM_INFO ./../regmodel/uart_reg2ahb_adapter.sv(42) @ 1630066000: reporter [uart_reg2ahb_adapter] bus2reg: address = 0xc data = 0x3f kind = UVM_WRITE status = UVM_IS_OK
# UVM_INFO /ictc/other/tools/QuestaDVA/questasim/verilog_src/uvm-1.2/src/reg/uvm_reg_predictor.svh(221) @ 1630066000: uvm_test_top.env.ahb_predictor [REG_PREDICT] Observed WRITE transaction to register regmodel.LCR: value='h3f : updated value = 'h3f
# UVM_INFO ./../regmodel/uart_reg2ahb_adapter.sv(42) @ 1630066000: reporter [uart_reg2ahb_adapter] bus2reg: address = 0x18 data = 0x80008791 kind = UVM_WRITE status = UVM_IS_OK
# UVM_INFO /ictc/other/tools/QuestaDVA/questasim/verilog_src/uvm-1.2/src/reg/uvm_reg_predictor.svh(221) @ 1630066000: uvm_test_top.env.ahb_predictor [REG_PREDICT] Observed WRITE transaction to register regmodel.TBR: value='h80008791 : updated value = 'h91
# UVM_INFO ./../tb/dut_scoreboard.sv(52) @ 1630066000: uvm_test_top.env.dut_sb [SCOREBOARD] 
# ===== Captured data from AHB: 0x80008791
# UVM_INFO ./../tb/dut_scoreboard.sv(60) @ 1632469000: uvm_test_top.env.dut_sb [SCOREBOARD] 
# ===== Captured data from UART: 0x91
# UVM_INFO ./../tb/dut_scoreboard.sv(73) @ 1632469000: uvm_test_top.env.dut_sb [dut_scoreboard] 
# 
# =====[UART TXD] Data comparison =====
# 
# UVM_INFO ./../tb/dut_scoreboard.sv(81) @ 1632469000: uvm_test_top.env.dut_sb [dut_scoreboard] 
# =====[DATA FRAME: 8] PASSED SUCCESSFULLY!!! =====
# UVM_INFO ./../tb/dut_scoreboard.sv(84) @ 1632469000: uvm_test_top.env.dut_sb [dut_scoreboard] 
# 
# =====[UART TXD] Parity comparison =====
# 
# UVM_ERROR ./../tb/dut_scoreboard.sv(87) @ 1632469000: uvm_test_top.env.dut_sb [dut_scoreboard] 
# =====[PARITY MODE: 10] FAILED!!! Expected parity is 1, Actual parity is 0 =====
# UVM_INFO ./../testcases/uart_txd_x16_random.sv(35) @ 1640066000: uvm_test_top [uart_txd_x16_random] --------------------------------------------------------------
# Name                Type                Size  Value           
# --------------------------------------------------------------
# cfg                 uart_configuration  -     @360            
#   parity_mode       parity_mode_e       32    UART_PARITY_EVEN
#   sampling          sampling_mode_e     32    MODE_X16        
#   data_width        integral            32    'h8             
#   num_of_stop_bit   integral            32    'h2             
#   baud_rate         integral            32    'h4b00          
#   baud_rate_enable  integral            1     'h0             
#   parity_enable     integral            1     'h0             
# --------------------------------------------------------------
# 
# UVM_INFO ./../regmodel/uart_reg2ahb_adapter.sv(42) @ 1640066000: reporter [uart_reg2ahb_adapter] bus2reg: address = 0x0 data = 0x0 kind = UVM_WRITE status = UVM_IS_OK
# UVM_INFO /ictc/other/tools/QuestaDVA/questasim/verilog_src/uvm-1.2/src/reg/uvm_reg_predictor.svh(221) @ 1640066000: uvm_test_top.env.ahb_predictor [REG_PREDICT] Observed WRITE transaction to register regmodel.MDR: value='h0 : updated value = 'h0
# UVM_INFO ./../regmodel/uart_reg2ahb_adapter.sv(42) @ 1640066000: reporter [uart_reg2ahb_adapter] bus2reg: address = 0x4 data = 0x45 kind = UVM_WRITE status = UVM_IS_OK
# UVM_INFO /ictc/other/tools/QuestaDVA/questasim/verilog_src/uvm-1.2/src/reg/uvm_reg_predictor.svh(221) @ 1640066000: uvm_test_top.env.ahb_predictor [REG_PREDICT] Observed WRITE transaction to register regmodel.DLL: value='h45 : updated value = 'h45
# UVM_INFO ./../regmodel/uart_reg2ahb_adapter.sv(42) @ 1640066000: reporter [uart_reg2ahb_adapter] bus2reg: address = 0x8 data = 0x1 kind = UVM_WRITE status = UVM_IS_OK
# UVM_INFO /ictc/other/tools/QuestaDVA/questasim/verilog_src/uvm-1.2/src/reg/uvm_reg_predictor.svh(221) @ 1640066000: uvm_test_top.env.ahb_predictor [REG_PREDICT] Observed WRITE transaction to register regmodel.DLH: value='h1 : updated value = 'h1
# UVM_INFO ./../regmodel/uart_reg2ahb_adapter.sv(42) @ 1640066000: reporter [uart_reg2ahb_adapter] bus2reg: address = 0xc data = 0x3f kind = UVM_WRITE status = UVM_IS_OK
# UVM_INFO /ictc/other/tools/QuestaDVA/questasim/verilog_src/uvm-1.2/src/reg/uvm_reg_predictor.svh(221) @ 1640066000: uvm_test_top.env.ahb_predictor [REG_PREDICT] Observed WRITE transaction to register regmodel.LCR: value='h3f : updated value = 'h3f
# UVM_INFO ./../regmodel/uart_reg2ahb_adapter.sv(42) @ 1640066000: reporter [uart_reg2ahb_adapter] bus2reg: address = 0x18 data = 0xd77abdee kind = UVM_WRITE status = UVM_IS_OK
# UVM_INFO /ictc/other/tools/QuestaDVA/questasim/verilog_src/uvm-1.2/src/reg/uvm_reg_predictor.svh(221) @ 1640066000: uvm_test_top.env.ahb_predictor [REG_PREDICT] Observed WRITE transaction to register regmodel.TBR: value='hd77abdee : updated value = 'hee
# UVM_INFO ./../tb/dut_scoreboard.sv(52) @ 1640066000: uvm_test_top.env.dut_sb [SCOREBOARD] 
# ===== Captured data from AHB: 0xd77abdee
# UVM_INFO ./../tb/dut_scoreboard.sv(60) @ 1641265000: uvm_test_top.env.dut_sb [SCOREBOARD] 
# ===== Captured data from UART: 0xee
# UVM_INFO ./../tb/dut_scoreboard.sv(73) @ 1641265000: uvm_test_top.env.dut_sb [dut_scoreboard] 
# 
# =====[UART TXD] Data comparison =====
# 
# UVM_INFO ./../tb/dut_scoreboard.sv(81) @ 1641265000: uvm_test_top.env.dut_sb [dut_scoreboard] 
# =====[DATA FRAME: 8] PASSED SUCCESSFULLY!!! =====
# UVM_INFO ./../tb/dut_scoreboard.sv(84) @ 1641265000: uvm_test_top.env.dut_sb [dut_scoreboard] 
# 
# =====[UART TXD] Parity comparison =====
# 
# UVM_ERROR ./../tb/dut_scoreboard.sv(87) @ 1641265000: uvm_test_top.env.dut_sb [dut_scoreboard] 
# =====[PARITY MODE: 10] FAILED!!! Expected parity is 0, Actual parity is 1 =====
# UVM_INFO ./../testcases/uart_txd_x16_random.sv(35) @ 1650066000: uvm_test_top [uart_txd_x16_random] --------------------------------------------------------------
# Name                Type                Size  Value           
# --------------------------------------------------------------
# cfg                 uart_configuration  -     @360            
#   parity_mode       parity_mode_e       32    UART_PARITY_EVEN
#   sampling          sampling_mode_e     32    MODE_X16        
#   data_width        integral            32    'h8             
#   num_of_stop_bit   integral            32    'h2             
#   baud_rate         integral            32    'h9600          
#   baud_rate_enable  integral            1     'h0             
#   parity_enable     integral            1     'h0             
# --------------------------------------------------------------
# 
# UVM_INFO ./../regmodel/uart_reg2ahb_adapter.sv(42) @ 1650066000: reporter [uart_reg2ahb_adapter] bus2reg: address = 0x0 data = 0x0 kind = UVM_WRITE status = UVM_IS_OK
# UVM_INFO /ictc/other/tools/QuestaDVA/questasim/verilog_src/uvm-1.2/src/reg/uvm_reg_predictor.svh(221) @ 1650066000: uvm_test_top.env.ahb_predictor [REG_PREDICT] Observed WRITE transaction to register regmodel.MDR: value='h0 : updated value = 'h0
# UVM_INFO ./../regmodel/uart_reg2ahb_adapter.sv(42) @ 1650066000: reporter [uart_reg2ahb_adapter] bus2reg: address = 0x4 data = 0xa4 kind = UVM_WRITE status = UVM_IS_OK
# UVM_INFO /ictc/other/tools/QuestaDVA/questasim/verilog_src/uvm-1.2/src/reg/uvm_reg_predictor.svh(221) @ 1650066000: uvm_test_top.env.ahb_predictor [REG_PREDICT] Observed WRITE transaction to register regmodel.DLL: value='ha4 : updated value = 'ha4
# UVM_INFO ./../regmodel/uart_reg2ahb_adapter.sv(42) @ 1650066000: reporter [uart_reg2ahb_adapter] bus2reg: address = 0x8 data = 0x0 kind = UVM_WRITE status = UVM_IS_OK
# UVM_INFO /ictc/other/tools/QuestaDVA/questasim/verilog_src/uvm-1.2/src/reg/uvm_reg_predictor.svh(221) @ 1650066000: uvm_test_top.env.ahb_predictor [REG_PREDICT] Observed WRITE transaction to register regmodel.DLH: value='h0 : updated value = 'h0
# UVM_INFO ./../regmodel/uart_reg2ahb_adapter.sv(42) @ 1650066000: reporter [uart_reg2ahb_adapter] bus2reg: address = 0xc data = 0x3f kind = UVM_WRITE status = UVM_IS_OK
# UVM_INFO /ictc/other/tools/QuestaDVA/questasim/verilog_src/uvm-1.2/src/reg/uvm_reg_predictor.svh(221) @ 1650066000: uvm_test_top.env.ahb_predictor [REG_PREDICT] Observed WRITE transaction to register regmodel.LCR: value='h3f : updated value = 'h3f
# UVM_INFO ./../regmodel/uart_reg2ahb_adapter.sv(42) @ 1650067000: reporter [uart_reg2ahb_adapter] bus2reg: address = 0x18 data = 0x139e2b15 kind = UVM_WRITE status = UVM_IS_OK
# UVM_INFO /ictc/other/tools/QuestaDVA/questasim/verilog_src/uvm-1.2/src/reg/uvm_reg_predictor.svh(221) @ 1650067000: uvm_test_top.env.ahb_predictor [REG_PREDICT] Observed WRITE transaction to register regmodel.TBR: value='h139e2b15 : updated value = 'h15
# UVM_INFO ./../tb/dut_scoreboard.sv(52) @ 1650067000: uvm_test_top.env.dut_sb [SCOREBOARD] 
# ===== Captured data from AHB: 0x139e2b15
# UVM_INFO ./../tb/dut_scoreboard.sv(60) @ 1650668000: uvm_test_top.env.dut_sb [SCOREBOARD] 
# ===== Captured data from UART: 0x15
# UVM_INFO ./../tb/dut_scoreboard.sv(73) @ 1650668000: uvm_test_top.env.dut_sb [dut_scoreboard] 
# 
# =====[UART TXD] Data comparison =====
# 
# UVM_INFO ./../tb/dut_scoreboard.sv(81) @ 1650668000: uvm_test_top.env.dut_sb [dut_scoreboard] 
# =====[DATA FRAME: 8] PASSED SUCCESSFULLY!!! =====
# UVM_INFO ./../tb/dut_scoreboard.sv(84) @ 1650668000: uvm_test_top.env.dut_sb [dut_scoreboard] 
# 
# =====[UART TXD] Parity comparison =====
# 
# UVM_ERROR ./../tb/dut_scoreboard.sv(87) @ 1650668000: uvm_test_top.env.dut_sb [dut_scoreboard] 
# =====[PARITY MODE: 10] FAILED!!! Expected parity is 1, Actual parity is 0 =====
# UVM_INFO ./../testcases/uart_txd_x16_random.sv(35) @ 1660067000: uvm_test_top [uart_txd_x16_random] --------------------------------------------------------------
# Name                Type                Size  Value           
# --------------------------------------------------------------
# cfg                 uart_configuration  -     @360            
#   parity_mode       parity_mode_e       32    UART_PARITY_EVEN
#   sampling          sampling_mode_e     32    MODE_X16        
#   data_width        integral            32    'h8             
#   num_of_stop_bit   integral            32    'h2             
#   baud_rate         integral            32    'h12c00         
#   baud_rate_enable  integral            1     'h0             
#   parity_enable     integral            1     'h0             
# --------------------------------------------------------------
# 
# UVM_INFO ./../regmodel/uart_reg2ahb_adapter.sv(42) @ 1660067000: reporter [uart_reg2ahb_adapter] bus2reg: address = 0x0 data = 0x0 kind = UVM_WRITE status = UVM_IS_OK
# UVM_INFO /ictc/other/tools/QuestaDVA/questasim/verilog_src/uvm-1.2/src/reg/uvm_reg_predictor.svh(221) @ 1660067000: uvm_test_top.env.ahb_predictor [REG_PREDICT] Observed WRITE transaction to register regmodel.MDR: value='h0 : updated value = 'h0
# UVM_INFO ./../regmodel/uart_reg2ahb_adapter.sv(42) @ 1660067000: reporter [uart_reg2ahb_adapter] bus2reg: address = 0x4 data = 0x51 kind = UVM_WRITE status = UVM_IS_OK
# UVM_INFO /ictc/other/tools/QuestaDVA/questasim/verilog_src/uvm-1.2/src/reg/uvm_reg_predictor.svh(221) @ 1660067000: uvm_test_top.env.ahb_predictor [REG_PREDICT] Observed WRITE transaction to register regmodel.DLL: value='h51 : updated value = 'h51
# UVM_INFO ./../regmodel/uart_reg2ahb_adapter.sv(42) @ 1660067000: reporter [uart_reg2ahb_adapter] bus2reg: address = 0x8 data = 0x0 kind = UVM_WRITE status = UVM_IS_OK
# UVM_INFO /ictc/other/tools/QuestaDVA/questasim/verilog_src/uvm-1.2/src/reg/uvm_reg_predictor.svh(221) @ 1660067000: uvm_test_top.env.ahb_predictor [REG_PREDICT] Observed WRITE transaction to register regmodel.DLH: value='h0 : updated value = 'h0
# UVM_INFO ./../regmodel/uart_reg2ahb_adapter.sv(42) @ 1660067000: reporter [uart_reg2ahb_adapter] bus2reg: address = 0xc data = 0x3f kind = UVM_WRITE status = UVM_IS_OK
# UVM_INFO /ictc/other/tools/QuestaDVA/questasim/verilog_src/uvm-1.2/src/reg/uvm_reg_predictor.svh(221) @ 1660067000: uvm_test_top.env.ahb_predictor [REG_PREDICT] Observed WRITE transaction to register regmodel.LCR: value='h3f : updated value = 'h3f
# UVM_INFO ./../regmodel/uart_reg2ahb_adapter.sv(42) @ 1660067000: reporter [uart_reg2ahb_adapter] bus2reg: address = 0x18 data = 0x322b9034 kind = UVM_WRITE status = UVM_IS_OK
# UVM_INFO /ictc/other/tools/QuestaDVA/questasim/verilog_src/uvm-1.2/src/reg/uvm_reg_predictor.svh(221) @ 1660067000: uvm_test_top.env.ahb_predictor [REG_PREDICT] Observed WRITE transaction to register regmodel.TBR: value='h322b9034 : updated value = 'h34
# UVM_INFO ./../tb/dut_scoreboard.sv(52) @ 1660067000: uvm_test_top.env.dut_sb [SCOREBOARD] 
# ===== Captured data from AHB: 0x322b9034
# UVM_INFO ./../tb/dut_scoreboard.sv(60) @ 1661675000: uvm_test_top.env.dut_sb [SCOREBOARD] 
# ===== Captured data from UART: 0x34
# UVM_INFO ./../tb/dut_scoreboard.sv(73) @ 1661675000: uvm_test_top.env.dut_sb [dut_scoreboard] 
# 
# =====[UART TXD] Data comparison =====
# 
# UVM_INFO ./../tb/dut_scoreboard.sv(81) @ 1661675000: uvm_test_top.env.dut_sb [dut_scoreboard] 
# =====[DATA FRAME: 8] PASSED SUCCESSFULLY!!! =====
# UVM_INFO ./../tb/dut_scoreboard.sv(84) @ 1661675000: uvm_test_top.env.dut_sb [dut_scoreboard] 
# 
# =====[UART TXD] Parity comparison =====
# 
# UVM_ERROR ./../tb/dut_scoreboard.sv(87) @ 1661675000: uvm_test_top.env.dut_sb [dut_scoreboard] 
# =====[PARITY MODE: 10] FAILED!!! Expected parity is 1, Actual parity is 0 =====
# UVM_INFO ./../testcases/uart_txd_x16_random.sv(35) @ 1670067000: uvm_test_top [uart_txd_x16_random] --------------------------------------------------------------
# Name                Type                Size  Value           
# --------------------------------------------------------------
# cfg                 uart_configuration  -     @360            
#   parity_mode       parity_mode_e       32    UART_PARITY_EVEN
#   sampling          sampling_mode_e     32    MODE_X16        
#   data_width        integral            32    'h8             
#   num_of_stop_bit   integral            32    'h2             
#   baud_rate         integral            32    'h1c200         
#   baud_rate_enable  integral            1     'h0             
#   parity_enable     integral            1     'h0             
# --------------------------------------------------------------
# 
# UVM_INFO ./../regmodel/uart_reg2ahb_adapter.sv(42) @ 1670067000: reporter [uart_reg2ahb_adapter] bus2reg: address = 0x0 data = 0x0 kind = UVM_WRITE status = UVM_IS_OK
# UVM_INFO /ictc/other/tools/QuestaDVA/questasim/verilog_src/uvm-1.2/src/reg/uvm_reg_predictor.svh(221) @ 1670067000: uvm_test_top.env.ahb_predictor [REG_PREDICT] Observed WRITE transaction to register regmodel.MDR: value='h0 : updated value = 'h0
# UVM_INFO ./../regmodel/uart_reg2ahb_adapter.sv(42) @ 1670067000: reporter [uart_reg2ahb_adapter] bus2reg: address = 0x4 data = 0x36 kind = UVM_WRITE status = UVM_IS_OK
# UVM_INFO /ictc/other/tools/QuestaDVA/questasim/verilog_src/uvm-1.2/src/reg/uvm_reg_predictor.svh(221) @ 1670067000: uvm_test_top.env.ahb_predictor [REG_PREDICT] Observed WRITE transaction to register regmodel.DLL: value='h36 : updated value = 'h36
# UVM_INFO ./../regmodel/uart_reg2ahb_adapter.sv(42) @ 1670067000: reporter [uart_reg2ahb_adapter] bus2reg: address = 0x8 data = 0x0 kind = UVM_WRITE status = UVM_IS_OK
# UVM_INFO /ictc/other/tools/QuestaDVA/questasim/verilog_src/uvm-1.2/src/reg/uvm_reg_predictor.svh(221) @ 1670067000: uvm_test_top.env.ahb_predictor [REG_PREDICT] Observed WRITE transaction to register regmodel.DLH: value='h0 : updated value = 'h0
# UVM_INFO ./../regmodel/uart_reg2ahb_adapter.sv(42) @ 1670067000: reporter [uart_reg2ahb_adapter] bus2reg: address = 0xc data = 0x3f kind = UVM_WRITE status = UVM_IS_OK
# UVM_INFO /ictc/other/tools/QuestaDVA/questasim/verilog_src/uvm-1.2/src/reg/uvm_reg_predictor.svh(221) @ 1670067000: uvm_test_top.env.ahb_predictor [REG_PREDICT] Observed WRITE transaction to register regmodel.LCR: value='h3f : updated value = 'h3f
# UVM_INFO ./../regmodel/uart_reg2ahb_adapter.sv(42) @ 1670067000: reporter [uart_reg2ahb_adapter] bus2reg: address = 0x18 data = 0xb9af8833 kind = UVM_WRITE status = UVM_IS_OK
# UVM_INFO /ictc/other/tools/QuestaDVA/questasim/verilog_src/uvm-1.2/src/reg/uvm_reg_predictor.svh(221) @ 1670067000: uvm_test_top.env.ahb_predictor [REG_PREDICT] Observed WRITE transaction to register regmodel.TBR: value='hb9af8833 : updated value = 'h33
# UVM_INFO ./../tb/dut_scoreboard.sv(52) @ 1670067000: uvm_test_top.env.dut_sb [SCOREBOARD] 
# ===== Captured data from AHB: 0xb9af8833
# UVM_INFO ./../tb/dut_scoreboard.sv(60) @ 1671573000: uvm_test_top.env.dut_sb [SCOREBOARD] 
# ===== Captured data from UART: 0x33
# UVM_INFO ./../tb/dut_scoreboard.sv(73) @ 1671573000: uvm_test_top.env.dut_sb [dut_scoreboard] 
# 
# =====[UART TXD] Data comparison =====
# 
# UVM_INFO ./../tb/dut_scoreboard.sv(81) @ 1671573000: uvm_test_top.env.dut_sb [dut_scoreboard] 
# =====[DATA FRAME: 8] PASSED SUCCESSFULLY!!! =====
# UVM_INFO ./../tb/dut_scoreboard.sv(84) @ 1671573000: uvm_test_top.env.dut_sb [dut_scoreboard] 
# 
# =====[UART TXD] Parity comparison =====
# 
# UVM_ERROR ./../tb/dut_scoreboard.sv(87) @ 1671573000: uvm_test_top.env.dut_sb [dut_scoreboard] 
# =====[PARITY MODE: 10] FAILED!!! Expected parity is 0, Actual parity is 1 =====
# UVM_INFO /ictc/other/tools/QuestaDVA/questasim/verilog_src/uvm-1.2/src/base/uvm_objection.svh(1271) @ 1680067000: reporter [TEST_DONE] 'run' phase is ready to proceed to the 'extract' phase
# UVM_INFO ./../testcases/base_test.sv(55) @ 1680067000: uvm_test_top [uart_txd_x16_random] -----------------------------------
# UVM_INFO ./../testcases/base_test.sv(56) @ 1680067000: uvm_test_top [uart_txd_x16_random] ---         FAILED!!!           ---
# UVM_INFO ./../testcases/base_test.sv(57) @ 1680067000: uvm_test_top [uart_txd_x16_random] -----------------------------------
# UVM_INFO /ictc/other/tools/QuestaDVA/questasim/verilog_src/uvm-1.2/src/base/uvm_report_server.svh(847) @ 1680067000: reporter [UVM/REPORT/SERVER] 
# --- UVM Report Summary ---
# 
# ** Report counts by severity
# UVM_INFO : 2795
# UVM_WARNING :    0
# UVM_ERROR :   73
# UVM_FATAL :    0
# ** Report counts by id
# [NO_DPI_TSTNAME]     1
# [REG_PREDICT]   840
# [RNTST]     1
# [SCOREBOARD]   336
# [TEST_DONE]     1
# [UVM/COMP/NAMECHECK]     1
# [UVM/RELNOTES]     1
# [UVMTOP]     1
# [ahb_agent]     1
# [dut_scoreboard]   673
# [uart_agent]     1
# [uart_reg2ahb_adapter]   840
# [uart_txd_x16_random]   171
# 
# ** Note: $finish    : /ictc/other/tools/QuestaDVA/questasim/verilog_src/uvm-1.2/src/base/uvm_root.svh(517)
#    Time: 1680067350 ns  Iteration: 68  Instance: /testbench
# End time: 21:19:02 on Aug 03,2026, Elapsed time: 0:01:35
# Errors: 0, Warnings: 5
