# vsim -sv_seed 472643 -coverage -coveranalysis -debugDB -l counter_chk_472643.log -voptargs="+acc" -assertdebug -c testbench -do "coverage save -codeAll -cvg -onexit counter_chk.ucdb; log -r /*;run -all;" "+counter_chk" 
# Start time: 19:08:03 on May 14,2026
# ** Note: (vsim-8009) Loading existing optimized design _opt
# //  Questa Sim-64
# //  Version 10.6d_1 linux_x86_64 Apr 11 2018
# //
# //  Copyright 1991-2018 Mentor Graphics Corporation
# //  All Rights Reserved.
# //
# //  QuestaSim and its associated documentation contain trade
# //  secrets and commercial or financial information that are the property of
# //  Mentor Graphics Corporation and are privileged, confidential,
# //  and exempt from disclosure under the Freedom of Information Act,
# //  5 U.S.C. Section 552. Furthermore, this information
# //  is prohibited from disclosure under the Trade Secrets Act,
# //  18 U.S.C. Section 1905.
# //
# Loading sv_std.std
# Loading work.dut_if(fast)
# Loading work.timer_pkg(fast)
# Loading work.test_pkg(fast)
# Loading work.testbench(fast)
# Loading work.dut_if(fast)
# Loading work.timer_top(fast)
# Loading work.timer_register(fast)
# Loading work.timer_clock_divisor(fast)
# Loading work.timer_counter(fast)
# Loading work.timer_interrupt(fast)
# ** Note: (vsim-8716) Reusing existing debug database vsim.dbg.
# coverage save -codeAll -cvg -onexit counter_chk.ucdb
#  log -r /*
# run -all
# [Environment] Environment is building
# 
# ===== t=0 Case 4.1 Start count up =====
# 
#   0
# [Stimulus] Packet is sent to Driver
# [Driver] Data is sent to DUT
# [Monitor] Data is sent to Scoreboard
# [base] Write finished! Write data 01 at Address 00
# [Scoreboard] Get packet from Monitor: Address: 00, Data: 00
# [Stimulus] Packet is sent to Driver
# [Driver] Data is sent to DUT
# [Monitor] Data is sent to Scoreboard
# [base] Write finished! Write data 01 at Address 03
# [Scoreboard] Get packet from Monitor: Address: 03, Data: 00
# 
# ===== t=1370000 PASSED SUCCESSFULLY !!! Expected timing is 1280000, Actual timing is 1299999 =====
# 
# 
# ===== t=1370000 Case 4.2 Start count down =====
# 
# [Stimulus] Packet is sent to Driver
# [Driver] Data is sent to DUT
# [Monitor] Data is sent to Scoreboard
# [base] Write finished! Write data 02 at Address 00
# [Scoreboard] Get packet from Monitor: Address: 00, Data: 00
# [Stimulus] Packet is sent to Driver
# [Driver] Data is sent to DUT
# [Monitor] Data is sent to Scoreboard
# [base] Write finished! Write data 03 at Address 00
# [Scoreboard] Get packet from Monitor: Address: 00, Data: 00
# [Stimulus] Packet is sent to Driver
# [Driver] Data is sent to DUT
# [Monitor] Data is sent to Scoreboard
# [base] Write finished! Write data 02 at Address 03
# [Scoreboard] Get packet from Monitor: Address: 03, Data: 00
# 
# ===== t=2810000 PASSED SUCCESSFULLY !!! Expected timing is 1280000, Actual timing is 1299999 =====
# 
# 
# ===== t=2810000 Case 4.3 Load data and count up =====
# 
# [Stimulus] Packet is sent to Driver
# [Driver] Data is sent to DUT
# [Monitor] Data is sent to Scoreboard
# [base] Write finished! Write data 01 at Address 03
# [Scoreboard] Get packet from Monitor: Address: 03, Data: 00
# [Stimulus] Packet is sent to Driver
# [Driver] Data is sent to DUT
# [Monitor] Data is sent to Scoreboard
# [Base] Write finished! Write Random Data 93 at Address 02
# [Scoreboard] Get packet from Monitor: Address: 02, Data: 00
# [Stimulus] Packet is sent to Driver
#   1
# [Driver] Data is sent to DUT
# [Monitor] Data is sent to Scoreboard
# [base] Write finished! Write data 04 at Address 00
# [Scoreboard] Get packet from Monitor: Address: 00, Data: 00
# [Stimulus] Packet is sent to Driver
#   0
# [Driver] Data is sent to DUT
# [Monitor] Data is sent to Scoreboard
# [base] Write finished! Write data 01 at Address 00
# [Scoreboard] Get packet from Monitor: Address: 00, Data: 00
# 
# ===== t=3650000 PASSED SUCCESSFULLY !!! Expected timing is 545000, Actual timing is 559999 =====
# 
# [Stimulus] Packet is sent to Driver
# [Driver] Data is sent to DUT
# [Monitor] Data is sent to Scoreboard
# [base] Write finished! Write data 01 at Address 03
# [Scoreboard] Get packet from Monitor: Address: 03, Data: 00
# [Stimulus] Packet is sent to Driver
# [Driver] Data is sent to DUT
# [Monitor] Data is sent to Scoreboard
# [Base] Write finished! Write Random Data b0 at Address 02
# [Scoreboard] Get packet from Monitor: Address: 02, Data: 00
# [Stimulus] Packet is sent to Driver
#   1
# [Driver] Data is sent to DUT
# [Monitor] Data is sent to Scoreboard
# [base] Write finished! Write data 04 at Address 00
# [Scoreboard] Get packet from Monitor: Address: 00, Data: 00
# [Stimulus] Packet is sent to Driver
#   0
# [Driver] Data is sent to DUT
# [Monitor] Data is sent to Scoreboard
# [base] Write finished! Write data 01 at Address 00
# [Scoreboard] Get packet from Monitor: Address: 00, Data: 00
# 
# ===== t=4350000 PASSED SUCCESSFULLY !!! Expected timing is 400000, Actual timing is 419999 =====
# 
# [Stimulus] Packet is sent to Driver
# [Driver] Data is sent to DUT
# [Monitor] Data is sent to Scoreboard
# [base] Write finished! Write data 01 at Address 03
# [Scoreboard] Get packet from Monitor: Address: 03, Data: 00
# [Stimulus] Packet is sent to Driver
# [Driver] Data is sent to DUT
# [Monitor] Data is sent to Scoreboard
# [Base] Write finished! Write Random Data 2a at Address 02
# [Scoreboard] Get packet from Monitor: Address: 02, Data: 00
# [Stimulus] Packet is sent to Driver
#   1
# [Driver] Data is sent to DUT
# [Monitor] Data is sent to Scoreboard
# [base] Write finished! Write data 04 at Address 00
# [Scoreboard] Get packet from Monitor: Address: 00, Data: 00
# [Stimulus] Packet is sent to Driver
#   0
# [Driver] Data is sent to DUT
# [Monitor] Data is sent to Scoreboard
# [base] Write finished! Write data 01 at Address 00
# [Scoreboard] Get packet from Monitor: Address: 00, Data: 00
# 
# ===== t=5710000 PASSED SUCCESSFULLY !!! Expected timing is 1070000, Actual timing is 1079999 =====
# 
# [Stimulus] Packet is sent to Driver
# [Driver] Data is sent to DUT
# [Monitor] Data is sent to Scoreboard
# [base] Write finished! Write data 01 at Address 03
# [Scoreboard] Get packet from Monitor: Address: 03, Data: 00
# [Stimulus] Packet is sent to Driver
# [Driver] Data is sent to DUT
# [Monitor] Data is sent to Scoreboard
# [Base] Write finished! Write Random Data a4 at Address 02
# [Scoreboard] Get packet from Monitor: Address: 02, Data: 00
# [Stimulus] Packet is sent to Driver
#   1
# [Driver] Data is sent to DUT
# [Monitor] Data is sent to Scoreboard
# [base] Write finished! Write data 04 at Address 00
# [Scoreboard] Get packet from Monitor: Address: 00, Data: 00
# [Stimulus] Packet is sent to Driver
#   0
# [Driver] Data is sent to DUT
# [Monitor] Data is sent to Scoreboard
# [base] Write finished! Write data 01 at Address 00
# [Scoreboard] Get packet from Monitor: Address: 00, Data: 00
# 
# ===== t=6470000 PASSED SUCCESSFULLY !!! Expected timing is 460000, Actual timing is 479999 =====
# 
# [Stimulus] Packet is sent to Driver
# [Driver] Data is sent to DUT
# [Monitor] Data is sent to Scoreboard
# [base] Write finished! Write data 01 at Address 03
# [Scoreboard] Get packet from Monitor: Address: 03, Data: 00
# [Stimulus] Packet is sent to Driver
# [Driver] Data is sent to DUT
# [Monitor] Data is sent to Scoreboard
# [Base] Write finished! Write Random Data 46 at Address 02
# [Scoreboard] Get packet from Monitor: Address: 02, Data: 00
# [Stimulus] Packet is sent to Driver
#   1
# [Driver] Data is sent to DUT
# [Monitor] Data is sent to Scoreboard
# [base] Write finished! Write data 04 at Address 00
# [Scoreboard] Get packet from Monitor: Address: 00, Data: 00
# [Stimulus] Packet is sent to Driver
#   0
# [Driver] Data is sent to DUT
# [Monitor] Data is sent to Scoreboard
# [base] Write finished! Write data 01 at Address 00
# [Scoreboard] Get packet from Monitor: Address: 00, Data: 00
# 
# ===== t=7690000 PASSED SUCCESSFULLY !!! Expected timing is 930000, Actual timing is 939999 =====
# 
# [Stimulus] Packet is sent to Driver
# [Driver] Data is sent to DUT
# [Monitor] Data is sent to Scoreboard
# [base] Write finished! Write data 01 at Address 03
# [Scoreboard] Get packet from Monitor: Address: 03, Data: 00
# [Stimulus] Packet is sent to Driver
# [Driver] Data is sent to DUT
# [Monitor] Data is sent to Scoreboard
# [Base] Write finished! Write Random Data 8a at Address 02
# [Scoreboard] Get packet from Monitor: Address: 02, Data: 00
# [Stimulus] Packet is sent to Driver
#   1
# [Driver] Data is sent to DUT
# [Monitor] Data is sent to Scoreboard
# [base] Write finished! Write data 04 at Address 00
# [Scoreboard] Get packet from Monitor: Address: 00, Data: 00
# [Stimulus] Packet is sent to Driver
#   0
# [Driver] Data is sent to DUT
# [Monitor] Data is sent to Scoreboard
# [base] Write finished! Write data 01 at Address 00
# [Scoreboard] Get packet from Monitor: Address: 00, Data: 00
# 
# ===== t=8570000 PASSED SUCCESSFULLY !!! Expected timing is 590000, Actual timing is 599999 =====
# 
# [Stimulus] Packet is sent to Driver
# [Driver] Data is sent to DUT
# [Monitor] Data is sent to Scoreboard
# [base] Write finished! Write data 01 at Address 03
# [Scoreboard] Get packet from Monitor: Address: 03, Data: 00
# [Stimulus] Packet is sent to Driver
# [Driver] Data is sent to DUT
# [Monitor] Data is sent to Scoreboard
# [Base] Write finished! Write Random Data fc at Address 02
# [Scoreboard] Get packet from Monitor: Address: 02, Data: 00
# [Stimulus] Packet is sent to Driver
#   1
# [Driver] Data is sent to DUT
# [Monitor] Data is sent to Scoreboard
# [base] Write finished! Write data 04 at Address 00
# [Scoreboard] Get packet from Monitor: Address: 00, Data: 00
# [Stimulus] Packet is sent to Driver
#   0
# [Driver] Data is sent to DUT
# [Monitor] Data is sent to Scoreboard
# [base] Write finished! Write data 01 at Address 00
# [Scoreboard] Get packet from Monitor: Address: 00, Data: 00
# 
# ===== t=8890000 PASSED SUCCESSFULLY !!! Expected timing is 20000, Actual timing is 39999 =====
# 
# [Stimulus] Packet is sent to Driver
# [Driver] Data is sent to DUT
# [Monitor] Data is sent to Scoreboard
# [base] Write finished! Write data 01 at Address 03
# [Scoreboard] Get packet from Monitor: Address: 03, Data: 00
# [Stimulus] Packet is sent to Driver
# [Driver] Data is sent to DUT
# [Monitor] Data is sent to Scoreboard
# [Base] Write finished! Write Random Data 22 at Address 02
# [Scoreboard] Get packet from Monitor: Address: 02, Data: 00
# [Stimulus] Packet is sent to Driver
#   1
# [Driver] Data is sent to DUT
# [Monitor] Data is sent to Scoreboard
# [base] Write finished! Write data 04 at Address 00
# [Scoreboard] Get packet from Monitor: Address: 00, Data: 00
# [Stimulus] Packet is sent to Driver
#   0
# [Driver] Data is sent to DUT
# [Monitor] Data is sent to Scoreboard
# [base] Write finished! Write data 01 at Address 00
# [Scoreboard] Get packet from Monitor: Address: 00, Data: 00
# 
# ===== t=10290000 PASSED SUCCESSFULLY !!! Expected timing is 1110000, Actual timing is 1119999 =====
# 
# [Stimulus] Packet is sent to Driver
# [Driver] Data is sent to DUT
# [Monitor] Data is sent to Scoreboard
# [base] Write finished! Write data 01 at Address 03
# [Scoreboard] Get packet from Monitor: Address: 03, Data: 00
# [Stimulus] Packet is sent to Driver
# [Driver] Data is sent to DUT
# [Monitor] Data is sent to Scoreboard
# [Base] Write finished! Write Random Data 41 at Address 02
# [Scoreboard] Get packet from Monitor: Address: 02, Data: 00
# [Stimulus] Packet is sent to Driver
#   1
# [Driver] Data is sent to DUT
# [Monitor] Data is sent to Scoreboard
# [base] Write finished! Write data 04 at Address 00
# [Scoreboard] Get packet from Monitor: Address: 00, Data: 00
# [Stimulus] Packet is sent to Driver
#   0
# [Driver] Data is sent to DUT
# [Monitor] Data is sent to Scoreboard
# [base] Write finished! Write data 01 at Address 00
# [Scoreboard] Get packet from Monitor: Address: 00, Data: 00
# 
# ===== t=11530000 PASSED SUCCESSFULLY !!! Expected timing is 955000, Actual timing is 959999 =====
# 
# [Stimulus] Packet is sent to Driver
# [Driver] Data is sent to DUT
# [Monitor] Data is sent to Scoreboard
# [base] Write finished! Write data 01 at Address 03
# [Scoreboard] Get packet from Monitor: Address: 03, Data: 00
# [Stimulus] Packet is sent to Driver
# [Driver] Data is sent to DUT
# [Monitor] Data is sent to Scoreboard
# [Base] Write finished! Write Random Data 35 at Address 02
# [Scoreboard] Get packet from Monitor: Address: 02, Data: 00
# [Stimulus] Packet is sent to Driver
#   1
# [Driver] Data is sent to DUT
# [Monitor] Data is sent to Scoreboard
# [base] Write finished! Write data 04 at Address 00
# [Scoreboard] Get packet from Monitor: Address: 00, Data: 00
# [Stimulus] Packet is sent to Driver
#   0
# [Driver] Data is sent to DUT
# [Monitor] Data is sent to Scoreboard
# [base] Write finished! Write data 01 at Address 00
# [Scoreboard] Get packet from Monitor: Address: 00, Data: 00
# 
# ===== t=12830000 PASSED SUCCESSFULLY !!! Expected timing is 1015000, Actual timing is 1019999 =====
# 
# [Stimulus] Packet is sent to Driver
# [Driver] Data is sent to DUT
# [Monitor] Data is sent to Scoreboard
# [base] Write finished! Write data 01 at Address 03
# [Scoreboard] Get packet from Monitor: Address: 03, Data: 00
# [Stimulus] Packet is sent to Driver
# [Driver] Data is sent to DUT
# [Monitor] Data is sent to Scoreboard
# [Base] Write finished! Write Random Data 4c at Address 02
# [Scoreboard] Get packet from Monitor: Address: 02, Data: 00
# [Stimulus] Packet is sent to Driver
#   1
# [Driver] Data is sent to DUT
# [Monitor] Data is sent to Scoreboard
# [base] Write finished! Write data 04 at Address 00
# [Scoreboard] Get packet from Monitor: Address: 00, Data: 00
# [Stimulus] Packet is sent to Driver
#   0
# [Driver] Data is sent to DUT
# [Monitor] Data is sent to Scoreboard
# [base] Write finished! Write data 01 at Address 00
# [Scoreboard] Get packet from Monitor: Address: 00, Data: 00
# 
# ===== t=14030000 PASSED SUCCESSFULLY !!! Expected timing is 900000, Actual timing is 919999 =====
# 
# [Stimulus] Packet is sent to Driver
# [Driver] Data is sent to DUT
# [Monitor] Data is sent to Scoreboard
# [base] Write finished! Write data 01 at Address 03
# [Scoreboard] Get packet from Monitor: Address: 03, Data: 00
# [Stimulus] Packet is sent to Driver
# [Driver] Data is sent to DUT
# [Monitor] Data is sent to Scoreboard
# [Base] Write finished! Write Random Data 05 at Address 02
# [Scoreboard] Get packet from Monitor: Address: 02, Data: 00
# [Stimulus] Packet is sent to Driver
#   1
# [Driver] Data is sent to DUT
# [Monitor] Data is sent to Scoreboard
# [base] Write finished! Write data 04 at Address 00
# [Scoreboard] Get packet from Monitor: Address: 00, Data: 00
# [Stimulus] Packet is sent to Driver
#   0
# [Driver] Data is sent to DUT
# [Monitor] Data is sent to Scoreboard
# [base] Write finished! Write data 01 at Address 00
# [Scoreboard] Get packet from Monitor: Address: 00, Data: 00
# 
# ===== t=15570000 PASSED SUCCESSFULLY !!! Expected timing is 1255000, Actual timing is 1259999 =====
# 
# [Stimulus] Packet is sent to Driver
# [Driver] Data is sent to DUT
# [Monitor] Data is sent to Scoreboard
# [base] Write finished! Write data 01 at Address 03
# [Scoreboard] Get packet from Monitor: Address: 03, Data: 00
# [Stimulus] Packet is sent to Driver
# [Driver] Data is sent to DUT
# [Monitor] Data is sent to Scoreboard
# [Base] Write finished! Write Random Data 10 at Address 02
# [Scoreboard] Get packet from Monitor: Address: 02, Data: 00
# [Stimulus] Packet is sent to Driver
#   1
# [Driver] Data is sent to DUT
# [Monitor] Data is sent to Scoreboard
# [base] Write finished! Write data 04 at Address 00
# [Scoreboard] Get packet from Monitor: Address: 00, Data: 00
# [Stimulus] Packet is sent to Driver
#   0
# [Driver] Data is sent to DUT
# [Monitor] Data is sent to Scoreboard
# [base] Write finished! Write data 01 at Address 00
# [Scoreboard] Get packet from Monitor: Address: 00, Data: 00
# 
# ===== t=17070000 PASSED SUCCESSFULLY !!! Expected timing is 1200000, Actual timing is 1219999 =====
# 
# [Stimulus] Packet is sent to Driver
# [Driver] Data is sent to DUT
# [Monitor] Data is sent to Scoreboard
# [base] Write finished! Write data 01 at Address 03
# [Scoreboard] Get packet from Monitor: Address: 03, Data: 00
# [Stimulus] Packet is sent to Driver
# [Driver] Data is sent to DUT
# [Monitor] Data is sent to Scoreboard
# [Base] Write finished! Write Random Data 79 at Address 02
# [Scoreboard] Get packet from Monitor: Address: 02, Data: 00
# [Stimulus] Packet is sent to Driver
#   1
# [Driver] Data is sent to DUT
# [Monitor] Data is sent to Scoreboard
# [base] Write finished! Write data 04 at Address 00
# [Scoreboard] Get packet from Monitor: Address: 00, Data: 00
# [Stimulus] Packet is sent to Driver
#   0
# [Driver] Data is sent to DUT
# [Monitor] Data is sent to Scoreboard
# [base] Write finished! Write data 01 at Address 00
# [Scoreboard] Get packet from Monitor: Address: 00, Data: 00
# 
# ===== t=18030000 PASSED SUCCESSFULLY !!! Expected timing is 675000, Actual timing is 679999 =====
# 
# [Stimulus] Packet is sent to Driver
# [Driver] Data is sent to DUT
# [Monitor] Data is sent to Scoreboard
# [base] Write finished! Write data 01 at Address 03
# [Scoreboard] Get packet from Monitor: Address: 03, Data: 00
# [Stimulus] Packet is sent to Driver
# [Driver] Data is sent to DUT
# [Monitor] Data is sent to Scoreboard
# [Base] Write finished! Write Random Data bf at Address 02
# [Scoreboard] Get packet from Monitor: Address: 02, Data: 00
# [Stimulus] Packet is sent to Driver
#   1
# [Driver] Data is sent to DUT
# [Monitor] Data is sent to Scoreboard
# [base] Write finished! Write data 04 at Address 00
# [Scoreboard] Get packet from Monitor: Address: 00, Data: 00
# [Stimulus] Packet is sent to Driver
#   0
# [Driver] Data is sent to DUT
# [Monitor] Data is sent to Scoreboard
# [base] Write finished! Write data 01 at Address 00
# [Scoreboard] Get packet from Monitor: Address: 00, Data: 00
# 
# ===== t=18650000 PASSED SUCCESSFULLY !!! Expected timing is 325000, Actual timing is 339999 =====
# 
# [Stimulus] Packet is sent to Driver
# [Driver] Data is sent to DUT
# [Monitor] Data is sent to Scoreboard
# [base] Write finished! Write data 01 at Address 03
# [Scoreboard] Get packet from Monitor: Address: 03, Data: 00
# [Stimulus] Packet is sent to Driver
# [Driver] Data is sent to DUT
# [Monitor] Data is sent to Scoreboard
# [Base] Write finished! Write Random Data 25 at Address 02
# [Scoreboard] Get packet from Monitor: Address: 02, Data: 00
# [Stimulus] Packet is sent to Driver
#   1
# [Driver] Data is sent to DUT
# [Monitor] Data is sent to Scoreboard
# [base] Write finished! Write data 04 at Address 00
# [Scoreboard] Get packet from Monitor: Address: 00, Data: 00
# [Stimulus] Packet is sent to Driver
#   0
# [Driver] Data is sent to DUT
# [Monitor] Data is sent to Scoreboard
# [base] Write finished! Write data 01 at Address 00
# [Scoreboard] Get packet from Monitor: Address: 00, Data: 00
# 
# ===== t=20030000 PASSED SUCCESSFULLY !!! Expected timing is 1095000, Actual timing is 1099999 =====
# 
# [Stimulus] Packet is sent to Driver
# [Driver] Data is sent to DUT
# [Monitor] Data is sent to Scoreboard
# [base] Write finished! Write data 01 at Address 03
# [Scoreboard] Get packet from Monitor: Address: 03, Data: 00
# [Stimulus] Packet is sent to Driver
# [Driver] Data is sent to DUT
# [Monitor] Data is sent to Scoreboard
# [Base] Write finished! Write Random Data f3 at Address 02
# [Scoreboard] Get packet from Monitor: Address: 02, Data: 00
# [Stimulus] Packet is sent to Driver
#   1
# [Driver] Data is sent to DUT
# [Monitor] Data is sent to Scoreboard
# [base] Write finished! Write data 04 at Address 00
# [Scoreboard] Get packet from Monitor: Address: 00, Data: 00
# [Stimulus] Packet is sent to Driver
#   0
# [Driver] Data is sent to DUT
# [Monitor] Data is sent to Scoreboard
# [base] Write finished! Write data 01 at Address 00
# [Scoreboard] Get packet from Monitor: Address: 00, Data: 00
# 
# ===== t=20390000 PASSED SUCCESSFULLY !!! Expected timing is 65000, Actual timing is 79999 =====
# 
# [Stimulus] Packet is sent to Driver
# [Driver] Data is sent to DUT
# [Monitor] Data is sent to Scoreboard
# [base] Write finished! Write data 01 at Address 03
# [Scoreboard] Get packet from Monitor: Address: 03, Data: 00
# [Stimulus] Packet is sent to Driver
# [Driver] Data is sent to DUT
# [Monitor] Data is sent to Scoreboard
# [Base] Write finished! Write Random Data c6 at Address 02
# [Scoreboard] Get packet from Monitor: Address: 02, Data: 00
# [Stimulus] Packet is sent to Driver
#   1
# [Driver] Data is sent to DUT
# [Monitor] Data is sent to Scoreboard
# [base] Write finished! Write data 04 at Address 00
# [Scoreboard] Get packet from Monitor: Address: 00, Data: 00
# [Stimulus] Packet is sent to Driver
#   0
# [Driver] Data is sent to DUT
# [Monitor] Data is sent to Scoreboard
# [base] Write finished! Write data 01 at Address 00
# [Scoreboard] Get packet from Monitor: Address: 00, Data: 00
# 
# ===== t=20970000 PASSED SUCCESSFULLY !!! Expected timing is 290000, Actual timing is 299999 =====
# 
# [Stimulus] Packet is sent to Driver
# [Driver] Data is sent to DUT
# [Monitor] Data is sent to Scoreboard
# [base] Write finished! Write data 01 at Address 03
# [Scoreboard] Get packet from Monitor: Address: 03, Data: 00
# [Stimulus] Packet is sent to Driver
# [Driver] Data is sent to DUT
# [Monitor] Data is sent to Scoreboard
# [Base] Write finished! Write Random Data 3e at Address 02
# [Scoreboard] Get packet from Monitor: Address: 02, Data: 00
# [Stimulus] Packet is sent to Driver
#   1
# [Driver] Data is sent to DUT
# [Monitor] Data is sent to Scoreboard
# [base] Write finished! Write data 04 at Address 00
# [Scoreboard] Get packet from Monitor: Address: 00, Data: 00
# [Stimulus] Packet is sent to Driver
#   0
# [Driver] Data is sent to DUT
# [Monitor] Data is sent to Scoreboard
# [base] Write finished! Write data 01 at Address 00
# [Scoreboard] Get packet from Monitor: Address: 00, Data: 00
# 
# ===== t=22230000 PASSED SUCCESSFULLY !!! Expected timing is 970000, Actual timing is 979999 =====
# 
# [Stimulus] Packet is sent to Driver
# [Driver] Data is sent to DUT
# [Monitor] Data is sent to Scoreboard
# [base] Write finished! Write data 01 at Address 03
# [Scoreboard] Get packet from Monitor: Address: 03, Data: 00
# [Stimulus] Packet is sent to Driver
# [Driver] Data is sent to DUT
# [Monitor] Data is sent to Scoreboard
# [Base] Write finished! Write Random Data d2 at Address 02
# [Scoreboard] Get packet from Monitor: Address: 02, Data: 00
# [Stimulus] Packet is sent to Driver
#   1
# [Driver] Data is sent to DUT
# [Monitor] Data is sent to Scoreboard
# [base] Write finished! Write data 04 at Address 00
# [Scoreboard] Get packet from Monitor: Address: 00, Data: 00
# [Stimulus] Packet is sent to Driver
#   0
# [Driver] Data is sent to DUT
# [Monitor] Data is sent to Scoreboard
# [base] Write finished! Write data 01 at Address 00
# [Scoreboard] Get packet from Monitor: Address: 00, Data: 00
# 
# ===== t=22750000 PASSED SUCCESSFULLY !!! Expected timing is 230000, Actual timing is 239999 =====
# 
# [Stimulus] Packet is sent to Driver
# [Driver] Data is sent to DUT
# [Monitor] Data is sent to Scoreboard
# [base] Write finished! Write data 01 at Address 03
# [Scoreboard] Get packet from Monitor: Address: 03, Data: 00
# [Stimulus] Packet is sent to Driver
# [Driver] Data is sent to DUT
# [Monitor] Data is sent to Scoreboard
# [Base] Write finished! Write Random Data 4e at Address 02
# [Scoreboard] Get packet from Monitor: Address: 02, Data: 00
# [Stimulus] Packet is sent to Driver
#   1
# [Driver] Data is sent to DUT
# [Monitor] Data is sent to Scoreboard
# [base] Write finished! Write data 04 at Address 00
# [Scoreboard] Get packet from Monitor: Address: 00, Data: 00
# [Stimulus] Packet is sent to Driver
#   0
# [Driver] Data is sent to DUT
# [Monitor] Data is sent to Scoreboard
# [base] Write finished! Write data 01 at Address 00
# [Scoreboard] Get packet from Monitor: Address: 00, Data: 00
# 
# ===== t=23930000 PASSED SUCCESSFULLY !!! Expected timing is 890000, Actual timing is 899999 =====
# 
# [Stimulus] Packet is sent to Driver
# [Driver] Data is sent to DUT
# [Monitor] Data is sent to Scoreboard
# [base] Write finished! Write data 01 at Address 03
# [Scoreboard] Get packet from Monitor: Address: 03, Data: 00
# [Stimulus] Packet is sent to Driver
# [Driver] Data is sent to DUT
# [Monitor] Data is sent to Scoreboard
# [Base] Write finished! Write Random Data 66 at Address 02
# [Scoreboard] Get packet from Monitor: Address: 02, Data: 00
# [Stimulus] Packet is sent to Driver
#   1
# [Driver] Data is sent to DUT
# [Monitor] Data is sent to Scoreboard
# [base] Write finished! Write data 04 at Address 00
# [Scoreboard] Get packet from Monitor: Address: 00, Data: 00
# [Stimulus] Packet is sent to Driver
#   0
# [Driver] Data is sent to DUT
# [Monitor] Data is sent to Scoreboard
# [base] Write finished! Write data 01 at Address 00
# [Scoreboard] Get packet from Monitor: Address: 00, Data: 00
# 
# ===== t=24990000 PASSED SUCCESSFULLY !!! Expected timing is 770000, Actual timing is 779999 =====
# 
# [Stimulus] Packet is sent to Driver
# [Driver] Data is sent to DUT
# [Monitor] Data is sent to Scoreboard
# [base] Write finished! Write data 01 at Address 03
# [Scoreboard] Get packet from Monitor: Address: 03, Data: 00
# [Stimulus] Packet is sent to Driver
# [Driver] Data is sent to DUT
# [Monitor] Data is sent to Scoreboard
# [Base] Write finished! Write Random Data 7c at Address 02
# [Scoreboard] Get packet from Monitor: Address: 02, Data: 00
# [Stimulus] Packet is sent to Driver
#   1
# [Driver] Data is sent to DUT
# [Monitor] Data is sent to Scoreboard
# [base] Write finished! Write data 04 at Address 00
# [Scoreboard] Get packet from Monitor: Address: 00, Data: 00
# [Stimulus] Packet is sent to Driver
#   0
# [Driver] Data is sent to DUT
# [Monitor] Data is sent to Scoreboard
# [base] Write finished! Write data 01 at Address 00
# [Scoreboard] Get packet from Monitor: Address: 00, Data: 00
# 
# ===== t=25950000 PASSED SUCCESSFULLY !!! Expected timing is 660000, Actual timing is 679999 =====
# 
# [Stimulus] Packet is sent to Driver
# [Driver] Data is sent to DUT
# [Monitor] Data is sent to Scoreboard
# [base] Write finished! Write data 01 at Address 03
# [Scoreboard] Get packet from Monitor: Address: 03, Data: 00
# [Stimulus] Packet is sent to Driver
# [Driver] Data is sent to DUT
# [Monitor] Data is sent to Scoreboard
# [Base] Write finished! Write Random Data 5d at Address 02
# [Scoreboard] Get packet from Monitor: Address: 02, Data: 00
# [Stimulus] Packet is sent to Driver
#   1
# [Driver] Data is sent to DUT
# [Monitor] Data is sent to Scoreboard
# [base] Write finished! Write data 04 at Address 00
# [Scoreboard] Get packet from Monitor: Address: 00, Data: 00
# [Stimulus] Packet is sent to Driver
#   0
# [Driver] Data is sent to DUT
# [Monitor] Data is sent to Scoreboard
# [base] Write finished! Write data 01 at Address 00
# [Scoreboard] Get packet from Monitor: Address: 00, Data: 00
# 
# ===== t=27050000 PASSED SUCCESSFULLY !!! Expected timing is 815000, Actual timing is 819999 =====
# 
# [Stimulus] Packet is sent to Driver
# [Driver] Data is sent to DUT
# [Monitor] Data is sent to Scoreboard
# [base] Write finished! Write data 01 at Address 03
# [Scoreboard] Get packet from Monitor: Address: 03, Data: 00
# [Stimulus] Packet is sent to Driver
# [Driver] Data is sent to DUT
# [Monitor] Data is sent to Scoreboard
# [Base] Write finished! Write Random Data 03 at Address 02
# [Scoreboard] Get packet from Monitor: Address: 02, Data: 00
# [Stimulus] Packet is sent to Driver
#   1
# [Driver] Data is sent to DUT
# [Monitor] Data is sent to Scoreboard
# [base] Write finished! Write data 04 at Address 00
# [Scoreboard] Get packet from Monitor: Address: 00, Data: 00
# [Stimulus] Packet is sent to Driver
#   0
# [Driver] Data is sent to DUT
# [Monitor] Data is sent to Scoreboard
# [base] Write finished! Write data 01 at Address 00
# [Scoreboard] Get packet from Monitor: Address: 00, Data: 00
# 
# ===== t=28610000 PASSED SUCCESSFULLY !!! Expected timing is 1265000, Actual timing is 1279999 =====
# 
# [Stimulus] Packet is sent to Driver
# [Driver] Data is sent to DUT
# [Monitor] Data is sent to Scoreboard
# [base] Write finished! Write data 01 at Address 03
# [Scoreboard] Get packet from Monitor: Address: 03, Data: 00
# [Stimulus] Packet is sent to Driver
# [Driver] Data is sent to DUT
# [Monitor] Data is sent to Scoreboard
# [Base] Write finished! Write Random Data da at Address 02
# [Scoreboard] Get packet from Monitor: Address: 02, Data: 00
# [Stimulus] Packet is sent to Driver
#   1
# [Driver] Data is sent to DUT
# [Monitor] Data is sent to Scoreboard
# [base] Write finished! Write data 04 at Address 00
# [Scoreboard] Get packet from Monitor: Address: 00, Data: 00
# [Stimulus] Packet is sent to Driver
#   0
# [Driver] Data is sent to DUT
# [Monitor] Data is sent to Scoreboard
# [base] Write finished! Write data 01 at Address 00
# [Scoreboard] Get packet from Monitor: Address: 00, Data: 00
# 
# ===== t=29090000 PASSED SUCCESSFULLY !!! Expected timing is 190000, Actual timing is 199999 =====
# 
# [Stimulus] Packet is sent to Driver
# [Driver] Data is sent to DUT
# [Monitor] Data is sent to Scoreboard
# [base] Write finished! Write data 01 at Address 03
# [Scoreboard] Get packet from Monitor: Address: 03, Data: 00
# [Stimulus] Packet is sent to Driver
# [Driver] Data is sent to DUT
# [Monitor] Data is sent to Scoreboard
# [Base] Write finished! Write Random Data 0a at Address 02
# [Scoreboard] Get packet from Monitor: Address: 02, Data: 00
# [Stimulus] Packet is sent to Driver
#   1
# [Driver] Data is sent to DUT
# [Monitor] Data is sent to Scoreboard
# [base] Write finished! Write data 04 at Address 00
# [Scoreboard] Get packet from Monitor: Address: 00, Data: 00
# [Stimulus] Packet is sent to Driver
#   0
# [Driver] Data is sent to DUT
# [Monitor] Data is sent to Scoreboard
# [base] Write finished! Write data 01 at Address 00
# [Scoreboard] Get packet from Monitor: Address: 00, Data: 00
# 
# ===== t=30610000 PASSED SUCCESSFULLY !!! Expected timing is 1230000, Actual timing is 1239999 =====
# 
# [Stimulus] Packet is sent to Driver
# [Driver] Data is sent to DUT
# [Monitor] Data is sent to Scoreboard
# [base] Write finished! Write data 01 at Address 03
# [Scoreboard] Get packet from Monitor: Address: 03, Data: 00
# [Stimulus] Packet is sent to Driver
# [Driver] Data is sent to DUT
# [Monitor] Data is sent to Scoreboard
# [Base] Write finished! Write Random Data 63 at Address 02
# [Scoreboard] Get packet from Monitor: Address: 02, Data: 00
# [Stimulus] Packet is sent to Driver
#   1
# [Driver] Data is sent to DUT
# [Monitor] Data is sent to Scoreboard
# [base] Write finished! Write data 04 at Address 00
# [Scoreboard] Get packet from Monitor: Address: 00, Data: 00
# [Stimulus] Packet is sent to Driver
#   0
# [Driver] Data is sent to DUT
# [Monitor] Data is sent to Scoreboard
# [base] Write finished! Write data 01 at Address 00
# [Scoreboard] Get packet from Monitor: Address: 00, Data: 00
# 
# ===== t=31690000 PASSED SUCCESSFULLY !!! Expected timing is 785000, Actual timing is 799999 =====
# 
# [Stimulus] Packet is sent to Driver
# [Driver] Data is sent to DUT
# [Monitor] Data is sent to Scoreboard
# [base] Write finished! Write data 01 at Address 03
# [Scoreboard] Get packet from Monitor: Address: 03, Data: 00
# [Stimulus] Packet is sent to Driver
# [Driver] Data is sent to DUT
# [Monitor] Data is sent to Scoreboard
# [Base] Write finished! Write Random Data 3a at Address 02
# [Scoreboard] Get packet from Monitor: Address: 02, Data: 00
# [Stimulus] Packet is sent to Driver
#   1
# [Driver] Data is sent to DUT
# [Monitor] Data is sent to Scoreboard
# [base] Write finished! Write data 04 at Address 00
# [Scoreboard] Get packet from Monitor: Address: 00, Data: 00
# [Stimulus] Packet is sent to Driver
#   0
# [Driver] Data is sent to DUT
# [Monitor] Data is sent to Scoreboard
# [base] Write finished! Write data 01 at Address 00
# [Scoreboard] Get packet from Monitor: Address: 00, Data: 00
# 
# ===== t=32970000 PASSED SUCCESSFULLY !!! Expected timing is 990000, Actual timing is 999999 =====
# 
# [Stimulus] Packet is sent to Driver
# [Driver] Data is sent to DUT
# [Monitor] Data is sent to Scoreboard
# [base] Write finished! Write data 01 at Address 03
# [Scoreboard] Get packet from Monitor: Address: 03, Data: 00
# [Stimulus] Packet is sent to Driver
# [Driver] Data is sent to DUT
# [Monitor] Data is sent to Scoreboard
# [Base] Write finished! Write Random Data c4 at Address 02
# [Scoreboard] Get packet from Monitor: Address: 02, Data: 00
# [Stimulus] Packet is sent to Driver
#   1
# [Driver] Data is sent to DUT
# [Monitor] Data is sent to Scoreboard
# [base] Write finished! Write data 04 at Address 00
# [Scoreboard] Get packet from Monitor: Address: 00, Data: 00
# [Stimulus] Packet is sent to Driver
#   0
# [Driver] Data is sent to DUT
# [Monitor] Data is sent to Scoreboard
# [base] Write finished! Write data 01 at Address 00
# [Scoreboard] Get packet from Monitor: Address: 00, Data: 00
# 
# ===== t=33570000 PASSED SUCCESSFULLY !!! Expected timing is 300000, Actual timing is 319999 =====
# 
# [Stimulus] Packet is sent to Driver
# [Driver] Data is sent to DUT
# [Monitor] Data is sent to Scoreboard
# [base] Write finished! Write data 01 at Address 03
# [Scoreboard] Get packet from Monitor: Address: 03, Data: 00
# [Stimulus] Packet is sent to Driver
# [Driver] Data is sent to DUT
# [Monitor] Data is sent to Scoreboard
# [Base] Write finished! Write Random Data cc at Address 02
# [Scoreboard] Get packet from Monitor: Address: 02, Data: 00
# [Stimulus] Packet is sent to Driver
#   1
# [Driver] Data is sent to DUT
# [Monitor] Data is sent to Scoreboard
# [base] Write finished! Write data 04 at Address 00
# [Scoreboard] Get packet from Monitor: Address: 00, Data: 00
# [Stimulus] Packet is sent to Driver
#   0
# [Driver] Data is sent to DUT
# [Monitor] Data is sent to Scoreboard
# [base] Write finished! Write data 01 at Address 00
# [Scoreboard] Get packet from Monitor: Address: 00, Data: 00
# 
# ===== t=34130000 PASSED SUCCESSFULLY !!! Expected timing is 260000, Actual timing is 279999 =====
# 
# [Stimulus] Packet is sent to Driver
# [Driver] Data is sent to DUT
# [Monitor] Data is sent to Scoreboard
# [base] Write finished! Write data 01 at Address 03
# [Scoreboard] Get packet from Monitor: Address: 03, Data: 00
# [Stimulus] Packet is sent to Driver
# [Driver] Data is sent to DUT
# [Monitor] Data is sent to Scoreboard
# [Base] Write finished! Write Random Data 83 at Address 02
# [Scoreboard] Get packet from Monitor: Address: 02, Data: 00
# [Stimulus] Packet is sent to Driver
#   1
# [Driver] Data is sent to DUT
# [Monitor] Data is sent to Scoreboard
# [base] Write finished! Write data 04 at Address 00
# [Scoreboard] Get packet from Monitor: Address: 00, Data: 00
# [Stimulus] Packet is sent to Driver
#   0
# [Driver] Data is sent to DUT
# [Monitor] Data is sent to Scoreboard
# [base] Write finished! Write data 01 at Address 00
# [Scoreboard] Get packet from Monitor: Address: 00, Data: 00
# 
# ===== t=35050000 PASSED SUCCESSFULLY !!! Expected timing is 625000, Actual timing is 639999 =====
# 
# [Stimulus] Packet is sent to Driver
# [Driver] Data is sent to DUT
# [Monitor] Data is sent to Scoreboard
# [base] Write finished! Write data 01 at Address 03
# [Scoreboard] Get packet from Monitor: Address: 03, Data: 00
# [Stimulus] Packet is sent to Driver
# [Driver] Data is sent to DUT
# [Monitor] Data is sent to Scoreboard
# [Base] Write finished! Write Random Data 66 at Address 02
# [Scoreboard] Get packet from Monitor: Address: 02, Data: 00
# [Stimulus] Packet is sent to Driver
#   1
# [Driver] Data is sent to DUT
# [Monitor] Data is sent to Scoreboard
# [base] Write finished! Write data 04 at Address 00
# [Scoreboard] Get packet from Monitor: Address: 00, Data: 00
# [Stimulus] Packet is sent to Driver
#   0
# [Driver] Data is sent to DUT
# [Monitor] Data is sent to Scoreboard
# [base] Write finished! Write data 01 at Address 00
# [Scoreboard] Get packet from Monitor: Address: 00, Data: 00
# 
# ===== t=36110000 PASSED SUCCESSFULLY !!! Expected timing is 770000, Actual timing is 779999 =====
# 
# [Stimulus] Packet is sent to Driver
# [Driver] Data is sent to DUT
# [Monitor] Data is sent to Scoreboard
# [base] Write finished! Write data 01 at Address 03
# [Scoreboard] Get packet from Monitor: Address: 03, Data: 00
# [Stimulus] Packet is sent to Driver
# [Driver] Data is sent to DUT
# [Monitor] Data is sent to Scoreboard
# [Base] Write finished! Write Random Data c3 at Address 02
# [Scoreboard] Get packet from Monitor: Address: 02, Data: 00
# [Stimulus] Packet is sent to Driver
#   1
# [Driver] Data is sent to DUT
# [Monitor] Data is sent to Scoreboard
# [base] Write finished! Write data 04 at Address 00
# [Scoreboard] Get packet from Monitor: Address: 00, Data: 00
# [Stimulus] Packet is sent to Driver
#   0
# [Driver] Data is sent to DUT
# [Monitor] Data is sent to Scoreboard
# [base] Write finished! Write data 01 at Address 00
# [Scoreboard] Get packet from Monitor: Address: 00, Data: 00
# 
# ===== t=36710000 PASSED SUCCESSFULLY !!! Expected timing is 305000, Actual timing is 319999 =====
# 
# [Stimulus] Packet is sent to Driver
# [Driver] Data is sent to DUT
# [Monitor] Data is sent to Scoreboard
# [base] Write finished! Write data 01 at Address 03
# [Scoreboard] Get packet from Monitor: Address: 03, Data: 00
# [Stimulus] Packet is sent to Driver
# [Driver] Data is sent to DUT
# [Monitor] Data is sent to Scoreboard
# [Base] Write finished! Write Random Data 10 at Address 02
# [Scoreboard] Get packet from Monitor: Address: 02, Data: 00
# [Stimulus] Packet is sent to Driver
#   1
# [Driver] Data is sent to DUT
# [Monitor] Data is sent to Scoreboard
# [base] Write finished! Write data 04 at Address 00
# [Scoreboard] Get packet from Monitor: Address: 00, Data: 00
# [Stimulus] Packet is sent to Driver
#   0
# [Driver] Data is sent to DUT
# [Monitor] Data is sent to Scoreboard
# [base] Write finished! Write data 01 at Address 00
# [Scoreboard] Get packet from Monitor: Address: 00, Data: 00
# 
# ===== t=38210000 PASSED SUCCESSFULLY !!! Expected timing is 1200000, Actual timing is 1219999 =====
# 
# [Stimulus] Packet is sent to Driver
# [Driver] Data is sent to DUT
# [Monitor] Data is sent to Scoreboard
# [base] Write finished! Write data 01 at Address 03
# [Scoreboard] Get packet from Monitor: Address: 03, Data: 00
# [Stimulus] Packet is sent to Driver
# [Driver] Data is sent to DUT
# [Monitor] Data is sent to Scoreboard
# [Base] Write finished! Write Random Data 1a at Address 02
# [Scoreboard] Get packet from Monitor: Address: 02, Data: 00
# [Stimulus] Packet is sent to Driver
#   1
# [Driver] Data is sent to DUT
# [Monitor] Data is sent to Scoreboard
# [base] Write finished! Write data 04 at Address 00
# [Scoreboard] Get packet from Monitor: Address: 00, Data: 00
# [Stimulus] Packet is sent to Driver
#   0
# [Driver] Data is sent to DUT
# [Monitor] Data is sent to Scoreboard
# [base] Write finished! Write data 01 at Address 00
# [Scoreboard] Get packet from Monitor: Address: 00, Data: 00
# 
# ===== t=39650000 PASSED SUCCESSFULLY !!! Expected timing is 1150000, Actual timing is 1159999 =====
# 
# [Stimulus] Packet is sent to Driver
# [Driver] Data is sent to DUT
# [Monitor] Data is sent to Scoreboard
# [base] Write finished! Write data 01 at Address 03
# [Scoreboard] Get packet from Monitor: Address: 03, Data: 00
# [Stimulus] Packet is sent to Driver
# [Driver] Data is sent to DUT
# [Monitor] Data is sent to Scoreboard
# [Base] Write finished! Write Random Data 5d at Address 02
# [Scoreboard] Get packet from Monitor: Address: 02, Data: 00
# [Stimulus] Packet is sent to Driver
#   1
# [Driver] Data is sent to DUT
# [Monitor] Data is sent to Scoreboard
# [base] Write finished! Write data 04 at Address 00
# [Scoreboard] Get packet from Monitor: Address: 00, Data: 00
# [Stimulus] Packet is sent to Driver
#   0
# [Driver] Data is sent to DUT
# [Monitor] Data is sent to Scoreboard
# [base] Write finished! Write data 01 at Address 00
# [Scoreboard] Get packet from Monitor: Address: 00, Data: 00
# 
# ===== t=40750000 PASSED SUCCESSFULLY !!! Expected timing is 815000, Actual timing is 819999 =====
# 
# [Stimulus] Packet is sent to Driver
# [Driver] Data is sent to DUT
# [Monitor] Data is sent to Scoreboard
# [base] Write finished! Write data 01 at Address 03
# [Scoreboard] Get packet from Monitor: Address: 03, Data: 00
# [Stimulus] Packet is sent to Driver
# [Driver] Data is sent to DUT
# [Monitor] Data is sent to Scoreboard
# [Base] Write finished! Write Random Data bb at Address 02
# [Scoreboard] Get packet from Monitor: Address: 02, Data: 00
# [Stimulus] Packet is sent to Driver
#   1
# [Driver] Data is sent to DUT
# [Monitor] Data is sent to Scoreboard
# [base] Write finished! Write data 04 at Address 00
# [Scoreboard] Get packet from Monitor: Address: 00, Data: 00
# [Stimulus] Packet is sent to Driver
#   0
# [Driver] Data is sent to DUT
# [Monitor] Data is sent to Scoreboard
# [base] Write finished! Write data 01 at Address 00
# [Scoreboard] Get packet from Monitor: Address: 00, Data: 00
# 
# ===== t=41390000 PASSED SUCCESSFULLY !!! Expected timing is 345000, Actual timing is 359999 =====
# 
# [Stimulus] Packet is sent to Driver
# [Driver] Data is sent to DUT
# [Monitor] Data is sent to Scoreboard
# [base] Write finished! Write data 01 at Address 03
# [Scoreboard] Get packet from Monitor: Address: 03, Data: 00
# [Stimulus] Packet is sent to Driver
# [Driver] Data is sent to DUT
# [Monitor] Data is sent to Scoreboard
# [Base] Write finished! Write Random Data 69 at Address 02
# [Scoreboard] Get packet from Monitor: Address: 02, Data: 00
# [Stimulus] Packet is sent to Driver
#   1
# [Driver] Data is sent to DUT
# [Monitor] Data is sent to Scoreboard
# [base] Write finished! Write data 04 at Address 00
# [Scoreboard] Get packet from Monitor: Address: 00, Data: 00
# [Stimulus] Packet is sent to Driver
#   0
# [Driver] Data is sent to DUT
# [Monitor] Data is sent to Scoreboard
# [base] Write finished! Write data 01 at Address 00
# [Scoreboard] Get packet from Monitor: Address: 00, Data: 00
# 
# ===== t=42430000 PASSED SUCCESSFULLY !!! Expected timing is 755000, Actual timing is 759999 =====
# 
# [Stimulus] Packet is sent to Driver
# [Driver] Data is sent to DUT
# [Monitor] Data is sent to Scoreboard
# [base] Write finished! Write data 01 at Address 03
# [Scoreboard] Get packet from Monitor: Address: 03, Data: 00
# [Stimulus] Packet is sent to Driver
# [Driver] Data is sent to DUT
# [Monitor] Data is sent to Scoreboard
# [Base] Write finished! Write Random Data f2 at Address 02
# [Scoreboard] Get packet from Monitor: Address: 02, Data: 00
# [Stimulus] Packet is sent to Driver
#   1
# [Driver] Data is sent to DUT
# [Monitor] Data is sent to Scoreboard
# [base] Write finished! Write data 04 at Address 00
# [Scoreboard] Get packet from Monitor: Address: 00, Data: 00
# [Stimulus] Packet is sent to Driver
#   0
# [Driver] Data is sent to DUT
# [Monitor] Data is sent to Scoreboard
# [base] Write finished! Write data 01 at Address 00
# [Scoreboard] Get packet from Monitor: Address: 00, Data: 00
# 
# ===== t=42790000 PASSED SUCCESSFULLY !!! Expected timing is 70000, Actual timing is 79999 =====
# 
# [Stimulus] Packet is sent to Driver
# [Driver] Data is sent to DUT
# [Monitor] Data is sent to Scoreboard
# [base] Write finished! Write data 01 at Address 03
# [Scoreboard] Get packet from Monitor: Address: 03, Data: 00
# [Stimulus] Packet is sent to Driver
# [Driver] Data is sent to DUT
# [Monitor] Data is sent to Scoreboard
# [Base] Write finished! Write Random Data 77 at Address 02
# [Scoreboard] Get packet from Monitor: Address: 02, Data: 00
# [Stimulus] Packet is sent to Driver
#   1
# [Driver] Data is sent to DUT
# [Monitor] Data is sent to Scoreboard
# [base] Write finished! Write data 04 at Address 00
# [Scoreboard] Get packet from Monitor: Address: 00, Data: 00
# [Stimulus] Packet is sent to Driver
#   0
# [Driver] Data is sent to DUT
# [Monitor] Data is sent to Scoreboard
# [base] Write finished! Write data 01 at Address 00
# [Scoreboard] Get packet from Monitor: Address: 00, Data: 00
# 
# ===== t=43770000 PASSED SUCCESSFULLY !!! Expected timing is 685000, Actual timing is 699999 =====
# 
# [Stimulus] Packet is sent to Driver
# [Driver] Data is sent to DUT
# [Monitor] Data is sent to Scoreboard
# [base] Write finished! Write data 01 at Address 03
# [Scoreboard] Get packet from Monitor: Address: 03, Data: 00
# [Stimulus] Packet is sent to Driver
# [Driver] Data is sent to DUT
# [Monitor] Data is sent to Scoreboard
# [Base] Write finished! Write Random Data a3 at Address 02
# [Scoreboard] Get packet from Monitor: Address: 02, Data: 00
# [Stimulus] Packet is sent to Driver
#   1
# [Driver] Data is sent to DUT
# [Monitor] Data is sent to Scoreboard
# [base] Write finished! Write data 04 at Address 00
# [Scoreboard] Get packet from Monitor: Address: 00, Data: 00
# [Stimulus] Packet is sent to Driver
#   0
# [Driver] Data is sent to DUT
# [Monitor] Data is sent to Scoreboard
# [base] Write finished! Write data 01 at Address 00
# [Scoreboard] Get packet from Monitor: Address: 00, Data: 00
# 
# ===== t=44530000 PASSED SUCCESSFULLY !!! Expected timing is 465000, Actual timing is 479999 =====
# 
# [Stimulus] Packet is sent to Driver
# [Driver] Data is sent to DUT
# [Monitor] Data is sent to Scoreboard
# [base] Write finished! Write data 01 at Address 03
# [Scoreboard] Get packet from Monitor: Address: 03, Data: 00
# [Stimulus] Packet is sent to Driver
# [Driver] Data is sent to DUT
# [Monitor] Data is sent to Scoreboard
# [Base] Write finished! Write Random Data 08 at Address 02
# [Scoreboard] Get packet from Monitor: Address: 02, Data: 00
# [Stimulus] Packet is sent to Driver
#   1
# [Driver] Data is sent to DUT
# [Monitor] Data is sent to Scoreboard
# [base] Write finished! Write data 04 at Address 00
# [Scoreboard] Get packet from Monitor: Address: 00, Data: 00
# [Stimulus] Packet is sent to Driver
#   0
# [Driver] Data is sent to DUT
# [Monitor] Data is sent to Scoreboard
# [base] Write finished! Write data 01 at Address 00
# [Scoreboard] Get packet from Monitor: Address: 00, Data: 00
# 
# ===== t=46070000 PASSED SUCCESSFULLY !!! Expected timing is 1240000, Actual timing is 1259999 =====
# 
# [Stimulus] Packet is sent to Driver
# [Driver] Data is sent to DUT
# [Monitor] Data is sent to Scoreboard
# [base] Write finished! Write data 01 at Address 03
# [Scoreboard] Get packet from Monitor: Address: 03, Data: 00
# [Stimulus] Packet is sent to Driver
# [Driver] Data is sent to DUT
# [Monitor] Data is sent to Scoreboard
# [Base] Write finished! Write Random Data dc at Address 02
# [Scoreboard] Get packet from Monitor: Address: 02, Data: 00
# [Stimulus] Packet is sent to Driver
#   1
# [Driver] Data is sent to DUT
# [Monitor] Data is sent to Scoreboard
# [base] Write finished! Write data 04 at Address 00
# [Scoreboard] Get packet from Monitor: Address: 00, Data: 00
# [Stimulus] Packet is sent to Driver
#   0
# [Driver] Data is sent to DUT
# [Monitor] Data is sent to Scoreboard
# [base] Write finished! Write data 01 at Address 00
# [Scoreboard] Get packet from Monitor: Address: 00, Data: 00
# 
# ===== t=46550000 PASSED SUCCESSFULLY !!! Expected timing is 180000, Actual timing is 199999 =====
# 
# [Stimulus] Packet is sent to Driver
# [Driver] Data is sent to DUT
# [Monitor] Data is sent to Scoreboard
# [base] Write finished! Write data 01 at Address 03
# [Scoreboard] Get packet from Monitor: Address: 03, Data: 00
# [Stimulus] Packet is sent to Driver
# [Driver] Data is sent to DUT
# [Monitor] Data is sent to Scoreboard
# [Base] Write finished! Write Random Data d3 at Address 02
# [Scoreboard] Get packet from Monitor: Address: 02, Data: 00
# [Stimulus] Packet is sent to Driver
#   1
# [Driver] Data is sent to DUT
# [Monitor] Data is sent to Scoreboard
# [base] Write finished! Write data 04 at Address 00
# [Scoreboard] Get packet from Monitor: Address: 00, Data: 00
# [Stimulus] Packet is sent to Driver
#   0
# [Driver] Data is sent to DUT
# [Monitor] Data is sent to Scoreboard
# [base] Write finished! Write data 01 at Address 00
# [Scoreboard] Get packet from Monitor: Address: 00, Data: 00
# 
# ===== t=47070000 PASSED SUCCESSFULLY !!! Expected timing is 225000, Actual timing is 239999 =====
# 
# [Stimulus] Packet is sent to Driver
# [Driver] Data is sent to DUT
# [Monitor] Data is sent to Scoreboard
# [base] Write finished! Write data 01 at Address 03
# [Scoreboard] Get packet from Monitor: Address: 03, Data: 00
# [Stimulus] Packet is sent to Driver
# [Driver] Data is sent to DUT
# [Monitor] Data is sent to Scoreboard
# [Base] Write finished! Write Random Data 17 at Address 02
# [Scoreboard] Get packet from Monitor: Address: 02, Data: 00
# [Stimulus] Packet is sent to Driver
#   1
# [Driver] Data is sent to DUT
# [Monitor] Data is sent to Scoreboard
# [base] Write finished! Write data 04 at Address 00
# [Scoreboard] Get packet from Monitor: Address: 00, Data: 00
# [Stimulus] Packet is sent to Driver
#   0
# [Driver] Data is sent to DUT
# [Monitor] Data is sent to Scoreboard
# [base] Write finished! Write data 01 at Address 00
# [Scoreboard] Get packet from Monitor: Address: 00, Data: 00
# 
# ===== t=48530000 PASSED SUCCESSFULLY !!! Expected timing is 1165000, Actual timing is 1179999 =====
# 
# [Stimulus] Packet is sent to Driver
# [Driver] Data is sent to DUT
# [Monitor] Data is sent to Scoreboard
# [base] Write finished! Write data 01 at Address 03
# [Scoreboard] Get packet from Monitor: Address: 03, Data: 00
# [Stimulus] Packet is sent to Driver
# [Driver] Data is sent to DUT
# [Monitor] Data is sent to Scoreboard
# [Base] Write finished! Write Random Data c5 at Address 02
# [Scoreboard] Get packet from Monitor: Address: 02, Data: 00
# [Stimulus] Packet is sent to Driver
#   1
# [Driver] Data is sent to DUT
# [Monitor] Data is sent to Scoreboard
# [base] Write finished! Write data 04 at Address 00
# [Scoreboard] Get packet from Monitor: Address: 00, Data: 00
# [Stimulus] Packet is sent to Driver
#   0
# [Driver] Data is sent to DUT
# [Monitor] Data is sent to Scoreboard
# [base] Write finished! Write data 01 at Address 00
# [Scoreboard] Get packet from Monitor: Address: 00, Data: 00
# 
# ===== t=49110000 PASSED SUCCESSFULLY !!! Expected timing is 295000, Actual timing is 299999 =====
# 
# [Stimulus] Packet is sent to Driver
# [Driver] Data is sent to DUT
# [Monitor] Data is sent to Scoreboard
# [base] Write finished! Write data 01 at Address 03
# [Scoreboard] Get packet from Monitor: Address: 03, Data: 00
# [Stimulus] Packet is sent to Driver
# [Driver] Data is sent to DUT
# [Monitor] Data is sent to Scoreboard
# [Base] Write finished! Write Random Data 32 at Address 02
# [Scoreboard] Get packet from Monitor: Address: 02, Data: 00
# [Stimulus] Packet is sent to Driver
#   1
# [Driver] Data is sent to DUT
# [Monitor] Data is sent to Scoreboard
# [base] Write finished! Write data 04 at Address 00
# [Scoreboard] Get packet from Monitor: Address: 00, Data: 00
# [Stimulus] Packet is sent to Driver
#   0
# [Driver] Data is sent to DUT
# [Monitor] Data is sent to Scoreboard
# [base] Write finished! Write data 01 at Address 00
# [Scoreboard] Get packet from Monitor: Address: 00, Data: 00
# 
# ===== t=50430000 PASSED SUCCESSFULLY !!! Expected timing is 1030000, Actual timing is 1039999 =====
# 
# [Stimulus] Packet is sent to Driver
# [Driver] Data is sent to DUT
# [Monitor] Data is sent to Scoreboard
# [base] Write finished! Write data 01 at Address 03
# [Scoreboard] Get packet from Monitor: Address: 03, Data: 00
# [Stimulus] Packet is sent to Driver
# [Driver] Data is sent to DUT
# [Monitor] Data is sent to Scoreboard
# [Base] Write finished! Write Random Data d5 at Address 02
# [Scoreboard] Get packet from Monitor: Address: 02, Data: 00
# [Stimulus] Packet is sent to Driver
#   1
# [Driver] Data is sent to DUT
# [Monitor] Data is sent to Scoreboard
# [base] Write finished! Write data 04 at Address 00
# [Scoreboard] Get packet from Monitor: Address: 00, Data: 00
# [Stimulus] Packet is sent to Driver
#   0
# [Driver] Data is sent to DUT
# [Monitor] Data is sent to Scoreboard
# [base] Write finished! Write data 01 at Address 00
# [Scoreboard] Get packet from Monitor: Address: 00, Data: 00
# 
# ===== t=50930000 PASSED SUCCESSFULLY !!! Expected timing is 215000, Actual timing is 219999 =====
# 
# [Stimulus] Packet is sent to Driver
# [Driver] Data is sent to DUT
# [Monitor] Data is sent to Scoreboard
# [base] Write finished! Write data 01 at Address 03
# [Scoreboard] Get packet from Monitor: Address: 03, Data: 00
# [Stimulus] Packet is sent to Driver
# [Driver] Data is sent to DUT
# [Monitor] Data is sent to Scoreboard
# [Base] Write finished! Write Random Data fd at Address 02
# [Scoreboard] Get packet from Monitor: Address: 02, Data: 00
# [Stimulus] Packet is sent to Driver
#   1
# [Driver] Data is sent to DUT
# [Monitor] Data is sent to Scoreboard
# [base] Write finished! Write data 04 at Address 00
# [Scoreboard] Get packet from Monitor: Address: 00, Data: 00
# [Stimulus] Packet is sent to Driver
#   0
# [Driver] Data is sent to DUT
# [Monitor] Data is sent to Scoreboard
# [base] Write finished! Write data 01 at Address 00
# [Scoreboard] Get packet from Monitor: Address: 00, Data: 00
# 
# ===== t=51230000 PASSED SUCCESSFULLY !!! Expected timing is 15000, Actual timing is 19999 =====
# 
# [Stimulus] Packet is sent to Driver
# [Driver] Data is sent to DUT
# [Monitor] Data is sent to Scoreboard
# [base] Write finished! Write data 01 at Address 03
# [Scoreboard] Get packet from Monitor: Address: 03, Data: 00
# [Stimulus] Packet is sent to Driver
# [Driver] Data is sent to DUT
# [Monitor] Data is sent to Scoreboard
# [Base] Write finished! Write Random Data 82 at Address 02
# [Scoreboard] Get packet from Monitor: Address: 02, Data: 00
# [Stimulus] Packet is sent to Driver
#   1
# [Driver] Data is sent to DUT
# [Monitor] Data is sent to Scoreboard
# [base] Write finished! Write data 04 at Address 00
# [Scoreboard] Get packet from Monitor: Address: 00, Data: 00
# [Stimulus] Packet is sent to Driver
#   0
# [Driver] Data is sent to DUT
# [Monitor] Data is sent to Scoreboard
# [base] Write finished! Write data 01 at Address 00
# [Scoreboard] Get packet from Monitor: Address: 00, Data: 00
# 
# ===== t=52150000 PASSED SUCCESSFULLY !!! Expected timing is 630000, Actual timing is 639999 =====
# 
# [Stimulus] Packet is sent to Driver
# [Driver] Data is sent to DUT
# [Monitor] Data is sent to Scoreboard
# [base] Write finished! Write data 01 at Address 03
# [Scoreboard] Get packet from Monitor: Address: 03, Data: 00
# [Stimulus] Packet is sent to Driver
# [Driver] Data is sent to DUT
# [Monitor] Data is sent to Scoreboard
# [Base] Write finished! Write Random Data 86 at Address 02
# [Scoreboard] Get packet from Monitor: Address: 02, Data: 00
# [Stimulus] Packet is sent to Driver
#   1
# [Driver] Data is sent to DUT
# [Monitor] Data is sent to Scoreboard
# [base] Write finished! Write data 04 at Address 00
# [Scoreboard] Get packet from Monitor: Address: 00, Data: 00
# [Stimulus] Packet is sent to Driver
#   0
# [Driver] Data is sent to DUT
# [Monitor] Data is sent to Scoreboard
# [base] Write finished! Write data 01 at Address 00
# [Scoreboard] Get packet from Monitor: Address: 00, Data: 00
# 
# ===== t=53050000 PASSED SUCCESSFULLY !!! Expected timing is 610000, Actual timing is 619999 =====
# 
# [Stimulus] Packet is sent to Driver
# [Driver] Data is sent to DUT
# [Monitor] Data is sent to Scoreboard
# [base] Write finished! Write data 01 at Address 03
# [Scoreboard] Get packet from Monitor: Address: 03, Data: 00
# [Stimulus] Packet is sent to Driver
# [Driver] Data is sent to DUT
# [Monitor] Data is sent to Scoreboard
# [Base] Write finished! Write Random Data b9 at Address 02
# [Scoreboard] Get packet from Monitor: Address: 02, Data: 00
# [Stimulus] Packet is sent to Driver
#   1
# [Driver] Data is sent to DUT
# [Monitor] Data is sent to Scoreboard
# [base] Write finished! Write data 04 at Address 00
# [Scoreboard] Get packet from Monitor: Address: 00, Data: 00
# [Stimulus] Packet is sent to Driver
#   0
# [Driver] Data is sent to DUT
# [Monitor] Data is sent to Scoreboard
# [base] Write finished! Write data 01 at Address 00
# [Scoreboard] Get packet from Monitor: Address: 00, Data: 00
# 
# ===== t=53690000 PASSED SUCCESSFULLY !!! Expected timing is 355000, Actual timing is 359999 =====
# 
# [Stimulus] Packet is sent to Driver
# [Driver] Data is sent to DUT
# [Monitor] Data is sent to Scoreboard
# [base] Write finished! Write data 01 at Address 03
# [Scoreboard] Get packet from Monitor: Address: 03, Data: 00
# [Stimulus] Packet is sent to Driver
# [Driver] Data is sent to DUT
# [Monitor] Data is sent to Scoreboard
# [Base] Write finished! Write Random Data 57 at Address 02
# [Scoreboard] Get packet from Monitor: Address: 02, Data: 00
# [Stimulus] Packet is sent to Driver
#   1
# [Driver] Data is sent to DUT
# [Monitor] Data is sent to Scoreboard
# [base] Write finished! Write data 04 at Address 00
# [Scoreboard] Get packet from Monitor: Address: 00, Data: 00
# [Stimulus] Packet is sent to Driver
#   0
# [Driver] Data is sent to DUT
# [Monitor] Data is sent to Scoreboard
# [base] Write finished! Write data 01 at Address 00
# [Scoreboard] Get packet from Monitor: Address: 00, Data: 00
# 
# ===== t=54830000 PASSED SUCCESSFULLY !!! Expected timing is 845000, Actual timing is 859999 =====
# 
# [Stimulus] Packet is sent to Driver
# [Driver] Data is sent to DUT
# [Monitor] Data is sent to Scoreboard
# [base] Write finished! Write data 01 at Address 03
# [Scoreboard] Get packet from Monitor: Address: 03, Data: 00
# [Stimulus] Packet is sent to Driver
# [Driver] Data is sent to DUT
# [Monitor] Data is sent to Scoreboard
# [Base] Write finished! Write Random Data 58 at Address 02
# [Scoreboard] Get packet from Monitor: Address: 02, Data: 00
# [Stimulus] Packet is sent to Driver
#   1
# [Driver] Data is sent to DUT
# [Monitor] Data is sent to Scoreboard
# [base] Write finished! Write data 04 at Address 00
# [Scoreboard] Get packet from Monitor: Address: 00, Data: 00
# [Stimulus] Packet is sent to Driver
#   0
# [Driver] Data is sent to DUT
# [Monitor] Data is sent to Scoreboard
# [base] Write finished! Write data 01 at Address 00
# [Scoreboard] Get packet from Monitor: Address: 00, Data: 00
# 
# ===== t=55970000 PASSED SUCCESSFULLY !!! Expected timing is 840000, Actual timing is 859999 =====
# 
# [Stimulus] Packet is sent to Driver
# [Driver] Data is sent to DUT
# [Monitor] Data is sent to Scoreboard
# [base] Write finished! Write data 01 at Address 03
# [Scoreboard] Get packet from Monitor: Address: 03, Data: 00
# [Stimulus] Packet is sent to Driver
# [Driver] Data is sent to DUT
# [Monitor] Data is sent to Scoreboard
# [Base] Write finished! Write Random Data 72 at Address 02
# [Scoreboard] Get packet from Monitor: Address: 02, Data: 00
# [Stimulus] Packet is sent to Driver
#   1
# [Driver] Data is sent to DUT
# [Monitor] Data is sent to Scoreboard
# [base] Write finished! Write data 04 at Address 00
# [Scoreboard] Get packet from Monitor: Address: 00, Data: 00
# [Stimulus] Packet is sent to Driver
#   0
# [Driver] Data is sent to DUT
# [Monitor] Data is sent to Scoreboard
# [base] Write finished! Write data 01 at Address 00
# [Scoreboard] Get packet from Monitor: Address: 00, Data: 00
# 
# ===== t=56970000 PASSED SUCCESSFULLY !!! Expected timing is 710000, Actual timing is 719999 =====
# 
# [Stimulus] Packet is sent to Driver
# [Driver] Data is sent to DUT
# [Monitor] Data is sent to Scoreboard
# [base] Write finished! Write data 01 at Address 03
# [Scoreboard] Get packet from Monitor: Address: 03, Data: 00
# [Stimulus] Packet is sent to Driver
# [Driver] Data is sent to DUT
# [Monitor] Data is sent to Scoreboard
# [Base] Write finished! Write Random Data 53 at Address 02
# [Scoreboard] Get packet from Monitor: Address: 02, Data: 00
# [Stimulus] Packet is sent to Driver
#   1
# [Driver] Data is sent to DUT
# [Monitor] Data is sent to Scoreboard
# [base] Write finished! Write data 04 at Address 00
# [Scoreboard] Get packet from Monitor: Address: 00, Data: 00
# [Stimulus] Packet is sent to Driver
#   0
# [Driver] Data is sent to DUT
# [Monitor] Data is sent to Scoreboard
# [base] Write finished! Write data 01 at Address 00
# [Scoreboard] Get packet from Monitor: Address: 00, Data: 00
# 
# ===== t=58130000 PASSED SUCCESSFULLY !!! Expected timing is 865000, Actual timing is 879999 =====
# 
# [Stimulus] Packet is sent to Driver
# [Driver] Data is sent to DUT
# [Monitor] Data is sent to Scoreboard
# [base] Write finished! Write data 01 at Address 03
# [Scoreboard] Get packet from Monitor: Address: 03, Data: 00
# [Stimulus] Packet is sent to Driver
# [Driver] Data is sent to DUT
# [Monitor] Data is sent to Scoreboard
# [Base] Write finished! Write Random Data 1f at Address 02
# [Scoreboard] Get packet from Monitor: Address: 02, Data: 00
# [Stimulus] Packet is sent to Driver
#   1
# [Driver] Data is sent to DUT
# [Monitor] Data is sent to Scoreboard
# [base] Write finished! Write data 04 at Address 00
# [Scoreboard] Get packet from Monitor: Address: 00, Data: 00
# [Stimulus] Packet is sent to Driver
#   0
# [Driver] Data is sent to DUT
# [Monitor] Data is sent to Scoreboard
# [base] Write finished! Write data 01 at Address 00
# [Scoreboard] Get packet from Monitor: Address: 00, Data: 00
# 
# ===== t=59550000 PASSED SUCCESSFULLY !!! Expected timing is 1125000, Actual timing is 1139999 =====
# 
# [Stimulus] Packet is sent to Driver
# [Driver] Data is sent to DUT
# [Monitor] Data is sent to Scoreboard
# [base] Write finished! Write data 01 at Address 03
# [Scoreboard] Get packet from Monitor: Address: 03, Data: 00
# [Stimulus] Packet is sent to Driver
# [Driver] Data is sent to DUT
# [Monitor] Data is sent to Scoreboard
# [Base] Write finished! Write Random Data d1 at Address 02
# [Scoreboard] Get packet from Monitor: Address: 02, Data: 00
# [Stimulus] Packet is sent to Driver
#   1
# [Driver] Data is sent to DUT
# [Monitor] Data is sent to Scoreboard
# [base] Write finished! Write data 04 at Address 00
# [Scoreboard] Get packet from Monitor: Address: 00, Data: 00
# [Stimulus] Packet is sent to Driver
#   0
# [Driver] Data is sent to DUT
# [Monitor] Data is sent to Scoreboard
# [base] Write finished! Write data 01 at Address 00
# [Scoreboard] Get packet from Monitor: Address: 00, Data: 00
# 
# ===== t=60070000 PASSED SUCCESSFULLY !!! Expected timing is 235000, Actual timing is 239999 =====
# 
# [Stimulus] Packet is sent to Driver
# [Driver] Data is sent to DUT
# [Monitor] Data is sent to Scoreboard
# [base] Write finished! Write data 01 at Address 03
# [Scoreboard] Get packet from Monitor: Address: 03, Data: 00
# [Stimulus] Packet is sent to Driver
# [Driver] Data is sent to DUT
# [Monitor] Data is sent to Scoreboard
# [Base] Write finished! Write Random Data 7e at Address 02
# [Scoreboard] Get packet from Monitor: Address: 02, Data: 00
# [Stimulus] Packet is sent to Driver
#   1
# [Driver] Data is sent to DUT
# [Monitor] Data is sent to Scoreboard
# [base] Write finished! Write data 04 at Address 00
# [Scoreboard] Get packet from Monitor: Address: 00, Data: 00
# [Stimulus] Packet is sent to Driver
#   0
# [Driver] Data is sent to DUT
# [Monitor] Data is sent to Scoreboard
# [base] Write finished! Write data 01 at Address 00
# [Scoreboard] Get packet from Monitor: Address: 00, Data: 00
# 
# ===== t=61010000 PASSED SUCCESSFULLY !!! Expected timing is 650000, Actual timing is 659999 =====
# 
# [Stimulus] Packet is sent to Driver
# [Driver] Data is sent to DUT
# [Monitor] Data is sent to Scoreboard
# [base] Write finished! Write data 01 at Address 03
# [Scoreboard] Get packet from Monitor: Address: 03, Data: 00
# [Stimulus] Packet is sent to Driver
# [Driver] Data is sent to DUT
# [Monitor] Data is sent to Scoreboard
# [Base] Write finished! Write Random Data 45 at Address 02
# [Scoreboard] Get packet from Monitor: Address: 02, Data: 00
# [Stimulus] Packet is sent to Driver
#   1
# [Driver] Data is sent to DUT
# [Monitor] Data is sent to Scoreboard
# [base] Write finished! Write data 04 at Address 00
# [Scoreboard] Get packet from Monitor: Address: 00, Data: 00
# [Stimulus] Packet is sent to Driver
#   0
# [Driver] Data is sent to DUT
# [Monitor] Data is sent to Scoreboard
# [base] Write finished! Write data 01 at Address 00
# [Scoreboard] Get packet from Monitor: Address: 00, Data: 00
# 
# ===== t=62230000 PASSED SUCCESSFULLY !!! Expected timing is 935000, Actual timing is 939999 =====
# 
# [Stimulus] Packet is sent to Driver
# [Driver] Data is sent to DUT
# [Monitor] Data is sent to Scoreboard
# [base] Write finished! Write data 01 at Address 03
# [Scoreboard] Get packet from Monitor: Address: 03, Data: 00
# [Stimulus] Packet is sent to Driver
# [Driver] Data is sent to DUT
# [Monitor] Data is sent to Scoreboard
# [Base] Write finished! Write Random Data 89 at Address 02
# [Scoreboard] Get packet from Monitor: Address: 02, Data: 00
# [Stimulus] Packet is sent to Driver
#   1
# [Driver] Data is sent to DUT
# [Monitor] Data is sent to Scoreboard
# [base] Write finished! Write data 04 at Address 00
# [Scoreboard] Get packet from Monitor: Address: 00, Data: 00
# [Stimulus] Packet is sent to Driver
#   0
# [Driver] Data is sent to DUT
# [Monitor] Data is sent to Scoreboard
# [base] Write finished! Write data 01 at Address 00
# [Scoreboard] Get packet from Monitor: Address: 00, Data: 00
# 
# ===== t=63110000 PASSED SUCCESSFULLY !!! Expected timing is 595000, Actual timing is 599999 =====
# 
# [Stimulus] Packet is sent to Driver
# [Driver] Data is sent to DUT
# [Monitor] Data is sent to Scoreboard
# [base] Write finished! Write data 01 at Address 03
# [Scoreboard] Get packet from Monitor: Address: 03, Data: 00
# [Stimulus] Packet is sent to Driver
# [Driver] Data is sent to DUT
# [Monitor] Data is sent to Scoreboard
# [Base] Write finished! Write Random Data 7a at Address 02
# [Scoreboard] Get packet from Monitor: Address: 02, Data: 00
# [Stimulus] Packet is sent to Driver
#   1
# [Driver] Data is sent to DUT
# [Monitor] Data is sent to Scoreboard
# [base] Write finished! Write data 04 at Address 00
# [Scoreboard] Get packet from Monitor: Address: 00, Data: 00
# [Stimulus] Packet is sent to Driver
#   0
# [Driver] Data is sent to DUT
# [Monitor] Data is sent to Scoreboard
# [base] Write finished! Write data 01 at Address 00
# [Scoreboard] Get packet from Monitor: Address: 00, Data: 00
# 
# ===== t=64070000 PASSED SUCCESSFULLY !!! Expected timing is 670000, Actual timing is 679999 =====
# 
# [Stimulus] Packet is sent to Driver
# [Driver] Data is sent to DUT
# [Monitor] Data is sent to Scoreboard
# [base] Write finished! Write data 01 at Address 03
# [Scoreboard] Get packet from Monitor: Address: 03, Data: 00
# [Stimulus] Packet is sent to Driver
# [Driver] Data is sent to DUT
# [Monitor] Data is sent to Scoreboard
# [Base] Write finished! Write Random Data 04 at Address 02
# [Scoreboard] Get packet from Monitor: Address: 02, Data: 00
# [Stimulus] Packet is sent to Driver
#   1
# [Driver] Data is sent to DUT
# [Monitor] Data is sent to Scoreboard
# [base] Write finished! Write data 04 at Address 00
# [Scoreboard] Get packet from Monitor: Address: 00, Data: 00
# [Stimulus] Packet is sent to Driver
#   0
# [Driver] Data is sent to DUT
# [Monitor] Data is sent to Scoreboard
# [base] Write finished! Write data 01 at Address 00
# [Scoreboard] Get packet from Monitor: Address: 00, Data: 00
# 
# ===== t=65630000 PASSED SUCCESSFULLY !!! Expected timing is 1260000, Actual timing is 1279999 =====
# 
# [Stimulus] Packet is sent to Driver
# [Driver] Data is sent to DUT
# [Monitor] Data is sent to Scoreboard
# [base] Write finished! Write data 01 at Address 03
# [Scoreboard] Get packet from Monitor: Address: 03, Data: 00
# [Stimulus] Packet is sent to Driver
# [Driver] Data is sent to DUT
# [Monitor] Data is sent to Scoreboard
# [Base] Write finished! Write Random Data c5 at Address 02
# [Scoreboard] Get packet from Monitor: Address: 02, Data: 00
# [Stimulus] Packet is sent to Driver
#   1
# [Driver] Data is sent to DUT
# [Monitor] Data is sent to Scoreboard
# [base] Write finished! Write data 04 at Address 00
# [Scoreboard] Get packet from Monitor: Address: 00, Data: 00
# [Stimulus] Packet is sent to Driver
#   0
# [Driver] Data is sent to DUT
# [Monitor] Data is sent to Scoreboard
# [base] Write finished! Write data 01 at Address 00
# [Scoreboard] Get packet from Monitor: Address: 00, Data: 00
# 
# ===== t=66210000 PASSED SUCCESSFULLY !!! Expected timing is 295000, Actual timing is 299999 =====
# 
# [Stimulus] Packet is sent to Driver
# [Driver] Data is sent to DUT
# [Monitor] Data is sent to Scoreboard
# [base] Write finished! Write data 01 at Address 03
# [Scoreboard] Get packet from Monitor: Address: 03, Data: 00
# [Stimulus] Packet is sent to Driver
# [Driver] Data is sent to DUT
# [Monitor] Data is sent to Scoreboard
# [Base] Write finished! Write Random Data 13 at Address 02
# [Scoreboard] Get packet from Monitor: Address: 02, Data: 00
# [Stimulus] Packet is sent to Driver
#   1
# [Driver] Data is sent to DUT
# [Monitor] Data is sent to Scoreboard
# [base] Write finished! Write data 04 at Address 00
# [Scoreboard] Get packet from Monitor: Address: 00, Data: 00
# [Stimulus] Packet is sent to Driver
#   0
# [Driver] Data is sent to DUT
# [Monitor] Data is sent to Scoreboard
# [base] Write finished! Write data 01 at Address 00
# [Scoreboard] Get packet from Monitor: Address: 00, Data: 00
# 
# ===== t=67690000 PASSED SUCCESSFULLY !!! Expected timing is 1185000, Actual timing is 1199999 =====
# 
# [Stimulus] Packet is sent to Driver
# [Driver] Data is sent to DUT
# [Monitor] Data is sent to Scoreboard
# [base] Write finished! Write data 01 at Address 03
# [Scoreboard] Get packet from Monitor: Address: 03, Data: 00
# [Stimulus] Packet is sent to Driver
# [Driver] Data is sent to DUT
# [Monitor] Data is sent to Scoreboard
# [Base] Write finished! Write Random Data 18 at Address 02
# [Scoreboard] Get packet from Monitor: Address: 02, Data: 00
# [Stimulus] Packet is sent to Driver
#   1
# [Driver] Data is sent to DUT
# [Monitor] Data is sent to Scoreboard
# [base] Write finished! Write data 04 at Address 00
# [Scoreboard] Get packet from Monitor: Address: 00, Data: 00
# [Stimulus] Packet is sent to Driver
#   0
# [Driver] Data is sent to DUT
# [Monitor] Data is sent to Scoreboard
# [base] Write finished! Write data 01 at Address 00
# [Scoreboard] Get packet from Monitor: Address: 00, Data: 00
# 
# ===== t=69150000 PASSED SUCCESSFULLY !!! Expected timing is 1160000, Actual timing is 1179999 =====
# 
# [Stimulus] Packet is sent to Driver
# [Driver] Data is sent to DUT
# [Monitor] Data is sent to Scoreboard
# [base] Write finished! Write data 01 at Address 03
# [Scoreboard] Get packet from Monitor: Address: 03, Data: 00
# [Stimulus] Packet is sent to Driver
# [Driver] Data is sent to DUT
# [Monitor] Data is sent to Scoreboard
# [Base] Write finished! Write Random Data 25 at Address 02
# [Scoreboard] Get packet from Monitor: Address: 02, Data: 00
# [Stimulus] Packet is sent to Driver
#   1
# [Driver] Data is sent to DUT
# [Monitor] Data is sent to Scoreboard
# [base] Write finished! Write data 04 at Address 00
# [Scoreboard] Get packet from Monitor: Address: 00, Data: 00
# [Stimulus] Packet is sent to Driver
#   0
# [Driver] Data is sent to DUT
# [Monitor] Data is sent to Scoreboard
# [base] Write finished! Write data 01 at Address 00
# [Scoreboard] Get packet from Monitor: Address: 00, Data: 00
# 
# ===== t=70530000 PASSED SUCCESSFULLY !!! Expected timing is 1095000, Actual timing is 1099999 =====
# 
# [Stimulus] Packet is sent to Driver
# [Driver] Data is sent to DUT
# [Monitor] Data is sent to Scoreboard
# [base] Write finished! Write data 01 at Address 03
# [Scoreboard] Get packet from Monitor: Address: 03, Data: 00
# [Stimulus] Packet is sent to Driver
# [Driver] Data is sent to DUT
# [Monitor] Data is sent to Scoreboard
# [Base] Write finished! Write Random Data c0 at Address 02
# [Scoreboard] Get packet from Monitor: Address: 02, Data: 00
# [Stimulus] Packet is sent to Driver
#   1
# [Driver] Data is sent to DUT
# [Monitor] Data is sent to Scoreboard
# [base] Write finished! Write data 04 at Address 00
# [Scoreboard] Get packet from Monitor: Address: 00, Data: 00
# [Stimulus] Packet is sent to Driver
#   0
# [Driver] Data is sent to DUT
# [Monitor] Data is sent to Scoreboard
# [base] Write finished! Write data 01 at Address 00
# [Scoreboard] Get packet from Monitor: Address: 00, Data: 00
# 
# ===== t=71150000 PASSED SUCCESSFULLY !!! Expected timing is 320000, Actual timing is 339999 =====
# 
# [Stimulus] Packet is sent to Driver
# [Driver] Data is sent to DUT
# [Monitor] Data is sent to Scoreboard
# [base] Write finished! Write data 01 at Address 03
# [Scoreboard] Get packet from Monitor: Address: 03, Data: 00
# [Stimulus] Packet is sent to Driver
# [Driver] Data is sent to DUT
# [Monitor] Data is sent to Scoreboard
# [Base] Write finished! Write Random Data 41 at Address 02
# [Scoreboard] Get packet from Monitor: Address: 02, Data: 00
# [Stimulus] Packet is sent to Driver
#   1
# [Driver] Data is sent to DUT
# [Monitor] Data is sent to Scoreboard
# [base] Write finished! Write data 04 at Address 00
# [Scoreboard] Get packet from Monitor: Address: 00, Data: 00
# [Stimulus] Packet is sent to Driver
#   0
# [Driver] Data is sent to DUT
# [Monitor] Data is sent to Scoreboard
# [base] Write finished! Write data 01 at Address 00
# [Scoreboard] Get packet from Monitor: Address: 00, Data: 00
# 
# ===== t=72390000 PASSED SUCCESSFULLY !!! Expected timing is 955000, Actual timing is 959999 =====
# 
# [Stimulus] Packet is sent to Driver
# [Driver] Data is sent to DUT
# [Monitor] Data is sent to Scoreboard
# [base] Write finished! Write data 01 at Address 03
# [Scoreboard] Get packet from Monitor: Address: 03, Data: 00
# [Stimulus] Packet is sent to Driver
# [Driver] Data is sent to DUT
# [Monitor] Data is sent to Scoreboard
# [Base] Write finished! Write Random Data 04 at Address 02
# [Scoreboard] Get packet from Monitor: Address: 02, Data: 00
# [Stimulus] Packet is sent to Driver
#   1
# [Driver] Data is sent to DUT
# [Monitor] Data is sent to Scoreboard
# [base] Write finished! Write data 04 at Address 00
# [Scoreboard] Get packet from Monitor: Address: 00, Data: 00
# [Stimulus] Packet is sent to Driver
#   0
# [Driver] Data is sent to DUT
# [Monitor] Data is sent to Scoreboard
# [base] Write finished! Write data 01 at Address 00
# [Scoreboard] Get packet from Monitor: Address: 00, Data: 00
# 
# ===== t=73950000 PASSED SUCCESSFULLY !!! Expected timing is 1260000, Actual timing is 1279999 =====
# 
# [Stimulus] Packet is sent to Driver
# [Driver] Data is sent to DUT
# [Monitor] Data is sent to Scoreboard
# [base] Write finished! Write data 01 at Address 03
# [Scoreboard] Get packet from Monitor: Address: 03, Data: 00
# [Stimulus] Packet is sent to Driver
# [Driver] Data is sent to DUT
# [Monitor] Data is sent to Scoreboard
# [Base] Write finished! Write Random Data eb at Address 02
# [Scoreboard] Get packet from Monitor: Address: 02, Data: 00
# [Stimulus] Packet is sent to Driver
#   1
# [Driver] Data is sent to DUT
# [Monitor] Data is sent to Scoreboard
# [base] Write finished! Write data 04 at Address 00
# [Scoreboard] Get packet from Monitor: Address: 00, Data: 00
# [Stimulus] Packet is sent to Driver
#   0
# [Driver] Data is sent to DUT
# [Monitor] Data is sent to Scoreboard
# [base] Write finished! Write data 01 at Address 00
# [Scoreboard] Get packet from Monitor: Address: 00, Data: 00
# 
# ===== t=74350000 PASSED SUCCESSFULLY !!! Expected timing is 105000, Actual timing is 119999 =====
# 
# [Stimulus] Packet is sent to Driver
# [Driver] Data is sent to DUT
# [Monitor] Data is sent to Scoreboard
# [base] Write finished! Write data 01 at Address 03
# [Scoreboard] Get packet from Monitor: Address: 03, Data: 00
# [Stimulus] Packet is sent to Driver
# [Driver] Data is sent to DUT
# [Monitor] Data is sent to Scoreboard
# [Base] Write finished! Write Random Data 9f at Address 02
# [Scoreboard] Get packet from Monitor: Address: 02, Data: 00
# [Stimulus] Packet is sent to Driver
#   1
# [Driver] Data is sent to DUT
# [Monitor] Data is sent to Scoreboard
# [base] Write finished! Write data 04 at Address 00
# [Scoreboard] Get packet from Monitor: Address: 00, Data: 00
# [Stimulus] Packet is sent to Driver
#   0
# [Driver] Data is sent to DUT
# [Monitor] Data is sent to Scoreboard
# [base] Write finished! Write data 01 at Address 00
# [Scoreboard] Get packet from Monitor: Address: 00, Data: 00
# 
# ===== t=75130000 PASSED SUCCESSFULLY !!! Expected timing is 485000, Actual timing is 499999 =====
# 
# [Stimulus] Packet is sent to Driver
# [Driver] Data is sent to DUT
# [Monitor] Data is sent to Scoreboard
# [base] Write finished! Write data 01 at Address 03
# [Scoreboard] Get packet from Monitor: Address: 03, Data: 00
# [Stimulus] Packet is sent to Driver
# [Driver] Data is sent to DUT
# [Monitor] Data is sent to Scoreboard
# [Base] Write finished! Write Random Data eb at Address 02
# [Scoreboard] Get packet from Monitor: Address: 02, Data: 00
# [Stimulus] Packet is sent to Driver
#   1
# [Driver] Data is sent to DUT
# [Monitor] Data is sent to Scoreboard
# [base] Write finished! Write data 04 at Address 00
# [Scoreboard] Get packet from Monitor: Address: 00, Data: 00
# [Stimulus] Packet is sent to Driver
#   0
# [Driver] Data is sent to DUT
# [Monitor] Data is sent to Scoreboard
# [base] Write finished! Write data 01 at Address 00
# [Scoreboard] Get packet from Monitor: Address: 00, Data: 00
# 
# ===== t=75530000 PASSED SUCCESSFULLY !!! Expected timing is 105000, Actual timing is 119999 =====
# 
# [Stimulus] Packet is sent to Driver
# [Driver] Data is sent to DUT
# [Monitor] Data is sent to Scoreboard
# [base] Write finished! Write data 01 at Address 03
# [Scoreboard] Get packet from Monitor: Address: 03, Data: 00
# [Stimulus] Packet is sent to Driver
# [Driver] Data is sent to DUT
# [Monitor] Data is sent to Scoreboard
# [Base] Write finished! Write Random Data af at Address 02
# [Scoreboard] Get packet from Monitor: Address: 02, Data: 00
# [Stimulus] Packet is sent to Driver
#   1
# [Driver] Data is sent to DUT
# [Monitor] Data is sent to Scoreboard
# [base] Write finished! Write data 04 at Address 00
# [Scoreboard] Get packet from Monitor: Address: 00, Data: 00
# [Stimulus] Packet is sent to Driver
#   0
# [Driver] Data is sent to DUT
# [Monitor] Data is sent to Scoreboard
# [base] Write finished! Write data 01 at Address 00
# [Scoreboard] Get packet from Monitor: Address: 00, Data: 00
# 
# ===== t=76230000 PASSED SUCCESSFULLY !!! Expected timing is 405000, Actual timing is 419999 =====
# 
# [Stimulus] Packet is sent to Driver
# [Driver] Data is sent to DUT
# [Monitor] Data is sent to Scoreboard
# [base] Write finished! Write data 01 at Address 03
# [Scoreboard] Get packet from Monitor: Address: 03, Data: 00
# [Stimulus] Packet is sent to Driver
# [Driver] Data is sent to DUT
# [Monitor] Data is sent to Scoreboard
# [Base] Write finished! Write Random Data c0 at Address 02
# [Scoreboard] Get packet from Monitor: Address: 02, Data: 00
# [Stimulus] Packet is sent to Driver
#   1
# [Driver] Data is sent to DUT
# [Monitor] Data is sent to Scoreboard
# [base] Write finished! Write data 04 at Address 00
# [Scoreboard] Get packet from Monitor: Address: 00, Data: 00
# [Stimulus] Packet is sent to Driver
#   0
# [Driver] Data is sent to DUT
# [Monitor] Data is sent to Scoreboard
# [base] Write finished! Write data 01 at Address 00
# [Scoreboard] Get packet from Monitor: Address: 00, Data: 00
# 
# ===== t=76850000 PASSED SUCCESSFULLY !!! Expected timing is 320000, Actual timing is 339999 =====
# 
# [Stimulus] Packet is sent to Driver
# [Driver] Data is sent to DUT
# [Monitor] Data is sent to Scoreboard
# [base] Write finished! Write data 01 at Address 03
# [Scoreboard] Get packet from Monitor: Address: 03, Data: 00
# [Stimulus] Packet is sent to Driver
# [Driver] Data is sent to DUT
# [Monitor] Data is sent to Scoreboard
# [Base] Write finished! Write Random Data 60 at Address 02
# [Scoreboard] Get packet from Monitor: Address: 02, Data: 00
# [Stimulus] Packet is sent to Driver
#   1
# [Driver] Data is sent to DUT
# [Monitor] Data is sent to Scoreboard
# [base] Write finished! Write data 04 at Address 00
# [Scoreboard] Get packet from Monitor: Address: 00, Data: 00
# [Stimulus] Packet is sent to Driver
#   0
# [Driver] Data is sent to DUT
# [Monitor] Data is sent to Scoreboard
# [base] Write finished! Write data 01 at Address 00
# [Scoreboard] Get packet from Monitor: Address: 00, Data: 00
# 
# ===== t=77950000 PASSED SUCCESSFULLY !!! Expected timing is 800000, Actual timing is 819999 =====
# 
# [Stimulus] Packet is sent to Driver
# [Driver] Data is sent to DUT
# [Monitor] Data is sent to Scoreboard
# [base] Write finished! Write data 01 at Address 03
# [Scoreboard] Get packet from Monitor: Address: 03, Data: 00
# [Stimulus] Packet is sent to Driver
# [Driver] Data is sent to DUT
# [Monitor] Data is sent to Scoreboard
# [Base] Write finished! Write Random Data cb at Address 02
# [Scoreboard] Get packet from Monitor: Address: 02, Data: 00
# [Stimulus] Packet is sent to Driver
#   1
# [Driver] Data is sent to DUT
# [Monitor] Data is sent to Scoreboard
# [base] Write finished! Write data 04 at Address 00
# [Scoreboard] Get packet from Monitor: Address: 00, Data: 00
# [Stimulus] Packet is sent to Driver
#   0
# [Driver] Data is sent to DUT
# [Monitor] Data is sent to Scoreboard
# [base] Write finished! Write data 01 at Address 00
# [Scoreboard] Get packet from Monitor: Address: 00, Data: 00
# 
# ===== t=78510000 PASSED SUCCESSFULLY !!! Expected timing is 265000, Actual timing is 279999 =====
# 
# [Stimulus] Packet is sent to Driver
# [Driver] Data is sent to DUT
# [Monitor] Data is sent to Scoreboard
# [base] Write finished! Write data 01 at Address 03
# [Scoreboard] Get packet from Monitor: Address: 03, Data: 00
# [Stimulus] Packet is sent to Driver
# [Driver] Data is sent to DUT
# [Monitor] Data is sent to Scoreboard
# [Base] Write finished! Write Random Data ac at Address 02
# [Scoreboard] Get packet from Monitor: Address: 02, Data: 00
# [Stimulus] Packet is sent to Driver
#   1
# [Driver] Data is sent to DUT
# [Monitor] Data is sent to Scoreboard
# [base] Write finished! Write data 04 at Address 00
# [Scoreboard] Get packet from Monitor: Address: 00, Data: 00
# [Stimulus] Packet is sent to Driver
#   0
# [Driver] Data is sent to DUT
# [Monitor] Data is sent to Scoreboard
# [base] Write finished! Write data 01 at Address 00
# [Scoreboard] Get packet from Monitor: Address: 00, Data: 00
# 
# ===== t=79230000 PASSED SUCCESSFULLY !!! Expected timing is 420000, Actual timing is 439999 =====
# 
# [Stimulus] Packet is sent to Driver
# [Driver] Data is sent to DUT
# [Monitor] Data is sent to Scoreboard
# [base] Write finished! Write data 01 at Address 03
# [Scoreboard] Get packet from Monitor: Address: 03, Data: 00
# [Stimulus] Packet is sent to Driver
# [Driver] Data is sent to DUT
# [Monitor] Data is sent to Scoreboard
# [Base] Write finished! Write Random Data b3 at Address 02
# [Scoreboard] Get packet from Monitor: Address: 02, Data: 00
# [Stimulus] Packet is sent to Driver
#   1
# [Driver] Data is sent to DUT
# [Monitor] Data is sent to Scoreboard
# [base] Write finished! Write data 04 at Address 00
# [Scoreboard] Get packet from Monitor: Address: 00, Data: 00
# [Stimulus] Packet is sent to Driver
#   0
# [Driver] Data is sent to DUT
# [Monitor] Data is sent to Scoreboard
# [base] Write finished! Write data 01 at Address 00
# [Scoreboard] Get packet from Monitor: Address: 00, Data: 00
# 
# ===== t=79910000 PASSED SUCCESSFULLY !!! Expected timing is 385000, Actual timing is 399999 =====
# 
# [Stimulus] Packet is sent to Driver
# [Driver] Data is sent to DUT
# [Monitor] Data is sent to Scoreboard
# [base] Write finished! Write data 01 at Address 03
# [Scoreboard] Get packet from Monitor: Address: 03, Data: 00
# [Stimulus] Packet is sent to Driver
# [Driver] Data is sent to DUT
# [Monitor] Data is sent to Scoreboard
# [Base] Write finished! Write Random Data 8b at Address 02
# [Scoreboard] Get packet from Monitor: Address: 02, Data: 00
# [Stimulus] Packet is sent to Driver
#   1
# [Driver] Data is sent to DUT
# [Monitor] Data is sent to Scoreboard
# [base] Write finished! Write data 04 at Address 00
# [Scoreboard] Get packet from Monitor: Address: 00, Data: 00
# [Stimulus] Packet is sent to Driver
#   0
# [Driver] Data is sent to DUT
# [Monitor] Data is sent to Scoreboard
# [base] Write finished! Write data 01 at Address 00
# [Scoreboard] Get packet from Monitor: Address: 00, Data: 00
# 
# ===== t=80790000 PASSED SUCCESSFULLY !!! Expected timing is 585000, Actual timing is 599999 =====
# 
# [Stimulus] Packet is sent to Driver
# [Driver] Data is sent to DUT
# [Monitor] Data is sent to Scoreboard
# [base] Write finished! Write data 01 at Address 03
# [Scoreboard] Get packet from Monitor: Address: 03, Data: 00
# [Stimulus] Packet is sent to Driver
# [Driver] Data is sent to DUT
# [Monitor] Data is sent to Scoreboard
# [Base] Write finished! Write Random Data a9 at Address 02
# [Scoreboard] Get packet from Monitor: Address: 02, Data: 00
# [Stimulus] Packet is sent to Driver
#   1
# [Driver] Data is sent to DUT
# [Monitor] Data is sent to Scoreboard
# [base] Write finished! Write data 04 at Address 00
# [Scoreboard] Get packet from Monitor: Address: 00, Data: 00
# [Stimulus] Packet is sent to Driver
#   0
# [Driver] Data is sent to DUT
# [Monitor] Data is sent to Scoreboard
# [base] Write finished! Write data 01 at Address 00
# [Scoreboard] Get packet from Monitor: Address: 00, Data: 00
# 
# ===== t=81510000 PASSED SUCCESSFULLY !!! Expected timing is 435000, Actual timing is 439999 =====
# 
# [Stimulus] Packet is sent to Driver
# [Driver] Data is sent to DUT
# [Monitor] Data is sent to Scoreboard
# [base] Write finished! Write data 01 at Address 03
# [Scoreboard] Get packet from Monitor: Address: 03, Data: 00
# [Stimulus] Packet is sent to Driver
# [Driver] Data is sent to DUT
# [Monitor] Data is sent to Scoreboard
# [Base] Write finished! Write Random Data 35 at Address 02
# [Scoreboard] Get packet from Monitor: Address: 02, Data: 00
# [Stimulus] Packet is sent to Driver
#   1
# [Driver] Data is sent to DUT
# [Monitor] Data is sent to Scoreboard
# [base] Write finished! Write data 04 at Address 00
# [Scoreboard] Get packet from Monitor: Address: 00, Data: 00
# [Stimulus] Packet is sent to Driver
#   0
# [Driver] Data is sent to DUT
# [Monitor] Data is sent to Scoreboard
# [base] Write finished! Write data 01 at Address 00
# [Scoreboard] Get packet from Monitor: Address: 00, Data: 00
# 
# ===== t=82810000 PASSED SUCCESSFULLY !!! Expected timing is 1015000, Actual timing is 1019999 =====
# 
# [Stimulus] Packet is sent to Driver
# [Driver] Data is sent to DUT
# [Monitor] Data is sent to Scoreboard
# [base] Write finished! Write data 01 at Address 03
# [Scoreboard] Get packet from Monitor: Address: 03, Data: 00
# [Stimulus] Packet is sent to Driver
# [Driver] Data is sent to DUT
# [Monitor] Data is sent to Scoreboard
# [Base] Write finished! Write Random Data 8c at Address 02
# [Scoreboard] Get packet from Monitor: Address: 02, Data: 00
# [Stimulus] Packet is sent to Driver
#   1
# [Driver] Data is sent to DUT
# [Monitor] Data is sent to Scoreboard
# [base] Write finished! Write data 04 at Address 00
# [Scoreboard] Get packet from Monitor: Address: 00, Data: 00
# [Stimulus] Packet is sent to Driver
#   0
# [Driver] Data is sent to DUT
# [Monitor] Data is sent to Scoreboard
# [base] Write finished! Write data 01 at Address 00
# [Scoreboard] Get packet from Monitor: Address: 00, Data: 00
# 
# ===== t=83690000 PASSED SUCCESSFULLY !!! Expected timing is 580000, Actual timing is 599999 =====
# 
# [Stimulus] Packet is sent to Driver
# [Driver] Data is sent to DUT
# [Monitor] Data is sent to Scoreboard
# [base] Write finished! Write data 01 at Address 03
# [Scoreboard] Get packet from Monitor: Address: 03, Data: 00
# [Stimulus] Packet is sent to Driver
# [Driver] Data is sent to DUT
# [Monitor] Data is sent to Scoreboard
# [Base] Write finished! Write Random Data 84 at Address 02
# [Scoreboard] Get packet from Monitor: Address: 02, Data: 00
# [Stimulus] Packet is sent to Driver
#   1
# [Driver] Data is sent to DUT
# [Monitor] Data is sent to Scoreboard
# [base] Write finished! Write data 04 at Address 00
# [Scoreboard] Get packet from Monitor: Address: 00, Data: 00
# [Stimulus] Packet is sent to Driver
#   0
# [Driver] Data is sent to DUT
# [Monitor] Data is sent to Scoreboard
# [base] Write finished! Write data 01 at Address 00
# [Scoreboard] Get packet from Monitor: Address: 00, Data: 00
# 
# ===== t=84610000 PASSED SUCCESSFULLY !!! Expected timing is 620000, Actual timing is 639999 =====
# 
# [Stimulus] Packet is sent to Driver
# [Driver] Data is sent to DUT
# [Monitor] Data is sent to Scoreboard
# [base] Write finished! Write data 01 at Address 03
# [Scoreboard] Get packet from Monitor: Address: 03, Data: 00
# [Stimulus] Packet is sent to Driver
# [Driver] Data is sent to DUT
# [Monitor] Data is sent to Scoreboard
# [Base] Write finished! Write Random Data 95 at Address 02
# [Scoreboard] Get packet from Monitor: Address: 02, Data: 00
# [Stimulus] Packet is sent to Driver
#   1
# [Driver] Data is sent to DUT
# [Monitor] Data is sent to Scoreboard
# [base] Write finished! Write data 04 at Address 00
# [Scoreboard] Get packet from Monitor: Address: 00, Data: 00
# [Stimulus] Packet is sent to Driver
#   0
# [Driver] Data is sent to DUT
# [Monitor] Data is sent to Scoreboard
# [base] Write finished! Write data 01 at Address 00
# [Scoreboard] Get packet from Monitor: Address: 00, Data: 00
# 
# ===== t=85430000 PASSED SUCCESSFULLY !!! Expected timing is 535000, Actual timing is 539999 =====
# 
# [Stimulus] Packet is sent to Driver
# [Driver] Data is sent to DUT
# [Monitor] Data is sent to Scoreboard
# [base] Write finished! Write data 01 at Address 03
# [Scoreboard] Get packet from Monitor: Address: 03, Data: 00
# [Stimulus] Packet is sent to Driver
# [Driver] Data is sent to DUT
# [Monitor] Data is sent to Scoreboard
# [Base] Write finished! Write Random Data 7e at Address 02
# [Scoreboard] Get packet from Monitor: Address: 02, Data: 00
# [Stimulus] Packet is sent to Driver
#   1
# [Driver] Data is sent to DUT
# [Monitor] Data is sent to Scoreboard
# [base] Write finished! Write data 04 at Address 00
# [Scoreboard] Get packet from Monitor: Address: 00, Data: 00
# [Stimulus] Packet is sent to Driver
#   0
# [Driver] Data is sent to DUT
# [Monitor] Data is sent to Scoreboard
# [base] Write finished! Write data 01 at Address 00
# [Scoreboard] Get packet from Monitor: Address: 00, Data: 00
# 
# ===== t=86370000 PASSED SUCCESSFULLY !!! Expected timing is 650000, Actual timing is 659999 =====
# 
# [Stimulus] Packet is sent to Driver
# [Driver] Data is sent to DUT
# [Monitor] Data is sent to Scoreboard
# [base] Write finished! Write data 01 at Address 03
# [Scoreboard] Get packet from Monitor: Address: 03, Data: 00
# [Stimulus] Packet is sent to Driver
# [Driver] Data is sent to DUT
# [Monitor] Data is sent to Scoreboard
# [Base] Write finished! Write Random Data f0 at Address 02
# [Scoreboard] Get packet from Monitor: Address: 02, Data: 00
# [Stimulus] Packet is sent to Driver
#   1
# [Driver] Data is sent to DUT
# [Monitor] Data is sent to Scoreboard
# [base] Write finished! Write data 04 at Address 00
# [Scoreboard] Get packet from Monitor: Address: 00, Data: 00
# [Stimulus] Packet is sent to Driver
#   0
# [Driver] Data is sent to DUT
# [Monitor] Data is sent to Scoreboard
# [base] Write finished! Write data 01 at Address 00
# [Scoreboard] Get packet from Monitor: Address: 00, Data: 00
# 
# ===== t=86750000 PASSED SUCCESSFULLY !!! Expected timing is 80000, Actual timing is 99999 =====
# 
# [Stimulus] Packet is sent to Driver
# [Driver] Data is sent to DUT
# [Monitor] Data is sent to Scoreboard
# [base] Write finished! Write data 01 at Address 03
# [Scoreboard] Get packet from Monitor: Address: 03, Data: 00
# [Stimulus] Packet is sent to Driver
# [Driver] Data is sent to DUT
# [Monitor] Data is sent to Scoreboard
# [Base] Write finished! Write Random Data 47 at Address 02
# [Scoreboard] Get packet from Monitor: Address: 02, Data: 00
# [Stimulus] Packet is sent to Driver
#   1
# [Driver] Data is sent to DUT
# [Monitor] Data is sent to Scoreboard
# [base] Write finished! Write data 04 at Address 00
# [Scoreboard] Get packet from Monitor: Address: 00, Data: 00
# [Stimulus] Packet is sent to Driver
#   0
# [Driver] Data is sent to DUT
# [Monitor] Data is sent to Scoreboard
# [base] Write finished! Write data 01 at Address 00
# [Scoreboard] Get packet from Monitor: Address: 00, Data: 00
# 
# ===== t=87970000 PASSED SUCCESSFULLY !!! Expected timing is 925000, Actual timing is 939999 =====
# 
# [Stimulus] Packet is sent to Driver
# [Driver] Data is sent to DUT
# [Monitor] Data is sent to Scoreboard
# [base] Write finished! Write data 01 at Address 03
# [Scoreboard] Get packet from Monitor: Address: 03, Data: 00
# [Stimulus] Packet is sent to Driver
# [Driver] Data is sent to DUT
# [Monitor] Data is sent to Scoreboard
# [Base] Write finished! Write Random Data ed at Address 02
# [Scoreboard] Get packet from Monitor: Address: 02, Data: 00
# [Stimulus] Packet is sent to Driver
#   1
# [Driver] Data is sent to DUT
# [Monitor] Data is sent to Scoreboard
# [base] Write finished! Write data 04 at Address 00
# [Scoreboard] Get packet from Monitor: Address: 00, Data: 00
# [Stimulus] Packet is sent to Driver
#   0
# [Driver] Data is sent to DUT
# [Monitor] Data is sent to Scoreboard
# [base] Write finished! Write data 01 at Address 00
# [Scoreboard] Get packet from Monitor: Address: 00, Data: 00
# 
# ===== t=88350000 PASSED SUCCESSFULLY !!! Expected timing is 95000, Actual timing is 99999 =====
# 
# [Stimulus] Packet is sent to Driver
# [Driver] Data is sent to DUT
# [Monitor] Data is sent to Scoreboard
# [base] Write finished! Write data 01 at Address 03
# [Scoreboard] Get packet from Monitor: Address: 03, Data: 00
# [Stimulus] Packet is sent to Driver
# [Driver] Data is sent to DUT
# [Monitor] Data is sent to Scoreboard
# [Base] Write finished! Write Random Data 65 at Address 02
# [Scoreboard] Get packet from Monitor: Address: 02, Data: 00
# [Stimulus] Packet is sent to Driver
#   1
# [Driver] Data is sent to DUT
# [Monitor] Data is sent to Scoreboard
# [base] Write finished! Write data 04 at Address 00
# [Scoreboard] Get packet from Monitor: Address: 00, Data: 00
# [Stimulus] Packet is sent to Driver
#   0
# [Driver] Data is sent to DUT
# [Monitor] Data is sent to Scoreboard
# [base] Write finished! Write data 01 at Address 00
# [Scoreboard] Get packet from Monitor: Address: 00, Data: 00
# 
# ===== t=89410000 PASSED SUCCESSFULLY !!! Expected timing is 775000, Actual timing is 779999 =====
# 
# [Stimulus] Packet is sent to Driver
# [Driver] Data is sent to DUT
# [Monitor] Data is sent to Scoreboard
# [base] Write finished! Write data 01 at Address 03
# [Scoreboard] Get packet from Monitor: Address: 03, Data: 00
# [Stimulus] Packet is sent to Driver
# [Driver] Data is sent to DUT
# [Monitor] Data is sent to Scoreboard
# [Base] Write finished! Write Random Data f4 at Address 02
# [Scoreboard] Get packet from Monitor: Address: 02, Data: 00
# [Stimulus] Packet is sent to Driver
#   1
# [Driver] Data is sent to DUT
# [Monitor] Data is sent to Scoreboard
# [base] Write finished! Write data 04 at Address 00
# [Scoreboard] Get packet from Monitor: Address: 00, Data: 00
# [Stimulus] Packet is sent to Driver
#   0
# [Driver] Data is sent to DUT
# [Monitor] Data is sent to Scoreboard
# [base] Write finished! Write data 01 at Address 00
# [Scoreboard] Get packet from Monitor: Address: 00, Data: 00
# 
# ===== t=89770000 PASSED SUCCESSFULLY !!! Expected timing is 60000, Actual timing is 79999 =====
# 
# [Stimulus] Packet is sent to Driver
# [Driver] Data is sent to DUT
# [Monitor] Data is sent to Scoreboard
# [base] Write finished! Write data 01 at Address 03
# [Scoreboard] Get packet from Monitor: Address: 03, Data: 00
# [Stimulus] Packet is sent to Driver
# [Driver] Data is sent to DUT
# [Monitor] Data is sent to Scoreboard
# [Base] Write finished! Write Random Data 04 at Address 02
# [Scoreboard] Get packet from Monitor: Address: 02, Data: 00
# [Stimulus] Packet is sent to Driver
#   1
# [Driver] Data is sent to DUT
# [Monitor] Data is sent to Scoreboard
# [base] Write finished! Write data 04 at Address 00
# [Scoreboard] Get packet from Monitor: Address: 00, Data: 00
# [Stimulus] Packet is sent to Driver
#   0
# [Driver] Data is sent to DUT
# [Monitor] Data is sent to Scoreboard
# [base] Write finished! Write data 01 at Address 00
# [Scoreboard] Get packet from Monitor: Address: 00, Data: 00
# 
# ===== t=91330000 PASSED SUCCESSFULLY !!! Expected timing is 1260000, Actual timing is 1279999 =====
# 
# [Stimulus] Packet is sent to Driver
# [Driver] Data is sent to DUT
# [Monitor] Data is sent to Scoreboard
# [base] Write finished! Write data 01 at Address 03
# [Scoreboard] Get packet from Monitor: Address: 03, Data: 00
# [Stimulus] Packet is sent to Driver
# [Driver] Data is sent to DUT
# [Monitor] Data is sent to Scoreboard
# [Base] Write finished! Write Random Data bc at Address 02
# [Scoreboard] Get packet from Monitor: Address: 02, Data: 00
# [Stimulus] Packet is sent to Driver
#   1
# [Driver] Data is sent to DUT
# [Monitor] Data is sent to Scoreboard
# [base] Write finished! Write data 04 at Address 00
# [Scoreboard] Get packet from Monitor: Address: 00, Data: 00
# [Stimulus] Packet is sent to Driver
#   0
# [Driver] Data is sent to DUT
# [Monitor] Data is sent to Scoreboard
# [base] Write finished! Write data 01 at Address 00
# [Scoreboard] Get packet from Monitor: Address: 00, Data: 00
# 
# ===== t=91970000 PASSED SUCCESSFULLY !!! Expected timing is 340000, Actual timing is 359999 =====
# 
# [Stimulus] Packet is sent to Driver
# [Driver] Data is sent to DUT
# [Monitor] Data is sent to Scoreboard
# [base] Write finished! Write data 01 at Address 03
# [Scoreboard] Get packet from Monitor: Address: 03, Data: 00
# [Stimulus] Packet is sent to Driver
# [Driver] Data is sent to DUT
# [Monitor] Data is sent to Scoreboard
# [Base] Write finished! Write Random Data 1e at Address 02
# [Scoreboard] Get packet from Monitor: Address: 02, Data: 00
# [Stimulus] Packet is sent to Driver
#   1
# [Driver] Data is sent to DUT
# [Monitor] Data is sent to Scoreboard
# [base] Write finished! Write data 04 at Address 00
# [Scoreboard] Get packet from Monitor: Address: 00, Data: 00
# [Stimulus] Packet is sent to Driver
#   0
# [Driver] Data is sent to DUT
# [Monitor] Data is sent to Scoreboard
# [base] Write finished! Write data 01 at Address 00
# [Scoreboard] Get packet from Monitor: Address: 00, Data: 00
# 
# ===== t=93390000 PASSED SUCCESSFULLY !!! Expected timing is 1130000, Actual timing is 1139999 =====
# 
# [Stimulus] Packet is sent to Driver
# [Driver] Data is sent to DUT
# [Monitor] Data is sent to Scoreboard
# [base] Write finished! Write data 01 at Address 03
# [Scoreboard] Get packet from Monitor: Address: 03, Data: 00
# [Stimulus] Packet is sent to Driver
# [Driver] Data is sent to DUT
# [Monitor] Data is sent to Scoreboard
# [Base] Write finished! Write Random Data 91 at Address 02
# [Scoreboard] Get packet from Monitor: Address: 02, Data: 00
# [Stimulus] Packet is sent to Driver
#   1
# [Driver] Data is sent to DUT
# [Monitor] Data is sent to Scoreboard
# [base] Write finished! Write data 04 at Address 00
# [Scoreboard] Get packet from Monitor: Address: 00, Data: 00
# [Stimulus] Packet is sent to Driver
#   0
# [Driver] Data is sent to DUT
# [Monitor] Data is sent to Scoreboard
# [base] Write finished! Write data 01 at Address 00
# [Scoreboard] Get packet from Monitor: Address: 00, Data: 00
# 
# ===== t=94230000 PASSED SUCCESSFULLY !!! Expected timing is 555000, Actual timing is 559999 =====
# 
# [Stimulus] Packet is sent to Driver
# [Driver] Data is sent to DUT
# [Monitor] Data is sent to Scoreboard
# [base] Write finished! Write data 01 at Address 03
# [Scoreboard] Get packet from Monitor: Address: 03, Data: 00
# [Stimulus] Packet is sent to Driver
# [Driver] Data is sent to DUT
# [Monitor] Data is sent to Scoreboard
# [Base] Write finished! Write Random Data 5f at Address 02
# [Scoreboard] Get packet from Monitor: Address: 02, Data: 00
# [Stimulus] Packet is sent to Driver
#   1
# [Driver] Data is sent to DUT
# [Monitor] Data is sent to Scoreboard
# [base] Write finished! Write data 04 at Address 00
# [Scoreboard] Get packet from Monitor: Address: 00, Data: 00
# [Stimulus] Packet is sent to Driver
#   0
# [Driver] Data is sent to DUT
# [Monitor] Data is sent to Scoreboard
# [base] Write finished! Write data 01 at Address 00
# [Scoreboard] Get packet from Monitor: Address: 00, Data: 00
# 
# ===== t=95330000 PASSED SUCCESSFULLY !!! Expected timing is 805000, Actual timing is 819999 =====
# 
# [Stimulus] Packet is sent to Driver
# [Driver] Data is sent to DUT
# [Monitor] Data is sent to Scoreboard
# [base] Write finished! Write data 01 at Address 03
# [Scoreboard] Get packet from Monitor: Address: 03, Data: 00
# [Stimulus] Packet is sent to Driver
# [Driver] Data is sent to DUT
# [Monitor] Data is sent to Scoreboard
# [Base] Write finished! Write Random Data 4b at Address 02
# [Scoreboard] Get packet from Monitor: Address: 02, Data: 00
# [Stimulus] Packet is sent to Driver
#   1
# [Driver] Data is sent to DUT
# [Monitor] Data is sent to Scoreboard
# [base] Write finished! Write data 04 at Address 00
# [Scoreboard] Get packet from Monitor: Address: 00, Data: 00
# [Stimulus] Packet is sent to Driver
#   0
# [Driver] Data is sent to DUT
# [Monitor] Data is sent to Scoreboard
# [base] Write finished! Write data 01 at Address 00
# [Scoreboard] Get packet from Monitor: Address: 00, Data: 00
# 
# ===== t=96530000 PASSED SUCCESSFULLY !!! Expected timing is 905000, Actual timing is 919999 =====
# 
# [Stimulus] Packet is sent to Driver
# [Driver] Data is sent to DUT
# [Monitor] Data is sent to Scoreboard
# [base] Write finished! Write data 01 at Address 03
# [Scoreboard] Get packet from Monitor: Address: 03, Data: 00
# [Stimulus] Packet is sent to Driver
# [Driver] Data is sent to DUT
# [Monitor] Data is sent to Scoreboard
# [Base] Write finished! Write Random Data 9e at Address 02
# [Scoreboard] Get packet from Monitor: Address: 02, Data: 00
# [Stimulus] Packet is sent to Driver
#   1
# [Driver] Data is sent to DUT
# [Monitor] Data is sent to Scoreboard
# [base] Write finished! Write data 04 at Address 00
# [Scoreboard] Get packet from Monitor: Address: 00, Data: 00
# [Stimulus] Packet is sent to Driver
#   0
# [Driver] Data is sent to DUT
# [Monitor] Data is sent to Scoreboard
# [base] Write finished! Write data 01 at Address 00
# [Scoreboard] Get packet from Monitor: Address: 00, Data: 00
# 
# ===== t=97310000 PASSED SUCCESSFULLY !!! Expected timing is 490000, Actual timing is 499999 =====
# 
# [Stimulus] Packet is sent to Driver
# [Driver] Data is sent to DUT
# [Monitor] Data is sent to Scoreboard
# [base] Write finished! Write data 01 at Address 03
# [Scoreboard] Get packet from Monitor: Address: 03, Data: 00
# [Stimulus] Packet is sent to Driver
# [Driver] Data is sent to DUT
# [Monitor] Data is sent to Scoreboard
# [Base] Write finished! Write Random Data ce at Address 02
# [Scoreboard] Get packet from Monitor: Address: 02, Data: 00
# [Stimulus] Packet is sent to Driver
#   1
# [Driver] Data is sent to DUT
# [Monitor] Data is sent to Scoreboard
# [base] Write finished! Write data 04 at Address 00
# [Scoreboard] Get packet from Monitor: Address: 00, Data: 00
# [Stimulus] Packet is sent to Driver
#   0
# [Driver] Data is sent to DUT
# [Monitor] Data is sent to Scoreboard
# [base] Write finished! Write data 01 at Address 00
# [Scoreboard] Get packet from Monitor: Address: 00, Data: 00
# 
# ===== t=97850000 PASSED SUCCESSFULLY !!! Expected timing is 250000, Actual timing is 259999 =====
# 
# [Stimulus] Packet is sent to Driver
# [Driver] Data is sent to DUT
# [Monitor] Data is sent to Scoreboard
# [base] Write finished! Write data 01 at Address 03
# [Scoreboard] Get packet from Monitor: Address: 03, Data: 00
# [Stimulus] Packet is sent to Driver
# [Driver] Data is sent to DUT
# [Monitor] Data is sent to Scoreboard
# [Base] Write finished! Write Random Data bb at Address 02
# [Scoreboard] Get packet from Monitor: Address: 02, Data: 00
# [Stimulus] Packet is sent to Driver
#   1
# [Driver] Data is sent to DUT
# [Monitor] Data is sent to Scoreboard
# [base] Write finished! Write data 04 at Address 00
# [Scoreboard] Get packet from Monitor: Address: 00, Data: 00
# [Stimulus] Packet is sent to Driver
#   0
# [Driver] Data is sent to DUT
# [Monitor] Data is sent to Scoreboard
# [base] Write finished! Write data 01 at Address 00
# [Scoreboard] Get packet from Monitor: Address: 00, Data: 00
# 
# ===== t=98490000 PASSED SUCCESSFULLY !!! Expected timing is 345000, Actual timing is 359999 =====
# 
# [Stimulus] Packet is sent to Driver
# [Driver] Data is sent to DUT
# [Monitor] Data is sent to Scoreboard
# [base] Write finished! Write data 01 at Address 03
# [Scoreboard] Get packet from Monitor: Address: 03, Data: 00
# [Stimulus] Packet is sent to Driver
# [Driver] Data is sent to DUT
# [Monitor] Data is sent to Scoreboard
# [Base] Write finished! Write Random Data 89 at Address 02
# [Scoreboard] Get packet from Monitor: Address: 02, Data: 00
# [Stimulus] Packet is sent to Driver
#   1
# [Driver] Data is sent to DUT
# [Monitor] Data is sent to Scoreboard
# [base] Write finished! Write data 04 at Address 00
# [Scoreboard] Get packet from Monitor: Address: 00, Data: 00
# [Stimulus] Packet is sent to Driver
#   0
# [Driver] Data is sent to DUT
# [Monitor] Data is sent to Scoreboard
# [base] Write finished! Write data 01 at Address 00
# [Scoreboard] Get packet from Monitor: Address: 00, Data: 00
# 
# ===== t=99370000 PASSED SUCCESSFULLY !!! Expected timing is 595000, Actual timing is 599999 =====
# 
# [Stimulus] Packet is sent to Driver
# [Driver] Data is sent to DUT
# [Monitor] Data is sent to Scoreboard
# [base] Write finished! Write data 01 at Address 03
# [Scoreboard] Get packet from Monitor: Address: 03, Data: 00
# [Stimulus] Packet is sent to Driver
# [Driver] Data is sent to DUT
# [Monitor] Data is sent to Scoreboard
# [Base] Write finished! Write Random Data cc at Address 02
# [Scoreboard] Get packet from Monitor: Address: 02, Data: 00
# [Stimulus] Packet is sent to Driver
#   1
# [Driver] Data is sent to DUT
# [Monitor] Data is sent to Scoreboard
# [base] Write finished! Write data 04 at Address 00
# [Scoreboard] Get packet from Monitor: Address: 00, Data: 00
# [Stimulus] Packet is sent to Driver
#   0
# [Driver] Data is sent to DUT
# [Monitor] Data is sent to Scoreboard
# [base] Write finished! Write data 01 at Address 00
# [Scoreboard] Get packet from Monitor: Address: 00, Data: 00
# 
# ===== t=99930000 PASSED SUCCESSFULLY !!! Expected timing is 260000, Actual timing is 279999 =====
# 
# [Stimulus] Packet is sent to Driver
# [Driver] Data is sent to DUT
# [Monitor] Data is sent to Scoreboard
# [base] Write finished! Write data 01 at Address 03
# [Scoreboard] Get packet from Monitor: Address: 03, Data: 00
# [Stimulus] Packet is sent to Driver
# [Driver] Data is sent to DUT
# [Monitor] Data is sent to Scoreboard
# [Base] Write finished! Write Random Data ae at Address 02
# [Scoreboard] Get packet from Monitor: Address: 02, Data: 00
# [Stimulus] Packet is sent to Driver
#   1
# [Driver] Data is sent to DUT
# [Monitor] Data is sent to Scoreboard
# [base] Write finished! Write data 04 at Address 00
# [Scoreboard] Get packet from Monitor: Address: 00, Data: 00
# [Stimulus] Packet is sent to Driver
#   0
# [Driver] Data is sent to DUT
# [Monitor] Data is sent to Scoreboard
# [base] Write finished! Write data 01 at Address 00
# [Scoreboard] Get packet from Monitor: Address: 00, Data: 00
# 
# ===== t=100630000 PASSED SUCCESSFULLY !!! Expected timing is 410000, Actual timing is 419999 =====
# 
# [Stimulus] Packet is sent to Driver
# [Driver] Data is sent to DUT
# [Monitor] Data is sent to Scoreboard
# [base] Write finished! Write data 01 at Address 03
# [Scoreboard] Get packet from Monitor: Address: 03, Data: 00
# [Stimulus] Packet is sent to Driver
# [Driver] Data is sent to DUT
# [Monitor] Data is sent to Scoreboard
# [Base] Write finished! Write Random Data c5 at Address 02
# [Scoreboard] Get packet from Monitor: Address: 02, Data: 00
# [Stimulus] Packet is sent to Driver
#   1
# [Driver] Data is sent to DUT
# [Monitor] Data is sent to Scoreboard
# [base] Write finished! Write data 04 at Address 00
# [Scoreboard] Get packet from Monitor: Address: 00, Data: 00
# [Stimulus] Packet is sent to Driver
#   0
# [Driver] Data is sent to DUT
# [Monitor] Data is sent to Scoreboard
# [base] Write finished! Write data 01 at Address 00
# [Scoreboard] Get packet from Monitor: Address: 00, Data: 00
# 
# ===== t=101210000 PASSED SUCCESSFULLY !!! Expected timing is 295000, Actual timing is 299999 =====
# 
# [Stimulus] Packet is sent to Driver
# [Driver] Data is sent to DUT
# [Monitor] Data is sent to Scoreboard
# [base] Write finished! Write data 01 at Address 03
# [Scoreboard] Get packet from Monitor: Address: 03, Data: 00
# [Stimulus] Packet is sent to Driver
# [Driver] Data is sent to DUT
# [Monitor] Data is sent to Scoreboard
# [Base] Write finished! Write Random Data 88 at Address 02
# [Scoreboard] Get packet from Monitor: Address: 02, Data: 00
# [Stimulus] Packet is sent to Driver
#   1
# [Driver] Data is sent to DUT
# [Monitor] Data is sent to Scoreboard
# [base] Write finished! Write data 04 at Address 00
# [Scoreboard] Get packet from Monitor: Address: 00, Data: 00
# [Stimulus] Packet is sent to Driver
#   0
# [Driver] Data is sent to DUT
# [Monitor] Data is sent to Scoreboard
# [base] Write finished! Write data 01 at Address 00
# [Scoreboard] Get packet from Monitor: Address: 00, Data: 00
# 
# ===== t=102110000 PASSED SUCCESSFULLY !!! Expected timing is 600000, Actual timing is 619999 =====
# 
# [Stimulus] Packet is sent to Driver
# [Driver] Data is sent to DUT
# [Monitor] Data is sent to Scoreboard
# [base] Write finished! Write data 01 at Address 03
# [Scoreboard] Get packet from Monitor: Address: 03, Data: 00
# [Stimulus] Packet is sent to Driver
# [Driver] Data is sent to DUT
# [Monitor] Data is sent to Scoreboard
# [Base] Write finished! Write Random Data db at Address 02
# [Scoreboard] Get packet from Monitor: Address: 02, Data: 00
# [Stimulus] Packet is sent to Driver
#   1
# [Driver] Data is sent to DUT
# [Monitor] Data is sent to Scoreboard
# [base] Write finished! Write data 04 at Address 00
# [Scoreboard] Get packet from Monitor: Address: 00, Data: 00
# [Stimulus] Packet is sent to Driver
#   0
# [Driver] Data is sent to DUT
# [Monitor] Data is sent to Scoreboard
# [base] Write finished! Write data 01 at Address 00
# [Scoreboard] Get packet from Monitor: Address: 00, Data: 00
# 
# ===== t=102590000 PASSED SUCCESSFULLY !!! Expected timing is 185000, Actual timing is 199999 =====
# 
# [Stimulus] Packet is sent to Driver
# [Driver] Data is sent to DUT
# [Monitor] Data is sent to Scoreboard
# [base] Write finished! Write data 01 at Address 03
# [Scoreboard] Get packet from Monitor: Address: 03, Data: 00
# [Stimulus] Packet is sent to Driver
# [Driver] Data is sent to DUT
# [Monitor] Data is sent to Scoreboard
# [Base] Write finished! Write Random Data 5e at Address 02
# [Scoreboard] Get packet from Monitor: Address: 02, Data: 00
# [Stimulus] Packet is sent to Driver
#   1
# [Driver] Data is sent to DUT
# [Monitor] Data is sent to Scoreboard
# [base] Write finished! Write data 04 at Address 00
# [Scoreboard] Get packet from Monitor: Address: 00, Data: 00
# [Stimulus] Packet is sent to Driver
#   0
# [Driver] Data is sent to DUT
# [Monitor] Data is sent to Scoreboard
# [base] Write finished! Write data 01 at Address 00
# [Scoreboard] Get packet from Monitor: Address: 00, Data: 00
# 
# ===== t=103690000 PASSED SUCCESSFULLY !!! Expected timing is 810000, Actual timing is 819999 =====
# 
# [Stimulus] Packet is sent to Driver
# [Driver] Data is sent to DUT
# [Monitor] Data is sent to Scoreboard
# [base] Write finished! Write data 01 at Address 03
# [Scoreboard] Get packet from Monitor: Address: 03, Data: 00
# [Stimulus] Packet is sent to Driver
# [Driver] Data is sent to DUT
# [Monitor] Data is sent to Scoreboard
# [Base] Write finished! Write Random Data c5 at Address 02
# [Scoreboard] Get packet from Monitor: Address: 02, Data: 00
# [Stimulus] Packet is sent to Driver
#   1
# [Driver] Data is sent to DUT
# [Monitor] Data is sent to Scoreboard
# [base] Write finished! Write data 04 at Address 00
# [Scoreboard] Get packet from Monitor: Address: 00, Data: 00
# [Stimulus] Packet is sent to Driver
#   0
# [Driver] Data is sent to DUT
# [Monitor] Data is sent to Scoreboard
# [base] Write finished! Write data 01 at Address 00
# [Scoreboard] Get packet from Monitor: Address: 00, Data: 00
# 
# ===== t=104270000 PASSED SUCCESSFULLY !!! Expected timing is 295000, Actual timing is 299999 =====
# 
# [Stimulus] Packet is sent to Driver
# [Driver] Data is sent to DUT
# [Monitor] Data is sent to Scoreboard
# [base] Write finished! Write data 01 at Address 03
# [Scoreboard] Get packet from Monitor: Address: 03, Data: 00
# [Stimulus] Packet is sent to Driver
# [Driver] Data is sent to DUT
# [Monitor] Data is sent to Scoreboard
# [Base] Write finished! Write Random Data 5f at Address 02
# [Scoreboard] Get packet from Monitor: Address: 02, Data: 00
# [Stimulus] Packet is sent to Driver
#   1
# [Driver] Data is sent to DUT
# [Monitor] Data is sent to Scoreboard
# [base] Write finished! Write data 04 at Address 00
# [Scoreboard] Get packet from Monitor: Address: 00, Data: 00
# [Stimulus] Packet is sent to Driver
#   0
# [Driver] Data is sent to DUT
# [Monitor] Data is sent to Scoreboard
# [base] Write finished! Write data 01 at Address 00
# [Scoreboard] Get packet from Monitor: Address: 00, Data: 00
# 
# ===== t=105370000 PASSED SUCCESSFULLY !!! Expected timing is 805000, Actual timing is 819999 =====
# 
# [Stimulus] Packet is sent to Driver
# [Driver] Data is sent to DUT
# [Monitor] Data is sent to Scoreboard
# [base] Write finished! Write data 01 at Address 03
# [Scoreboard] Get packet from Monitor: Address: 03, Data: 00
# [Stimulus] Packet is sent to Driver
# [Driver] Data is sent to DUT
# [Monitor] Data is sent to Scoreboard
# [Base] Write finished! Write Random Data 08 at Address 02
# [Scoreboard] Get packet from Monitor: Address: 02, Data: 00
# [Stimulus] Packet is sent to Driver
#   1
# [Driver] Data is sent to DUT
# [Monitor] Data is sent to Scoreboard
# [base] Write finished! Write data 04 at Address 00
# [Scoreboard] Get packet from Monitor: Address: 00, Data: 00
# [Stimulus] Packet is sent to Driver
#   0
# [Driver] Data is sent to DUT
# [Monitor] Data is sent to Scoreboard
# [base] Write finished! Write data 01 at Address 00
# [Scoreboard] Get packet from Monitor: Address: 00, Data: 00
# 
# ===== t=106910000 PASSED SUCCESSFULLY !!! Expected timing is 1240000, Actual timing is 1259999 =====
# 
# [Stimulus] Packet is sent to Driver
# [Driver] Data is sent to DUT
# [Monitor] Data is sent to Scoreboard
# [base] Write finished! Write data 01 at Address 03
# [Scoreboard] Get packet from Monitor: Address: 03, Data: 00
# [Stimulus] Packet is sent to Driver
# [Driver] Data is sent to DUT
# [Monitor] Data is sent to Scoreboard
# [Base] Write finished! Write Random Data 6d at Address 02
# [Scoreboard] Get packet from Monitor: Address: 02, Data: 00
# [Stimulus] Packet is sent to Driver
#   1
# [Driver] Data is sent to DUT
# [Monitor] Data is sent to Scoreboard
# [base] Write finished! Write data 04 at Address 00
# [Scoreboard] Get packet from Monitor: Address: 00, Data: 00
# [Stimulus] Packet is sent to Driver
#   0
# [Driver] Data is sent to DUT
# [Monitor] Data is sent to Scoreboard
# [base] Write finished! Write data 01 at Address 00
# [Scoreboard] Get packet from Monitor: Address: 00, Data: 00
# 
# ===== t=107930000 PASSED SUCCESSFULLY !!! Expected timing is 735000, Actual timing is 739999 =====
# 
# [Stimulus] Packet is sent to Driver
# [Driver] Data is sent to DUT
# [Monitor] Data is sent to Scoreboard
# [base] Write finished! Write data 01 at Address 03
# [Scoreboard] Get packet from Monitor: Address: 03, Data: 00
# [Stimulus] Packet is sent to Driver
# [Driver] Data is sent to DUT
# [Monitor] Data is sent to Scoreboard
# [Base] Write finished! Write Random Data 92 at Address 02
# [Scoreboard] Get packet from Monitor: Address: 02, Data: 00
# [Stimulus] Packet is sent to Driver
#   1
# [Driver] Data is sent to DUT
# [Monitor] Data is sent to Scoreboard
# [base] Write finished! Write data 04 at Address 00
# [Scoreboard] Get packet from Monitor: Address: 00, Data: 00
# [Stimulus] Packet is sent to Driver
#   0
# [Driver] Data is sent to DUT
# [Monitor] Data is sent to Scoreboard
# [base] Write finished! Write data 01 at Address 00
# [Scoreboard] Get packet from Monitor: Address: 00, Data: 00
# 
# ===== t=108770000 PASSED SUCCESSFULLY !!! Expected timing is 550000, Actual timing is 559999 =====
# 
# [Stimulus] Packet is sent to Driver
# [Driver] Data is sent to DUT
# [Monitor] Data is sent to Scoreboard
# [base] Write finished! Write data 01 at Address 03
# [Scoreboard] Get packet from Monitor: Address: 03, Data: 00
# [Stimulus] Packet is sent to Driver
# [Driver] Data is sent to DUT
# [Monitor] Data is sent to Scoreboard
# [Base] Write finished! Write Random Data be at Address 02
# [Scoreboard] Get packet from Monitor: Address: 02, Data: 00
# [Stimulus] Packet is sent to Driver
#   1
# [Driver] Data is sent to DUT
# [Monitor] Data is sent to Scoreboard
# [base] Write finished! Write data 04 at Address 00
# [Scoreboard] Get packet from Monitor: Address: 00, Data: 00
# [Stimulus] Packet is sent to Driver
#   0
# [Driver] Data is sent to DUT
# [Monitor] Data is sent to Scoreboard
# [base] Write finished! Write data 01 at Address 00
# [Scoreboard] Get packet from Monitor: Address: 00, Data: 00
# 
# ===== t=109390000 PASSED SUCCESSFULLY !!! Expected timing is 330000, Actual timing is 339999 =====
# 
# [Stimulus] Packet is sent to Driver
# [Driver] Data is sent to DUT
# [Monitor] Data is sent to Scoreboard
# [base] Write finished! Write data 01 at Address 03
# [Scoreboard] Get packet from Monitor: Address: 03, Data: 00
# [Stimulus] Packet is sent to Driver
# [Driver] Data is sent to DUT
# [Monitor] Data is sent to Scoreboard
# [Base] Write finished! Write Random Data c7 at Address 02
# [Scoreboard] Get packet from Monitor: Address: 02, Data: 00
# [Stimulus] Packet is sent to Driver
#   1
# [Driver] Data is sent to DUT
# [Monitor] Data is sent to Scoreboard
# [base] Write finished! Write data 04 at Address 00
# [Scoreboard] Get packet from Monitor: Address: 00, Data: 00
# [Stimulus] Packet is sent to Driver
#   0
# [Driver] Data is sent to DUT
# [Monitor] Data is sent to Scoreboard
# [base] Write finished! Write data 01 at Address 00
# [Scoreboard] Get packet from Monitor: Address: 00, Data: 00
# 
# ===== t=109970000 PASSED SUCCESSFULLY !!! Expected timing is 285000, Actual timing is 299999 =====
# 
# [Stimulus] Packet is sent to Driver
# [Driver] Data is sent to DUT
# [Monitor] Data is sent to Scoreboard
# [base] Write finished! Write data 01 at Address 03
# [Scoreboard] Get packet from Monitor: Address: 03, Data: 00
# [Stimulus] Packet is sent to Driver
# [Driver] Data is sent to DUT
# [Monitor] Data is sent to Scoreboard
# [Base] Write finished! Write Random Data 3a at Address 02
# [Scoreboard] Get packet from Monitor: Address: 02, Data: 00
# [Stimulus] Packet is sent to Driver
#   1
# [Driver] Data is sent to DUT
# [Monitor] Data is sent to Scoreboard
# [base] Write finished! Write data 04 at Address 00
# [Scoreboard] Get packet from Monitor: Address: 00, Data: 00
# [Stimulus] Packet is sent to Driver
#   0
# [Driver] Data is sent to DUT
# [Monitor] Data is sent to Scoreboard
# [base] Write finished! Write data 01 at Address 00
# [Scoreboard] Get packet from Monitor: Address: 00, Data: 00
# 
# ===== t=111250000 PASSED SUCCESSFULLY !!! Expected timing is 990000, Actual timing is 999999 =====
# 
# [Stimulus] Packet is sent to Driver
# [Driver] Data is sent to DUT
# [Monitor] Data is sent to Scoreboard
# [base] Write finished! Write data 01 at Address 03
# [Scoreboard] Get packet from Monitor: Address: 03, Data: 00
# [Stimulus] Packet is sent to Driver
# [Driver] Data is sent to DUT
# [Monitor] Data is sent to Scoreboard
# [Base] Write finished! Write Random Data 0b at Address 02
# [Scoreboard] Get packet from Monitor: Address: 02, Data: 00
# [Stimulus] Packet is sent to Driver
#   1
# [Driver] Data is sent to DUT
# [Monitor] Data is sent to Scoreboard
# [base] Write finished! Write data 04 at Address 00
# [Scoreboard] Get packet from Monitor: Address: 00, Data: 00
# [Stimulus] Packet is sent to Driver
#   0
# [Driver] Data is sent to DUT
# [Monitor] Data is sent to Scoreboard
# [base] Write finished! Write data 01 at Address 00
# [Scoreboard] Get packet from Monitor: Address: 00, Data: 00
# 
# ===== t=112770000 PASSED SUCCESSFULLY !!! Expected timing is 1225000, Actual timing is 1239999 =====
# 
# [Stimulus] Packet is sent to Driver
# [Driver] Data is sent to DUT
# [Monitor] Data is sent to Scoreboard
# [base] Write finished! Write data 01 at Address 03
# [Scoreboard] Get packet from Monitor: Address: 03, Data: 00
# [Stimulus] Packet is sent to Driver
# [Driver] Data is sent to DUT
# [Monitor] Data is sent to Scoreboard
# [Base] Write finished! Write Random Data 76 at Address 02
# [Scoreboard] Get packet from Monitor: Address: 02, Data: 00
# [Stimulus] Packet is sent to Driver
#   1
# [Driver] Data is sent to DUT
# [Monitor] Data is sent to Scoreboard
# [base] Write finished! Write data 04 at Address 00
# [Scoreboard] Get packet from Monitor: Address: 00, Data: 00
# [Stimulus] Packet is sent to Driver
#   0
# [Driver] Data is sent to DUT
# [Monitor] Data is sent to Scoreboard
# [base] Write finished! Write data 01 at Address 00
# [Scoreboard] Get packet from Monitor: Address: 00, Data: 00
# 
# ===== t=113750000 PASSED SUCCESSFULLY !!! Expected timing is 690000, Actual timing is 699999 =====
# 
# [Stimulus] Packet is sent to Driver
# [Driver] Data is sent to DUT
# [Monitor] Data is sent to Scoreboard
# [base] Write finished! Write data 01 at Address 03
# [Scoreboard] Get packet from Monitor: Address: 03, Data: 00
# [Stimulus] Packet is sent to Driver
# [Driver] Data is sent to DUT
# [Monitor] Data is sent to Scoreboard
# [Base] Write finished! Write Random Data 9a at Address 02
# [Scoreboard] Get packet from Monitor: Address: 02, Data: 00
# [Stimulus] Packet is sent to Driver
#   1
# [Driver] Data is sent to DUT
# [Monitor] Data is sent to Scoreboard
# [base] Write finished! Write data 04 at Address 00
# [Scoreboard] Get packet from Monitor: Address: 00, Data: 00
# [Stimulus] Packet is sent to Driver
#   0
# [Driver] Data is sent to DUT
# [Monitor] Data is sent to Scoreboard
# [base] Write finished! Write data 01 at Address 00
# [Scoreboard] Get packet from Monitor: Address: 00, Data: 00
# 
# ===== t=114550000 PASSED SUCCESSFULLY !!! Expected timing is 510000, Actual timing is 519999 =====
# 
# [Stimulus] Packet is sent to Driver
# [Driver] Data is sent to DUT
# [Monitor] Data is sent to Scoreboard
# [base] Write finished! Write data 01 at Address 03
# [Scoreboard] Get packet from Monitor: Address: 03, Data: 00
# [Stimulus] Packet is sent to Driver
# [Driver] Data is sent to DUT
# [Monitor] Data is sent to Scoreboard
# [Base] Write finished! Write Random Data b2 at Address 02
# [Scoreboard] Get packet from Monitor: Address: 02, Data: 00
# [Stimulus] Packet is sent to Driver
#   1
# [Driver] Data is sent to DUT
# [Monitor] Data is sent to Scoreboard
# [base] Write finished! Write data 04 at Address 00
# [Scoreboard] Get packet from Monitor: Address: 00, Data: 00
# [Stimulus] Packet is sent to Driver
#   0
# [Driver] Data is sent to DUT
# [Monitor] Data is sent to Scoreboard
# [base] Write finished! Write data 01 at Address 00
# [Scoreboard] Get packet from Monitor: Address: 00, Data: 00
# 
# ===== t=115230000 PASSED SUCCESSFULLY !!! Expected timing is 390000, Actual timing is 399999 =====
# 
# [Stimulus] Packet is sent to Driver
# [Driver] Data is sent to DUT
# [Monitor] Data is sent to Scoreboard
# [base] Write finished! Write data 01 at Address 03
# [Scoreboard] Get packet from Monitor: Address: 03, Data: 00
# [Stimulus] Packet is sent to Driver
# [Driver] Data is sent to DUT
# [Monitor] Data is sent to Scoreboard
# [Base] Write finished! Write Random Data e6 at Address 02
# [Scoreboard] Get packet from Monitor: Address: 02, Data: 00
# [Stimulus] Packet is sent to Driver
#   1
# [Driver] Data is sent to DUT
# [Monitor] Data is sent to Scoreboard
# [base] Write finished! Write data 04 at Address 00
# [Scoreboard] Get packet from Monitor: Address: 00, Data: 00
# [Stimulus] Packet is sent to Driver
#   0
# [Driver] Data is sent to DUT
# [Monitor] Data is sent to Scoreboard
# [base] Write finished! Write data 01 at Address 00
# [Scoreboard] Get packet from Monitor: Address: 00, Data: 00
# 
# ===== t=115650000 PASSED SUCCESSFULLY !!! Expected timing is 130000, Actual timing is 139999 =====
# 
# [Stimulus] Packet is sent to Driver
# [Driver] Data is sent to DUT
# [Monitor] Data is sent to Scoreboard
# [base] Write finished! Write data 01 at Address 03
# [Scoreboard] Get packet from Monitor: Address: 03, Data: 00
# [Stimulus] Packet is sent to Driver
# [Driver] Data is sent to DUT
# [Monitor] Data is sent to Scoreboard
# [Base] Write finished! Write Random Data ce at Address 02
# [Scoreboard] Get packet from Monitor: Address: 02, Data: 00
# [Stimulus] Packet is sent to Driver
#   1
# [Driver] Data is sent to DUT
# [Monitor] Data is sent to Scoreboard
# [base] Write finished! Write data 04 at Address 00
# [Scoreboard] Get packet from Monitor: Address: 00, Data: 00
# [Stimulus] Packet is sent to Driver
#   0
# [Driver] Data is sent to DUT
# [Monitor] Data is sent to Scoreboard
# [base] Write finished! Write data 01 at Address 00
# [Scoreboard] Get packet from Monitor: Address: 00, Data: 00
# 
# ===== t=116190000 PASSED SUCCESSFULLY !!! Expected timing is 250000, Actual timing is 259999 =====
# 
# [Stimulus] Packet is sent to Driver
# [Driver] Data is sent to DUT
# [Monitor] Data is sent to Scoreboard
# [base] Write finished! Write data 01 at Address 03
# [Scoreboard] Get packet from Monitor: Address: 03, Data: 00
# [Stimulus] Packet is sent to Driver
# [Driver] Data is sent to DUT
# [Monitor] Data is sent to Scoreboard
# [Base] Write finished! Write Random Data c4 at Address 02
# [Scoreboard] Get packet from Monitor: Address: 02, Data: 00
# [Stimulus] Packet is sent to Driver
#   1
# [Driver] Data is sent to DUT
# [Monitor] Data is sent to Scoreboard
# [base] Write finished! Write data 04 at Address 00
# [Scoreboard] Get packet from Monitor: Address: 00, Data: 00
# [Stimulus] Packet is sent to Driver
#   0
# [Driver] Data is sent to DUT
# [Monitor] Data is sent to Scoreboard
# [base] Write finished! Write data 01 at Address 00
# [Scoreboard] Get packet from Monitor: Address: 00, Data: 00
# 
# ===== t=116790000 PASSED SUCCESSFULLY !!! Expected timing is 300000, Actual timing is 319999 =====
# 
# [Stimulus] Packet is sent to Driver
# [Driver] Data is sent to DUT
# [Monitor] Data is sent to Scoreboard
# [base] Write finished! Write data 01 at Address 03
# [Scoreboard] Get packet from Monitor: Address: 03, Data: 00
# [Stimulus] Packet is sent to Driver
# [Driver] Data is sent to DUT
# [Monitor] Data is sent to Scoreboard
# [Base] Write finished! Write Random Data c0 at Address 02
# [Scoreboard] Get packet from Monitor: Address: 02, Data: 00
# [Stimulus] Packet is sent to Driver
#   1
# [Driver] Data is sent to DUT
# [Monitor] Data is sent to Scoreboard
# [base] Write finished! Write data 04 at Address 00
# [Scoreboard] Get packet from Monitor: Address: 00, Data: 00
# [Stimulus] Packet is sent to Driver
#   0
# [Driver] Data is sent to DUT
# [Monitor] Data is sent to Scoreboard
# [base] Write finished! Write data 01 at Address 00
# [Scoreboard] Get packet from Monitor: Address: 00, Data: 00
# 
# ===== t=117410000 PASSED SUCCESSFULLY !!! Expected timing is 320000, Actual timing is 339999 =====
# 
# [Stimulus] Packet is sent to Driver
# [Driver] Data is sent to DUT
# [Monitor] Data is sent to Scoreboard
# [base] Write finished! Write data 01 at Address 03
# [Scoreboard] Get packet from Monitor: Address: 03, Data: 00
# [Stimulus] Packet is sent to Driver
# [Driver] Data is sent to DUT
# [Monitor] Data is sent to Scoreboard
# [Base] Write finished! Write Random Data 48 at Address 02
# [Scoreboard] Get packet from Monitor: Address: 02, Data: 00
# [Stimulus] Packet is sent to Driver
#   1
# [Driver] Data is sent to DUT
# [Monitor] Data is sent to Scoreboard
# [base] Write finished! Write data 04 at Address 00
# [Scoreboard] Get packet from Monitor: Address: 00, Data: 00
# [Stimulus] Packet is sent to Driver
#   0
# [Driver] Data is sent to DUT
# [Monitor] Data is sent to Scoreboard
# [base] Write finished! Write data 01 at Address 00
# [Scoreboard] Get packet from Monitor: Address: 00, Data: 00
# 
# ===== t=118630000 PASSED SUCCESSFULLY !!! Expected timing is 920000, Actual timing is 939999 =====
# 
# [Stimulus] Packet is sent to Driver
# [Driver] Data is sent to DUT
# [Monitor] Data is sent to Scoreboard
# [base] Write finished! Write data 01 at Address 03
# [Scoreboard] Get packet from Monitor: Address: 03, Data: 00
# [Stimulus] Packet is sent to Driver
# [Driver] Data is sent to DUT
# [Monitor] Data is sent to Scoreboard
# [Base] Write finished! Write Random Data d0 at Address 02
# [Scoreboard] Get packet from Monitor: Address: 02, Data: 00
# [Stimulus] Packet is sent to Driver
#   1
# [Driver] Data is sent to DUT
# [Monitor] Data is sent to Scoreboard
# [base] Write finished! Write data 04 at Address 00
# [Scoreboard] Get packet from Monitor: Address: 00, Data: 00
# [Stimulus] Packet is sent to Driver
#   0
# [Driver] Data is sent to DUT
# [Monitor] Data is sent to Scoreboard
# [base] Write finished! Write data 01 at Address 00
# [Scoreboard] Get packet from Monitor: Address: 00, Data: 00
# 
# ===== t=119170000 PASSED SUCCESSFULLY !!! Expected timing is 240000, Actual timing is 259999 =====
# 
# [Stimulus] Packet is sent to Driver
# [Driver] Data is sent to DUT
# [Monitor] Data is sent to Scoreboard
# [base] Write finished! Write data 01 at Address 03
# [Scoreboard] Get packet from Monitor: Address: 03, Data: 00
# [Stimulus] Packet is sent to Driver
# [Driver] Data is sent to DUT
# [Monitor] Data is sent to Scoreboard
# [Base] Write finished! Write Random Data b4 at Address 02
# [Scoreboard] Get packet from Monitor: Address: 02, Data: 00
# [Stimulus] Packet is sent to Driver
#   1
# [Driver] Data is sent to DUT
# [Monitor] Data is sent to Scoreboard
# [base] Write finished! Write data 04 at Address 00
# [Scoreboard] Get packet from Monitor: Address: 00, Data: 00
# [Stimulus] Packet is sent to Driver
#   0
# [Driver] Data is sent to DUT
# [Monitor] Data is sent to Scoreboard
# [base] Write finished! Write data 01 at Address 00
# [Scoreboard] Get packet from Monitor: Address: 00, Data: 00
# 
# ===== t=119850000 PASSED SUCCESSFULLY !!! Expected timing is 380000, Actual timing is 399999 =====
# 
# [Stimulus] Packet is sent to Driver
# [Driver] Data is sent to DUT
# [Monitor] Data is sent to Scoreboard
# [base] Write finished! Write data 01 at Address 03
# [Scoreboard] Get packet from Monitor: Address: 03, Data: 00
# [Stimulus] Packet is sent to Driver
# [Driver] Data is sent to DUT
# [Monitor] Data is sent to Scoreboard
# [Base] Write finished! Write Random Data b5 at Address 02
# [Scoreboard] Get packet from Monitor: Address: 02, Data: 00
# [Stimulus] Packet is sent to Driver
#   1
# [Driver] Data is sent to DUT
# [Monitor] Data is sent to Scoreboard
# [base] Write finished! Write data 04 at Address 00
# [Scoreboard] Get packet from Monitor: Address: 00, Data: 00
# [Stimulus] Packet is sent to Driver
#   0
# [Driver] Data is sent to DUT
# [Monitor] Data is sent to Scoreboard
# [base] Write finished! Write data 01 at Address 00
# [Scoreboard] Get packet from Monitor: Address: 00, Data: 00
# 
# ===== t=120510000 PASSED SUCCESSFULLY !!! Expected timing is 375000, Actual timing is 379999 =====
# 
# [Stimulus] Packet is sent to Driver
# [Driver] Data is sent to DUT
# [Monitor] Data is sent to Scoreboard
# [base] Write finished! Write data 01 at Address 03
# [Scoreboard] Get packet from Monitor: Address: 03, Data: 00
# [Stimulus] Packet is sent to Driver
# [Driver] Data is sent to DUT
# [Monitor] Data is sent to Scoreboard
# [Base] Write finished! Write Random Data c0 at Address 02
# [Scoreboard] Get packet from Monitor: Address: 02, Data: 00
# [Stimulus] Packet is sent to Driver
#   1
# [Driver] Data is sent to DUT
# [Monitor] Data is sent to Scoreboard
# [base] Write finished! Write data 04 at Address 00
# [Scoreboard] Get packet from Monitor: Address: 00, Data: 00
# [Stimulus] Packet is sent to Driver
#   0
# [Driver] Data is sent to DUT
# [Monitor] Data is sent to Scoreboard
# [base] Write finished! Write data 01 at Address 00
# [Scoreboard] Get packet from Monitor: Address: 00, Data: 00
# 
# ===== t=121130000 PASSED SUCCESSFULLY !!! Expected timing is 320000, Actual timing is 339999 =====
# 
# [Stimulus] Packet is sent to Driver
# [Driver] Data is sent to DUT
# [Monitor] Data is sent to Scoreboard
# [base] Write finished! Write data 01 at Address 03
# [Scoreboard] Get packet from Monitor: Address: 03, Data: 00
# [Stimulus] Packet is sent to Driver
# [Driver] Data is sent to DUT
# [Monitor] Data is sent to Scoreboard
# [Base] Write finished! Write Random Data 89 at Address 02
# [Scoreboard] Get packet from Monitor: Address: 02, Data: 00
# [Stimulus] Packet is sent to Driver
#   1
# [Driver] Data is sent to DUT
# [Monitor] Data is sent to Scoreboard
# [base] Write finished! Write data 04 at Address 00
# [Scoreboard] Get packet from Monitor: Address: 00, Data: 00
# [Stimulus] Packet is sent to Driver
#   0
# [Driver] Data is sent to DUT
# [Monitor] Data is sent to Scoreboard
# [base] Write finished! Write data 01 at Address 00
# [Scoreboard] Get packet from Monitor: Address: 00, Data: 00
# 
# ===== t=122010000 PASSED SUCCESSFULLY !!! Expected timing is 595000, Actual timing is 599999 =====
# 
# [Stimulus] Packet is sent to Driver
# [Driver] Data is sent to DUT
# [Monitor] Data is sent to Scoreboard
# [base] Write finished! Write data 01 at Address 03
# [Scoreboard] Get packet from Monitor: Address: 03, Data: 00
# [Stimulus] Packet is sent to Driver
# [Driver] Data is sent to DUT
# [Monitor] Data is sent to Scoreboard
# [Base] Write finished! Write Random Data b7 at Address 02
# [Scoreboard] Get packet from Monitor: Address: 02, Data: 00
# [Stimulus] Packet is sent to Driver
#   1
# [Driver] Data is sent to DUT
# [Monitor] Data is sent to Scoreboard
# [base] Write finished! Write data 04 at Address 00
# [Scoreboard] Get packet from Monitor: Address: 00, Data: 00
# [Stimulus] Packet is sent to Driver
#   0
# [Driver] Data is sent to DUT
# [Monitor] Data is sent to Scoreboard
# [base] Write finished! Write data 01 at Address 00
# [Scoreboard] Get packet from Monitor: Address: 00, Data: 00
# 
# ===== t=122670000 PASSED SUCCESSFULLY !!! Expected timing is 365000, Actual timing is 379999 =====
# 
# [Stimulus] Packet is sent to Driver
# [Driver] Data is sent to DUT
# [Monitor] Data is sent to Scoreboard
# [base] Write finished! Write data 01 at Address 03
# [Scoreboard] Get packet from Monitor: Address: 03, Data: 00
# [Stimulus] Packet is sent to Driver
# [Driver] Data is sent to DUT
# [Monitor] Data is sent to Scoreboard
# [Base] Write finished! Write Random Data 50 at Address 02
# [Scoreboard] Get packet from Monitor: Address: 02, Data: 00
# [Stimulus] Packet is sent to Driver
#   1
# [Driver] Data is sent to DUT
# [Monitor] Data is sent to Scoreboard
# [base] Write finished! Write data 04 at Address 00
# [Scoreboard] Get packet from Monitor: Address: 00, Data: 00
# [Stimulus] Packet is sent to Driver
#   0
# [Driver] Data is sent to DUT
# [Monitor] Data is sent to Scoreboard
# [base] Write finished! Write data 01 at Address 00
# [Scoreboard] Get packet from Monitor: Address: 00, Data: 00
# 
# ===== t=123850000 PASSED SUCCESSFULLY !!! Expected timing is 880000, Actual timing is 899999 =====
# 
# [Stimulus] Packet is sent to Driver
# [Driver] Data is sent to DUT
# [Monitor] Data is sent to Scoreboard
# [base] Write finished! Write data 01 at Address 03
# [Scoreboard] Get packet from Monitor: Address: 03, Data: 00
# [Stimulus] Packet is sent to Driver
# [Driver] Data is sent to DUT
# [Monitor] Data is sent to Scoreboard
# [Base] Write finished! Write Random Data e9 at Address 02
# [Scoreboard] Get packet from Monitor: Address: 02, Data: 00
# [Stimulus] Packet is sent to Driver
#   1
# [Driver] Data is sent to DUT
# [Monitor] Data is sent to Scoreboard
# [base] Write finished! Write data 04 at Address 00
# [Scoreboard] Get packet from Monitor: Address: 00, Data: 00
# [Stimulus] Packet is sent to Driver
#   0
# [Driver] Data is sent to DUT
# [Monitor] Data is sent to Scoreboard
# [base] Write finished! Write data 01 at Address 00
# [Scoreboard] Get packet from Monitor: Address: 00, Data: 00
# 
# ===== t=124250000 PASSED SUCCESSFULLY !!! Expected timing is 115000, Actual timing is 119999 =====
# 
# [Stimulus] Packet is sent to Driver
# [Driver] Data is sent to DUT
# [Monitor] Data is sent to Scoreboard
# [base] Write finished! Write data 01 at Address 03
# [Scoreboard] Get packet from Monitor: Address: 03, Data: 00
# [Stimulus] Packet is sent to Driver
# [Driver] Data is sent to DUT
# [Monitor] Data is sent to Scoreboard
# [Base] Write finished! Write Random Data 84 at Address 02
# [Scoreboard] Get packet from Monitor: Address: 02, Data: 00
# [Stimulus] Packet is sent to Driver
#   1
# [Driver] Data is sent to DUT
# [Monitor] Data is sent to Scoreboard
# [base] Write finished! Write data 04 at Address 00
# [Scoreboard] Get packet from Monitor: Address: 00, Data: 00
# [Stimulus] Packet is sent to Driver
#   0
# [Driver] Data is sent to DUT
# [Monitor] Data is sent to Scoreboard
# [base] Write finished! Write data 01 at Address 00
# [Scoreboard] Get packet from Monitor: Address: 00, Data: 00
# 
# ===== t=125170000 PASSED SUCCESSFULLY !!! Expected timing is 620000, Actual timing is 639999 =====
# 
# [Stimulus] Packet is sent to Driver
# [Driver] Data is sent to DUT
# [Monitor] Data is sent to Scoreboard
# [base] Write finished! Write data 01 at Address 03
# [Scoreboard] Get packet from Monitor: Address: 03, Data: 00
# [Stimulus] Packet is sent to Driver
# [Driver] Data is sent to DUT
# [Monitor] Data is sent to Scoreboard
# [Base] Write finished! Write Random Data 1e at Address 02
# [Scoreboard] Get packet from Monitor: Address: 02, Data: 00
# [Stimulus] Packet is sent to Driver
#   1
# [Driver] Data is sent to DUT
# [Monitor] Data is sent to Scoreboard
# [base] Write finished! Write data 04 at Address 00
# [Scoreboard] Get packet from Monitor: Address: 00, Data: 00
# [Stimulus] Packet is sent to Driver
#   0
# [Driver] Data is sent to DUT
# [Monitor] Data is sent to Scoreboard
# [base] Write finished! Write data 01 at Address 00
# [Scoreboard] Get packet from Monitor: Address: 00, Data: 00
# 
# ===== t=126590000 PASSED SUCCESSFULLY !!! Expected timing is 1130000, Actual timing is 1139999 =====
# 
# [Stimulus] Packet is sent to Driver
# [Driver] Data is sent to DUT
# [Monitor] Data is sent to Scoreboard
# [base] Write finished! Write data 01 at Address 03
# [Scoreboard] Get packet from Monitor: Address: 03, Data: 00
# [Stimulus] Packet is sent to Driver
# [Driver] Data is sent to DUT
# [Monitor] Data is sent to Scoreboard
# [Base] Write finished! Write Random Data 91 at Address 02
# [Scoreboard] Get packet from Monitor: Address: 02, Data: 00
# [Stimulus] Packet is sent to Driver
#   1
# [Driver] Data is sent to DUT
# [Monitor] Data is sent to Scoreboard
# [base] Write finished! Write data 04 at Address 00
# [Scoreboard] Get packet from Monitor: Address: 00, Data: 00
# [Stimulus] Packet is sent to Driver
#   0
# [Driver] Data is sent to DUT
# [Monitor] Data is sent to Scoreboard
# [base] Write finished! Write data 01 at Address 00
# [Scoreboard] Get packet from Monitor: Address: 00, Data: 00
# 
# ===== t=127430000 PASSED SUCCESSFULLY !!! Expected timing is 555000, Actual timing is 559999 =====
# 
# [Stimulus] Packet is sent to Driver
# [Driver] Data is sent to DUT
# [Monitor] Data is sent to Scoreboard
# [base] Write finished! Write data 01 at Address 03
# [Scoreboard] Get packet from Monitor: Address: 03, Data: 00
# [Stimulus] Packet is sent to Driver
# [Driver] Data is sent to DUT
# [Monitor] Data is sent to Scoreboard
# [Base] Write finished! Write Random Data f8 at Address 02
# [Scoreboard] Get packet from Monitor: Address: 02, Data: 00
# [Stimulus] Packet is sent to Driver
#   1
# [Driver] Data is sent to DUT
# [Monitor] Data is sent to Scoreboard
# [base] Write finished! Write data 04 at Address 00
# [Scoreboard] Get packet from Monitor: Address: 00, Data: 00
# [Stimulus] Packet is sent to Driver
#   0
# [Driver] Data is sent to DUT
# [Monitor] Data is sent to Scoreboard
# [base] Write finished! Write data 01 at Address 00
# [Scoreboard] Get packet from Monitor: Address: 00, Data: 00
# 
# ===== t=127770000 PASSED SUCCESSFULLY !!! Expected timing is 40000, Actual timing is 59999 =====
# 
# [Stimulus] Packet is sent to Driver
# [Driver] Data is sent to DUT
# [Monitor] Data is sent to Scoreboard
# [base] Write finished! Write data 01 at Address 03
# [Scoreboard] Get packet from Monitor: Address: 03, Data: 00
# [Stimulus] Packet is sent to Driver
# [Driver] Data is sent to DUT
# [Monitor] Data is sent to Scoreboard
# [Base] Write finished! Write Random Data 81 at Address 02
# [Scoreboard] Get packet from Monitor: Address: 02, Data: 00
# [Stimulus] Packet is sent to Driver
#   1
# [Driver] Data is sent to DUT
# [Monitor] Data is sent to Scoreboard
# [base] Write finished! Write data 04 at Address 00
# [Scoreboard] Get packet from Monitor: Address: 00, Data: 00
# [Stimulus] Packet is sent to Driver
#   0
# [Driver] Data is sent to DUT
# [Monitor] Data is sent to Scoreboard
# [base] Write finished! Write data 01 at Address 00
# [Scoreboard] Get packet from Monitor: Address: 00, Data: 00
# 
# ===== t=128690000 PASSED SUCCESSFULLY !!! Expected timing is 635000, Actual timing is 639999 =====
# 
# [Stimulus] Packet is sent to Driver
# [Driver] Data is sent to DUT
# [Monitor] Data is sent to Scoreboard
# [base] Write finished! Write data 01 at Address 03
# [Scoreboard] Get packet from Monitor: Address: 03, Data: 00
# [Stimulus] Packet is sent to Driver
# [Driver] Data is sent to DUT
# [Monitor] Data is sent to Scoreboard
# [Base] Write finished! Write Random Data d7 at Address 02
# [Scoreboard] Get packet from Monitor: Address: 02, Data: 00
# [Stimulus] Packet is sent to Driver
#   1
# [Driver] Data is sent to DUT
# [Monitor] Data is sent to Scoreboard
# [base] Write finished! Write data 04 at Address 00
# [Scoreboard] Get packet from Monitor: Address: 00, Data: 00
# [Stimulus] Packet is sent to Driver
#   0
# [Driver] Data is sent to DUT
# [Monitor] Data is sent to Scoreboard
# [base] Write finished! Write data 01 at Address 00
# [Scoreboard] Get packet from Monitor: Address: 00, Data: 00
# 
# ===== t=129190000 PASSED SUCCESSFULLY !!! Expected timing is 205000, Actual timing is 219999 =====
# 
# [Stimulus] Packet is sent to Driver
# [Driver] Data is sent to DUT
# [Monitor] Data is sent to Scoreboard
# [base] Write finished! Write data 01 at Address 03
# [Scoreboard] Get packet from Monitor: Address: 03, Data: 00
# [Stimulus] Packet is sent to Driver
# [Driver] Data is sent to DUT
# [Monitor] Data is sent to Scoreboard
# [Base] Write finished! Write Random Data 28 at Address 02
# [Scoreboard] Get packet from Monitor: Address: 02, Data: 00
# [Stimulus] Packet is sent to Driver
#   1
# [Driver] Data is sent to DUT
# [Monitor] Data is sent to Scoreboard
# [base] Write finished! Write data 04 at Address 00
# [Scoreboard] Get packet from Monitor: Address: 00, Data: 00
# [Stimulus] Packet is sent to Driver
#   0
# [Driver] Data is sent to DUT
# [Monitor] Data is sent to Scoreboard
# [base] Write finished! Write data 01 at Address 00
# [Scoreboard] Get packet from Monitor: Address: 00, Data: 00
# 
# ===== t=130570000 PASSED SUCCESSFULLY !!! Expected timing is 1080000, Actual timing is 1099999 =====
# 
# [Stimulus] Packet is sent to Driver
# [Driver] Data is sent to DUT
# [Monitor] Data is sent to Scoreboard
# [base] Write finished! Write data 01 at Address 03
# [Scoreboard] Get packet from Monitor: Address: 03, Data: 00
# [Stimulus] Packet is sent to Driver
# [Driver] Data is sent to DUT
# [Monitor] Data is sent to Scoreboard
# [Base] Write finished! Write Random Data d4 at Address 02
# [Scoreboard] Get packet from Monitor: Address: 02, Data: 00
# [Stimulus] Packet is sent to Driver
#   1
# [Driver] Data is sent to DUT
# [Monitor] Data is sent to Scoreboard
# [base] Write finished! Write data 04 at Address 00
# [Scoreboard] Get packet from Monitor: Address: 00, Data: 00
# [Stimulus] Packet is sent to Driver
#   0
# [Driver] Data is sent to DUT
# [Monitor] Data is sent to Scoreboard
# [base] Write finished! Write data 01 at Address 00
# [Scoreboard] Get packet from Monitor: Address: 00, Data: 00
# 
# ===== t=131090000 PASSED SUCCESSFULLY !!! Expected timing is 220000, Actual timing is 239999 =====
# 
# [Stimulus] Packet is sent to Driver
# [Driver] Data is sent to DUT
# [Monitor] Data is sent to Scoreboard
# [base] Write finished! Write data 01 at Address 03
# [Scoreboard] Get packet from Monitor: Address: 03, Data: 00
# [Stimulus] Packet is sent to Driver
# [Driver] Data is sent to DUT
# [Monitor] Data is sent to Scoreboard
# [Base] Write finished! Write Random Data cf at Address 02
# [Scoreboard] Get packet from Monitor: Address: 02, Data: 00
# [Stimulus] Packet is sent to Driver
#   1
# [Driver] Data is sent to DUT
# [Monitor] Data is sent to Scoreboard
# [base] Write finished! Write data 04 at Address 00
# [Scoreboard] Get packet from Monitor: Address: 00, Data: 00
# [Stimulus] Packet is sent to Driver
#   0
# [Driver] Data is sent to DUT
# [Monitor] Data is sent to Scoreboard
# [base] Write finished! Write data 01 at Address 00
# [Scoreboard] Get packet from Monitor: Address: 00, Data: 00
# 
# ===== t=131630000 PASSED SUCCESSFULLY !!! Expected timing is 245000, Actual timing is 259999 =====
# 
# [Stimulus] Packet is sent to Driver
# [Driver] Data is sent to DUT
# [Monitor] Data is sent to Scoreboard
# [base] Write finished! Write data 01 at Address 03
# [Scoreboard] Get packet from Monitor: Address: 03, Data: 00
# [Stimulus] Packet is sent to Driver
# [Driver] Data is sent to DUT
# [Monitor] Data is sent to Scoreboard
# [Base] Write finished! Write Random Data aa at Address 02
# [Scoreboard] Get packet from Monitor: Address: 02, Data: 00
# [Stimulus] Packet is sent to Driver
#   1
# [Driver] Data is sent to DUT
# [Monitor] Data is sent to Scoreboard
# [base] Write finished! Write data 04 at Address 00
# [Scoreboard] Get packet from Monitor: Address: 00, Data: 00
# [Stimulus] Packet is sent to Driver
#   0
# [Driver] Data is sent to DUT
# [Monitor] Data is sent to Scoreboard
# [base] Write finished! Write data 01 at Address 00
# [Scoreboard] Get packet from Monitor: Address: 00, Data: 00
# 
# ===== t=132350000 PASSED SUCCESSFULLY !!! Expected timing is 430000, Actual timing is 439999 =====
# 
# [Stimulus] Packet is sent to Driver
# [Driver] Data is sent to DUT
# [Monitor] Data is sent to Scoreboard
# [base] Write finished! Write data 01 at Address 03
# [Scoreboard] Get packet from Monitor: Address: 03, Data: 00
# [Stimulus] Packet is sent to Driver
# [Driver] Data is sent to DUT
# [Monitor] Data is sent to Scoreboard
# [Base] Write finished! Write Random Data e2 at Address 02
# [Scoreboard] Get packet from Monitor: Address: 02, Data: 00
# [Stimulus] Packet is sent to Driver
#   1
# [Driver] Data is sent to DUT
# [Monitor] Data is sent to Scoreboard
# [base] Write finished! Write data 04 at Address 00
# [Scoreboard] Get packet from Monitor: Address: 00, Data: 00
# [Stimulus] Packet is sent to Driver
#   0
# [Driver] Data is sent to DUT
# [Monitor] Data is sent to Scoreboard
# [base] Write finished! Write data 01 at Address 00
# [Scoreboard] Get packet from Monitor: Address: 00, Data: 00
# 
# ===== t=132790000 PASSED SUCCESSFULLY !!! Expected timing is 150000, Actual timing is 159999 =====
# 
# [Stimulus] Packet is sent to Driver
# [Driver] Data is sent to DUT
# [Monitor] Data is sent to Scoreboard
# [base] Write finished! Write data 01 at Address 03
# [Scoreboard] Get packet from Monitor: Address: 03, Data: 00
# [Stimulus] Packet is sent to Driver
# [Driver] Data is sent to DUT
# [Monitor] Data is sent to Scoreboard
# [Base] Write finished! Write Random Data 99 at Address 02
# [Scoreboard] Get packet from Monitor: Address: 02, Data: 00
# [Stimulus] Packet is sent to Driver
#   1
# [Driver] Data is sent to DUT
# [Monitor] Data is sent to Scoreboard
# [base] Write finished! Write data 04 at Address 00
# [Scoreboard] Get packet from Monitor: Address: 00, Data: 00
# [Stimulus] Packet is sent to Driver
#   0
# [Driver] Data is sent to DUT
# [Monitor] Data is sent to Scoreboard
# [base] Write finished! Write data 01 at Address 00
# [Scoreboard] Get packet from Monitor: Address: 00, Data: 00
# 
# ===== t=133590000 PASSED SUCCESSFULLY !!! Expected timing is 515000, Actual timing is 519999 =====
# 
# [Stimulus] Packet is sent to Driver
# [Driver] Data is sent to DUT
# [Monitor] Data is sent to Scoreboard
# [base] Write finished! Write data 01 at Address 03
# [Scoreboard] Get packet from Monitor: Address: 03, Data: 00
# [Stimulus] Packet is sent to Driver
# [Driver] Data is sent to DUT
# [Monitor] Data is sent to Scoreboard
# [Base] Write finished! Write Random Data 29 at Address 02
# [Scoreboard] Get packet from Monitor: Address: 02, Data: 00
# [Stimulus] Packet is sent to Driver
#   1
# [Driver] Data is sent to DUT
# [Monitor] Data is sent to Scoreboard
# [base] Write finished! Write data 04 at Address 00
# [Scoreboard] Get packet from Monitor: Address: 00, Data: 00
# [Stimulus] Packet is sent to Driver
#   0
# [Driver] Data is sent to DUT
# [Monitor] Data is sent to Scoreboard
# [base] Write finished! Write data 01 at Address 00
# [Scoreboard] Get packet from Monitor: Address: 00, Data: 00
# 
# ===== t=134950000 PASSED SUCCESSFULLY !!! Expected timing is 1075000, Actual timing is 1079999 =====
# 
# [Stimulus] Packet is sent to Driver
# [Driver] Data is sent to DUT
# [Monitor] Data is sent to Scoreboard
# [base] Write finished! Write data 01 at Address 03
# [Scoreboard] Get packet from Monitor: Address: 03, Data: 00
# [Stimulus] Packet is sent to Driver
# [Driver] Data is sent to DUT
# [Monitor] Data is sent to Scoreboard
# [Base] Write finished! Write Random Data 21 at Address 02
# [Scoreboard] Get packet from Monitor: Address: 02, Data: 00
# [Stimulus] Packet is sent to Driver
#   1
# [Driver] Data is sent to DUT
# [Monitor] Data is sent to Scoreboard
# [base] Write finished! Write data 04 at Address 00
# [Scoreboard] Get packet from Monitor: Address: 00, Data: 00
# [Stimulus] Packet is sent to Driver
#   0
# [Driver] Data is sent to DUT
# [Monitor] Data is sent to Scoreboard
# [base] Write finished! Write data 01 at Address 00
# [Scoreboard] Get packet from Monitor: Address: 00, Data: 00
# 
# ===== t=136350000 PASSED SUCCESSFULLY !!! Expected timing is 1115000, Actual timing is 1119999 =====
# 
# [Stimulus] Packet is sent to Driver
# [Driver] Data is sent to DUT
# [Monitor] Data is sent to Scoreboard
# [base] Write finished! Write data 01 at Address 03
# [Scoreboard] Get packet from Monitor: Address: 03, Data: 00
# [Stimulus] Packet is sent to Driver
# [Driver] Data is sent to DUT
# [Monitor] Data is sent to Scoreboard
# [Base] Write finished! Write Random Data c0 at Address 02
# [Scoreboard] Get packet from Monitor: Address: 02, Data: 00
# [Stimulus] Packet is sent to Driver
#   1
# [Driver] Data is sent to DUT
# [Monitor] Data is sent to Scoreboard
# [base] Write finished! Write data 04 at Address 00
# [Scoreboard] Get packet from Monitor: Address: 00, Data: 00
# [Stimulus] Packet is sent to Driver
#   0
# [Driver] Data is sent to DUT
# [Monitor] Data is sent to Scoreboard
# [base] Write finished! Write data 01 at Address 00
# [Scoreboard] Get packet from Monitor: Address: 00, Data: 00
# 
# ===== t=136970000 PASSED SUCCESSFULLY !!! Expected timing is 320000, Actual timing is 339999 =====
# 
# [Stimulus] Packet is sent to Driver
# [Driver] Data is sent to DUT
# [Monitor] Data is sent to Scoreboard
# [base] Write finished! Write data 01 at Address 03
# [Scoreboard] Get packet from Monitor: Address: 03, Data: 00
# [Stimulus] Packet is sent to Driver
# [Driver] Data is sent to DUT
# [Monitor] Data is sent to Scoreboard
# [Base] Write finished! Write Random Data ce at Address 02
# [Scoreboard] Get packet from Monitor: Address: 02, Data: 00
# [Stimulus] Packet is sent to Driver
#   1
# [Driver] Data is sent to DUT
# [Monitor] Data is sent to Scoreboard
# [base] Write finished! Write data 04 at Address 00
# [Scoreboard] Get packet from Monitor: Address: 00, Data: 00
# [Stimulus] Packet is sent to Driver
#   0
# [Driver] Data is sent to DUT
# [Monitor] Data is sent to Scoreboard
# [base] Write finished! Write data 01 at Address 00
# [Scoreboard] Get packet from Monitor: Address: 00, Data: 00
# 
# ===== t=137510000 PASSED SUCCESSFULLY !!! Expected timing is 250000, Actual timing is 259999 =====
# 
# [Stimulus] Packet is sent to Driver
# [Driver] Data is sent to DUT
# [Monitor] Data is sent to Scoreboard
# [base] Write finished! Write data 01 at Address 03
# [Scoreboard] Get packet from Monitor: Address: 03, Data: 00
# [Stimulus] Packet is sent to Driver
# [Driver] Data is sent to DUT
# [Monitor] Data is sent to Scoreboard
# [Base] Write finished! Write Random Data 20 at Address 02
# [Scoreboard] Get packet from Monitor: Address: 02, Data: 00
# [Stimulus] Packet is sent to Driver
#   1
# [Driver] Data is sent to DUT
# [Monitor] Data is sent to Scoreboard
# [base] Write finished! Write data 04 at Address 00
# [Scoreboard] Get packet from Monitor: Address: 00, Data: 00
# [Stimulus] Packet is sent to Driver
#   0
# [Driver] Data is sent to DUT
# [Monitor] Data is sent to Scoreboard
# [base] Write finished! Write data 01 at Address 00
# [Scoreboard] Get packet from Monitor: Address: 00, Data: 00
# 
# ===== t=138930000 PASSED SUCCESSFULLY !!! Expected timing is 1120000, Actual timing is 1139999 =====
# 
# [Stimulus] Packet is sent to Driver
# [Driver] Data is sent to DUT
# [Monitor] Data is sent to Scoreboard
# [base] Write finished! Write data 01 at Address 03
# [Scoreboard] Get packet from Monitor: Address: 03, Data: 00
# [Stimulus] Packet is sent to Driver
# [Driver] Data is sent to DUT
# [Monitor] Data is sent to Scoreboard
# [Base] Write finished! Write Random Data 30 at Address 02
# [Scoreboard] Get packet from Monitor: Address: 02, Data: 00
# [Stimulus] Packet is sent to Driver
#   1
# [Driver] Data is sent to DUT
# [Monitor] Data is sent to Scoreboard
# [base] Write finished! Write data 04 at Address 00
# [Scoreboard] Get packet from Monitor: Address: 00, Data: 00
# [Stimulus] Packet is sent to Driver
#   0
# [Driver] Data is sent to DUT
# [Monitor] Data is sent to Scoreboard
# [base] Write finished! Write data 01 at Address 00
# [Scoreboard] Get packet from Monitor: Address: 00, Data: 00
# 
# ===== t=140270000 PASSED SUCCESSFULLY !!! Expected timing is 1040000, Actual timing is 1059999 =====
# 
# [Stimulus] Packet is sent to Driver
# [Driver] Data is sent to DUT
# [Monitor] Data is sent to Scoreboard
# [base] Write finished! Write data 01 at Address 03
# [Scoreboard] Get packet from Monitor: Address: 03, Data: 00
# [Stimulus] Packet is sent to Driver
# [Driver] Data is sent to DUT
# [Monitor] Data is sent to Scoreboard
# [Base] Write finished! Write Random Data a1 at Address 02
# [Scoreboard] Get packet from Monitor: Address: 02, Data: 00
# [Stimulus] Packet is sent to Driver
#   1
# [Driver] Data is sent to DUT
# [Monitor] Data is sent to Scoreboard
# [base] Write finished! Write data 04 at Address 00
# [Scoreboard] Get packet from Monitor: Address: 00, Data: 00
# [Stimulus] Packet is sent to Driver
#   0
# [Driver] Data is sent to DUT
# [Monitor] Data is sent to Scoreboard
# [base] Write finished! Write data 01 at Address 00
# [Scoreboard] Get packet from Monitor: Address: 00, Data: 00
# 
# ===== t=141030000 PASSED SUCCESSFULLY !!! Expected timing is 475000, Actual timing is 479999 =====
# 
# [Stimulus] Packet is sent to Driver
# [Driver] Data is sent to DUT
# [Monitor] Data is sent to Scoreboard
# [base] Write finished! Write data 01 at Address 03
# [Scoreboard] Get packet from Monitor: Address: 03, Data: 00
# [Stimulus] Packet is sent to Driver
# [Driver] Data is sent to DUT
# [Monitor] Data is sent to Scoreboard
# [Base] Write finished! Write Random Data 5f at Address 02
# [Scoreboard] Get packet from Monitor: Address: 02, Data: 00
# [Stimulus] Packet is sent to Driver
#   1
# [Driver] Data is sent to DUT
# [Monitor] Data is sent to Scoreboard
# [base] Write finished! Write data 04 at Address 00
# [Scoreboard] Get packet from Monitor: Address: 00, Data: 00
# [Stimulus] Packet is sent to Driver
#   0
# [Driver] Data is sent to DUT
# [Monitor] Data is sent to Scoreboard
# [base] Write finished! Write data 01 at Address 00
# [Scoreboard] Get packet from Monitor: Address: 00, Data: 00
# 
# ===== t=142130000 PASSED SUCCESSFULLY !!! Expected timing is 805000, Actual timing is 819999 =====
# 
# [Stimulus] Packet is sent to Driver
# [Driver] Data is sent to DUT
# [Monitor] Data is sent to Scoreboard
# [base] Write finished! Write data 01 at Address 03
# [Scoreboard] Get packet from Monitor: Address: 03, Data: 00
# [Stimulus] Packet is sent to Driver
# [Driver] Data is sent to DUT
# [Monitor] Data is sent to Scoreboard
# [Base] Write finished! Write Random Data fe at Address 02
# [Scoreboard] Get packet from Monitor: Address: 02, Data: 00
# [Stimulus] Packet is sent to Driver
#   1
# [Driver] Data is sent to DUT
# [Monitor] Data is sent to Scoreboard
# [base] Write finished! Write data 04 at Address 00
# [Scoreboard] Get packet from Monitor: Address: 00, Data: 00
# [Stimulus] Packet is sent to Driver
#   0
# [Driver] Data is sent to DUT
# [Monitor] Data is sent to Scoreboard
# [base] Write finished! Write data 01 at Address 00
# [Scoreboard] Get packet from Monitor: Address: 00, Data: 00
# 
# ===== t=142430000 PASSED SUCCESSFULLY !!! Expected timing is 10000, Actual timing is 19999 =====
# 
# [Stimulus] Packet is sent to Driver
# [Driver] Data is sent to DUT
# [Monitor] Data is sent to Scoreboard
# [base] Write finished! Write data 01 at Address 03
# [Scoreboard] Get packet from Monitor: Address: 03, Data: 00
# [Stimulus] Packet is sent to Driver
# [Driver] Data is sent to DUT
# [Monitor] Data is sent to Scoreboard
# [Base] Write finished! Write Random Data f8 at Address 02
# [Scoreboard] Get packet from Monitor: Address: 02, Data: 00
# [Stimulus] Packet is sent to Driver
#   1
# [Driver] Data is sent to DUT
# [Monitor] Data is sent to Scoreboard
# [base] Write finished! Write data 04 at Address 00
# [Scoreboard] Get packet from Monitor: Address: 00, Data: 00
# [Stimulus] Packet is sent to Driver
#   0
# [Driver] Data is sent to DUT
# [Monitor] Data is sent to Scoreboard
# [base] Write finished! Write data 01 at Address 00
# [Scoreboard] Get packet from Monitor: Address: 00, Data: 00
# 
# ===== t=142770000 PASSED SUCCESSFULLY !!! Expected timing is 40000, Actual timing is 59999 =====
# 
# [Stimulus] Packet is sent to Driver
# [Driver] Data is sent to DUT
# [Monitor] Data is sent to Scoreboard
# [base] Write finished! Write data 01 at Address 03
# [Scoreboard] Get packet from Monitor: Address: 03, Data: 00
# [Stimulus] Packet is sent to Driver
# [Driver] Data is sent to DUT
# [Monitor] Data is sent to Scoreboard
# [Base] Write finished! Write Random Data 21 at Address 02
# [Scoreboard] Get packet from Monitor: Address: 02, Data: 00
# [Stimulus] Packet is sent to Driver
#   1
# [Driver] Data is sent to DUT
# [Monitor] Data is sent to Scoreboard
# [base] Write finished! Write data 04 at Address 00
# [Scoreboard] Get packet from Monitor: Address: 00, Data: 00
# [Stimulus] Packet is sent to Driver
#   0
# [Driver] Data is sent to DUT
# [Monitor] Data is sent to Scoreboard
# [base] Write finished! Write data 01 at Address 00
# [Scoreboard] Get packet from Monitor: Address: 00, Data: 00
# 
# ===== t=144170000 PASSED SUCCESSFULLY !!! Expected timing is 1115000, Actual timing is 1119999 =====
# 
# [Stimulus] Packet is sent to Driver
# [Driver] Data is sent to DUT
# [Monitor] Data is sent to Scoreboard
# [base] Write finished! Write data 01 at Address 03
# [Scoreboard] Get packet from Monitor: Address: 03, Data: 00
# [Stimulus] Packet is sent to Driver
# [Driver] Data is sent to DUT
# [Monitor] Data is sent to Scoreboard
# [Base] Write finished! Write Random Data 55 at Address 02
# [Scoreboard] Get packet from Monitor: Address: 02, Data: 00
# [Stimulus] Packet is sent to Driver
#   1
# [Driver] Data is sent to DUT
# [Monitor] Data is sent to Scoreboard
# [base] Write finished! Write data 04 at Address 00
# [Scoreboard] Get packet from Monitor: Address: 00, Data: 00
# [Stimulus] Packet is sent to Driver
#   0
# [Driver] Data is sent to DUT
# [Monitor] Data is sent to Scoreboard
# [base] Write finished! Write data 01 at Address 00
# [Scoreboard] Get packet from Monitor: Address: 00, Data: 00
# 
# ===== t=145310000 PASSED SUCCESSFULLY !!! Expected timing is 855000, Actual timing is 859999 =====
# 
# [Stimulus] Packet is sent to Driver
# [Driver] Data is sent to DUT
# [Monitor] Data is sent to Scoreboard
# [base] Write finished! Write data 01 at Address 03
# [Scoreboard] Get packet from Monitor: Address: 03, Data: 00
# [Stimulus] Packet is sent to Driver
# [Driver] Data is sent to DUT
# [Monitor] Data is sent to Scoreboard
# [Base] Write finished! Write Random Data b5 at Address 02
# [Scoreboard] Get packet from Monitor: Address: 02, Data: 00
# [Stimulus] Packet is sent to Driver
#   1
# [Driver] Data is sent to DUT
# [Monitor] Data is sent to Scoreboard
# [base] Write finished! Write data 04 at Address 00
# [Scoreboard] Get packet from Monitor: Address: 00, Data: 00
# [Stimulus] Packet is sent to Driver
#   0
# [Driver] Data is sent to DUT
# [Monitor] Data is sent to Scoreboard
# [base] Write finished! Write data 01 at Address 00
# [Scoreboard] Get packet from Monitor: Address: 00, Data: 00
# 
# ===== t=145970000 PASSED SUCCESSFULLY !!! Expected timing is 375000, Actual timing is 379999 =====
# 
# [Stimulus] Packet is sent to Driver
# [Driver] Data is sent to DUT
# [Monitor] Data is sent to Scoreboard
# [base] Write finished! Write data 01 at Address 03
# [Scoreboard] Get packet from Monitor: Address: 03, Data: 00
# [Stimulus] Packet is sent to Driver
# [Driver] Data is sent to DUT
# [Monitor] Data is sent to Scoreboard
# [Base] Write finished! Write Random Data 1b at Address 02
# [Scoreboard] Get packet from Monitor: Address: 02, Data: 00
# [Stimulus] Packet is sent to Driver
#   1
# [Driver] Data is sent to DUT
# [Monitor] Data is sent to Scoreboard
# [base] Write finished! Write data 04 at Address 00
# [Scoreboard] Get packet from Monitor: Address: 00, Data: 00
# [Stimulus] Packet is sent to Driver
#   0
# [Driver] Data is sent to DUT
# [Monitor] Data is sent to Scoreboard
# [base] Write finished! Write data 01 at Address 00
# [Scoreboard] Get packet from Monitor: Address: 00, Data: 00
# 
# ===== t=147410000 PASSED SUCCESSFULLY !!! Expected timing is 1145000, Actual timing is 1159999 =====
# 
# [Stimulus] Packet is sent to Driver
# [Driver] Data is sent to DUT
# [Monitor] Data is sent to Scoreboard
# [base] Write finished! Write data 01 at Address 03
# [Scoreboard] Get packet from Monitor: Address: 03, Data: 00
# [Stimulus] Packet is sent to Driver
# [Driver] Data is sent to DUT
# [Monitor] Data is sent to Scoreboard
# [Base] Write finished! Write Random Data f5 at Address 02
# [Scoreboard] Get packet from Monitor: Address: 02, Data: 00
# [Stimulus] Packet is sent to Driver
#   1
# [Driver] Data is sent to DUT
# [Monitor] Data is sent to Scoreboard
# [base] Write finished! Write data 04 at Address 00
# [Scoreboard] Get packet from Monitor: Address: 00, Data: 00
# [Stimulus] Packet is sent to Driver
#   0
# [Driver] Data is sent to DUT
# [Monitor] Data is sent to Scoreboard
# [base] Write finished! Write data 01 at Address 00
# [Scoreboard] Get packet from Monitor: Address: 00, Data: 00
# 
# ===== t=147750000 PASSED SUCCESSFULLY !!! Expected timing is 55000, Actual timing is 59999 =====
# 
# [Stimulus] Packet is sent to Driver
# [Driver] Data is sent to DUT
# [Monitor] Data is sent to Scoreboard
# [base] Write finished! Write data 01 at Address 03
# [Scoreboard] Get packet from Monitor: Address: 03, Data: 00
# [Stimulus] Packet is sent to Driver
# [Driver] Data is sent to DUT
# [Monitor] Data is sent to Scoreboard
# [Base] Write finished! Write Random Data b4 at Address 02
# [Scoreboard] Get packet from Monitor: Address: 02, Data: 00
# [Stimulus] Packet is sent to Driver
#   1
# [Driver] Data is sent to DUT
# [Monitor] Data is sent to Scoreboard
# [base] Write finished! Write data 04 at Address 00
# [Scoreboard] Get packet from Monitor: Address: 00, Data: 00
# [Stimulus] Packet is sent to Driver
#   0
# [Driver] Data is sent to DUT
# [Monitor] Data is sent to Scoreboard
# [base] Write finished! Write data 01 at Address 00
# [Scoreboard] Get packet from Monitor: Address: 00, Data: 00
# 
# ===== t=148430000 PASSED SUCCESSFULLY !!! Expected timing is 380000, Actual timing is 399999 =====
# 
# [Stimulus] Packet is sent to Driver
# [Driver] Data is sent to DUT
# [Monitor] Data is sent to Scoreboard
# [base] Write finished! Write data 01 at Address 03
# [Scoreboard] Get packet from Monitor: Address: 03, Data: 00
# [Stimulus] Packet is sent to Driver
# [Driver] Data is sent to DUT
# [Monitor] Data is sent to Scoreboard
# [Base] Write finished! Write Random Data 97 at Address 02
# [Scoreboard] Get packet from Monitor: Address: 02, Data: 00
# [Stimulus] Packet is sent to Driver
#   1
# [Driver] Data is sent to DUT
# [Monitor] Data is sent to Scoreboard
# [base] Write finished! Write data 04 at Address 00
# [Scoreboard] Get packet from Monitor: Address: 00, Data: 00
# [Stimulus] Packet is sent to Driver
#   0
# [Driver] Data is sent to DUT
# [Monitor] Data is sent to Scoreboard
# [base] Write finished! Write data 01 at Address 00
# [Scoreboard] Get packet from Monitor: Address: 00, Data: 00
# 
# ===== t=149250000 PASSED SUCCESSFULLY !!! Expected timing is 525000, Actual timing is 539999 =====
# 
# [Stimulus] Packet is sent to Driver
# [Driver] Data is sent to DUT
# [Monitor] Data is sent to Scoreboard
# [base] Write finished! Write data 01 at Address 03
# [Scoreboard] Get packet from Monitor: Address: 03, Data: 00
# [Stimulus] Packet is sent to Driver
# [Driver] Data is sent to DUT
# [Monitor] Data is sent to Scoreboard
# [Base] Write finished! Write Random Data 6a at Address 02
# [Scoreboard] Get packet from Monitor: Address: 02, Data: 00
# [Stimulus] Packet is sent to Driver
#   1
# [Driver] Data is sent to DUT
# [Monitor] Data is sent to Scoreboard
# [base] Write finished! Write data 04 at Address 00
# [Scoreboard] Get packet from Monitor: Address: 00, Data: 00
# [Stimulus] Packet is sent to Driver
#   0
# [Driver] Data is sent to DUT
# [Monitor] Data is sent to Scoreboard
# [base] Write finished! Write data 01 at Address 00
# [Scoreboard] Get packet from Monitor: Address: 00, Data: 00
# 
# ===== t=150290000 PASSED SUCCESSFULLY !!! Expected timing is 750000, Actual timing is 759999 =====
# 
# [Stimulus] Packet is sent to Driver
# [Driver] Data is sent to DUT
# [Monitor] Data is sent to Scoreboard
# [base] Write finished! Write data 01 at Address 03
# [Scoreboard] Get packet from Monitor: Address: 03, Data: 00
# [Stimulus] Packet is sent to Driver
# [Driver] Data is sent to DUT
# [Monitor] Data is sent to Scoreboard
# [Base] Write finished! Write Random Data 71 at Address 02
# [Scoreboard] Get packet from Monitor: Address: 02, Data: 00
# [Stimulus] Packet is sent to Driver
#   1
# [Driver] Data is sent to DUT
# [Monitor] Data is sent to Scoreboard
# [base] Write finished! Write data 04 at Address 00
# [Scoreboard] Get packet from Monitor: Address: 00, Data: 00
# [Stimulus] Packet is sent to Driver
#   0
# [Driver] Data is sent to DUT
# [Monitor] Data is sent to Scoreboard
# [base] Write finished! Write data 01 at Address 00
# [Scoreboard] Get packet from Monitor: Address: 00, Data: 00
# 
# ===== t=151290000 PASSED SUCCESSFULLY !!! Expected timing is 715000, Actual timing is 719999 =====
# 
# [Stimulus] Packet is sent to Driver
# [Driver] Data is sent to DUT
# [Monitor] Data is sent to Scoreboard
# [base] Write finished! Write data 01 at Address 03
# [Scoreboard] Get packet from Monitor: Address: 03, Data: 00
# [Stimulus] Packet is sent to Driver
# [Driver] Data is sent to DUT
# [Monitor] Data is sent to Scoreboard
# [Base] Write finished! Write Random Data 5c at Address 02
# [Scoreboard] Get packet from Monitor: Address: 02, Data: 00
# [Stimulus] Packet is sent to Driver
#   1
# [Driver] Data is sent to DUT
# [Monitor] Data is sent to Scoreboard
# [base] Write finished! Write data 04 at Address 00
# [Scoreboard] Get packet from Monitor: Address: 00, Data: 00
# [Stimulus] Packet is sent to Driver
#   0
# [Driver] Data is sent to DUT
# [Monitor] Data is sent to Scoreboard
# [base] Write finished! Write data 01 at Address 00
# [Scoreboard] Get packet from Monitor: Address: 00, Data: 00
# 
# ===== t=152410000 PASSED SUCCESSFULLY !!! Expected timing is 820000, Actual timing is 839999 =====
# 
# [Stimulus] Packet is sent to Driver
# [Driver] Data is sent to DUT
# [Monitor] Data is sent to Scoreboard
# [base] Write finished! Write data 01 at Address 03
# [Scoreboard] Get packet from Monitor: Address: 03, Data: 00
# [Stimulus] Packet is sent to Driver
# [Driver] Data is sent to DUT
# [Monitor] Data is sent to Scoreboard
# [Base] Write finished! Write Random Data a9 at Address 02
# [Scoreboard] Get packet from Monitor: Address: 02, Data: 00
# [Stimulus] Packet is sent to Driver
#   1
# [Driver] Data is sent to DUT
# [Monitor] Data is sent to Scoreboard
# [base] Write finished! Write data 04 at Address 00
# [Scoreboard] Get packet from Monitor: Address: 00, Data: 00
# [Stimulus] Packet is sent to Driver
#   0
# [Driver] Data is sent to DUT
# [Monitor] Data is sent to Scoreboard
# [base] Write finished! Write data 01 at Address 00
# [Scoreboard] Get packet from Monitor: Address: 00, Data: 00
# 
# ===== t=153130000 PASSED SUCCESSFULLY !!! Expected timing is 435000, Actual timing is 439999 =====
# 
# [Stimulus] Packet is sent to Driver
# [Driver] Data is sent to DUT
# [Monitor] Data is sent to Scoreboard
# [base] Write finished! Write data 01 at Address 03
# [Scoreboard] Get packet from Monitor: Address: 03, Data: 00
# [Stimulus] Packet is sent to Driver
# [Driver] Data is sent to DUT
# [Monitor] Data is sent to Scoreboard
# [Base] Write finished! Write Random Data 76 at Address 02
# [Scoreboard] Get packet from Monitor: Address: 02, Data: 00
# [Stimulus] Packet is sent to Driver
#   1
# [Driver] Data is sent to DUT
# [Monitor] Data is sent to Scoreboard
# [base] Write finished! Write data 04 at Address 00
# [Scoreboard] Get packet from Monitor: Address: 00, Data: 00
# [Stimulus] Packet is sent to Driver
#   0
# [Driver] Data is sent to DUT
# [Monitor] Data is sent to Scoreboard
# [base] Write finished! Write data 01 at Address 00
# [Scoreboard] Get packet from Monitor: Address: 00, Data: 00
# 
# ===== t=154110000 PASSED SUCCESSFULLY !!! Expected timing is 690000, Actual timing is 699999 =====
# 
# [Stimulus] Packet is sent to Driver
# [Driver] Data is sent to DUT
# [Monitor] Data is sent to Scoreboard
# [base] Write finished! Write data 01 at Address 03
# [Scoreboard] Get packet from Monitor: Address: 03, Data: 00
# [Stimulus] Packet is sent to Driver
# [Driver] Data is sent to DUT
# [Monitor] Data is sent to Scoreboard
# [Base] Write finished! Write Random Data 67 at Address 02
# [Scoreboard] Get packet from Monitor: Address: 02, Data: 00
# [Stimulus] Packet is sent to Driver
#   1
# [Driver] Data is sent to DUT
# [Monitor] Data is sent to Scoreboard
# [base] Write finished! Write data 04 at Address 00
# [Scoreboard] Get packet from Monitor: Address: 00, Data: 00
# [Stimulus] Packet is sent to Driver
#   0
# [Driver] Data is sent to DUT
# [Monitor] Data is sent to Scoreboard
# [base] Write finished! Write data 01 at Address 00
# [Scoreboard] Get packet from Monitor: Address: 00, Data: 00
# 
# ===== t=155170000 PASSED SUCCESSFULLY !!! Expected timing is 765000, Actual timing is 779999 =====
# 
# [Stimulus] Packet is sent to Driver
# [Driver] Data is sent to DUT
# [Monitor] Data is sent to Scoreboard
# [base] Write finished! Write data 01 at Address 03
# [Scoreboard] Get packet from Monitor: Address: 03, Data: 00
# [Stimulus] Packet is sent to Driver
# [Driver] Data is sent to DUT
# [Monitor] Data is sent to Scoreboard
# [Base] Write finished! Write Random Data 78 at Address 02
# [Scoreboard] Get packet from Monitor: Address: 02, Data: 00
# [Stimulus] Packet is sent to Driver
#   1
# [Driver] Data is sent to DUT
# [Monitor] Data is sent to Scoreboard
# [base] Write finished! Write data 04 at Address 00
# [Scoreboard] Get packet from Monitor: Address: 00, Data: 00
# [Stimulus] Packet is sent to Driver
#   0
# [Driver] Data is sent to DUT
# [Monitor] Data is sent to Scoreboard
# [base] Write finished! Write data 01 at Address 00
# [Scoreboard] Get packet from Monitor: Address: 00, Data: 00
# 
# ===== t=156150000 PASSED SUCCESSFULLY !!! Expected timing is 680000, Actual timing is 699999 =====
# 
# [Stimulus] Packet is sent to Driver
# [Driver] Data is sent to DUT
# [Monitor] Data is sent to Scoreboard
# [base] Write finished! Write data 01 at Address 03
# [Scoreboard] Get packet from Monitor: Address: 03, Data: 00
# [Stimulus] Packet is sent to Driver
# [Driver] Data is sent to DUT
# [Monitor] Data is sent to Scoreboard
# [Base] Write finished! Write Random Data 3a at Address 02
# [Scoreboard] Get packet from Monitor: Address: 02, Data: 00
# [Stimulus] Packet is sent to Driver
#   1
# [Driver] Data is sent to DUT
# [Monitor] Data is sent to Scoreboard
# [base] Write finished! Write data 04 at Address 00
# [Scoreboard] Get packet from Monitor: Address: 00, Data: 00
# [Stimulus] Packet is sent to Driver
#   0
# [Driver] Data is sent to DUT
# [Monitor] Data is sent to Scoreboard
# [base] Write finished! Write data 01 at Address 00
# [Scoreboard] Get packet from Monitor: Address: 00, Data: 00
# 
# ===== t=157430000 PASSED SUCCESSFULLY !!! Expected timing is 990000, Actual timing is 999999 =====
# 
# [Stimulus] Packet is sent to Driver
# [Driver] Data is sent to DUT
# [Monitor] Data is sent to Scoreboard
# [base] Write finished! Write data 01 at Address 03
# [Scoreboard] Get packet from Monitor: Address: 03, Data: 00
# [Stimulus] Packet is sent to Driver
# [Driver] Data is sent to DUT
# [Monitor] Data is sent to Scoreboard
# [Base] Write finished! Write Random Data fe at Address 02
# [Scoreboard] Get packet from Monitor: Address: 02, Data: 00
# [Stimulus] Packet is sent to Driver
#   1
# [Driver] Data is sent to DUT
# [Monitor] Data is sent to Scoreboard
# [base] Write finished! Write data 04 at Address 00
# [Scoreboard] Get packet from Monitor: Address: 00, Data: 00
# [Stimulus] Packet is sent to Driver
#   0
# [Driver] Data is sent to DUT
# [Monitor] Data is sent to Scoreboard
# [base] Write finished! Write data 01 at Address 00
# [Scoreboard] Get packet from Monitor: Address: 00, Data: 00
# 
# ===== t=157730000 PASSED SUCCESSFULLY !!! Expected timing is 10000, Actual timing is 19999 =====
# 
# [Stimulus] Packet is sent to Driver
# [Driver] Data is sent to DUT
# [Monitor] Data is sent to Scoreboard
# [base] Write finished! Write data 01 at Address 03
# [Scoreboard] Get packet from Monitor: Address: 03, Data: 00
# [Stimulus] Packet is sent to Driver
# [Driver] Data is sent to DUT
# [Monitor] Data is sent to Scoreboard
# [Base] Write finished! Write Random Data 0b at Address 02
# [Scoreboard] Get packet from Monitor: Address: 02, Data: 00
# [Stimulus] Packet is sent to Driver
#   1
# [Driver] Data is sent to DUT
# [Monitor] Data is sent to Scoreboard
# [base] Write finished! Write data 04 at Address 00
# [Scoreboard] Get packet from Monitor: Address: 00, Data: 00
# [Stimulus] Packet is sent to Driver
#   0
# [Driver] Data is sent to DUT
# [Monitor] Data is sent to Scoreboard
# [base] Write finished! Write data 01 at Address 00
# [Scoreboard] Get packet from Monitor: Address: 00, Data: 00
# 
# ===== t=159250000 PASSED SUCCESSFULLY !!! Expected timing is 1225000, Actual timing is 1239999 =====
# 
# [Stimulus] Packet is sent to Driver
# [Driver] Data is sent to DUT
# [Monitor] Data is sent to Scoreboard
# [base] Write finished! Write data 01 at Address 03
# [Scoreboard] Get packet from Monitor: Address: 03, Data: 00
# [Stimulus] Packet is sent to Driver
# [Driver] Data is sent to DUT
# [Monitor] Data is sent to Scoreboard
# [Base] Write finished! Write Random Data f0 at Address 02
# [Scoreboard] Get packet from Monitor: Address: 02, Data: 00
# [Stimulus] Packet is sent to Driver
#   1
# [Driver] Data is sent to DUT
# [Monitor] Data is sent to Scoreboard
# [base] Write finished! Write data 04 at Address 00
# [Scoreboard] Get packet from Monitor: Address: 00, Data: 00
# [Stimulus] Packet is sent to Driver
#   0
# [Driver] Data is sent to DUT
# [Monitor] Data is sent to Scoreboard
# [base] Write finished! Write data 01 at Address 00
# [Scoreboard] Get packet from Monitor: Address: 00, Data: 00
# 
# ===== t=159630000 PASSED SUCCESSFULLY !!! Expected timing is 80000, Actual timing is 99999 =====
# 
# [Stimulus] Packet is sent to Driver
# [Driver] Data is sent to DUT
# [Monitor] Data is sent to Scoreboard
# [base] Write finished! Write data 01 at Address 03
# [Scoreboard] Get packet from Monitor: Address: 03, Data: 00
# [Stimulus] Packet is sent to Driver
# [Driver] Data is sent to DUT
# [Monitor] Data is sent to Scoreboard
# [Base] Write finished! Write Random Data 57 at Address 02
# [Scoreboard] Get packet from Monitor: Address: 02, Data: 00
# [Stimulus] Packet is sent to Driver
#   1
# [Driver] Data is sent to DUT
# [Monitor] Data is sent to Scoreboard
# [base] Write finished! Write data 04 at Address 00
# [Scoreboard] Get packet from Monitor: Address: 00, Data: 00
# [Stimulus] Packet is sent to Driver
#   0
# [Driver] Data is sent to DUT
# [Monitor] Data is sent to Scoreboard
# [base] Write finished! Write data 01 at Address 00
# [Scoreboard] Get packet from Monitor: Address: 00, Data: 00
# 
# ===== t=160770000 PASSED SUCCESSFULLY !!! Expected timing is 845000, Actual timing is 859999 =====
# 
# [Stimulus] Packet is sent to Driver
# [Driver] Data is sent to DUT
# [Monitor] Data is sent to Scoreboard
# [base] Write finished! Write data 01 at Address 03
# [Scoreboard] Get packet from Monitor: Address: 03, Data: 00
# [Stimulus] Packet is sent to Driver
# [Driver] Data is sent to DUT
# [Monitor] Data is sent to Scoreboard
# [Base] Write finished! Write Random Data d9 at Address 02
# [Scoreboard] Get packet from Monitor: Address: 02, Data: 00
# [Stimulus] Packet is sent to Driver
#   1
# [Driver] Data is sent to DUT
# [Monitor] Data is sent to Scoreboard
# [base] Write finished! Write data 04 at Address 00
# [Scoreboard] Get packet from Monitor: Address: 00, Data: 00
# [Stimulus] Packet is sent to Driver
#   0
# [Driver] Data is sent to DUT
# [Monitor] Data is sent to Scoreboard
# [base] Write finished! Write data 01 at Address 00
# [Scoreboard] Get packet from Monitor: Address: 00, Data: 00
# 
# ===== t=161250000 PASSED SUCCESSFULLY !!! Expected timing is 195000, Actual timing is 199999 =====
# 
# [Stimulus] Packet is sent to Driver
# [Driver] Data is sent to DUT
# [Monitor] Data is sent to Scoreboard
# [base] Write finished! Write data 01 at Address 03
# [Scoreboard] Get packet from Monitor: Address: 03, Data: 00
# [Stimulus] Packet is sent to Driver
# [Driver] Data is sent to DUT
# [Monitor] Data is sent to Scoreboard
# [Base] Write finished! Write Random Data 56 at Address 02
# [Scoreboard] Get packet from Monitor: Address: 02, Data: 00
# [Stimulus] Packet is sent to Driver
#   1
# [Driver] Data is sent to DUT
# [Monitor] Data is sent to Scoreboard
# [base] Write finished! Write data 04 at Address 00
# [Scoreboard] Get packet from Monitor: Address: 00, Data: 00
# [Stimulus] Packet is sent to Driver
#   0
# [Driver] Data is sent to DUT
# [Monitor] Data is sent to Scoreboard
# [base] Write finished! Write data 01 at Address 00
# [Scoreboard] Get packet from Monitor: Address: 00, Data: 00
# 
# ===== t=162390000 PASSED SUCCESSFULLY !!! Expected timing is 850000, Actual timing is 859999 =====
# 
# [Stimulus] Packet is sent to Driver
# [Driver] Data is sent to DUT
# [Monitor] Data is sent to Scoreboard
# [base] Write finished! Write data 01 at Address 03
# [Scoreboard] Get packet from Monitor: Address: 03, Data: 00
# [Stimulus] Packet is sent to Driver
# [Driver] Data is sent to DUT
# [Monitor] Data is sent to Scoreboard
# [Base] Write finished! Write Random Data e8 at Address 02
# [Scoreboard] Get packet from Monitor: Address: 02, Data: 00
# [Stimulus] Packet is sent to Driver
#   1
# [Driver] Data is sent to DUT
# [Monitor] Data is sent to Scoreboard
# [base] Write finished! Write data 04 at Address 00
# [Scoreboard] Get packet from Monitor: Address: 00, Data: 00
# [Stimulus] Packet is sent to Driver
#   0
# [Driver] Data is sent to DUT
# [Monitor] Data is sent to Scoreboard
# [base] Write finished! Write data 01 at Address 00
# [Scoreboard] Get packet from Monitor: Address: 00, Data: 00
# 
# ===== t=162810000 PASSED SUCCESSFULLY !!! Expected timing is 120000, Actual timing is 139999 =====
# 
# [Stimulus] Packet is sent to Driver
# [Driver] Data is sent to DUT
# [Monitor] Data is sent to Scoreboard
# [base] Write finished! Write data 01 at Address 03
# [Scoreboard] Get packet from Monitor: Address: 03, Data: 00
# [Stimulus] Packet is sent to Driver
# [Driver] Data is sent to DUT
# [Monitor] Data is sent to Scoreboard
# [Base] Write finished! Write Random Data 11 at Address 02
# [Scoreboard] Get packet from Monitor: Address: 02, Data: 00
# [Stimulus] Packet is sent to Driver
#   1
# [Driver] Data is sent to DUT
# [Monitor] Data is sent to Scoreboard
# [base] Write finished! Write data 04 at Address 00
# [Scoreboard] Get packet from Monitor: Address: 00, Data: 00
# [Stimulus] Packet is sent to Driver
#   0
# [Driver] Data is sent to DUT
# [Monitor] Data is sent to Scoreboard
# [base] Write finished! Write data 01 at Address 00
# [Scoreboard] Get packet from Monitor: Address: 00, Data: 00
# 
# ===== t=164290000 PASSED SUCCESSFULLY !!! Expected timing is 1195000, Actual timing is 1199999 =====
# 
# [Stimulus] Packet is sent to Driver
# [Driver] Data is sent to DUT
# [Monitor] Data is sent to Scoreboard
# [base] Write finished! Write data 01 at Address 03
# [Scoreboard] Get packet from Monitor: Address: 03, Data: 00
# [Stimulus] Packet is sent to Driver
# [Driver] Data is sent to DUT
# [Monitor] Data is sent to Scoreboard
# [Base] Write finished! Write Random Data f7 at Address 02
# [Scoreboard] Get packet from Monitor: Address: 02, Data: 00
# [Stimulus] Packet is sent to Driver
#   1
# [Driver] Data is sent to DUT
# [Monitor] Data is sent to Scoreboard
# [base] Write finished! Write data 04 at Address 00
# [Scoreboard] Get packet from Monitor: Address: 00, Data: 00
# [Stimulus] Packet is sent to Driver
#   0
# [Driver] Data is sent to DUT
# [Monitor] Data is sent to Scoreboard
# [base] Write finished! Write data 01 at Address 00
# [Scoreboard] Get packet from Monitor: Address: 00, Data: 00
# 
# ===== t=164630000 PASSED SUCCESSFULLY !!! Expected timing is 45000, Actual timing is 59999 =====
# 
# [Stimulus] Packet is sent to Driver
# [Driver] Data is sent to DUT
# [Monitor] Data is sent to Scoreboard
# [base] Write finished! Write data 01 at Address 03
# [Scoreboard] Get packet from Monitor: Address: 03, Data: 00
# [Stimulus] Packet is sent to Driver
# [Driver] Data is sent to DUT
# [Monitor] Data is sent to Scoreboard
# [Base] Write finished! Write Random Data 80 at Address 02
# [Scoreboard] Get packet from Monitor: Address: 02, Data: 00
# [Stimulus] Packet is sent to Driver
#   1
# [Driver] Data is sent to DUT
# [Monitor] Data is sent to Scoreboard
# [base] Write finished! Write data 04 at Address 00
# [Scoreboard] Get packet from Monitor: Address: 00, Data: 00
# [Stimulus] Packet is sent to Driver
#   0
# [Driver] Data is sent to DUT
# [Monitor] Data is sent to Scoreboard
# [base] Write finished! Write data 01 at Address 00
# [Scoreboard] Get packet from Monitor: Address: 00, Data: 00
# 
# ===== t=165570000 PASSED SUCCESSFULLY !!! Expected timing is 640000, Actual timing is 659999 =====
# 
# [Stimulus] Packet is sent to Driver
# [Driver] Data is sent to DUT
# [Monitor] Data is sent to Scoreboard
# [base] Write finished! Write data 01 at Address 03
# [Scoreboard] Get packet from Monitor: Address: 03, Data: 00
# [Stimulus] Packet is sent to Driver
# [Driver] Data is sent to DUT
# [Monitor] Data is sent to Scoreboard
# [Base] Write finished! Write Random Data 2a at Address 02
# [Scoreboard] Get packet from Monitor: Address: 02, Data: 00
# [Stimulus] Packet is sent to Driver
#   1
# [Driver] Data is sent to DUT
# [Monitor] Data is sent to Scoreboard
# [base] Write finished! Write data 04 at Address 00
# [Scoreboard] Get packet from Monitor: Address: 00, Data: 00
# [Stimulus] Packet is sent to Driver
#   0
# [Driver] Data is sent to DUT
# [Monitor] Data is sent to Scoreboard
# [base] Write finished! Write data 01 at Address 00
# [Scoreboard] Get packet from Monitor: Address: 00, Data: 00
# 
# ===== t=166930000 PASSED SUCCESSFULLY !!! Expected timing is 1070000, Actual timing is 1079999 =====
# 
# [Stimulus] Packet is sent to Driver
# [Driver] Data is sent to DUT
# [Monitor] Data is sent to Scoreboard
# [base] Write finished! Write data 01 at Address 03
# [Scoreboard] Get packet from Monitor: Address: 03, Data: 00
# [Stimulus] Packet is sent to Driver
# [Driver] Data is sent to DUT
# [Monitor] Data is sent to Scoreboard
# [Base] Write finished! Write Random Data b4 at Address 02
# [Scoreboard] Get packet from Monitor: Address: 02, Data: 00
# [Stimulus] Packet is sent to Driver
#   1
# [Driver] Data is sent to DUT
# [Monitor] Data is sent to Scoreboard
# [base] Write finished! Write data 04 at Address 00
# [Scoreboard] Get packet from Monitor: Address: 00, Data: 00
# [Stimulus] Packet is sent to Driver
#   0
# [Driver] Data is sent to DUT
# [Monitor] Data is sent to Scoreboard
# [base] Write finished! Write data 01 at Address 00
# [Scoreboard] Get packet from Monitor: Address: 00, Data: 00
# 
# ===== t=167610000 PASSED SUCCESSFULLY !!! Expected timing is 380000, Actual timing is 399999 =====
# 
# [Stimulus] Packet is sent to Driver
# [Driver] Data is sent to DUT
# [Monitor] Data is sent to Scoreboard
# [base] Write finished! Write data 01 at Address 03
# [Scoreboard] Get packet from Monitor: Address: 03, Data: 00
# [Stimulus] Packet is sent to Driver
# [Driver] Data is sent to DUT
# [Monitor] Data is sent to Scoreboard
# [Base] Write finished! Write Random Data 78 at Address 02
# [Scoreboard] Get packet from Monitor: Address: 02, Data: 00
# [Stimulus] Packet is sent to Driver
#   1
# [Driver] Data is sent to DUT
# [Monitor] Data is sent to Scoreboard
# [base] Write finished! Write data 04 at Address 00
# [Scoreboard] Get packet from Monitor: Address: 00, Data: 00
# [Stimulus] Packet is sent to Driver
#   0
# [Driver] Data is sent to DUT
# [Monitor] Data is sent to Scoreboard
# [base] Write finished! Write data 01 at Address 00
# [Scoreboard] Get packet from Monitor: Address: 00, Data: 00
# 
# ===== t=168590000 PASSED SUCCESSFULLY !!! Expected timing is 680000, Actual timing is 699999 =====
# 
# [Stimulus] Packet is sent to Driver
# [Driver] Data is sent to DUT
# [Monitor] Data is sent to Scoreboard
# [base] Write finished! Write data 01 at Address 03
# [Scoreboard] Get packet from Monitor: Address: 03, Data: 00
# [Stimulus] Packet is sent to Driver
# [Driver] Data is sent to DUT
# [Monitor] Data is sent to Scoreboard
# [Base] Write finished! Write Random Data fe at Address 02
# [Scoreboard] Get packet from Monitor: Address: 02, Data: 00
# [Stimulus] Packet is sent to Driver
#   1
# [Driver] Data is sent to DUT
# [Monitor] Data is sent to Scoreboard
# [base] Write finished! Write data 04 at Address 00
# [Scoreboard] Get packet from Monitor: Address: 00, Data: 00
# [Stimulus] Packet is sent to Driver
#   0
# [Driver] Data is sent to DUT
# [Monitor] Data is sent to Scoreboard
# [base] Write finished! Write data 01 at Address 00
# [Scoreboard] Get packet from Monitor: Address: 00, Data: 00
# 
# ===== t=168890000 PASSED SUCCESSFULLY !!! Expected timing is 10000, Actual timing is 19999 =====
# 
# [Stimulus] Packet is sent to Driver
# [Driver] Data is sent to DUT
# [Monitor] Data is sent to Scoreboard
# [base] Write finished! Write data 01 at Address 03
# [Scoreboard] Get packet from Monitor: Address: 03, Data: 00
# [Stimulus] Packet is sent to Driver
# [Driver] Data is sent to DUT
# [Monitor] Data is sent to Scoreboard
# [Base] Write finished! Write Random Data 6a at Address 02
# [Scoreboard] Get packet from Monitor: Address: 02, Data: 00
# [Stimulus] Packet is sent to Driver
#   1
# [Driver] Data is sent to DUT
# [Monitor] Data is sent to Scoreboard
# [base] Write finished! Write data 04 at Address 00
# [Scoreboard] Get packet from Monitor: Address: 00, Data: 00
# [Stimulus] Packet is sent to Driver
#   0
# [Driver] Data is sent to DUT
# [Monitor] Data is sent to Scoreboard
# [base] Write finished! Write data 01 at Address 00
# [Scoreboard] Get packet from Monitor: Address: 00, Data: 00
# 
# ===== t=169930000 PASSED SUCCESSFULLY !!! Expected timing is 750000, Actual timing is 759999 =====
# 
# [Stimulus] Packet is sent to Driver
# [Driver] Data is sent to DUT
# [Monitor] Data is sent to Scoreboard
# [base] Write finished! Write data 01 at Address 03
# [Scoreboard] Get packet from Monitor: Address: 03, Data: 00
# [Stimulus] Packet is sent to Driver
# [Driver] Data is sent to DUT
# [Monitor] Data is sent to Scoreboard
# [Base] Write finished! Write Random Data fb at Address 02
# [Scoreboard] Get packet from Monitor: Address: 02, Data: 00
# [Stimulus] Packet is sent to Driver
#   1
# [Driver] Data is sent to DUT
# [Monitor] Data is sent to Scoreboard
# [base] Write finished! Write data 04 at Address 00
# [Scoreboard] Get packet from Monitor: Address: 00, Data: 00
# [Stimulus] Packet is sent to Driver
#   0
# [Driver] Data is sent to DUT
# [Monitor] Data is sent to Scoreboard
# [base] Write finished! Write data 01 at Address 00
# [Scoreboard] Get packet from Monitor: Address: 00, Data: 00
# 
# ===== t=170250000 PASSED SUCCESSFULLY !!! Expected timing is 25000, Actual timing is 39999 =====
# 
# [Stimulus] Packet is sent to Driver
# [Driver] Data is sent to DUT
# [Monitor] Data is sent to Scoreboard
# [base] Write finished! Write data 01 at Address 03
# [Scoreboard] Get packet from Monitor: Address: 03, Data: 00
# [Stimulus] Packet is sent to Driver
# [Driver] Data is sent to DUT
# [Monitor] Data is sent to Scoreboard
# [Base] Write finished! Write Random Data 66 at Address 02
# [Scoreboard] Get packet from Monitor: Address: 02, Data: 00
# [Stimulus] Packet is sent to Driver
#   1
# [Driver] Data is sent to DUT
# [Monitor] Data is sent to Scoreboard
# [base] Write finished! Write data 04 at Address 00
# [Scoreboard] Get packet from Monitor: Address: 00, Data: 00
# [Stimulus] Packet is sent to Driver
#   0
# [Driver] Data is sent to DUT
# [Monitor] Data is sent to Scoreboard
# [base] Write finished! Write data 01 at Address 00
# [Scoreboard] Get packet from Monitor: Address: 00, Data: 00
# 
# ===== t=171310000 PASSED SUCCESSFULLY !!! Expected timing is 770000, Actual timing is 779999 =====
# 
# [Stimulus] Packet is sent to Driver
# [Driver] Data is sent to DUT
# [Monitor] Data is sent to Scoreboard
# [base] Write finished! Write data 01 at Address 03
# [Scoreboard] Get packet from Monitor: Address: 03, Data: 00
# [Stimulus] Packet is sent to Driver
# [Driver] Data is sent to DUT
# [Monitor] Data is sent to Scoreboard
# [Base] Write finished! Write Random Data 4d at Address 02
# [Scoreboard] Get packet from Monitor: Address: 02, Data: 00
# [Stimulus] Packet is sent to Driver
#   1
# [Driver] Data is sent to DUT
# [Monitor] Data is sent to Scoreboard
# [base] Write finished! Write data 04 at Address 00
# [Scoreboard] Get packet from Monitor: Address: 00, Data: 00
# [Stimulus] Packet is sent to Driver
#   0
# [Driver] Data is sent to DUT
# [Monitor] Data is sent to Scoreboard
# [base] Write finished! Write data 01 at Address 00
# [Scoreboard] Get packet from Monitor: Address: 00, Data: 00
# 
# ===== t=172490000 PASSED SUCCESSFULLY !!! Expected timing is 895000, Actual timing is 899999 =====
# 
# [Stimulus] Packet is sent to Driver
# [Driver] Data is sent to DUT
# [Monitor] Data is sent to Scoreboard
# [base] Write finished! Write data 01 at Address 03
# [Scoreboard] Get packet from Monitor: Address: 03, Data: 00
# [Stimulus] Packet is sent to Driver
# [Driver] Data is sent to DUT
# [Monitor] Data is sent to Scoreboard
# [Base] Write finished! Write Random Data d3 at Address 02
# [Scoreboard] Get packet from Monitor: Address: 02, Data: 00
# [Stimulus] Packet is sent to Driver
#   1
# [Driver] Data is sent to DUT
# [Monitor] Data is sent to Scoreboard
# [base] Write finished! Write data 04 at Address 00
# [Scoreboard] Get packet from Monitor: Address: 00, Data: 00
# [Stimulus] Packet is sent to Driver
#   0
# [Driver] Data is sent to DUT
# [Monitor] Data is sent to Scoreboard
# [base] Write finished! Write data 01 at Address 00
# [Scoreboard] Get packet from Monitor: Address: 00, Data: 00
# 
# ===== t=173010000 PASSED SUCCESSFULLY !!! Expected timing is 225000, Actual timing is 239999 =====
# 
# [Stimulus] Packet is sent to Driver
# [Driver] Data is sent to DUT
# [Monitor] Data is sent to Scoreboard
# [base] Write finished! Write data 01 at Address 03
# [Scoreboard] Get packet from Monitor: Address: 03, Data: 00
# [Stimulus] Packet is sent to Driver
# [Driver] Data is sent to DUT
# [Monitor] Data is sent to Scoreboard
# [Base] Write finished! Write Random Data ab at Address 02
# [Scoreboard] Get packet from Monitor: Address: 02, Data: 00
# [Stimulus] Packet is sent to Driver
#   1
# [Driver] Data is sent to DUT
# [Monitor] Data is sent to Scoreboard
# [base] Write finished! Write data 04 at Address 00
# [Scoreboard] Get packet from Monitor: Address: 00, Data: 00
# [Stimulus] Packet is sent to Driver
#   0
# [Driver] Data is sent to DUT
# [Monitor] Data is sent to Scoreboard
# [base] Write finished! Write data 01 at Address 00
# [Scoreboard] Get packet from Monitor: Address: 00, Data: 00
# 
# ===== t=173730000 PASSED SUCCESSFULLY !!! Expected timing is 425000, Actual timing is 439999 =====
# 
# [Stimulus] Packet is sent to Driver
# [Driver] Data is sent to DUT
# [Monitor] Data is sent to Scoreboard
# [base] Write finished! Write data 01 at Address 03
# [Scoreboard] Get packet from Monitor: Address: 03, Data: 00
# [Stimulus] Packet is sent to Driver
# [Driver] Data is sent to DUT
# [Monitor] Data is sent to Scoreboard
# [Base] Write finished! Write Random Data 76 at Address 02
# [Scoreboard] Get packet from Monitor: Address: 02, Data: 00
# [Stimulus] Packet is sent to Driver
#   1
# [Driver] Data is sent to DUT
# [Monitor] Data is sent to Scoreboard
# [base] Write finished! Write data 04 at Address 00
# [Scoreboard] Get packet from Monitor: Address: 00, Data: 00
# [Stimulus] Packet is sent to Driver
#   0
# [Driver] Data is sent to DUT
# [Monitor] Data is sent to Scoreboard
# [base] Write finished! Write data 01 at Address 00
# [Scoreboard] Get packet from Monitor: Address: 00, Data: 00
# 
# ===== t=174710000 PASSED SUCCESSFULLY !!! Expected timing is 690000, Actual timing is 699999 =====
# 
# [Stimulus] Packet is sent to Driver
# [Driver] Data is sent to DUT
# [Monitor] Data is sent to Scoreboard
# [base] Write finished! Write data 01 at Address 03
# [Scoreboard] Get packet from Monitor: Address: 03, Data: 00
# [Stimulus] Packet is sent to Driver
# [Driver] Data is sent to DUT
# [Monitor] Data is sent to Scoreboard
# [Base] Write finished! Write Random Data 25 at Address 02
# [Scoreboard] Get packet from Monitor: Address: 02, Data: 00
# [Stimulus] Packet is sent to Driver
#   1
# [Driver] Data is sent to DUT
# [Monitor] Data is sent to Scoreboard
# [base] Write finished! Write data 04 at Address 00
# [Scoreboard] Get packet from Monitor: Address: 00, Data: 00
# [Stimulus] Packet is sent to Driver
#   0
# [Driver] Data is sent to DUT
# [Monitor] Data is sent to Scoreboard
# [base] Write finished! Write data 01 at Address 00
# [Scoreboard] Get packet from Monitor: Address: 00, Data: 00
# 
# ===== t=176090000 PASSED SUCCESSFULLY !!! Expected timing is 1095000, Actual timing is 1099999 =====
# 
# [Stimulus] Packet is sent to Driver
# [Driver] Data is sent to DUT
# [Monitor] Data is sent to Scoreboard
# [base] Write finished! Write data 01 at Address 03
# [Scoreboard] Get packet from Monitor: Address: 03, Data: 00
# [Stimulus] Packet is sent to Driver
# [Driver] Data is sent to DUT
# [Monitor] Data is sent to Scoreboard
# [Base] Write finished! Write Random Data 86 at Address 02
# [Scoreboard] Get packet from Monitor: Address: 02, Data: 00
# [Stimulus] Packet is sent to Driver
#   1
# [Driver] Data is sent to DUT
# [Monitor] Data is sent to Scoreboard
# [base] Write finished! Write data 04 at Address 00
# [Scoreboard] Get packet from Monitor: Address: 00, Data: 00
# [Stimulus] Packet is sent to Driver
#   0
# [Driver] Data is sent to DUT
# [Monitor] Data is sent to Scoreboard
# [base] Write finished! Write data 01 at Address 00
# [Scoreboard] Get packet from Monitor: Address: 00, Data: 00
# 
# ===== t=176990000 PASSED SUCCESSFULLY !!! Expected timing is 610000, Actual timing is 619999 =====
# 
# [Stimulus] Packet is sent to Driver
# [Driver] Data is sent to DUT
# [Monitor] Data is sent to Scoreboard
# [base] Write finished! Write data 01 at Address 03
# [Scoreboard] Get packet from Monitor: Address: 03, Data: 00
# [Stimulus] Packet is sent to Driver
# [Driver] Data is sent to DUT
# [Monitor] Data is sent to Scoreboard
# [Base] Write finished! Write Random Data 7d at Address 02
# [Scoreboard] Get packet from Monitor: Address: 02, Data: 00
# [Stimulus] Packet is sent to Driver
#   1
# [Driver] Data is sent to DUT
# [Monitor] Data is sent to Scoreboard
# [base] Write finished! Write data 04 at Address 00
# [Scoreboard] Get packet from Monitor: Address: 00, Data: 00
# [Stimulus] Packet is sent to Driver
#   0
# [Driver] Data is sent to DUT
# [Monitor] Data is sent to Scoreboard
# [base] Write finished! Write data 01 at Address 00
# [Scoreboard] Get packet from Monitor: Address: 00, Data: 00
# 
# ===== t=177930000 PASSED SUCCESSFULLY !!! Expected timing is 655000, Actual timing is 659999 =====
# 
# [Stimulus] Packet is sent to Driver
# [Driver] Data is sent to DUT
# [Monitor] Data is sent to Scoreboard
# [base] Write finished! Write data 01 at Address 03
# [Scoreboard] Get packet from Monitor: Address: 03, Data: 00
# [Stimulus] Packet is sent to Driver
# [Driver] Data is sent to DUT
# [Monitor] Data is sent to Scoreboard
# [Base] Write finished! Write Random Data 20 at Address 02
# [Scoreboard] Get packet from Monitor: Address: 02, Data: 00
# [Stimulus] Packet is sent to Driver
#   1
# [Driver] Data is sent to DUT
# [Monitor] Data is sent to Scoreboard
# [base] Write finished! Write data 04 at Address 00
# [Scoreboard] Get packet from Monitor: Address: 00, Data: 00
# [Stimulus] Packet is sent to Driver
#   0
# [Driver] Data is sent to DUT
# [Monitor] Data is sent to Scoreboard
# [base] Write finished! Write data 01 at Address 00
# [Scoreboard] Get packet from Monitor: Address: 00, Data: 00
# 
# ===== t=179350000 PASSED SUCCESSFULLY !!! Expected timing is 1120000, Actual timing is 1139999 =====
# 
# [Stimulus] Packet is sent to Driver
# [Driver] Data is sent to DUT
# [Monitor] Data is sent to Scoreboard
# [base] Write finished! Write data 01 at Address 03
# [Scoreboard] Get packet from Monitor: Address: 03, Data: 00
# [Stimulus] Packet is sent to Driver
# [Driver] Data is sent to DUT
# [Monitor] Data is sent to Scoreboard
# [Base] Write finished! Write Random Data 71 at Address 02
# [Scoreboard] Get packet from Monitor: Address: 02, Data: 00
# [Stimulus] Packet is sent to Driver
#   1
# [Driver] Data is sent to DUT
# [Monitor] Data is sent to Scoreboard
# [base] Write finished! Write data 04 at Address 00
# [Scoreboard] Get packet from Monitor: Address: 00, Data: 00
# [Stimulus] Packet is sent to Driver
#   0
# [Driver] Data is sent to DUT
# [Monitor] Data is sent to Scoreboard
# [base] Write finished! Write data 01 at Address 00
# [Scoreboard] Get packet from Monitor: Address: 00, Data: 00
# 
# ===== t=180350000 PASSED SUCCESSFULLY !!! Expected timing is 715000, Actual timing is 719999 =====
# 
# [Stimulus] Packet is sent to Driver
# [Driver] Data is sent to DUT
# [Monitor] Data is sent to Scoreboard
# [base] Write finished! Write data 01 at Address 03
# [Scoreboard] Get packet from Monitor: Address: 03, Data: 00
# [Stimulus] Packet is sent to Driver
# [Driver] Data is sent to DUT
# [Monitor] Data is sent to Scoreboard
# [Base] Write finished! Write Random Data 6f at Address 02
# [Scoreboard] Get packet from Monitor: Address: 02, Data: 00
# [Stimulus] Packet is sent to Driver
#   1
# [Driver] Data is sent to DUT
# [Monitor] Data is sent to Scoreboard
# [base] Write finished! Write data 04 at Address 00
# [Scoreboard] Get packet from Monitor: Address: 00, Data: 00
# [Stimulus] Packet is sent to Driver
#   0
# [Driver] Data is sent to DUT
# [Monitor] Data is sent to Scoreboard
# [base] Write finished! Write data 01 at Address 00
# [Scoreboard] Get packet from Monitor: Address: 00, Data: 00
# 
# ===== t=181370000 PASSED SUCCESSFULLY !!! Expected timing is 725000, Actual timing is 739999 =====
# 
# [Stimulus] Packet is sent to Driver
# [Driver] Data is sent to DUT
# [Monitor] Data is sent to Scoreboard
# [base] Write finished! Write data 01 at Address 03
# [Scoreboard] Get packet from Monitor: Address: 03, Data: 00
# [Stimulus] Packet is sent to Driver
# [Driver] Data is sent to DUT
# [Monitor] Data is sent to Scoreboard
# [Base] Write finished! Write Random Data 40 at Address 02
# [Scoreboard] Get packet from Monitor: Address: 02, Data: 00
# [Stimulus] Packet is sent to Driver
#   1
# [Driver] Data is sent to DUT
# [Monitor] Data is sent to Scoreboard
# [base] Write finished! Write data 04 at Address 00
# [Scoreboard] Get packet from Monitor: Address: 00, Data: 00
# [Stimulus] Packet is sent to Driver
#   0
# [Driver] Data is sent to DUT
# [Monitor] Data is sent to Scoreboard
# [base] Write finished! Write data 01 at Address 00
# [Scoreboard] Get packet from Monitor: Address: 00, Data: 00
# 
# ===== t=182630000 PASSED SUCCESSFULLY !!! Expected timing is 960000, Actual timing is 979999 =====
# 
# [Stimulus] Packet is sent to Driver
# [Driver] Data is sent to DUT
# [Monitor] Data is sent to Scoreboard
# [base] Write finished! Write data 01 at Address 03
# [Scoreboard] Get packet from Monitor: Address: 03, Data: 00
# [Stimulus] Packet is sent to Driver
# [Driver] Data is sent to DUT
# [Monitor] Data is sent to Scoreboard
# [Base] Write finished! Write Random Data 3a at Address 02
# [Scoreboard] Get packet from Monitor: Address: 02, Data: 00
# [Stimulus] Packet is sent to Driver
#   1
# [Driver] Data is sent to DUT
# [Monitor] Data is sent to Scoreboard
# [base] Write finished! Write data 04 at Address 00
# [Scoreboard] Get packet from Monitor: Address: 00, Data: 00
# [Stimulus] Packet is sent to Driver
#   0
# [Driver] Data is sent to DUT
# [Monitor] Data is sent to Scoreboard
# [base] Write finished! Write data 01 at Address 00
# [Scoreboard] Get packet from Monitor: Address: 00, Data: 00
# 
# ===== t=183910000 PASSED SUCCESSFULLY !!! Expected timing is 990000, Actual timing is 999999 =====
# 
# [Stimulus] Packet is sent to Driver
# [Driver] Data is sent to DUT
# [Monitor] Data is sent to Scoreboard
# [base] Write finished! Write data 01 at Address 03
# [Scoreboard] Get packet from Monitor: Address: 03, Data: 00
# [Stimulus] Packet is sent to Driver
# [Driver] Data is sent to DUT
# [Monitor] Data is sent to Scoreboard
# [Base] Write finished! Write Random Data 5c at Address 02
# [Scoreboard] Get packet from Monitor: Address: 02, Data: 00
# [Stimulus] Packet is sent to Driver
#   1
# [Driver] Data is sent to DUT
# [Monitor] Data is sent to Scoreboard
# [base] Write finished! Write data 04 at Address 00
# [Scoreboard] Get packet from Monitor: Address: 00, Data: 00
# [Stimulus] Packet is sent to Driver
#   0
# [Driver] Data is sent to DUT
# [Monitor] Data is sent to Scoreboard
# [base] Write finished! Write data 01 at Address 00
# [Scoreboard] Get packet from Monitor: Address: 00, Data: 00
# 
# ===== t=185030000 PASSED SUCCESSFULLY !!! Expected timing is 820000, Actual timing is 839999 =====
# 
# [Stimulus] Packet is sent to Driver
# [Driver] Data is sent to DUT
# [Monitor] Data is sent to Scoreboard
# [base] Write finished! Write data 01 at Address 03
# [Scoreboard] Get packet from Monitor: Address: 03, Data: 00
# [Stimulus] Packet is sent to Driver
# [Driver] Data is sent to DUT
# [Monitor] Data is sent to Scoreboard
# [Base] Write finished! Write Random Data 3e at Address 02
# [Scoreboard] Get packet from Monitor: Address: 02, Data: 00
# [Stimulus] Packet is sent to Driver
#   1
# [Driver] Data is sent to DUT
# [Monitor] Data is sent to Scoreboard
# [base] Write finished! Write data 04 at Address 00
# [Scoreboard] Get packet from Monitor: Address: 00, Data: 00
# [Stimulus] Packet is sent to Driver
#   0
# [Driver] Data is sent to DUT
# [Monitor] Data is sent to Scoreboard
# [base] Write finished! Write data 01 at Address 00
# [Scoreboard] Get packet from Monitor: Address: 00, Data: 00
# 
# ===== t=186290000 PASSED SUCCESSFULLY !!! Expected timing is 970000, Actual timing is 979999 =====
# 
# [Stimulus] Packet is sent to Driver
# [Driver] Data is sent to DUT
# [Monitor] Data is sent to Scoreboard
# [base] Write finished! Write data 01 at Address 03
# [Scoreboard] Get packet from Monitor: Address: 03, Data: 00
# [Stimulus] Packet is sent to Driver
# [Driver] Data is sent to DUT
# [Monitor] Data is sent to Scoreboard
# [Base] Write finished! Write Random Data 7d at Address 02
# [Scoreboard] Get packet from Monitor: Address: 02, Data: 00
# [Stimulus] Packet is sent to Driver
#   1
# [Driver] Data is sent to DUT
# [Monitor] Data is sent to Scoreboard
# [base] Write finished! Write data 04 at Address 00
# [Scoreboard] Get packet from Monitor: Address: 00, Data: 00
# [Stimulus] Packet is sent to Driver
#   0
# [Driver] Data is sent to DUT
# [Monitor] Data is sent to Scoreboard
# [base] Write finished! Write data 01 at Address 00
# [Scoreboard] Get packet from Monitor: Address: 00, Data: 00
# 
# ===== t=187230000 PASSED SUCCESSFULLY !!! Expected timing is 655000, Actual timing is 659999 =====
# 
# [Stimulus] Packet is sent to Driver
# [Driver] Data is sent to DUT
# [Monitor] Data is sent to Scoreboard
# [base] Write finished! Write data 01 at Address 03
# [Scoreboard] Get packet from Monitor: Address: 03, Data: 00
# [Stimulus] Packet is sent to Driver
# [Driver] Data is sent to DUT
# [Monitor] Data is sent to Scoreboard
# [Base] Write finished! Write Random Data 96 at Address 02
# [Scoreboard] Get packet from Monitor: Address: 02, Data: 00
# [Stimulus] Packet is sent to Driver
#   1
# [Driver] Data is sent to DUT
# [Monitor] Data is sent to Scoreboard
# [base] Write finished! Write data 04 at Address 00
# [Scoreboard] Get packet from Monitor: Address: 00, Data: 00
# [Stimulus] Packet is sent to Driver
#   0
# [Driver] Data is sent to DUT
# [Monitor] Data is sent to Scoreboard
# [base] Write finished! Write data 01 at Address 00
# [Scoreboard] Get packet from Monitor: Address: 00, Data: 00
# 
# ===== t=188050000 PASSED SUCCESSFULLY !!! Expected timing is 530000, Actual timing is 539999 =====
# 
# [Stimulus] Packet is sent to Driver
# [Driver] Data is sent to DUT
# [Monitor] Data is sent to Scoreboard
# [base] Write finished! Write data 01 at Address 03
# [Scoreboard] Get packet from Monitor: Address: 03, Data: 00
# [Stimulus] Packet is sent to Driver
# [Driver] Data is sent to DUT
# [Monitor] Data is sent to Scoreboard
# [Base] Write finished! Write Random Data c3 at Address 02
# [Scoreboard] Get packet from Monitor: Address: 02, Data: 00
# [Stimulus] Packet is sent to Driver
#   1
# [Driver] Data is sent to DUT
# [Monitor] Data is sent to Scoreboard
# [base] Write finished! Write data 04 at Address 00
# [Scoreboard] Get packet from Monitor: Address: 00, Data: 00
# [Stimulus] Packet is sent to Driver
#   0
# [Driver] Data is sent to DUT
# [Monitor] Data is sent to Scoreboard
# [base] Write finished! Write data 01 at Address 00
# [Scoreboard] Get packet from Monitor: Address: 00, Data: 00
# 
# ===== t=188650000 PASSED SUCCESSFULLY !!! Expected timing is 305000, Actual timing is 319999 =====
# 
# [Stimulus] Packet is sent to Driver
# [Driver] Data is sent to DUT
# [Monitor] Data is sent to Scoreboard
# [base] Write finished! Write data 01 at Address 03
# [Scoreboard] Get packet from Monitor: Address: 03, Data: 00
# [Stimulus] Packet is sent to Driver
# [Driver] Data is sent to DUT
# [Monitor] Data is sent to Scoreboard
# [Base] Write finished! Write Random Data cf at Address 02
# [Scoreboard] Get packet from Monitor: Address: 02, Data: 00
# [Stimulus] Packet is sent to Driver
#   1
# [Driver] Data is sent to DUT
# [Monitor] Data is sent to Scoreboard
# [base] Write finished! Write data 04 at Address 00
# [Scoreboard] Get packet from Monitor: Address: 00, Data: 00
# [Stimulus] Packet is sent to Driver
#   0
# [Driver] Data is sent to DUT
# [Monitor] Data is sent to Scoreboard
# [base] Write finished! Write data 01 at Address 00
# [Scoreboard] Get packet from Monitor: Address: 00, Data: 00
# 
# ===== t=189190000 PASSED SUCCESSFULLY !!! Expected timing is 245000, Actual timing is 259999 =====
# 
# [Stimulus] Packet is sent to Driver
# [Driver] Data is sent to DUT
# [Monitor] Data is sent to Scoreboard
# [base] Write finished! Write data 01 at Address 03
# [Scoreboard] Get packet from Monitor: Address: 03, Data: 00
# [Stimulus] Packet is sent to Driver
# [Driver] Data is sent to DUT
# [Monitor] Data is sent to Scoreboard
# [Base] Write finished! Write Random Data 69 at Address 02
# [Scoreboard] Get packet from Monitor: Address: 02, Data: 00
# [Stimulus] Packet is sent to Driver
#   1
# [Driver] Data is sent to DUT
# [Monitor] Data is sent to Scoreboard
# [base] Write finished! Write data 04 at Address 00
# [Scoreboard] Get packet from Monitor: Address: 00, Data: 00
# [Stimulus] Packet is sent to Driver
#   0
# [Driver] Data is sent to DUT
# [Monitor] Data is sent to Scoreboard
# [base] Write finished! Write data 01 at Address 00
# [Scoreboard] Get packet from Monitor: Address: 00, Data: 00
# 
# ===== t=190230000 PASSED SUCCESSFULLY !!! Expected timing is 755000, Actual timing is 759999 =====
# 
# [Stimulus] Packet is sent to Driver
# [Driver] Data is sent to DUT
# [Monitor] Data is sent to Scoreboard
# [base] Write finished! Write data 01 at Address 03
# [Scoreboard] Get packet from Monitor: Address: 03, Data: 00
# [Stimulus] Packet is sent to Driver
# [Driver] Data is sent to DUT
# [Monitor] Data is sent to Scoreboard
# [Base] Write finished! Write Random Data 5d at Address 02
# [Scoreboard] Get packet from Monitor: Address: 02, Data: 00
# [Stimulus] Packet is sent to Driver
#   1
# [Driver] Data is sent to DUT
# [Monitor] Data is sent to Scoreboard
# [base] Write finished! Write data 04 at Address 00
# [Scoreboard] Get packet from Monitor: Address: 00, Data: 00
# [Stimulus] Packet is sent to Driver
#   0
# [Driver] Data is sent to DUT
# [Monitor] Data is sent to Scoreboard
# [base] Write finished! Write data 01 at Address 00
# [Scoreboard] Get packet from Monitor: Address: 00, Data: 00
# 
# ===== t=191330000 PASSED SUCCESSFULLY !!! Expected timing is 815000, Actual timing is 819999 =====
# 
# [Stimulus] Packet is sent to Driver
# [Driver] Data is sent to DUT
# [Monitor] Data is sent to Scoreboard
# [base] Write finished! Write data 01 at Address 03
# [Scoreboard] Get packet from Monitor: Address: 03, Data: 00
# [Stimulus] Packet is sent to Driver
# [Driver] Data is sent to DUT
# [Monitor] Data is sent to Scoreboard
# [Base] Write finished! Write Random Data f3 at Address 02
# [Scoreboard] Get packet from Monitor: Address: 02, Data: 00
# [Stimulus] Packet is sent to Driver
#   1
# [Driver] Data is sent to DUT
# [Monitor] Data is sent to Scoreboard
# [base] Write finished! Write data 04 at Address 00
# [Scoreboard] Get packet from Monitor: Address: 00, Data: 00
# [Stimulus] Packet is sent to Driver
#   0
# [Driver] Data is sent to DUT
# [Monitor] Data is sent to Scoreboard
# [base] Write finished! Write data 01 at Address 00
# [Scoreboard] Get packet from Monitor: Address: 00, Data: 00
# 
# ===== t=191690000 PASSED SUCCESSFULLY !!! Expected timing is 65000, Actual timing is 79999 =====
# 
# [Stimulus] Packet is sent to Driver
# [Driver] Data is sent to DUT
# [Monitor] Data is sent to Scoreboard
# [base] Write finished! Write data 01 at Address 03
# [Scoreboard] Get packet from Monitor: Address: 03, Data: 00
# [Stimulus] Packet is sent to Driver
# [Driver] Data is sent to DUT
# [Monitor] Data is sent to Scoreboard
# [Base] Write finished! Write Random Data e7 at Address 02
# [Scoreboard] Get packet from Monitor: Address: 02, Data: 00
# [Stimulus] Packet is sent to Driver
#   1
# [Driver] Data is sent to DUT
# [Monitor] Data is sent to Scoreboard
# [base] Write finished! Write data 04 at Address 00
# [Scoreboard] Get packet from Monitor: Address: 00, Data: 00
# [Stimulus] Packet is sent to Driver
#   0
# [Driver] Data is sent to DUT
# [Monitor] Data is sent to Scoreboard
# [base] Write finished! Write data 01 at Address 00
# [Scoreboard] Get packet from Monitor: Address: 00, Data: 00
# 
# ===== t=192110000 PASSED SUCCESSFULLY !!! Expected timing is 125000, Actual timing is 139999 =====
# 
# [Stimulus] Packet is sent to Driver
# [Driver] Data is sent to DUT
# [Monitor] Data is sent to Scoreboard
# [base] Write finished! Write data 01 at Address 03
# [Scoreboard] Get packet from Monitor: Address: 03, Data: 00
# [Stimulus] Packet is sent to Driver
# [Driver] Data is sent to DUT
# [Monitor] Data is sent to Scoreboard
# [Base] Write finished! Write Random Data 28 at Address 02
# [Scoreboard] Get packet from Monitor: Address: 02, Data: 00
# [Stimulus] Packet is sent to Driver
#   1
# [Driver] Data is sent to DUT
# [Monitor] Data is sent to Scoreboard
# [base] Write finished! Write data 04 at Address 00
# [Scoreboard] Get packet from Monitor: Address: 00, Data: 00
# [Stimulus] Packet is sent to Driver
#   0
# [Driver] Data is sent to DUT
# [Monitor] Data is sent to Scoreboard
# [base] Write finished! Write data 01 at Address 00
# [Scoreboard] Get packet from Monitor: Address: 00, Data: 00
# 
# ===== t=193490000 PASSED SUCCESSFULLY !!! Expected timing is 1080000, Actual timing is 1099999 =====
# 
# [Stimulus] Packet is sent to Driver
# [Driver] Data is sent to DUT
# [Monitor] Data is sent to Scoreboard
# [base] Write finished! Write data 01 at Address 03
# [Scoreboard] Get packet from Monitor: Address: 03, Data: 00
# [Stimulus] Packet is sent to Driver
# [Driver] Data is sent to DUT
# [Monitor] Data is sent to Scoreboard
# [Base] Write finished! Write Random Data 66 at Address 02
# [Scoreboard] Get packet from Monitor: Address: 02, Data: 00
# [Stimulus] Packet is sent to Driver
#   1
# [Driver] Data is sent to DUT
# [Monitor] Data is sent to Scoreboard
# [base] Write finished! Write data 04 at Address 00
# [Scoreboard] Get packet from Monitor: Address: 00, Data: 00
# [Stimulus] Packet is sent to Driver
#   0
# [Driver] Data is sent to DUT
# [Monitor] Data is sent to Scoreboard
# [base] Write finished! Write data 01 at Address 00
# [Scoreboard] Get packet from Monitor: Address: 00, Data: 00
# 
# ===== t=194550000 PASSED SUCCESSFULLY !!! Expected timing is 770000, Actual timing is 779999 =====
# 
# [Stimulus] Packet is sent to Driver
# [Driver] Data is sent to DUT
# [Monitor] Data is sent to Scoreboard
# [base] Write finished! Write data 01 at Address 03
# [Scoreboard] Get packet from Monitor: Address: 03, Data: 00
# [Stimulus] Packet is sent to Driver
# [Driver] Data is sent to DUT
# [Monitor] Data is sent to Scoreboard
# [Base] Write finished! Write Random Data 93 at Address 02
# [Scoreboard] Get packet from Monitor: Address: 02, Data: 00
# [Stimulus] Packet is sent to Driver
#   1
# [Driver] Data is sent to DUT
# [Monitor] Data is sent to Scoreboard
# [base] Write finished! Write data 04 at Address 00
# [Scoreboard] Get packet from Monitor: Address: 00, Data: 00
# [Stimulus] Packet is sent to Driver
#   0
# [Driver] Data is sent to DUT
# [Monitor] Data is sent to Scoreboard
# [base] Write finished! Write data 01 at Address 00
# [Scoreboard] Get packet from Monitor: Address: 00, Data: 00
# 
# ===== t=195390000 PASSED SUCCESSFULLY !!! Expected timing is 545000, Actual timing is 559999 =====
# 
# [Stimulus] Packet is sent to Driver
# [Driver] Data is sent to DUT
# [Monitor] Data is sent to Scoreboard
# [base] Write finished! Write data 01 at Address 03
# [Scoreboard] Get packet from Monitor: Address: 03, Data: 00
# [Stimulus] Packet is sent to Driver
# [Driver] Data is sent to DUT
# [Monitor] Data is sent to Scoreboard
# [Base] Write finished! Write Random Data 84 at Address 02
# [Scoreboard] Get packet from Monitor: Address: 02, Data: 00
# [Stimulus] Packet is sent to Driver
#   1
# [Driver] Data is sent to DUT
# [Monitor] Data is sent to Scoreboard
# [base] Write finished! Write data 04 at Address 00
# [Scoreboard] Get packet from Monitor: Address: 00, Data: 00
# [Stimulus] Packet is sent to Driver
#   0
# [Driver] Data is sent to DUT
# [Monitor] Data is sent to Scoreboard
# [base] Write finished! Write data 01 at Address 00
# [Scoreboard] Get packet from Monitor: Address: 00, Data: 00
# 
# ===== t=196310000 PASSED SUCCESSFULLY !!! Expected timing is 620000, Actual timing is 639999 =====
# 
# [Stimulus] Packet is sent to Driver
# [Driver] Data is sent to DUT
# [Monitor] Data is sent to Scoreboard
# [base] Write finished! Write data 01 at Address 03
# [Scoreboard] Get packet from Monitor: Address: 03, Data: 00
# [Stimulus] Packet is sent to Driver
# [Driver] Data is sent to DUT
# [Monitor] Data is sent to Scoreboard
# [Base] Write finished! Write Random Data 39 at Address 02
# [Scoreboard] Get packet from Monitor: Address: 02, Data: 00
# [Stimulus] Packet is sent to Driver
#   1
# [Driver] Data is sent to DUT
# [Monitor] Data is sent to Scoreboard
# [base] Write finished! Write data 04 at Address 00
# [Scoreboard] Get packet from Monitor: Address: 00, Data: 00
# [Stimulus] Packet is sent to Driver
#   0
# [Driver] Data is sent to DUT
# [Monitor] Data is sent to Scoreboard
# [base] Write finished! Write data 01 at Address 00
# [Scoreboard] Get packet from Monitor: Address: 00, Data: 00
# 
# ===== t=197590000 PASSED SUCCESSFULLY !!! Expected timing is 995000, Actual timing is 999999 =====
# 
# [Stimulus] Packet is sent to Driver
# [Driver] Data is sent to DUT
# [Monitor] Data is sent to Scoreboard
# [base] Write finished! Write data 01 at Address 03
# [Scoreboard] Get packet from Monitor: Address: 03, Data: 00
# [Stimulus] Packet is sent to Driver
# [Driver] Data is sent to DUT
# [Monitor] Data is sent to Scoreboard
# [Base] Write finished! Write Random Data 7f at Address 02
# [Scoreboard] Get packet from Monitor: Address: 02, Data: 00
# [Stimulus] Packet is sent to Driver
#   1
# [Driver] Data is sent to DUT
# [Monitor] Data is sent to Scoreboard
# [base] Write finished! Write data 04 at Address 00
# [Scoreboard] Get packet from Monitor: Address: 00, Data: 00
# [Stimulus] Packet is sent to Driver
#   0
# [Driver] Data is sent to DUT
# [Monitor] Data is sent to Scoreboard
# [base] Write finished! Write data 01 at Address 00
# [Scoreboard] Get packet from Monitor: Address: 00, Data: 00
# 
# ===== t=198530000 PASSED SUCCESSFULLY !!! Expected timing is 645000, Actual timing is 659999 =====
# 
# [Stimulus] Packet is sent to Driver
# [Driver] Data is sent to DUT
# [Monitor] Data is sent to Scoreboard
# [base] Write finished! Write data 01 at Address 03
# [Scoreboard] Get packet from Monitor: Address: 03, Data: 00
# [Stimulus] Packet is sent to Driver
# [Driver] Data is sent to DUT
# [Monitor] Data is sent to Scoreboard
# [Base] Write finished! Write Random Data f9 at Address 02
# [Scoreboard] Get packet from Monitor: Address: 02, Data: 00
# [Stimulus] Packet is sent to Driver
#   1
# [Driver] Data is sent to DUT
# [Monitor] Data is sent to Scoreboard
# [base] Write finished! Write data 04 at Address 00
# [Scoreboard] Get packet from Monitor: Address: 00, Data: 00
# [Stimulus] Packet is sent to Driver
#   0
# [Driver] Data is sent to DUT
# [Monitor] Data is sent to Scoreboard
# [base] Write finished! Write data 01 at Address 00
# [Scoreboard] Get packet from Monitor: Address: 00, Data: 00
# 
# ===== t=198850000 PASSED SUCCESSFULLY !!! Expected timing is 35000, Actual timing is 39999 =====
# 
# [Stimulus] Packet is sent to Driver
# [Driver] Data is sent to DUT
# [Monitor] Data is sent to Scoreboard
# [base] Write finished! Write data 01 at Address 03
# [Scoreboard] Get packet from Monitor: Address: 03, Data: 00
# [Stimulus] Packet is sent to Driver
# [Driver] Data is sent to DUT
# [Monitor] Data is sent to Scoreboard
# [Base] Write finished! Write Random Data 54 at Address 02
# [Scoreboard] Get packet from Monitor: Address: 02, Data: 00
# [Stimulus] Packet is sent to Driver
#   1
# [Driver] Data is sent to DUT
# [Monitor] Data is sent to Scoreboard
# [base] Write finished! Write data 04 at Address 00
# [Scoreboard] Get packet from Monitor: Address: 00, Data: 00
# [Stimulus] Packet is sent to Driver
#   0
# [Driver] Data is sent to DUT
# [Monitor] Data is sent to Scoreboard
# [base] Write finished! Write data 01 at Address 00
# [Scoreboard] Get packet from Monitor: Address: 00, Data: 00
# 
# ===== t=200010000 PASSED SUCCESSFULLY !!! Expected timing is 860000, Actual timing is 879999 =====
# 
# [Stimulus] Packet is sent to Driver
# [Driver] Data is sent to DUT
# [Monitor] Data is sent to Scoreboard
# [base] Write finished! Write data 01 at Address 03
# [Scoreboard] Get packet from Monitor: Address: 03, Data: 00
# [Stimulus] Packet is sent to Driver
# [Driver] Data is sent to DUT
# [Monitor] Data is sent to Scoreboard
# [Base] Write finished! Write Random Data 56 at Address 02
# [Scoreboard] Get packet from Monitor: Address: 02, Data: 00
# [Stimulus] Packet is sent to Driver
#   1
# [Driver] Data is sent to DUT
# [Monitor] Data is sent to Scoreboard
# [base] Write finished! Write data 04 at Address 00
# [Scoreboard] Get packet from Monitor: Address: 00, Data: 00
# [Stimulus] Packet is sent to Driver
#   0
# [Driver] Data is sent to DUT
# [Monitor] Data is sent to Scoreboard
# [base] Write finished! Write data 01 at Address 00
# [Scoreboard] Get packet from Monitor: Address: 00, Data: 00
# 
# ===== t=201150000 PASSED SUCCESSFULLY !!! Expected timing is 850000, Actual timing is 859999 =====
# 
# [Stimulus] Packet is sent to Driver
# [Driver] Data is sent to DUT
# [Monitor] Data is sent to Scoreboard
# [base] Write finished! Write data 01 at Address 03
# [Scoreboard] Get packet from Monitor: Address: 03, Data: 00
# [Stimulus] Packet is sent to Driver
# [Driver] Data is sent to DUT
# [Monitor] Data is sent to Scoreboard
# [Base] Write finished! Write Random Data 2b at Address 02
# [Scoreboard] Get packet from Monitor: Address: 02, Data: 00
# [Stimulus] Packet is sent to Driver
#   1
# [Driver] Data is sent to DUT
# [Monitor] Data is sent to Scoreboard
# [base] Write finished! Write data 04 at Address 00
# [Scoreboard] Get packet from Monitor: Address: 00, Data: 00
# [Stimulus] Packet is sent to Driver
#   0
# [Driver] Data is sent to DUT
# [Monitor] Data is sent to Scoreboard
# [base] Write finished! Write data 01 at Address 00
# [Scoreboard] Get packet from Monitor: Address: 00, Data: 00
# 
# ===== t=202510000 PASSED SUCCESSFULLY !!! Expected timing is 1065000, Actual timing is 1079999 =====
# 
# [Stimulus] Packet is sent to Driver
# [Driver] Data is sent to DUT
# [Monitor] Data is sent to Scoreboard
# [base] Write finished! Write data 01 at Address 03
# [Scoreboard] Get packet from Monitor: Address: 03, Data: 00
# [Stimulus] Packet is sent to Driver
# [Driver] Data is sent to DUT
# [Monitor] Data is sent to Scoreboard
# [Base] Write finished! Write Random Data 74 at Address 02
# [Scoreboard] Get packet from Monitor: Address: 02, Data: 00
# [Stimulus] Packet is sent to Driver
#   1
# [Driver] Data is sent to DUT
# [Monitor] Data is sent to Scoreboard
# [base] Write finished! Write data 04 at Address 00
# [Scoreboard] Get packet from Monitor: Address: 00, Data: 00
# [Stimulus] Packet is sent to Driver
#   0
# [Driver] Data is sent to DUT
# [Monitor] Data is sent to Scoreboard
# [base] Write finished! Write data 01 at Address 00
# [Scoreboard] Get packet from Monitor: Address: 00, Data: 00
# 
# ===== t=203510000 PASSED SUCCESSFULLY !!! Expected timing is 700000, Actual timing is 719999 =====
# 
# [Stimulus] Packet is sent to Driver
# [Driver] Data is sent to DUT
# [Monitor] Data is sent to Scoreboard
# [base] Write finished! Write data 01 at Address 03
# [Scoreboard] Get packet from Monitor: Address: 03, Data: 00
# [Stimulus] Packet is sent to Driver
# [Driver] Data is sent to DUT
# [Monitor] Data is sent to Scoreboard
# [Base] Write finished! Write Random Data a4 at Address 02
# [Scoreboard] Get packet from Monitor: Address: 02, Data: 00
# [Stimulus] Packet is sent to Driver
#   1
# [Driver] Data is sent to DUT
# [Monitor] Data is sent to Scoreboard
# [base] Write finished! Write data 04 at Address 00
# [Scoreboard] Get packet from Monitor: Address: 00, Data: 00
# [Stimulus] Packet is sent to Driver
#   0
# [Driver] Data is sent to DUT
# [Monitor] Data is sent to Scoreboard
# [base] Write finished! Write data 01 at Address 00
# [Scoreboard] Get packet from Monitor: Address: 00, Data: 00
# 
# ===== t=204270000 PASSED SUCCESSFULLY !!! Expected timing is 460000, Actual timing is 479999 =====
# 
# [Stimulus] Packet is sent to Driver
# [Driver] Data is sent to DUT
# [Monitor] Data is sent to Scoreboard
# [base] Write finished! Write data 01 at Address 03
# [Scoreboard] Get packet from Monitor: Address: 03, Data: 00
# [Stimulus] Packet is sent to Driver
# [Driver] Data is sent to DUT
# [Monitor] Data is sent to Scoreboard
# [Base] Write finished! Write Random Data f7 at Address 02
# [Scoreboard] Get packet from Monitor: Address: 02, Data: 00
# [Stimulus] Packet is sent to Driver
#   1
# [Driver] Data is sent to DUT
# [Monitor] Data is sent to Scoreboard
# [base] Write finished! Write data 04 at Address 00
# [Scoreboard] Get packet from Monitor: Address: 00, Data: 00
# [Stimulus] Packet is sent to Driver
#   0
# [Driver] Data is sent to DUT
# [Monitor] Data is sent to Scoreboard
# [base] Write finished! Write data 01 at Address 00
# [Scoreboard] Get packet from Monitor: Address: 00, Data: 00
# 
# ===== t=204610000 PASSED SUCCESSFULLY !!! Expected timing is 45000, Actual timing is 59999 =====
# 
# [Stimulus] Packet is sent to Driver
# [Driver] Data is sent to DUT
# [Monitor] Data is sent to Scoreboard
# [base] Write finished! Write data 01 at Address 03
# [Scoreboard] Get packet from Monitor: Address: 03, Data: 00
# [Stimulus] Packet is sent to Driver
# [Driver] Data is sent to DUT
# [Monitor] Data is sent to Scoreboard
# [Base] Write finished! Write Random Data 41 at Address 02
# [Scoreboard] Get packet from Monitor: Address: 02, Data: 00
# [Stimulus] Packet is sent to Driver
#   1
# [Driver] Data is sent to DUT
# [Monitor] Data is sent to Scoreboard
# [base] Write finished! Write data 04 at Address 00
# [Scoreboard] Get packet from Monitor: Address: 00, Data: 00
# [Stimulus] Packet is sent to Driver
#   0
# [Driver] Data is sent to DUT
# [Monitor] Data is sent to Scoreboard
# [base] Write finished! Write data 01 at Address 00
# [Scoreboard] Get packet from Monitor: Address: 00, Data: 00
# 
# ===== t=205850000 PASSED SUCCESSFULLY !!! Expected timing is 955000, Actual timing is 959999 =====
# 
# [Stimulus] Packet is sent to Driver
# [Driver] Data is sent to DUT
# [Monitor] Data is sent to Scoreboard
# [base] Write finished! Write data 01 at Address 03
# [Scoreboard] Get packet from Monitor: Address: 03, Data: 00
# [Stimulus] Packet is sent to Driver
# [Driver] Data is sent to DUT
# [Monitor] Data is sent to Scoreboard
# [Base] Write finished! Write Random Data b5 at Address 02
# [Scoreboard] Get packet from Monitor: Address: 02, Data: 00
# [Stimulus] Packet is sent to Driver
#   1
# [Driver] Data is sent to DUT
# [Monitor] Data is sent to Scoreboard
# [base] Write finished! Write data 04 at Address 00
# [Scoreboard] Get packet from Monitor: Address: 00, Data: 00
# [Stimulus] Packet is sent to Driver
#   0
# [Driver] Data is sent to DUT
# [Monitor] Data is sent to Scoreboard
# [base] Write finished! Write data 01 at Address 00
# [Scoreboard] Get packet from Monitor: Address: 00, Data: 00
# 
# ===== t=206510000 PASSED SUCCESSFULLY !!! Expected timing is 375000, Actual timing is 379999 =====
# 
# [Stimulus] Packet is sent to Driver
# [Driver] Data is sent to DUT
# [Monitor] Data is sent to Scoreboard
# [base] Write finished! Write data 01 at Address 03
# [Scoreboard] Get packet from Monitor: Address: 03, Data: 00
# [Stimulus] Packet is sent to Driver
# [Driver] Data is sent to DUT
# [Monitor] Data is sent to Scoreboard
# [Base] Write finished! Write Random Data 9d at Address 02
# [Scoreboard] Get packet from Monitor: Address: 02, Data: 00
# [Stimulus] Packet is sent to Driver
#   1
# [Driver] Data is sent to DUT
# [Monitor] Data is sent to Scoreboard
# [base] Write finished! Write data 04 at Address 00
# [Scoreboard] Get packet from Monitor: Address: 00, Data: 00
# [Stimulus] Packet is sent to Driver
#   0
# [Driver] Data is sent to DUT
# [Monitor] Data is sent to Scoreboard
# [base] Write finished! Write data 01 at Address 00
# [Scoreboard] Get packet from Monitor: Address: 00, Data: 00
# 
# ===== t=207290000 PASSED SUCCESSFULLY !!! Expected timing is 495000, Actual timing is 499999 =====
# 
# [Stimulus] Packet is sent to Driver
# [Driver] Data is sent to DUT
# [Monitor] Data is sent to Scoreboard
# [base] Write finished! Write data 01 at Address 03
# [Scoreboard] Get packet from Monitor: Address: 03, Data: 00
# [Stimulus] Packet is sent to Driver
# [Driver] Data is sent to DUT
# [Monitor] Data is sent to Scoreboard
# [Base] Write finished! Write Random Data fb at Address 02
# [Scoreboard] Get packet from Monitor: Address: 02, Data: 00
# [Stimulus] Packet is sent to Driver
#   1
# [Driver] Data is sent to DUT
# [Monitor] Data is sent to Scoreboard
# [base] Write finished! Write data 04 at Address 00
# [Scoreboard] Get packet from Monitor: Address: 00, Data: 00
# [Stimulus] Packet is sent to Driver
#   0
# [Driver] Data is sent to DUT
# [Monitor] Data is sent to Scoreboard
# [base] Write finished! Write data 01 at Address 00
# [Scoreboard] Get packet from Monitor: Address: 00, Data: 00
# 
# ===== t=207610000 PASSED SUCCESSFULLY !!! Expected timing is 25000, Actual timing is 39999 =====
# 
# [Stimulus] Packet is sent to Driver
# [Driver] Data is sent to DUT
# [Monitor] Data is sent to Scoreboard
# [base] Write finished! Write data 01 at Address 03
# [Scoreboard] Get packet from Monitor: Address: 03, Data: 00
# [Stimulus] Packet is sent to Driver
# [Driver] Data is sent to DUT
# [Monitor] Data is sent to Scoreboard
# [Base] Write finished! Write Random Data 5f at Address 02
# [Scoreboard] Get packet from Monitor: Address: 02, Data: 00
# [Stimulus] Packet is sent to Driver
#   1
# [Driver] Data is sent to DUT
# [Monitor] Data is sent to Scoreboard
# [base] Write finished! Write data 04 at Address 00
# [Scoreboard] Get packet from Monitor: Address: 00, Data: 00
# [Stimulus] Packet is sent to Driver
#   0
# [Driver] Data is sent to DUT
# [Monitor] Data is sent to Scoreboard
# [base] Write finished! Write data 01 at Address 00
# [Scoreboard] Get packet from Monitor: Address: 00, Data: 00
# 
# ===== t=208710000 PASSED SUCCESSFULLY !!! Expected timing is 805000, Actual timing is 819999 =====
# 
# [Stimulus] Packet is sent to Driver
# [Driver] Data is sent to DUT
# [Monitor] Data is sent to Scoreboard
# [base] Write finished! Write data 01 at Address 03
# [Scoreboard] Get packet from Monitor: Address: 03, Data: 00
# [Stimulus] Packet is sent to Driver
# [Driver] Data is sent to DUT
# [Monitor] Data is sent to Scoreboard
# [Base] Write finished! Write Random Data 7f at Address 02
# [Scoreboard] Get packet from Monitor: Address: 02, Data: 00
# [Stimulus] Packet is sent to Driver
#   1
# [Driver] Data is sent to DUT
# [Monitor] Data is sent to Scoreboard
# [base] Write finished! Write data 04 at Address 00
# [Scoreboard] Get packet from Monitor: Address: 00, Data: 00
# [Stimulus] Packet is sent to Driver
#   0
# [Driver] Data is sent to DUT
# [Monitor] Data is sent to Scoreboard
# [base] Write finished! Write data 01 at Address 00
# [Scoreboard] Get packet from Monitor: Address: 00, Data: 00
# 
# ===== t=209650000 PASSED SUCCESSFULLY !!! Expected timing is 645000, Actual timing is 659999 =====
# 
# [Stimulus] Packet is sent to Driver
# [Driver] Data is sent to DUT
# [Monitor] Data is sent to Scoreboard
# [base] Write finished! Write data 01 at Address 03
# [Scoreboard] Get packet from Monitor: Address: 03, Data: 00
# [Stimulus] Packet is sent to Driver
# [Driver] Data is sent to DUT
# [Monitor] Data is sent to Scoreboard
# [Base] Write finished! Write Random Data c5 at Address 02
# [Scoreboard] Get packet from Monitor: Address: 02, Data: 00
# [Stimulus] Packet is sent to Driver
#   1
# [Driver] Data is sent to DUT
# [Monitor] Data is sent to Scoreboard
# [base] Write finished! Write data 04 at Address 00
# [Scoreboard] Get packet from Monitor: Address: 00, Data: 00
# [Stimulus] Packet is sent to Driver
#   0
# [Driver] Data is sent to DUT
# [Monitor] Data is sent to Scoreboard
# [base] Write finished! Write data 01 at Address 00
# [Scoreboard] Get packet from Monitor: Address: 00, Data: 00
# 
# ===== t=210230000 PASSED SUCCESSFULLY !!! Expected timing is 295000, Actual timing is 299999 =====
# 
# [Stimulus] Packet is sent to Driver
# [Driver] Data is sent to DUT
# [Monitor] Data is sent to Scoreboard
# [base] Write finished! Write data 01 at Address 03
# [Scoreboard] Get packet from Monitor: Address: 03, Data: 00
# [Stimulus] Packet is sent to Driver
# [Driver] Data is sent to DUT
# [Monitor] Data is sent to Scoreboard
# [Base] Write finished! Write Random Data 15 at Address 02
# [Scoreboard] Get packet from Monitor: Address: 02, Data: 00
# [Stimulus] Packet is sent to Driver
#   1
# [Driver] Data is sent to DUT
# [Monitor] Data is sent to Scoreboard
# [base] Write finished! Write data 04 at Address 00
# [Scoreboard] Get packet from Monitor: Address: 00, Data: 00
# [Stimulus] Packet is sent to Driver
#   0
# [Driver] Data is sent to DUT
# [Monitor] Data is sent to Scoreboard
# [base] Write finished! Write data 01 at Address 00
# [Scoreboard] Get packet from Monitor: Address: 00, Data: 00
# 
# ===== t=211690000 PASSED SUCCESSFULLY !!! Expected timing is 1175000, Actual timing is 1179999 =====
# 
# [Stimulus] Packet is sent to Driver
# [Driver] Data is sent to DUT
# [Monitor] Data is sent to Scoreboard
# [base] Write finished! Write data 01 at Address 03
# [Scoreboard] Get packet from Monitor: Address: 03, Data: 00
# [Stimulus] Packet is sent to Driver
# [Driver] Data is sent to DUT
# [Monitor] Data is sent to Scoreboard
# [Base] Write finished! Write Random Data 96 at Address 02
# [Scoreboard] Get packet from Monitor: Address: 02, Data: 00
# [Stimulus] Packet is sent to Driver
#   1
# [Driver] Data is sent to DUT
# [Monitor] Data is sent to Scoreboard
# [base] Write finished! Write data 04 at Address 00
# [Scoreboard] Get packet from Monitor: Address: 00, Data: 00
# [Stimulus] Packet is sent to Driver
#   0
# [Driver] Data is sent to DUT
# [Monitor] Data is sent to Scoreboard
# [base] Write finished! Write data 01 at Address 00
# [Scoreboard] Get packet from Monitor: Address: 00, Data: 00
# 
# ===== t=212510000 PASSED SUCCESSFULLY !!! Expected timing is 530000, Actual timing is 539999 =====
# 
# [Stimulus] Packet is sent to Driver
# [Driver] Data is sent to DUT
# [Monitor] Data is sent to Scoreboard
# [base] Write finished! Write data 01 at Address 03
# [Scoreboard] Get packet from Monitor: Address: 03, Data: 00
# [Stimulus] Packet is sent to Driver
# [Driver] Data is sent to DUT
# [Monitor] Data is sent to Scoreboard
# [Base] Write finished! Write Random Data 52 at Address 02
# [Scoreboard] Get packet from Monitor: Address: 02, Data: 00
# [Stimulus] Packet is sent to Driver
#   1
# [Driver] Data is sent to DUT
# [Monitor] Data is sent to Scoreboard
# [base] Write finished! Write data 04 at Address 00
# [Scoreboard] Get packet from Monitor: Address: 00, Data: 00
# [Stimulus] Packet is sent to Driver
#   0
# [Driver] Data is sent to DUT
# [Monitor] Data is sent to Scoreboard
# [base] Write finished! Write data 01 at Address 00
# [Scoreboard] Get packet from Monitor: Address: 00, Data: 00
# 
# ===== t=213670000 PASSED SUCCESSFULLY !!! Expected timing is 870000, Actual timing is 879999 =====
# 
# [Stimulus] Packet is sent to Driver
# [Driver] Data is sent to DUT
# [Monitor] Data is sent to Scoreboard
# [base] Write finished! Write data 01 at Address 03
# [Scoreboard] Get packet from Monitor: Address: 03, Data: 00
# [Stimulus] Packet is sent to Driver
# [Driver] Data is sent to DUT
# [Monitor] Data is sent to Scoreboard
# [Base] Write finished! Write Random Data 4c at Address 02
# [Scoreboard] Get packet from Monitor: Address: 02, Data: 00
# [Stimulus] Packet is sent to Driver
#   1
# [Driver] Data is sent to DUT
# [Monitor] Data is sent to Scoreboard
# [base] Write finished! Write data 04 at Address 00
# [Scoreboard] Get packet from Monitor: Address: 00, Data: 00
# [Stimulus] Packet is sent to Driver
#   0
# [Driver] Data is sent to DUT
# [Monitor] Data is sent to Scoreboard
# [base] Write finished! Write data 01 at Address 00
# [Scoreboard] Get packet from Monitor: Address: 00, Data: 00
# 
# ===== t=214870000 PASSED SUCCESSFULLY !!! Expected timing is 900000, Actual timing is 919999 =====
# 
# [Stimulus] Packet is sent to Driver
# [Driver] Data is sent to DUT
# [Monitor] Data is sent to Scoreboard
# [base] Write finished! Write data 01 at Address 03
# [Scoreboard] Get packet from Monitor: Address: 03, Data: 00
# [Stimulus] Packet is sent to Driver
# [Driver] Data is sent to DUT
# [Monitor] Data is sent to Scoreboard
# [Base] Write finished! Write Random Data 30 at Address 02
# [Scoreboard] Get packet from Monitor: Address: 02, Data: 00
# [Stimulus] Packet is sent to Driver
#   1
# [Driver] Data is sent to DUT
# [Monitor] Data is sent to Scoreboard
# [base] Write finished! Write data 04 at Address 00
# [Scoreboard] Get packet from Monitor: Address: 00, Data: 00
# [Stimulus] Packet is sent to Driver
#   0
# [Driver] Data is sent to DUT
# [Monitor] Data is sent to Scoreboard
# [base] Write finished! Write data 01 at Address 00
# [Scoreboard] Get packet from Monitor: Address: 00, Data: 00
# 
# ===== t=216210000 PASSED SUCCESSFULLY !!! Expected timing is 1040000, Actual timing is 1059999 =====
# 
# [Stimulus] Packet is sent to Driver
# [Driver] Data is sent to DUT
# [Monitor] Data is sent to Scoreboard
# [base] Write finished! Write data 01 at Address 03
# [Scoreboard] Get packet from Monitor: Address: 03, Data: 00
# [Stimulus] Packet is sent to Driver
# [Driver] Data is sent to DUT
# [Monitor] Data is sent to Scoreboard
# [Base] Write finished! Write Random Data ff at Address 02
# [Scoreboard] Get packet from Monitor: Address: 02, Data: 00
# [Stimulus] Packet is sent to Driver
#   1
# [Driver] Data is sent to DUT
# [Monitor] Data is sent to Scoreboard
# [base] Write finished! Write data 04 at Address 00
# [Scoreboard] Get packet from Monitor: Address: 00, Data: 00
# [Stimulus] Packet is sent to Driver
#   0
# [Driver] Data is sent to DUT
# [Monitor] Data is sent to Scoreboard
# [base] Write finished! Write data 01 at Address 00
# [Scoreboard] Get packet from Monitor: Address: 00, Data: 00
# 
# ===== t=216510000 PASSED SUCCESSFULLY !!! Expected timing is 5000, Actual timing is 19999 =====
# 
# [Stimulus] Packet is sent to Driver
# [Driver] Data is sent to DUT
# [Monitor] Data is sent to Scoreboard
# [base] Write finished! Write data 01 at Address 03
# [Scoreboard] Get packet from Monitor: Address: 03, Data: 00
# [Stimulus] Packet is sent to Driver
# [Driver] Data is sent to DUT
# [Monitor] Data is sent to Scoreboard
# [Base] Write finished! Write Random Data b8 at Address 02
# [Scoreboard] Get packet from Monitor: Address: 02, Data: 00
# [Stimulus] Packet is sent to Driver
#   1
# [Driver] Data is sent to DUT
# [Monitor] Data is sent to Scoreboard
# [base] Write finished! Write data 04 at Address 00
# [Scoreboard] Get packet from Monitor: Address: 00, Data: 00
# [Stimulus] Packet is sent to Driver
#   0
# [Driver] Data is sent to DUT
# [Monitor] Data is sent to Scoreboard
# [base] Write finished! Write data 01 at Address 00
# [Scoreboard] Get packet from Monitor: Address: 00, Data: 00
# 
# ===== t=217170000 PASSED SUCCESSFULLY !!! Expected timing is 360000, Actual timing is 379999 =====
# 
# [Stimulus] Packet is sent to Driver
# [Driver] Data is sent to DUT
# [Monitor] Data is sent to Scoreboard
# [base] Write finished! Write data 01 at Address 03
# [Scoreboard] Get packet from Monitor: Address: 03, Data: 00
# [Stimulus] Packet is sent to Driver
# [Driver] Data is sent to DUT
# [Monitor] Data is sent to Scoreboard
# [Base] Write finished! Write Random Data dd at Address 02
# [Scoreboard] Get packet from Monitor: Address: 02, Data: 00
# [Stimulus] Packet is sent to Driver
#   1
# [Driver] Data is sent to DUT
# [Monitor] Data is sent to Scoreboard
# [base] Write finished! Write data 04 at Address 00
# [Scoreboard] Get packet from Monitor: Address: 00, Data: 00
# [Stimulus] Packet is sent to Driver
#   0
# [Driver] Data is sent to DUT
# [Monitor] Data is sent to Scoreboard
# [base] Write finished! Write data 01 at Address 00
# [Scoreboard] Get packet from Monitor: Address: 00, Data: 00
# 
# ===== t=217630000 PASSED SUCCESSFULLY !!! Expected timing is 175000, Actual timing is 179999 =====
# 
# [Stimulus] Packet is sent to Driver
# [Driver] Data is sent to DUT
# [Monitor] Data is sent to Scoreboard
# [base] Write finished! Write data 01 at Address 03
# [Scoreboard] Get packet from Monitor: Address: 03, Data: 00
# [Stimulus] Packet is sent to Driver
# [Driver] Data is sent to DUT
# [Monitor] Data is sent to Scoreboard
# [Base] Write finished! Write Random Data 7e at Address 02
# [Scoreboard] Get packet from Monitor: Address: 02, Data: 00
# [Stimulus] Packet is sent to Driver
#   1
# [Driver] Data is sent to DUT
# [Monitor] Data is sent to Scoreboard
# [base] Write finished! Write data 04 at Address 00
# [Scoreboard] Get packet from Monitor: Address: 00, Data: 00
# [Stimulus] Packet is sent to Driver
#   0
# [Driver] Data is sent to DUT
# [Monitor] Data is sent to Scoreboard
# [base] Write finished! Write data 01 at Address 00
# [Scoreboard] Get packet from Monitor: Address: 00, Data: 00
# 
# ===== t=218570000 PASSED SUCCESSFULLY !!! Expected timing is 650000, Actual timing is 659999 =====
# 
# [Stimulus] Packet is sent to Driver
# [Driver] Data is sent to DUT
# [Monitor] Data is sent to Scoreboard
# [base] Write finished! Write data 01 at Address 03
# [Scoreboard] Get packet from Monitor: Address: 03, Data: 00
# [Stimulus] Packet is sent to Driver
# [Driver] Data is sent to DUT
# [Monitor] Data is sent to Scoreboard
# [Base] Write finished! Write Random Data 22 at Address 02
# [Scoreboard] Get packet from Monitor: Address: 02, Data: 00
# [Stimulus] Packet is sent to Driver
#   1
# [Driver] Data is sent to DUT
# [Monitor] Data is sent to Scoreboard
# [base] Write finished! Write data 04 at Address 00
# [Scoreboard] Get packet from Monitor: Address: 00, Data: 00
# [Stimulus] Packet is sent to Driver
#   0
# [Driver] Data is sent to DUT
# [Monitor] Data is sent to Scoreboard
# [base] Write finished! Write data 01 at Address 00
# [Scoreboard] Get packet from Monitor: Address: 00, Data: 00
# 
# ===== t=219970000 PASSED SUCCESSFULLY !!! Expected timing is 1110000, Actual timing is 1119999 =====
# 
# [Stimulus] Packet is sent to Driver
# [Driver] Data is sent to DUT
# [Monitor] Data is sent to Scoreboard
# [base] Write finished! Write data 01 at Address 03
# [Scoreboard] Get packet from Monitor: Address: 03, Data: 00
# [Stimulus] Packet is sent to Driver
# [Driver] Data is sent to DUT
# [Monitor] Data is sent to Scoreboard
# [Base] Write finished! Write Random Data d8 at Address 02
# [Scoreboard] Get packet from Monitor: Address: 02, Data: 00
# [Stimulus] Packet is sent to Driver
#   1
# [Driver] Data is sent to DUT
# [Monitor] Data is sent to Scoreboard
# [base] Write finished! Write data 04 at Address 00
# [Scoreboard] Get packet from Monitor: Address: 00, Data: 00
# [Stimulus] Packet is sent to Driver
#   0
# [Driver] Data is sent to DUT
# [Monitor] Data is sent to Scoreboard
# [base] Write finished! Write data 01 at Address 00
# [Scoreboard] Get packet from Monitor: Address: 00, Data: 00
# 
# ===== t=220470000 PASSED SUCCESSFULLY !!! Expected timing is 200000, Actual timing is 219999 =====
# 
# [Stimulus] Packet is sent to Driver
# [Driver] Data is sent to DUT
# [Monitor] Data is sent to Scoreboard
# [base] Write finished! Write data 01 at Address 03
# [Scoreboard] Get packet from Monitor: Address: 03, Data: 00
# [Stimulus] Packet is sent to Driver
# [Driver] Data is sent to DUT
# [Monitor] Data is sent to Scoreboard
# [Base] Write finished! Write Random Data e1 at Address 02
# [Scoreboard] Get packet from Monitor: Address: 02, Data: 00
# [Stimulus] Packet is sent to Driver
#   1
# [Driver] Data is sent to DUT
# [Monitor] Data is sent to Scoreboard
# [base] Write finished! Write data 04 at Address 00
# [Scoreboard] Get packet from Monitor: Address: 00, Data: 00
# [Stimulus] Packet is sent to Driver
#   0
# [Driver] Data is sent to DUT
# [Monitor] Data is sent to Scoreboard
# [base] Write finished! Write data 01 at Address 00
# [Scoreboard] Get packet from Monitor: Address: 00, Data: 00
# 
# ===== t=220910000 PASSED SUCCESSFULLY !!! Expected timing is 155000, Actual timing is 159999 =====
# 
# [Stimulus] Packet is sent to Driver
# [Driver] Data is sent to DUT
# [Monitor] Data is sent to Scoreboard
# [base] Write finished! Write data 01 at Address 03
# [Scoreboard] Get packet from Monitor: Address: 03, Data: 00
# [Stimulus] Packet is sent to Driver
# [Driver] Data is sent to DUT
# [Monitor] Data is sent to Scoreboard
# [Base] Write finished! Write Random Data 59 at Address 02
# [Scoreboard] Get packet from Monitor: Address: 02, Data: 00
# [Stimulus] Packet is sent to Driver
#   1
# [Driver] Data is sent to DUT
# [Monitor] Data is sent to Scoreboard
# [base] Write finished! Write data 04 at Address 00
# [Scoreboard] Get packet from Monitor: Address: 00, Data: 00
# [Stimulus] Packet is sent to Driver
#   0
# [Driver] Data is sent to DUT
# [Monitor] Data is sent to Scoreboard
# [base] Write finished! Write data 01 at Address 00
# [Scoreboard] Get packet from Monitor: Address: 00, Data: 00
# 
# ===== t=222030000 PASSED SUCCESSFULLY !!! Expected timing is 835000, Actual timing is 839999 =====
# 
# [Stimulus] Packet is sent to Driver
# [Driver] Data is sent to DUT
# [Monitor] Data is sent to Scoreboard
# [base] Write finished! Write data 01 at Address 03
# [Scoreboard] Get packet from Monitor: Address: 03, Data: 00
# [Stimulus] Packet is sent to Driver
# [Driver] Data is sent to DUT
# [Monitor] Data is sent to Scoreboard
# [Base] Write finished! Write Random Data db at Address 02
# [Scoreboard] Get packet from Monitor: Address: 02, Data: 00
# [Stimulus] Packet is sent to Driver
#   1
# [Driver] Data is sent to DUT
# [Monitor] Data is sent to Scoreboard
# [base] Write finished! Write data 04 at Address 00
# [Scoreboard] Get packet from Monitor: Address: 00, Data: 00
# [Stimulus] Packet is sent to Driver
#   0
# [Driver] Data is sent to DUT
# [Monitor] Data is sent to Scoreboard
# [base] Write finished! Write data 01 at Address 00
# [Scoreboard] Get packet from Monitor: Address: 00, Data: 00
# 
# ===== t=222510000 PASSED SUCCESSFULLY !!! Expected timing is 185000, Actual timing is 199999 =====
# 
# [Stimulus] Packet is sent to Driver
# [Driver] Data is sent to DUT
# [Monitor] Data is sent to Scoreboard
# [base] Write finished! Write data 01 at Address 03
# [Scoreboard] Get packet from Monitor: Address: 03, Data: 00
# [Stimulus] Packet is sent to Driver
# [Driver] Data is sent to DUT
# [Monitor] Data is sent to Scoreboard
# [Base] Write finished! Write Random Data 00 at Address 02
# [Scoreboard] Get packet from Monitor: Address: 02, Data: 00
# [Stimulus] Packet is sent to Driver
#   1
# [Driver] Data is sent to DUT
# [Monitor] Data is sent to Scoreboard
# [base] Write finished! Write data 04 at Address 00
# [Scoreboard] Get packet from Monitor: Address: 00, Data: 00
# [Stimulus] Packet is sent to Driver
#   0
# [Driver] Data is sent to DUT
# [Monitor] Data is sent to Scoreboard
# [base] Write finished! Write data 01 at Address 00
# [Scoreboard] Get packet from Monitor: Address: 00, Data: 00
# 
# ===== t=224090000 PASSED SUCCESSFULLY !!! Expected timing is 1280000, Actual timing is 1299999 =====
# 
# [Stimulus] Packet is sent to Driver
# [Driver] Data is sent to DUT
# [Monitor] Data is sent to Scoreboard
# [base] Write finished! Write data 01 at Address 03
# [Scoreboard] Get packet from Monitor: Address: 03, Data: 00
# [Stimulus] Packet is sent to Driver
# [Driver] Data is sent to DUT
# [Monitor] Data is sent to Scoreboard
# [Base] Write finished! Write Random Data da at Address 02
# [Scoreboard] Get packet from Monitor: Address: 02, Data: 00
# [Stimulus] Packet is sent to Driver
#   1
# [Driver] Data is sent to DUT
# [Monitor] Data is sent to Scoreboard
# [base] Write finished! Write data 04 at Address 00
# [Scoreboard] Get packet from Monitor: Address: 00, Data: 00
# [Stimulus] Packet is sent to Driver
#   0
# [Driver] Data is sent to DUT
# [Monitor] Data is sent to Scoreboard
# [base] Write finished! Write data 01 at Address 00
# [Scoreboard] Get packet from Monitor: Address: 00, Data: 00
# 
# ===== t=224570000 PASSED SUCCESSFULLY !!! Expected timing is 190000, Actual timing is 199999 =====
# 
# [Stimulus] Packet is sent to Driver
# [Driver] Data is sent to DUT
# [Monitor] Data is sent to Scoreboard
# [base] Write finished! Write data 01 at Address 03
# [Scoreboard] Get packet from Monitor: Address: 03, Data: 00
# [Stimulus] Packet is sent to Driver
# [Driver] Data is sent to DUT
# [Monitor] Data is sent to Scoreboard
# [Base] Write finished! Write Random Data 01 at Address 02
# [Scoreboard] Get packet from Monitor: Address: 02, Data: 00
# [Stimulus] Packet is sent to Driver
#   1
# [Driver] Data is sent to DUT
# [Monitor] Data is sent to Scoreboard
# [base] Write finished! Write data 04 at Address 00
# [Scoreboard] Get packet from Monitor: Address: 00, Data: 00
# [Stimulus] Packet is sent to Driver
#   0
# [Driver] Data is sent to DUT
# [Monitor] Data is sent to Scoreboard
# [base] Write finished! Write data 01 at Address 00
# [Scoreboard] Get packet from Monitor: Address: 00, Data: 00
# 
# ===== t=226130000 PASSED SUCCESSFULLY !!! Expected timing is 1275000, Actual timing is 1279999 =====
# 
# [Stimulus] Packet is sent to Driver
# [Driver] Data is sent to DUT
# [Monitor] Data is sent to Scoreboard
# [base] Write finished! Write data 01 at Address 03
# [Scoreboard] Get packet from Monitor: Address: 03, Data: 00
# [Stimulus] Packet is sent to Driver
# [Driver] Data is sent to DUT
# [Monitor] Data is sent to Scoreboard
# [Base] Write finished! Write Random Data af at Address 02
# [Scoreboard] Get packet from Monitor: Address: 02, Data: 00
# [Stimulus] Packet is sent to Driver
#   1
# [Driver] Data is sent to DUT
# [Monitor] Data is sent to Scoreboard
# [base] Write finished! Write data 04 at Address 00
# [Scoreboard] Get packet from Monitor: Address: 00, Data: 00
# [Stimulus] Packet is sent to Driver
#   0
# [Driver] Data is sent to DUT
# [Monitor] Data is sent to Scoreboard
# [base] Write finished! Write data 01 at Address 00
# [Scoreboard] Get packet from Monitor: Address: 00, Data: 00
# 
# ===== t=226830000 PASSED SUCCESSFULLY !!! Expected timing is 405000, Actual timing is 419999 =====
# 
# [Stimulus] Packet is sent to Driver
# [Driver] Data is sent to DUT
# [Monitor] Data is sent to Scoreboard
# [base] Write finished! Write data 01 at Address 03
# [Scoreboard] Get packet from Monitor: Address: 03, Data: 00
# [Stimulus] Packet is sent to Driver
# [Driver] Data is sent to DUT
# [Monitor] Data is sent to Scoreboard
# [Base] Write finished! Write Random Data 4f at Address 02
# [Scoreboard] Get packet from Monitor: Address: 02, Data: 00
# [Stimulus] Packet is sent to Driver
#   1
# [Driver] Data is sent to DUT
# [Monitor] Data is sent to Scoreboard
# [base] Write finished! Write data 04 at Address 00
# [Scoreboard] Get packet from Monitor: Address: 00, Data: 00
# [Stimulus] Packet is sent to Driver
#   0
# [Driver] Data is sent to DUT
# [Monitor] Data is sent to Scoreboard
# [base] Write finished! Write data 01 at Address 00
# [Scoreboard] Get packet from Monitor: Address: 00, Data: 00
# 
# ===== t=228010000 PASSED SUCCESSFULLY !!! Expected timing is 885000, Actual timing is 899999 =====
# 
# [Stimulus] Packet is sent to Driver
# [Driver] Data is sent to DUT
# [Monitor] Data is sent to Scoreboard
# [base] Write finished! Write data 01 at Address 03
# [Scoreboard] Get packet from Monitor: Address: 03, Data: 00
# [Stimulus] Packet is sent to Driver
# [Driver] Data is sent to DUT
# [Monitor] Data is sent to Scoreboard
# [Base] Write finished! Write Random Data a2 at Address 02
# [Scoreboard] Get packet from Monitor: Address: 02, Data: 00
# [Stimulus] Packet is sent to Driver
#   1
# [Driver] Data is sent to DUT
# [Monitor] Data is sent to Scoreboard
# [base] Write finished! Write data 04 at Address 00
# [Scoreboard] Get packet from Monitor: Address: 00, Data: 00
# [Stimulus] Packet is sent to Driver
#   0
# [Driver] Data is sent to DUT
# [Monitor] Data is sent to Scoreboard
# [base] Write finished! Write data 01 at Address 00
# [Scoreboard] Get packet from Monitor: Address: 00, Data: 00
# 
# ===== t=228770000 PASSED SUCCESSFULLY !!! Expected timing is 470000, Actual timing is 479999 =====
# 
# [Stimulus] Packet is sent to Driver
# [Driver] Data is sent to DUT
# [Monitor] Data is sent to Scoreboard
# [base] Write finished! Write data 01 at Address 03
# [Scoreboard] Get packet from Monitor: Address: 03, Data: 00
# [Stimulus] Packet is sent to Driver
# [Driver] Data is sent to DUT
# [Monitor] Data is sent to Scoreboard
# [Base] Write finished! Write Random Data 2e at Address 02
# [Scoreboard] Get packet from Monitor: Address: 02, Data: 00
# [Stimulus] Packet is sent to Driver
#   1
# [Driver] Data is sent to DUT
# [Monitor] Data is sent to Scoreboard
# [base] Write finished! Write data 04 at Address 00
# [Scoreboard] Get packet from Monitor: Address: 00, Data: 00
# [Stimulus] Packet is sent to Driver
#   0
# [Driver] Data is sent to DUT
# [Monitor] Data is sent to Scoreboard
# [base] Write finished! Write data 01 at Address 00
# [Scoreboard] Get packet from Monitor: Address: 00, Data: 00
# 
# ===== t=230110000 PASSED SUCCESSFULLY !!! Expected timing is 1050000, Actual timing is 1059999 =====
# 
# [Stimulus] Packet is sent to Driver
# [Driver] Data is sent to DUT
# [Monitor] Data is sent to Scoreboard
# [base] Write finished! Write data 01 at Address 03
# [Scoreboard] Get packet from Monitor: Address: 03, Data: 00
# [Stimulus] Packet is sent to Driver
# [Driver] Data is sent to DUT
# [Monitor] Data is sent to Scoreboard
# [Base] Write finished! Write Random Data 8e at Address 02
# [Scoreboard] Get packet from Monitor: Address: 02, Data: 00
# [Stimulus] Packet is sent to Driver
#   1
# [Driver] Data is sent to DUT
# [Monitor] Data is sent to Scoreboard
# [base] Write finished! Write data 04 at Address 00
# [Scoreboard] Get packet from Monitor: Address: 00, Data: 00
# [Stimulus] Packet is sent to Driver
#   0
# [Driver] Data is sent to DUT
# [Monitor] Data is sent to Scoreboard
# [base] Write finished! Write data 01 at Address 00
# [Scoreboard] Get packet from Monitor: Address: 00, Data: 00
# 
# ===== t=230970000 PASSED SUCCESSFULLY !!! Expected timing is 570000, Actual timing is 579999 =====
# 
# [Stimulus] Packet is sent to Driver
# [Driver] Data is sent to DUT
# [Monitor] Data is sent to Scoreboard
# [base] Write finished! Write data 01 at Address 03
# [Scoreboard] Get packet from Monitor: Address: 03, Data: 00
# [Stimulus] Packet is sent to Driver
# [Driver] Data is sent to DUT
# [Monitor] Data is sent to Scoreboard
# [Base] Write finished! Write Random Data 95 at Address 02
# [Scoreboard] Get packet from Monitor: Address: 02, Data: 00
# [Stimulus] Packet is sent to Driver
#   1
# [Driver] Data is sent to DUT
# [Monitor] Data is sent to Scoreboard
# [base] Write finished! Write data 04 at Address 00
# [Scoreboard] Get packet from Monitor: Address: 00, Data: 00
# [Stimulus] Packet is sent to Driver
#   0
# [Driver] Data is sent to DUT
# [Monitor] Data is sent to Scoreboard
# [base] Write finished! Write data 01 at Address 00
# [Scoreboard] Get packet from Monitor: Address: 00, Data: 00
# 
# ===== t=231790000 PASSED SUCCESSFULLY !!! Expected timing is 535000, Actual timing is 539999 =====
# 
# [Stimulus] Packet is sent to Driver
# [Driver] Data is sent to DUT
# [Monitor] Data is sent to Scoreboard
# [base] Write finished! Write data 01 at Address 03
# [Scoreboard] Get packet from Monitor: Address: 03, Data: 00
# [Stimulus] Packet is sent to Driver
# [Driver] Data is sent to DUT
# [Monitor] Data is sent to Scoreboard
# [Base] Write finished! Write Random Data a3 at Address 02
# [Scoreboard] Get packet from Monitor: Address: 02, Data: 00
# [Stimulus] Packet is sent to Driver
#   1
# [Driver] Data is sent to DUT
# [Monitor] Data is sent to Scoreboard
# [base] Write finished! Write data 04 at Address 00
# [Scoreboard] Get packet from Monitor: Address: 00, Data: 00
# [Stimulus] Packet is sent to Driver
#   0
# [Driver] Data is sent to DUT
# [Monitor] Data is sent to Scoreboard
# [base] Write finished! Write data 01 at Address 00
# [Scoreboard] Get packet from Monitor: Address: 00, Data: 00
# 
# ===== t=232550000 PASSED SUCCESSFULLY !!! Expected timing is 465000, Actual timing is 479999 =====
# 
# [Stimulus] Packet is sent to Driver
# [Driver] Data is sent to DUT
# [Monitor] Data is sent to Scoreboard
# [base] Write finished! Write data 01 at Address 03
# [Scoreboard] Get packet from Monitor: Address: 03, Data: 00
# [Stimulus] Packet is sent to Driver
# [Driver] Data is sent to DUT
# [Monitor] Data is sent to Scoreboard
# [Base] Write finished! Write Random Data 70 at Address 02
# [Scoreboard] Get packet from Monitor: Address: 02, Data: 00
# [Stimulus] Packet is sent to Driver
#   1
# [Driver] Data is sent to DUT
# [Monitor] Data is sent to Scoreboard
# [base] Write finished! Write data 04 at Address 00
# [Scoreboard] Get packet from Monitor: Address: 00, Data: 00
# [Stimulus] Packet is sent to Driver
#   0
# [Driver] Data is sent to DUT
# [Monitor] Data is sent to Scoreboard
# [base] Write finished! Write data 01 at Address 00
# [Scoreboard] Get packet from Monitor: Address: 00, Data: 00
# 
# ===== t=233570000 PASSED SUCCESSFULLY !!! Expected timing is 720000, Actual timing is 739999 =====
# 
# [Stimulus] Packet is sent to Driver
# [Driver] Data is sent to DUT
# [Monitor] Data is sent to Scoreboard
# [base] Write finished! Write data 01 at Address 03
# [Scoreboard] Get packet from Monitor: Address: 03, Data: 00
# [Stimulus] Packet is sent to Driver
# [Driver] Data is sent to DUT
# [Monitor] Data is sent to Scoreboard
# [Base] Write finished! Write Random Data 3d at Address 02
# [Scoreboard] Get packet from Monitor: Address: 02, Data: 00
# [Stimulus] Packet is sent to Driver
#   1
# [Driver] Data is sent to DUT
# [Monitor] Data is sent to Scoreboard
# [base] Write finished! Write data 04 at Address 00
# [Scoreboard] Get packet from Monitor: Address: 00, Data: 00
# [Stimulus] Packet is sent to Driver
#   0
# [Driver] Data is sent to DUT
# [Monitor] Data is sent to Scoreboard
# [base] Write finished! Write data 01 at Address 00
# [Scoreboard] Get packet from Monitor: Address: 00, Data: 00
# 
# ===== t=234830000 PASSED SUCCESSFULLY !!! Expected timing is 975000, Actual timing is 979999 =====
# 
# 
# ===== t=234830000 Case 4.4 Load data and count down =====
# 
# [Stimulus] Packet is sent to Driver
# [Driver] Data is sent to DUT
# [Monitor] Data is sent to Scoreboard
# [base] Write finished! Write data 02 at Address 03
# [Scoreboard] Get packet from Monitor: Address: 03, Data: 00
# [Stimulus] Packet is sent to Driver
# [Driver] Data is sent to DUT
# [Monitor] Data is sent to Scoreboard
# [Base] Write finished! Write Random Data 83 at Address 02
# [Scoreboard] Get packet from Monitor: Address: 02, Data: 00
# [Stimulus] Packet is sent to Driver
#   1
# [Driver] Data is sent to DUT
# [Monitor] Data is sent to Scoreboard
# [base] Write finished! Write data 06 at Address 00
# [Scoreboard] Get packet from Monitor: Address: 00, Data: 00
# [Stimulus] Packet is sent to Driver
#   0
# [Driver] Data is sent to DUT
# [Monitor] Data is sent to Scoreboard
# [base] Write finished! Write data 03 at Address 00
# [Scoreboard] Get packet from Monitor: Address: 00, Data: 00
# 
# ===== t=235790000 PASSED SUCCESSFULLY !!! Expected timing is 655000, Actual timing is 679999 =====
# 
# [Stimulus] Packet is sent to Driver
# [Driver] Data is sent to DUT
# [Monitor] Data is sent to Scoreboard
# [base] Write finished! Write data 02 at Address 03
# [Scoreboard] Get packet from Monitor: Address: 03, Data: 00
# [Stimulus] Packet is sent to Driver
# [Driver] Data is sent to DUT
# [Monitor] Data is sent to Scoreboard
# [Base] Write finished! Write Random Data 9e at Address 02
# [Scoreboard] Get packet from Monitor: Address: 02, Data: 00
# [Stimulus] Packet is sent to Driver
#   1
# [Driver] Data is sent to DUT
# [Monitor] Data is sent to Scoreboard
# [base] Write finished! Write data 06 at Address 00
# [Scoreboard] Get packet from Monitor: Address: 00, Data: 00
# [Stimulus] Packet is sent to Driver
#   0
# [Driver] Data is sent to DUT
# [Monitor] Data is sent to Scoreboard
# [base] Write finished! Write data 03 at Address 00
# [Scoreboard] Get packet from Monitor: Address: 00, Data: 00
# 
# ===== t=236870000 PASSED SUCCESSFULLY !!! Expected timing is 790000, Actual timing is 799999 =====
# 
# [Stimulus] Packet is sent to Driver
# [Driver] Data is sent to DUT
# [Monitor] Data is sent to Scoreboard
# [base] Write finished! Write data 02 at Address 03
# [Scoreboard] Get packet from Monitor: Address: 03, Data: 00
# [Stimulus] Packet is sent to Driver
# [Driver] Data is sent to DUT
# [Monitor] Data is sent to Scoreboard
# [Base] Write finished! Write Random Data ab at Address 02
# [Scoreboard] Get packet from Monitor: Address: 02, Data: 00
# [Stimulus] Packet is sent to Driver
#   1
# [Driver] Data is sent to DUT
# [Monitor] Data is sent to Scoreboard
# [base] Write finished! Write data 06 at Address 00
# [Scoreboard] Get packet from Monitor: Address: 00, Data: 00
# [Stimulus] Packet is sent to Driver
#   0
# [Driver] Data is sent to DUT
# [Monitor] Data is sent to Scoreboard
# [base] Write finished! Write data 03 at Address 00
# [Scoreboard] Get packet from Monitor: Address: 00, Data: 00
# 
# ===== t=238030000 PASSED SUCCESSFULLY !!! Expected timing is 855000, Actual timing is 879999 =====
# 
# [Stimulus] Packet is sent to Driver
# [Driver] Data is sent to DUT
# [Monitor] Data is sent to Scoreboard
# [base] Write finished! Write data 02 at Address 03
# [Scoreboard] Get packet from Monitor: Address: 03, Data: 00
# [Stimulus] Packet is sent to Driver
# [Driver] Data is sent to DUT
# [Monitor] Data is sent to Scoreboard
# [Base] Write finished! Write Random Data 99 at Address 02
# [Scoreboard] Get packet from Monitor: Address: 02, Data: 00
# [Stimulus] Packet is sent to Driver
#   1
# [Driver] Data is sent to DUT
# [Monitor] Data is sent to Scoreboard
# [base] Write finished! Write data 06 at Address 00
# [Scoreboard] Get packet from Monitor: Address: 00, Data: 00
# [Stimulus] Packet is sent to Driver
#   0
# [Driver] Data is sent to DUT
# [Monitor] Data is sent to Scoreboard
# [base] Write finished! Write data 03 at Address 00
# [Scoreboard] Get packet from Monitor: Address: 00, Data: 00
# 
# ===== t=239090000 PASSED SUCCESSFULLY !!! Expected timing is 765000, Actual timing is 779999 =====
# 
# [Stimulus] Packet is sent to Driver
# [Driver] Data is sent to DUT
# [Monitor] Data is sent to Scoreboard
# [base] Write finished! Write data 02 at Address 03
# [Scoreboard] Get packet from Monitor: Address: 03, Data: 00
# [Stimulus] Packet is sent to Driver
# [Driver] Data is sent to DUT
# [Monitor] Data is sent to Scoreboard
# [Base] Write finished! Write Random Data d1 at Address 02
# [Scoreboard] Get packet from Monitor: Address: 02, Data: 00
# [Stimulus] Packet is sent to Driver
#   1
# [Driver] Data is sent to DUT
# [Monitor] Data is sent to Scoreboard
# [base] Write finished! Write data 06 at Address 00
# [Scoreboard] Get packet from Monitor: Address: 00, Data: 00
# [Stimulus] Packet is sent to Driver
#   0
# [Driver] Data is sent to DUT
# [Monitor] Data is sent to Scoreboard
# [base] Write finished! Write data 03 at Address 00
# [Scoreboard] Get packet from Monitor: Address: 00, Data: 00
# 
# ===== t=240430000 PASSED SUCCESSFULLY !!! Expected timing is 1045000, Actual timing is 1059999 =====
# 
# [Stimulus] Packet is sent to Driver
# [Driver] Data is sent to DUT
# [Monitor] Data is sent to Scoreboard
# [base] Write finished! Write data 02 at Address 03
# [Scoreboard] Get packet from Monitor: Address: 03, Data: 00
# [Stimulus] Packet is sent to Driver
# [Driver] Data is sent to DUT
# [Monitor] Data is sent to Scoreboard
# [Base] Write finished! Write Random Data 6a at Address 02
# [Scoreboard] Get packet from Monitor: Address: 02, Data: 00
# [Stimulus] Packet is sent to Driver
#   1
# [Driver] Data is sent to DUT
# [Monitor] Data is sent to Scoreboard
# [base] Write finished! Write data 06 at Address 00
# [Scoreboard] Get packet from Monitor: Address: 00, Data: 00
# [Stimulus] Packet is sent to Driver
#   0
# [Driver] Data is sent to DUT
# [Monitor] Data is sent to Scoreboard
# [base] Write finished! Write data 03 at Address 00
# [Scoreboard] Get packet from Monitor: Address: 00, Data: 00
# 
# ===== t=241250000 PASSED SUCCESSFULLY !!! Expected timing is 530000, Actual timing is 539999 =====
# 
# [Stimulus] Packet is sent to Driver
# [Driver] Data is sent to DUT
# [Monitor] Data is sent to Scoreboard
# [base] Write finished! Write data 02 at Address 03
# [Scoreboard] Get packet from Monitor: Address: 03, Data: 00
# [Stimulus] Packet is sent to Driver
# [Driver] Data is sent to DUT
# [Monitor] Data is sent to Scoreboard
# [Base] Write finished! Write Random Data 9e at Address 02
# [Scoreboard] Get packet from Monitor: Address: 02, Data: 00
# [Stimulus] Packet is sent to Driver
#   1
# [Driver] Data is sent to DUT
# [Monitor] Data is sent to Scoreboard
# [base] Write finished! Write data 06 at Address 00
# [Scoreboard] Get packet from Monitor: Address: 00, Data: 00
# [Stimulus] Packet is sent to Driver
#   0
# [Driver] Data is sent to DUT
# [Monitor] Data is sent to Scoreboard
# [base] Write finished! Write data 03 at Address 00
# [Scoreboard] Get packet from Monitor: Address: 00, Data: 00
# 
# ===== t=242330000 PASSED SUCCESSFULLY !!! Expected timing is 790000, Actual timing is 799999 =====
# 
# [Stimulus] Packet is sent to Driver
# [Driver] Data is sent to DUT
# [Monitor] Data is sent to Scoreboard
# [base] Write finished! Write data 02 at Address 03
# [Scoreboard] Get packet from Monitor: Address: 03, Data: 00
# [Stimulus] Packet is sent to Driver
# [Driver] Data is sent to DUT
# [Monitor] Data is sent to Scoreboard
# [Base] Write finished! Write Random Data a3 at Address 02
# [Scoreboard] Get packet from Monitor: Address: 02, Data: 00
# [Stimulus] Packet is sent to Driver
#   1
# [Driver] Data is sent to DUT
# [Monitor] Data is sent to Scoreboard
# [base] Write finished! Write data 06 at Address 00
# [Scoreboard] Get packet from Monitor: Address: 00, Data: 00
# [Stimulus] Packet is sent to Driver
#   0
# [Driver] Data is sent to DUT
# [Monitor] Data is sent to Scoreboard
# [base] Write finished! Write data 03 at Address 00
# [Scoreboard] Get packet from Monitor: Address: 00, Data: 00
# 
# ===== t=243450000 PASSED SUCCESSFULLY !!! Expected timing is 815000, Actual timing is 839999 =====
# 
# [Stimulus] Packet is sent to Driver
# [Driver] Data is sent to DUT
# [Monitor] Data is sent to Scoreboard
# [base] Write finished! Write data 02 at Address 03
# [Scoreboard] Get packet from Monitor: Address: 03, Data: 00
# [Stimulus] Packet is sent to Driver
# [Driver] Data is sent to DUT
# [Monitor] Data is sent to Scoreboard
# [Base] Write finished! Write Random Data 4f at Address 02
# [Scoreboard] Get packet from Monitor: Address: 02, Data: 00
# [Stimulus] Packet is sent to Driver
#   1
# [Driver] Data is sent to DUT
# [Monitor] Data is sent to Scoreboard
# [base] Write finished! Write data 06 at Address 00
# [Scoreboard] Get packet from Monitor: Address: 00, Data: 00
# [Stimulus] Packet is sent to Driver
#   0
# [Driver] Data is sent to DUT
# [Monitor] Data is sent to Scoreboard
# [base] Write finished! Write data 03 at Address 00
# [Scoreboard] Get packet from Monitor: Address: 00, Data: 00
# 
# ===== t=244150000 PASSED SUCCESSFULLY !!! Expected timing is 395000, Actual timing is 419999 =====
# 
# [Stimulus] Packet is sent to Driver
# [Driver] Data is sent to DUT
# [Monitor] Data is sent to Scoreboard
# [base] Write finished! Write data 02 at Address 03
# [Scoreboard] Get packet from Monitor: Address: 03, Data: 00
# [Stimulus] Packet is sent to Driver
# [Driver] Data is sent to DUT
# [Monitor] Data is sent to Scoreboard
# [Base] Write finished! Write Random Data bc at Address 02
# [Scoreboard] Get packet from Monitor: Address: 02, Data: 00
# [Stimulus] Packet is sent to Driver
#   1
# [Driver] Data is sent to DUT
# [Monitor] Data is sent to Scoreboard
# [base] Write finished! Write data 06 at Address 00
# [Scoreboard] Get packet from Monitor: Address: 00, Data: 00
# [Stimulus] Packet is sent to Driver
#   0
# [Driver] Data is sent to DUT
# [Monitor] Data is sent to Scoreboard
# [base] Write finished! Write data 03 at Address 00
# [Scoreboard] Get packet from Monitor: Address: 00, Data: 00
# 
# ===== t=245390000 PASSED SUCCESSFULLY !!! Expected timing is 940000, Actual timing is 959999 =====
# 
# [Stimulus] Packet is sent to Driver
# [Driver] Data is sent to DUT
# [Monitor] Data is sent to Scoreboard
# [base] Write finished! Write data 02 at Address 03
# [Scoreboard] Get packet from Monitor: Address: 03, Data: 00
# [Stimulus] Packet is sent to Driver
# [Driver] Data is sent to DUT
# [Monitor] Data is sent to Scoreboard
# [Base] Write finished! Write Random Data d8 at Address 02
# [Scoreboard] Get packet from Monitor: Address: 02, Data: 00
# [Stimulus] Packet is sent to Driver
#   1
# [Driver] Data is sent to DUT
# [Monitor] Data is sent to Scoreboard
# [base] Write finished! Write data 06 at Address 00
# [Scoreboard] Get packet from Monitor: Address: 00, Data: 00
# [Stimulus] Packet is sent to Driver
#   0
# [Driver] Data is sent to DUT
# [Monitor] Data is sent to Scoreboard
# [base] Write finished! Write data 03 at Address 00
# [Scoreboard] Get packet from Monitor: Address: 00, Data: 00
# 
# ===== t=246770000 PASSED SUCCESSFULLY !!! Expected timing is 1080000, Actual timing is 1099999 =====
# 
# [Stimulus] Packet is sent to Driver
# [Driver] Data is sent to DUT
# [Monitor] Data is sent to Scoreboard
# [base] Write finished! Write data 02 at Address 03
# [Scoreboard] Get packet from Monitor: Address: 03, Data: 00
# [Stimulus] Packet is sent to Driver
# [Driver] Data is sent to DUT
# [Monitor] Data is sent to Scoreboard
# [Base] Write finished! Write Random Data e4 at Address 02
# [Scoreboard] Get packet from Monitor: Address: 02, Data: 00
# [Stimulus] Packet is sent to Driver
#   1
# [Driver] Data is sent to DUT
# [Monitor] Data is sent to Scoreboard
# [base] Write finished! Write data 06 at Address 00
# [Scoreboard] Get packet from Monitor: Address: 00, Data: 00
# [Stimulus] Packet is sent to Driver
#   0
# [Driver] Data is sent to DUT
# [Monitor] Data is sent to Scoreboard
# [base] Write finished! Write data 03 at Address 00
# [Scoreboard] Get packet from Monitor: Address: 00, Data: 00
# 
# ===== t=248210000 PASSED SUCCESSFULLY !!! Expected timing is 1140000, Actual timing is 1159999 =====
# 
# [Stimulus] Packet is sent to Driver
# [Driver] Data is sent to DUT
# [Monitor] Data is sent to Scoreboard
# [base] Write finished! Write data 02 at Address 03
# [Scoreboard] Get packet from Monitor: Address: 03, Data: 00
# [Stimulus] Packet is sent to Driver
# [Driver] Data is sent to DUT
# [Monitor] Data is sent to Scoreboard
# [Base] Write finished! Write Random Data 4f at Address 02
# [Scoreboard] Get packet from Monitor: Address: 02, Data: 00
# [Stimulus] Packet is sent to Driver
#   1
# [Driver] Data is sent to DUT
# [Monitor] Data is sent to Scoreboard
# [base] Write finished! Write data 06 at Address 00
# [Scoreboard] Get packet from Monitor: Address: 00, Data: 00
# [Stimulus] Packet is sent to Driver
#   0
# [Driver] Data is sent to DUT
# [Monitor] Data is sent to Scoreboard
# [base] Write finished! Write data 03 at Address 00
# [Scoreboard] Get packet from Monitor: Address: 00, Data: 00
# 
# ===== t=248910000 PASSED SUCCESSFULLY !!! Expected timing is 395000, Actual timing is 419999 =====
# 
# [Stimulus] Packet is sent to Driver
# [Driver] Data is sent to DUT
# [Monitor] Data is sent to Scoreboard
# [base] Write finished! Write data 02 at Address 03
# [Scoreboard] Get packet from Monitor: Address: 03, Data: 00
# [Stimulus] Packet is sent to Driver
# [Driver] Data is sent to DUT
# [Monitor] Data is sent to Scoreboard
# [Base] Write finished! Write Random Data 1a at Address 02
# [Scoreboard] Get packet from Monitor: Address: 02, Data: 00
# [Stimulus] Packet is sent to Driver
#   1
# [Driver] Data is sent to DUT
# [Monitor] Data is sent to Scoreboard
# [base] Write finished! Write data 06 at Address 00
# [Scoreboard] Get packet from Monitor: Address: 00, Data: 00
# [Stimulus] Packet is sent to Driver
#   0
# [Driver] Data is sent to DUT
# [Monitor] Data is sent to Scoreboard
# [base] Write finished! Write data 03 at Address 00
# [Scoreboard] Get packet from Monitor: Address: 00, Data: 00
# 
# ===== t=249330000 PASSED SUCCESSFULLY !!! Expected timing is 130000, Actual timing is 139999 =====
# 
# [Stimulus] Packet is sent to Driver
# [Driver] Data is sent to DUT
# [Monitor] Data is sent to Scoreboard
# [base] Write finished! Write data 02 at Address 03
# [Scoreboard] Get packet from Monitor: Address: 03, Data: 00
# [Stimulus] Packet is sent to Driver
# [Driver] Data is sent to DUT
# [Monitor] Data is sent to Scoreboard
# [Base] Write finished! Write Random Data fb at Address 02
# [Scoreboard] Get packet from Monitor: Address: 02, Data: 00
# [Stimulus] Packet is sent to Driver
#   1
# [Driver] Data is sent to DUT
# [Monitor] Data is sent to Scoreboard
# [base] Write finished! Write data 06 at Address 00
# [Scoreboard] Get packet from Monitor: Address: 00, Data: 00
# [Stimulus] Packet is sent to Driver
#   0
# [Driver] Data is sent to DUT
# [Monitor] Data is sent to Scoreboard
# [base] Write finished! Write data 03 at Address 00
# [Scoreboard] Get packet from Monitor: Address: 00, Data: 00
# 
# ===== t=250890000 PASSED SUCCESSFULLY !!! Expected timing is 1255000, Actual timing is 1279999 =====
# 
# [Stimulus] Packet is sent to Driver
# [Driver] Data is sent to DUT
# [Monitor] Data is sent to Scoreboard
# [base] Write finished! Write data 02 at Address 03
# [Scoreboard] Get packet from Monitor: Address: 03, Data: 00
# [Stimulus] Packet is sent to Driver
# [Driver] Data is sent to DUT
# [Monitor] Data is sent to Scoreboard
# [Base] Write finished! Write Random Data 2b at Address 02
# [Scoreboard] Get packet from Monitor: Address: 02, Data: 00
# [Stimulus] Packet is sent to Driver
#   1
# [Driver] Data is sent to DUT
# [Monitor] Data is sent to Scoreboard
# [base] Write finished! Write data 06 at Address 00
# [Scoreboard] Get packet from Monitor: Address: 00, Data: 00
# [Stimulus] Packet is sent to Driver
#   0
# [Driver] Data is sent to DUT
# [Monitor] Data is sent to Scoreboard
# [base] Write finished! Write data 03 at Address 00
# [Scoreboard] Get packet from Monitor: Address: 00, Data: 00
# 
# ===== t=251410000 PASSED SUCCESSFULLY !!! Expected timing is 215000, Actual timing is 239999 =====
# 
# [Stimulus] Packet is sent to Driver
# [Driver] Data is sent to DUT
# [Monitor] Data is sent to Scoreboard
# [base] Write finished! Write data 02 at Address 03
# [Scoreboard] Get packet from Monitor: Address: 03, Data: 00
# [Stimulus] Packet is sent to Driver
# [Driver] Data is sent to DUT
# [Monitor] Data is sent to Scoreboard
# [Base] Write finished! Write Random Data fe at Address 02
# [Scoreboard] Get packet from Monitor: Address: 02, Data: 00
# [Stimulus] Packet is sent to Driver
#   1
# [Driver] Data is sent to DUT
# [Monitor] Data is sent to Scoreboard
# [base] Write finished! Write data 06 at Address 00
# [Scoreboard] Get packet from Monitor: Address: 00, Data: 00
# [Stimulus] Packet is sent to Driver
#   0
# [Driver] Data is sent to DUT
# [Monitor] Data is sent to Scoreboard
# [base] Write finished! Write data 03 at Address 00
# [Scoreboard] Get packet from Monitor: Address: 00, Data: 00
# 
# ===== t=252970000 PASSED SUCCESSFULLY !!! Expected timing is 1270000, Actual timing is 1279999 =====
# 
# [Stimulus] Packet is sent to Driver
# [Driver] Data is sent to DUT
# [Monitor] Data is sent to Scoreboard
# [base] Write finished! Write data 02 at Address 03
# [Scoreboard] Get packet from Monitor: Address: 03, Data: 00
# [Stimulus] Packet is sent to Driver
# [Driver] Data is sent to DUT
# [Monitor] Data is sent to Scoreboard
# [Base] Write finished! Write Random Data 38 at Address 02
# [Scoreboard] Get packet from Monitor: Address: 02, Data: 00
# [Stimulus] Packet is sent to Driver
#   1
# [Driver] Data is sent to DUT
# [Monitor] Data is sent to Scoreboard
# [base] Write finished! Write data 06 at Address 00
# [Scoreboard] Get packet from Monitor: Address: 00, Data: 00
# [Stimulus] Packet is sent to Driver
#   0
# [Driver] Data is sent to DUT
# [Monitor] Data is sent to Scoreboard
# [base] Write finished! Write data 03 at Address 00
# [Scoreboard] Get packet from Monitor: Address: 00, Data: 00
# 
# ===== t=253550000 PASSED SUCCESSFULLY !!! Expected timing is 280000, Actual timing is 299999 =====
# 
# [Stimulus] Packet is sent to Driver
# [Driver] Data is sent to DUT
# [Monitor] Data is sent to Scoreboard
# [base] Write finished! Write data 02 at Address 03
# [Scoreboard] Get packet from Monitor: Address: 03, Data: 00
# [Stimulus] Packet is sent to Driver
# [Driver] Data is sent to DUT
# [Monitor] Data is sent to Scoreboard
# [Base] Write finished! Write Random Data af at Address 02
# [Scoreboard] Get packet from Monitor: Address: 02, Data: 00
# [Stimulus] Packet is sent to Driver
#   1
# [Driver] Data is sent to DUT
# [Monitor] Data is sent to Scoreboard
# [base] Write finished! Write data 06 at Address 00
# [Scoreboard] Get packet from Monitor: Address: 00, Data: 00
# [Stimulus] Packet is sent to Driver
#   0
# [Driver] Data is sent to DUT
# [Monitor] Data is sent to Scoreboard
# [base] Write finished! Write data 03 at Address 00
# [Scoreboard] Get packet from Monitor: Address: 00, Data: 00
# 
# ===== t=254730000 PASSED SUCCESSFULLY !!! Expected timing is 875000, Actual timing is 899999 =====
# 
# [Stimulus] Packet is sent to Driver
# [Driver] Data is sent to DUT
# [Monitor] Data is sent to Scoreboard
# [base] Write finished! Write data 02 at Address 03
# [Scoreboard] Get packet from Monitor: Address: 03, Data: 00
# [Stimulus] Packet is sent to Driver
# [Driver] Data is sent to DUT
# [Monitor] Data is sent to Scoreboard
# [Base] Write finished! Write Random Data 35 at Address 02
# [Scoreboard] Get packet from Monitor: Address: 02, Data: 00
# [Stimulus] Packet is sent to Driver
#   1
# [Driver] Data is sent to DUT
# [Monitor] Data is sent to Scoreboard
# [base] Write finished! Write data 06 at Address 00
# [Scoreboard] Get packet from Monitor: Address: 00, Data: 00
# [Stimulus] Packet is sent to Driver
#   0
# [Driver] Data is sent to DUT
# [Monitor] Data is sent to Scoreboard
# [base] Write finished! Write data 03 at Address 00
# [Scoreboard] Get packet from Monitor: Address: 00, Data: 00
# 
# ===== t=255290000 PASSED SUCCESSFULLY !!! Expected timing is 265000, Actual timing is 279999 =====
# 
# [Stimulus] Packet is sent to Driver
# [Driver] Data is sent to DUT
# [Monitor] Data is sent to Scoreboard
# [base] Write finished! Write data 02 at Address 03
# [Scoreboard] Get packet from Monitor: Address: 03, Data: 00
# [Stimulus] Packet is sent to Driver
# [Driver] Data is sent to DUT
# [Monitor] Data is sent to Scoreboard
# [Base] Write finished! Write Random Data 87 at Address 02
# [Scoreboard] Get packet from Monitor: Address: 02, Data: 00
# [Stimulus] Packet is sent to Driver
#   1
# [Driver] Data is sent to DUT
# [Monitor] Data is sent to Scoreboard
# [base] Write finished! Write data 06 at Address 00
# [Scoreboard] Get packet from Monitor: Address: 00, Data: 00
# [Stimulus] Packet is sent to Driver
#   0
# [Driver] Data is sent to DUT
# [Monitor] Data is sent to Scoreboard
# [base] Write finished! Write data 03 at Address 00
# [Scoreboard] Get packet from Monitor: Address: 00, Data: 00
# 
# ===== t=256270000 PASSED SUCCESSFULLY !!! Expected timing is 675000, Actual timing is 699999 =====
# 
# [Stimulus] Packet is sent to Driver
# [Driver] Data is sent to DUT
# [Monitor] Data is sent to Scoreboard
# [base] Write finished! Write data 02 at Address 03
# [Scoreboard] Get packet from Monitor: Address: 03, Data: 00
# [Stimulus] Packet is sent to Driver
# [Driver] Data is sent to DUT
# [Monitor] Data is sent to Scoreboard
# [Base] Write finished! Write Random Data 0f at Address 02
# [Scoreboard] Get packet from Monitor: Address: 02, Data: 00
# [Stimulus] Packet is sent to Driver
#   1
# [Driver] Data is sent to DUT
# [Monitor] Data is sent to Scoreboard
# [base] Write finished! Write data 06 at Address 00
# [Scoreboard] Get packet from Monitor: Address: 00, Data: 00
# [Stimulus] Packet is sent to Driver
#   0
# [Driver] Data is sent to DUT
# [Monitor] Data is sent to Scoreboard
# [base] Write finished! Write data 03 at Address 00
# [Scoreboard] Get packet from Monitor: Address: 00, Data: 00
# 
# ===== t=256650000 PASSED SUCCESSFULLY !!! Expected timing is 75000, Actual timing is 99999 =====
# 
# [Stimulus] Packet is sent to Driver
# [Driver] Data is sent to DUT
# [Monitor] Data is sent to Scoreboard
# [base] Write finished! Write data 02 at Address 03
# [Scoreboard] Get packet from Monitor: Address: 03, Data: 00
# [Stimulus] Packet is sent to Driver
# [Driver] Data is sent to DUT
# [Monitor] Data is sent to Scoreboard
# [Base] Write finished! Write Random Data 58 at Address 02
# [Scoreboard] Get packet from Monitor: Address: 02, Data: 00
# [Stimulus] Packet is sent to Driver
#   1
# [Driver] Data is sent to DUT
# [Monitor] Data is sent to Scoreboard
# [base] Write finished! Write data 06 at Address 00
# [Scoreboard] Get packet from Monitor: Address: 00, Data: 00
# [Stimulus] Packet is sent to Driver
#   0
# [Driver] Data is sent to DUT
# [Monitor] Data is sent to Scoreboard
# [base] Write finished! Write data 03 at Address 00
# [Scoreboard] Get packet from Monitor: Address: 00, Data: 00
# 
# ===== t=257390000 PASSED SUCCESSFULLY !!! Expected timing is 440000, Actual timing is 459999 =====
# 
# [Stimulus] Packet is sent to Driver
# [Driver] Data is sent to DUT
# [Monitor] Data is sent to Scoreboard
# [base] Write finished! Write data 02 at Address 03
# [Scoreboard] Get packet from Monitor: Address: 03, Data: 00
# [Stimulus] Packet is sent to Driver
# [Driver] Data is sent to DUT
# [Monitor] Data is sent to Scoreboard
# [Base] Write finished! Write Random Data 35 at Address 02
# [Scoreboard] Get packet from Monitor: Address: 02, Data: 00
# [Stimulus] Packet is sent to Driver
#   1
# [Driver] Data is sent to DUT
# [Monitor] Data is sent to Scoreboard
# [base] Write finished! Write data 06 at Address 00
# [Scoreboard] Get packet from Monitor: Address: 00, Data: 00
# [Stimulus] Packet is sent to Driver
#   0
# [Driver] Data is sent to DUT
# [Monitor] Data is sent to Scoreboard
# [base] Write finished! Write data 03 at Address 00
# [Scoreboard] Get packet from Monitor: Address: 00, Data: 00
# 
# ===== t=257950000 PASSED SUCCESSFULLY !!! Expected timing is 265000, Actual timing is 279999 =====
# 
# [Stimulus] Packet is sent to Driver
# [Driver] Data is sent to DUT
# [Monitor] Data is sent to Scoreboard
# [base] Write finished! Write data 02 at Address 03
# [Scoreboard] Get packet from Monitor: Address: 03, Data: 00
# [Stimulus] Packet is sent to Driver
# [Driver] Data is sent to DUT
# [Monitor] Data is sent to Scoreboard
# [Base] Write finished! Write Random Data dd at Address 02
# [Scoreboard] Get packet from Monitor: Address: 02, Data: 00
# [Stimulus] Packet is sent to Driver
#   1
# [Driver] Data is sent to DUT
# [Monitor] Data is sent to Scoreboard
# [base] Write finished! Write data 06 at Address 00
# [Scoreboard] Get packet from Monitor: Address: 00, Data: 00
# [Stimulus] Packet is sent to Driver
#   0
# [Driver] Data is sent to DUT
# [Monitor] Data is sent to Scoreboard
# [base] Write finished! Write data 03 at Address 00
# [Scoreboard] Get packet from Monitor: Address: 00, Data: 00
# 
# ===== t=259350000 PASSED SUCCESSFULLY !!! Expected timing is 1105000, Actual timing is 1119999 =====
# 
# [Stimulus] Packet is sent to Driver
# [Driver] Data is sent to DUT
# [Monitor] Data is sent to Scoreboard
# [base] Write finished! Write data 02 at Address 03
# [Scoreboard] Get packet from Monitor: Address: 03, Data: 00
# [Stimulus] Packet is sent to Driver
# [Driver] Data is sent to DUT
# [Monitor] Data is sent to Scoreboard
# [Base] Write finished! Write Random Data df at Address 02
# [Scoreboard] Get packet from Monitor: Address: 02, Data: 00
# [Stimulus] Packet is sent to Driver
#   1
# [Driver] Data is sent to DUT
# [Monitor] Data is sent to Scoreboard
# [base] Write finished! Write data 06 at Address 00
# [Scoreboard] Get packet from Monitor: Address: 00, Data: 00
# [Stimulus] Packet is sent to Driver
#   0
# [Driver] Data is sent to DUT
# [Monitor] Data is sent to Scoreboard
# [base] Write finished! Write data 03 at Address 00
# [Scoreboard] Get packet from Monitor: Address: 00, Data: 00
# 
# ===== t=260770000 PASSED SUCCESSFULLY !!! Expected timing is 1115000, Actual timing is 1139999 =====
# 
# [Stimulus] Packet is sent to Driver
# [Driver] Data is sent to DUT
# [Monitor] Data is sent to Scoreboard
# [base] Write finished! Write data 02 at Address 03
# [Scoreboard] Get packet from Monitor: Address: 03, Data: 00
# [Stimulus] Packet is sent to Driver
# [Driver] Data is sent to DUT
# [Monitor] Data is sent to Scoreboard
# [Base] Write finished! Write Random Data dc at Address 02
# [Scoreboard] Get packet from Monitor: Address: 02, Data: 00
# [Stimulus] Packet is sent to Driver
#   1
# [Driver] Data is sent to DUT
# [Monitor] Data is sent to Scoreboard
# [base] Write finished! Write data 06 at Address 00
# [Scoreboard] Get packet from Monitor: Address: 00, Data: 00
# [Stimulus] Packet is sent to Driver
#   0
# [Driver] Data is sent to DUT
# [Monitor] Data is sent to Scoreboard
# [base] Write finished! Write data 03 at Address 00
# [Scoreboard] Get packet from Monitor: Address: 00, Data: 00
# 
# ===== t=262170000 PASSED SUCCESSFULLY !!! Expected timing is 1100000, Actual timing is 1119999 =====
# 
# [Stimulus] Packet is sent to Driver
# [Driver] Data is sent to DUT
# [Monitor] Data is sent to Scoreboard
# [base] Write finished! Write data 02 at Address 03
# [Scoreboard] Get packet from Monitor: Address: 03, Data: 00
# [Stimulus] Packet is sent to Driver
# [Driver] Data is sent to DUT
# [Monitor] Data is sent to Scoreboard
# [Base] Write finished! Write Random Data 3e at Address 02
# [Scoreboard] Get packet from Monitor: Address: 02, Data: 00
# [Stimulus] Packet is sent to Driver
#   1
# [Driver] Data is sent to DUT
# [Monitor] Data is sent to Scoreboard
# [base] Write finished! Write data 06 at Address 00
# [Scoreboard] Get packet from Monitor: Address: 00, Data: 00
# [Stimulus] Packet is sent to Driver
#   0
# [Driver] Data is sent to DUT
# [Monitor] Data is sent to Scoreboard
# [base] Write finished! Write data 03 at Address 00
# [Scoreboard] Get packet from Monitor: Address: 00, Data: 00
# 
# ===== t=262770000 PASSED SUCCESSFULLY !!! Expected timing is 310000, Actual timing is 319999 =====
# 
# [Stimulus] Packet is sent to Driver
# [Driver] Data is sent to DUT
# [Monitor] Data is sent to Scoreboard
# [base] Write finished! Write data 02 at Address 03
# [Scoreboard] Get packet from Monitor: Address: 03, Data: 00
# [Stimulus] Packet is sent to Driver
# [Driver] Data is sent to DUT
# [Monitor] Data is sent to Scoreboard
# [Base] Write finished! Write Random Data d1 at Address 02
# [Scoreboard] Get packet from Monitor: Address: 02, Data: 00
# [Stimulus] Packet is sent to Driver
#   1
# [Driver] Data is sent to DUT
# [Monitor] Data is sent to Scoreboard
# [base] Write finished! Write data 06 at Address 00
# [Scoreboard] Get packet from Monitor: Address: 00, Data: 00
# [Stimulus] Packet is sent to Driver
#   0
# [Driver] Data is sent to DUT
# [Monitor] Data is sent to Scoreboard
# [base] Write finished! Write data 03 at Address 00
# [Scoreboard] Get packet from Monitor: Address: 00, Data: 00
# 
# ===== t=264110000 PASSED SUCCESSFULLY !!! Expected timing is 1045000, Actual timing is 1059999 =====
# 
# [Stimulus] Packet is sent to Driver
# [Driver] Data is sent to DUT
# [Monitor] Data is sent to Scoreboard
# [base] Write finished! Write data 02 at Address 03
# [Scoreboard] Get packet from Monitor: Address: 03, Data: 00
# [Stimulus] Packet is sent to Driver
# [Driver] Data is sent to DUT
# [Monitor] Data is sent to Scoreboard
# [Base] Write finished! Write Random Data f4 at Address 02
# [Scoreboard] Get packet from Monitor: Address: 02, Data: 00
# [Stimulus] Packet is sent to Driver
#   1
# [Driver] Data is sent to DUT
# [Monitor] Data is sent to Scoreboard
# [base] Write finished! Write data 06 at Address 00
# [Scoreboard] Get packet from Monitor: Address: 00, Data: 00
# [Stimulus] Packet is sent to Driver
#   0
# [Driver] Data is sent to DUT
# [Monitor] Data is sent to Scoreboard
# [base] Write finished! Write data 03 at Address 00
# [Scoreboard] Get packet from Monitor: Address: 00, Data: 00
# 
# ===== t=265630000 PASSED SUCCESSFULLY !!! Expected timing is 1220000, Actual timing is 1239999 =====
# 
# [Stimulus] Packet is sent to Driver
# [Driver] Data is sent to DUT
# [Monitor] Data is sent to Scoreboard
# [base] Write finished! Write data 02 at Address 03
# [Scoreboard] Get packet from Monitor: Address: 03, Data: 00
# [Stimulus] Packet is sent to Driver
# [Driver] Data is sent to DUT
# [Monitor] Data is sent to Scoreboard
# [Base] Write finished! Write Random Data 7f at Address 02
# [Scoreboard] Get packet from Monitor: Address: 02, Data: 00
# [Stimulus] Packet is sent to Driver
#   1
# [Driver] Data is sent to DUT
# [Monitor] Data is sent to Scoreboard
# [base] Write finished! Write data 06 at Address 00
# [Scoreboard] Get packet from Monitor: Address: 00, Data: 00
# [Stimulus] Packet is sent to Driver
#   0
# [Driver] Data is sent to DUT
# [Monitor] Data is sent to Scoreboard
# [base] Write finished! Write data 03 at Address 00
# [Scoreboard] Get packet from Monitor: Address: 00, Data: 00
# 
# ===== t=266570000 PASSED SUCCESSFULLY !!! Expected timing is 635000, Actual timing is 659999 =====
# 
# [Stimulus] Packet is sent to Driver
# [Driver] Data is sent to DUT
# [Monitor] Data is sent to Scoreboard
# [base] Write finished! Write data 02 at Address 03
# [Scoreboard] Get packet from Monitor: Address: 03, Data: 00
# [Stimulus] Packet is sent to Driver
# [Driver] Data is sent to DUT
# [Monitor] Data is sent to Scoreboard
# [Base] Write finished! Write Random Data ec at Address 02
# [Scoreboard] Get packet from Monitor: Address: 02, Data: 00
# [Stimulus] Packet is sent to Driver
#   1
# [Driver] Data is sent to DUT
# [Monitor] Data is sent to Scoreboard
# [base] Write finished! Write data 06 at Address 00
# [Scoreboard] Get packet from Monitor: Address: 00, Data: 00
# [Stimulus] Packet is sent to Driver
#   0
# [Driver] Data is sent to DUT
# [Monitor] Data is sent to Scoreboard
# [base] Write finished! Write data 03 at Address 00
# [Scoreboard] Get packet from Monitor: Address: 00, Data: 00
# 
# ===== t=268050000 PASSED SUCCESSFULLY !!! Expected timing is 1180000, Actual timing is 1199999 =====
# 
# [Stimulus] Packet is sent to Driver
# [Driver] Data is sent to DUT
# [Monitor] Data is sent to Scoreboard
# [base] Write finished! Write data 02 at Address 03
# [Scoreboard] Get packet from Monitor: Address: 03, Data: 00
# [Stimulus] Packet is sent to Driver
# [Driver] Data is sent to DUT
# [Monitor] Data is sent to Scoreboard
# [Base] Write finished! Write Random Data 49 at Address 02
# [Scoreboard] Get packet from Monitor: Address: 02, Data: 00
# [Stimulus] Packet is sent to Driver
#   1
# [Driver] Data is sent to DUT
# [Monitor] Data is sent to Scoreboard
# [base] Write finished! Write data 06 at Address 00
# [Scoreboard] Get packet from Monitor: Address: 00, Data: 00
# [Stimulus] Packet is sent to Driver
#   0
# [Driver] Data is sent to DUT
# [Monitor] Data is sent to Scoreboard
# [base] Write finished! Write data 03 at Address 00
# [Scoreboard] Get packet from Monitor: Address: 00, Data: 00
# 
# ===== t=268710000 PASSED SUCCESSFULLY !!! Expected timing is 365000, Actual timing is 379999 =====
# 
# [Stimulus] Packet is sent to Driver
# [Driver] Data is sent to DUT
# [Monitor] Data is sent to Scoreboard
# [base] Write finished! Write data 02 at Address 03
# [Scoreboard] Get packet from Monitor: Address: 03, Data: 00
# [Stimulus] Packet is sent to Driver
# [Driver] Data is sent to DUT
# [Monitor] Data is sent to Scoreboard
# [Base] Write finished! Write Random Data a4 at Address 02
# [Scoreboard] Get packet from Monitor: Address: 02, Data: 00
# [Stimulus] Packet is sent to Driver
#   1
# [Driver] Data is sent to DUT
# [Monitor] Data is sent to Scoreboard
# [base] Write finished! Write data 06 at Address 00
# [Scoreboard] Get packet from Monitor: Address: 00, Data: 00
# [Stimulus] Packet is sent to Driver
#   0
# [Driver] Data is sent to DUT
# [Monitor] Data is sent to Scoreboard
# [base] Write finished! Write data 03 at Address 00
# [Scoreboard] Get packet from Monitor: Address: 00, Data: 00
# 
# ===== t=269830000 PASSED SUCCESSFULLY !!! Expected timing is 820000, Actual timing is 839999 =====
# 
# [Stimulus] Packet is sent to Driver
# [Driver] Data is sent to DUT
# [Monitor] Data is sent to Scoreboard
# [base] Write finished! Write data 02 at Address 03
# [Scoreboard] Get packet from Monitor: Address: 03, Data: 00
# [Stimulus] Packet is sent to Driver
# [Driver] Data is sent to DUT
# [Monitor] Data is sent to Scoreboard
# [Base] Write finished! Write Random Data b2 at Address 02
# [Scoreboard] Get packet from Monitor: Address: 02, Data: 00
# [Stimulus] Packet is sent to Driver
#   1
# [Driver] Data is sent to DUT
# [Monitor] Data is sent to Scoreboard
# [base] Write finished! Write data 06 at Address 00
# [Scoreboard] Get packet from Monitor: Address: 00, Data: 00
# [Stimulus] Packet is sent to Driver
#   0
# [Driver] Data is sent to DUT
# [Monitor] Data is sent to Scoreboard
# [base] Write finished! Write data 03 at Address 00
# [Scoreboard] Get packet from Monitor: Address: 00, Data: 00
# 
# ===== t=271010000 PASSED SUCCESSFULLY !!! Expected timing is 890000, Actual timing is 899999 =====
# 
# [Stimulus] Packet is sent to Driver
# [Driver] Data is sent to DUT
# [Monitor] Data is sent to Scoreboard
# [base] Write finished! Write data 02 at Address 03
# [Scoreboard] Get packet from Monitor: Address: 03, Data: 00
# [Stimulus] Packet is sent to Driver
# [Driver] Data is sent to DUT
# [Monitor] Data is sent to Scoreboard
# [Base] Write finished! Write Random Data 63 at Address 02
# [Scoreboard] Get packet from Monitor: Address: 02, Data: 00
# [Stimulus] Packet is sent to Driver
#   1
# [Driver] Data is sent to DUT
# [Monitor] Data is sent to Scoreboard
# [base] Write finished! Write data 06 at Address 00
# [Scoreboard] Get packet from Monitor: Address: 00, Data: 00
# [Stimulus] Packet is sent to Driver
#   0
# [Driver] Data is sent to DUT
# [Monitor] Data is sent to Scoreboard
# [base] Write finished! Write data 03 at Address 00
# [Scoreboard] Get packet from Monitor: Address: 00, Data: 00
# 
# ===== t=271810000 PASSED SUCCESSFULLY !!! Expected timing is 495000, Actual timing is 519999 =====
# 
# [Stimulus] Packet is sent to Driver
# [Driver] Data is sent to DUT
# [Monitor] Data is sent to Scoreboard
# [base] Write finished! Write data 02 at Address 03
# [Scoreboard] Get packet from Monitor: Address: 03, Data: 00
# [Stimulus] Packet is sent to Driver
# [Driver] Data is sent to DUT
# [Monitor] Data is sent to Scoreboard
# [Base] Write finished! Write Random Data 11 at Address 02
# [Scoreboard] Get packet from Monitor: Address: 02, Data: 00
# [Stimulus] Packet is sent to Driver
#   1
# [Driver] Data is sent to DUT
# [Monitor] Data is sent to Scoreboard
# [base] Write finished! Write data 06 at Address 00
# [Scoreboard] Get packet from Monitor: Address: 00, Data: 00
# [Stimulus] Packet is sent to Driver
#   0
# [Driver] Data is sent to DUT
# [Monitor] Data is sent to Scoreboard
# [base] Write finished! Write data 03 at Address 00
# [Scoreboard] Get packet from Monitor: Address: 00, Data: 00
# 
# ===== t=272190000 PASSED SUCCESSFULLY !!! Expected timing is 85000, Actual timing is 99999 =====
# 
# [Stimulus] Packet is sent to Driver
# [Driver] Data is sent to DUT
# [Monitor] Data is sent to Scoreboard
# [base] Write finished! Write data 02 at Address 03
# [Scoreboard] Get packet from Monitor: Address: 03, Data: 00
# [Stimulus] Packet is sent to Driver
# [Driver] Data is sent to DUT
# [Monitor] Data is sent to Scoreboard
# [Base] Write finished! Write Random Data dc at Address 02
# [Scoreboard] Get packet from Monitor: Address: 02, Data: 00
# [Stimulus] Packet is sent to Driver
#   1
# [Driver] Data is sent to DUT
# [Monitor] Data is sent to Scoreboard
# [base] Write finished! Write data 06 at Address 00
# [Scoreboard] Get packet from Monitor: Address: 00, Data: 00
# [Stimulus] Packet is sent to Driver
#   0
# [Driver] Data is sent to DUT
# [Monitor] Data is sent to Scoreboard
# [base] Write finished! Write data 03 at Address 00
# [Scoreboard] Get packet from Monitor: Address: 00, Data: 00
# 
# ===== t=273590000 PASSED SUCCESSFULLY !!! Expected timing is 1100000, Actual timing is 1119999 =====
# 
# [Stimulus] Packet is sent to Driver
# [Driver] Data is sent to DUT
# [Monitor] Data is sent to Scoreboard
# [base] Write finished! Write data 02 at Address 03
# [Scoreboard] Get packet from Monitor: Address: 03, Data: 00
# [Stimulus] Packet is sent to Driver
# [Driver] Data is sent to DUT
# [Monitor] Data is sent to Scoreboard
# [Base] Write finished! Write Random Data 3b at Address 02
# [Scoreboard] Get packet from Monitor: Address: 02, Data: 00
# [Stimulus] Packet is sent to Driver
#   1
# [Driver] Data is sent to DUT
# [Monitor] Data is sent to Scoreboard
# [base] Write finished! Write data 06 at Address 00
# [Scoreboard] Get packet from Monitor: Address: 00, Data: 00
# [Stimulus] Packet is sent to Driver
#   0
# [Driver] Data is sent to DUT
# [Monitor] Data is sent to Scoreboard
# [base] Write finished! Write data 03 at Address 00
# [Scoreboard] Get packet from Monitor: Address: 00, Data: 00
# 
# ===== t=274190000 PASSED SUCCESSFULLY !!! Expected timing is 295000, Actual timing is 319999 =====
# 
# [Stimulus] Packet is sent to Driver
# [Driver] Data is sent to DUT
# [Monitor] Data is sent to Scoreboard
# [base] Write finished! Write data 02 at Address 03
# [Scoreboard] Get packet from Monitor: Address: 03, Data: 00
# [Stimulus] Packet is sent to Driver
# [Driver] Data is sent to DUT
# [Monitor] Data is sent to Scoreboard
# [Base] Write finished! Write Random Data 96 at Address 02
# [Scoreboard] Get packet from Monitor: Address: 02, Data: 00
# [Stimulus] Packet is sent to Driver
#   1
# [Driver] Data is sent to DUT
# [Monitor] Data is sent to Scoreboard
# [base] Write finished! Write data 06 at Address 00
# [Scoreboard] Get packet from Monitor: Address: 00, Data: 00
# [Stimulus] Packet is sent to Driver
#   0
# [Driver] Data is sent to DUT
# [Monitor] Data is sent to Scoreboard
# [base] Write finished! Write data 03 at Address 00
# [Scoreboard] Get packet from Monitor: Address: 00, Data: 00
# 
# ===== t=275230000 PASSED SUCCESSFULLY !!! Expected timing is 750000, Actual timing is 759999 =====
# 
# [Stimulus] Packet is sent to Driver
# [Driver] Data is sent to DUT
# [Monitor] Data is sent to Scoreboard
# [base] Write finished! Write data 02 at Address 03
# [Scoreboard] Get packet from Monitor: Address: 03, Data: 00
# [Stimulus] Packet is sent to Driver
# [Driver] Data is sent to DUT
# [Monitor] Data is sent to Scoreboard
# [Base] Write finished! Write Random Data 4d at Address 02
# [Scoreboard] Get packet from Monitor: Address: 02, Data: 00
# [Stimulus] Packet is sent to Driver
#   1
# [Driver] Data is sent to DUT
# [Monitor] Data is sent to Scoreboard
# [base] Write finished! Write data 06 at Address 00
# [Scoreboard] Get packet from Monitor: Address: 00, Data: 00
# [Stimulus] Packet is sent to Driver
#   0
# [Driver] Data is sent to DUT
# [Monitor] Data is sent to Scoreboard
# [base] Write finished! Write data 03 at Address 00
# [Scoreboard] Get packet from Monitor: Address: 00, Data: 00
# 
# ===== t=275910000 PASSED SUCCESSFULLY !!! Expected timing is 385000, Actual timing is 399999 =====
# 
# [Stimulus] Packet is sent to Driver
# [Driver] Data is sent to DUT
# [Monitor] Data is sent to Scoreboard
# [base] Write finished! Write data 02 at Address 03
# [Scoreboard] Get packet from Monitor: Address: 03, Data: 00
# [Stimulus] Packet is sent to Driver
# [Driver] Data is sent to DUT
# [Monitor] Data is sent to Scoreboard
# [Base] Write finished! Write Random Data 91 at Address 02
# [Scoreboard] Get packet from Monitor: Address: 02, Data: 00
# [Stimulus] Packet is sent to Driver
#   1
# [Driver] Data is sent to DUT
# [Monitor] Data is sent to Scoreboard
# [base] Write finished! Write data 06 at Address 00
# [Scoreboard] Get packet from Monitor: Address: 00, Data: 00
# [Stimulus] Packet is sent to Driver
#   0
# [Driver] Data is sent to DUT
# [Monitor] Data is sent to Scoreboard
# [base] Write finished! Write data 03 at Address 00
# [Scoreboard] Get packet from Monitor: Address: 00, Data: 00
# 
# ===== t=276930000 PASSED SUCCESSFULLY !!! Expected timing is 725000, Actual timing is 739999 =====
# 
# [Stimulus] Packet is sent to Driver
# [Driver] Data is sent to DUT
# [Monitor] Data is sent to Scoreboard
# [base] Write finished! Write data 02 at Address 03
# [Scoreboard] Get packet from Monitor: Address: 03, Data: 00
# [Stimulus] Packet is sent to Driver
# [Driver] Data is sent to DUT
# [Monitor] Data is sent to Scoreboard
# [Base] Write finished! Write Random Data 1e at Address 02
# [Scoreboard] Get packet from Monitor: Address: 02, Data: 00
# [Stimulus] Packet is sent to Driver
#   1
# [Driver] Data is sent to DUT
# [Monitor] Data is sent to Scoreboard
# [base] Write finished! Write data 06 at Address 00
# [Scoreboard] Get packet from Monitor: Address: 00, Data: 00
# [Stimulus] Packet is sent to Driver
#   0
# [Driver] Data is sent to DUT
# [Monitor] Data is sent to Scoreboard
# [base] Write finished! Write data 03 at Address 00
# [Scoreboard] Get packet from Monitor: Address: 00, Data: 00
# 
# ===== t=277370000 PASSED SUCCESSFULLY !!! Expected timing is 150000, Actual timing is 159999 =====
# 
# [Stimulus] Packet is sent to Driver
# [Driver] Data is sent to DUT
# [Monitor] Data is sent to Scoreboard
# [base] Write finished! Write data 02 at Address 03
# [Scoreboard] Get packet from Monitor: Address: 03, Data: 00
# [Stimulus] Packet is sent to Driver
# [Driver] Data is sent to DUT
# [Monitor] Data is sent to Scoreboard
# [Base] Write finished! Write Random Data 61 at Address 02
# [Scoreboard] Get packet from Monitor: Address: 02, Data: 00
# [Stimulus] Packet is sent to Driver
#   1
# [Driver] Data is sent to DUT
# [Monitor] Data is sent to Scoreboard
# [base] Write finished! Write data 06 at Address 00
# [Scoreboard] Get packet from Monitor: Address: 00, Data: 00
# [Stimulus] Packet is sent to Driver
#   0
# [Driver] Data is sent to DUT
# [Monitor] Data is sent to Scoreboard
# [base] Write finished! Write data 03 at Address 00
# [Scoreboard] Get packet from Monitor: Address: 00, Data: 00
# 
# ===== t=278150000 PASSED SUCCESSFULLY !!! Expected timing is 485000, Actual timing is 499999 =====
# 
# [Stimulus] Packet is sent to Driver
# [Driver] Data is sent to DUT
# [Monitor] Data is sent to Scoreboard
# [base] Write finished! Write data 02 at Address 03
# [Scoreboard] Get packet from Monitor: Address: 03, Data: 00
# [Stimulus] Packet is sent to Driver
# [Driver] Data is sent to DUT
# [Monitor] Data is sent to Scoreboard
# [Base] Write finished! Write Random Data 16 at Address 02
# [Scoreboard] Get packet from Monitor: Address: 02, Data: 00
# [Stimulus] Packet is sent to Driver
#   1
# [Driver] Data is sent to DUT
# [Monitor] Data is sent to Scoreboard
# [base] Write finished! Write data 06 at Address 00
# [Scoreboard] Get packet from Monitor: Address: 00, Data: 00
# [Stimulus] Packet is sent to Driver
#   0
# [Driver] Data is sent to DUT
# [Monitor] Data is sent to Scoreboard
# [base] Write finished! Write data 03 at Address 00
# [Scoreboard] Get packet from Monitor: Address: 00, Data: 00
# 
# ===== t=278550000 PASSED SUCCESSFULLY !!! Expected timing is 110000, Actual timing is 119999 =====
# 
# [Stimulus] Packet is sent to Driver
# [Driver] Data is sent to DUT
# [Monitor] Data is sent to Scoreboard
# [base] Write finished! Write data 02 at Address 03
# [Scoreboard] Get packet from Monitor: Address: 03, Data: 00
# [Stimulus] Packet is sent to Driver
# [Driver] Data is sent to DUT
# [Monitor] Data is sent to Scoreboard
# [Base] Write finished! Write Random Data 2c at Address 02
# [Scoreboard] Get packet from Monitor: Address: 02, Data: 00
# [Stimulus] Packet is sent to Driver
#   1
# [Driver] Data is sent to DUT
# [Monitor] Data is sent to Scoreboard
# [base] Write finished! Write data 06 at Address 00
# [Scoreboard] Get packet from Monitor: Address: 00, Data: 00
# [Stimulus] Packet is sent to Driver
#   0
# [Driver] Data is sent to DUT
# [Monitor] Data is sent to Scoreboard
# [base] Write finished! Write data 03 at Address 00
# [Scoreboard] Get packet from Monitor: Address: 00, Data: 00
# 
# ===== t=279070000 PASSED SUCCESSFULLY !!! Expected timing is 220000, Actual timing is 239999 =====
# 
# [Stimulus] Packet is sent to Driver
# [Driver] Data is sent to DUT
# [Monitor] Data is sent to Scoreboard
# [base] Write finished! Write data 02 at Address 03
# [Scoreboard] Get packet from Monitor: Address: 03, Data: 00
# [Stimulus] Packet is sent to Driver
# [Driver] Data is sent to DUT
# [Monitor] Data is sent to Scoreboard
# [Base] Write finished! Write Random Data ea at Address 02
# [Scoreboard] Get packet from Monitor: Address: 02, Data: 00
# [Stimulus] Packet is sent to Driver
#   1
# [Driver] Data is sent to DUT
# [Monitor] Data is sent to Scoreboard
# [base] Write finished! Write data 06 at Address 00
# [Scoreboard] Get packet from Monitor: Address: 00, Data: 00
# [Stimulus] Packet is sent to Driver
#   0
# [Driver] Data is sent to DUT
# [Monitor] Data is sent to Scoreboard
# [base] Write finished! Write data 03 at Address 00
# [Scoreboard] Get packet from Monitor: Address: 00, Data: 00
# 
# ===== t=280530000 PASSED SUCCESSFULLY !!! Expected timing is 1170000, Actual timing is 1179999 =====
# 
# [Stimulus] Packet is sent to Driver
# [Driver] Data is sent to DUT
# [Monitor] Data is sent to Scoreboard
# [base] Write finished! Write data 02 at Address 03
# [Scoreboard] Get packet from Monitor: Address: 03, Data: 00
# [Stimulus] Packet is sent to Driver
# [Driver] Data is sent to DUT
# [Monitor] Data is sent to Scoreboard
# [Base] Write finished! Write Random Data 29 at Address 02
# [Scoreboard] Get packet from Monitor: Address: 02, Data: 00
# [Stimulus] Packet is sent to Driver
#   1
# [Driver] Data is sent to DUT
# [Monitor] Data is sent to Scoreboard
# [base] Write finished! Write data 06 at Address 00
# [Scoreboard] Get packet from Monitor: Address: 00, Data: 00
# [Stimulus] Packet is sent to Driver
#   0
# [Driver] Data is sent to DUT
# [Monitor] Data is sent to Scoreboard
# [base] Write finished! Write data 03 at Address 00
# [Scoreboard] Get packet from Monitor: Address: 00, Data: 00
# 
# ===== t=281030000 PASSED SUCCESSFULLY !!! Expected timing is 205000, Actual timing is 219999 =====
# 
# [Stimulus] Packet is sent to Driver
# [Driver] Data is sent to DUT
# [Monitor] Data is sent to Scoreboard
# [base] Write finished! Write data 02 at Address 03
# [Scoreboard] Get packet from Monitor: Address: 03, Data: 00
# [Stimulus] Packet is sent to Driver
# [Driver] Data is sent to DUT
# [Monitor] Data is sent to Scoreboard
# [Base] Write finished! Write Random Data c0 at Address 02
# [Scoreboard] Get packet from Monitor: Address: 02, Data: 00
# [Stimulus] Packet is sent to Driver
#   1
# [Driver] Data is sent to DUT
# [Monitor] Data is sent to Scoreboard
# [base] Write finished! Write data 06 at Address 00
# [Scoreboard] Get packet from Monitor: Address: 00, Data: 00
# [Stimulus] Packet is sent to Driver
#   0
# [Driver] Data is sent to DUT
# [Monitor] Data is sent to Scoreboard
# [base] Write finished! Write data 03 at Address 00
# [Scoreboard] Get packet from Monitor: Address: 00, Data: 00
# 
# ===== t=282290000 PASSED SUCCESSFULLY !!! Expected timing is 960000, Actual timing is 979999 =====
# 
# [Stimulus] Packet is sent to Driver
# [Driver] Data is sent to DUT
# [Monitor] Data is sent to Scoreboard
# [base] Write finished! Write data 02 at Address 03
# [Scoreboard] Get packet from Monitor: Address: 03, Data: 00
# [Stimulus] Packet is sent to Driver
# [Driver] Data is sent to DUT
# [Monitor] Data is sent to Scoreboard
# [Base] Write finished! Write Random Data 1d at Address 02
# [Scoreboard] Get packet from Monitor: Address: 02, Data: 00
# [Stimulus] Packet is sent to Driver
#   1
# [Driver] Data is sent to DUT
# [Monitor] Data is sent to Scoreboard
# [base] Write finished! Write data 06 at Address 00
# [Scoreboard] Get packet from Monitor: Address: 00, Data: 00
# [Stimulus] Packet is sent to Driver
#   0
# [Driver] Data is sent to DUT
# [Monitor] Data is sent to Scoreboard
# [base] Write finished! Write data 03 at Address 00
# [Scoreboard] Get packet from Monitor: Address: 00, Data: 00
# 
# ===== t=282730000 PASSED SUCCESSFULLY !!! Expected timing is 145000, Actual timing is 159999 =====
# 
# [Stimulus] Packet is sent to Driver
# [Driver] Data is sent to DUT
# [Monitor] Data is sent to Scoreboard
# [base] Write finished! Write data 02 at Address 03
# [Scoreboard] Get packet from Monitor: Address: 03, Data: 00
# [Stimulus] Packet is sent to Driver
# [Driver] Data is sent to DUT
# [Monitor] Data is sent to Scoreboard
# [Base] Write finished! Write Random Data da at Address 02
# [Scoreboard] Get packet from Monitor: Address: 02, Data: 00
# [Stimulus] Packet is sent to Driver
#   1
# [Driver] Data is sent to DUT
# [Monitor] Data is sent to Scoreboard
# [base] Write finished! Write data 06 at Address 00
# [Scoreboard] Get packet from Monitor: Address: 00, Data: 00
# [Stimulus] Packet is sent to Driver
#   0
# [Driver] Data is sent to DUT
# [Monitor] Data is sent to Scoreboard
# [base] Write finished! Write data 03 at Address 00
# [Scoreboard] Get packet from Monitor: Address: 00, Data: 00
# 
# ===== t=284110000 PASSED SUCCESSFULLY !!! Expected timing is 1090000, Actual timing is 1099999 =====
# 
# [Stimulus] Packet is sent to Driver
# [Driver] Data is sent to DUT
# [Monitor] Data is sent to Scoreboard
# [base] Write finished! Write data 02 at Address 03
# [Scoreboard] Get packet from Monitor: Address: 03, Data: 00
# [Stimulus] Packet is sent to Driver
# [Driver] Data is sent to DUT
# [Monitor] Data is sent to Scoreboard
# [Base] Write finished! Write Random Data 54 at Address 02
# [Scoreboard] Get packet from Monitor: Address: 02, Data: 00
# [Stimulus] Packet is sent to Driver
#   1
# [Driver] Data is sent to DUT
# [Monitor] Data is sent to Scoreboard
# [base] Write finished! Write data 06 at Address 00
# [Scoreboard] Get packet from Monitor: Address: 00, Data: 00
# [Stimulus] Packet is sent to Driver
#   0
# [Driver] Data is sent to DUT
# [Monitor] Data is sent to Scoreboard
# [base] Write finished! Write data 03 at Address 00
# [Scoreboard] Get packet from Monitor: Address: 00, Data: 00
# 
# ===== t=284830000 PASSED SUCCESSFULLY !!! Expected timing is 420000, Actual timing is 439999 =====
# 
# [Stimulus] Packet is sent to Driver
# [Driver] Data is sent to DUT
# [Monitor] Data is sent to Scoreboard
# [base] Write finished! Write data 02 at Address 03
# [Scoreboard] Get packet from Monitor: Address: 03, Data: 00
# [Stimulus] Packet is sent to Driver
# [Driver] Data is sent to DUT
# [Monitor] Data is sent to Scoreboard
# [Base] Write finished! Write Random Data 3b at Address 02
# [Scoreboard] Get packet from Monitor: Address: 02, Data: 00
# [Stimulus] Packet is sent to Driver
#   1
# [Driver] Data is sent to DUT
# [Monitor] Data is sent to Scoreboard
# [base] Write finished! Write data 06 at Address 00
# [Scoreboard] Get packet from Monitor: Address: 00, Data: 00
# [Stimulus] Packet is sent to Driver
#   0
# [Driver] Data is sent to DUT
# [Monitor] Data is sent to Scoreboard
# [base] Write finished! Write data 03 at Address 00
# [Scoreboard] Get packet from Monitor: Address: 00, Data: 00
# 
# ===== t=285430000 PASSED SUCCESSFULLY !!! Expected timing is 295000, Actual timing is 319999 =====
# 
# [Stimulus] Packet is sent to Driver
# [Driver] Data is sent to DUT
# [Monitor] Data is sent to Scoreboard
# [base] Write finished! Write data 02 at Address 03
# [Scoreboard] Get packet from Monitor: Address: 03, Data: 00
# [Stimulus] Packet is sent to Driver
# [Driver] Data is sent to DUT
# [Monitor] Data is sent to Scoreboard
# [Base] Write finished! Write Random Data b8 at Address 02
# [Scoreboard] Get packet from Monitor: Address: 02, Data: 00
# [Stimulus] Packet is sent to Driver
#   1
# [Driver] Data is sent to DUT
# [Monitor] Data is sent to Scoreboard
# [base] Write finished! Write data 06 at Address 00
# [Scoreboard] Get packet from Monitor: Address: 00, Data: 00
# [Stimulus] Packet is sent to Driver
#   0
# [Driver] Data is sent to DUT
# [Monitor] Data is sent to Scoreboard
# [base] Write finished! Write data 03 at Address 00
# [Scoreboard] Get packet from Monitor: Address: 00, Data: 00
# 
# ===== t=286650000 PASSED SUCCESSFULLY !!! Expected timing is 920000, Actual timing is 939999 =====
# 
# [Stimulus] Packet is sent to Driver
# [Driver] Data is sent to DUT
# [Monitor] Data is sent to Scoreboard
# [base] Write finished! Write data 02 at Address 03
# [Scoreboard] Get packet from Monitor: Address: 03, Data: 00
# [Stimulus] Packet is sent to Driver
# [Driver] Data is sent to DUT
# [Monitor] Data is sent to Scoreboard
# [Base] Write finished! Write Random Data 67 at Address 02
# [Scoreboard] Get packet from Monitor: Address: 02, Data: 00
# [Stimulus] Packet is sent to Driver
#   1
# [Driver] Data is sent to DUT
# [Monitor] Data is sent to Scoreboard
# [base] Write finished! Write data 06 at Address 00
# [Scoreboard] Get packet from Monitor: Address: 00, Data: 00
# [Stimulus] Packet is sent to Driver
#   0
# [Driver] Data is sent to DUT
# [Monitor] Data is sent to Scoreboard
# [base] Write finished! Write data 03 at Address 00
# [Scoreboard] Get packet from Monitor: Address: 00, Data: 00
# 
# ===== t=287470000 PASSED SUCCESSFULLY !!! Expected timing is 515000, Actual timing is 539999 =====
# 
# [Stimulus] Packet is sent to Driver
# [Driver] Data is sent to DUT
# [Monitor] Data is sent to Scoreboard
# [base] Write finished! Write data 02 at Address 03
# [Scoreboard] Get packet from Monitor: Address: 03, Data: 00
# [Stimulus] Packet is sent to Driver
# [Driver] Data is sent to DUT
# [Monitor] Data is sent to Scoreboard
# [Base] Write finished! Write Random Data 0b at Address 02
# [Scoreboard] Get packet from Monitor: Address: 02, Data: 00
# [Stimulus] Packet is sent to Driver
#   1
# [Driver] Data is sent to DUT
# [Monitor] Data is sent to Scoreboard
# [base] Write finished! Write data 06 at Address 00
# [Scoreboard] Get packet from Monitor: Address: 00, Data: 00
# [Stimulus] Packet is sent to Driver
#   0
# [Driver] Data is sent to DUT
# [Monitor] Data is sent to Scoreboard
# [base] Write finished! Write data 03 at Address 00
# [Scoreboard] Get packet from Monitor: Address: 00, Data: 00
# 
# ===== t=287830000 PASSED SUCCESSFULLY !!! Expected timing is 55000, Actual timing is 79999 =====
# 
# [Stimulus] Packet is sent to Driver
# [Driver] Data is sent to DUT
# [Monitor] Data is sent to Scoreboard
# [base] Write finished! Write data 02 at Address 03
# [Scoreboard] Get packet from Monitor: Address: 03, Data: 00
# [Stimulus] Packet is sent to Driver
# [Driver] Data is sent to DUT
# [Monitor] Data is sent to Scoreboard
# [Base] Write finished! Write Random Data 76 at Address 02
# [Scoreboard] Get packet from Monitor: Address: 02, Data: 00
# [Stimulus] Packet is sent to Driver
#   1
# [Driver] Data is sent to DUT
# [Monitor] Data is sent to Scoreboard
# [base] Write finished! Write data 06 at Address 00
# [Scoreboard] Get packet from Monitor: Address: 00, Data: 00
# [Stimulus] Packet is sent to Driver
#   0
# [Driver] Data is sent to DUT
# [Monitor] Data is sent to Scoreboard
# [base] Write finished! Write data 03 at Address 00
# [Scoreboard] Get packet from Monitor: Address: 00, Data: 00
# 
# ===== t=288710000 PASSED SUCCESSFULLY !!! Expected timing is 590000, Actual timing is 599999 =====
# 
# [Stimulus] Packet is sent to Driver
# [Driver] Data is sent to DUT
# [Monitor] Data is sent to Scoreboard
# [base] Write finished! Write data 02 at Address 03
# [Scoreboard] Get packet from Monitor: Address: 03, Data: 00
# [Stimulus] Packet is sent to Driver
# [Driver] Data is sent to DUT
# [Monitor] Data is sent to Scoreboard
# [Base] Write finished! Write Random Data 57 at Address 02
# [Scoreboard] Get packet from Monitor: Address: 02, Data: 00
# [Stimulus] Packet is sent to Driver
#   1
# [Driver] Data is sent to DUT
# [Monitor] Data is sent to Scoreboard
# [base] Write finished! Write data 06 at Address 00
# [Scoreboard] Get packet from Monitor: Address: 00, Data: 00
# [Stimulus] Packet is sent to Driver
#   0
# [Driver] Data is sent to DUT
# [Monitor] Data is sent to Scoreboard
# [base] Write finished! Write data 03 at Address 00
# [Scoreboard] Get packet from Monitor: Address: 00, Data: 00
# 
# ===== t=289450000 PASSED SUCCESSFULLY !!! Expected timing is 435000, Actual timing is 459999 =====
# 
# [Stimulus] Packet is sent to Driver
# [Driver] Data is sent to DUT
# [Monitor] Data is sent to Scoreboard
# [base] Write finished! Write data 02 at Address 03
# [Scoreboard] Get packet from Monitor: Address: 03, Data: 00
# [Stimulus] Packet is sent to Driver
# [Driver] Data is sent to DUT
# [Monitor] Data is sent to Scoreboard
# [Base] Write finished! Write Random Data 39 at Address 02
# [Scoreboard] Get packet from Monitor: Address: 02, Data: 00
# [Stimulus] Packet is sent to Driver
#   1
# [Driver] Data is sent to DUT
# [Monitor] Data is sent to Scoreboard
# [base] Write finished! Write data 06 at Address 00
# [Scoreboard] Get packet from Monitor: Address: 00, Data: 00
# [Stimulus] Packet is sent to Driver
#   0
# [Driver] Data is sent to DUT
# [Monitor] Data is sent to Scoreboard
# [base] Write finished! Write data 03 at Address 00
# [Scoreboard] Get packet from Monitor: Address: 00, Data: 00
# 
# ===== t=290030000 PASSED SUCCESSFULLY !!! Expected timing is 285000, Actual timing is 299999 =====
# 
# [Stimulus] Packet is sent to Driver
# [Driver] Data is sent to DUT
# [Monitor] Data is sent to Scoreboard
# [base] Write finished! Write data 02 at Address 03
# [Scoreboard] Get packet from Monitor: Address: 03, Data: 00
# [Stimulus] Packet is sent to Driver
# [Driver] Data is sent to DUT
# [Monitor] Data is sent to Scoreboard
# [Base] Write finished! Write Random Data e1 at Address 02
# [Scoreboard] Get packet from Monitor: Address: 02, Data: 00
# [Stimulus] Packet is sent to Driver
#   1
# [Driver] Data is sent to DUT
# [Monitor] Data is sent to Scoreboard
# [base] Write finished! Write data 06 at Address 00
# [Scoreboard] Get packet from Monitor: Address: 00, Data: 00
# [Stimulus] Packet is sent to Driver
#   0
# [Driver] Data is sent to DUT
# [Monitor] Data is sent to Scoreboard
# [base] Write finished! Write data 03 at Address 00
# [Scoreboard] Get packet from Monitor: Address: 00, Data: 00
# 
# ===== t=291450000 PASSED SUCCESSFULLY !!! Expected timing is 1125000, Actual timing is 1139999 =====
# 
# [Stimulus] Packet is sent to Driver
# [Driver] Data is sent to DUT
# [Monitor] Data is sent to Scoreboard
# [base] Write finished! Write data 02 at Address 03
# [Scoreboard] Get packet from Monitor: Address: 03, Data: 00
# [Stimulus] Packet is sent to Driver
# [Driver] Data is sent to DUT
# [Monitor] Data is sent to Scoreboard
# [Base] Write finished! Write Random Data f9 at Address 02
# [Scoreboard] Get packet from Monitor: Address: 02, Data: 00
# [Stimulus] Packet is sent to Driver
#   1
# [Driver] Data is sent to DUT
# [Monitor] Data is sent to Scoreboard
# [base] Write finished! Write data 06 at Address 00
# [Scoreboard] Get packet from Monitor: Address: 00, Data: 00
# [Stimulus] Packet is sent to Driver
#   0
# [Driver] Data is sent to DUT
# [Monitor] Data is sent to Scoreboard
# [base] Write finished! Write data 03 at Address 00
# [Scoreboard] Get packet from Monitor: Address: 00, Data: 00
# 
# ===== t=292990000 PASSED SUCCESSFULLY !!! Expected timing is 1245000, Actual timing is 1259999 =====
# 
# [Stimulus] Packet is sent to Driver
# [Driver] Data is sent to DUT
# [Monitor] Data is sent to Scoreboard
# [base] Write finished! Write data 02 at Address 03
# [Scoreboard] Get packet from Monitor: Address: 03, Data: 00
# [Stimulus] Packet is sent to Driver
# [Driver] Data is sent to DUT
# [Monitor] Data is sent to Scoreboard
# [Base] Write finished! Write Random Data 8d at Address 02
# [Scoreboard] Get packet from Monitor: Address: 02, Data: 00
# [Stimulus] Packet is sent to Driver
#   1
# [Driver] Data is sent to DUT
# [Monitor] Data is sent to Scoreboard
# [base] Write finished! Write data 06 at Address 00
# [Scoreboard] Get packet from Monitor: Address: 00, Data: 00
# [Stimulus] Packet is sent to Driver
#   0
# [Driver] Data is sent to DUT
# [Monitor] Data is sent to Scoreboard
# [base] Write finished! Write data 03 at Address 00
# [Scoreboard] Get packet from Monitor: Address: 00, Data: 00
# 
# ===== t=293990000 PASSED SUCCESSFULLY !!! Expected timing is 705000, Actual timing is 719999 =====
# 
# [Stimulus] Packet is sent to Driver
# [Driver] Data is sent to DUT
# [Monitor] Data is sent to Scoreboard
# [base] Write finished! Write data 02 at Address 03
# [Scoreboard] Get packet from Monitor: Address: 03, Data: 00
# [Stimulus] Packet is sent to Driver
# [Driver] Data is sent to DUT
# [Monitor] Data is sent to Scoreboard
# [Base] Write finished! Write Random Data 28 at Address 02
# [Scoreboard] Get packet from Monitor: Address: 02, Data: 00
# [Stimulus] Packet is sent to Driver
#   1
# [Driver] Data is sent to DUT
# [Monitor] Data is sent to Scoreboard
# [base] Write finished! Write data 06 at Address 00
# [Scoreboard] Get packet from Monitor: Address: 00, Data: 00
# [Stimulus] Packet is sent to Driver
#   0
# [Driver] Data is sent to DUT
# [Monitor] Data is sent to Scoreboard
# [base] Write finished! Write data 03 at Address 00
# [Scoreboard] Get packet from Monitor: Address: 00, Data: 00
# 
# ===== t=294490000 PASSED SUCCESSFULLY !!! Expected timing is 200000, Actual timing is 219999 =====
# 
# [Stimulus] Packet is sent to Driver
# [Driver] Data is sent to DUT
# [Monitor] Data is sent to Scoreboard
# [base] Write finished! Write data 02 at Address 03
# [Scoreboard] Get packet from Monitor: Address: 03, Data: 00
# [Stimulus] Packet is sent to Driver
# [Driver] Data is sent to DUT
# [Monitor] Data is sent to Scoreboard
# [Base] Write finished! Write Random Data 2b at Address 02
# [Scoreboard] Get packet from Monitor: Address: 02, Data: 00
# [Stimulus] Packet is sent to Driver
#   1
# [Driver] Data is sent to DUT
# [Monitor] Data is sent to Scoreboard
# [base] Write finished! Write data 06 at Address 00
# [Scoreboard] Get packet from Monitor: Address: 00, Data: 00
# [Stimulus] Packet is sent to Driver
#   0
# [Driver] Data is sent to DUT
# [Monitor] Data is sent to Scoreboard
# [base] Write finished! Write data 03 at Address 00
# [Scoreboard] Get packet from Monitor: Address: 00, Data: 00
# 
# ===== t=295010000 PASSED SUCCESSFULLY !!! Expected timing is 215000, Actual timing is 239999 =====
# 
# [Stimulus] Packet is sent to Driver
# [Driver] Data is sent to DUT
# [Monitor] Data is sent to Scoreboard
# [base] Write finished! Write data 02 at Address 03
# [Scoreboard] Get packet from Monitor: Address: 03, Data: 00
# [Stimulus] Packet is sent to Driver
# [Driver] Data is sent to DUT
# [Monitor] Data is sent to Scoreboard
# [Base] Write finished! Write Random Data 53 at Address 02
# [Scoreboard] Get packet from Monitor: Address: 02, Data: 00
# [Stimulus] Packet is sent to Driver
#   1
# [Driver] Data is sent to DUT
# [Monitor] Data is sent to Scoreboard
# [base] Write finished! Write data 06 at Address 00
# [Scoreboard] Get packet from Monitor: Address: 00, Data: 00
# [Stimulus] Packet is sent to Driver
#   0
# [Driver] Data is sent to DUT
# [Monitor] Data is sent to Scoreboard
# [base] Write finished! Write data 03 at Address 00
# [Scoreboard] Get packet from Monitor: Address: 00, Data: 00
# 
# ===== t=295730000 PASSED SUCCESSFULLY !!! Expected timing is 415000, Actual timing is 439999 =====
# 
# [Stimulus] Packet is sent to Driver
# [Driver] Data is sent to DUT
# [Monitor] Data is sent to Scoreboard
# [base] Write finished! Write data 02 at Address 03
# [Scoreboard] Get packet from Monitor: Address: 03, Data: 00
# [Stimulus] Packet is sent to Driver
# [Driver] Data is sent to DUT
# [Monitor] Data is sent to Scoreboard
# [Base] Write finished! Write Random Data 7c at Address 02
# [Scoreboard] Get packet from Monitor: Address: 02, Data: 00
# [Stimulus] Packet is sent to Driver
#   1
# [Driver] Data is sent to DUT
# [Monitor] Data is sent to Scoreboard
# [base] Write finished! Write data 06 at Address 00
# [Scoreboard] Get packet from Monitor: Address: 00, Data: 00
# [Stimulus] Packet is sent to Driver
#   0
# [Driver] Data is sent to DUT
# [Monitor] Data is sent to Scoreboard
# [base] Write finished! Write data 03 at Address 00
# [Scoreboard] Get packet from Monitor: Address: 00, Data: 00
# 
# ===== t=296650000 PASSED SUCCESSFULLY !!! Expected timing is 620000, Actual timing is 639999 =====
# 
# [Stimulus] Packet is sent to Driver
# [Driver] Data is sent to DUT
# [Monitor] Data is sent to Scoreboard
# [base] Write finished! Write data 02 at Address 03
# [Scoreboard] Get packet from Monitor: Address: 03, Data: 00
# [Stimulus] Packet is sent to Driver
# [Driver] Data is sent to DUT
# [Monitor] Data is sent to Scoreboard
# [Base] Write finished! Write Random Data 2e at Address 02
# [Scoreboard] Get packet from Monitor: Address: 02, Data: 00
# [Stimulus] Packet is sent to Driver
#   1
# [Driver] Data is sent to DUT
# [Monitor] Data is sent to Scoreboard
# [base] Write finished! Write data 06 at Address 00
# [Scoreboard] Get packet from Monitor: Address: 00, Data: 00
# [Stimulus] Packet is sent to Driver
#   0
# [Driver] Data is sent to DUT
# [Monitor] Data is sent to Scoreboard
# [base] Write finished! Write data 03 at Address 00
# [Scoreboard] Get packet from Monitor: Address: 00, Data: 00
# 
# ===== t=297170000 PASSED SUCCESSFULLY !!! Expected timing is 230000, Actual timing is 239999 =====
# 
# [Stimulus] Packet is sent to Driver
# [Driver] Data is sent to DUT
# [Monitor] Data is sent to Scoreboard
# [base] Write finished! Write data 02 at Address 03
# [Scoreboard] Get packet from Monitor: Address: 03, Data: 00
# [Stimulus] Packet is sent to Driver
# [Driver] Data is sent to DUT
# [Monitor] Data is sent to Scoreboard
# [Base] Write finished! Write Random Data ec at Address 02
# [Scoreboard] Get packet from Monitor: Address: 02, Data: 00
# [Stimulus] Packet is sent to Driver
#   1
# [Driver] Data is sent to DUT
# [Monitor] Data is sent to Scoreboard
# [base] Write finished! Write data 06 at Address 00
# [Scoreboard] Get packet from Monitor: Address: 00, Data: 00
# [Stimulus] Packet is sent to Driver
#   0
# [Driver] Data is sent to DUT
# [Monitor] Data is sent to Scoreboard
# [base] Write finished! Write data 03 at Address 00
# [Scoreboard] Get packet from Monitor: Address: 00, Data: 00
# 
# ===== t=298650000 PASSED SUCCESSFULLY !!! Expected timing is 1180000, Actual timing is 1199999 =====
# 
# [Stimulus] Packet is sent to Driver
# [Driver] Data is sent to DUT
# [Monitor] Data is sent to Scoreboard
# [base] Write finished! Write data 02 at Address 03
# [Scoreboard] Get packet from Monitor: Address: 03, Data: 00
# [Stimulus] Packet is sent to Driver
# [Driver] Data is sent to DUT
# [Monitor] Data is sent to Scoreboard
# [Base] Write finished! Write Random Data 34 at Address 02
# [Scoreboard] Get packet from Monitor: Address: 02, Data: 00
# [Stimulus] Packet is sent to Driver
#   1
# [Driver] Data is sent to DUT
# [Monitor] Data is sent to Scoreboard
# [base] Write finished! Write data 06 at Address 00
# [Scoreboard] Get packet from Monitor: Address: 00, Data: 00
# [Stimulus] Packet is sent to Driver
#   0
# [Driver] Data is sent to DUT
# [Monitor] Data is sent to Scoreboard
# [base] Write finished! Write data 03 at Address 00
# [Scoreboard] Get packet from Monitor: Address: 00, Data: 00
# 
# ===== t=299210000 PASSED SUCCESSFULLY !!! Expected timing is 260000, Actual timing is 279999 =====
# 
# [Stimulus] Packet is sent to Driver
# [Driver] Data is sent to DUT
# [Monitor] Data is sent to Scoreboard
# [base] Write finished! Write data 02 at Address 03
# [Scoreboard] Get packet from Monitor: Address: 03, Data: 00
# [Stimulus] Packet is sent to Driver
# [Driver] Data is sent to DUT
# [Monitor] Data is sent to Scoreboard
# [Base] Write finished! Write Random Data d5 at Address 02
# [Scoreboard] Get packet from Monitor: Address: 02, Data: 00
# [Stimulus] Packet is sent to Driver
#   1
# [Driver] Data is sent to DUT
# [Monitor] Data is sent to Scoreboard
# [base] Write finished! Write data 06 at Address 00
# [Scoreboard] Get packet from Monitor: Address: 00, Data: 00
# [Stimulus] Packet is sent to Driver
#   0
# [Driver] Data is sent to DUT
# [Monitor] Data is sent to Scoreboard
# [base] Write finished! Write data 03 at Address 00
# [Scoreboard] Get packet from Monitor: Address: 00, Data: 00
# 
# ===== t=300570000 PASSED SUCCESSFULLY !!! Expected timing is 1065000, Actual timing is 1079999 =====
# 
# [Stimulus] Packet is sent to Driver
# [Driver] Data is sent to DUT
# [Monitor] Data is sent to Scoreboard
# [base] Write finished! Write data 02 at Address 03
# [Scoreboard] Get packet from Monitor: Address: 03, Data: 00
# [Stimulus] Packet is sent to Driver
# [Driver] Data is sent to DUT
# [Monitor] Data is sent to Scoreboard
# [Base] Write finished! Write Random Data 4d at Address 02
# [Scoreboard] Get packet from Monitor: Address: 02, Data: 00
# [Stimulus] Packet is sent to Driver
#   1
# [Driver] Data is sent to DUT
# [Monitor] Data is sent to Scoreboard
# [base] Write finished! Write data 06 at Address 00
# [Scoreboard] Get packet from Monitor: Address: 00, Data: 00
# [Stimulus] Packet is sent to Driver
#   0
# [Driver] Data is sent to DUT
# [Monitor] Data is sent to Scoreboard
# [base] Write finished! Write data 03 at Address 00
# [Scoreboard] Get packet from Monitor: Address: 00, Data: 00
# 
# ===== t=301250000 PASSED SUCCESSFULLY !!! Expected timing is 385000, Actual timing is 399999 =====
# 
# [Stimulus] Packet is sent to Driver
# [Driver] Data is sent to DUT
# [Monitor] Data is sent to Scoreboard
# [base] Write finished! Write data 02 at Address 03
# [Scoreboard] Get packet from Monitor: Address: 03, Data: 00
# [Stimulus] Packet is sent to Driver
# [Driver] Data is sent to DUT
# [Monitor] Data is sent to Scoreboard
# [Base] Write finished! Write Random Data 2c at Address 02
# [Scoreboard] Get packet from Monitor: Address: 02, Data: 00
# [Stimulus] Packet is sent to Driver
#   1
# [Driver] Data is sent to DUT
# [Monitor] Data is sent to Scoreboard
# [base] Write finished! Write data 06 at Address 00
# [Scoreboard] Get packet from Monitor: Address: 00, Data: 00
# [Stimulus] Packet is sent to Driver
#   0
# [Driver] Data is sent to DUT
# [Monitor] Data is sent to Scoreboard
# [base] Write finished! Write data 03 at Address 00
# [Scoreboard] Get packet from Monitor: Address: 00, Data: 00
# 
# ===== t=301770000 PASSED SUCCESSFULLY !!! Expected timing is 220000, Actual timing is 239999 =====
# 
# [Stimulus] Packet is sent to Driver
# [Driver] Data is sent to DUT
# [Monitor] Data is sent to Scoreboard
# [base] Write finished! Write data 02 at Address 03
# [Scoreboard] Get packet from Monitor: Address: 03, Data: 00
# [Stimulus] Packet is sent to Driver
# [Driver] Data is sent to DUT
# [Monitor] Data is sent to Scoreboard
# [Base] Write finished! Write Random Data 59 at Address 02
# [Scoreboard] Get packet from Monitor: Address: 02, Data: 00
# [Stimulus] Packet is sent to Driver
#   1
# [Driver] Data is sent to DUT
# [Monitor] Data is sent to Scoreboard
# [base] Write finished! Write data 06 at Address 00
# [Scoreboard] Get packet from Monitor: Address: 00, Data: 00
# [Stimulus] Packet is sent to Driver
#   0
# [Driver] Data is sent to DUT
# [Monitor] Data is sent to Scoreboard
# [base] Write finished! Write data 03 at Address 00
# [Scoreboard] Get packet from Monitor: Address: 00, Data: 00
# 
# ===== t=302510000 PASSED SUCCESSFULLY !!! Expected timing is 445000, Actual timing is 459999 =====
# 
# [Stimulus] Packet is sent to Driver
# [Driver] Data is sent to DUT
# [Monitor] Data is sent to Scoreboard
# [base] Write finished! Write data 02 at Address 03
# [Scoreboard] Get packet from Monitor: Address: 03, Data: 00
# [Stimulus] Packet is sent to Driver
# [Driver] Data is sent to DUT
# [Monitor] Data is sent to Scoreboard
# [Base] Write finished! Write Random Data 71 at Address 02
# [Scoreboard] Get packet from Monitor: Address: 02, Data: 00
# [Stimulus] Packet is sent to Driver
#   1
# [Driver] Data is sent to DUT
# [Monitor] Data is sent to Scoreboard
# [base] Write finished! Write data 06 at Address 00
# [Scoreboard] Get packet from Monitor: Address: 00, Data: 00
# [Stimulus] Packet is sent to Driver
#   0
# [Driver] Data is sent to DUT
# [Monitor] Data is sent to Scoreboard
# [base] Write finished! Write data 03 at Address 00
# [Scoreboard] Get packet from Monitor: Address: 00, Data: 00
# 
# ===== t=303370000 PASSED SUCCESSFULLY !!! Expected timing is 565000, Actual timing is 579999 =====
# 
# [Stimulus] Packet is sent to Driver
# [Driver] Data is sent to DUT
# [Monitor] Data is sent to Scoreboard
# [base] Write finished! Write data 02 at Address 03
# [Scoreboard] Get packet from Monitor: Address: 03, Data: 00
# [Stimulus] Packet is sent to Driver
# [Driver] Data is sent to DUT
# [Monitor] Data is sent to Scoreboard
# [Base] Write finished! Write Random Data ca at Address 02
# [Scoreboard] Get packet from Monitor: Address: 02, Data: 00
# [Stimulus] Packet is sent to Driver
#   1
# [Driver] Data is sent to DUT
# [Monitor] Data is sent to Scoreboard
# [base] Write finished! Write data 06 at Address 00
# [Scoreboard] Get packet from Monitor: Address: 00, Data: 00
# [Stimulus] Packet is sent to Driver
#   0
# [Driver] Data is sent to DUT
# [Monitor] Data is sent to Scoreboard
# [base] Write finished! Write data 03 at Address 00
# [Scoreboard] Get packet from Monitor: Address: 00, Data: 00
# 
# ===== t=304670000 PASSED SUCCESSFULLY !!! Expected timing is 1010000, Actual timing is 1019999 =====
# 
# [Stimulus] Packet is sent to Driver
# [Driver] Data is sent to DUT
# [Monitor] Data is sent to Scoreboard
# [base] Write finished! Write data 02 at Address 03
# [Scoreboard] Get packet from Monitor: Address: 03, Data: 00
# [Stimulus] Packet is sent to Driver
# [Driver] Data is sent to DUT
# [Monitor] Data is sent to Scoreboard
# [Base] Write finished! Write Random Data 9f at Address 02
# [Scoreboard] Get packet from Monitor: Address: 02, Data: 00
# [Stimulus] Packet is sent to Driver
#   1
# [Driver] Data is sent to DUT
# [Monitor] Data is sent to Scoreboard
# [base] Write finished! Write data 06 at Address 00
# [Scoreboard] Get packet from Monitor: Address: 00, Data: 00
# [Stimulus] Packet is sent to Driver
#   0
# [Driver] Data is sent to DUT
# [Monitor] Data is sent to Scoreboard
# [base] Write finished! Write data 03 at Address 00
# [Scoreboard] Get packet from Monitor: Address: 00, Data: 00
# 
# ===== t=305770000 PASSED SUCCESSFULLY !!! Expected timing is 795000, Actual timing is 819999 =====
# 
# [Stimulus] Packet is sent to Driver
# [Driver] Data is sent to DUT
# [Monitor] Data is sent to Scoreboard
# [base] Write finished! Write data 02 at Address 03
# [Scoreboard] Get packet from Monitor: Address: 03, Data: 00
# [Stimulus] Packet is sent to Driver
# [Driver] Data is sent to DUT
# [Monitor] Data is sent to Scoreboard
# [Base] Write finished! Write Random Data 31 at Address 02
# [Scoreboard] Get packet from Monitor: Address: 02, Data: 00
# [Stimulus] Packet is sent to Driver
#   1
# [Driver] Data is sent to DUT
# [Monitor] Data is sent to Scoreboard
# [base] Write finished! Write data 06 at Address 00
# [Scoreboard] Get packet from Monitor: Address: 00, Data: 00
# [Stimulus] Packet is sent to Driver
#   0
# [Driver] Data is sent to DUT
# [Monitor] Data is sent to Scoreboard
# [base] Write finished! Write data 03 at Address 00
# [Scoreboard] Get packet from Monitor: Address: 00, Data: 00
# 
# ===== t=306310000 PASSED SUCCESSFULLY !!! Expected timing is 245000, Actual timing is 259999 =====
# 
# [Stimulus] Packet is sent to Driver
# [Driver] Data is sent to DUT
# [Monitor] Data is sent to Scoreboard
# [base] Write finished! Write data 02 at Address 03
# [Scoreboard] Get packet from Monitor: Address: 03, Data: 00
# [Stimulus] Packet is sent to Driver
# [Driver] Data is sent to DUT
# [Monitor] Data is sent to Scoreboard
# [Base] Write finished! Write Random Data 46 at Address 02
# [Scoreboard] Get packet from Monitor: Address: 02, Data: 00
# [Stimulus] Packet is sent to Driver
#   1
# [Driver] Data is sent to DUT
# [Monitor] Data is sent to Scoreboard
# [base] Write finished! Write data 06 at Address 00
# [Scoreboard] Get packet from Monitor: Address: 00, Data: 00
# [Stimulus] Packet is sent to Driver
#   0
# [Driver] Data is sent to DUT
# [Monitor] Data is sent to Scoreboard
# [base] Write finished! Write data 03 at Address 00
# [Scoreboard] Get packet from Monitor: Address: 00, Data: 00
# 
# ===== t=306950000 PASSED SUCCESSFULLY !!! Expected timing is 350000, Actual timing is 359999 =====
# 
# [Stimulus] Packet is sent to Driver
# [Driver] Data is sent to DUT
# [Monitor] Data is sent to Scoreboard
# [base] Write finished! Write data 02 at Address 03
# [Scoreboard] Get packet from Monitor: Address: 03, Data: 00
# [Stimulus] Packet is sent to Driver
# [Driver] Data is sent to DUT
# [Monitor] Data is sent to Scoreboard
# [Base] Write finished! Write Random Data 4e at Address 02
# [Scoreboard] Get packet from Monitor: Address: 02, Data: 00
# [Stimulus] Packet is sent to Driver
#   1
# [Driver] Data is sent to DUT
# [Monitor] Data is sent to Scoreboard
# [base] Write finished! Write data 06 at Address 00
# [Scoreboard] Get packet from Monitor: Address: 00, Data: 00
# [Stimulus] Packet is sent to Driver
#   0
# [Driver] Data is sent to DUT
# [Monitor] Data is sent to Scoreboard
# [base] Write finished! Write data 03 at Address 00
# [Scoreboard] Get packet from Monitor: Address: 00, Data: 00
# 
# ===== t=307630000 PASSED SUCCESSFULLY !!! Expected timing is 390000, Actual timing is 399999 =====
# 
# [Stimulus] Packet is sent to Driver
# [Driver] Data is sent to DUT
# [Monitor] Data is sent to Scoreboard
# [base] Write finished! Write data 02 at Address 03
# [Scoreboard] Get packet from Monitor: Address: 03, Data: 00
# [Stimulus] Packet is sent to Driver
# [Driver] Data is sent to DUT
# [Monitor] Data is sent to Scoreboard
# [Base] Write finished! Write Random Data 9a at Address 02
# [Scoreboard] Get packet from Monitor: Address: 02, Data: 00
# [Stimulus] Packet is sent to Driver
#   1
# [Driver] Data is sent to DUT
# [Monitor] Data is sent to Scoreboard
# [base] Write finished! Write data 06 at Address 00
# [Scoreboard] Get packet from Monitor: Address: 00, Data: 00
# [Stimulus] Packet is sent to Driver
#   0
# [Driver] Data is sent to DUT
# [Monitor] Data is sent to Scoreboard
# [base] Write finished! Write data 03 at Address 00
# [Scoreboard] Get packet from Monitor: Address: 00, Data: 00
# 
# ===== t=308690000 PASSED SUCCESSFULLY !!! Expected timing is 770000, Actual timing is 779999 =====
# 
# [Stimulus] Packet is sent to Driver
# [Driver] Data is sent to DUT
# [Monitor] Data is sent to Scoreboard
# [base] Write finished! Write data 02 at Address 03
# [Scoreboard] Get packet from Monitor: Address: 03, Data: 00
# [Stimulus] Packet is sent to Driver
# [Driver] Data is sent to DUT
# [Monitor] Data is sent to Scoreboard
# [Base] Write finished! Write Random Data 54 at Address 02
# [Scoreboard] Get packet from Monitor: Address: 02, Data: 00
# [Stimulus] Packet is sent to Driver
#   1
# [Driver] Data is sent to DUT
# [Monitor] Data is sent to Scoreboard
# [base] Write finished! Write data 06 at Address 00
# [Scoreboard] Get packet from Monitor: Address: 00, Data: 00
# [Stimulus] Packet is sent to Driver
#   0
# [Driver] Data is sent to DUT
# [Monitor] Data is sent to Scoreboard
# [base] Write finished! Write data 03 at Address 00
# [Scoreboard] Get packet from Monitor: Address: 00, Data: 00
# 
# ===== t=309410000 PASSED SUCCESSFULLY !!! Expected timing is 420000, Actual timing is 439999 =====
# 
# [Stimulus] Packet is sent to Driver
# [Driver] Data is sent to DUT
# [Monitor] Data is sent to Scoreboard
# [base] Write finished! Write data 02 at Address 03
# [Scoreboard] Get packet from Monitor: Address: 03, Data: 00
# [Stimulus] Packet is sent to Driver
# [Driver] Data is sent to DUT
# [Monitor] Data is sent to Scoreboard
# [Base] Write finished! Write Random Data d5 at Address 02
# [Scoreboard] Get packet from Monitor: Address: 02, Data: 00
# [Stimulus] Packet is sent to Driver
#   1
# [Driver] Data is sent to DUT
# [Monitor] Data is sent to Scoreboard
# [base] Write finished! Write data 06 at Address 00
# [Scoreboard] Get packet from Monitor: Address: 00, Data: 00
# [Stimulus] Packet is sent to Driver
#   0
# [Driver] Data is sent to DUT
# [Monitor] Data is sent to Scoreboard
# [base] Write finished! Write data 03 at Address 00
# [Scoreboard] Get packet from Monitor: Address: 00, Data: 00
# 
# ===== t=310770000 PASSED SUCCESSFULLY !!! Expected timing is 1065000, Actual timing is 1079999 =====
# 
# [Stimulus] Packet is sent to Driver
# [Driver] Data is sent to DUT
# [Monitor] Data is sent to Scoreboard
# [base] Write finished! Write data 02 at Address 03
# [Scoreboard] Get packet from Monitor: Address: 03, Data: 00
# [Stimulus] Packet is sent to Driver
# [Driver] Data is sent to DUT
# [Monitor] Data is sent to Scoreboard
# [Base] Write finished! Write Random Data 44 at Address 02
# [Scoreboard] Get packet from Monitor: Address: 02, Data: 00
# [Stimulus] Packet is sent to Driver
#   1
# [Driver] Data is sent to DUT
# [Monitor] Data is sent to Scoreboard
# [base] Write finished! Write data 06 at Address 00
# [Scoreboard] Get packet from Monitor: Address: 00, Data: 00
# [Stimulus] Packet is sent to Driver
#   0
# [Driver] Data is sent to DUT
# [Monitor] Data is sent to Scoreboard
# [base] Write finished! Write data 03 at Address 00
# [Scoreboard] Get packet from Monitor: Address: 00, Data: 00
# 
# ===== t=311410000 PASSED SUCCESSFULLY !!! Expected timing is 340000, Actual timing is 359999 =====
# 
# [Stimulus] Packet is sent to Driver
# [Driver] Data is sent to DUT
# [Monitor] Data is sent to Scoreboard
# [base] Write finished! Write data 02 at Address 03
# [Scoreboard] Get packet from Monitor: Address: 03, Data: 00
# [Stimulus] Packet is sent to Driver
# [Driver] Data is sent to DUT
# [Monitor] Data is sent to Scoreboard
# [Base] Write finished! Write Random Data 17 at Address 02
# [Scoreboard] Get packet from Monitor: Address: 02, Data: 00
# [Stimulus] Packet is sent to Driver
#   1
# [Driver] Data is sent to DUT
# [Monitor] Data is sent to Scoreboard
# [base] Write finished! Write data 06 at Address 00
# [Scoreboard] Get packet from Monitor: Address: 00, Data: 00
# [Stimulus] Packet is sent to Driver
#   0
# [Driver] Data is sent to DUT
# [Monitor] Data is sent to Scoreboard
# [base] Write finished! Write data 03 at Address 00
# [Scoreboard] Get packet from Monitor: Address: 00, Data: 00
# 
# ===== t=311830000 PASSED SUCCESSFULLY !!! Expected timing is 115000, Actual timing is 139999 =====
# 
# [Stimulus] Packet is sent to Driver
# [Driver] Data is sent to DUT
# [Monitor] Data is sent to Scoreboard
# [base] Write finished! Write data 02 at Address 03
# [Scoreboard] Get packet from Monitor: Address: 03, Data: 00
# [Stimulus] Packet is sent to Driver
# [Driver] Data is sent to DUT
# [Monitor] Data is sent to Scoreboard
# [Base] Write finished! Write Random Data 93 at Address 02
# [Scoreboard] Get packet from Monitor: Address: 02, Data: 00
# [Stimulus] Packet is sent to Driver
#   1
# [Driver] Data is sent to DUT
# [Monitor] Data is sent to Scoreboard
# [base] Write finished! Write data 06 at Address 00
# [Scoreboard] Get packet from Monitor: Address: 00, Data: 00
# [Stimulus] Packet is sent to Driver
#   0
# [Driver] Data is sent to DUT
# [Monitor] Data is sent to Scoreboard
# [base] Write finished! Write data 03 at Address 00
# [Scoreboard] Get packet from Monitor: Address: 00, Data: 00
# 
# ===== t=312870000 PASSED SUCCESSFULLY !!! Expected timing is 735000, Actual timing is 759999 =====
# 
# [Stimulus] Packet is sent to Driver
# [Driver] Data is sent to DUT
# [Monitor] Data is sent to Scoreboard
# [base] Write finished! Write data 02 at Address 03
# [Scoreboard] Get packet from Monitor: Address: 03, Data: 00
# [Stimulus] Packet is sent to Driver
# [Driver] Data is sent to DUT
# [Monitor] Data is sent to Scoreboard
# [Base] Write finished! Write Random Data 9c at Address 02
# [Scoreboard] Get packet from Monitor: Address: 02, Data: 00
# [Stimulus] Packet is sent to Driver
#   1
# [Driver] Data is sent to DUT
# [Monitor] Data is sent to Scoreboard
# [base] Write finished! Write data 06 at Address 00
# [Scoreboard] Get packet from Monitor: Address: 00, Data: 00
# [Stimulus] Packet is sent to Driver
#   0
# [Driver] Data is sent to DUT
# [Monitor] Data is sent to Scoreboard
# [base] Write finished! Write data 03 at Address 00
# [Scoreboard] Get packet from Monitor: Address: 00, Data: 00
# 
# ===== t=313950000 PASSED SUCCESSFULLY !!! Expected timing is 780000, Actual timing is 799999 =====
# 
# [Stimulus] Packet is sent to Driver
# [Driver] Data is sent to DUT
# [Monitor] Data is sent to Scoreboard
# [base] Write finished! Write data 02 at Address 03
# [Scoreboard] Get packet from Monitor: Address: 03, Data: 00
# [Stimulus] Packet is sent to Driver
# [Driver] Data is sent to DUT
# [Monitor] Data is sent to Scoreboard
# [Base] Write finished! Write Random Data c3 at Address 02
# [Scoreboard] Get packet from Monitor: Address: 02, Data: 00
# [Stimulus] Packet is sent to Driver
#   1
# [Driver] Data is sent to DUT
# [Monitor] Data is sent to Scoreboard
# [base] Write finished! Write data 06 at Address 00
# [Scoreboard] Get packet from Monitor: Address: 00, Data: 00
# [Stimulus] Packet is sent to Driver
#   0
# [Driver] Data is sent to DUT
# [Monitor] Data is sent to Scoreboard
# [base] Write finished! Write data 03 at Address 00
# [Scoreboard] Get packet from Monitor: Address: 00, Data: 00
# 
# ===== t=315230000 PASSED SUCCESSFULLY !!! Expected timing is 975000, Actual timing is 999999 =====
# 
# [Stimulus] Packet is sent to Driver
# [Driver] Data is sent to DUT
# [Monitor] Data is sent to Scoreboard
# [base] Write finished! Write data 02 at Address 03
# [Scoreboard] Get packet from Monitor: Address: 03, Data: 00
# [Stimulus] Packet is sent to Driver
# [Driver] Data is sent to DUT
# [Monitor] Data is sent to Scoreboard
# [Base] Write finished! Write Random Data 10 at Address 02
# [Scoreboard] Get packet from Monitor: Address: 02, Data: 00
# [Stimulus] Packet is sent to Driver
#   1
# [Driver] Data is sent to DUT
# [Monitor] Data is sent to Scoreboard
# [base] Write finished! Write data 06 at Address 00
# [Scoreboard] Get packet from Monitor: Address: 00, Data: 00
# [Stimulus] Packet is sent to Driver
#   0
# [Driver] Data is sent to DUT
# [Monitor] Data is sent to Scoreboard
# [base] Write finished! Write data 03 at Address 00
# [Scoreboard] Get packet from Monitor: Address: 00, Data: 00
# 
# ===== t=315610000 PASSED SUCCESSFULLY !!! Expected timing is 80000, Actual timing is 99999 =====
# 
# [Stimulus] Packet is sent to Driver
# [Driver] Data is sent to DUT
# [Monitor] Data is sent to Scoreboard
# [base] Write finished! Write data 02 at Address 03
# [Scoreboard] Get packet from Monitor: Address: 03, Data: 00
# [Stimulus] Packet is sent to Driver
# [Driver] Data is sent to DUT
# [Monitor] Data is sent to Scoreboard
# [Base] Write finished! Write Random Data 05 at Address 02
# [Scoreboard] Get packet from Monitor: Address: 02, Data: 00
# [Stimulus] Packet is sent to Driver
#   1
# [Driver] Data is sent to DUT
# [Monitor] Data is sent to Scoreboard
# [base] Write finished! Write data 06 at Address 00
# [Scoreboard] Get packet from Monitor: Address: 00, Data: 00
# [Stimulus] Packet is sent to Driver
#   0
# [Driver] Data is sent to DUT
# [Monitor] Data is sent to Scoreboard
# [base] Write finished! Write data 03 at Address 00
# [Scoreboard] Get packet from Monitor: Address: 00, Data: 00
# 
# ===== t=315930000 PASSED SUCCESSFULLY !!! Expected timing is 25000, Actual timing is 39999 =====
# 
# [Stimulus] Packet is sent to Driver
# [Driver] Data is sent to DUT
# [Monitor] Data is sent to Scoreboard
# [base] Write finished! Write data 02 at Address 03
# [Scoreboard] Get packet from Monitor: Address: 03, Data: 00
# [Stimulus] Packet is sent to Driver
# [Driver] Data is sent to DUT
# [Monitor] Data is sent to Scoreboard
# [Base] Write finished! Write Random Data 0a at Address 02
# [Scoreboard] Get packet from Monitor: Address: 02, Data: 00
# [Stimulus] Packet is sent to Driver
#   1
# [Driver] Data is sent to DUT
# [Monitor] Data is sent to Scoreboard
# [base] Write finished! Write data 06 at Address 00
# [Scoreboard] Get packet from Monitor: Address: 00, Data: 00
# [Stimulus] Packet is sent to Driver
#   0
# [Driver] Data is sent to DUT
# [Monitor] Data is sent to Scoreboard
# [base] Write finished! Write data 03 at Address 00
# [Scoreboard] Get packet from Monitor: Address: 00, Data: 00
# 
# ===== t=316270000 PASSED SUCCESSFULLY !!! Expected timing is 50000, Actual timing is 59999 =====
# 
# [Stimulus] Packet is sent to Driver
# [Driver] Data is sent to DUT
# [Monitor] Data is sent to Scoreboard
# [base] Write finished! Write data 02 at Address 03
# [Scoreboard] Get packet from Monitor: Address: 03, Data: 00
# [Stimulus] Packet is sent to Driver
# [Driver] Data is sent to DUT
# [Monitor] Data is sent to Scoreboard
# [Base] Write finished! Write Random Data 76 at Address 02
# [Scoreboard] Get packet from Monitor: Address: 02, Data: 00
# [Stimulus] Packet is sent to Driver
#   1
# [Driver] Data is sent to DUT
# [Monitor] Data is sent to Scoreboard
# [base] Write finished! Write data 06 at Address 00
# [Scoreboard] Get packet from Monitor: Address: 00, Data: 00
# [Stimulus] Packet is sent to Driver
#   0
# [Driver] Data is sent to DUT
# [Monitor] Data is sent to Scoreboard
# [base] Write finished! Write data 03 at Address 00
# [Scoreboard] Get packet from Monitor: Address: 00, Data: 00
# 
# ===== t=317150000 PASSED SUCCESSFULLY !!! Expected timing is 590000, Actual timing is 599999 =====
# 
# [Stimulus] Packet is sent to Driver
# [Driver] Data is sent to DUT
# [Monitor] Data is sent to Scoreboard
# [base] Write finished! Write data 02 at Address 03
# [Scoreboard] Get packet from Monitor: Address: 03, Data: 00
# [Stimulus] Packet is sent to Driver
# [Driver] Data is sent to DUT
# [Monitor] Data is sent to Scoreboard
# [Base] Write finished! Write Random Data ea at Address 02
# [Scoreboard] Get packet from Monitor: Address: 02, Data: 00
# [Stimulus] Packet is sent to Driver
#   1
# [Driver] Data is sent to DUT
# [Monitor] Data is sent to Scoreboard
# [base] Write finished! Write data 06 at Address 00
# [Scoreboard] Get packet from Monitor: Address: 00, Data: 00
# [Stimulus] Packet is sent to Driver
#   0
# [Driver] Data is sent to DUT
# [Monitor] Data is sent to Scoreboard
# [base] Write finished! Write data 03 at Address 00
# [Scoreboard] Get packet from Monitor: Address: 00, Data: 00
# 
# ===== t=318610000 PASSED SUCCESSFULLY !!! Expected timing is 1170000, Actual timing is 1179999 =====
# 
# [Stimulus] Packet is sent to Driver
# [Driver] Data is sent to DUT
# [Monitor] Data is sent to Scoreboard
# [base] Write finished! Write data 02 at Address 03
# [Scoreboard] Get packet from Monitor: Address: 03, Data: 00
# [Stimulus] Packet is sent to Driver
# [Driver] Data is sent to DUT
# [Monitor] Data is sent to Scoreboard
# [Base] Write finished! Write Random Data 85 at Address 02
# [Scoreboard] Get packet from Monitor: Address: 02, Data: 00
# [Stimulus] Packet is sent to Driver
#   1
# [Driver] Data is sent to DUT
# [Monitor] Data is sent to Scoreboard
# [base] Write finished! Write data 06 at Address 00
# [Scoreboard] Get packet from Monitor: Address: 00, Data: 00
# [Stimulus] Packet is sent to Driver
#   0
# [Driver] Data is sent to DUT
# [Monitor] Data is sent to Scoreboard
# [base] Write finished! Write data 03 at Address 00
# [Scoreboard] Get packet from Monitor: Address: 00, Data: 00
# 
# ===== t=319570000 PASSED SUCCESSFULLY !!! Expected timing is 665000, Actual timing is 679999 =====
# 
# [Stimulus] Packet is sent to Driver
# [Driver] Data is sent to DUT
# [Monitor] Data is sent to Scoreboard
# [base] Write finished! Write data 02 at Address 03
# [Scoreboard] Get packet from Monitor: Address: 03, Data: 00
# [Stimulus] Packet is sent to Driver
# [Driver] Data is sent to DUT
# [Monitor] Data is sent to Scoreboard
# [Base] Write finished! Write Random Data 8a at Address 02
# [Scoreboard] Get packet from Monitor: Address: 02, Data: 00
# [Stimulus] Packet is sent to Driver
#   1
# [Driver] Data is sent to DUT
# [Monitor] Data is sent to Scoreboard
# [base] Write finished! Write data 06 at Address 00
# [Scoreboard] Get packet from Monitor: Address: 00, Data: 00
# [Stimulus] Packet is sent to Driver
#   0
# [Driver] Data is sent to DUT
# [Monitor] Data is sent to Scoreboard
# [base] Write finished! Write data 03 at Address 00
# [Scoreboard] Get packet from Monitor: Address: 00, Data: 00
# 
# ===== t=320550000 PASSED SUCCESSFULLY !!! Expected timing is 690000, Actual timing is 699999 =====
# 
# [Stimulus] Packet is sent to Driver
# [Driver] Data is sent to DUT
# [Monitor] Data is sent to Scoreboard
# [base] Write finished! Write data 02 at Address 03
# [Scoreboard] Get packet from Monitor: Address: 03, Data: 00
# [Stimulus] Packet is sent to Driver
# [Driver] Data is sent to DUT
# [Monitor] Data is sent to Scoreboard
# [Base] Write finished! Write Random Data 56 at Address 02
# [Scoreboard] Get packet from Monitor: Address: 02, Data: 00
# [Stimulus] Packet is sent to Driver
#   1
# [Driver] Data is sent to DUT
# [Monitor] Data is sent to Scoreboard
# [base] Write finished! Write data 06 at Address 00
# [Scoreboard] Get packet from Monitor: Address: 00, Data: 00
# [Stimulus] Packet is sent to Driver
#   0
# [Driver] Data is sent to DUT
# [Monitor] Data is sent to Scoreboard
# [base] Write finished! Write data 03 at Address 00
# [Scoreboard] Get packet from Monitor: Address: 00, Data: 00
# 
# ===== t=321270000 PASSED SUCCESSFULLY !!! Expected timing is 430000, Actual timing is 439999 =====
# 
# [Stimulus] Packet is sent to Driver
# [Driver] Data is sent to DUT
# [Monitor] Data is sent to Scoreboard
# [base] Write finished! Write data 02 at Address 03
# [Scoreboard] Get packet from Monitor: Address: 03, Data: 00
# [Stimulus] Packet is sent to Driver
# [Driver] Data is sent to DUT
# [Monitor] Data is sent to Scoreboard
# [Base] Write finished! Write Random Data 52 at Address 02
# [Scoreboard] Get packet from Monitor: Address: 02, Data: 00
# [Stimulus] Packet is sent to Driver
#   1
# [Driver] Data is sent to DUT
# [Monitor] Data is sent to Scoreboard
# [base] Write finished! Write data 06 at Address 00
# [Scoreboard] Get packet from Monitor: Address: 00, Data: 00
# [Stimulus] Packet is sent to Driver
#   0
# [Driver] Data is sent to DUT
# [Monitor] Data is sent to Scoreboard
# [base] Write finished! Write data 03 at Address 00
# [Scoreboard] Get packet from Monitor: Address: 00, Data: 00
# 
# ===== t=321970000 PASSED SUCCESSFULLY !!! Expected timing is 410000, Actual timing is 419999 =====
# 
# [Stimulus] Packet is sent to Driver
# [Driver] Data is sent to DUT
# [Monitor] Data is sent to Scoreboard
# [base] Write finished! Write data 02 at Address 03
# [Scoreboard] Get packet from Monitor: Address: 03, Data: 00
# [Stimulus] Packet is sent to Driver
# [Driver] Data is sent to DUT
# [Monitor] Data is sent to Scoreboard
# [Base] Write finished! Write Random Data 13 at Address 02
# [Scoreboard] Get packet from Monitor: Address: 02, Data: 00
# [Stimulus] Packet is sent to Driver
#   1
# [Driver] Data is sent to DUT
# [Monitor] Data is sent to Scoreboard
# [base] Write finished! Write data 06 at Address 00
# [Scoreboard] Get packet from Monitor: Address: 00, Data: 00
# [Stimulus] Packet is sent to Driver
#   0
# [Driver] Data is sent to DUT
# [Monitor] Data is sent to Scoreboard
# [base] Write finished! Write data 03 at Address 00
# [Scoreboard] Get packet from Monitor: Address: 00, Data: 00
# 
# ===== t=322370000 PASSED SUCCESSFULLY !!! Expected timing is 95000, Actual timing is 119999 =====
# 
# [Stimulus] Packet is sent to Driver
# [Driver] Data is sent to DUT
# [Monitor] Data is sent to Scoreboard
# [base] Write finished! Write data 02 at Address 03
# [Scoreboard] Get packet from Monitor: Address: 03, Data: 00
# [Stimulus] Packet is sent to Driver
# [Driver] Data is sent to DUT
# [Monitor] Data is sent to Scoreboard
# [Base] Write finished! Write Random Data b5 at Address 02
# [Scoreboard] Get packet from Monitor: Address: 02, Data: 00
# [Stimulus] Packet is sent to Driver
#   1
# [Driver] Data is sent to DUT
# [Monitor] Data is sent to Scoreboard
# [base] Write finished! Write data 06 at Address 00
# [Scoreboard] Get packet from Monitor: Address: 00, Data: 00
# [Stimulus] Packet is sent to Driver
#   0
# [Driver] Data is sent to DUT
# [Monitor] Data is sent to Scoreboard
# [base] Write finished! Write data 03 at Address 00
# [Scoreboard] Get packet from Monitor: Address: 00, Data: 00
# 
# ===== t=323570000 PASSED SUCCESSFULLY !!! Expected timing is 905000, Actual timing is 919999 =====
# 
# [Stimulus] Packet is sent to Driver
# [Driver] Data is sent to DUT
# [Monitor] Data is sent to Scoreboard
# [base] Write finished! Write data 02 at Address 03
# [Scoreboard] Get packet from Monitor: Address: 03, Data: 00
# [Stimulus] Packet is sent to Driver
# [Driver] Data is sent to DUT
# [Monitor] Data is sent to Scoreboard
# [Base] Write finished! Write Random Data de at Address 02
# [Scoreboard] Get packet from Monitor: Address: 02, Data: 00
# [Stimulus] Packet is sent to Driver
#   1
# [Driver] Data is sent to DUT
# [Monitor] Data is sent to Scoreboard
# [base] Write finished! Write data 06 at Address 00
# [Scoreboard] Get packet from Monitor: Address: 00, Data: 00
# [Stimulus] Packet is sent to Driver
#   0
# [Driver] Data is sent to DUT
# [Monitor] Data is sent to Scoreboard
# [base] Write finished! Write data 03 at Address 00
# [Scoreboard] Get packet from Monitor: Address: 00, Data: 00
# 
# ===== t=324970000 PASSED SUCCESSFULLY !!! Expected timing is 1110000, Actual timing is 1119999 =====
# 
# [Stimulus] Packet is sent to Driver
# [Driver] Data is sent to DUT
# [Monitor] Data is sent to Scoreboard
# [base] Write finished! Write data 02 at Address 03
# [Scoreboard] Get packet from Monitor: Address: 03, Data: 00
# [Stimulus] Packet is sent to Driver
# [Driver] Data is sent to DUT
# [Monitor] Data is sent to Scoreboard
# [Base] Write finished! Write Random Data 59 at Address 02
# [Scoreboard] Get packet from Monitor: Address: 02, Data: 00
# [Stimulus] Packet is sent to Driver
#   1
# [Driver] Data is sent to DUT
# [Monitor] Data is sent to Scoreboard
# [base] Write finished! Write data 06 at Address 00
# [Scoreboard] Get packet from Monitor: Address: 00, Data: 00
# [Stimulus] Packet is sent to Driver
#   0
# [Driver] Data is sent to DUT
# [Monitor] Data is sent to Scoreboard
# [base] Write finished! Write data 03 at Address 00
# [Scoreboard] Get packet from Monitor: Address: 00, Data: 00
# 
# ===== t=325710000 PASSED SUCCESSFULLY !!! Expected timing is 445000, Actual timing is 459999 =====
# 
# [Stimulus] Packet is sent to Driver
# [Driver] Data is sent to DUT
# [Monitor] Data is sent to Scoreboard
# [base] Write finished! Write data 02 at Address 03
# [Scoreboard] Get packet from Monitor: Address: 03, Data: 00
# [Stimulus] Packet is sent to Driver
# [Driver] Data is sent to DUT
# [Monitor] Data is sent to Scoreboard
# [Base] Write finished! Write Random Data fb at Address 02
# [Scoreboard] Get packet from Monitor: Address: 02, Data: 00
# [Stimulus] Packet is sent to Driver
#   1
# [Driver] Data is sent to DUT
# [Monitor] Data is sent to Scoreboard
# [base] Write finished! Write data 06 at Address 00
# [Scoreboard] Get packet from Monitor: Address: 00, Data: 00
# [Stimulus] Packet is sent to Driver
#   0
# [Driver] Data is sent to DUT
# [Monitor] Data is sent to Scoreboard
# [base] Write finished! Write data 03 at Address 00
# [Scoreboard] Get packet from Monitor: Address: 00, Data: 00
# 
# ===== t=327270000 PASSED SUCCESSFULLY !!! Expected timing is 1255000, Actual timing is 1279999 =====
# 
# [Stimulus] Packet is sent to Driver
# [Driver] Data is sent to DUT
# [Monitor] Data is sent to Scoreboard
# [base] Write finished! Write data 02 at Address 03
# [Scoreboard] Get packet from Monitor: Address: 03, Data: 00
# [Stimulus] Packet is sent to Driver
# [Driver] Data is sent to DUT
# [Monitor] Data is sent to Scoreboard
# [Base] Write finished! Write Random Data 1c at Address 02
# [Scoreboard] Get packet from Monitor: Address: 02, Data: 00
# [Stimulus] Packet is sent to Driver
#   1
# [Driver] Data is sent to DUT
# [Monitor] Data is sent to Scoreboard
# [base] Write finished! Write data 06 at Address 00
# [Scoreboard] Get packet from Monitor: Address: 00, Data: 00
# [Stimulus] Packet is sent to Driver
#   0
# [Driver] Data is sent to DUT
# [Monitor] Data is sent to Scoreboard
# [base] Write finished! Write data 03 at Address 00
# [Scoreboard] Get packet from Monitor: Address: 00, Data: 00
# 
# ===== t=327710000 PASSED SUCCESSFULLY !!! Expected timing is 140000, Actual timing is 159999 =====
# 
# [Stimulus] Packet is sent to Driver
# [Driver] Data is sent to DUT
# [Monitor] Data is sent to Scoreboard
# [base] Write finished! Write data 02 at Address 03
# [Scoreboard] Get packet from Monitor: Address: 03, Data: 00
# [Stimulus] Packet is sent to Driver
# [Driver] Data is sent to DUT
# [Monitor] Data is sent to Scoreboard
# [Base] Write finished! Write Random Data e7 at Address 02
# [Scoreboard] Get packet from Monitor: Address: 02, Data: 00
# [Stimulus] Packet is sent to Driver
#   1
# [Driver] Data is sent to DUT
# [Monitor] Data is sent to Scoreboard
# [base] Write finished! Write data 06 at Address 00
# [Scoreboard] Get packet from Monitor: Address: 00, Data: 00
# [Stimulus] Packet is sent to Driver
#   0
# [Driver] Data is sent to DUT
# [Monitor] Data is sent to Scoreboard
# [base] Write finished! Write data 03 at Address 00
# [Scoreboard] Get packet from Monitor: Address: 00, Data: 00
# 
# ===== t=329170000 PASSED SUCCESSFULLY !!! Expected timing is 1155000, Actual timing is 1179999 =====
# 
# [Stimulus] Packet is sent to Driver
# [Driver] Data is sent to DUT
# [Monitor] Data is sent to Scoreboard
# [base] Write finished! Write data 02 at Address 03
# [Scoreboard] Get packet from Monitor: Address: 03, Data: 00
# [Stimulus] Packet is sent to Driver
# [Driver] Data is sent to DUT
# [Monitor] Data is sent to Scoreboard
# [Base] Write finished! Write Random Data b4 at Address 02
# [Scoreboard] Get packet from Monitor: Address: 02, Data: 00
# [Stimulus] Packet is sent to Driver
#   1
# [Driver] Data is sent to DUT
# [Monitor] Data is sent to Scoreboard
# [base] Write finished! Write data 06 at Address 00
# [Scoreboard] Get packet from Monitor: Address: 00, Data: 00
# [Stimulus] Packet is sent to Driver
#   0
# [Driver] Data is sent to DUT
# [Monitor] Data is sent to Scoreboard
# [base] Write finished! Write data 03 at Address 00
# [Scoreboard] Get packet from Monitor: Address: 00, Data: 00
# 
# ===== t=330370000 PASSED SUCCESSFULLY !!! Expected timing is 900000, Actual timing is 919999 =====
# 
# [Stimulus] Packet is sent to Driver
# [Driver] Data is sent to DUT
# [Monitor] Data is sent to Scoreboard
# [base] Write finished! Write data 02 at Address 03
# [Scoreboard] Get packet from Monitor: Address: 03, Data: 00
# [Stimulus] Packet is sent to Driver
# [Driver] Data is sent to DUT
# [Monitor] Data is sent to Scoreboard
# [Base] Write finished! Write Random Data 6a at Address 02
# [Scoreboard] Get packet from Monitor: Address: 02, Data: 00
# [Stimulus] Packet is sent to Driver
#   1
# [Driver] Data is sent to DUT
# [Monitor] Data is sent to Scoreboard
# [base] Write finished! Write data 06 at Address 00
# [Scoreboard] Get packet from Monitor: Address: 00, Data: 00
# [Stimulus] Packet is sent to Driver
#   0
# [Driver] Data is sent to DUT
# [Monitor] Data is sent to Scoreboard
# [base] Write finished! Write data 03 at Address 00
# [Scoreboard] Get packet from Monitor: Address: 00, Data: 00
# 
# ===== t=331190000 PASSED SUCCESSFULLY !!! Expected timing is 530000, Actual timing is 539999 =====
# 
# [Stimulus] Packet is sent to Driver
# [Driver] Data is sent to DUT
# [Monitor] Data is sent to Scoreboard
# [base] Write finished! Write data 02 at Address 03
# [Scoreboard] Get packet from Monitor: Address: 03, Data: 00
# [Stimulus] Packet is sent to Driver
# [Driver] Data is sent to DUT
# [Monitor] Data is sent to Scoreboard
# [Base] Write finished! Write Random Data a0 at Address 02
# [Scoreboard] Get packet from Monitor: Address: 02, Data: 00
# [Stimulus] Packet is sent to Driver
#   1
# [Driver] Data is sent to DUT
# [Monitor] Data is sent to Scoreboard
# [base] Write finished! Write data 06 at Address 00
# [Scoreboard] Get packet from Monitor: Address: 00, Data: 00
# [Stimulus] Packet is sent to Driver
#   0
# [Driver] Data is sent to DUT
# [Monitor] Data is sent to Scoreboard
# [base] Write finished! Write data 03 at Address 00
# [Scoreboard] Get packet from Monitor: Address: 00, Data: 00
# 
# ===== t=332290000 PASSED SUCCESSFULLY !!! Expected timing is 800000, Actual timing is 819999 =====
# 
# [Stimulus] Packet is sent to Driver
# [Driver] Data is sent to DUT
# [Monitor] Data is sent to Scoreboard
# [base] Write finished! Write data 02 at Address 03
# [Scoreboard] Get packet from Monitor: Address: 03, Data: 00
# [Stimulus] Packet is sent to Driver
# [Driver] Data is sent to DUT
# [Monitor] Data is sent to Scoreboard
# [Base] Write finished! Write Random Data 31 at Address 02
# [Scoreboard] Get packet from Monitor: Address: 02, Data: 00
# [Stimulus] Packet is sent to Driver
#   1
# [Driver] Data is sent to DUT
# [Monitor] Data is sent to Scoreboard
# [base] Write finished! Write data 06 at Address 00
# [Scoreboard] Get packet from Monitor: Address: 00, Data: 00
# [Stimulus] Packet is sent to Driver
#   0
# [Driver] Data is sent to DUT
# [Monitor] Data is sent to Scoreboard
# [base] Write finished! Write data 03 at Address 00
# [Scoreboard] Get packet from Monitor: Address: 00, Data: 00
# 
# ===== t=332830000 PASSED SUCCESSFULLY !!! Expected timing is 245000, Actual timing is 259999 =====
# 
# [Stimulus] Packet is sent to Driver
# [Driver] Data is sent to DUT
# [Monitor] Data is sent to Scoreboard
# [base] Write finished! Write data 02 at Address 03
# [Scoreboard] Get packet from Monitor: Address: 03, Data: 00
# [Stimulus] Packet is sent to Driver
# [Driver] Data is sent to DUT
# [Monitor] Data is sent to Scoreboard
# [Base] Write finished! Write Random Data b6 at Address 02
# [Scoreboard] Get packet from Monitor: Address: 02, Data: 00
# [Stimulus] Packet is sent to Driver
#   1
# [Driver] Data is sent to DUT
# [Monitor] Data is sent to Scoreboard
# [base] Write finished! Write data 06 at Address 00
# [Scoreboard] Get packet from Monitor: Address: 00, Data: 00
# [Stimulus] Packet is sent to Driver
#   0
# [Driver] Data is sent to DUT
# [Monitor] Data is sent to Scoreboard
# [base] Write finished! Write data 03 at Address 00
# [Scoreboard] Get packet from Monitor: Address: 00, Data: 00
# 
# ===== t=334030000 PASSED SUCCESSFULLY !!! Expected timing is 910000, Actual timing is 919999 =====
# 
# [Stimulus] Packet is sent to Driver
# [Driver] Data is sent to DUT
# [Monitor] Data is sent to Scoreboard
# [base] Write finished! Write data 02 at Address 03
# [Scoreboard] Get packet from Monitor: Address: 03, Data: 00
# [Stimulus] Packet is sent to Driver
# [Driver] Data is sent to DUT
# [Monitor] Data is sent to Scoreboard
# [Base] Write finished! Write Random Data 14 at Address 02
# [Scoreboard] Get packet from Monitor: Address: 02, Data: 00
# [Stimulus] Packet is sent to Driver
#   1
# [Driver] Data is sent to DUT
# [Monitor] Data is sent to Scoreboard
# [base] Write finished! Write data 06 at Address 00
# [Scoreboard] Get packet from Monitor: Address: 00, Data: 00
# [Stimulus] Packet is sent to Driver
#   0
# [Driver] Data is sent to DUT
# [Monitor] Data is sent to Scoreboard
# [base] Write finished! Write data 03 at Address 00
# [Scoreboard] Get packet from Monitor: Address: 00, Data: 00
# 
# ===== t=334430000 PASSED SUCCESSFULLY !!! Expected timing is 100000, Actual timing is 119999 =====
# 
# [Stimulus] Packet is sent to Driver
# [Driver] Data is sent to DUT
# [Monitor] Data is sent to Scoreboard
# [base] Write finished! Write data 02 at Address 03
# [Scoreboard] Get packet from Monitor: Address: 03, Data: 00
# [Stimulus] Packet is sent to Driver
# [Driver] Data is sent to DUT
# [Monitor] Data is sent to Scoreboard
# [Base] Write finished! Write Random Data e3 at Address 02
# [Scoreboard] Get packet from Monitor: Address: 02, Data: 00
# [Stimulus] Packet is sent to Driver
#   1
# [Driver] Data is sent to DUT
# [Monitor] Data is sent to Scoreboard
# [base] Write finished! Write data 06 at Address 00
# [Scoreboard] Get packet from Monitor: Address: 00, Data: 00
# [Stimulus] Packet is sent to Driver
#   0
# [Driver] Data is sent to DUT
# [Monitor] Data is sent to Scoreboard
# [base] Write finished! Write data 03 at Address 00
# [Scoreboard] Get packet from Monitor: Address: 00, Data: 00
# 
# ===== t=335870000 PASSED SUCCESSFULLY !!! Expected timing is 1135000, Actual timing is 1159999 =====
# 
# [Stimulus] Packet is sent to Driver
# [Driver] Data is sent to DUT
# [Monitor] Data is sent to Scoreboard
# [base] Write finished! Write data 02 at Address 03
# [Scoreboard] Get packet from Monitor: Address: 03, Data: 00
# [Stimulus] Packet is sent to Driver
# [Driver] Data is sent to DUT
# [Monitor] Data is sent to Scoreboard
# [Base] Write finished! Write Random Data 5d at Address 02
# [Scoreboard] Get packet from Monitor: Address: 02, Data: 00
# [Stimulus] Packet is sent to Driver
#   1
# [Driver] Data is sent to DUT
# [Monitor] Data is sent to Scoreboard
# [base] Write finished! Write data 06 at Address 00
# [Scoreboard] Get packet from Monitor: Address: 00, Data: 00
# [Stimulus] Packet is sent to Driver
#   0
# [Driver] Data is sent to DUT
# [Monitor] Data is sent to Scoreboard
# [base] Write finished! Write data 03 at Address 00
# [Scoreboard] Get packet from Monitor: Address: 00, Data: 00
# 
# ===== t=336630000 PASSED SUCCESSFULLY !!! Expected timing is 465000, Actual timing is 479999 =====
# 
# [Stimulus] Packet is sent to Driver
# [Driver] Data is sent to DUT
# [Monitor] Data is sent to Scoreboard
# [base] Write finished! Write data 02 at Address 03
# [Scoreboard] Get packet from Monitor: Address: 03, Data: 00
# [Stimulus] Packet is sent to Driver
# [Driver] Data is sent to DUT
# [Monitor] Data is sent to Scoreboard
# [Base] Write finished! Write Random Data be at Address 02
# [Scoreboard] Get packet from Monitor: Address: 02, Data: 00
# [Stimulus] Packet is sent to Driver
#   1
# [Driver] Data is sent to DUT
# [Monitor] Data is sent to Scoreboard
# [base] Write finished! Write data 06 at Address 00
# [Scoreboard] Get packet from Monitor: Address: 00, Data: 00
# [Stimulus] Packet is sent to Driver
#   0
# [Driver] Data is sent to DUT
# [Monitor] Data is sent to Scoreboard
# [base] Write finished! Write data 03 at Address 00
# [Scoreboard] Get packet from Monitor: Address: 00, Data: 00
# 
# ===== t=337870000 PASSED SUCCESSFULLY !!! Expected timing is 950000, Actual timing is 959999 =====
# 
# [Stimulus] Packet is sent to Driver
# [Driver] Data is sent to DUT
# [Monitor] Data is sent to Scoreboard
# [base] Write finished! Write data 02 at Address 03
# [Scoreboard] Get packet from Monitor: Address: 03, Data: 00
# [Stimulus] Packet is sent to Driver
# [Driver] Data is sent to DUT
# [Monitor] Data is sent to Scoreboard
# [Base] Write finished! Write Random Data 2d at Address 02
# [Scoreboard] Get packet from Monitor: Address: 02, Data: 00
# [Stimulus] Packet is sent to Driver
#   1
# [Driver] Data is sent to DUT
# [Monitor] Data is sent to Scoreboard
# [base] Write finished! Write data 06 at Address 00
# [Scoreboard] Get packet from Monitor: Address: 00, Data: 00
# [Stimulus] Packet is sent to Driver
#   0
# [Driver] Data is sent to DUT
# [Monitor] Data is sent to Scoreboard
# [base] Write finished! Write data 03 at Address 00
# [Scoreboard] Get packet from Monitor: Address: 00, Data: 00
# 
# ===== t=338390000 PASSED SUCCESSFULLY !!! Expected timing is 225000, Actual timing is 239999 =====
# 
# [Stimulus] Packet is sent to Driver
# [Driver] Data is sent to DUT
# [Monitor] Data is sent to Scoreboard
# [base] Write finished! Write data 02 at Address 03
# [Scoreboard] Get packet from Monitor: Address: 03, Data: 00
# [Stimulus] Packet is sent to Driver
# [Driver] Data is sent to DUT
# [Monitor] Data is sent to Scoreboard
# [Base] Write finished! Write Random Data cb at Address 02
# [Scoreboard] Get packet from Monitor: Address: 02, Data: 00
# [Stimulus] Packet is sent to Driver
#   1
# [Driver] Data is sent to DUT
# [Monitor] Data is sent to Scoreboard
# [base] Write finished! Write data 06 at Address 00
# [Scoreboard] Get packet from Monitor: Address: 00, Data: 00
# [Stimulus] Packet is sent to Driver
#   0
# [Driver] Data is sent to DUT
# [Monitor] Data is sent to Scoreboard
# [base] Write finished! Write data 03 at Address 00
# [Scoreboard] Get packet from Monitor: Address: 00, Data: 00
# 
# ===== t=339710000 PASSED SUCCESSFULLY !!! Expected timing is 1015000, Actual timing is 1039999 =====
# 
# [Stimulus] Packet is sent to Driver
# [Driver] Data is sent to DUT
# [Monitor] Data is sent to Scoreboard
# [base] Write finished! Write data 02 at Address 03
# [Scoreboard] Get packet from Monitor: Address: 03, Data: 00
# [Stimulus] Packet is sent to Driver
# [Driver] Data is sent to DUT
# [Monitor] Data is sent to Scoreboard
# [Base] Write finished! Write Random Data 66 at Address 02
# [Scoreboard] Get packet from Monitor: Address: 02, Data: 00
# [Stimulus] Packet is sent to Driver
#   1
# [Driver] Data is sent to DUT
# [Monitor] Data is sent to Scoreboard
# [base] Write finished! Write data 06 at Address 00
# [Scoreboard] Get packet from Monitor: Address: 00, Data: 00
# [Stimulus] Packet is sent to Driver
#   0
# [Driver] Data is sent to DUT
# [Monitor] Data is sent to Scoreboard
# [base] Write finished! Write data 03 at Address 00
# [Scoreboard] Get packet from Monitor: Address: 00, Data: 00
# 
# ===== t=340510000 PASSED SUCCESSFULLY !!! Expected timing is 510000, Actual timing is 519999 =====
# 
# [Stimulus] Packet is sent to Driver
# [Driver] Data is sent to DUT
# [Monitor] Data is sent to Scoreboard
# [base] Write finished! Write data 02 at Address 03
# [Scoreboard] Get packet from Monitor: Address: 03, Data: 00
# [Stimulus] Packet is sent to Driver
# [Driver] Data is sent to DUT
# [Monitor] Data is sent to Scoreboard
# [Base] Write finished! Write Random Data 89 at Address 02
# [Scoreboard] Get packet from Monitor: Address: 02, Data: 00
# [Stimulus] Packet is sent to Driver
#   1
# [Driver] Data is sent to DUT
# [Monitor] Data is sent to Scoreboard
# [base] Write finished! Write data 06 at Address 00
# [Scoreboard] Get packet from Monitor: Address: 00, Data: 00
# [Stimulus] Packet is sent to Driver
#   0
# [Driver] Data is sent to DUT
# [Monitor] Data is sent to Scoreboard
# [base] Write finished! Write data 03 at Address 00
# [Scoreboard] Get packet from Monitor: Address: 00, Data: 00
# 
# ===== t=341490000 PASSED SUCCESSFULLY !!! Expected timing is 685000, Actual timing is 699999 =====
# 
# [Stimulus] Packet is sent to Driver
# [Driver] Data is sent to DUT
# [Monitor] Data is sent to Scoreboard
# [base] Write finished! Write data 02 at Address 03
# [Scoreboard] Get packet from Monitor: Address: 03, Data: 00
# [Stimulus] Packet is sent to Driver
# [Driver] Data is sent to DUT
# [Monitor] Data is sent to Scoreboard
# [Base] Write finished! Write Random Data e9 at Address 02
# [Scoreboard] Get packet from Monitor: Address: 02, Data: 00
# [Stimulus] Packet is sent to Driver
#   1
# [Driver] Data is sent to DUT
# [Monitor] Data is sent to Scoreboard
# [base] Write finished! Write data 06 at Address 00
# [Scoreboard] Get packet from Monitor: Address: 00, Data: 00
# [Stimulus] Packet is sent to Driver
#   0
# [Driver] Data is sent to DUT
# [Monitor] Data is sent to Scoreboard
# [base] Write finished! Write data 03 at Address 00
# [Scoreboard] Get packet from Monitor: Address: 00, Data: 00
# 
# ===== t=342950000 PASSED SUCCESSFULLY !!! Expected timing is 1165000, Actual timing is 1179999 =====
# 
# [Stimulus] Packet is sent to Driver
# [Driver] Data is sent to DUT
# [Monitor] Data is sent to Scoreboard
# [base] Write finished! Write data 02 at Address 03
# [Scoreboard] Get packet from Monitor: Address: 03, Data: 00
# [Stimulus] Packet is sent to Driver
# [Driver] Data is sent to DUT
# [Monitor] Data is sent to Scoreboard
# [Base] Write finished! Write Random Data ca at Address 02
# [Scoreboard] Get packet from Monitor: Address: 02, Data: 00
# [Stimulus] Packet is sent to Driver
#   1
# [Driver] Data is sent to DUT
# [Monitor] Data is sent to Scoreboard
# [base] Write finished! Write data 06 at Address 00
# [Scoreboard] Get packet from Monitor: Address: 00, Data: 00
# [Stimulus] Packet is sent to Driver
#   0
# [Driver] Data is sent to DUT
# [Monitor] Data is sent to Scoreboard
# [base] Write finished! Write data 03 at Address 00
# [Scoreboard] Get packet from Monitor: Address: 00, Data: 00
# 
# ===== t=344250000 PASSED SUCCESSFULLY !!! Expected timing is 1010000, Actual timing is 1019999 =====
# 
# [Stimulus] Packet is sent to Driver
# [Driver] Data is sent to DUT
# [Monitor] Data is sent to Scoreboard
# [base] Write finished! Write data 02 at Address 03
# [Scoreboard] Get packet from Monitor: Address: 03, Data: 00
# [Stimulus] Packet is sent to Driver
# [Driver] Data is sent to DUT
# [Monitor] Data is sent to Scoreboard
# [Base] Write finished! Write Random Data 50 at Address 02
# [Scoreboard] Get packet from Monitor: Address: 02, Data: 00
# [Stimulus] Packet is sent to Driver
#   1
# [Driver] Data is sent to DUT
# [Monitor] Data is sent to Scoreboard
# [base] Write finished! Write data 06 at Address 00
# [Scoreboard] Get packet from Monitor: Address: 00, Data: 00
# [Stimulus] Packet is sent to Driver
#   0
# [Driver] Data is sent to DUT
# [Monitor] Data is sent to Scoreboard
# [base] Write finished! Write data 03 at Address 00
# [Scoreboard] Get packet from Monitor: Address: 00, Data: 00
# 
# ===== t=344950000 PASSED SUCCESSFULLY !!! Expected timing is 400000, Actual timing is 419999 =====
# 
# [Stimulus] Packet is sent to Driver
# [Driver] Data is sent to DUT
# [Monitor] Data is sent to Scoreboard
# [base] Write finished! Write data 02 at Address 03
# [Scoreboard] Get packet from Monitor: Address: 03, Data: 00
# [Stimulus] Packet is sent to Driver
# [Driver] Data is sent to DUT
# [Monitor] Data is sent to Scoreboard
# [Base] Write finished! Write Random Data af at Address 02
# [Scoreboard] Get packet from Monitor: Address: 02, Data: 00
# [Stimulus] Packet is sent to Driver
#   1
# [Driver] Data is sent to DUT
# [Monitor] Data is sent to Scoreboard
# [base] Write finished! Write data 06 at Address 00
# [Scoreboard] Get packet from Monitor: Address: 00, Data: 00
# [Stimulus] Packet is sent to Driver
#   0
# [Driver] Data is sent to DUT
# [Monitor] Data is sent to Scoreboard
# [base] Write finished! Write data 03 at Address 00
# [Scoreboard] Get packet from Monitor: Address: 00, Data: 00
# 
# ===== t=346130000 PASSED SUCCESSFULLY !!! Expected timing is 875000, Actual timing is 899999 =====
# 
# [Stimulus] Packet is sent to Driver
# [Driver] Data is sent to DUT
# [Monitor] Data is sent to Scoreboard
# [base] Write finished! Write data 02 at Address 03
# [Scoreboard] Get packet from Monitor: Address: 03, Data: 00
# [Stimulus] Packet is sent to Driver
# [Driver] Data is sent to DUT
# [Monitor] Data is sent to Scoreboard
# [Base] Write finished! Write Random Data 68 at Address 02
# [Scoreboard] Get packet from Monitor: Address: 02, Data: 00
# [Stimulus] Packet is sent to Driver
#   1
# [Driver] Data is sent to DUT
# [Monitor] Data is sent to Scoreboard
# [base] Write finished! Write data 06 at Address 00
# [Scoreboard] Get packet from Monitor: Address: 00, Data: 00
# [Stimulus] Packet is sent to Driver
#   0
# [Driver] Data is sent to DUT
# [Monitor] Data is sent to Scoreboard
# [base] Write finished! Write data 03 at Address 00
# [Scoreboard] Get packet from Monitor: Address: 00, Data: 00
# 
# ===== t=346950000 PASSED SUCCESSFULLY !!! Expected timing is 520000, Actual timing is 539999 =====
# 
# [Stimulus] Packet is sent to Driver
# [Driver] Data is sent to DUT
# [Monitor] Data is sent to Scoreboard
# [base] Write finished! Write data 02 at Address 03
# [Scoreboard] Get packet from Monitor: Address: 03, Data: 00
# [Stimulus] Packet is sent to Driver
# [Driver] Data is sent to DUT
# [Monitor] Data is sent to Scoreboard
# [Base] Write finished! Write Random Data 4f at Address 02
# [Scoreboard] Get packet from Monitor: Address: 02, Data: 00
# [Stimulus] Packet is sent to Driver
#   1
# [Driver] Data is sent to DUT
# [Monitor] Data is sent to Scoreboard
# [base] Write finished! Write data 06 at Address 00
# [Scoreboard] Get packet from Monitor: Address: 00, Data: 00
# [Stimulus] Packet is sent to Driver
#   0
# [Driver] Data is sent to DUT
# [Monitor] Data is sent to Scoreboard
# [base] Write finished! Write data 03 at Address 00
# [Scoreboard] Get packet from Monitor: Address: 00, Data: 00
# 
# ===== t=347650000 PASSED SUCCESSFULLY !!! Expected timing is 395000, Actual timing is 419999 =====
# 
# [Stimulus] Packet is sent to Driver
# [Driver] Data is sent to DUT
# [Monitor] Data is sent to Scoreboard
# [base] Write finished! Write data 02 at Address 03
# [Scoreboard] Get packet from Monitor: Address: 03, Data: 00
# [Stimulus] Packet is sent to Driver
# [Driver] Data is sent to DUT
# [Monitor] Data is sent to Scoreboard
# [Base] Write finished! Write Random Data bb at Address 02
# [Scoreboard] Get packet from Monitor: Address: 02, Data: 00
# [Stimulus] Packet is sent to Driver
#   1
# [Driver] Data is sent to DUT
# [Monitor] Data is sent to Scoreboard
# [base] Write finished! Write data 06 at Address 00
# [Scoreboard] Get packet from Monitor: Address: 00, Data: 00
# [Stimulus] Packet is sent to Driver
#   0
# [Driver] Data is sent to DUT
# [Monitor] Data is sent to Scoreboard
# [base] Write finished! Write data 03 at Address 00
# [Scoreboard] Get packet from Monitor: Address: 00, Data: 00
# 
# ===== t=348890000 PASSED SUCCESSFULLY !!! Expected timing is 935000, Actual timing is 959999 =====
# 
# [Stimulus] Packet is sent to Driver
# [Driver] Data is sent to DUT
# [Monitor] Data is sent to Scoreboard
# [base] Write finished! Write data 02 at Address 03
# [Scoreboard] Get packet from Monitor: Address: 03, Data: 00
# [Stimulus] Packet is sent to Driver
# [Driver] Data is sent to DUT
# [Monitor] Data is sent to Scoreboard
# [Base] Write finished! Write Random Data a9 at Address 02
# [Scoreboard] Get packet from Monitor: Address: 02, Data: 00
# [Stimulus] Packet is sent to Driver
#   1
# [Driver] Data is sent to DUT
# [Monitor] Data is sent to Scoreboard
# [base] Write finished! Write data 06 at Address 00
# [Scoreboard] Get packet from Monitor: Address: 00, Data: 00
# [Stimulus] Packet is sent to Driver
#   0
# [Driver] Data is sent to DUT
# [Monitor] Data is sent to Scoreboard
# [base] Write finished! Write data 03 at Address 00
# [Scoreboard] Get packet from Monitor: Address: 00, Data: 00
# 
# ===== t=350030000 PASSED SUCCESSFULLY !!! Expected timing is 845000, Actual timing is 859999 =====
# 
# [Stimulus] Packet is sent to Driver
# [Driver] Data is sent to DUT
# [Monitor] Data is sent to Scoreboard
# [base] Write finished! Write data 02 at Address 03
# [Scoreboard] Get packet from Monitor: Address: 03, Data: 00
# [Stimulus] Packet is sent to Driver
# [Driver] Data is sent to DUT
# [Monitor] Data is sent to Scoreboard
# [Base] Write finished! Write Random Data 37 at Address 02
# [Scoreboard] Get packet from Monitor: Address: 02, Data: 00
# [Stimulus] Packet is sent to Driver
#   1
# [Driver] Data is sent to DUT
# [Monitor] Data is sent to Scoreboard
# [base] Write finished! Write data 06 at Address 00
# [Scoreboard] Get packet from Monitor: Address: 00, Data: 00
# [Stimulus] Packet is sent to Driver
#   0
# [Driver] Data is sent to DUT
# [Monitor] Data is sent to Scoreboard
# [base] Write finished! Write data 03 at Address 00
# [Scoreboard] Get packet from Monitor: Address: 00, Data: 00
# 
# ===== t=350610000 PASSED SUCCESSFULLY !!! Expected timing is 275000, Actual timing is 299999 =====
# 
# [Stimulus] Packet is sent to Driver
# [Driver] Data is sent to DUT
# [Monitor] Data is sent to Scoreboard
# [base] Write finished! Write data 02 at Address 03
# [Scoreboard] Get packet from Monitor: Address: 03, Data: 00
# [Stimulus] Packet is sent to Driver
# [Driver] Data is sent to DUT
# [Monitor] Data is sent to Scoreboard
# [Base] Write finished! Write Random Data 26 at Address 02
# [Scoreboard] Get packet from Monitor: Address: 02, Data: 00
# [Stimulus] Packet is sent to Driver
#   1
# [Driver] Data is sent to DUT
# [Monitor] Data is sent to Scoreboard
# [base] Write finished! Write data 06 at Address 00
# [Scoreboard] Get packet from Monitor: Address: 00, Data: 00
# [Stimulus] Packet is sent to Driver
#   0
# [Driver] Data is sent to DUT
# [Monitor] Data is sent to Scoreboard
# [base] Write finished! Write data 03 at Address 00
# [Scoreboard] Get packet from Monitor: Address: 00, Data: 00
# 
# ===== t=351090000 PASSED SUCCESSFULLY !!! Expected timing is 190000, Actual timing is 199999 =====
# 
# [Stimulus] Packet is sent to Driver
# [Driver] Data is sent to DUT
# [Monitor] Data is sent to Scoreboard
# [base] Write finished! Write data 02 at Address 03
# [Scoreboard] Get packet from Monitor: Address: 03, Data: 00
# [Stimulus] Packet is sent to Driver
# [Driver] Data is sent to DUT
# [Monitor] Data is sent to Scoreboard
# [Base] Write finished! Write Random Data 28 at Address 02
# [Scoreboard] Get packet from Monitor: Address: 02, Data: 00
# [Stimulus] Packet is sent to Driver
#   1
# [Driver] Data is sent to DUT
# [Monitor] Data is sent to Scoreboard
# [base] Write finished! Write data 06 at Address 00
# [Scoreboard] Get packet from Monitor: Address: 00, Data: 00
# [Stimulus] Packet is sent to Driver
#   0
# [Driver] Data is sent to DUT
# [Monitor] Data is sent to Scoreboard
# [base] Write finished! Write data 03 at Address 00
# [Scoreboard] Get packet from Monitor: Address: 00, Data: 00
# 
# ===== t=351590000 PASSED SUCCESSFULLY !!! Expected timing is 200000, Actual timing is 219999 =====
# 
# [Stimulus] Packet is sent to Driver
# [Driver] Data is sent to DUT
# [Monitor] Data is sent to Scoreboard
# [base] Write finished! Write data 02 at Address 03
# [Scoreboard] Get packet from Monitor: Address: 03, Data: 00
# [Stimulus] Packet is sent to Driver
# [Driver] Data is sent to DUT
# [Monitor] Data is sent to Scoreboard
# [Base] Write finished! Write Random Data ec at Address 02
# [Scoreboard] Get packet from Monitor: Address: 02, Data: 00
# [Stimulus] Packet is sent to Driver
#   1
# [Driver] Data is sent to DUT
# [Monitor] Data is sent to Scoreboard
# [base] Write finished! Write data 06 at Address 00
# [Scoreboard] Get packet from Monitor: Address: 00, Data: 00
# [Stimulus] Packet is sent to Driver
#   0
# [Driver] Data is sent to DUT
# [Monitor] Data is sent to Scoreboard
# [base] Write finished! Write data 03 at Address 00
# [Scoreboard] Get packet from Monitor: Address: 00, Data: 00
# 
# ===== t=353070000 PASSED SUCCESSFULLY !!! Expected timing is 1180000, Actual timing is 1199999 =====
# 
# [Stimulus] Packet is sent to Driver
# [Driver] Data is sent to DUT
# [Monitor] Data is sent to Scoreboard
# [base] Write finished! Write data 02 at Address 03
# [Scoreboard] Get packet from Monitor: Address: 03, Data: 00
# [Stimulus] Packet is sent to Driver
# [Driver] Data is sent to DUT
# [Monitor] Data is sent to Scoreboard
# [Base] Write finished! Write Random Data e1 at Address 02
# [Scoreboard] Get packet from Monitor: Address: 02, Data: 00
# [Stimulus] Packet is sent to Driver
#   1
# [Driver] Data is sent to DUT
# [Monitor] Data is sent to Scoreboard
# [base] Write finished! Write data 06 at Address 00
# [Scoreboard] Get packet from Monitor: Address: 00, Data: 00
# [Stimulus] Packet is sent to Driver
#   0
# [Driver] Data is sent to DUT
# [Monitor] Data is sent to Scoreboard
# [base] Write finished! Write data 03 at Address 00
# [Scoreboard] Get packet from Monitor: Address: 00, Data: 00
# 
# ===== t=354490000 PASSED SUCCESSFULLY !!! Expected timing is 1125000, Actual timing is 1139999 =====
# 
# [Stimulus] Packet is sent to Driver
# [Driver] Data is sent to DUT
# [Monitor] Data is sent to Scoreboard
# [base] Write finished! Write data 02 at Address 03
# [Scoreboard] Get packet from Monitor: Address: 03, Data: 00
# [Stimulus] Packet is sent to Driver
# [Driver] Data is sent to DUT
# [Monitor] Data is sent to Scoreboard
# [Base] Write finished! Write Random Data 76 at Address 02
# [Scoreboard] Get packet from Monitor: Address: 02, Data: 00
# [Stimulus] Packet is sent to Driver
#   1
# [Driver] Data is sent to DUT
# [Monitor] Data is sent to Scoreboard
# [base] Write finished! Write data 06 at Address 00
# [Scoreboard] Get packet from Monitor: Address: 00, Data: 00
# [Stimulus] Packet is sent to Driver
#   0
# [Driver] Data is sent to DUT
# [Monitor] Data is sent to Scoreboard
# [base] Write finished! Write data 03 at Address 00
# [Scoreboard] Get packet from Monitor: Address: 00, Data: 00
# 
# ===== t=355370000 PASSED SUCCESSFULLY !!! Expected timing is 590000, Actual timing is 599999 =====
# 
# [Stimulus] Packet is sent to Driver
# [Driver] Data is sent to DUT
# [Monitor] Data is sent to Scoreboard
# [base] Write finished! Write data 02 at Address 03
# [Scoreboard] Get packet from Monitor: Address: 03, Data: 00
# [Stimulus] Packet is sent to Driver
# [Driver] Data is sent to DUT
# [Monitor] Data is sent to Scoreboard
# [Base] Write finished! Write Random Data 4d at Address 02
# [Scoreboard] Get packet from Monitor: Address: 02, Data: 00
# [Stimulus] Packet is sent to Driver
#   1
# [Driver] Data is sent to DUT
# [Monitor] Data is sent to Scoreboard
# [base] Write finished! Write data 06 at Address 00
# [Scoreboard] Get packet from Monitor: Address: 00, Data: 00
# [Stimulus] Packet is sent to Driver
#   0
# [Driver] Data is sent to DUT
# [Monitor] Data is sent to Scoreboard
# [base] Write finished! Write data 03 at Address 00
# [Scoreboard] Get packet from Monitor: Address: 00, Data: 00
# 
# ===== t=356050000 PASSED SUCCESSFULLY !!! Expected timing is 385000, Actual timing is 399999 =====
# 
# [Stimulus] Packet is sent to Driver
# [Driver] Data is sent to DUT
# [Monitor] Data is sent to Scoreboard
# [base] Write finished! Write data 02 at Address 03
# [Scoreboard] Get packet from Monitor: Address: 03, Data: 00
# [Stimulus] Packet is sent to Driver
# [Driver] Data is sent to DUT
# [Monitor] Data is sent to Scoreboard
# [Base] Write finished! Write Random Data 2e at Address 02
# [Scoreboard] Get packet from Monitor: Address: 02, Data: 00
# [Stimulus] Packet is sent to Driver
#   1
# [Driver] Data is sent to DUT
# [Monitor] Data is sent to Scoreboard
# [base] Write finished! Write data 06 at Address 00
# [Scoreboard] Get packet from Monitor: Address: 00, Data: 00
# [Stimulus] Packet is sent to Driver
#   0
# [Driver] Data is sent to DUT
# [Monitor] Data is sent to Scoreboard
# [base] Write finished! Write data 03 at Address 00
# [Scoreboard] Get packet from Monitor: Address: 00, Data: 00
# 
# ===== t=356570000 PASSED SUCCESSFULLY !!! Expected timing is 230000, Actual timing is 239999 =====
# 
# [Stimulus] Packet is sent to Driver
# [Driver] Data is sent to DUT
# [Monitor] Data is sent to Scoreboard
# [base] Write finished! Write data 02 at Address 03
# [Scoreboard] Get packet from Monitor: Address: 03, Data: 00
# [Stimulus] Packet is sent to Driver
# [Driver] Data is sent to DUT
# [Monitor] Data is sent to Scoreboard
# [Base] Write finished! Write Random Data fb at Address 02
# [Scoreboard] Get packet from Monitor: Address: 02, Data: 00
# [Stimulus] Packet is sent to Driver
#   1
# [Driver] Data is sent to DUT
# [Monitor] Data is sent to Scoreboard
# [base] Write finished! Write data 06 at Address 00
# [Scoreboard] Get packet from Monitor: Address: 00, Data: 00
# [Stimulus] Packet is sent to Driver
#   0
# [Driver] Data is sent to DUT
# [Monitor] Data is sent to Scoreboard
# [base] Write finished! Write data 03 at Address 00
# [Scoreboard] Get packet from Monitor: Address: 00, Data: 00
# 
# ===== t=358130000 PASSED SUCCESSFULLY !!! Expected timing is 1255000, Actual timing is 1279999 =====
# 
# [Stimulus] Packet is sent to Driver
# [Driver] Data is sent to DUT
# [Monitor] Data is sent to Scoreboard
# [base] Write finished! Write data 02 at Address 03
# [Scoreboard] Get packet from Monitor: Address: 03, Data: 00
# [Stimulus] Packet is sent to Driver
# [Driver] Data is sent to DUT
# [Monitor] Data is sent to Scoreboard
# [Base] Write finished! Write Random Data bd at Address 02
# [Scoreboard] Get packet from Monitor: Address: 02, Data: 00
# [Stimulus] Packet is sent to Driver
#   1
# [Driver] Data is sent to DUT
# [Monitor] Data is sent to Scoreboard
# [base] Write finished! Write data 06 at Address 00
# [Scoreboard] Get packet from Monitor: Address: 00, Data: 00
# [Stimulus] Packet is sent to Driver
#   0
# [Driver] Data is sent to DUT
# [Monitor] Data is sent to Scoreboard
# [base] Write finished! Write data 03 at Address 00
# [Scoreboard] Get packet from Monitor: Address: 00, Data: 00
# 
# ===== t=359370000 PASSED SUCCESSFULLY !!! Expected timing is 945000, Actual timing is 959999 =====
# 
# [Stimulus] Packet is sent to Driver
# [Driver] Data is sent to DUT
# [Monitor] Data is sent to Scoreboard
# [base] Write finished! Write data 02 at Address 03
# [Scoreboard] Get packet from Monitor: Address: 03, Data: 00
# [Stimulus] Packet is sent to Driver
# [Driver] Data is sent to DUT
# [Monitor] Data is sent to Scoreboard
# [Base] Write finished! Write Random Data 98 at Address 02
# [Scoreboard] Get packet from Monitor: Address: 02, Data: 00
# [Stimulus] Packet is sent to Driver
#   1
# [Driver] Data is sent to DUT
# [Monitor] Data is sent to Scoreboard
# [base] Write finished! Write data 06 at Address 00
# [Scoreboard] Get packet from Monitor: Address: 00, Data: 00
# [Stimulus] Packet is sent to Driver
#   0
# [Driver] Data is sent to DUT
# [Monitor] Data is sent to Scoreboard
# [base] Write finished! Write data 03 at Address 00
# [Scoreboard] Get packet from Monitor: Address: 00, Data: 00
# 
# ===== t=360430000 PASSED SUCCESSFULLY !!! Expected timing is 760000, Actual timing is 779999 =====
# 
# [Stimulus] Packet is sent to Driver
# [Driver] Data is sent to DUT
# [Monitor] Data is sent to Scoreboard
# [base] Write finished! Write data 02 at Address 03
# [Scoreboard] Get packet from Monitor: Address: 03, Data: 00
# [Stimulus] Packet is sent to Driver
# [Driver] Data is sent to DUT
# [Monitor] Data is sent to Scoreboard
# [Base] Write finished! Write Random Data 4d at Address 02
# [Scoreboard] Get packet from Monitor: Address: 02, Data: 00
# [Stimulus] Packet is sent to Driver
#   1
# [Driver] Data is sent to DUT
# [Monitor] Data is sent to Scoreboard
# [base] Write finished! Write data 06 at Address 00
# [Scoreboard] Get packet from Monitor: Address: 00, Data: 00
# [Stimulus] Packet is sent to Driver
#   0
# [Driver] Data is sent to DUT
# [Monitor] Data is sent to Scoreboard
# [base] Write finished! Write data 03 at Address 00
# [Scoreboard] Get packet from Monitor: Address: 00, Data: 00
# 
# ===== t=361110000 PASSED SUCCESSFULLY !!! Expected timing is 385000, Actual timing is 399999 =====
# 
# [Stimulus] Packet is sent to Driver
# [Driver] Data is sent to DUT
# [Monitor] Data is sent to Scoreboard
# [base] Write finished! Write data 02 at Address 03
# [Scoreboard] Get packet from Monitor: Address: 03, Data: 00
# [Stimulus] Packet is sent to Driver
# [Driver] Data is sent to DUT
# [Monitor] Data is sent to Scoreboard
# [Base] Write finished! Write Random Data b5 at Address 02
# [Scoreboard] Get packet from Monitor: Address: 02, Data: 00
# [Stimulus] Packet is sent to Driver
#   1
# [Driver] Data is sent to DUT
# [Monitor] Data is sent to Scoreboard
# [base] Write finished! Write data 06 at Address 00
# [Scoreboard] Get packet from Monitor: Address: 00, Data: 00
# [Stimulus] Packet is sent to Driver
#   0
# [Driver] Data is sent to DUT
# [Monitor] Data is sent to Scoreboard
# [base] Write finished! Write data 03 at Address 00
# [Scoreboard] Get packet from Monitor: Address: 00, Data: 00
# 
# ===== t=362310000 PASSED SUCCESSFULLY !!! Expected timing is 905000, Actual timing is 919999 =====
# 
# [Stimulus] Packet is sent to Driver
# [Driver] Data is sent to DUT
# [Monitor] Data is sent to Scoreboard
# [base] Write finished! Write data 02 at Address 03
# [Scoreboard] Get packet from Monitor: Address: 03, Data: 00
# [Stimulus] Packet is sent to Driver
# [Driver] Data is sent to DUT
# [Monitor] Data is sent to Scoreboard
# [Base] Write finished! Write Random Data 53 at Address 02
# [Scoreboard] Get packet from Monitor: Address: 02, Data: 00
# [Stimulus] Packet is sent to Driver
#   1
# [Driver] Data is sent to DUT
# [Monitor] Data is sent to Scoreboard
# [base] Write finished! Write data 06 at Address 00
# [Scoreboard] Get packet from Monitor: Address: 00, Data: 00
# [Stimulus] Packet is sent to Driver
#   0
# [Driver] Data is sent to DUT
# [Monitor] Data is sent to Scoreboard
# [base] Write finished! Write data 03 at Address 00
# [Scoreboard] Get packet from Monitor: Address: 00, Data: 00
# 
# ===== t=363030000 PASSED SUCCESSFULLY !!! Expected timing is 415000, Actual timing is 439999 =====
# 
# [Stimulus] Packet is sent to Driver
# [Driver] Data is sent to DUT
# [Monitor] Data is sent to Scoreboard
# [base] Write finished! Write data 02 at Address 03
# [Scoreboard] Get packet from Monitor: Address: 03, Data: 00
# [Stimulus] Packet is sent to Driver
# [Driver] Data is sent to DUT
# [Monitor] Data is sent to Scoreboard
# [Base] Write finished! Write Random Data c1 at Address 02
# [Scoreboard] Get packet from Monitor: Address: 02, Data: 00
# [Stimulus] Packet is sent to Driver
#   1
# [Driver] Data is sent to DUT
# [Monitor] Data is sent to Scoreboard
# [base] Write finished! Write data 06 at Address 00
# [Scoreboard] Get packet from Monitor: Address: 00, Data: 00
# [Stimulus] Packet is sent to Driver
#   0
# [Driver] Data is sent to DUT
# [Monitor] Data is sent to Scoreboard
# [base] Write finished! Write data 03 at Address 00
# [Scoreboard] Get packet from Monitor: Address: 00, Data: 00
# 
# ===== t=364290000 PASSED SUCCESSFULLY !!! Expected timing is 965000, Actual timing is 979999 =====
# 
# [Stimulus] Packet is sent to Driver
# [Driver] Data is sent to DUT
# [Monitor] Data is sent to Scoreboard
# [base] Write finished! Write data 02 at Address 03
# [Scoreboard] Get packet from Monitor: Address: 03, Data: 00
# [Stimulus] Packet is sent to Driver
# [Driver] Data is sent to DUT
# [Monitor] Data is sent to Scoreboard
# [Base] Write finished! Write Random Data f5 at Address 02
# [Scoreboard] Get packet from Monitor: Address: 02, Data: 00
# [Stimulus] Packet is sent to Driver
#   1
# [Driver] Data is sent to DUT
# [Monitor] Data is sent to Scoreboard
# [base] Write finished! Write data 06 at Address 00
# [Scoreboard] Get packet from Monitor: Address: 00, Data: 00
# [Stimulus] Packet is sent to Driver
#   0
# [Driver] Data is sent to DUT
# [Monitor] Data is sent to Scoreboard
# [base] Write finished! Write data 03 at Address 00
# [Scoreboard] Get packet from Monitor: Address: 00, Data: 00
# 
# ===== t=365810000 PASSED SUCCESSFULLY !!! Expected timing is 1225000, Actual timing is 1239999 =====
# 
# [Stimulus] Packet is sent to Driver
# [Driver] Data is sent to DUT
# [Monitor] Data is sent to Scoreboard
# [base] Write finished! Write data 02 at Address 03
# [Scoreboard] Get packet from Monitor: Address: 03, Data: 00
# [Stimulus] Packet is sent to Driver
# [Driver] Data is sent to DUT
# [Monitor] Data is sent to Scoreboard
# [Base] Write finished! Write Random Data f7 at Address 02
# [Scoreboard] Get packet from Monitor: Address: 02, Data: 00
# [Stimulus] Packet is sent to Driver
#   1
# [Driver] Data is sent to DUT
# [Monitor] Data is sent to Scoreboard
# [base] Write finished! Write data 06 at Address 00
# [Scoreboard] Get packet from Monitor: Address: 00, Data: 00
# [Stimulus] Packet is sent to Driver
#   0
# [Driver] Data is sent to DUT
# [Monitor] Data is sent to Scoreboard
# [base] Write finished! Write data 03 at Address 00
# [Scoreboard] Get packet from Monitor: Address: 00, Data: 00
# 
# ===== t=367350000 PASSED SUCCESSFULLY !!! Expected timing is 1235000, Actual timing is 1259999 =====
# 
# [Stimulus] Packet is sent to Driver
# [Driver] Data is sent to DUT
# [Monitor] Data is sent to Scoreboard
# [base] Write finished! Write data 02 at Address 03
# [Scoreboard] Get packet from Monitor: Address: 03, Data: 00
# [Stimulus] Packet is sent to Driver
# [Driver] Data is sent to DUT
# [Monitor] Data is sent to Scoreboard
# [Base] Write finished! Write Random Data 96 at Address 02
# [Scoreboard] Get packet from Monitor: Address: 02, Data: 00
# [Stimulus] Packet is sent to Driver
#   1
# [Driver] Data is sent to DUT
# [Monitor] Data is sent to Scoreboard
# [base] Write finished! Write data 06 at Address 00
# [Scoreboard] Get packet from Monitor: Address: 00, Data: 00
# [Stimulus] Packet is sent to Driver
#   0
# [Driver] Data is sent to DUT
# [Monitor] Data is sent to Scoreboard
# [base] Write finished! Write data 03 at Address 00
# [Scoreboard] Get packet from Monitor: Address: 00, Data: 00
# 
# ===== t=368390000 PASSED SUCCESSFULLY !!! Expected timing is 750000, Actual timing is 759999 =====
# 
# [Stimulus] Packet is sent to Driver
# [Driver] Data is sent to DUT
# [Monitor] Data is sent to Scoreboard
# [base] Write finished! Write data 02 at Address 03
# [Scoreboard] Get packet from Monitor: Address: 03, Data: 00
# [Stimulus] Packet is sent to Driver
# [Driver] Data is sent to DUT
# [Monitor] Data is sent to Scoreboard
# [Base] Write finished! Write Random Data 72 at Address 02
# [Scoreboard] Get packet from Monitor: Address: 02, Data: 00
# [Stimulus] Packet is sent to Driver
#   1
# [Driver] Data is sent to DUT
# [Monitor] Data is sent to Scoreboard
# [base] Write finished! Write data 06 at Address 00
# [Scoreboard] Get packet from Monitor: Address: 00, Data: 00
# [Stimulus] Packet is sent to Driver
#   0
# [Driver] Data is sent to DUT
# [Monitor] Data is sent to Scoreboard
# [base] Write finished! Write data 03 at Address 00
# [Scoreboard] Get packet from Monitor: Address: 00, Data: 00
# 
# ===== t=369250000 PASSED SUCCESSFULLY !!! Expected timing is 570000, Actual timing is 579999 =====
# 
# [Stimulus] Packet is sent to Driver
# [Driver] Data is sent to DUT
# [Monitor] Data is sent to Scoreboard
# [base] Write finished! Write data 02 at Address 03
# [Scoreboard] Get packet from Monitor: Address: 03, Data: 00
# [Stimulus] Packet is sent to Driver
# [Driver] Data is sent to DUT
# [Monitor] Data is sent to Scoreboard
# [Base] Write finished! Write Random Data 53 at Address 02
# [Scoreboard] Get packet from Monitor: Address: 02, Data: 00
# [Stimulus] Packet is sent to Driver
#   1
# [Driver] Data is sent to DUT
# [Monitor] Data is sent to Scoreboard
# [base] Write finished! Write data 06 at Address 00
# [Scoreboard] Get packet from Monitor: Address: 00, Data: 00
# [Stimulus] Packet is sent to Driver
#   0
# [Driver] Data is sent to DUT
# [Monitor] Data is sent to Scoreboard
# [base] Write finished! Write data 03 at Address 00
# [Scoreboard] Get packet from Monitor: Address: 00, Data: 00
# 
# ===== t=369970000 PASSED SUCCESSFULLY !!! Expected timing is 415000, Actual timing is 439999 =====
# 
# [Stimulus] Packet is sent to Driver
# [Driver] Data is sent to DUT
# [Monitor] Data is sent to Scoreboard
# [base] Write finished! Write data 02 at Address 03
# [Scoreboard] Get packet from Monitor: Address: 03, Data: 00
# [Stimulus] Packet is sent to Driver
# [Driver] Data is sent to DUT
# [Monitor] Data is sent to Scoreboard
# [Base] Write finished! Write Random Data 1b at Address 02
# [Scoreboard] Get packet from Monitor: Address: 02, Data: 00
# [Stimulus] Packet is sent to Driver
#   1
# [Driver] Data is sent to DUT
# [Monitor] Data is sent to Scoreboard
# [base] Write finished! Write data 06 at Address 00
# [Scoreboard] Get packet from Monitor: Address: 00, Data: 00
# [Stimulus] Packet is sent to Driver
#   0
# [Driver] Data is sent to DUT
# [Monitor] Data is sent to Scoreboard
# [base] Write finished! Write data 03 at Address 00
# [Scoreboard] Get packet from Monitor: Address: 00, Data: 00
# 
# ===== t=370410000 PASSED SUCCESSFULLY !!! Expected timing is 135000, Actual timing is 159999 =====
# 
# [Stimulus] Packet is sent to Driver
# [Driver] Data is sent to DUT
# [Monitor] Data is sent to Scoreboard
# [base] Write finished! Write data 02 at Address 03
# [Scoreboard] Get packet from Monitor: Address: 03, Data: 00
# [Stimulus] Packet is sent to Driver
# [Driver] Data is sent to DUT
# [Monitor] Data is sent to Scoreboard
# [Base] Write finished! Write Random Data 9f at Address 02
# [Scoreboard] Get packet from Monitor: Address: 02, Data: 00
# [Stimulus] Packet is sent to Driver
#   1
# [Driver] Data is sent to DUT
# [Monitor] Data is sent to Scoreboard
# [base] Write finished! Write data 06 at Address 00
# [Scoreboard] Get packet from Monitor: Address: 00, Data: 00
# [Stimulus] Packet is sent to Driver
#   0
# [Driver] Data is sent to DUT
# [Monitor] Data is sent to Scoreboard
# [base] Write finished! Write data 03 at Address 00
# [Scoreboard] Get packet from Monitor: Address: 00, Data: 00
# 
# ===== t=371510000 PASSED SUCCESSFULLY !!! Expected timing is 795000, Actual timing is 819999 =====
# 
# [Stimulus] Packet is sent to Driver
# [Driver] Data is sent to DUT
# [Monitor] Data is sent to Scoreboard
# [base] Write finished! Write data 02 at Address 03
# [Scoreboard] Get packet from Monitor: Address: 03, Data: 00
# [Stimulus] Packet is sent to Driver
# [Driver] Data is sent to DUT
# [Monitor] Data is sent to Scoreboard
# [Base] Write finished! Write Random Data 29 at Address 02
# [Scoreboard] Get packet from Monitor: Address: 02, Data: 00
# [Stimulus] Packet is sent to Driver
#   1
# [Driver] Data is sent to DUT
# [Monitor] Data is sent to Scoreboard
# [base] Write finished! Write data 06 at Address 00
# [Scoreboard] Get packet from Monitor: Address: 00, Data: 00
# [Stimulus] Packet is sent to Driver
#   0
# [Driver] Data is sent to DUT
# [Monitor] Data is sent to Scoreboard
# [base] Write finished! Write data 03 at Address 00
# [Scoreboard] Get packet from Monitor: Address: 00, Data: 00
# 
# ===== t=372010000 PASSED SUCCESSFULLY !!! Expected timing is 205000, Actual timing is 219999 =====
# 
# [Stimulus] Packet is sent to Driver
# [Driver] Data is sent to DUT
# [Monitor] Data is sent to Scoreboard
# [base] Write finished! Write data 02 at Address 03
# [Scoreboard] Get packet from Monitor: Address: 03, Data: 00
# [Stimulus] Packet is sent to Driver
# [Driver] Data is sent to DUT
# [Monitor] Data is sent to Scoreboard
# [Base] Write finished! Write Random Data 1e at Address 02
# [Scoreboard] Get packet from Monitor: Address: 02, Data: 00
# [Stimulus] Packet is sent to Driver
#   1
# [Driver] Data is sent to DUT
# [Monitor] Data is sent to Scoreboard
# [base] Write finished! Write data 06 at Address 00
# [Scoreboard] Get packet from Monitor: Address: 00, Data: 00
# [Stimulus] Packet is sent to Driver
#   0
# [Driver] Data is sent to DUT
# [Monitor] Data is sent to Scoreboard
# [base] Write finished! Write data 03 at Address 00
# [Scoreboard] Get packet from Monitor: Address: 00, Data: 00
# 
# ===== t=372450000 PASSED SUCCESSFULLY !!! Expected timing is 150000, Actual timing is 159999 =====
# 
# [Stimulus] Packet is sent to Driver
# [Driver] Data is sent to DUT
# [Monitor] Data is sent to Scoreboard
# [base] Write finished! Write data 02 at Address 03
# [Scoreboard] Get packet from Monitor: Address: 03, Data: 00
# [Stimulus] Packet is sent to Driver
# [Driver] Data is sent to DUT
# [Monitor] Data is sent to Scoreboard
# [Base] Write finished! Write Random Data 87 at Address 02
# [Scoreboard] Get packet from Monitor: Address: 02, Data: 00
# [Stimulus] Packet is sent to Driver
#   1
# [Driver] Data is sent to DUT
# [Monitor] Data is sent to Scoreboard
# [base] Write finished! Write data 06 at Address 00
# [Scoreboard] Get packet from Monitor: Address: 00, Data: 00
# [Stimulus] Packet is sent to Driver
#   0
# [Driver] Data is sent to DUT
# [Monitor] Data is sent to Scoreboard
# [base] Write finished! Write data 03 at Address 00
# [Scoreboard] Get packet from Monitor: Address: 00, Data: 00
# 
# ===== t=373430000 PASSED SUCCESSFULLY !!! Expected timing is 675000, Actual timing is 699999 =====
# 
# [Stimulus] Packet is sent to Driver
# [Driver] Data is sent to DUT
# [Monitor] Data is sent to Scoreboard
# [base] Write finished! Write data 02 at Address 03
# [Scoreboard] Get packet from Monitor: Address: 03, Data: 00
# [Stimulus] Packet is sent to Driver
# [Driver] Data is sent to DUT
# [Monitor] Data is sent to Scoreboard
# [Base] Write finished! Write Random Data fb at Address 02
# [Scoreboard] Get packet from Monitor: Address: 02, Data: 00
# [Stimulus] Packet is sent to Driver
#   1
# [Driver] Data is sent to DUT
# [Monitor] Data is sent to Scoreboard
# [base] Write finished! Write data 06 at Address 00
# [Scoreboard] Get packet from Monitor: Address: 00, Data: 00
# [Stimulus] Packet is sent to Driver
#   0
# [Driver] Data is sent to DUT
# [Monitor] Data is sent to Scoreboard
# [base] Write finished! Write data 03 at Address 00
# [Scoreboard] Get packet from Monitor: Address: 00, Data: 00
# 
# ===== t=374990000 PASSED SUCCESSFULLY !!! Expected timing is 1255000, Actual timing is 1279999 =====
# 
# [Stimulus] Packet is sent to Driver
# [Driver] Data is sent to DUT
# [Monitor] Data is sent to Scoreboard
# [base] Write finished! Write data 02 at Address 03
# [Scoreboard] Get packet from Monitor: Address: 03, Data: 00
# [Stimulus] Packet is sent to Driver
# [Driver] Data is sent to DUT
# [Monitor] Data is sent to Scoreboard
# [Base] Write finished! Write Random Data 4e at Address 02
# [Scoreboard] Get packet from Monitor: Address: 02, Data: 00
# [Stimulus] Packet is sent to Driver
#   1
# [Driver] Data is sent to DUT
# [Monitor] Data is sent to Scoreboard
# [base] Write finished! Write data 06 at Address 00
# [Scoreboard] Get packet from Monitor: Address: 00, Data: 00
# [Stimulus] Packet is sent to Driver
#   0
# [Driver] Data is sent to DUT
# [Monitor] Data is sent to Scoreboard
# [base] Write finished! Write data 03 at Address 00
# [Scoreboard] Get packet from Monitor: Address: 00, Data: 00
# 
# ===== t=375670000 PASSED SUCCESSFULLY !!! Expected timing is 390000, Actual timing is 399999 =====
# 
# [Stimulus] Packet is sent to Driver
# [Driver] Data is sent to DUT
# [Monitor] Data is sent to Scoreboard
# [base] Write finished! Write data 02 at Address 03
# [Scoreboard] Get packet from Monitor: Address: 03, Data: 00
# [Stimulus] Packet is sent to Driver
# [Driver] Data is sent to DUT
# [Monitor] Data is sent to Scoreboard
# [Base] Write finished! Write Random Data 12 at Address 02
# [Scoreboard] Get packet from Monitor: Address: 02, Data: 00
# [Stimulus] Packet is sent to Driver
#   1
# [Driver] Data is sent to DUT
# [Monitor] Data is sent to Scoreboard
# [base] Write finished! Write data 06 at Address 00
# [Scoreboard] Get packet from Monitor: Address: 00, Data: 00
# [Stimulus] Packet is sent to Driver
#   0
# [Driver] Data is sent to DUT
# [Monitor] Data is sent to Scoreboard
# [base] Write finished! Write data 03 at Address 00
# [Scoreboard] Get packet from Monitor: Address: 00, Data: 00
# 
# ===== t=376050000 PASSED SUCCESSFULLY !!! Expected timing is 90000, Actual timing is 99999 =====
# 
# [Stimulus] Packet is sent to Driver
# [Driver] Data is sent to DUT
# [Monitor] Data is sent to Scoreboard
# [base] Write finished! Write data 02 at Address 03
# [Scoreboard] Get packet from Monitor: Address: 03, Data: 00
# [Stimulus] Packet is sent to Driver
# [Driver] Data is sent to DUT
# [Monitor] Data is sent to Scoreboard
# [Base] Write finished! Write Random Data be at Address 02
# [Scoreboard] Get packet from Monitor: Address: 02, Data: 00
# [Stimulus] Packet is sent to Driver
#   1
# [Driver] Data is sent to DUT
# [Monitor] Data is sent to Scoreboard
# [base] Write finished! Write data 06 at Address 00
# [Scoreboard] Get packet from Monitor: Address: 00, Data: 00
# [Stimulus] Packet is sent to Driver
#   0
# [Driver] Data is sent to DUT
# [Monitor] Data is sent to Scoreboard
# [base] Write finished! Write data 03 at Address 00
# [Scoreboard] Get packet from Monitor: Address: 00, Data: 00
# 
# ===== t=377290000 PASSED SUCCESSFULLY !!! Expected timing is 950000, Actual timing is 959999 =====
# 
# [Stimulus] Packet is sent to Driver
# [Driver] Data is sent to DUT
# [Monitor] Data is sent to Scoreboard
# [base] Write finished! Write data 02 at Address 03
# [Scoreboard] Get packet from Monitor: Address: 03, Data: 00
# [Stimulus] Packet is sent to Driver
# [Driver] Data is sent to DUT
# [Monitor] Data is sent to Scoreboard
# [Base] Write finished! Write Random Data b1 at Address 02
# [Scoreboard] Get packet from Monitor: Address: 02, Data: 00
# [Stimulus] Packet is sent to Driver
#   1
# [Driver] Data is sent to DUT
# [Monitor] Data is sent to Scoreboard
# [base] Write finished! Write data 06 at Address 00
# [Scoreboard] Get packet from Monitor: Address: 00, Data: 00
# [Stimulus] Packet is sent to Driver
#   0
# [Driver] Data is sent to DUT
# [Monitor] Data is sent to Scoreboard
# [base] Write finished! Write data 03 at Address 00
# [Scoreboard] Get packet from Monitor: Address: 00, Data: 00
# 
# ===== t=378470000 PASSED SUCCESSFULLY !!! Expected timing is 885000, Actual timing is 899999 =====
# 
# [Stimulus] Packet is sent to Driver
# [Driver] Data is sent to DUT
# [Monitor] Data is sent to Scoreboard
# [base] Write finished! Write data 02 at Address 03
# [Scoreboard] Get packet from Monitor: Address: 03, Data: 00
# [Stimulus] Packet is sent to Driver
# [Driver] Data is sent to DUT
# [Monitor] Data is sent to Scoreboard
# [Base] Write finished! Write Random Data f7 at Address 02
# [Scoreboard] Get packet from Monitor: Address: 02, Data: 00
# [Stimulus] Packet is sent to Driver
#   1
# [Driver] Data is sent to DUT
# [Monitor] Data is sent to Scoreboard
# [base] Write finished! Write data 06 at Address 00
# [Scoreboard] Get packet from Monitor: Address: 00, Data: 00
# [Stimulus] Packet is sent to Driver
#   0
# [Driver] Data is sent to DUT
# [Monitor] Data is sent to Scoreboard
# [base] Write finished! Write data 03 at Address 00
# [Scoreboard] Get packet from Monitor: Address: 00, Data: 00
# 
# ===== t=380010000 PASSED SUCCESSFULLY !!! Expected timing is 1235000, Actual timing is 1259999 =====
# 
# [Stimulus] Packet is sent to Driver
# [Driver] Data is sent to DUT
# [Monitor] Data is sent to Scoreboard
# [base] Write finished! Write data 02 at Address 03
# [Scoreboard] Get packet from Monitor: Address: 03, Data: 00
# [Stimulus] Packet is sent to Driver
# [Driver] Data is sent to DUT
# [Monitor] Data is sent to Scoreboard
# [Base] Write finished! Write Random Data fc at Address 02
# [Scoreboard] Get packet from Monitor: Address: 02, Data: 00
# [Stimulus] Packet is sent to Driver
#   1
# [Driver] Data is sent to DUT
# [Monitor] Data is sent to Scoreboard
# [base] Write finished! Write data 06 at Address 00
# [Scoreboard] Get packet from Monitor: Address: 00, Data: 00
# [Stimulus] Packet is sent to Driver
#   0
# [Driver] Data is sent to DUT
# [Monitor] Data is sent to Scoreboard
# [base] Write finished! Write data 03 at Address 00
# [Scoreboard] Get packet from Monitor: Address: 00, Data: 00
# 
# ===== t=381570000 PASSED SUCCESSFULLY !!! Expected timing is 1260000, Actual timing is 1279999 =====
# 
# [Stimulus] Packet is sent to Driver
# [Driver] Data is sent to DUT
# [Monitor] Data is sent to Scoreboard
# [base] Write finished! Write data 02 at Address 03
# [Scoreboard] Get packet from Monitor: Address: 03, Data: 00
# [Stimulus] Packet is sent to Driver
# [Driver] Data is sent to DUT
# [Monitor] Data is sent to Scoreboard
# [Base] Write finished! Write Random Data c7 at Address 02
# [Scoreboard] Get packet from Monitor: Address: 02, Data: 00
# [Stimulus] Packet is sent to Driver
#   1
# [Driver] Data is sent to DUT
# [Monitor] Data is sent to Scoreboard
# [base] Write finished! Write data 06 at Address 00
# [Scoreboard] Get packet from Monitor: Address: 00, Data: 00
# [Stimulus] Packet is sent to Driver
#   0
# [Driver] Data is sent to DUT
# [Monitor] Data is sent to Scoreboard
# [base] Write finished! Write data 03 at Address 00
# [Scoreboard] Get packet from Monitor: Address: 00, Data: 00
# 
# ===== t=382870000 PASSED SUCCESSFULLY !!! Expected timing is 995000, Actual timing is 1019999 =====
# 
# [Stimulus] Packet is sent to Driver
# [Driver] Data is sent to DUT
# [Monitor] Data is sent to Scoreboard
# [base] Write finished! Write data 02 at Address 03
# [Scoreboard] Get packet from Monitor: Address: 03, Data: 00
# [Stimulus] Packet is sent to Driver
# [Driver] Data is sent to DUT
# [Monitor] Data is sent to Scoreboard
# [Base] Write finished! Write Random Data 08 at Address 02
# [Scoreboard] Get packet from Monitor: Address: 02, Data: 00
# [Stimulus] Packet is sent to Driver
#   1
# [Driver] Data is sent to DUT
# [Monitor] Data is sent to Scoreboard
# [base] Write finished! Write data 06 at Address 00
# [Scoreboard] Get packet from Monitor: Address: 00, Data: 00
# [Stimulus] Packet is sent to Driver
#   0
# [Driver] Data is sent to DUT
# [Monitor] Data is sent to Scoreboard
# [base] Write finished! Write data 03 at Address 00
# [Scoreboard] Get packet from Monitor: Address: 00, Data: 00
# 
# ===== t=383210000 PASSED SUCCESSFULLY !!! Expected timing is 40000, Actual timing is 59999 =====
# 
# [Stimulus] Packet is sent to Driver
# [Driver] Data is sent to DUT
# [Monitor] Data is sent to Scoreboard
# [base] Write finished! Write data 02 at Address 03
# [Scoreboard] Get packet from Monitor: Address: 03, Data: 00
# [Stimulus] Packet is sent to Driver
# [Driver] Data is sent to DUT
# [Monitor] Data is sent to Scoreboard
# [Base] Write finished! Write Random Data f3 at Address 02
# [Scoreboard] Get packet from Monitor: Address: 02, Data: 00
# [Stimulus] Packet is sent to Driver
#   1
# [Driver] Data is sent to DUT
# [Monitor] Data is sent to Scoreboard
# [base] Write finished! Write data 06 at Address 00
# [Scoreboard] Get packet from Monitor: Address: 00, Data: 00
# [Stimulus] Packet is sent to Driver
#   0
# [Driver] Data is sent to DUT
# [Monitor] Data is sent to Scoreboard
# [base] Write finished! Write data 03 at Address 00
# [Scoreboard] Get packet from Monitor: Address: 00, Data: 00
# 
# ===== t=384730000 PASSED SUCCESSFULLY !!! Expected timing is 1215000, Actual timing is 1239999 =====
# 
# [Stimulus] Packet is sent to Driver
# [Driver] Data is sent to DUT
# [Monitor] Data is sent to Scoreboard
# [base] Write finished! Write data 02 at Address 03
# [Scoreboard] Get packet from Monitor: Address: 03, Data: 00
# [Stimulus] Packet is sent to Driver
# [Driver] Data is sent to DUT
# [Monitor] Data is sent to Scoreboard
# [Base] Write finished! Write Random Data f7 at Address 02
# [Scoreboard] Get packet from Monitor: Address: 02, Data: 00
# [Stimulus] Packet is sent to Driver
#   1
# [Driver] Data is sent to DUT
# [Monitor] Data is sent to Scoreboard
# [base] Write finished! Write data 06 at Address 00
# [Scoreboard] Get packet from Monitor: Address: 00, Data: 00
# [Stimulus] Packet is sent to Driver
#   0
# [Driver] Data is sent to DUT
# [Monitor] Data is sent to Scoreboard
# [base] Write finished! Write data 03 at Address 00
# [Scoreboard] Get packet from Monitor: Address: 00, Data: 00
# 
# ===== t=386270000 PASSED SUCCESSFULLY !!! Expected timing is 1235000, Actual timing is 1259999 =====
# 
# [Stimulus] Packet is sent to Driver
# [Driver] Data is sent to DUT
# [Monitor] Data is sent to Scoreboard
# [base] Write finished! Write data 02 at Address 03
# [Scoreboard] Get packet from Monitor: Address: 03, Data: 00
# [Stimulus] Packet is sent to Driver
# [Driver] Data is sent to DUT
# [Monitor] Data is sent to Scoreboard
# [Base] Write finished! Write Random Data 5c at Address 02
# [Scoreboard] Get packet from Monitor: Address: 02, Data: 00
# [Stimulus] Packet is sent to Driver
#   1
# [Driver] Data is sent to DUT
# [Monitor] Data is sent to Scoreboard
# [base] Write finished! Write data 06 at Address 00
# [Scoreboard] Get packet from Monitor: Address: 00, Data: 00
# [Stimulus] Packet is sent to Driver
#   0
# [Driver] Data is sent to DUT
# [Monitor] Data is sent to Scoreboard
# [base] Write finished! Write data 03 at Address 00
# [Scoreboard] Get packet from Monitor: Address: 00, Data: 00
# 
# ===== t=387030000 PASSED SUCCESSFULLY !!! Expected timing is 460000, Actual timing is 479999 =====
# 
# [Stimulus] Packet is sent to Driver
# [Driver] Data is sent to DUT
# [Monitor] Data is sent to Scoreboard
# [base] Write finished! Write data 02 at Address 03
# [Scoreboard] Get packet from Monitor: Address: 03, Data: 00
# [Stimulus] Packet is sent to Driver
# [Driver] Data is sent to DUT
# [Monitor] Data is sent to Scoreboard
# [Base] Write finished! Write Random Data c7 at Address 02
# [Scoreboard] Get packet from Monitor: Address: 02, Data: 00
# [Stimulus] Packet is sent to Driver
#   1
# [Driver] Data is sent to DUT
# [Monitor] Data is sent to Scoreboard
# [base] Write finished! Write data 06 at Address 00
# [Scoreboard] Get packet from Monitor: Address: 00, Data: 00
# [Stimulus] Packet is sent to Driver
#   0
# [Driver] Data is sent to DUT
# [Monitor] Data is sent to Scoreboard
# [base] Write finished! Write data 03 at Address 00
# [Scoreboard] Get packet from Monitor: Address: 00, Data: 00
# 
# ===== t=388330000 PASSED SUCCESSFULLY !!! Expected timing is 995000, Actual timing is 1019999 =====
# 
# [Stimulus] Packet is sent to Driver
# [Driver] Data is sent to DUT
# [Monitor] Data is sent to Scoreboard
# [base] Write finished! Write data 02 at Address 03
# [Scoreboard] Get packet from Monitor: Address: 03, Data: 00
# [Stimulus] Packet is sent to Driver
# [Driver] Data is sent to DUT
# [Monitor] Data is sent to Scoreboard
# [Base] Write finished! Write Random Data b7 at Address 02
# [Scoreboard] Get packet from Monitor: Address: 02, Data: 00
# [Stimulus] Packet is sent to Driver
#   1
# [Driver] Data is sent to DUT
# [Monitor] Data is sent to Scoreboard
# [base] Write finished! Write data 06 at Address 00
# [Scoreboard] Get packet from Monitor: Address: 00, Data: 00
# [Stimulus] Packet is sent to Driver
#   0
# [Driver] Data is sent to DUT
# [Monitor] Data is sent to Scoreboard
# [base] Write finished! Write data 03 at Address 00
# [Scoreboard] Get packet from Monitor: Address: 00, Data: 00
# 
# ===== t=389550000 PASSED SUCCESSFULLY !!! Expected timing is 915000, Actual timing is 939999 =====
# 
# [Stimulus] Packet is sent to Driver
# [Driver] Data is sent to DUT
# [Monitor] Data is sent to Scoreboard
# [base] Write finished! Write data 02 at Address 03
# [Scoreboard] Get packet from Monitor: Address: 03, Data: 00
# [Stimulus] Packet is sent to Driver
# [Driver] Data is sent to DUT
# [Monitor] Data is sent to Scoreboard
# [Base] Write finished! Write Random Data 06 at Address 02
# [Scoreboard] Get packet from Monitor: Address: 02, Data: 00
# [Stimulus] Packet is sent to Driver
#   1
# [Driver] Data is sent to DUT
# [Monitor] Data is sent to Scoreboard
# [base] Write finished! Write data 06 at Address 00
# [Scoreboard] Get packet from Monitor: Address: 00, Data: 00
# [Stimulus] Packet is sent to Driver
#   0
# [Driver] Data is sent to DUT
# [Monitor] Data is sent to Scoreboard
# [base] Write finished! Write data 03 at Address 00
# [Scoreboard] Get packet from Monitor: Address: 00, Data: 00
# 
# ===== t=389870000 PASSED SUCCESSFULLY !!! Expected timing is 30000, Actual timing is 39999 =====
# 
# [Stimulus] Packet is sent to Driver
# [Driver] Data is sent to DUT
# [Monitor] Data is sent to Scoreboard
# [base] Write finished! Write data 02 at Address 03
# [Scoreboard] Get packet from Monitor: Address: 03, Data: 00
# [Stimulus] Packet is sent to Driver
# [Driver] Data is sent to DUT
# [Monitor] Data is sent to Scoreboard
# [Base] Write finished! Write Random Data 70 at Address 02
# [Scoreboard] Get packet from Monitor: Address: 02, Data: 00
# [Stimulus] Packet is sent to Driver
#   1
# [Driver] Data is sent to DUT
# [Monitor] Data is sent to Scoreboard
# [base] Write finished! Write data 06 at Address 00
# [Scoreboard] Get packet from Monitor: Address: 00, Data: 00
# [Stimulus] Packet is sent to Driver
#   0
# [Driver] Data is sent to DUT
# [Monitor] Data is sent to Scoreboard
# [base] Write finished! Write data 03 at Address 00
# [Scoreboard] Get packet from Monitor: Address: 00, Data: 00
# 
# ===== t=390730000 PASSED SUCCESSFULLY !!! Expected timing is 560000, Actual timing is 579999 =====
# 
# [Stimulus] Packet is sent to Driver
# [Driver] Data is sent to DUT
# [Monitor] Data is sent to Scoreboard
# [base] Write finished! Write data 02 at Address 03
# [Scoreboard] Get packet from Monitor: Address: 03, Data: 00
# [Stimulus] Packet is sent to Driver
# [Driver] Data is sent to DUT
# [Monitor] Data is sent to Scoreboard
# [Base] Write finished! Write Random Data 8f at Address 02
# [Scoreboard] Get packet from Monitor: Address: 02, Data: 00
# [Stimulus] Packet is sent to Driver
#   1
# [Driver] Data is sent to DUT
# [Monitor] Data is sent to Scoreboard
# [base] Write finished! Write data 06 at Address 00
# [Scoreboard] Get packet from Monitor: Address: 00, Data: 00
# [Stimulus] Packet is sent to Driver
#   0
# [Driver] Data is sent to DUT
# [Monitor] Data is sent to Scoreboard
# [base] Write finished! Write data 03 at Address 00
# [Scoreboard] Get packet from Monitor: Address: 00, Data: 00
# 
# ===== t=391750000 PASSED SUCCESSFULLY !!! Expected timing is 715000, Actual timing is 739999 =====
# 
# [Stimulus] Packet is sent to Driver
# [Driver] Data is sent to DUT
# [Monitor] Data is sent to Scoreboard
# [base] Write finished! Write data 02 at Address 03
# [Scoreboard] Get packet from Monitor: Address: 03, Data: 00
# [Stimulus] Packet is sent to Driver
# [Driver] Data is sent to DUT
# [Monitor] Data is sent to Scoreboard
# [Base] Write finished! Write Random Data 03 at Address 02
# [Scoreboard] Get packet from Monitor: Address: 02, Data: 00
# [Stimulus] Packet is sent to Driver
#   1
# [Driver] Data is sent to DUT
# [Monitor] Data is sent to Scoreboard
# [base] Write finished! Write data 06 at Address 00
# [Scoreboard] Get packet from Monitor: Address: 00, Data: 00
# [Stimulus] Packet is sent to Driver
#   0
# [Driver] Data is sent to DUT
# [Monitor] Data is sent to Scoreboard
# [base] Write finished! Write data 03 at Address 00
# [Scoreboard] Get packet from Monitor: Address: 00, Data: 00
# 
# ===== t=392070000 PASSED SUCCESSFULLY !!! Expected timing is 15000, Actual timing is 39999 =====
# 
# [Stimulus] Packet is sent to Driver
# [Driver] Data is sent to DUT
# [Monitor] Data is sent to Scoreboard
# [base] Write finished! Write data 02 at Address 03
# [Scoreboard] Get packet from Monitor: Address: 03, Data: 00
# [Stimulus] Packet is sent to Driver
# [Driver] Data is sent to DUT
# [Monitor] Data is sent to Scoreboard
# [Base] Write finished! Write Random Data 55 at Address 02
# [Scoreboard] Get packet from Monitor: Address: 02, Data: 00
# [Stimulus] Packet is sent to Driver
#   1
# [Driver] Data is sent to DUT
# [Monitor] Data is sent to Scoreboard
# [base] Write finished! Write data 06 at Address 00
# [Scoreboard] Get packet from Monitor: Address: 00, Data: 00
# [Stimulus] Packet is sent to Driver
#   0
# [Driver] Data is sent to DUT
# [Monitor] Data is sent to Scoreboard
# [base] Write finished! Write data 03 at Address 00
# [Scoreboard] Get packet from Monitor: Address: 00, Data: 00
# 
# ===== t=392790000 PASSED SUCCESSFULLY !!! Expected timing is 425000, Actual timing is 439999 =====
# 
# [Stimulus] Packet is sent to Driver
# [Driver] Data is sent to DUT
# [Monitor] Data is sent to Scoreboard
# [base] Write finished! Write data 02 at Address 03
# [Scoreboard] Get packet from Monitor: Address: 03, Data: 00
# [Stimulus] Packet is sent to Driver
# [Driver] Data is sent to DUT
# [Monitor] Data is sent to Scoreboard
# [Base] Write finished! Write Random Data 3a at Address 02
# [Scoreboard] Get packet from Monitor: Address: 02, Data: 00
# [Stimulus] Packet is sent to Driver
#   1
# [Driver] Data is sent to DUT
# [Monitor] Data is sent to Scoreboard
# [base] Write finished! Write data 06 at Address 00
# [Scoreboard] Get packet from Monitor: Address: 00, Data: 00
# [Stimulus] Packet is sent to Driver
#   0
# [Driver] Data is sent to DUT
# [Monitor] Data is sent to Scoreboard
# [base] Write finished! Write data 03 at Address 00
# [Scoreboard] Get packet from Monitor: Address: 00, Data: 00
# 
# ===== t=393370000 PASSED SUCCESSFULLY !!! Expected timing is 290000, Actual timing is 299999 =====
# 
# [Stimulus] Packet is sent to Driver
# [Driver] Data is sent to DUT
# [Monitor] Data is sent to Scoreboard
# [base] Write finished! Write data 02 at Address 03
# [Scoreboard] Get packet from Monitor: Address: 03, Data: 00
# [Stimulus] Packet is sent to Driver
# [Driver] Data is sent to DUT
# [Monitor] Data is sent to Scoreboard
# [Base] Write finished! Write Random Data 1f at Address 02
# [Scoreboard] Get packet from Monitor: Address: 02, Data: 00
# [Stimulus] Packet is sent to Driver
#   1
# [Driver] Data is sent to DUT
# [Monitor] Data is sent to Scoreboard
# [base] Write finished! Write data 06 at Address 00
# [Scoreboard] Get packet from Monitor: Address: 00, Data: 00
# [Stimulus] Packet is sent to Driver
#   0
# [Driver] Data is sent to DUT
# [Monitor] Data is sent to Scoreboard
# [base] Write finished! Write data 03 at Address 00
# [Scoreboard] Get packet from Monitor: Address: 00, Data: 00
# 
# ===== t=393830000 PASSED SUCCESSFULLY !!! Expected timing is 155000, Actual timing is 179999 =====
# 
# [Stimulus] Packet is sent to Driver
# [Driver] Data is sent to DUT
# [Monitor] Data is sent to Scoreboard
# [base] Write finished! Write data 02 at Address 03
# [Scoreboard] Get packet from Monitor: Address: 03, Data: 00
# [Stimulus] Packet is sent to Driver
# [Driver] Data is sent to DUT
# [Monitor] Data is sent to Scoreboard
# [Base] Write finished! Write Random Data 88 at Address 02
# [Scoreboard] Get packet from Monitor: Address: 02, Data: 00
# [Stimulus] Packet is sent to Driver
#   1
# [Driver] Data is sent to DUT
# [Monitor] Data is sent to Scoreboard
# [base] Write finished! Write data 06 at Address 00
# [Scoreboard] Get packet from Monitor: Address: 00, Data: 00
# [Stimulus] Packet is sent to Driver
#   0
# [Driver] Data is sent to DUT
# [Monitor] Data is sent to Scoreboard
# [base] Write finished! Write data 03 at Address 00
# [Scoreboard] Get packet from Monitor: Address: 00, Data: 00
# 
# ===== t=394810000 PASSED SUCCESSFULLY !!! Expected timing is 680000, Actual timing is 699999 =====
# 
# [Stimulus] Packet is sent to Driver
# [Driver] Data is sent to DUT
# [Monitor] Data is sent to Scoreboard
# [base] Write finished! Write data 02 at Address 03
# [Scoreboard] Get packet from Monitor: Address: 03, Data: 00
# [Stimulus] Packet is sent to Driver
# [Driver] Data is sent to DUT
# [Monitor] Data is sent to Scoreboard
# [Base] Write finished! Write Random Data 41 at Address 02
# [Scoreboard] Get packet from Monitor: Address: 02, Data: 00
# [Stimulus] Packet is sent to Driver
#   1
# [Driver] Data is sent to DUT
# [Monitor] Data is sent to Scoreboard
# [base] Write finished! Write data 06 at Address 00
# [Scoreboard] Get packet from Monitor: Address: 00, Data: 00
# [Stimulus] Packet is sent to Driver
#   0
# [Driver] Data is sent to DUT
# [Monitor] Data is sent to Scoreboard
# [base] Write finished! Write data 03 at Address 00
# [Scoreboard] Get packet from Monitor: Address: 00, Data: 00
# 
# ===== t=395430000 PASSED SUCCESSFULLY !!! Expected timing is 325000, Actual timing is 339999 =====
# 
# [Stimulus] Packet is sent to Driver
# [Driver] Data is sent to DUT
# [Monitor] Data is sent to Scoreboard
# [base] Write finished! Write data 02 at Address 03
# [Scoreboard] Get packet from Monitor: Address: 03, Data: 00
# [Stimulus] Packet is sent to Driver
# [Driver] Data is sent to DUT
# [Monitor] Data is sent to Scoreboard
# [Base] Write finished! Write Random Data 2c at Address 02
# [Scoreboard] Get packet from Monitor: Address: 02, Data: 00
# [Stimulus] Packet is sent to Driver
#   1
# [Driver] Data is sent to DUT
# [Monitor] Data is sent to Scoreboard
# [base] Write finished! Write data 06 at Address 00
# [Scoreboard] Get packet from Monitor: Address: 00, Data: 00
# [Stimulus] Packet is sent to Driver
#   0
# [Driver] Data is sent to DUT
# [Monitor] Data is sent to Scoreboard
# [base] Write finished! Write data 03 at Address 00
# [Scoreboard] Get packet from Monitor: Address: 00, Data: 00
# 
# ===== t=395950000 PASSED SUCCESSFULLY !!! Expected timing is 220000, Actual timing is 239999 =====
# 
# [Stimulus] Packet is sent to Driver
# [Driver] Data is sent to DUT
# [Monitor] Data is sent to Scoreboard
# [base] Write finished! Write data 02 at Address 03
# [Scoreboard] Get packet from Monitor: Address: 03, Data: 00
# [Stimulus] Packet is sent to Driver
# [Driver] Data is sent to DUT
# [Monitor] Data is sent to Scoreboard
# [Base] Write finished! Write Random Data 2f at Address 02
# [Scoreboard] Get packet from Monitor: Address: 02, Data: 00
# [Stimulus] Packet is sent to Driver
#   1
# [Driver] Data is sent to DUT
# [Monitor] Data is sent to Scoreboard
# [base] Write finished! Write data 06 at Address 00
# [Scoreboard] Get packet from Monitor: Address: 00, Data: 00
# [Stimulus] Packet is sent to Driver
#   0
# [Driver] Data is sent to DUT
# [Monitor] Data is sent to Scoreboard
# [base] Write finished! Write data 03 at Address 00
# [Scoreboard] Get packet from Monitor: Address: 00, Data: 00
# 
# ===== t=396490000 PASSED SUCCESSFULLY !!! Expected timing is 235000, Actual timing is 259999 =====
# 
# [Stimulus] Packet is sent to Driver
# [Driver] Data is sent to DUT
# [Monitor] Data is sent to Scoreboard
# [base] Write finished! Write data 02 at Address 03
# [Scoreboard] Get packet from Monitor: Address: 03, Data: 00
# [Stimulus] Packet is sent to Driver
# [Driver] Data is sent to DUT
# [Monitor] Data is sent to Scoreboard
# [Base] Write finished! Write Random Data 00 at Address 02
# [Scoreboard] Get packet from Monitor: Address: 02, Data: 00
# [Stimulus] Packet is sent to Driver
#   1
# [Driver] Data is sent to DUT
# [Monitor] Data is sent to Scoreboard
# [base] Write finished! Write data 06 at Address 00
# [Scoreboard] Get packet from Monitor: Address: 00, Data: 00
# [Stimulus] Packet is sent to Driver
#   0
# [Driver] Data is sent to DUT
# [Monitor] Data is sent to Scoreboard
# [base] Write finished! Write data 03 at Address 00
# [Scoreboard] Get packet from Monitor: Address: 00, Data: 00
# 
# ===== t=396790000 PASSED SUCCESSFULLY !!! Expected timing is 0, Actual timing is 19999 =====
# 
# [Stimulus] Packet is sent to Driver
# [Driver] Data is sent to DUT
# [Monitor] Data is sent to Scoreboard
# [base] Write finished! Write data 02 at Address 03
# [Scoreboard] Get packet from Monitor: Address: 03, Data: 00
# [Stimulus] Packet is sent to Driver
# [Driver] Data is sent to DUT
# [Monitor] Data is sent to Scoreboard
# [Base] Write finished! Write Random Data 4d at Address 02
# [Scoreboard] Get packet from Monitor: Address: 02, Data: 00
# [Stimulus] Packet is sent to Driver
#   1
# [Driver] Data is sent to DUT
# [Monitor] Data is sent to Scoreboard
# [base] Write finished! Write data 06 at Address 00
# [Scoreboard] Get packet from Monitor: Address: 00, Data: 00
# [Stimulus] Packet is sent to Driver
#   0
# [Driver] Data is sent to DUT
# [Monitor] Data is sent to Scoreboard
# [base] Write finished! Write data 03 at Address 00
# [Scoreboard] Get packet from Monitor: Address: 00, Data: 00
# 
# ===== t=397470000 PASSED SUCCESSFULLY !!! Expected timing is 385000, Actual timing is 399999 =====
# 
# [Stimulus] Packet is sent to Driver
# [Driver] Data is sent to DUT
# [Monitor] Data is sent to Scoreboard
# [base] Write finished! Write data 02 at Address 03
# [Scoreboard] Get packet from Monitor: Address: 03, Data: 00
# [Stimulus] Packet is sent to Driver
# [Driver] Data is sent to DUT
# [Monitor] Data is sent to Scoreboard
# [Base] Write finished! Write Random Data ce at Address 02
# [Scoreboard] Get packet from Monitor: Address: 02, Data: 00
# [Stimulus] Packet is sent to Driver
#   1
# [Driver] Data is sent to DUT
# [Monitor] Data is sent to Scoreboard
# [base] Write finished! Write data 06 at Address 00
# [Scoreboard] Get packet from Monitor: Address: 00, Data: 00
# [Stimulus] Packet is sent to Driver
#   0
# [Driver] Data is sent to DUT
# [Monitor] Data is sent to Scoreboard
# [base] Write finished! Write data 03 at Address 00
# [Scoreboard] Get packet from Monitor: Address: 00, Data: 00
# 
# ===== t=398790000 PASSED SUCCESSFULLY !!! Expected timing is 1030000, Actual timing is 1039999 =====
# 
# [Stimulus] Packet is sent to Driver
# [Driver] Data is sent to DUT
# [Monitor] Data is sent to Scoreboard
# [base] Write finished! Write data 02 at Address 03
# [Scoreboard] Get packet from Monitor: Address: 03, Data: 00
# [Stimulus] Packet is sent to Driver
# [Driver] Data is sent to DUT
# [Monitor] Data is sent to Scoreboard
# [Base] Write finished! Write Random Data a3 at Address 02
# [Scoreboard] Get packet from Monitor: Address: 02, Data: 00
# [Stimulus] Packet is sent to Driver
#   1
# [Driver] Data is sent to DUT
# [Monitor] Data is sent to Scoreboard
# [base] Write finished! Write data 06 at Address 00
# [Scoreboard] Get packet from Monitor: Address: 00, Data: 00
# [Stimulus] Packet is sent to Driver
#   0
# [Driver] Data is sent to DUT
# [Monitor] Data is sent to Scoreboard
# [base] Write finished! Write data 03 at Address 00
# [Scoreboard] Get packet from Monitor: Address: 00, Data: 00
# 
# ===== t=399910000 PASSED SUCCESSFULLY !!! Expected timing is 815000, Actual timing is 839999 =====
# 
# [Stimulus] Packet is sent to Driver
# [Driver] Data is sent to DUT
# [Monitor] Data is sent to Scoreboard
# [base] Write finished! Write data 02 at Address 03
# [Scoreboard] Get packet from Monitor: Address: 03, Data: 00
# [Stimulus] Packet is sent to Driver
# [Driver] Data is sent to DUT
# [Monitor] Data is sent to Scoreboard
# [Base] Write finished! Write Random Data 3f at Address 02
# [Scoreboard] Get packet from Monitor: Address: 02, Data: 00
# [Stimulus] Packet is sent to Driver
#   1
# [Driver] Data is sent to DUT
# [Monitor] Data is sent to Scoreboard
# [base] Write finished! Write data 06 at Address 00
# [Scoreboard] Get packet from Monitor: Address: 00, Data: 00
# [Stimulus] Packet is sent to Driver
#   0
# [Driver] Data is sent to DUT
# [Monitor] Data is sent to Scoreboard
# [base] Write finished! Write data 03 at Address 00
# [Scoreboard] Get packet from Monitor: Address: 00, Data: 00
# 
# ===== t=400530000 PASSED SUCCESSFULLY !!! Expected timing is 315000, Actual timing is 339999 =====
# 
# [Stimulus] Packet is sent to Driver
# [Driver] Data is sent to DUT
# [Monitor] Data is sent to Scoreboard
# [base] Write finished! Write data 02 at Address 03
# [Scoreboard] Get packet from Monitor: Address: 03, Data: 00
# [Stimulus] Packet is sent to Driver
# [Driver] Data is sent to DUT
# [Monitor] Data is sent to Scoreboard
# [Base] Write finished! Write Random Data 79 at Address 02
# [Scoreboard] Get packet from Monitor: Address: 02, Data: 00
# [Stimulus] Packet is sent to Driver
#   1
# [Driver] Data is sent to DUT
# [Monitor] Data is sent to Scoreboard
# [base] Write finished! Write data 06 at Address 00
# [Scoreboard] Get packet from Monitor: Address: 00, Data: 00
# [Stimulus] Packet is sent to Driver
#   0
# [Driver] Data is sent to DUT
# [Monitor] Data is sent to Scoreboard
# [base] Write finished! Write data 03 at Address 00
# [Scoreboard] Get packet from Monitor: Address: 00, Data: 00
# 
# ===== t=401430000 PASSED SUCCESSFULLY !!! Expected timing is 605000, Actual timing is 619999 =====
# 
# [Stimulus] Packet is sent to Driver
# [Driver] Data is sent to DUT
# [Monitor] Data is sent to Scoreboard
# [base] Write finished! Write data 02 at Address 03
# [Scoreboard] Get packet from Monitor: Address: 03, Data: 00
# [Stimulus] Packet is sent to Driver
# [Driver] Data is sent to DUT
# [Monitor] Data is sent to Scoreboard
# [Base] Write finished! Write Random Data 68 at Address 02
# [Scoreboard] Get packet from Monitor: Address: 02, Data: 00
# [Stimulus] Packet is sent to Driver
#   1
# [Driver] Data is sent to DUT
# [Monitor] Data is sent to Scoreboard
# [base] Write finished! Write data 06 at Address 00
# [Scoreboard] Get packet from Monitor: Address: 00, Data: 00
# [Stimulus] Packet is sent to Driver
#   0
# [Driver] Data is sent to DUT
# [Monitor] Data is sent to Scoreboard
# [base] Write finished! Write data 03 at Address 00
# [Scoreboard] Get packet from Monitor: Address: 00, Data: 00
# 
# ===== t=402250000 PASSED SUCCESSFULLY !!! Expected timing is 520000, Actual timing is 539999 =====
# 
# [Stimulus] Packet is sent to Driver
# [Driver] Data is sent to DUT
# [Monitor] Data is sent to Scoreboard
# [base] Write finished! Write data 02 at Address 03
# [Scoreboard] Get packet from Monitor: Address: 03, Data: 00
# [Stimulus] Packet is sent to Driver
# [Driver] Data is sent to DUT
# [Monitor] Data is sent to Scoreboard
# [Base] Write finished! Write Random Data 63 at Address 02
# [Scoreboard] Get packet from Monitor: Address: 02, Data: 00
# [Stimulus] Packet is sent to Driver
#   1
# [Driver] Data is sent to DUT
# [Monitor] Data is sent to Scoreboard
# [base] Write finished! Write data 06 at Address 00
# [Scoreboard] Get packet from Monitor: Address: 00, Data: 00
# [Stimulus] Packet is sent to Driver
#   0
# [Driver] Data is sent to DUT
# [Monitor] Data is sent to Scoreboard
# [base] Write finished! Write data 03 at Address 00
# [Scoreboard] Get packet from Monitor: Address: 00, Data: 00
# 
# ===== t=403050000 PASSED SUCCESSFULLY !!! Expected timing is 495000, Actual timing is 519999 =====
# 
# [Stimulus] Packet is sent to Driver
# [Driver] Data is sent to DUT
# [Monitor] Data is sent to Scoreboard
# [base] Write finished! Write data 02 at Address 03
# [Scoreboard] Get packet from Monitor: Address: 03, Data: 00
# [Stimulus] Packet is sent to Driver
# [Driver] Data is sent to DUT
# [Monitor] Data is sent to Scoreboard
# [Base] Write finished! Write Random Data 3b at Address 02
# [Scoreboard] Get packet from Monitor: Address: 02, Data: 00
# [Stimulus] Packet is sent to Driver
#   1
# [Driver] Data is sent to DUT
# [Monitor] Data is sent to Scoreboard
# [base] Write finished! Write data 06 at Address 00
# [Scoreboard] Get packet from Monitor: Address: 00, Data: 00
# [Stimulus] Packet is sent to Driver
#   0
# [Driver] Data is sent to DUT
# [Monitor] Data is sent to Scoreboard
# [base] Write finished! Write data 03 at Address 00
# [Scoreboard] Get packet from Monitor: Address: 00, Data: 00
# 
# ===== t=403650000 PASSED SUCCESSFULLY !!! Expected timing is 295000, Actual timing is 319999 =====
# 
# [Stimulus] Packet is sent to Driver
# [Driver] Data is sent to DUT
# [Monitor] Data is sent to Scoreboard
# [base] Write finished! Write data 02 at Address 03
# [Scoreboard] Get packet from Monitor: Address: 03, Data: 00
# [Stimulus] Packet is sent to Driver
# [Driver] Data is sent to DUT
# [Monitor] Data is sent to Scoreboard
# [Base] Write finished! Write Random Data 4e at Address 02
# [Scoreboard] Get packet from Monitor: Address: 02, Data: 00
# [Stimulus] Packet is sent to Driver
#   1
# [Driver] Data is sent to DUT
# [Monitor] Data is sent to Scoreboard
# [base] Write finished! Write data 06 at Address 00
# [Scoreboard] Get packet from Monitor: Address: 00, Data: 00
# [Stimulus] Packet is sent to Driver
#   0
# [Driver] Data is sent to DUT
# [Monitor] Data is sent to Scoreboard
# [base] Write finished! Write data 03 at Address 00
# [Scoreboard] Get packet from Monitor: Address: 00, Data: 00
# 
# ===== t=404330000 PASSED SUCCESSFULLY !!! Expected timing is 390000, Actual timing is 399999 =====
# 
# [Stimulus] Packet is sent to Driver
# [Driver] Data is sent to DUT
# [Monitor] Data is sent to Scoreboard
# [base] Write finished! Write data 02 at Address 03
# [Scoreboard] Get packet from Monitor: Address: 03, Data: 00
# [Stimulus] Packet is sent to Driver
# [Driver] Data is sent to DUT
# [Monitor] Data is sent to Scoreboard
# [Base] Write finished! Write Random Data 2f at Address 02
# [Scoreboard] Get packet from Monitor: Address: 02, Data: 00
# [Stimulus] Packet is sent to Driver
#   1
# [Driver] Data is sent to DUT
# [Monitor] Data is sent to Scoreboard
# [base] Write finished! Write data 06 at Address 00
# [Scoreboard] Get packet from Monitor: Address: 00, Data: 00
# [Stimulus] Packet is sent to Driver
#   0
# [Driver] Data is sent to DUT
# [Monitor] Data is sent to Scoreboard
# [base] Write finished! Write data 03 at Address 00
# [Scoreboard] Get packet from Monitor: Address: 00, Data: 00
# 
# ===== t=404870000 PASSED SUCCESSFULLY !!! Expected timing is 235000, Actual timing is 259999 =====
# 
# [Stimulus] Packet is sent to Driver
# [Driver] Data is sent to DUT
# [Monitor] Data is sent to Scoreboard
# [base] Write finished! Write data 02 at Address 03
# [Scoreboard] Get packet from Monitor: Address: 03, Data: 00
# [Stimulus] Packet is sent to Driver
# [Driver] Data is sent to DUT
# [Monitor] Data is sent to Scoreboard
# [Base] Write finished! Write Random Data 76 at Address 02
# [Scoreboard] Get packet from Monitor: Address: 02, Data: 00
# [Stimulus] Packet is sent to Driver
#   1
# [Driver] Data is sent to DUT
# [Monitor] Data is sent to Scoreboard
# [base] Write finished! Write data 06 at Address 00
# [Scoreboard] Get packet from Monitor: Address: 00, Data: 00
# [Stimulus] Packet is sent to Driver
#   0
# [Driver] Data is sent to DUT
# [Monitor] Data is sent to Scoreboard
# [base] Write finished! Write data 03 at Address 00
# [Scoreboard] Get packet from Monitor: Address: 00, Data: 00
# 
# ===== t=405750000 PASSED SUCCESSFULLY !!! Expected timing is 590000, Actual timing is 599999 =====
# 
# [Stimulus] Packet is sent to Driver
# [Driver] Data is sent to DUT
# [Monitor] Data is sent to Scoreboard
# [base] Write finished! Write data 02 at Address 03
# [Scoreboard] Get packet from Monitor: Address: 03, Data: 00
# [Stimulus] Packet is sent to Driver
# [Driver] Data is sent to DUT
# [Monitor] Data is sent to Scoreboard
# [Base] Write finished! Write Random Data e1 at Address 02
# [Scoreboard] Get packet from Monitor: Address: 02, Data: 00
# [Stimulus] Packet is sent to Driver
#   1
# [Driver] Data is sent to DUT
# [Monitor] Data is sent to Scoreboard
# [base] Write finished! Write data 06 at Address 00
# [Scoreboard] Get packet from Monitor: Address: 00, Data: 00
# [Stimulus] Packet is sent to Driver
#   0
# [Driver] Data is sent to DUT
# [Monitor] Data is sent to Scoreboard
# [base] Write finished! Write data 03 at Address 00
# [Scoreboard] Get packet from Monitor: Address: 00, Data: 00
# 
# ===== t=407170000 PASSED SUCCESSFULLY !!! Expected timing is 1125000, Actual timing is 1139999 =====
# 
# [Stimulus] Packet is sent to Driver
# [Driver] Data is sent to DUT
# [Monitor] Data is sent to Scoreboard
# [base] Write finished! Write data 02 at Address 03
# [Scoreboard] Get packet from Monitor: Address: 03, Data: 00
# [Stimulus] Packet is sent to Driver
# [Driver] Data is sent to DUT
# [Monitor] Data is sent to Scoreboard
# [Base] Write finished! Write Random Data ea at Address 02
# [Scoreboard] Get packet from Monitor: Address: 02, Data: 00
# [Stimulus] Packet is sent to Driver
#   1
# [Driver] Data is sent to DUT
# [Monitor] Data is sent to Scoreboard
# [base] Write finished! Write data 06 at Address 00
# [Scoreboard] Get packet from Monitor: Address: 00, Data: 00
# [Stimulus] Packet is sent to Driver
#   0
# [Driver] Data is sent to DUT
# [Monitor] Data is sent to Scoreboard
# [base] Write finished! Write data 03 at Address 00
# [Scoreboard] Get packet from Monitor: Address: 00, Data: 00
# 
# ===== t=408630000 PASSED SUCCESSFULLY !!! Expected timing is 1170000, Actual timing is 1179999 =====
# 
# [Stimulus] Packet is sent to Driver
# [Driver] Data is sent to DUT
# [Monitor] Data is sent to Scoreboard
# [base] Write finished! Write data 02 at Address 03
# [Scoreboard] Get packet from Monitor: Address: 03, Data: 00
# [Stimulus] Packet is sent to Driver
# [Driver] Data is sent to DUT
# [Monitor] Data is sent to Scoreboard
# [Base] Write finished! Write Random Data 4d at Address 02
# [Scoreboard] Get packet from Monitor: Address: 02, Data: 00
# [Stimulus] Packet is sent to Driver
#   1
# [Driver] Data is sent to DUT
# [Monitor] Data is sent to Scoreboard
# [base] Write finished! Write data 06 at Address 00
# [Scoreboard] Get packet from Monitor: Address: 00, Data: 00
# [Stimulus] Packet is sent to Driver
#   0
# [Driver] Data is sent to DUT
# [Monitor] Data is sent to Scoreboard
# [base] Write finished! Write data 03 at Address 00
# [Scoreboard] Get packet from Monitor: Address: 00, Data: 00
# 
# ===== t=409310000 PASSED SUCCESSFULLY !!! Expected timing is 385000, Actual timing is 399999 =====
# 
# [Stimulus] Packet is sent to Driver
# [Driver] Data is sent to DUT
# [Monitor] Data is sent to Scoreboard
# [base] Write finished! Write data 02 at Address 03
# [Scoreboard] Get packet from Monitor: Address: 03, Data: 00
# [Stimulus] Packet is sent to Driver
# [Driver] Data is sent to DUT
# [Monitor] Data is sent to Scoreboard
# [Base] Write finished! Write Random Data c4 at Address 02
# [Scoreboard] Get packet from Monitor: Address: 02, Data: 00
# [Stimulus] Packet is sent to Driver
#   1
# [Driver] Data is sent to DUT
# [Monitor] Data is sent to Scoreboard
# [base] Write finished! Write data 06 at Address 00
# [Scoreboard] Get packet from Monitor: Address: 00, Data: 00
# [Stimulus] Packet is sent to Driver
#   0
# [Driver] Data is sent to DUT
# [Monitor] Data is sent to Scoreboard
# [base] Write finished! Write data 03 at Address 00
# [Scoreboard] Get packet from Monitor: Address: 00, Data: 00
# 
# ===== t=410590000 PASSED SUCCESSFULLY !!! Expected timing is 980000, Actual timing is 999999 =====
# 
# [Stimulus] Packet is sent to Driver
# [Driver] Data is sent to DUT
# [Monitor] Data is sent to Scoreboard
# [base] Write finished! Write data 02 at Address 03
# [Scoreboard] Get packet from Monitor: Address: 03, Data: 00
# [Stimulus] Packet is sent to Driver
# [Driver] Data is sent to DUT
# [Monitor] Data is sent to Scoreboard
# [Base] Write finished! Write Random Data c7 at Address 02
# [Scoreboard] Get packet from Monitor: Address: 02, Data: 00
# [Stimulus] Packet is sent to Driver
#   1
# [Driver] Data is sent to DUT
# [Monitor] Data is sent to Scoreboard
# [base] Write finished! Write data 06 at Address 00
# [Scoreboard] Get packet from Monitor: Address: 00, Data: 00
# [Stimulus] Packet is sent to Driver
#   0
# [Driver] Data is sent to DUT
# [Monitor] Data is sent to Scoreboard
# [base] Write finished! Write data 03 at Address 00
# [Scoreboard] Get packet from Monitor: Address: 00, Data: 00
# 
# ===== t=411890000 PASSED SUCCESSFULLY !!! Expected timing is 995000, Actual timing is 1019999 =====
# 
# [Stimulus] Packet is sent to Driver
# [Driver] Data is sent to DUT
# [Monitor] Data is sent to Scoreboard
# [base] Write finished! Write data 02 at Address 03
# [Scoreboard] Get packet from Monitor: Address: 03, Data: 00
# [Stimulus] Packet is sent to Driver
# [Driver] Data is sent to DUT
# [Monitor] Data is sent to Scoreboard
# [Base] Write finished! Write Random Data 2f at Address 02
# [Scoreboard] Get packet from Monitor: Address: 02, Data: 00
# [Stimulus] Packet is sent to Driver
#   1
# [Driver] Data is sent to DUT
# [Monitor] Data is sent to Scoreboard
# [base] Write finished! Write data 06 at Address 00
# [Scoreboard] Get packet from Monitor: Address: 00, Data: 00
# [Stimulus] Packet is sent to Driver
#   0
# [Driver] Data is sent to DUT
# [Monitor] Data is sent to Scoreboard
# [base] Write finished! Write data 03 at Address 00
# [Scoreboard] Get packet from Monitor: Address: 00, Data: 00
# 
# ===== t=412430000 PASSED SUCCESSFULLY !!! Expected timing is 235000, Actual timing is 259999 =====
# 
# [Stimulus] Packet is sent to Driver
# [Driver] Data is sent to DUT
# [Monitor] Data is sent to Scoreboard
# [base] Write finished! Write data 02 at Address 03
# [Scoreboard] Get packet from Monitor: Address: 03, Data: 00
# [Stimulus] Packet is sent to Driver
# [Driver] Data is sent to DUT
# [Monitor] Data is sent to Scoreboard
# [Base] Write finished! Write Random Data c2 at Address 02
# [Scoreboard] Get packet from Monitor: Address: 02, Data: 00
# [Stimulus] Packet is sent to Driver
#   1
# [Driver] Data is sent to DUT
# [Monitor] Data is sent to Scoreboard
# [base] Write finished! Write data 06 at Address 00
# [Scoreboard] Get packet from Monitor: Address: 00, Data: 00
# [Stimulus] Packet is sent to Driver
#   0
# [Driver] Data is sent to DUT
# [Monitor] Data is sent to Scoreboard
# [base] Write finished! Write data 03 at Address 00
# [Scoreboard] Get packet from Monitor: Address: 00, Data: 00
# 
# ===== t=413690000 PASSED SUCCESSFULLY !!! Expected timing is 970000, Actual timing is 979999 =====
# 
# [Stimulus] Packet is sent to Driver
# [Driver] Data is sent to DUT
# [Monitor] Data is sent to Scoreboard
# [base] Write finished! Write data 02 at Address 03
# [Scoreboard] Get packet from Monitor: Address: 03, Data: 00
# [Stimulus] Packet is sent to Driver
# [Driver] Data is sent to DUT
# [Monitor] Data is sent to Scoreboard
# [Base] Write finished! Write Random Data 2c at Address 02
# [Scoreboard] Get packet from Monitor: Address: 02, Data: 00
# [Stimulus] Packet is sent to Driver
#   1
# [Driver] Data is sent to DUT
# [Monitor] Data is sent to Scoreboard
# [base] Write finished! Write data 06 at Address 00
# [Scoreboard] Get packet from Monitor: Address: 00, Data: 00
# [Stimulus] Packet is sent to Driver
#   0
# [Driver] Data is sent to DUT
# [Monitor] Data is sent to Scoreboard
# [base] Write finished! Write data 03 at Address 00
# [Scoreboard] Get packet from Monitor: Address: 00, Data: 00
# 
# ===== t=414210000 PASSED SUCCESSFULLY !!! Expected timing is 220000, Actual timing is 239999 =====
# 
# [Stimulus] Packet is sent to Driver
# [Driver] Data is sent to DUT
# [Monitor] Data is sent to Scoreboard
# [base] Write finished! Write data 02 at Address 03
# [Scoreboard] Get packet from Monitor: Address: 03, Data: 00
# [Stimulus] Packet is sent to Driver
# [Driver] Data is sent to DUT
# [Monitor] Data is sent to Scoreboard
# [Base] Write finished! Write Random Data ae at Address 02
# [Scoreboard] Get packet from Monitor: Address: 02, Data: 00
# [Stimulus] Packet is sent to Driver
#   1
# [Driver] Data is sent to DUT
# [Monitor] Data is sent to Scoreboard
# [base] Write finished! Write data 06 at Address 00
# [Scoreboard] Get packet from Monitor: Address: 00, Data: 00
# [Stimulus] Packet is sent to Driver
#   0
# [Driver] Data is sent to DUT
# [Monitor] Data is sent to Scoreboard
# [base] Write finished! Write data 03 at Address 00
# [Scoreboard] Get packet from Monitor: Address: 00, Data: 00
# 
# ===== t=415370000 PASSED SUCCESSFULLY !!! Expected timing is 870000, Actual timing is 879999 =====
# 
# [Stimulus] Packet is sent to Driver
# [Driver] Data is sent to DUT
# [Monitor] Data is sent to Scoreboard
# [base] Write finished! Write data 02 at Address 03
# [Scoreboard] Get packet from Monitor: Address: 03, Data: 00
# [Stimulus] Packet is sent to Driver
# [Driver] Data is sent to DUT
# [Monitor] Data is sent to Scoreboard
# [Base] Write finished! Write Random Data 01 at Address 02
# [Scoreboard] Get packet from Monitor: Address: 02, Data: 00
# [Stimulus] Packet is sent to Driver
#   1
# [Driver] Data is sent to DUT
# [Monitor] Data is sent to Scoreboard
# [base] Write finished! Write data 06 at Address 00
# [Scoreboard] Get packet from Monitor: Address: 00, Data: 00
# [Stimulus] Packet is sent to Driver
#   0
# [Driver] Data is sent to DUT
# [Monitor] Data is sent to Scoreboard
# [base] Write finished! Write data 03 at Address 00
# [Scoreboard] Get packet from Monitor: Address: 00, Data: 00
# 
# ===== t=415670000 PASSED SUCCESSFULLY !!! Expected timing is 5000, Actual timing is 19999 =====
# 
# [Stimulus] Packet is sent to Driver
# [Driver] Data is sent to DUT
# [Monitor] Data is sent to Scoreboard
# [base] Write finished! Write data 02 at Address 03
# [Scoreboard] Get packet from Monitor: Address: 03, Data: 00
# [Stimulus] Packet is sent to Driver
# [Driver] Data is sent to DUT
# [Monitor] Data is sent to Scoreboard
# [Base] Write finished! Write Random Data 68 at Address 02
# [Scoreboard] Get packet from Monitor: Address: 02, Data: 00
# [Stimulus] Packet is sent to Driver
#   1
# [Driver] Data is sent to DUT
# [Monitor] Data is sent to Scoreboard
# [base] Write finished! Write data 06 at Address 00
# [Scoreboard] Get packet from Monitor: Address: 00, Data: 00
# [Stimulus] Packet is sent to Driver
#   0
# [Driver] Data is sent to DUT
# [Monitor] Data is sent to Scoreboard
# [base] Write finished! Write data 03 at Address 00
# [Scoreboard] Get packet from Monitor: Address: 00, Data: 00
# 
# ===== t=416490000 PASSED SUCCESSFULLY !!! Expected timing is 520000, Actual timing is 539999 =====
# 
# [Stimulus] Packet is sent to Driver
# [Driver] Data is sent to DUT
# [Monitor] Data is sent to Scoreboard
# [base] Write finished! Write data 02 at Address 03
# [Scoreboard] Get packet from Monitor: Address: 03, Data: 00
# [Stimulus] Packet is sent to Driver
# [Driver] Data is sent to DUT
# [Monitor] Data is sent to Scoreboard
# [Base] Write finished! Write Random Data 7d at Address 02
# [Scoreboard] Get packet from Monitor: Address: 02, Data: 00
# [Stimulus] Packet is sent to Driver
#   1
# [Driver] Data is sent to DUT
# [Monitor] Data is sent to Scoreboard
# [base] Write finished! Write data 06 at Address 00
# [Scoreboard] Get packet from Monitor: Address: 00, Data: 00
# [Stimulus] Packet is sent to Driver
#   0
# [Driver] Data is sent to DUT
# [Monitor] Data is sent to Scoreboard
# [base] Write finished! Write data 03 at Address 00
# [Scoreboard] Get packet from Monitor: Address: 00, Data: 00
# 
# ===== t=417410000 PASSED SUCCESSFULLY !!! Expected timing is 625000, Actual timing is 639999 =====
# 
# [Stimulus] Packet is sent to Driver
# [Driver] Data is sent to DUT
# [Monitor] Data is sent to Scoreboard
# [base] Write finished! Write data 02 at Address 03
# [Scoreboard] Get packet from Monitor: Address: 03, Data: 00
# [Stimulus] Packet is sent to Driver
# [Driver] Data is sent to DUT
# [Monitor] Data is sent to Scoreboard
# [Base] Write finished! Write Random Data 54 at Address 02
# [Scoreboard] Get packet from Monitor: Address: 02, Data: 00
# [Stimulus] Packet is sent to Driver
#   1
# [Driver] Data is sent to DUT
# [Monitor] Data is sent to Scoreboard
# [base] Write finished! Write data 06 at Address 00
# [Scoreboard] Get packet from Monitor: Address: 00, Data: 00
# [Stimulus] Packet is sent to Driver
#   0
# [Driver] Data is sent to DUT
# [Monitor] Data is sent to Scoreboard
# [base] Write finished! Write data 03 at Address 00
# [Scoreboard] Get packet from Monitor: Address: 00, Data: 00
# 
# ===== t=418130000 PASSED SUCCESSFULLY !!! Expected timing is 420000, Actual timing is 439999 =====
# 
# [Stimulus] Packet is sent to Driver
# [Driver] Data is sent to DUT
# [Monitor] Data is sent to Scoreboard
# [base] Write finished! Write data 02 at Address 03
# [Scoreboard] Get packet from Monitor: Address: 03, Data: 00
# [Stimulus] Packet is sent to Driver
# [Driver] Data is sent to DUT
# [Monitor] Data is sent to Scoreboard
# [Base] Write finished! Write Random Data 92 at Address 02
# [Scoreboard] Get packet from Monitor: Address: 02, Data: 00
# [Stimulus] Packet is sent to Driver
#   1
# [Driver] Data is sent to DUT
# [Monitor] Data is sent to Scoreboard
# [base] Write finished! Write data 06 at Address 00
# [Scoreboard] Get packet from Monitor: Address: 00, Data: 00
# [Stimulus] Packet is sent to Driver
#   0
# [Driver] Data is sent to DUT
# [Monitor] Data is sent to Scoreboard
# [base] Write finished! Write data 03 at Address 00
# [Scoreboard] Get packet from Monitor: Address: 00, Data: 00
# 
# ===== t=419150000 PASSED SUCCESSFULLY !!! Expected timing is 730000, Actual timing is 739999 =====
# 
# [Stimulus] Packet is sent to Driver
# [Driver] Data is sent to DUT
# [Monitor] Data is sent to Scoreboard
# [base] Write finished! Write data 02 at Address 03
# [Scoreboard] Get packet from Monitor: Address: 03, Data: 00
# [Stimulus] Packet is sent to Driver
# [Driver] Data is sent to DUT
# [Monitor] Data is sent to Scoreboard
# [Base] Write finished! Write Random Data 1b at Address 02
# [Scoreboard] Get packet from Monitor: Address: 02, Data: 00
# [Stimulus] Packet is sent to Driver
#   1
# [Driver] Data is sent to DUT
# [Monitor] Data is sent to Scoreboard
# [base] Write finished! Write data 06 at Address 00
# [Scoreboard] Get packet from Monitor: Address: 00, Data: 00
# [Stimulus] Packet is sent to Driver
#   0
# [Driver] Data is sent to DUT
# [Monitor] Data is sent to Scoreboard
# [base] Write finished! Write data 03 at Address 00
# [Scoreboard] Get packet from Monitor: Address: 00, Data: 00
# 
# ===== t=419590000 PASSED SUCCESSFULLY !!! Expected timing is 135000, Actual timing is 159999 =====
# 
# [Stimulus] Packet is sent to Driver
# [Driver] Data is sent to DUT
# [Monitor] Data is sent to Scoreboard
# [base] Write finished! Write data 02 at Address 03
# [Scoreboard] Get packet from Monitor: Address: 03, Data: 00
# [Stimulus] Packet is sent to Driver
# [Driver] Data is sent to DUT
# [Monitor] Data is sent to Scoreboard
# [Base] Write finished! Write Random Data 2a at Address 02
# [Scoreboard] Get packet from Monitor: Address: 02, Data: 00
# [Stimulus] Packet is sent to Driver
#   1
# [Driver] Data is sent to DUT
# [Monitor] Data is sent to Scoreboard
# [base] Write finished! Write data 06 at Address 00
# [Scoreboard] Get packet from Monitor: Address: 00, Data: 00
# [Stimulus] Packet is sent to Driver
#   0
# [Driver] Data is sent to DUT
# [Monitor] Data is sent to Scoreboard
# [base] Write finished! Write data 03 at Address 00
# [Scoreboard] Get packet from Monitor: Address: 00, Data: 00
# 
# ===== t=420090000 PASSED SUCCESSFULLY !!! Expected timing is 210000, Actual timing is 219999 =====
# 
# [Stimulus] Packet is sent to Driver
# [Driver] Data is sent to DUT
# [Monitor] Data is sent to Scoreboard
# [base] Write finished! Write data 02 at Address 03
# [Scoreboard] Get packet from Monitor: Address: 03, Data: 00
# [Stimulus] Packet is sent to Driver
# [Driver] Data is sent to DUT
# [Monitor] Data is sent to Scoreboard
# [Base] Write finished! Write Random Data b7 at Address 02
# [Scoreboard] Get packet from Monitor: Address: 02, Data: 00
# [Stimulus] Packet is sent to Driver
#   1
# [Driver] Data is sent to DUT
# [Monitor] Data is sent to Scoreboard
# [base] Write finished! Write data 06 at Address 00
# [Scoreboard] Get packet from Monitor: Address: 00, Data: 00
# [Stimulus] Packet is sent to Driver
#   0
# [Driver] Data is sent to DUT
# [Monitor] Data is sent to Scoreboard
# [base] Write finished! Write data 03 at Address 00
# [Scoreboard] Get packet from Monitor: Address: 00, Data: 00
# 
# ===== t=421310000 PASSED SUCCESSFULLY !!! Expected timing is 915000, Actual timing is 939999 =====
# 
# [Stimulus] Packet is sent to Driver
# [Driver] Data is sent to DUT
# [Monitor] Data is sent to Scoreboard
# [base] Write finished! Write data 02 at Address 03
# [Scoreboard] Get packet from Monitor: Address: 03, Data: 00
# [Stimulus] Packet is sent to Driver
# [Driver] Data is sent to DUT
# [Monitor] Data is sent to Scoreboard
# [Base] Write finished! Write Random Data 89 at Address 02
# [Scoreboard] Get packet from Monitor: Address: 02, Data: 00
# [Stimulus] Packet is sent to Driver
#   1
# [Driver] Data is sent to DUT
# [Monitor] Data is sent to Scoreboard
# [base] Write finished! Write data 06 at Address 00
# [Scoreboard] Get packet from Monitor: Address: 00, Data: 00
# [Stimulus] Packet is sent to Driver
#   0
# [Driver] Data is sent to DUT
# [Monitor] Data is sent to Scoreboard
# [base] Write finished! Write data 03 at Address 00
# [Scoreboard] Get packet from Monitor: Address: 00, Data: 00
# 
# ===== t=422290000 PASSED SUCCESSFULLY !!! Expected timing is 685000, Actual timing is 699999 =====
# 
# [Stimulus] Packet is sent to Driver
# [Driver] Data is sent to DUT
# [Monitor] Data is sent to Scoreboard
# [base] Write finished! Write data 02 at Address 03
# [Scoreboard] Get packet from Monitor: Address: 03, Data: 00
# [Stimulus] Packet is sent to Driver
# [Driver] Data is sent to DUT
# [Monitor] Data is sent to Scoreboard
# [Base] Write finished! Write Random Data f1 at Address 02
# [Scoreboard] Get packet from Monitor: Address: 02, Data: 00
# [Stimulus] Packet is sent to Driver
#   1
# [Driver] Data is sent to DUT
# [Monitor] Data is sent to Scoreboard
# [base] Write finished! Write data 06 at Address 00
# [Scoreboard] Get packet from Monitor: Address: 00, Data: 00
# [Stimulus] Packet is sent to Driver
#   0
# [Driver] Data is sent to DUT
# [Monitor] Data is sent to Scoreboard
# [base] Write finished! Write data 03 at Address 00
# [Scoreboard] Get packet from Monitor: Address: 00, Data: 00
# 
# ===== t=423790000 PASSED SUCCESSFULLY !!! Expected timing is 1205000, Actual timing is 1219999 =====
# 
# [Stimulus] Packet is sent to Driver
# [Driver] Data is sent to DUT
# [Monitor] Data is sent to Scoreboard
# [base] Write finished! Write data 02 at Address 03
# [Scoreboard] Get packet from Monitor: Address: 03, Data: 00
# [Stimulus] Packet is sent to Driver
# [Driver] Data is sent to DUT
# [Monitor] Data is sent to Scoreboard
# [Base] Write finished! Write Random Data 75 at Address 02
# [Scoreboard] Get packet from Monitor: Address: 02, Data: 00
# [Stimulus] Packet is sent to Driver
#   1
# [Driver] Data is sent to DUT
# [Monitor] Data is sent to Scoreboard
# [base] Write finished! Write data 06 at Address 00
# [Scoreboard] Get packet from Monitor: Address: 00, Data: 00
# [Stimulus] Packet is sent to Driver
#   0
# [Driver] Data is sent to DUT
# [Monitor] Data is sent to Scoreboard
# [base] Write finished! Write data 03 at Address 00
# [Scoreboard] Get packet from Monitor: Address: 00, Data: 00
# 
# ===== t=424670000 PASSED SUCCESSFULLY !!! Expected timing is 585000, Actual timing is 599999 =====
# 
# [Stimulus] Packet is sent to Driver
# [Driver] Data is sent to DUT
# [Monitor] Data is sent to Scoreboard
# [base] Write finished! Write data 02 at Address 03
# [Scoreboard] Get packet from Monitor: Address: 03, Data: 00
# [Stimulus] Packet is sent to Driver
# [Driver] Data is sent to DUT
# [Monitor] Data is sent to Scoreboard
# [Base] Write finished! Write Random Data fb at Address 02
# [Scoreboard] Get packet from Monitor: Address: 02, Data: 00
# [Stimulus] Packet is sent to Driver
#   1
# [Driver] Data is sent to DUT
# [Monitor] Data is sent to Scoreboard
# [base] Write finished! Write data 06 at Address 00
# [Scoreboard] Get packet from Monitor: Address: 00, Data: 00
# [Stimulus] Packet is sent to Driver
#   0
# [Driver] Data is sent to DUT
# [Monitor] Data is sent to Scoreboard
# [base] Write finished! Write data 03 at Address 00
# [Scoreboard] Get packet from Monitor: Address: 00, Data: 00
# 
# ===== t=426230000 PASSED SUCCESSFULLY !!! Expected timing is 1255000, Actual timing is 1279999 =====
# 
# [Stimulus] Packet is sent to Driver
# [Driver] Data is sent to DUT
# [Monitor] Data is sent to Scoreboard
# [base] Write finished! Write data 02 at Address 03
# [Scoreboard] Get packet from Monitor: Address: 03, Data: 00
# [Stimulus] Packet is sent to Driver
# [Driver] Data is sent to DUT
# [Monitor] Data is sent to Scoreboard
# [Base] Write finished! Write Random Data 08 at Address 02
# [Scoreboard] Get packet from Monitor: Address: 02, Data: 00
# [Stimulus] Packet is sent to Driver
#   1
# [Driver] Data is sent to DUT
# [Monitor] Data is sent to Scoreboard
# [base] Write finished! Write data 06 at Address 00
# [Scoreboard] Get packet from Monitor: Address: 00, Data: 00
# [Stimulus] Packet is sent to Driver
#   0
# [Driver] Data is sent to DUT
# [Monitor] Data is sent to Scoreboard
# [base] Write finished! Write data 03 at Address 00
# [Scoreboard] Get packet from Monitor: Address: 00, Data: 00
# 
# ===== t=426570000 PASSED SUCCESSFULLY !!! Expected timing is 40000, Actual timing is 59999 =====
# 
# [Stimulus] Packet is sent to Driver
# [Driver] Data is sent to DUT
# [Monitor] Data is sent to Scoreboard
# [base] Write finished! Write data 02 at Address 03
# [Scoreboard] Get packet from Monitor: Address: 03, Data: 00
# [Stimulus] Packet is sent to Driver
# [Driver] Data is sent to DUT
# [Monitor] Data is sent to Scoreboard
# [Base] Write finished! Write Random Data 23 at Address 02
# [Scoreboard] Get packet from Monitor: Address: 02, Data: 00
# [Stimulus] Packet is sent to Driver
#   1
# [Driver] Data is sent to DUT
# [Monitor] Data is sent to Scoreboard
# [base] Write finished! Write data 06 at Address 00
# [Scoreboard] Get packet from Monitor: Address: 00, Data: 00
# [Stimulus] Packet is sent to Driver
#   0
# [Driver] Data is sent to DUT
# [Monitor] Data is sent to Scoreboard
# [base] Write finished! Write data 03 at Address 00
# [Scoreboard] Get packet from Monitor: Address: 00, Data: 00
# 
# ===== t=427050000 PASSED SUCCESSFULLY !!! Expected timing is 175000, Actual timing is 199999 =====
# 
# [Stimulus] Packet is sent to Driver
# [Driver] Data is sent to DUT
# [Monitor] Data is sent to Scoreboard
# [base] Write finished! Write data 02 at Address 03
# [Scoreboard] Get packet from Monitor: Address: 03, Data: 00
# [Stimulus] Packet is sent to Driver
# [Driver] Data is sent to DUT
# [Monitor] Data is sent to Scoreboard
# [Base] Write finished! Write Random Data d8 at Address 02
# [Scoreboard] Get packet from Monitor: Address: 02, Data: 00
# [Stimulus] Packet is sent to Driver
#   1
# [Driver] Data is sent to DUT
# [Monitor] Data is sent to Scoreboard
# [base] Write finished! Write data 06 at Address 00
# [Scoreboard] Get packet from Monitor: Address: 00, Data: 00
# [Stimulus] Packet is sent to Driver
#   0
# [Driver] Data is sent to DUT
# [Monitor] Data is sent to Scoreboard
# [base] Write finished! Write data 03 at Address 00
# [Scoreboard] Get packet from Monitor: Address: 00, Data: 00
# 
# ===== t=428430000 PASSED SUCCESSFULLY !!! Expected timing is 1080000, Actual timing is 1099999 =====
# 
# [Stimulus] Packet is sent to Driver
# [Driver] Data is sent to DUT
# [Monitor] Data is sent to Scoreboard
# [base] Write finished! Write data 02 at Address 03
# [Scoreboard] Get packet from Monitor: Address: 03, Data: 00
# [Stimulus] Packet is sent to Driver
# [Driver] Data is sent to DUT
# [Monitor] Data is sent to Scoreboard
# [Base] Write finished! Write Random Data 3e at Address 02
# [Scoreboard] Get packet from Monitor: Address: 02, Data: 00
# [Stimulus] Packet is sent to Driver
#   1
# [Driver] Data is sent to DUT
# [Monitor] Data is sent to Scoreboard
# [base] Write finished! Write data 06 at Address 00
# [Scoreboard] Get packet from Monitor: Address: 00, Data: 00
# [Stimulus] Packet is sent to Driver
#   0
# [Driver] Data is sent to DUT
# [Monitor] Data is sent to Scoreboard
# [base] Write finished! Write data 03 at Address 00
# [Scoreboard] Get packet from Monitor: Address: 00, Data: 00
# 
# ===== t=429030000 PASSED SUCCESSFULLY !!! Expected timing is 310000, Actual timing is 319999 =====
# 
# [Stimulus] Packet is sent to Driver
# [Driver] Data is sent to DUT
# [Monitor] Data is sent to Scoreboard
# [base] Write finished! Write data 02 at Address 03
# [Scoreboard] Get packet from Monitor: Address: 03, Data: 00
# [Stimulus] Packet is sent to Driver
# [Driver] Data is sent to DUT
# [Monitor] Data is sent to Scoreboard
# [Base] Write finished! Write Random Data 3b at Address 02
# [Scoreboard] Get packet from Monitor: Address: 02, Data: 00
# [Stimulus] Packet is sent to Driver
#   1
# [Driver] Data is sent to DUT
# [Monitor] Data is sent to Scoreboard
# [base] Write finished! Write data 06 at Address 00
# [Scoreboard] Get packet from Monitor: Address: 00, Data: 00
# [Stimulus] Packet is sent to Driver
#   0
# [Driver] Data is sent to DUT
# [Monitor] Data is sent to Scoreboard
# [base] Write finished! Write data 03 at Address 00
# [Scoreboard] Get packet from Monitor: Address: 00, Data: 00
# 
# ===== t=429630000 PASSED SUCCESSFULLY !!! Expected timing is 295000, Actual timing is 319999 =====
# 
# [Stimulus] Packet is sent to Driver
# [Driver] Data is sent to DUT
# [Monitor] Data is sent to Scoreboard
# [base] Write finished! Write data 02 at Address 03
# [Scoreboard] Get packet from Monitor: Address: 03, Data: 00
# [Stimulus] Packet is sent to Driver
# [Driver] Data is sent to DUT
# [Monitor] Data is sent to Scoreboard
# [Base] Write finished! Write Random Data 8e at Address 02
# [Scoreboard] Get packet from Monitor: Address: 02, Data: 00
# [Stimulus] Packet is sent to Driver
#   1
# [Driver] Data is sent to DUT
# [Monitor] Data is sent to Scoreboard
# [base] Write finished! Write data 06 at Address 00
# [Scoreboard] Get packet from Monitor: Address: 00, Data: 00
# [Stimulus] Packet is sent to Driver
#   0
# [Driver] Data is sent to DUT
# [Monitor] Data is sent to Scoreboard
# [base] Write finished! Write data 03 at Address 00
# [Scoreboard] Get packet from Monitor: Address: 00, Data: 00
# 
# ===== t=430630000 PASSED SUCCESSFULLY !!! Expected timing is 710000, Actual timing is 719999 =====
# 
# [Stimulus] Packet is sent to Driver
# [Driver] Data is sent to DUT
# [Monitor] Data is sent to Scoreboard
# [base] Write finished! Write data 02 at Address 03
# [Scoreboard] Get packet from Monitor: Address: 03, Data: 00
# [Stimulus] Packet is sent to Driver
# [Driver] Data is sent to DUT
# [Monitor] Data is sent to Scoreboard
# [Base] Write finished! Write Random Data 5f at Address 02
# [Scoreboard] Get packet from Monitor: Address: 02, Data: 00
# [Stimulus] Packet is sent to Driver
#   1
# [Driver] Data is sent to DUT
# [Monitor] Data is sent to Scoreboard
# [base] Write finished! Write data 06 at Address 00
# [Scoreboard] Get packet from Monitor: Address: 00, Data: 00
# [Stimulus] Packet is sent to Driver
#   0
# [Driver] Data is sent to DUT
# [Monitor] Data is sent to Scoreboard
# [base] Write finished! Write data 03 at Address 00
# [Scoreboard] Get packet from Monitor: Address: 00, Data: 00
# 
# ===== t=431410000 PASSED SUCCESSFULLY !!! Expected timing is 475000, Actual timing is 499999 =====
# 
# [Stimulus] Packet is sent to Driver
# [Driver] Data is sent to DUT
# [Monitor] Data is sent to Scoreboard
# [base] Write finished! Write data 02 at Address 03
# [Scoreboard] Get packet from Monitor: Address: 03, Data: 00
# [Stimulus] Packet is sent to Driver
# [Driver] Data is sent to DUT
# [Monitor] Data is sent to Scoreboard
# [Base] Write finished! Write Random Data b9 at Address 02
# [Scoreboard] Get packet from Monitor: Address: 02, Data: 00
# [Stimulus] Packet is sent to Driver
#   1
# [Driver] Data is sent to DUT
# [Monitor] Data is sent to Scoreboard
# [base] Write finished! Write data 06 at Address 00
# [Scoreboard] Get packet from Monitor: Address: 00, Data: 00
# [Stimulus] Packet is sent to Driver
#   0
# [Driver] Data is sent to DUT
# [Monitor] Data is sent to Scoreboard
# [base] Write finished! Write data 03 at Address 00
# [Scoreboard] Get packet from Monitor: Address: 00, Data: 00
# 
# ===== t=432630000 PASSED SUCCESSFULLY !!! Expected timing is 925000, Actual timing is 939999 =====
# 
# [Stimulus] Packet is sent to Driver
# [Driver] Data is sent to DUT
# [Monitor] Data is sent to Scoreboard
# [base] Write finished! Write data 02 at Address 03
# [Scoreboard] Get packet from Monitor: Address: 03, Data: 00
# [Stimulus] Packet is sent to Driver
# [Driver] Data is sent to DUT
# [Monitor] Data is sent to Scoreboard
# [Base] Write finished! Write Random Data da at Address 02
# [Scoreboard] Get packet from Monitor: Address: 02, Data: 00
# [Stimulus] Packet is sent to Driver
#   1
# [Driver] Data is sent to DUT
# [Monitor] Data is sent to Scoreboard
# [base] Write finished! Write data 06 at Address 00
# [Scoreboard] Get packet from Monitor: Address: 00, Data: 00
# [Stimulus] Packet is sent to Driver
#   0
# [Driver] Data is sent to DUT
# [Monitor] Data is sent to Scoreboard
# [base] Write finished! Write data 03 at Address 00
# [Scoreboard] Get packet from Monitor: Address: 00, Data: 00
# 
# ===== t=434010000 PASSED SUCCESSFULLY !!! Expected timing is 1090000, Actual timing is 1099999 =====
# 
# [Stimulus] Packet is sent to Driver
# [Driver] Data is sent to DUT
# [Monitor] Data is sent to Scoreboard
# [base] Write finished! Write data 02 at Address 03
# [Scoreboard] Get packet from Monitor: Address: 03, Data: 00
# [Stimulus] Packet is sent to Driver
# [Driver] Data is sent to DUT
# [Monitor] Data is sent to Scoreboard
# [Base] Write finished! Write Random Data 37 at Address 02
# [Scoreboard] Get packet from Monitor: Address: 02, Data: 00
# [Stimulus] Packet is sent to Driver
#   1
# [Driver] Data is sent to DUT
# [Monitor] Data is sent to Scoreboard
# [base] Write finished! Write data 06 at Address 00
# [Scoreboard] Get packet from Monitor: Address: 00, Data: 00
# [Stimulus] Packet is sent to Driver
#   0
# [Driver] Data is sent to DUT
# [Monitor] Data is sent to Scoreboard
# [base] Write finished! Write data 03 at Address 00
# [Scoreboard] Get packet from Monitor: Address: 00, Data: 00
# 
# ===== t=434590000 PASSED SUCCESSFULLY !!! Expected timing is 275000, Actual timing is 299999 =====
# 
# [Stimulus] Packet is sent to Driver
# [Driver] Data is sent to DUT
# [Monitor] Data is sent to Scoreboard
# [base] Write finished! Write data 02 at Address 03
# [Scoreboard] Get packet from Monitor: Address: 03, Data: 00
# [Stimulus] Packet is sent to Driver
# [Driver] Data is sent to DUT
# [Monitor] Data is sent to Scoreboard
# [Base] Write finished! Write Random Data 7c at Address 02
# [Scoreboard] Get packet from Monitor: Address: 02, Data: 00
# [Stimulus] Packet is sent to Driver
#   1
# [Driver] Data is sent to DUT
# [Monitor] Data is sent to Scoreboard
# [base] Write finished! Write data 06 at Address 00
# [Scoreboard] Get packet from Monitor: Address: 00, Data: 00
# [Stimulus] Packet is sent to Driver
#   0
# [Driver] Data is sent to DUT
# [Monitor] Data is sent to Scoreboard
# [base] Write finished! Write data 03 at Address 00
# [Scoreboard] Get packet from Monitor: Address: 00, Data: 00
# 
# ===== t=435510000 PASSED SUCCESSFULLY !!! Expected timing is 620000, Actual timing is 639999 =====
# 
# [Stimulus] Packet is sent to Driver
# [Driver] Data is sent to DUT
# [Monitor] Data is sent to Scoreboard
# [base] Write finished! Write data 02 at Address 03
# [Scoreboard] Get packet from Monitor: Address: 03, Data: 00
# [Stimulus] Packet is sent to Driver
# [Driver] Data is sent to DUT
# [Monitor] Data is sent to Scoreboard
# [Base] Write finished! Write Random Data b7 at Address 02
# [Scoreboard] Get packet from Monitor: Address: 02, Data: 00
# [Stimulus] Packet is sent to Driver
#   1
# [Driver] Data is sent to DUT
# [Monitor] Data is sent to Scoreboard
# [base] Write finished! Write data 06 at Address 00
# [Scoreboard] Get packet from Monitor: Address: 00, Data: 00
# [Stimulus] Packet is sent to Driver
#   0
# [Driver] Data is sent to DUT
# [Monitor] Data is sent to Scoreboard
# [base] Write finished! Write data 03 at Address 00
# [Scoreboard] Get packet from Monitor: Address: 00, Data: 00
# 
# ===== t=436730000 PASSED SUCCESSFULLY !!! Expected timing is 915000, Actual timing is 939999 =====
# 
# [Stimulus] Packet is sent to Driver
# [Driver] Data is sent to DUT
# [Monitor] Data is sent to Scoreboard
# [base] Write finished! Write data 02 at Address 03
# [Scoreboard] Get packet from Monitor: Address: 03, Data: 00
# [Stimulus] Packet is sent to Driver
# [Driver] Data is sent to DUT
# [Monitor] Data is sent to Scoreboard
# [Base] Write finished! Write Random Data 36 at Address 02
# [Scoreboard] Get packet from Monitor: Address: 02, Data: 00
# [Stimulus] Packet is sent to Driver
#   1
# [Driver] Data is sent to DUT
# [Monitor] Data is sent to Scoreboard
# [base] Write finished! Write data 06 at Address 00
# [Scoreboard] Get packet from Monitor: Address: 00, Data: 00
# [Stimulus] Packet is sent to Driver
#   0
# [Driver] Data is sent to DUT
# [Monitor] Data is sent to Scoreboard
# [base] Write finished! Write data 03 at Address 00
# [Scoreboard] Get packet from Monitor: Address: 00, Data: 00
# 
# ===== t=437290000 PASSED SUCCESSFULLY !!! Expected timing is 270000, Actual timing is 279999 =====
# 
# [Stimulus] Packet is sent to Driver
# [Driver] Data is sent to DUT
# [Monitor] Data is sent to Scoreboard
# [base] Write finished! Write data 02 at Address 03
# [Scoreboard] Get packet from Monitor: Address: 03, Data: 00
# [Stimulus] Packet is sent to Driver
# [Driver] Data is sent to DUT
# [Monitor] Data is sent to Scoreboard
# [Base] Write finished! Write Random Data b5 at Address 02
# [Scoreboard] Get packet from Monitor: Address: 02, Data: 00
# [Stimulus] Packet is sent to Driver
#   1
# [Driver] Data is sent to DUT
# [Monitor] Data is sent to Scoreboard
# [base] Write finished! Write data 06 at Address 00
# [Scoreboard] Get packet from Monitor: Address: 00, Data: 00
# [Stimulus] Packet is sent to Driver
#   0
# [Driver] Data is sent to DUT
# [Monitor] Data is sent to Scoreboard
# [base] Write finished! Write data 03 at Address 00
# [Scoreboard] Get packet from Monitor: Address: 00, Data: 00
# 
# ===== t=438490000 PASSED SUCCESSFULLY !!! Expected timing is 905000, Actual timing is 919999 =====
# 
# [Stimulus] Packet is sent to Driver
# [Driver] Data is sent to DUT
# [Monitor] Data is sent to Scoreboard
# [base] Write finished! Write data 02 at Address 03
# [Scoreboard] Get packet from Monitor: Address: 03, Data: 00
# [Stimulus] Packet is sent to Driver
# [Driver] Data is sent to DUT
# [Monitor] Data is sent to Scoreboard
# [Base] Write finished! Write Random Data 7b at Address 02
# [Scoreboard] Get packet from Monitor: Address: 02, Data: 00
# [Stimulus] Packet is sent to Driver
#   1
# [Driver] Data is sent to DUT
# [Monitor] Data is sent to Scoreboard
# [base] Write finished! Write data 06 at Address 00
# [Scoreboard] Get packet from Monitor: Address: 00, Data: 00
# [Stimulus] Packet is sent to Driver
#   0
# [Driver] Data is sent to DUT
# [Monitor] Data is sent to Scoreboard
# [base] Write finished! Write data 03 at Address 00
# [Scoreboard] Get packet from Monitor: Address: 00, Data: 00
# 
# ===== t=439410000 PASSED SUCCESSFULLY !!! Expected timing is 615000, Actual timing is 639999 =====
# 
# [Stimulus] Packet is sent to Driver
# [Driver] Data is sent to DUT
# [Monitor] Data is sent to Scoreboard
# [base] Write finished! Write data 02 at Address 03
# [Scoreboard] Get packet from Monitor: Address: 03, Data: 00
# [Stimulus] Packet is sent to Driver
# [Driver] Data is sent to DUT
# [Monitor] Data is sent to Scoreboard
# [Base] Write finished! Write Random Data 10 at Address 02
# [Scoreboard] Get packet from Monitor: Address: 02, Data: 00
# [Stimulus] Packet is sent to Driver
#   1
# [Driver] Data is sent to DUT
# [Monitor] Data is sent to Scoreboard
# [base] Write finished! Write data 06 at Address 00
# [Scoreboard] Get packet from Monitor: Address: 00, Data: 00
# [Stimulus] Packet is sent to Driver
#   0
# [Driver] Data is sent to DUT
# [Monitor] Data is sent to Scoreboard
# [base] Write finished! Write data 03 at Address 00
# [Scoreboard] Get packet from Monitor: Address: 00, Data: 00
# 
# ===== t=439790000 PASSED SUCCESSFULLY !!! Expected timing is 80000, Actual timing is 99999 =====
# 
# [Stimulus] Packet is sent to Driver
# [Driver] Data is sent to DUT
# [Monitor] Data is sent to Scoreboard
# [base] Write finished! Write data 02 at Address 03
# [Scoreboard] Get packet from Monitor: Address: 03, Data: 00
# [Stimulus] Packet is sent to Driver
# [Driver] Data is sent to DUT
# [Monitor] Data is sent to Scoreboard
# [Base] Write finished! Write Random Data fb at Address 02
# [Scoreboard] Get packet from Monitor: Address: 02, Data: 00
# [Stimulus] Packet is sent to Driver
#   1
# [Driver] Data is sent to DUT
# [Monitor] Data is sent to Scoreboard
# [base] Write finished! Write data 06 at Address 00
# [Scoreboard] Get packet from Monitor: Address: 00, Data: 00
# [Stimulus] Packet is sent to Driver
#   0
# [Driver] Data is sent to DUT
# [Monitor] Data is sent to Scoreboard
# [base] Write finished! Write data 03 at Address 00
# [Scoreboard] Get packet from Monitor: Address: 00, Data: 00
# 
# ===== t=441350000 PASSED SUCCESSFULLY !!! Expected timing is 1255000, Actual timing is 1279999 =====
# 
# [Stimulus] Packet is sent to Driver
# [Driver] Data is sent to DUT
# [Monitor] Data is sent to Scoreboard
# [base] Write finished! Write data 02 at Address 03
# [Scoreboard] Get packet from Monitor: Address: 03, Data: 00
# [Stimulus] Packet is sent to Driver
# [Driver] Data is sent to DUT
# [Monitor] Data is sent to Scoreboard
# [Base] Write finished! Write Random Data 8c at Address 02
# [Scoreboard] Get packet from Monitor: Address: 02, Data: 00
# [Stimulus] Packet is sent to Driver
#   1
# [Driver] Data is sent to DUT
# [Monitor] Data is sent to Scoreboard
# [base] Write finished! Write data 06 at Address 00
# [Scoreboard] Get packet from Monitor: Address: 00, Data: 00
# [Stimulus] Packet is sent to Driver
#   0
# [Driver] Data is sent to DUT
# [Monitor] Data is sent to Scoreboard
# [base] Write finished! Write data 03 at Address 00
# [Scoreboard] Get packet from Monitor: Address: 00, Data: 00
# 
# ===== t=442350000 PASSED SUCCESSFULLY !!! Expected timing is 700000, Actual timing is 719999 =====
# 
# [Stimulus] Packet is sent to Driver
# [Driver] Data is sent to DUT
# [Monitor] Data is sent to Scoreboard
# [base] Write finished! Write data 02 at Address 03
# [Scoreboard] Get packet from Monitor: Address: 03, Data: 00
# [Stimulus] Packet is sent to Driver
# [Driver] Data is sent to DUT
# [Monitor] Data is sent to Scoreboard
# [Base] Write finished! Write Random Data 41 at Address 02
# [Scoreboard] Get packet from Monitor: Address: 02, Data: 00
# [Stimulus] Packet is sent to Driver
#   1
# [Driver] Data is sent to DUT
# [Monitor] Data is sent to Scoreboard
# [base] Write finished! Write data 06 at Address 00
# [Scoreboard] Get packet from Monitor: Address: 00, Data: 00
# [Stimulus] Packet is sent to Driver
#   0
# [Driver] Data is sent to DUT
# [Monitor] Data is sent to Scoreboard
# [base] Write finished! Write data 03 at Address 00
# [Scoreboard] Get packet from Monitor: Address: 00, Data: 00
# 
# ===== t=442970000 PASSED SUCCESSFULLY !!! Expected timing is 325000, Actual timing is 339999 =====
# 
# [Stimulus] Packet is sent to Driver
# [Driver] Data is sent to DUT
# [Monitor] Data is sent to Scoreboard
# [base] Write finished! Write data 02 at Address 03
# [Scoreboard] Get packet from Monitor: Address: 03, Data: 00
# [Stimulus] Packet is sent to Driver
# [Driver] Data is sent to DUT
# [Monitor] Data is sent to Scoreboard
# [Base] Write finished! Write Random Data 47 at Address 02
# [Scoreboard] Get packet from Monitor: Address: 02, Data: 00
# [Stimulus] Packet is sent to Driver
#   1
# [Driver] Data is sent to DUT
# [Monitor] Data is sent to Scoreboard
# [base] Write finished! Write data 06 at Address 00
# [Scoreboard] Get packet from Monitor: Address: 00, Data: 00
# [Stimulus] Packet is sent to Driver
#   0
# [Driver] Data is sent to DUT
# [Monitor] Data is sent to Scoreboard
# [base] Write finished! Write data 03 at Address 00
# [Scoreboard] Get packet from Monitor: Address: 00, Data: 00
# 
# ===== t=443630000 PASSED SUCCESSFULLY !!! Expected timing is 355000, Actual timing is 379999 =====
# 
# [Stimulus] Packet is sent to Driver
# [Driver] Data is sent to DUT
# [Monitor] Data is sent to Scoreboard
# [base] Write finished! Write data 02 at Address 03
# [Scoreboard] Get packet from Monitor: Address: 03, Data: 00
# [Stimulus] Packet is sent to Driver
# [Driver] Data is sent to DUT
# [Monitor] Data is sent to Scoreboard
# [Base] Write finished! Write Random Data 64 at Address 02
# [Scoreboard] Get packet from Monitor: Address: 02, Data: 00
# [Stimulus] Packet is sent to Driver
#   1
# [Driver] Data is sent to DUT
# [Monitor] Data is sent to Scoreboard
# [base] Write finished! Write data 06 at Address 00
# [Scoreboard] Get packet from Monitor: Address: 00, Data: 00
# [Stimulus] Packet is sent to Driver
#   0
# [Driver] Data is sent to DUT
# [Monitor] Data is sent to Scoreboard
# [base] Write finished! Write data 03 at Address 00
# [Scoreboard] Get packet from Monitor: Address: 00, Data: 00
# 
# ===== t=444430000 PASSED SUCCESSFULLY !!! Expected timing is 500000, Actual timing is 519999 =====
# 
# [Stimulus] Packet is sent to Driver
# [Driver] Data is sent to DUT
# [Monitor] Data is sent to Scoreboard
# [base] Write finished! Write data 02 at Address 03
# [Scoreboard] Get packet from Monitor: Address: 03, Data: 00
# [Stimulus] Packet is sent to Driver
# [Driver] Data is sent to DUT
# [Monitor] Data is sent to Scoreboard
# [Base] Write finished! Write Random Data 3b at Address 02
# [Scoreboard] Get packet from Monitor: Address: 02, Data: 00
# [Stimulus] Packet is sent to Driver
#   1
# [Driver] Data is sent to DUT
# [Monitor] Data is sent to Scoreboard
# [base] Write finished! Write data 06 at Address 00
# [Scoreboard] Get packet from Monitor: Address: 00, Data: 00
# [Stimulus] Packet is sent to Driver
#   0
# [Driver] Data is sent to DUT
# [Monitor] Data is sent to Scoreboard
# [base] Write finished! Write data 03 at Address 00
# [Scoreboard] Get packet from Monitor: Address: 00, Data: 00
# 
# ===== t=445030000 PASSED SUCCESSFULLY !!! Expected timing is 295000, Actual timing is 319999 =====
# 
# [Stimulus] Packet is sent to Driver
# [Driver] Data is sent to DUT
# [Monitor] Data is sent to Scoreboard
# [base] Write finished! Write data 02 at Address 03
# [Scoreboard] Get packet from Monitor: Address: 03, Data: 00
# [Stimulus] Packet is sent to Driver
# [Driver] Data is sent to DUT
# [Monitor] Data is sent to Scoreboard
# [Base] Write finished! Write Random Data c8 at Address 02
# [Scoreboard] Get packet from Monitor: Address: 02, Data: 00
# [Stimulus] Packet is sent to Driver
#   1
# [Driver] Data is sent to DUT
# [Monitor] Data is sent to Scoreboard
# [base] Write finished! Write data 06 at Address 00
# [Scoreboard] Get packet from Monitor: Address: 00, Data: 00
# [Stimulus] Packet is sent to Driver
#   0
# [Driver] Data is sent to DUT
# [Monitor] Data is sent to Scoreboard
# [base] Write finished! Write data 03 at Address 00
# [Scoreboard] Get packet from Monitor: Address: 00, Data: 00
# 
# ===== t=446330000 PASSED SUCCESSFULLY !!! Expected timing is 1000000, Actual timing is 1019999 =====
# 
# [Stimulus] Packet is sent to Driver
# [Driver] Data is sent to DUT
# [Monitor] Data is sent to Scoreboard
# [base] Write finished! Write data 02 at Address 03
# [Scoreboard] Get packet from Monitor: Address: 03, Data: 00
# [Stimulus] Packet is sent to Driver
# [Driver] Data is sent to DUT
# [Monitor] Data is sent to Scoreboard
# [Base] Write finished! Write Random Data b1 at Address 02
# [Scoreboard] Get packet from Monitor: Address: 02, Data: 00
# [Stimulus] Packet is sent to Driver
#   1
# [Driver] Data is sent to DUT
# [Monitor] Data is sent to Scoreboard
# [base] Write finished! Write data 06 at Address 00
# [Scoreboard] Get packet from Monitor: Address: 00, Data: 00
# [Stimulus] Packet is sent to Driver
#   0
# [Driver] Data is sent to DUT
# [Monitor] Data is sent to Scoreboard
# [base] Write finished! Write data 03 at Address 00
# [Scoreboard] Get packet from Monitor: Address: 00, Data: 00
# 
# ===== t=447510000 PASSED SUCCESSFULLY !!! Expected timing is 885000, Actual timing is 899999 =====
# 
# [Stimulus] Packet is sent to Driver
# [Driver] Data is sent to DUT
# [Monitor] Data is sent to Scoreboard
# [base] Write finished! Write data 02 at Address 03
# [Scoreboard] Get packet from Monitor: Address: 03, Data: 00
# [Stimulus] Packet is sent to Driver
# [Driver] Data is sent to DUT
# [Monitor] Data is sent to Scoreboard
# [Base] Write finished! Write Random Data 76 at Address 02
# [Scoreboard] Get packet from Monitor: Address: 02, Data: 00
# [Stimulus] Packet is sent to Driver
#   1
# [Driver] Data is sent to DUT
# [Monitor] Data is sent to Scoreboard
# [base] Write finished! Write data 06 at Address 00
# [Scoreboard] Get packet from Monitor: Address: 00, Data: 00
# [Stimulus] Packet is sent to Driver
#   0
# [Driver] Data is sent to DUT
# [Monitor] Data is sent to Scoreboard
# [base] Write finished! Write data 03 at Address 00
# [Scoreboard] Get packet from Monitor: Address: 00, Data: 00
# 
# ===== t=448390000 PASSED SUCCESSFULLY !!! Expected timing is 590000, Actual timing is 599999 =====
# 
# [Stimulus] Packet is sent to Driver
# [Driver] Data is sent to DUT
# [Monitor] Data is sent to Scoreboard
# [base] Write finished! Write data 02 at Address 03
# [Scoreboard] Get packet from Monitor: Address: 03, Data: 00
# [Stimulus] Packet is sent to Driver
# [Driver] Data is sent to DUT
# [Monitor] Data is sent to Scoreboard
# [Base] Write finished! Write Random Data ed at Address 02
# [Scoreboard] Get packet from Monitor: Address: 02, Data: 00
# [Stimulus] Packet is sent to Driver
#   1
# [Driver] Data is sent to DUT
# [Monitor] Data is sent to Scoreboard
# [base] Write finished! Write data 06 at Address 00
# [Scoreboard] Get packet from Monitor: Address: 00, Data: 00
# [Stimulus] Packet is sent to Driver
#   0
# [Driver] Data is sent to DUT
# [Monitor] Data is sent to Scoreboard
# [base] Write finished! Write data 03 at Address 00
# [Scoreboard] Get packet from Monitor: Address: 00, Data: 00
# 
# ===== t=449870000 PASSED SUCCESSFULLY !!! Expected timing is 1185000, Actual timing is 1199999 =====
# 
# [Stimulus] Packet is sent to Driver
# [Driver] Data is sent to DUT
# [Monitor] Data is sent to Scoreboard
# [base] Write finished! Write data 02 at Address 03
# [Scoreboard] Get packet from Monitor: Address: 03, Data: 00
# [Stimulus] Packet is sent to Driver
# [Driver] Data is sent to DUT
# [Monitor] Data is sent to Scoreboard
# [Base] Write finished! Write Random Data d8 at Address 02
# [Scoreboard] Get packet from Monitor: Address: 02, Data: 00
# [Stimulus] Packet is sent to Driver
#   1
# [Driver] Data is sent to DUT
# [Monitor] Data is sent to Scoreboard
# [base] Write finished! Write data 06 at Address 00
# [Scoreboard] Get packet from Monitor: Address: 00, Data: 00
# [Stimulus] Packet is sent to Driver
#   0
# [Driver] Data is sent to DUT
# [Monitor] Data is sent to Scoreboard
# [base] Write finished! Write data 03 at Address 00
# [Scoreboard] Get packet from Monitor: Address: 00, Data: 00
# 
# ===== t=451250000 PASSED SUCCESSFULLY !!! Expected timing is 1080000, Actual timing is 1099999 =====
# 
# [Stimulus] Packet is sent to Driver
# [Driver] Data is sent to DUT
# [Monitor] Data is sent to Scoreboard
# [base] Write finished! Write data 02 at Address 03
# [Scoreboard] Get packet from Monitor: Address: 03, Data: 00
# [Stimulus] Packet is sent to Driver
# [Driver] Data is sent to DUT
# [Monitor] Data is sent to Scoreboard
# [Base] Write finished! Write Random Data f2 at Address 02
# [Scoreboard] Get packet from Monitor: Address: 02, Data: 00
# [Stimulus] Packet is sent to Driver
#   1
# [Driver] Data is sent to DUT
# [Monitor] Data is sent to Scoreboard
# [base] Write finished! Write data 06 at Address 00
# [Scoreboard] Get packet from Monitor: Address: 00, Data: 00
# [Stimulus] Packet is sent to Driver
#   0
# [Driver] Data is sent to DUT
# [Monitor] Data is sent to Scoreboard
# [base] Write finished! Write data 03 at Address 00
# [Scoreboard] Get packet from Monitor: Address: 00, Data: 00
# 
# ===== t=452750000 PASSED SUCCESSFULLY !!! Expected timing is 1210000, Actual timing is 1219999 =====
# 
# [Stimulus] Packet is sent to Driver
# [Driver] Data is sent to DUT
# [Monitor] Data is sent to Scoreboard
# [base] Write finished! Write data 02 at Address 03
# [Scoreboard] Get packet from Monitor: Address: 03, Data: 00
# [Stimulus] Packet is sent to Driver
# [Driver] Data is sent to DUT
# [Monitor] Data is sent to Scoreboard
# [Base] Write finished! Write Random Data 6f at Address 02
# [Scoreboard] Get packet from Monitor: Address: 02, Data: 00
# [Stimulus] Packet is sent to Driver
#   1
# [Driver] Data is sent to DUT
# [Monitor] Data is sent to Scoreboard
# [base] Write finished! Write data 06 at Address 00
# [Scoreboard] Get packet from Monitor: Address: 00, Data: 00
# [Stimulus] Packet is sent to Driver
#   0
# [Driver] Data is sent to DUT
# [Monitor] Data is sent to Scoreboard
# [base] Write finished! Write data 03 at Address 00
# [Scoreboard] Get packet from Monitor: Address: 00, Data: 00
# 
# ===== t=453610000 PASSED SUCCESSFULLY !!! Expected timing is 555000, Actual timing is 579999 =====
# 
# [Stimulus] Packet is sent to Driver
# [Driver] Data is sent to DUT
# [Monitor] Data is sent to Scoreboard
# [base] Write finished! Write data 02 at Address 03
# [Scoreboard] Get packet from Monitor: Address: 03, Data: 00
# [Stimulus] Packet is sent to Driver
# [Driver] Data is sent to DUT
# [Monitor] Data is sent to Scoreboard
# [Base] Write finished! Write Random Data d5 at Address 02
# [Scoreboard] Get packet from Monitor: Address: 02, Data: 00
# [Stimulus] Packet is sent to Driver
#   1
# [Driver] Data is sent to DUT
# [Monitor] Data is sent to Scoreboard
# [base] Write finished! Write data 06 at Address 00
# [Scoreboard] Get packet from Monitor: Address: 00, Data: 00
# [Stimulus] Packet is sent to Driver
#   0
# [Driver] Data is sent to DUT
# [Monitor] Data is sent to Scoreboard
# [base] Write finished! Write data 03 at Address 00
# [Scoreboard] Get packet from Monitor: Address: 00, Data: 00
# 
# ===== t=454970000 PASSED SUCCESSFULLY !!! Expected timing is 1065000, Actual timing is 1079999 =====
# 
# [Stimulus] Packet is sent to Driver
# [Driver] Data is sent to DUT
# [Monitor] Data is sent to Scoreboard
# [base] Write finished! Write data 02 at Address 03
# [Scoreboard] Get packet from Monitor: Address: 03, Data: 00
# [Stimulus] Packet is sent to Driver
# [Driver] Data is sent to DUT
# [Monitor] Data is sent to Scoreboard
# [Base] Write finished! Write Random Data 43 at Address 02
# [Scoreboard] Get packet from Monitor: Address: 02, Data: 00
# [Stimulus] Packet is sent to Driver
#   1
# [Driver] Data is sent to DUT
# [Monitor] Data is sent to Scoreboard
# [base] Write finished! Write data 06 at Address 00
# [Scoreboard] Get packet from Monitor: Address: 00, Data: 00
# [Stimulus] Packet is sent to Driver
#   0
# [Driver] Data is sent to DUT
# [Monitor] Data is sent to Scoreboard
# [base] Write finished! Write data 03 at Address 00
# [Scoreboard] Get packet from Monitor: Address: 00, Data: 00
# 
# ===== t=455610000 PASSED SUCCESSFULLY !!! Expected timing is 335000, Actual timing is 359999 =====
# 
# [Stimulus] Packet is sent to Driver
# [Driver] Data is sent to DUT
# [Monitor] Data is sent to Scoreboard
# [base] Write finished! Write data 02 at Address 03
# [Scoreboard] Get packet from Monitor: Address: 03, Data: 00
# [Stimulus] Packet is sent to Driver
# [Driver] Data is sent to DUT
# [Monitor] Data is sent to Scoreboard
# [Base] Write finished! Write Random Data d4 at Address 02
# [Scoreboard] Get packet from Monitor: Address: 02, Data: 00
# [Stimulus] Packet is sent to Driver
#   1
# [Driver] Data is sent to DUT
# [Monitor] Data is sent to Scoreboard
# [base] Write finished! Write data 06 at Address 00
# [Scoreboard] Get packet from Monitor: Address: 00, Data: 00
# [Stimulus] Packet is sent to Driver
#   0
# [Driver] Data is sent to DUT
# [Monitor] Data is sent to Scoreboard
# [base] Write finished! Write data 03 at Address 00
# [Scoreboard] Get packet from Monitor: Address: 00, Data: 00
# 
# ===== t=456970000 PASSED SUCCESSFULLY !!! Expected timing is 1060000, Actual timing is 1079999 =====
# 
# [Stimulus] Packet is sent to Driver
# [Driver] Data is sent to DUT
# [Monitor] Data is sent to Scoreboard
# [base] Write finished! Write data 02 at Address 03
# [Scoreboard] Get packet from Monitor: Address: 03, Data: 00
# [Stimulus] Packet is sent to Driver
# [Driver] Data is sent to DUT
# [Monitor] Data is sent to Scoreboard
# [Base] Write finished! Write Random Data f1 at Address 02
# [Scoreboard] Get packet from Monitor: Address: 02, Data: 00
# [Stimulus] Packet is sent to Driver
#   1
# [Driver] Data is sent to DUT
# [Monitor] Data is sent to Scoreboard
# [base] Write finished! Write data 06 at Address 00
# [Scoreboard] Get packet from Monitor: Address: 00, Data: 00
# [Stimulus] Packet is sent to Driver
#   0
# [Driver] Data is sent to DUT
# [Monitor] Data is sent to Scoreboard
# [base] Write finished! Write data 03 at Address 00
# [Scoreboard] Get packet from Monitor: Address: 00, Data: 00
# 
# ===== t=458470000 PASSED SUCCESSFULLY !!! Expected timing is 1205000, Actual timing is 1219999 =====
# 
# [Stimulus] Packet is sent to Driver
# [Driver] Data is sent to DUT
# [Monitor] Data is sent to Scoreboard
# [base] Write finished! Write data 02 at Address 03
# [Scoreboard] Get packet from Monitor: Address: 03, Data: 00
# [Stimulus] Packet is sent to Driver
# [Driver] Data is sent to DUT
# [Monitor] Data is sent to Scoreboard
# [Base] Write finished! Write Random Data d4 at Address 02
# [Scoreboard] Get packet from Monitor: Address: 02, Data: 00
# [Stimulus] Packet is sent to Driver
#   1
# [Driver] Data is sent to DUT
# [Monitor] Data is sent to Scoreboard
# [base] Write finished! Write data 06 at Address 00
# [Scoreboard] Get packet from Monitor: Address: 00, Data: 00
# [Stimulus] Packet is sent to Driver
#   0
# [Driver] Data is sent to DUT
# [Monitor] Data is sent to Scoreboard
# [base] Write finished! Write data 03 at Address 00
# [Scoreboard] Get packet from Monitor: Address: 00, Data: 00
# 
# ===== t=459830000 PASSED SUCCESSFULLY !!! Expected timing is 1060000, Actual timing is 1079999 =====
# 
# [Stimulus] Packet is sent to Driver
# [Driver] Data is sent to DUT
# [Monitor] Data is sent to Scoreboard
# [base] Write finished! Write data 02 at Address 03
# [Scoreboard] Get packet from Monitor: Address: 03, Data: 00
# [Stimulus] Packet is sent to Driver
# [Driver] Data is sent to DUT
# [Monitor] Data is sent to Scoreboard
# [Base] Write finished! Write Random Data 6d at Address 02
# [Scoreboard] Get packet from Monitor: Address: 02, Data: 00
# [Stimulus] Packet is sent to Driver
#   1
# [Driver] Data is sent to DUT
# [Monitor] Data is sent to Scoreboard
# [base] Write finished! Write data 06 at Address 00
# [Scoreboard] Get packet from Monitor: Address: 00, Data: 00
# [Stimulus] Packet is sent to Driver
#   0
# [Driver] Data is sent to DUT
# [Monitor] Data is sent to Scoreboard
# [base] Write finished! Write data 03 at Address 00
# [Scoreboard] Get packet from Monitor: Address: 00, Data: 00
# 
# ===== t=460670000 PASSED SUCCESSFULLY !!! Expected timing is 545000, Actual timing is 559999 =====
# 
# [Stimulus] Packet is sent to Driver
# [Driver] Data is sent to DUT
# [Monitor] Data is sent to Scoreboard
# [base] Write finished! Write data 02 at Address 03
# [Scoreboard] Get packet from Monitor: Address: 03, Data: 00
# [Stimulus] Packet is sent to Driver
# [Driver] Data is sent to DUT
# [Monitor] Data is sent to Scoreboard
# [Base] Write finished! Write Random Data 46 at Address 02
# [Scoreboard] Get packet from Monitor: Address: 02, Data: 00
# [Stimulus] Packet is sent to Driver
#   1
# [Driver] Data is sent to DUT
# [Monitor] Data is sent to Scoreboard
# [base] Write finished! Write data 06 at Address 00
# [Scoreboard] Get packet from Monitor: Address: 00, Data: 00
# [Stimulus] Packet is sent to Driver
#   0
# [Driver] Data is sent to DUT
# [Monitor] Data is sent to Scoreboard
# [base] Write finished! Write data 03 at Address 00
# [Scoreboard] Get packet from Monitor: Address: 00, Data: 00
# 
# ===== t=461310000 PASSED SUCCESSFULLY !!! Expected timing is 350000, Actual timing is 359999 =====
# 
# [Stimulus] Packet is sent to Driver
# [Driver] Data is sent to DUT
# [Monitor] Data is sent to Scoreboard
# [base] Write finished! Write data 02 at Address 03
# [Scoreboard] Get packet from Monitor: Address: 03, Data: 00
# [Stimulus] Packet is sent to Driver
# [Driver] Data is sent to DUT
# [Monitor] Data is sent to Scoreboard
# [Base] Write finished! Write Random Data 8e at Address 02
# [Scoreboard] Get packet from Monitor: Address: 02, Data: 00
# [Stimulus] Packet is sent to Driver
#   1
# [Driver] Data is sent to DUT
# [Monitor] Data is sent to Scoreboard
# [base] Write finished! Write data 06 at Address 00
# [Scoreboard] Get packet from Monitor: Address: 00, Data: 00
# [Stimulus] Packet is sent to Driver
#   0
# [Driver] Data is sent to DUT
# [Monitor] Data is sent to Scoreboard
# [base] Write finished! Write data 03 at Address 00
# [Scoreboard] Get packet from Monitor: Address: 00, Data: 00
# 
# ===== t=462310000 PASSED SUCCESSFULLY !!! Expected timing is 710000, Actual timing is 719999 =====
# 
# [Stimulus] Packet is sent to Driver
# [Driver] Data is sent to DUT
# [Monitor] Data is sent to Scoreboard
# [base] Write finished! Write data 02 at Address 03
# [Scoreboard] Get packet from Monitor: Address: 03, Data: 00
# [Stimulus] Packet is sent to Driver
# [Driver] Data is sent to DUT
# [Monitor] Data is sent to Scoreboard
# [Base] Write finished! Write Random Data 48 at Address 02
# [Scoreboard] Get packet from Monitor: Address: 02, Data: 00
# [Stimulus] Packet is sent to Driver
#   1
# [Driver] Data is sent to DUT
# [Monitor] Data is sent to Scoreboard
# [base] Write finished! Write data 06 at Address 00
# [Scoreboard] Get packet from Monitor: Address: 00, Data: 00
# [Stimulus] Packet is sent to Driver
#   0
# [Driver] Data is sent to DUT
# [Monitor] Data is sent to Scoreboard
# [base] Write finished! Write data 03 at Address 00
# [Scoreboard] Get packet from Monitor: Address: 00, Data: 00
# 
# ===== t=462970000 PASSED SUCCESSFULLY !!! Expected timing is 360000, Actual timing is 379999 =====
# 
# [Stimulus] Packet is sent to Driver
# [Driver] Data is sent to DUT
# [Monitor] Data is sent to Scoreboard
# [base] Write finished! Write data 02 at Address 03
# [Scoreboard] Get packet from Monitor: Address: 03, Data: 00
# [Stimulus] Packet is sent to Driver
# [Driver] Data is sent to DUT
# [Monitor] Data is sent to Scoreboard
# [Base] Write finished! Write Random Data de at Address 02
# [Scoreboard] Get packet from Monitor: Address: 02, Data: 00
# [Stimulus] Packet is sent to Driver
#   1
# [Driver] Data is sent to DUT
# [Monitor] Data is sent to Scoreboard
# [base] Write finished! Write data 06 at Address 00
# [Scoreboard] Get packet from Monitor: Address: 00, Data: 00
# [Stimulus] Packet is sent to Driver
#   0
# [Driver] Data is sent to DUT
# [Monitor] Data is sent to Scoreboard
# [base] Write finished! Write data 03 at Address 00
# [Scoreboard] Get packet from Monitor: Address: 00, Data: 00
# 
# ===== t=464370000 PASSED SUCCESSFULLY !!! Expected timing is 1110000, Actual timing is 1119999 =====
# 
# [Stimulus] Packet is sent to Driver
# [Driver] Data is sent to DUT
# [Monitor] Data is sent to Scoreboard
# [base] Write finished! Write data 02 at Address 03
# [Scoreboard] Get packet from Monitor: Address: 03, Data: 00
# [Stimulus] Packet is sent to Driver
# [Driver] Data is sent to DUT
# [Monitor] Data is sent to Scoreboard
# [Base] Write finished! Write Random Data 97 at Address 02
# [Scoreboard] Get packet from Monitor: Address: 02, Data: 00
# [Stimulus] Packet is sent to Driver
#   1
# [Driver] Data is sent to DUT
# [Monitor] Data is sent to Scoreboard
# [base] Write finished! Write data 06 at Address 00
# [Scoreboard] Get packet from Monitor: Address: 00, Data: 00
# [Stimulus] Packet is sent to Driver
#   0
# [Driver] Data is sent to DUT
# [Monitor] Data is sent to Scoreboard
# [base] Write finished! Write data 03 at Address 00
# [Scoreboard] Get packet from Monitor: Address: 00, Data: 00
# 
# ===== t=465430000 PASSED SUCCESSFULLY !!! Expected timing is 755000, Actual timing is 779999 =====
# 
# [Stimulus] Packet is sent to Driver
# [Driver] Data is sent to DUT
# [Monitor] Data is sent to Scoreboard
# [base] Write finished! Write data 02 at Address 03
# [Scoreboard] Get packet from Monitor: Address: 03, Data: 00
# [Stimulus] Packet is sent to Driver
# [Driver] Data is sent to DUT
# [Monitor] Data is sent to Scoreboard
# [Base] Write finished! Write Random Data 84 at Address 02
# [Scoreboard] Get packet from Monitor: Address: 02, Data: 00
# [Stimulus] Packet is sent to Driver
#   1
# [Driver] Data is sent to DUT
# [Monitor] Data is sent to Scoreboard
# [base] Write finished! Write data 06 at Address 00
# [Scoreboard] Get packet from Monitor: Address: 00, Data: 00
# [Stimulus] Packet is sent to Driver
#   0
# [Driver] Data is sent to DUT
# [Monitor] Data is sent to Scoreboard
# [base] Write finished! Write data 03 at Address 00
# [Scoreboard] Get packet from Monitor: Address: 00, Data: 00
# 
# ===== t=466390000 PASSED SUCCESSFULLY !!! Expected timing is 660000, Actual timing is 679999 =====
# 
# [Stimulus] Packet is sent to Driver
# [Driver] Data is sent to DUT
# [Monitor] Data is sent to Scoreboard
# [base] Write finished! Write data 02 at Address 03
# [Scoreboard] Get packet from Monitor: Address: 03, Data: 00
# [Stimulus] Packet is sent to Driver
# [Driver] Data is sent to DUT
# [Monitor] Data is sent to Scoreboard
# [Base] Write finished! Write Random Data 45 at Address 02
# [Scoreboard] Get packet from Monitor: Address: 02, Data: 00
# [Stimulus] Packet is sent to Driver
#   1
# [Driver] Data is sent to DUT
# [Monitor] Data is sent to Scoreboard
# [base] Write finished! Write data 06 at Address 00
# [Scoreboard] Get packet from Monitor: Address: 00, Data: 00
# [Stimulus] Packet is sent to Driver
#   0
# [Driver] Data is sent to DUT
# [Monitor] Data is sent to Scoreboard
# [base] Write finished! Write data 03 at Address 00
# [Scoreboard] Get packet from Monitor: Address: 00, Data: 00
# 
# ===== t=467030000 PASSED SUCCESSFULLY !!! Expected timing is 345000, Actual timing is 359999 =====
# 
# [Stimulus] Packet is sent to Driver
# [Driver] Data is sent to DUT
# [Monitor] Data is sent to Scoreboard
# [base] Write finished! Write data 02 at Address 03
# [Scoreboard] Get packet from Monitor: Address: 03, Data: 00
# [Stimulus] Packet is sent to Driver
# [Driver] Data is sent to DUT
# [Monitor] Data is sent to Scoreboard
# [Base] Write finished! Write Random Data 2e at Address 02
# [Scoreboard] Get packet from Monitor: Address: 02, Data: 00
# [Stimulus] Packet is sent to Driver
#   1
# [Driver] Data is sent to DUT
# [Monitor] Data is sent to Scoreboard
# [base] Write finished! Write data 06 at Address 00
# [Scoreboard] Get packet from Monitor: Address: 00, Data: 00
# [Stimulus] Packet is sent to Driver
#   0
# [Driver] Data is sent to DUT
# [Monitor] Data is sent to Scoreboard
# [base] Write finished! Write data 03 at Address 00
# [Scoreboard] Get packet from Monitor: Address: 00, Data: 00
# 
# ===== t=467550000 PASSED SUCCESSFULLY !!! Expected timing is 230000, Actual timing is 239999 =====
# 
# [Stimulus] Packet is sent to Driver
# [Driver] Data is sent to DUT
# [Monitor] Data is sent to Scoreboard
# [base] Write finished! Write data 02 at Address 03
# [Scoreboard] Get packet from Monitor: Address: 03, Data: 00
# [Stimulus] Packet is sent to Driver
# [Driver] Data is sent to DUT
# [Monitor] Data is sent to Scoreboard
# [Base] Write finished! Write Random Data c6 at Address 02
# [Scoreboard] Get packet from Monitor: Address: 02, Data: 00
# [Stimulus] Packet is sent to Driver
#   1
# [Driver] Data is sent to DUT
# [Monitor] Data is sent to Scoreboard
# [base] Write finished! Write data 06 at Address 00
# [Scoreboard] Get packet from Monitor: Address: 00, Data: 00
# [Stimulus] Packet is sent to Driver
#   0
# [Driver] Data is sent to DUT
# [Monitor] Data is sent to Scoreboard
# [base] Write finished! Write data 03 at Address 00
# [Scoreboard] Get packet from Monitor: Address: 00, Data: 00
# 
# ===== t=468830000 PASSED SUCCESSFULLY !!! Expected timing is 990000, Actual timing is 999999 =====
# 
# [Stimulus] Packet is sent to Driver
# [Driver] Data is sent to DUT
# [Monitor] Data is sent to Scoreboard
# [base] Write finished! Write data 02 at Address 03
# [Scoreboard] Get packet from Monitor: Address: 03, Data: 00
# [Stimulus] Packet is sent to Driver
# [Driver] Data is sent to DUT
# [Monitor] Data is sent to Scoreboard
# [Base] Write finished! Write Random Data 46 at Address 02
# [Scoreboard] Get packet from Monitor: Address: 02, Data: 00
# [Stimulus] Packet is sent to Driver
#   1
# [Driver] Data is sent to DUT
# [Monitor] Data is sent to Scoreboard
# [base] Write finished! Write data 06 at Address 00
# [Scoreboard] Get packet from Monitor: Address: 00, Data: 00
# [Stimulus] Packet is sent to Driver
#   0
# [Driver] Data is sent to DUT
# [Monitor] Data is sent to Scoreboard
# [base] Write finished! Write data 03 at Address 00
# [Scoreboard] Get packet from Monitor: Address: 00, Data: 00
# 
# ===== t=469470000 PASSED SUCCESSFULLY !!! Expected timing is 350000, Actual timing is 359999 =====
# 
# [Stimulus] Packet is sent to Driver
# [Driver] Data is sent to DUT
# [Monitor] Data is sent to Scoreboard
# [base] Write finished! Write data 02 at Address 03
# [Scoreboard] Get packet from Monitor: Address: 03, Data: 00
# [Stimulus] Packet is sent to Driver
# [Driver] Data is sent to DUT
# [Monitor] Data is sent to Scoreboard
# [Base] Write finished! Write Random Data ae at Address 02
# [Scoreboard] Get packet from Monitor: Address: 02, Data: 00
# [Stimulus] Packet is sent to Driver
#   1
# [Driver] Data is sent to DUT
# [Monitor] Data is sent to Scoreboard
# [base] Write finished! Write data 06 at Address 00
# [Scoreboard] Get packet from Monitor: Address: 00, Data: 00
# [Stimulus] Packet is sent to Driver
#   0
# [Driver] Data is sent to DUT
# [Monitor] Data is sent to Scoreboard
# [base] Write finished! Write data 03 at Address 00
# [Scoreboard] Get packet from Monitor: Address: 00, Data: 00
# 
# ===== t=470630000 PASSED SUCCESSFULLY !!! Expected timing is 870000, Actual timing is 879999 =====
# 
# [Stimulus] Packet is sent to Driver
# [Driver] Data is sent to DUT
# [Monitor] Data is sent to Scoreboard
# [base] Write finished! Write data 02 at Address 03
# [Scoreboard] Get packet from Monitor: Address: 03, Data: 00
# [Stimulus] Packet is sent to Driver
# [Driver] Data is sent to DUT
# [Monitor] Data is sent to Scoreboard
# [Base] Write finished! Write Random Data 40 at Address 02
# [Scoreboard] Get packet from Monitor: Address: 02, Data: 00
# [Stimulus] Packet is sent to Driver
#   1
# [Driver] Data is sent to DUT
# [Monitor] Data is sent to Scoreboard
# [base] Write finished! Write data 06 at Address 00
# [Scoreboard] Get packet from Monitor: Address: 00, Data: 00
# [Stimulus] Packet is sent to Driver
#   0
# [Driver] Data is sent to DUT
# [Monitor] Data is sent to Scoreboard
# [base] Write finished! Write data 03 at Address 00
# [Scoreboard] Get packet from Monitor: Address: 00, Data: 00
# 
# ===== t=471250000 PASSED SUCCESSFULLY !!! Expected timing is 320000, Actual timing is 339999 =====
# 
# [Stimulus] Packet is sent to Driver
# [Driver] Data is sent to DUT
# [Monitor] Data is sent to Scoreboard
# [base] Write finished! Write data 02 at Address 03
# [Scoreboard] Get packet from Monitor: Address: 03, Data: 00
# [Stimulus] Packet is sent to Driver
# [Driver] Data is sent to DUT
# [Monitor] Data is sent to Scoreboard
# [Base] Write finished! Write Random Data c7 at Address 02
# [Scoreboard] Get packet from Monitor: Address: 02, Data: 00
# [Stimulus] Packet is sent to Driver
#   1
# [Driver] Data is sent to DUT
# [Monitor] Data is sent to Scoreboard
# [base] Write finished! Write data 06 at Address 00
# [Scoreboard] Get packet from Monitor: Address: 00, Data: 00
# [Stimulus] Packet is sent to Driver
#   0
# [Driver] Data is sent to DUT
# [Monitor] Data is sent to Scoreboard
# [base] Write finished! Write data 03 at Address 00
# [Scoreboard] Get packet from Monitor: Address: 00, Data: 00
# 
# ===== t=472550000 PASSED SUCCESSFULLY !!! Expected timing is 995000, Actual timing is 1019999 =====
# 
# [Base] End simulation
# ** Note: $finish    : ../testcase/base_test.sv(209)
#    Time: 473550 ns  Iteration: 0  Instance: /testbench
# Saving coverage database on exit...
# End time: 19:08:06 on May 14,2026, Elapsed time: 0:00:03
# Errors: 0, Warnings: 0
